template_id,source,variety,series_name,matched_name,verify_status,old_bl_hits,new_bl_hits,old_risk_label,new_risk_label,change_type,change_desc,is_cross_variety_p0
TPL-AO-001,PDF,AO,三网均价-内蒙古,氧化铝：长单均价：内蒙古（月）,VALID,NONE,NONE,CLEAN,CLEAN,UNCHANGED,No blacklist hit (old or new),NO
TPL-AO-002,PDF,AO,东澳氧化铝FOB,,VALID,NONE,NONE,BLOCKED,BLOCKED,UNCHANGED,No blacklist hit (old or new),NO
TPL-AO-003,PDF,AO,印尼氧化铝FOB,,VALID,NONE,NONE,BLOCKED,BLOCKED,UNCHANGED,No blacklist hit (old or new),NO
TPL-AO-004,PDF,AO,氧化铝现货vs长协价格,,VALID,NONE,NONE,BLOCKED,BLOCKED,UNCHANGED,No blacklist hit (old or new),NO
TPL-AO-005,PDF,AO,澳洲氧化铝FOB,,VALID,NONE,NONE,BLOCKED,BLOCKED,UNCHANGED,No blacklist hit (old or new),NO
TPL-AO-006,PDF,AO,铝土矿产量-山西-SMM,,VALID,NONE,NONE,BLOCKED,BLOCKED,UNCHANGED,No blacklist hit (old or new),NO
TPL-AO-007,PDF,AO,铝土矿产量-河南-SMM,,VALID,NONE,NONE,BLOCKED,BLOCKED,UNCHANGED,No blacklist hit (old or new),NO
TPL-AO-008,PDF,AO,铝土矿产量-贵州-SMM,重检索填充: indicators_v1 模糊匹配 (al_3_1_2_output_3),FILLED,NONE,NONE,BLOCKED,BLOCKED,UNCHANGED,No blacklist hit (old or new),NO
TPL-AO-009,PDF,AO,铝土矿库存-河南-SMM,,VALID,NONE,NONE,BLOCKED,BLOCKED,UNCHANGED,No blacklist hit (old or new),NO
TPL-AO-010,PDF,AO,国产铝土矿-华北-低品(山西),"重检索填充: search (score=0.55, name=铝土矿：国产：消费量：河北（月）)",FILLED,NONE,NONE,INFO,INFO,UNCHANGED,No blacklist hit (old or new),NO
TPL-AO-011,PDF,AO,国产铝土矿-华北-低品(河南),"重检索填充: search (score=0.55, name=铝土矿：国产：消费量：河北（月）)",FILLED,NONE,NONE,INFO,INFO,UNCHANGED,No blacklist hit (old or new),NO
TPL-AO-012,PDF,AO,国产铝土矿-华北-高品(山西),"重检索填充: search (score=0.55, name=铝土矿：国产：消费量：河北（月）)",FILLED,NONE,NONE,INFO,INFO,UNCHANGED,No blacklist hit (old or new),NO
TPL-AO-013,PDF,AO,国产铝土矿-华北-高品(河南),"重检索填充: search (score=0.55, name=铝土矿：国产：消费量：河北（月）)",FILLED,NONE,NONE,INFO,INFO,UNCHANGED,No blacklist hit (old or new),NO
TPL-AO-014,PDF,AO,国产铝土矿-华南-低品(广西),,VALID,NONE,NONE,BLOCKED,BLOCKED,UNCHANGED,No blacklist hit (old or new),NO
TPL-AO-015,PDF,AO,国产铝土矿-华南-低品(贵州),,VALID,NONE,NONE,BLOCKED,BLOCKED,UNCHANGED,No blacklist hit (old or new),NO
TPL-AO-016,PDF,AO,国产铝土矿-华南-高品(广西),"重检索填充: search (score=0.55, name=铝土矿：国产：消费量：河南（月）)",FILLED,NONE,NONE,INFO,INFO,UNCHANGED,No blacklist hit (old or new),NO
TPL-AO-017,PDF,AO,国产铝土矿-华南-高品(贵州),"重检索填充: search (score=0.55, name=铝土矿：国产：消费量：河南（月）)",FILLED,NONE,NONE,INFO,INFO,UNCHANGED,No blacklist hit (old or new),NO
TPL-AO-018,PDF,AO,氧化铝利润,,VALID,NONE,NONE,BLOCKED,BLOCKED,UNCHANGED,No blacklist hit (old or new),NO
TPL-AO-019,PDF,AO,氧化铝(河南)完全成本,,VALID,NONE,NONE,BLOCKED,BLOCKED,UNCHANGED,No blacklist hit (old or new),NO
TPL-AO-020,PDF,AO,氧化铝库存-阿拉丁-堆场站台,"重检索填充: search (score=0.57, name=SMM:中国氧化铝在途&站台堆积:库存量:周度)",FILLED,NONE,NONE,BLOCKED,BLOCKED,UNCHANGED,No blacklist hit (old or new),NO
TPL-AO-021,PDF,AO,氧化铝库存-阿拉丁-总计,"重检索填充: search (score=0.67, name=SMM: 氧化铝厂铝土矿库存: 总计: 月度)",FILLED,NONE,NONE,BLOCKED,BLOCKED,UNCHANGED,No blacklist hit (old or new),NO
TPL-AO-022,PDF,AO,氧化铝库存-阿拉丁-氧化铝厂,氧化铝：厂内库存：中国：电解铝厂（周）,VALID,NONE,NONE,INFO,INFO,UNCHANGED,No blacklist hit (old or new),NO
TPL-AO-023,PDF,AO,氧化铝库存-阿拉丁-电解铝厂,,VALID,NONE,NONE,BLOCKED,BLOCKED,UNCHANGED,No blacklist hit (old or new),NO
TPL-AO-024,PDF,AO,氧化铝厂内库存(除新疆)-钢联,氧化铝：厂内库存：中国（除新疆）（周）,VALID,NONE,NONE,INFO,INFO,UNCHANGED,No blacklist hit (old or new),NO
TPL-AO-025,PDF,AO,氧化铝库存-钢联,,VALID,NONE,NONE,BLOCKED,BLOCKED,UNCHANGED,No blacklist hit (old or new),NO
TPL-AO-026,PDF,AO,氧化铝库存-阿拉丁-堆场站台,"重检索填充: search (score=0.57, name=SMM:中国氧化铝在途&站台堆积:库存量:周度)",FILLED,NONE,NONE,BLOCKED,BLOCKED,UNCHANGED,No blacklist hit (old or new),NO
TPL-AO-027,PDF,AO,氧化铝库存-阿拉丁-总计,"重检索填充: search (score=0.67, name=SMM: 氧化铝厂铝土矿库存: 总计: 月度)",FILLED,NONE,NONE,BLOCKED,BLOCKED,UNCHANGED,No blacklist hit (old or new),NO
TPL-AO-028,PDF,AO,氧化铝库存-阿拉丁-电解铝厂,,VALID,NONE,NONE,BLOCKED,BLOCKED,UNCHANGED,No blacklist hit (old or new),NO
TPL-AO-029,PDF,AO,期货库存:氧化铝,"重检索填充: search (score=1.00, name=SHFE: 氧化铝: 库存周报: 库存增减期货: 周度)",FILLED,NONE,NONE,BLOCKED,BLOCKED,UNCHANGED,No blacklist hit (old or new),NO
TPL-AO-030,PDF,AO,期货库存:氧化铝-新疆,"重检索填充: search (score=1.00, name=SHFE: 氧化铝: 库存周报分地区_新疆: 库存增减期货: 周度)",FILLED,NONE,NONE,BLOCKED,BLOCKED,UNCHANGED,No blacklist hit (old or new),NO
TPL-AO-031,PDF,AO,期货库存:氧化铝-广西,"重检索填充: search (score=1.00, name=SHFE: 氧化铝: 库存周报分地区_广西: 库存增减期货: 周度)",FILLED,NONE,NONE,BLOCKED,BLOCKED,UNCHANGED,No blacklist hit (old or new),NO
TPL-AO-032,PDF,AO,氧化铝建成产能,氧化铝：建成产能：中国（月）,VALID,NONE,NONE,CLEAN,CLEAN,UNCHANGED,No blacklist hit (old or new),NO
TPL-AO-033,PDF,AO,氧化铝运行产能-阿拉丁,,VALID,NONE,NONE,BLOCKED,BLOCKED,UNCHANGED,No blacklist hit (old or new),NO
TPL-AO-034,PDF,AO,SMM中国氧化铝月度产量-山东,,VALID,NONE,NONE,BLOCKED,BLOCKED,UNCHANGED,No blacklist hit (old or new),NO
TPL-AO-035,PDF,AO,SMM中国氧化铝月度产量-总量,,VALID,NONE,NONE,BLOCKED,BLOCKED,UNCHANGED,No blacklist hit (old or new),NO
TPL-AO-036,PDF,AO,SMM中国氧化铝月度产量-河南,氧化铝：产量：河南（月）,VALID,NONE,NONE,INFO,INFO,UNCHANGED,No blacklist hit (old or new),NO
TPL-AO-037,PDF,AO,氧化铝出口,,VALID,NONE,NONE,BLOCKED,BLOCKED,UNCHANGED,No blacklist hit (old or new),NO
TPL-AO-038,PDF,AO,氧化铝净出口,,VALID,NONE,NONE,BLOCKED,BLOCKED,UNCHANGED,No blacklist hit (old or new),NO
TPL-AO-038,PDF,AO,氧化铝净出口减少30,,VALID,NONE,NONE,BLOCKED,BLOCKED,UNCHANGED,No blacklist hit (old or new),NO
TPL-AO-039,PDF,AO,氧化铝进口,,VALID,NONE,NONE,BLOCKED,BLOCKED,UNCHANGED,No blacklist hit (old or new),NO
TPL-AO-040,PDF,AO,氧化铝与刚玉净出口,"重检索填充: search (score=0.78, name=氧化铝，除人造刚玉：出口数量：贵州（月）)",FILLED,NONE,NONE,BLOCKED,BLOCKED,UNCHANGED,No blacklist hit (old or new),NO
TPL-AO-041,PDF,AO,铝土矿库存：总计-SMM,"重检索填充: search (score=0.88, name=SMM: 氧化铝厂铝土矿库存: 总计: 月度)",FILLED,NONE,NONE,BLOCKED,BLOCKED,UNCHANGED,No blacklist hit (old or new),NO
TPL-AO-042,PDF,AO,海漂库存-全球主要国家-钢联,API错误: HTTP 500,INVALID,NONE,NONE,BLOCKED,BLOCKED,UNCHANGED,No blacklist hit (old or new),NO
TPL-AO-043,PDF,AO,铝土矿到港量-曹妃甸港,,VALID,NONE,NONE,BLOCKED,BLOCKED,UNCHANGED,No blacklist hit (old or new),NO
TPL-AO-044,PDF,AO,铝土矿到港量-港口汇总-百川,,VALID,NONE,NONE,BLOCKED,BLOCKED,UNCHANGED,No blacklist hit (old or new),NO
TPL-AO-045,PDF,AO,铝土矿到港量-烟台港,,VALID,NONE,NONE,BLOCKED,BLOCKED,UNCHANGED,No blacklist hit (old or new),NO
TPL-AO-046,PDF,AO,铝土矿到港量-青岛港,,VALID,NONE,NONE,BLOCKED,BLOCKED,UNCHANGED,No blacklist hit (old or new),NO
TPL-AO-047,PDF,AO,铝土矿产量-全国总计-SMM,重检索填充: indicators_v1 模糊匹配 (al_3_1_2_output_3),FILLED,NONE,NONE,BLOCKED,BLOCKED,UNCHANGED,No blacklist hit (old or new),NO
TPL-AO-048,PDF,AO,铝土矿产量-山西-SMM,,VALID,NONE,NONE,BLOCKED,BLOCKED,UNCHANGED,No blacklist hit (old or new),NO
TPL-AO-049,PDF,AO,铝土矿产量-广西-SMM,重检索填充: indicators_v1 模糊匹配 (al_3_1_2_output_3),FILLED,NONE,NONE,BLOCKED,BLOCKED,UNCHANGED,No blacklist hit (old or new),NO
TPL-AO-050,PDF,AO,铝土矿产量-河南-SMM,,VALID,NONE,NONE,BLOCKED,BLOCKED,UNCHANGED,No blacklist hit (old or new),NO
TPL-AO-051,PDF,AO,铝土矿产量-贵州-SMM,重检索填充: indicators_v1 模糊匹配 (al_3_1_2_output_3),FILLED,NONE,NONE,BLOCKED,BLOCKED,UNCHANGED,No blacklist hit (old or new),NO
TPL-AO-052,PDF,AO,铝土矿产量-重庆-SMM,,VALID,NONE,NONE,BLOCKED,BLOCKED,UNCHANGED,No blacklist hit (old or new),NO
TPL-AO-053,PDF,AO,铝土矿库存-总计-SMM,"重检索填充: search (score=1.00, name=SMM: 氧化铝厂铝土矿库存: 总计: 月度)",FILLED,NONE,NONE,BLOCKED,BLOCKED,UNCHANGED,No blacklist hit (old or new),NO
TPL-AO-054,PDF,AO,铝土矿产量-合计-百川,,VALID,NONE,NONE,BLOCKED,BLOCKED,UNCHANGED,No blacklist hit (old or new),NO
TPL-AO-055,PDF,AO,铝土矿产量-山西省-百川,"重检索填充: search (score=0.67, name=SMM: 铝土矿产量: 山西: 月度)",FILLED,NONE,NONE,BLOCKED,BLOCKED,UNCHANGED,No blacklist hit (old or new),NO
TPL-AO-056,PDF,AO,铝土矿产量-河南省-百川,"重检索填充: search (score=0.67, name=SMM: 铝土矿产量: 河南: 月度)",FILLED,NONE,NONE,BLOCKED,BLOCKED,UNCHANGED,No blacklist hit (old or new),NO
TPL-AO-057,PDF,AO,到港量-海关-几内亚,,VALID,NONE,NONE,BLOCKED,BLOCKED,UNCHANGED,No blacklist hit (old or new),NO
TPL-AO-058,PDF,AO,发运量-路透-几内亚总和,候选ID无效: API错误: HTTP 500,MISSING,NONE,NONE,BLOCKED,BLOCKED,UNCHANGED,No blacklist hit (old or new),NO
TPL-AO-059,PDF,AO,铝土矿进口-总量,,VALID,NONE,NONE,BLOCKED,BLOCKED,UNCHANGED,No blacklist hit (old or new),NO
TPL-AO-060,PDF,AO,铝土矿进口-澳大利亚,铝土矿：进口金额：澳大利亚（季）,VALID,NONE,NONE,INFO,INFO,UNCHANGED,No blacklist hit (old or new),NO
TPL-AO-061,PDF,AO,铝土矿进口-塞拉利昂,重检索填充: indicators_v1 模糊匹配 (al_3_1_4_import),FILLED,NONE,NONE,BLOCKED,BLOCKED,UNCHANGED,No blacklist hit (old or new),NO
TPL-AO-062,PDF,AO,到港量-海关-几内亚,,VALID,NONE,NONE,BLOCKED,BLOCKED,UNCHANGED,No blacklist hit (old or new),NO
TPL-AO-063,PDF,AO,铝土矿产量-全国总计-SMM,重检索填充: indicators_v1 模糊匹配 (al_3_1_2_output_3),FILLED,NONE,NONE,BLOCKED,BLOCKED,UNCHANGED,No blacklist hit (old or new),NO
TPL-SI-001,PDF,SI,工业硅价格-421#(昆明),,VALID,NONE,NONE,BLOCKED,BLOCKED,UNCHANGED,No blacklist hit (old or new),NO
TPL-SI-002,PDF,SI,工业硅价格-441#(华东),,VALID,NONE,NONE,BLOCKED,BLOCKED,UNCHANGED,No blacklist hit (old or new),NO
TPL-SI-003,PDF,SI,工业硅价格-441#(天津港),工业硅：441#通氧：市场价：天津（日）,VALID,NONE,NONE,CLEAN,CLEAN,UNCHANGED,No blacklist hit (old or new),NO
TPL-SI-004,PDF,SI,工业硅价格-通氧553#(华东),,VALID,NONE,NONE,BLOCKED,BLOCKED,UNCHANGED,No blacklist hit (old or new),NO
TPL-SI-005,PDF,SI,新疆工业硅价格(SMM),工业硅：421#：汇总价格：新疆（日）,VALID,NONE,NONE,INFO,INFO,UNCHANGED,No blacklist hit (old or new),NO
TPL-SI-006,PDF,SI,多晶硅月度产量(SMM),"重检索填充: search (score=1.00, name=SMM: 多晶硅产量: 月度)",FILLED,NONE,NONE,BLOCKED,BLOCKED,UNCHANGED,No blacklist hit (old or new),NO
TPL-SI-007,PDF,SI,硅片月度产量(SMM),"重检索填充: search (score=1.00, name=SMM: 硅片产量: 月度)",FILLED,NONE,NONE,BLOCKED,BLOCKED,UNCHANGED,No blacklist hit (old or new),NO
TPL-SI-008,PDF,SI,云南木炭工艺生产成本,工业硅：421#：生产成本：木炭：云南（周）,VALID,NONE,NONE,INFO,INFO,UNCHANGED,No blacklist hit (old or new),NO
TPL-SI-009,PDF,SI,工业硅电价成本,工业硅：生产企业：电价：甘肃（日）,VALID,NONE,NONE,CLEAN,CLEAN,UNCHANGED,No blacklist hit (old or new),NO
TPL-SI-010,PDF,SI,工业硅云南样本周度产量,工业硅：产量：云南（周）,VALID,NONE,NONE,INFO,INFO,UNCHANGED,No blacklist hit (old or new),NO
TPL-SI-011,PDF,SI,多晶硅工厂库存,"重检索填充: search (score=0.86, name=SMM: 多晶硅生产厂家库存: 周度)",FILLED,NONE,NONE,BLOCKED,BLOCKED,UNCHANGED,No blacklist hit (old or new),NO
TPL-SI-012,PDF,SI,SMM-云南样本周度库存,,VALID,NONE,NONE,BLOCKED,BLOCKED,UNCHANGED,No blacklist hit (old or new),NO
TPL-SI-013,PDF,SI,SMM-四川样本周度库存,,VALID,NONE,NONE,BLOCKED,BLOCKED,UNCHANGED,No blacklist hit (old or new),NO
TPL-SI-014,PDF,SI,工业硅样本工厂库存(SMM),"重检索填充: search (score=0.67, name=苯乙烯：样本工厂：厂内库存：中国（周）)",FILLED,BL-020,BL-020,INFO,P0_HIT,UNCHANGED,Same blacklist hits: BL-020,YES
TPL-SI-014,PDF,SI,中国金属硅周度社会库存：天津港,电解铜：现货库存：上海（日）,VALID,BL-019,BL-019,INFO,P0_HIT,UNCHANGED,Same blacklist hits: BL-019,YES
TPL-SI-015,PDF,SI,金属硅周度社会库存-合计,电解铜：现货库存：上海（日）,VALID,BL-019,BL-019,INFO,P0_HIT,UNCHANGED,Same blacklist hits: BL-019,NO
TPL-SI-016,PDF,SI,工业硅显性总库存,,VALID,NONE,NONE,BLOCKED,BLOCKED,UNCHANGED,No blacklist hit (old or new),NO
TPL-SI-017,PDF,SI,工业硅样本工厂库存(SMM),"重检索填充: search (score=0.67, name=苯乙烯：样本工厂：厂内库存：中国（周）)",FILLED,BL-020,BL-020,INFO,P0_HIT,UNCHANGED,Same blacklist hits: BL-020,NO
TPL-SI-018,PDF,SI,工业硅社会库存(SMM),,VALID,NONE,NONE,BLOCKED,BLOCKED,UNCHANGED,No blacklist hit (old or new),NO
TPL-SI-019,PDF,SI,工业硅供需平衡,"重检索填充: search (score=0.86, name=世界黄金协会: 全球黄金供需平衡: 电子工业: 年度)",FILLED,BL-021,BL-021,BLOCKED,P0_HIT,UNCHANGED,Same blacklist hits: BL-021,YES
TPL-SI-020,PDF,SI,中国工业硅周度产量,,VALID,NONE,NONE,BLOCKED,BLOCKED,UNCHANGED,No blacklist hit (old or new),NO
TPL-SI-021,PDF,SI,工业硅云南样本周度产量,工业硅：产量：云南（周）,VALID,NONE,NONE,INFO,INFO,UNCHANGED,No blacklist hit (old or new),NO
TPL-SI-022,PDF,SI,工业硅周度产量(SMM),"重检索填充: search (score=1.00, name=SMM: 西北工业硅调研样本产量: 周度)",FILLED,NONE,NONE,BLOCKED,BLOCKED,UNCHANGED,No blacklist hit (old or new),NO
TPL-SI-022,PDF,SI,中国工业硅周度产量（万吨）,,VALID,NONE,NONE,BLOCKED,BLOCKED,UNCHANGED,No blacklist hit (old or new),NO
TPL-SI-023,PDF,SI,工业硅周度产量(百川),"重检索填充: search (score=1.00, name=SMM: 西北工业硅调研样本产量: 周度)",FILLED,NONE,NONE,BLOCKED,BLOCKED,UNCHANGED,No blacklist hit (old or new),NO
TPL-SI-023,PDF,SI,中国工业硅周度产量（万吨）,,VALID,NONE,NONE,BLOCKED,BLOCKED,UNCHANGED,No blacklist hit (old or new),NO
TPL-SI-024,PDF,SI,工业硅云南样本周度产量,工业硅：产量：云南（周）,VALID,NONE,NONE,INFO,INFO,UNCHANGED,No blacklist hit (old or new),NO
TPL-SI-025,PDF,SI,多晶硅工厂库存,"重检索填充: search (score=0.86, name=SMM: 多晶硅生产厂家库存: 周度)",FILLED,NONE,NONE,BLOCKED,BLOCKED,UNCHANGED,No blacklist hit (old or new),NO
TPL-SI-026,PDF,SI,DMC全国开工率,API错误: HTTP 500,INVALID,NONE,NONE,BLOCKED,BLOCKED,UNCHANGED,No blacklist hit (old or new),NO
TPL-SI-026,PDF,SI,DMC:全国:开工率,API错误: HTTP 500,INVALID,NONE,NONE,BLOCKED,BLOCKED,UNCHANGED,No blacklist hit (old or new),NO
TPL-SI-027,PDF,SI,DMC周度产量,"重检索填充: search (score=0.71, name=SMM: 硅片产量: 周度)",FILLED,NONE,NONE,BLOCKED,BLOCKED,UNCHANGED,No blacklist hit (old or new),NO
TPL-SI-028,PDF,SI,再生铝合金龙头开工率,API错误: HTTP 500,INVALID,NONE,NONE,BLOCKED,BLOCKED,UNCHANGED,No blacklist hit (old or new),NO
TPL-SI-029,PDF,SI,硅片价格-N型182mm,硅片：单晶N型：182-183.75mm：130μm：市场均价：美元计（周）,VALID,NONE,NONE,CLEAN,CLEAN,UNCHANGED,No blacklist hit (old or new),NO
TPL-SI-030,PDF,SI,硅片价格-N型210mm,硅片：210单晶N型：210mm/130μm：均价（周）,VALID,NONE,NONE,CLEAN,CLEAN,UNCHANGED,No blacklist hit (old or new),NO
TPL-SI-031,PDF,SI,多晶硅下月预计产量,,VALID,NONE,NONE,BLOCKED,BLOCKED,UNCHANGED,No blacklist hit (old or new),NO
TPL-SI-032,PDF,SI,多晶硅产能,,VALID,NONE,NONE,BLOCKED,BLOCKED,UNCHANGED,No blacklist hit (old or new),NO
TPL-SI-033,PDF,SI,多晶硅产量,,VALID,NONE,NONE,BLOCKED,BLOCKED,UNCHANGED,No blacklist hit (old or new),NO
TPL-SI-034,PDF,SI,多晶硅开工率,,VALID,NONE,NONE,BLOCKED,BLOCKED,UNCHANGED,No blacklist hit (old or new),NO
TPL-SI-034,PDF,SI,中国多晶硅产能统计,,VALID,NONE,NONE,BLOCKED,BLOCKED,UNCHANGED,No blacklist hit (old or new),NO
TPL-SI-034,PDF,SI,中国多晶硅开工率,API错误: HTTP 500,INVALID,NONE,NONE,BLOCKED,BLOCKED,UNCHANGED,No blacklist hit (old or new),NO
TPL-SI-035,PDF,SI,多晶硅月度产量(SMM),"重检索填充: search (score=1.00, name=SMM: 多晶硅产量: 月度)",FILLED,NONE,NONE,BLOCKED,BLOCKED,UNCHANGED,No blacklist hit (old or new),NO
TPL-SI-036,PDF,SI,多晶硅产量,,VALID,NONE,NONE,BLOCKED,BLOCKED,UNCHANGED,No blacklist hit (old or new),NO
TPL-SI-037,PDF,SI,多晶硅月度产量(SMM),"重检索填充: search (score=1.00, name=SMM: 多晶硅产量: 月度)",FILLED,NONE,NONE,BLOCKED,BLOCKED,UNCHANGED,No blacklist hit (old or new),NO
TPL-SI-038,PDF,SI,工业硅云南样本周度产量,工业硅：产量：云南（周）,VALID,NONE,NONE,INFO,INFO,UNCHANGED,No blacklist hit (old or new),NO
TPL-SI-039,PDF,SI,工业硅周度产量(SMM),"重检索填充: search (score=1.00, name=SMM: 西北工业硅调研样本产量: 周度)",FILLED,NONE,NONE,BLOCKED,BLOCKED,UNCHANGED,No blacklist hit (old or new),NO
TPL-SI-040,PDF,SI,工业硅周度产量(百川),"重检索填充: search (score=1.00, name=SMM: 西北工业硅调研样本产量: 周度)",FILLED,NONE,NONE,BLOCKED,BLOCKED,UNCHANGED,No blacklist hit (old or new),NO
TPL-SI-041,PDF,SI,硅片月度产量(SMM),"重检索填充: search (score=1.00, name=SMM: 硅片产量: 月度)",FILLED,NONE,NONE,BLOCKED,BLOCKED,UNCHANGED,No blacklist hit (old or new),NO
TPL-SI-042,PDF,SI,硅片预测月度产量,,VALID,NONE,NONE,BLOCKED,BLOCKED,UNCHANGED,No blacklist hit (old or new),NO
TPL-SI-043,PDF,SI,工业硅云南样本周度产量,工业硅：产量：云南（周）,VALID,NONE,NONE,INFO,INFO,UNCHANGED,No blacklist hit (old or new),NO
TPL-SI-043,PDF,SI,SMM硅片周度产量(GW),,VALID,NONE,NONE,BLOCKED,BLOCKED,UNCHANGED,No blacklist hit (old or new),NO
TPL-SI-044,PDF,SI,硅片周度产量,,VALID,NONE,NONE,BLOCKED,BLOCKED,UNCHANGED,No blacklist hit (old or new),NO
TPL-SI-044,PDF,SI,SMM硅片周度产量(GW),,VALID,NONE,NONE,BLOCKED,BLOCKED,UNCHANGED,No blacklist hit (old or new),NO
TPL-SI-044,PDF,SI,百川盈孚硅片周度产量(GW),,VALID,NONE,NONE,BLOCKED,BLOCKED,UNCHANGED,No blacklist hit (old or new),NO
TPL-SI-045,PDF,SI,多晶硅工厂库存,"重检索填充: search (score=0.86, name=SMM: 多晶硅生产厂家库存: 周度)",FILLED,NONE,NONE,BLOCKED,BLOCKED,UNCHANGED,No blacklist hit (old or new),NO
TPL-SI-046,PDF,SI,硅片企业多晶硅库存,多晶硅：库存：中国（周）,VALID,NONE,NONE,INFO,INFO,UNCHANGED,No blacklist hit (old or new),NO
TPL-SI-047,PDF,SI,多晶硅月度产量(SMM),"重检索填充: search (score=1.00, name=SMM: 多晶硅产量: 月度)",FILLED,NONE,NONE,BLOCKED,BLOCKED,UNCHANGED,No blacklist hit (old or new),NO
TPL-SI-048,PDF,SI,多晶硅供需平衡,,VALID,NONE,NONE,BLOCKED,BLOCKED,UNCHANGED,No blacklist hit (old or new),NO
TPL-LC-001,PDF,LC,工业级氢氧化锂 价格,,VALID,NONE,NONE,BLOCKED,BLOCKED,UNCHANGED,No blacklist hit (old or new),NO
TPL-LC-002,PDF,LC,电池级-工业级碳酸锂 价差,,VALID,NONE,NONE,BLOCKED,BLOCKED,UNCHANGED,No blacklist hit (old or new),NO
TPL-LC-003,PDF,LC,电池级氢氧化锂(粗颗粒) 价格,,VALID,NONE,NONE,BLOCKED,BLOCKED,UNCHANGED,No blacklist hit (old or new),NO
TPL-LC-004,PDF,LC,电池级碳酸锂 现货价格,碳酸锂：电池级：Li2CO3≥99.5%：早盘市场价格：中国（日）,VALID,NONE,NONE,INFO,INFO,UNCHANGED,No blacklist hit (old or new),NO
TPL-LC-005,PDF,LC,碳酸锂 出货情绪因子,,VALID,NONE,NONE,BLOCKED,BLOCKED,UNCHANGED,No blacklist hit (old or new),NO
TPL-LC-006,PDF,LC,碳酸锂 升贴水 主力合约,,VALID,NONE,NONE,BLOCKED,BLOCKED,UNCHANGED,No blacklist hit (old or new),NO
TPL-LC-007,PDF,LC,碳酸锂 成交情绪因子,,VALID,NONE,NONE,BLOCKED,BLOCKED,UNCHANGED,No blacklist hit (old or new),NO
TPL-LC-008,PDF,LC,碳酸锂 购货情绪因子,"重检索填充: search (score=1.00, name=SMM: 碳酸锂购货情绪因子: 下游: 日度)",FILLED,NONE,NONE,BLOCKED,BLOCKED,UNCHANGED,No blacklist hit (old or new),NO
TPL-LC-009,PDF,LC,碳酸锂 月度进口量,,VALID,NONE,NONE,BLOCKED,BLOCKED,UNCHANGED,No blacklist hit (old or new),NO
TPL-LC-010,PDF,LC,锂精矿进口 尼日利亚,锂辉石：进口金额：尼日利亚→中国（月）,VALID,NONE,NONE,INFO,INFO,UNCHANGED,No blacklist hit (old or new),NO
TPL-LC-011,PDF,LC,锂精矿进口 津巴布韦,,VALID,NONE,NONE,BLOCKED,BLOCKED,UNCHANGED,No blacklist hit (old or new),NO
TPL-LC-012,PDF,LC,锂精矿进口 澳大利亚,,VALID,NONE,NONE,BLOCKED,BLOCKED,UNCHANGED,No blacklist hit (old or new),NO
TPL-LC-013,PDF,LC,锂辉石精矿出港:巴西,,VALID,NONE,NONE,BLOCKED,BLOCKED,UNCHANGED,No blacklist hit (old or new),NO
TPL-LC-014,PDF,LC,锂辉石精矿出港:澳洲,,VALID,NONE,NONE,BLOCKED,BLOCKED,UNCHANGED,No blacklist hit (old or new),NO
TPL-LC-015,PDF,LC,锂辉石加工费 四川,锂辉石：5-5.5%Li2O：加工费：四川（周）,VALID,NONE,NONE,INFO,INFO,UNCHANGED,No blacklist hit (old or new),NO
TPL-LC-016,PDF,LC,锂辉石加工费 山东,锂辉石：5-5.5%Li2O：加工费：山东（周）,VALID,NONE,NONE,INFO,INFO,UNCHANGED,No blacklist hit (old or new),NO
TPL-LC-017,PDF,LC,锂辉石加工费 江苏,锂辉石：5-5.5%Li2O：加工费：江苏（周）,VALID,NONE,NONE,INFO,INFO,UNCHANGED,No blacklist hit (old or new),NO
TPL-LC-018,PDF,LC,锂辉石加工费 江西,锂辉石：5-5.5%Li2O：加工费：江西（周）,VALID,NONE,NONE,INFO,INFO,UNCHANGED,No blacklist hit (old or new),NO
TPL-LC-019,PDF,LC,锂辉石加工费 河北,锂辉石：5-5.5%Li2O：加工费：河北（周）,VALID,NONE,NONE,INFO,INFO,UNCHANGED,No blacklist hit (old or new),NO
TPL-LC-020,PDF,LC,锂辉石加工费 湖南,锂辉石：5-5.5%Li2O：加工费：湖南（周）,VALID,NONE,NONE,INFO,INFO,UNCHANGED,No blacklist hit (old or new),NO
TPL-LC-021,PDF,LC,锂辉石加工费 辽宁,锂辉石：5-5.5%Li2O：加工费：辽宁（周）,VALID,NONE,NONE,INFO,INFO,UNCHANGED,No blacklist hit (old or new),NO
TPL-LC-022,PDF,LC,碳酸锂 大样本库存,,VALID,NONE,NONE,BLOCKED,BLOCKED,UNCHANGED,No blacklist hit (old or new),NO
TPL-LC-023,PDF,LC,SMM 锂矿样本库存:矿山,,VALID,NONE,NONE,BLOCKED,BLOCKED,UNCHANGED,No blacklist hit (old or new),NO
TPL-LC-023,PDF,LC,月度锂矿：外采：在途库存：中国：锂盐厂（月）,重检索填充: indicators_v1 模糊匹配 (li_41_inv),FILLED,NONE,NONE,P0,P0,UNCHANGED,No blacklist hit (old or new),NO
TPL-LC-024,PDF,LC,SMM 锂矿样本库存:锂盐厂,,VALID,NONE,NONE,BLOCKED,BLOCKED,UNCHANGED,No blacklist hit (old or new),NO
TPL-LC-024,PDF,LC,SMM:锂矿样本库存:矿山:月度,"重检索填充: search (score=0.83, name=SMM: 锂矿样本库存: 矿山: 月度)",FILLED,NONE,NONE,BLOCKED,BLOCKED,UNCHANGED,No blacklist hit (old or new),NO
TPL-LC-024,PDF,LC,月度锂矿：外采：在途库存：中国：锂盐厂（月）,重检索填充: indicators_v1 模糊匹配 (li_41_inv),FILLED,NONE,NONE,P0,P0,UNCHANGED,No blacklist hit (old or new),NO
TPL-LC-025,PDF,LC,锂矿 可售库存,锂矿：可售库存：中国（周）,VALID,NONE,NONE,INFO,INFO,UNCHANGED,No blacklist hit (old or new),NO
TPL-LC-026,PDF,LC,锂矿 外采 厂内库存,锂矿：外采：厂内库存：中国：锂盐厂（月）,VALID,NONE,NONE,INFO,INFO,UNCHANGED,No blacklist hit (old or new),NO
TPL-LC-026,PDF,LC,月度锂矿：外采：在途库存：中国：锂盐厂（月）,重检索填充: indicators_v1 模糊匹配 (li_41_inv),FILLED,NONE,NONE,CLEAN,CLEAN,UNCHANGED,No blacklist hit (old or new),NO
TPL-LC-027,PDF,LC,锂矿 外采 在途库存,锂矿：外采：在途库存：中国：锂盐厂（月）,VALID,NONE,NONE,INFO,INFO,UNCHANGED,No blacklist hit (old or new),NO
TPL-LC-028,PDF,LC,SMM 碳酸锂 周度产量,,VALID,NONE,NONE,BLOCKED,BLOCKED,UNCHANGED,No blacklist hit (old or new),NO
TPL-LC-029,PDF,LC,碳酸锂 硫酸法 周度产量,碳酸锂：产量：西南地区（月）,VALID,NONE,NONE,INFO,INFO,UNCHANGED,No blacklist hit (old or new),NO
TPL-LC-029,PDF,LC,中国碳酸锂周度产量（吨）,"重检索填充: search (score=0.78, name=碳酸锂：产量：中国（月）)",FILLED,NONE,NONE,INFO,INFO,UNCHANGED,No blacklist hit (old or new),NO
TPL-LC-030,PDF,LC,碳酸锂 硫酸盐法 周度产量,"重检索填充: search (score=0.69, name=SMM: 碳酸锂产量: 盐湖产: 周度)",FILLED,NONE,NONE,BLOCKED,BLOCKED,UNCHANGED,No blacklist hit (old or new),NO
TPL-LC-031,PDF,LC,三元材料 周度产量,,VALID,NONE,NONE,BLOCKED,BLOCKED,UNCHANGED,No blacklist hit (old or new),NO
TPL-LC-031,PDF,LC,中国碳酸锂周度产量（吨）,"重检索填充: search (score=0.78, name=碳酸锂：产量：中国（月）)",FILLED,NONE,NONE,INFO,INFO,UNCHANGED,No blacklist hit (old or new),NO
TPL-LC-032,PDF,LC,正极材料 周度产量,,VALID,NONE,NONE,BLOCKED,BLOCKED,UNCHANGED,No blacklist hit (old or new),NO
TPL-LC-033,PDF,LC,SMM 碳酸锂 周度产量,,VALID,NONE,NONE,BLOCKED,BLOCKED,UNCHANGED,No blacklist hit (old or new),NO
TPL-LC-033,PDF,LC,中国碳酸锂周度产量（吨）,"重检索填充: search (score=0.78, name=碳酸锂：产量：中国（月）)",FILLED,NONE,NONE,INFO,INFO,UNCHANGED,No blacklist hit (old or new),NO
TPL-LC-034,PDF,LC,碳酸锂 盐湖产:周度,,VALID,NONE,NONE,BLOCKED,BLOCKED,UNCHANGED,No blacklist hit (old or new),NO
TPL-LC-035,PDF,LC,碳酸锂 盐湖提锂 产量,碳酸锂（原料盐湖卤水）：产量：中国（月）,VALID,NONE,NONE,INFO,INFO,UNCHANGED,No blacklist hit (old or new),NO
TPL-LC-036,PDF,LC,碳酸锂 硫酸法 周度产量,碳酸锂：产量：西南地区（月）,VALID,NONE,NONE,INFO,INFO,UNCHANGED,No blacklist hit (old or new),NO
TPL-LC-037,PDF,LC,碳酸锂 硫酸盐法 周度产量,"重检索填充: search (score=0.69, name=SMM: 碳酸锂产量: 盐湖产: 周度)",FILLED,NONE,NONE,BLOCKED,BLOCKED,UNCHANGED,No blacklist hit (old or new),NO
TPL-LC-038,PDF,LC,三元材料 周度产量,,VALID,NONE,NONE,BLOCKED,BLOCKED,UNCHANGED,No blacklist hit (old or new),NO
TPL-LC-038,PDF,LC,中国碳酸锂周度产量（吨）,"重检索填充: search (score=0.78, name=碳酸锂：产量：中国（月）)",FILLED,NONE,NONE,INFO,INFO,UNCHANGED,No blacklist hit (old or new),NO
TPL-LC-039,PDF,LC,正极材料 周度产量,,VALID,NONE,NONE,BLOCKED,BLOCKED,UNCHANGED,No blacklist hit (old or new),NO
TPL-LC-040,PDF,LC,磷酸铁锂 周度产量,"重检索填充: search (score=1.00, name=SMM: 磷酸铁锂产量: 周度)",FILLED,NONE,NONE,BLOCKED,BLOCKED,UNCHANGED,No blacklist hit (old or new),NO
TPL-LC-041,PDF,LC,SMM 碳酸锂 月度开工率,,VALID,NONE,NONE,BLOCKED,BLOCKED,UNCHANGED,No blacklist hit (old or new),NO
TPL-LC-042,PDF,LC,SMM 碳酸锂 周度产量,,VALID,NONE,NONE,BLOCKED,BLOCKED,UNCHANGED,No blacklist hit (old or new),NO
TPL-LC-043,PDF,LC,碳酸锂 硫酸法 周度产量,碳酸锂：产量：西南地区（月）,VALID,NONE,NONE,INFO,INFO,UNCHANGED,No blacklist hit (old or new),NO
TPL-LC-044,PDF,LC,碳酸锂 硫酸盐法 周度产量,"重检索填充: search (score=0.69, name=SMM: 碳酸锂产量: 盐湖产: 周度)",FILLED,NONE,NONE,BLOCKED,BLOCKED,UNCHANGED,No blacklist hit (old or new),NO
TPL-LC-045,PDF,LC,三元材料 周度产量,,VALID,NONE,NONE,BLOCKED,BLOCKED,UNCHANGED,No blacklist hit (old or new),NO
TPL-LC-045,PDF,LC,碳酸锂:周度产量（吨）,"重检索填充: search (score=1.00, name=SMM: 碳酸锂产量: 周度)",FILLED,NONE,NONE,BLOCKED,BLOCKED,UNCHANGED,No blacklist hit (old or new),NO
TPL-LC-046,PDF,LC,正极材料 周度产量,,VALID,NONE,NONE,BLOCKED,BLOCKED,UNCHANGED,No blacklist hit (old or new),NO
TPL-LC-047,PDF,LC,SMM 碳酸锂 周度产量,,VALID,NONE,NONE,BLOCKED,BLOCKED,UNCHANGED,No blacklist hit (old or new),NO
TPL-LC-048,PDF,LC,三元材料 周度产量,,VALID,NONE,NONE,BLOCKED,BLOCKED,UNCHANGED,No blacklist hit (old or new),NO
TPL-LC-049,PDF,LC,正极材料 周度产量,,VALID,NONE,NONE,BLOCKED,BLOCKED,UNCHANGED,No blacklist hit (old or new),NO
TPL-LC-050,PDF,LC,磷酸铁锂 周度产量,"重检索填充: search (score=1.00, name=SMM: 磷酸铁锂产量: 周度)",FILLED,NONE,NONE,BLOCKED,BLOCKED,UNCHANGED,No blacklist hit (old or new),NO
TPL-LC-051,PDF,LC,碳酸锂 月度进口量,,VALID,NONE,NONE,BLOCKED,BLOCKED,UNCHANGED,No blacklist hit (old or new),NO
TPL-LC-051,PDF,LC,碳酸锂月度进口量(万吨）,"重检索填充: search (score=1.00, name=中国海关: 碳酸锂进口量: 月度)",FILLED,NONE,NONE,BLOCKED,BLOCKED,UNCHANGED,No blacklist hit (old or new),NO
TPL-LC-052,PDF,LC,碳酸锂 大样本库存,,VALID,NONE,NONE,BLOCKED,BLOCKED,UNCHANGED,No blacklist hit (old or new),NO
TPL-LC-052,PDF,LC,碳酸锂大样本库存:总计:周度SMM:,"重检索填充: search (score=0.83, name=SMM: 碳酸锂大样本库存: 总计: 周度)",FILLED,NONE,NONE,BLOCKED,BLOCKED,UNCHANGED,No blacklist hit (old or new),NO
TPL-LC-053,PDF,LC,碳酸锂 工厂库存,碳酸锂：库存：中国（月）,VALID,NONE,NONE,INFO,INFO,UNCHANGED,No blacklist hit (old or new),NO
TPL-LC-054,PDF,LC,碳酸锂 三元523需求,"重检索填充: search (score=0.64, name=SMM: 碳酸锂现金生产利润: 外购三元极片黑粉（Li: 5.5%-6.5%）:)",FILLED,NONE,NONE,BLOCKED,BLOCKED,UNCHANGED,No blacklist hit (old or new),YES
TPL-LC-055,PDF,LC,碳酸锂 磷酸铁锂需求,,VALID,NONE,NONE,BLOCKED,BLOCKED,UNCHANGED,No blacklist hit (old or new),NO
TPL-LC-056,PDF,LC,磷酸铁锂 同比增速,"重检索填充: search (score=0.78, name=SMM: 磷酸铁锂产量: 同比: 月度)",FILLED,NONE,NONE,BLOCKED,BLOCKED,UNCHANGED,No blacklist hit (old or new),NO
TPL-LC-057,PDF,LC,动力电池 出口:磷酸铁锂,"重检索填充: search (score=1.00, name=中国海关: 电池出口量: 磷酸铁锂动力电池: 月度)",FILLED,NONE,NONE,BLOCKED,BLOCKED,UNCHANGED,No blacklist hit (old or new),NO
TPL-LC-058,PDF,LC,碳酸锂 盐湖总产量,"重检索填充: search (score=0.89, name=SMM: 碳酸锂产量: 盐湖产: 周度)",FILLED,NONE,NONE,BLOCKED,BLOCKED,UNCHANGED,No blacklist hit (old or new),NO
TPL-LC-059,PDF,LC,碳酸锂 磷酸铁锂需求,,VALID,NONE,NONE,BLOCKED,BLOCKED,UNCHANGED,No blacklist hit (old or new),NO
TPL-LC-060,PDF,LC,碳酸锂 锂云母产量,碳酸锂（原料锂云母）：产量：中国（月）,VALID,NONE,NONE,INFO,INFO,UNCHANGED,No blacklist hit (old or new),NO
TPL-LC-061,PDF,LC,碳酸锂 锂辉石总产量,碳酸锂（原料锂辉石）：产量：中国（月）,VALID,NONE,NONE,INFO,INFO,UNCHANGED,No blacklist hit (old or new),NO
TPL-LC-062,PDF,LC,动力电池 出口:磷酸铁锂,"重检索填充: search (score=1.00, name=中国海关: 电池出口量: 磷酸铁锂动力电池: 月度)",FILLED,NONE,NONE,BLOCKED,BLOCKED,UNCHANGED,No blacklist hit (old or new),NO
TPL-LC-063,PDF,LC,三元材料 月度产量,,VALID,NONE,NONE,BLOCKED,BLOCKED,UNCHANGED,No blacklist hit (old or new),NO
TPL-LC-064,PDF,LC,磷酸铁锂 月度产量,"重检索填充: search (score=1.00, name=SMM: 磷酸锰铁锂产量: 月度)",FILLED,NONE,NONE,BLOCKED,BLOCKED,UNCHANGED,No blacklist hit (old or new),NO
TPL-LC-065,PDF,LC,钴酸锂 月度产量,钴酸锂：产量环比：中国（月）,VALID,NONE,NONE,INFO,INFO,UNCHANGED,No blacklist hit (old or new),NO
TPL-LC-066,PDF,LC,锰酸锂 月度产量,"重检索填充: search (score=1.00, name=SMM: 锰酸锂产量: 总: 月度)",FILLED,NONE,NONE,BLOCKED,BLOCKED,UNCHANGED,No blacklist hit (old or new),NO
TPL-LC-067,PDF,LC,SMM 碳酸锂 周度产量,,VALID,NONE,NONE,BLOCKED,BLOCKED,UNCHANGED,No blacklist hit (old or new),NO
TPL-LC-068,PDF,LC,碳酸锂 硫酸法 周度产量,碳酸锂：产量：西南地区（月）,VALID,NONE,NONE,INFO,INFO,UNCHANGED,No blacklist hit (old or new),NO
TPL-LC-069,PDF,LC,三元材料 周度产量,,VALID,NONE,NONE,BLOCKED,BLOCKED,UNCHANGED,No blacklist hit (old or new),NO
TPL-LC-070,PDF,LC,正极材料 周度产量,,VALID,NONE,NONE,BLOCKED,BLOCKED,UNCHANGED,No blacklist hit (old or new),NO
TPL-LC-071,PDF,LC,磷酸铁锂 周度产量,"重检索填充: search (score=1.00, name=SMM: 磷酸铁锂产量: 周度)",FILLED,NONE,NONE,BLOCKED,BLOCKED,UNCHANGED,No blacklist hit (old or new),NO
TPL-LC-072,PDF,LC,动力电池 出口:三元材料,,VALID,NONE,NONE,BLOCKED,BLOCKED,UNCHANGED,No blacklist hit (old or new),NO
TPL-LC-072,PDF,LC,三元材料总产量（吨）,"重检索填充: search (score=1.00, name=SMM: 三元材料产量分型号: 总产量: 月度)",FILLED,NONE,NONE,BLOCKED,BLOCKED,UNCHANGED,No blacklist hit (old or new),NO
TPL-LC-073,PDF,LC,动力电池 出口:磷酸铁锂,"重检索填充: search (score=1.00, name=中国海关: 电池出口量: 磷酸铁锂动力电池: 月度)",FILLED,NONE,NONE,BLOCKED,BLOCKED,UNCHANGED,No blacklist hit (old or new),NO
TPL-LC-073,PDF,LC,磷酸铁锂总产量（吨）,"重检索填充: search (score=1.00, name=SMM: 磷酸铁锂产量: 总: 月度)",FILLED,NONE,NONE,BLOCKED,BLOCKED,UNCHANGED,No blacklist hit (old or new),NO
TPL-LC-074,PDF,LC,碳酸锂 工厂库存,碳酸锂：库存：中国（月）,VALID,NONE,NONE,INFO,INFO,UNCHANGED,No blacklist hit (old or new),NO
TPL-LC-074,PDF,LC,磷酸铁锂周度库存：铁锂厂,"重检索填充: search (score=0.75, name=SMM: 磷酸铁锂库存: 铁锂厂: 周度)",FILLED,NONE,NONE,BLOCKED,BLOCKED,UNCHANGED,No blacklist hit (old or new),NO
TPL-LC-075,PDF,LC,动力电池 出口:三元材料,,VALID,NONE,NONE,BLOCKED,BLOCKED,UNCHANGED,No blacklist hit (old or new),NO
TPL-LC-076,PDF,LC,动力电池 出口:磷酸铁锂,"重检索填充: search (score=1.00, name=中国海关: 电池出口量: 磷酸铁锂动力电池: 月度)",FILLED,NONE,NONE,BLOCKED,BLOCKED,UNCHANGED,No blacklist hit (old or new),NO
TPL-LC-077,PDF,LC,动力电池 出口:磷酸铁锂,"重检索填充: search (score=1.00, name=中国海关: 电池出口量: 磷酸铁锂动力电池: 月度)",FILLED,NONE,NONE,BLOCKED,BLOCKED,UNCHANGED,No blacklist hit (old or new),NO
TPL-LC-078,PDF,LC,磷酸铁锂电池 产量,"重检索填充: search (score=1.00, name=NBS: 锂电池产量-分电池类型-磷酸铁锂电池: 月度)",FILLED,NONE,NONE,BLOCKED,BLOCKED,UNCHANGED,No blacklist hit (old or new),NO
TPL-LC-079,PDF,LC,动力电池 出口:磷酸铁锂,"重检索填充: search (score=1.00, name=中国海关: 电池出口量: 磷酸铁锂动力电池: 月度)",FILLED,NONE,NONE,BLOCKED,BLOCKED,UNCHANGED,No blacklist hit (old or new),NO
TPL-LC-080,PDF,LC,磷酸铁锂电池 产量,"重检索填充: search (score=1.00, name=NBS: 锂电池产量-分电池类型-磷酸铁锂电池: 月度)",FILLED,NONE,NONE,BLOCKED,BLOCKED,UNCHANGED,No blacklist hit (old or new),NO
TPL-LC-081,PDF,LC,三元材料 月度产量,,VALID,NONE,NONE,BLOCKED,BLOCKED,UNCHANGED,No blacklist hit (old or new),NO
TPL-LC-082,PDF,LC,磷酸铁锂 月度产量,"重检索填充: search (score=1.00, name=SMM: 磷酸锰铁锂产量: 月度)",FILLED,NONE,NONE,BLOCKED,BLOCKED,UNCHANGED,No blacklist hit (old or new),NO
TPL-LC-083,PDF,LC,钴酸锂 月度产量,钴酸锂：产量环比：中国（月）,VALID,NONE,NONE,INFO,INFO,UNCHANGED,No blacklist hit (old or new),NO
TPL-LC-084,PDF,LC,其他电池(磷酸铁锂) 销量,"重检索填充: search (score=0.86, name=SMM: 境内其他电池产量: 月度)",FILLED,BL-003,BL-003,BLOCKED,P0_HIT,UNCHANGED,Same blacklist hits: BL-003,NO
TPL-LC-085,PDF,LC,动力电池 出口:三元材料,,VALID,NONE,NONE,BLOCKED,BLOCKED,UNCHANGED,No blacklist hit (old or new),NO
TPL-LC-086,PDF,LC,其他电池(磷酸铁锂) 销量,"重检索填充: search (score=0.86, name=SMM: 境内其他电池产量: 月度)",FILLED,BL-003,BL-003,BLOCKED,P0_HIT,UNCHANGED,Same blacklist hits: BL-003,NO
TPL-LC-087,PDF,LC,磷酸铁锂 电池 国内销量,"重检索填充: search (score=0.75, name=中国海关: 电池出口量: 磷酸铁锂动力电池: 月度)",FILLED,BL-015,BL-015,BLOCKED,P0_HIT,UNCHANGED,Same blacklist hits: BL-015,NO
TPL-LC-088,PDF,LC,其他电池 国内销量,产业在线：碳酸锂：销量：中国内地（季）,VALID,NONE,NONE,INFO,INFO,UNCHANGED,No blacklist hit (old or new),NO
TPL-LC-089,PDF,LC,动力电池 出口:三元材料,,VALID,NONE,NONE,BLOCKED,BLOCKED,UNCHANGED,No blacklist hit (old or new),NO
TPL-LC-090,PDF,LC,动力电池 装车量:插混乘用车,创新联盟：动力电池：装车量：宁德时代（月）,VALID,NONE,NONE,CLEAN,CLEAN,UNCHANGED,No blacklist hit (old or new),NO
TPL-LC-091,PDF,LC,新能源乘用车 产量,"重检索填充: search (score=1.00, name=SMM: 国产乘用车销量-新能源汽车: 周度)",FILLED,BL-002,BL-002,BLOCKED,P0_HIT,UNCHANGED,Same blacklist hits: BL-002,NO
TPL-LC-092,PDF,LC,新能源乘用车 产量,"重检索填充: search (score=1.00, name=SMM: 国产乘用车销量-新能源汽车: 周度)",FILLED,BL-002,BL-002,BLOCKED,P0_HIT,UNCHANGED,Same blacklist hits: BL-002,NO
TPL-LC-093,PDF,LC,动力电池 装车量:插混乘用车,创新联盟：动力电池：装车量：宁德时代（月）,VALID,NONE,NONE,CLEAN,CLEAN,UNCHANGED,No blacklist hit (old or new),NO
TPL-LC-094,PDF,LC,动力电池 装车量:纯电动乘用车,创新联盟：动力电池：装车量：宁德时代（月）,VALID,NONE,NONE,CLEAN,CLEAN,UNCHANGED,No blacklist hit (old or new),NO
TPL-LC-095,PDF,LC,动力电池 装车量:插混乘用车,创新联盟：动力电池：装车量：宁德时代（月）,VALID,NONE,NONE,CLEAN,CLEAN,UNCHANGED,No blacklist hit (old or new),NO
TPL-LC-096,PDF,LC,动力电池 装车量:纯电动乘用车,创新联盟：动力电池：装车量：宁德时代（月）,VALID,NONE,NONE,CLEAN,CLEAN,UNCHANGED,No blacklist hit (old or new),NO
TPL-LC-097,PDF,LC,三元材料 月度产量,,VALID,NONE,NONE,BLOCKED,BLOCKED,UNCHANGED,No blacklist hit (old or new),NO
TPL-LC-098,PDF,LC,磷酸铁锂 月度产量,"重检索填充: search (score=1.00, name=SMM: 磷酸锰铁锂产量: 月度)",FILLED,NONE,NONE,BLOCKED,BLOCKED,UNCHANGED,No blacklist hit (old or new),NO
TPL-LC-099,PDF,LC,其他电池(磷酸铁锂) 销量,"重检索填充: search (score=0.86, name=SMM: 境内其他电池产量: 月度)",FILLED,BL-003,BL-003,BLOCKED,P0_HIT,UNCHANGED,Same blacklist hits: BL-003,NO
TPL-LC-100,PDF,LC,磷酸铁锂 电池 国内销量,"重检索填充: search (score=0.75, name=中国海关: 电池出口量: 磷酸铁锂动力电池: 月度)",FILLED,BL-015,BL-015,BLOCKED,P0_HIT,UNCHANGED,Same blacklist hits: BL-015,NO
TPL-AL-001,PDF,AL,A00升贴水（上海）,"重检索填充: search (score=0.83, name=电解铝：A00：Al≥99.7%：升贴水：中国（日）)",FILLED,NONE,NONE,CLEAN,CLEAN,UNCHANGED,No blacklist hit (old or new),NO
TPL-AL-002,PDF,AL,A00升贴水（巩义）,"重检索填充: search (score=0.83, name=电解铝：A00：Al≥99.7%：升贴水：中国（日）)",FILLED,NONE,NONE,CLEAN,CLEAN,UNCHANGED,No blacklist hit (old or new),NO
TPL-AL-003,PDF,AL,A00升贴水（佛山）,"重检索填充: search (score=0.83, name=电解铝：A00：Al≥99.7%：升贴水：中国（日）)",FILLED,NONE,NONE,CLEAN,CLEAN,UNCHANGED,No blacklist hit (old or new),NO
TPL-AL-004,PDF,AL,SHFE铝：连一-连二,"重检索填充: search (score=0.82, name=SHFE: 铝: 连二合约: 9: 00-15: 00较前一日涨跌: 日度)",FILLED,NONE,NONE,BLOCKED,BLOCKED,UNCHANGED,No blacklist hit (old or new),NO
TPL-AL-005,PDF,AL,SHFE铝总持仓,"重检索填充: search (score=0.88, name=SHFE：铝：持仓市值（日）)",FILLED,NONE,NONE,BLOCKED,BLOCKED,UNCHANGED,No blacklist hit (old or new),NO
TPL-AL-006,PDF,AL,SHFE铝近3月虚实比,,VALID,NONE,NONE,BLOCKED,BLOCKED,UNCHANGED,No blacklist hit (old or new),NO
TPL-AL-007,PDF,AL,LME铝,LME：铝合金：3个月合约：结算价（日）,VALID,NONE,NONE,BLOCKED,BLOCKED,UNCHANGED,No blacklist hit (old or new),NO
TPL-AL-008,PDF,AL,欧洲含税溢价(M3),"重检索填充: search (score=0.67, name=SMM: 欧洲P1020A铝锭完税价升贴水 - 涨跌: 周度)",FILLED,NONE,NONE,BLOCKED,BLOCKED,UNCHANGED,No blacklist hit (old or new),NO
TPL-AL-009,PDF,AL,铝现货升贴水,"重检索填充: search (score=1.00, name=电解铝：现货升贴水：重庆—SHFE（日）)",FILLED,NONE,NONE,CLEAN,CLEAN,UNCHANGED,No blacklist hit (old or new),NO
TPL-AL-010,PDF,AL,电解铝生产利润,"重检索填充: search (score=0.86, name=SMM: 铝产业链价格预测模型: 电解铝利润: 季度)",FILLED,NONE,NONE,BLOCKED,BLOCKED,UNCHANGED,No blacklist hit (old or new),NO
TPL-AL-011,PDF,AL,铝材出口利润,,VALID,NONE,NONE,BLOCKED,BLOCKED,UNCHANGED,No blacklist hit (old or new),NO
TPL-AL-012,PDF,AL,铝板带出口利润,,VALID,NONE,NONE,BLOCKED,BLOCKED,UNCHANGED,No blacklist hit (old or new),NO
TPL-AL-013,PDF,AL,LME主要仓库场内库存,"重检索填充: search (score=0.55, name=LME：非仓单库存：欧洲（日）)",FILLED,BL-005,BL-005,BLOCKED,P0_HIT,UNCHANGED,Same blacklist hits: BL-005,NO
TPL-AL-014,PDF,AL,LME主要仓库注销仓单,LME：铝合金：注销仓单（日）,VALID,NONE,NONE,BLOCKED,BLOCKED,UNCHANGED,No blacklist hit (old or new),NO
TPL-AL-015,PDF,AL,期货库存小计:铝,"重检索填充: search (score=0.75, name=印度期货交易所: 电解铜库存总计: 日度)",FILLED,NONE,NONE,BLOCKED,BLOCKED,UNCHANGED,No blacklist hit (old or new),NO
TPL-AL-016,PDF,AL,铝板带箔-原料库存天数,重检索填充: indicators_v1 模糊匹配 (al_51_util_capacity),FILLED,NONE,NONE,CLEAN,CLEAN,UNCHANGED,No blacklist hit (old or new),NO
TPL-AL-017,PDF,AL,未锻轧铝进口量,"重检索填充: search (score=1.00, name=中国海关: 未锻轧铝合金进口量: 月度)",FILLED,NONE,NONE,BLOCKED,BLOCKED,UNCHANGED,No blacklist hit (old or new),NO
TPL-AL-018,PDF,AL,铝合金进口量,未锻轧铝合金：进口数量合计：中国（月）,VALID,NONE,NONE,INFO,INFO,UNCHANGED,No blacklist hit (old or new),NO
TPL-AL-019,PDF,AL,废铝进口总量,"重检索填充: search (score=1.00, name=中国海关: 中国废铝进口量: 总计: 月度)",FILLED,NONE,NONE,BLOCKED,BLOCKED,UNCHANGED,No blacklist hit (old or new),NO
TPL-AL-020,PDF,AL,铝材进口量,"重检索填充: search (score=1.00, name=未锻轧铝及铝材：进口数量终值：中国（月）)",FILLED,NONE,NONE,BLOCKED,BLOCKED,UNCHANGED,No blacklist hit (old or new),NO
TPL-AL-021,PDF,AL,原铝进口-俄罗斯,,VALID,NONE,NONE,BLOCKED,BLOCKED,UNCHANGED,No blacklist hit (old or new),NO
TPL-AL-022,PDF,AL,原铝进口-印度,,VALID,NONE,NONE,BLOCKED,BLOCKED,UNCHANGED,No blacklist hit (old or new),NO
TPL-AL-023,PDF,AL,原铝进口-印度尼西亚,,VALID,NONE,NONE,BLOCKED,BLOCKED,UNCHANGED,No blacklist hit (old or new),NO
TPL-AL-024,PDF,AL,原铝进口-其他国家,"重检索填充: search (score=0.89, name=泰国海关: 泰国铝制餐桌、厨房或其他家用物品、卫生洁具及其零部件进口量: 月度)",FILLED,NONE,NONE,BLOCKED,BLOCKED,UNCHANGED,No blacklist hit (old or new),NO
TPL-AL-025,PDF,AL,原生铝合金月产量,"重检索填充: search (score=1.00, name=SMM: 原生铝合金产量: 月度)",FILLED,NONE,NONE,BLOCKED,BLOCKED,UNCHANGED,No blacklist hit (old or new),NO
TPL-AL-026,PDF,AL,再生铝合金月产量,"重检索填充: search (score=1.00, name=再生铝合金锭：158家样本企业：产量：中国（月）)",FILLED,NONE,NONE,INFO,INFO,UNCHANGED,No blacklist hit (old or new),NO
TPL-AL-027,PDF,AL,铝杆开工率,,VALID,NONE,NONE,BLOCKED,BLOCKED,UNCHANGED,No blacklist hit (old or new),NO
TPL-AL-028,PDF,AL,原生铝合金开工率,,VALID,NONE,NONE,BLOCKED,BLOCKED,UNCHANGED,No blacklist hit (old or new),NO
TPL-AL-029,PDF,AL,再生铝合金开工率,,VALID,NONE,NONE,BLOCKED,BLOCKED,UNCHANGED,No blacklist hit (old or new),NO
TPL-AL-030,PDF,AL,电解铝：出库量：中国,"重检索填充: search (score=0.90, name=电解铝：出库量：中国（日）)",FILLED,NONE,NONE,CLEAN,CLEAN,UNCHANGED,No blacklist hit (old or new),NO
TPL-AL-031,PDF,AL,铝棒：出库量：中国,"重检索填充: search (score=0.89, name=铝棒：出库量：中国（日）)",FILLED,NONE,NONE,CLEAN,CLEAN,UNCHANGED,No blacklist hit (old or new),NO
TPL-AL-032,PDF,AL,SMM:,,VALID,NONE,NONE,BLOCKED,BLOCKED,UNCHANGED,No blacklist hit (old or new),NO
TPL-AL-032,PDF,AL,1A60铝杆加工费(山东),"重检索填充: search (score=1.00, name=SMM: 1A60铝杆加工费(河南) - 涨跌: 日度)",FILLED,NONE,NONE,BLOCKED,BLOCKED,UNCHANGED,No blacklist hit (old or new),NO
TPL-AL-033,PDF,AL,SMM:,,VALID,NONE,NONE,BLOCKED,BLOCKED,UNCHANGED,No blacklist hit (old or new),NO
TPL-AL-033,PDF,AL,1A60铝杆加工费(内蒙),"重检索填充: search (score=1.00, name=SMM: 1A60铝杆加工费(河南) - 涨跌: 日度)",FILLED,NONE,NONE,BLOCKED,BLOCKED,UNCHANGED,No blacklist hit (old or new),NO
TPL-AL-034,PDF,AL,出口-未锻轧铝合金,未锻轧铝合金：出口数量合计：中国（月）,VALID,NONE,NONE,INFO,INFO,UNCHANGED,No blacklist hit (old or new),NO
TPL-AL-035,PDF,AL,铝材出口-东南亚,重检索填充: indicators_v1 模糊匹配 (al_53_export),FILLED,NONE,NONE,BLOCKED,BLOCKED,UNCHANGED,No blacklist hit (old or new),NO
TPL-AL-036,PDF,AL,铝材出口-北美,,VALID,NONE,NONE,BLOCKED,BLOCKED,UNCHANGED,No blacklist hit (old or new),NO
TPL-AL-037,PDF,AL,铝材出口-中东,重检索填充: indicators_v1 模糊匹配 (al_53_export),FILLED,NONE,NONE,BLOCKED,BLOCKED,UNCHANGED,No blacklist hit (old or new),NO
TPL-AL-038,PDF,AL,铝制品出口-北美,"重检索填充: search (score=0.88, name=铝制品：出口金额合计：中国→北美地区（月）)",FILLED,NONE,NONE,INFO,INFO,UNCHANGED,No blacklist hit (old or new),NO
TPL-SN-001,PDF,SN,国内再生锡产量,,VALID,NONE,NONE,BLOCKED,BLOCKED,UNCHANGED,No blacklist hit (old or new),NO
TPL-SN-002,PDF,SN,沪锡近半年月差变化,,VALID,NONE,NONE,BLOCKED,BLOCKED,UNCHANGED,No blacklist hit (old or new),NO
TPL-SN-003,PDF,SN,锡全球显性库存变化,,VALID,NONE,NONE,BLOCKED,BLOCKED,UNCHANGED,No blacklist hit (old or new),NO
TPL-SN-004,PDF,SN,国内品牌升贴水,锡锭：升贴水：中国：云锡（日）,VALID,NONE,NONE,CLEAN,CLEAN,UNCHANGED,No blacklist hit (old or new),NO
TPL-SN-005,PDF,SN,沪锡总持仓量,,VALID,NONE,NONE,BLOCKED,BLOCKED,UNCHANGED,No blacklist hit (old or new),NO
TPL-SN-006,PDF,SN,LME锡升贴水,,VALID,NONE,NONE,BLOCKED,BLOCKED,UNCHANGED,No blacklist hit (old or new),NO
TPL-SN-007,PDF,SN,LME官方三月价,,VALID,NONE,NONE,BLOCKED,BLOCKED,UNCHANGED,No blacklist hit (old or new),NO
TPL-SN-008,PDF,SN,锡沪伦比,锡锭：沪伦比值（日）,VALID,NONE,NONE,CLEAN,CLEAN,UNCHANGED,No blacklist hit (old or new),NO
TPL-SN-009,PDF,SN,锡锭进口利润,锡锭：现货：进口盈亏（日）,VALID,NONE,NONE,INFO,INFO,UNCHANGED,No blacklist hit (old or new),NO
TPL-SN-010,PDF,SN,国内锡矿产量,USGS：锡矿：含锡：产量：中国（年）,VALID,NONE,NONE,INFO,INFO,UNCHANGED,No blacklist hit (old or new),NO
TPL-SN-011,PDF,SN,国内锡矿进口量,,VALID,NONE,NONE,BLOCKED,BLOCKED,UNCHANGED,No blacklist hit (old or new),NO
TPL-SN-012,PDF,SN,缅甸进口至我国锡矿量,,VALID,NONE,NONE,BLOCKED,BLOCKED,UNCHANGED,No blacklist hit (old or new),NO
TPL-SN-013,PDF,SN,刚果进口至我国锡矿量,,VALID,NONE,NONE,BLOCKED,BLOCKED,UNCHANGED,No blacklist hit (old or new),NO
TPL-SN-014,PDF,SN,国内再生锡产量,,VALID,NONE,NONE,BLOCKED,BLOCKED,UNCHANGED,No blacklist hit (old or new),NO
TPL-SN-015,PDF,SN,国内锡开工率,,VALID,NONE,NONE,BLOCKED,BLOCKED,UNCHANGED,No blacklist hit (old or new),NO
TPL-SN-016,PDF,SN,国内锡锭产量,,VALID,NONE,NONE,BLOCKED,BLOCKED,UNCHANGED,No blacklist hit (old or new),NO
TPL-SN-017,PDF,SN,锡冶炼利润,"重检索填充: search (score=0.80, name=冶炼锡：毛利（日）)",FILLED,NONE,NONE,CLEAN,CLEAN,UNCHANGED,No blacklist hit (old or new),NO
TPL-SN-017,PDF,SN,图、锡冶炼厂加工费,,VALID,NONE,NONE,BLOCKED,BLOCKED,UNCHANGED,No blacklist hit (old or new),NO
TPL-SN-018,PDF,SN,锡冶炼厂加工费,,VALID,NONE,NONE,BLOCKED,BLOCKED,UNCHANGED,No blacklist hit (old or new),NO
TPL-SN-019,PDF,SN,中国精炼锡进口量变化,,VALID,NONE,NONE,BLOCKED,BLOCKED,UNCHANGED,No blacklist hit (old or new),NO
TPL-SN-019,PDF,SN,图、中国净进口量变化,电解锡：净进口数量：中国（年）,VALID,NONE,NONE,INFO,INFO,UNCHANGED,No blacklist hit (old or new),NO
TPL-SN-020,PDF,SN,上期所库存,SHFE：镍：交割库库存：浙江：国储837处（周）,VALID,NONE,NONE,BLOCKED,BLOCKED,UNCHANGED,No blacklist hit (old or new),NO
TPL-SN-021,PDF,SN,中国锡锭社会库存,,VALID,NONE,NONE,BLOCKED,BLOCKED,UNCHANGED,No blacklist hit (old or new),NO
TPL-SN-022,PDF,SN,SMM工厂库存,重检索填充: indicators_v1 模糊匹配 (si_43_inv),FILLED,NONE,NONE,BLOCKED,BLOCKED,UNCHANGED,No blacklist hit (old or new),NO
TPL-SN-023,PDF,SN,SMM社会库存,锡锭：库存：中国（周）,VALID,NONE,NONE,INFO,INFO,UNCHANGED,No blacklist hit (old or new),NO
TPL-SN-024,PDF,SN,印尼交易所锡锭成交量,,VALID,NONE,NONE,BLOCKED,BLOCKED,UNCHANGED,No blacklist hit (old or new),NO
TPL-SN-025,PDF,SN,印尼精炼锡出口量变化,,VALID,NONE,NONE,BLOCKED,BLOCKED,UNCHANGED,No blacklist hit (old or new),NO
TPL-SN-026,PDF,SN,巴西精炼锡出口量,,VALID,NONE,NONE,BLOCKED,BLOCKED,UNCHANGED,No blacklist hit (old or new),NO
TPL-SN-027,PDF,SN,马来西亚精炼锡出口量,,VALID,NONE,NONE,BLOCKED,BLOCKED,UNCHANGED,No blacklist hit (old or new),NO
TPL-SN-028,PDF,SN,马来西亚锡矿进口量,,VALID,NONE,NONE,BLOCKED,BLOCKED,UNCHANGED,No blacklist hit (old or new),NO
TPL-SN-029,PDF,SN,LME库存分布变化,,VALID,NONE,NONE,BLOCKED,BLOCKED,UNCHANGED,No blacklist hit (old or new),NO
TPL-SN-030,PDF,SN,LME库存变化,LME：镍：注册仓单（日）,VALID,NONE,NONE,BLOCKED,BLOCKED,UNCHANGED,No blacklist hit (old or new),NO
TPL-SN-031,PDF,SN,国内初级锡材产量,,VALID,NONE,NONE,BLOCKED,BLOCKED,UNCHANGED,No blacklist hit (old or new),NO
TPL-SN-032,PDF,SN,国内智能手机产量,,VALID,NONE,NONE,BLOCKED,BLOCKED,UNCHANGED,No blacklist hit (old or new),NO
TPL-SN-033,PDF,SN,光伏消费用锡拟合,,VALID,NONE,NONE,BLOCKED,BLOCKED,UNCHANGED,No blacklist hit (old or new),NO
TPL-SN-034,PDF,SN,汽车端消费用锡拟合,"重检索填充: search (score=0.44, name=汽车：消费指数：中国（月）)",FILLED,NONE,NONE,P1,P1,UNCHANGED,No blacklist hit (old or new),NO
TPL-SN-035,PDF,SN,日本锡净进口量,,VALID,NONE,NONE,BLOCKED,BLOCKED,UNCHANGED,No blacklist hit (old or new),NO
TPL-SN-036,PDF,SN,韩国锡净进口量,,VALID,NONE,NONE,BLOCKED,BLOCKED,UNCHANGED,No blacklist hit (old or new),NO
TPL-SN-037,PDF,SN,印度锡净进口量图：美国锡净进口量,,VALID,NONE,NONE,BLOCKED,BLOCKED,UNCHANGED,No blacklist hit (old or new),NO
TPL-NI-001,PDF,NI,上期所镍月间结构,"重检索填充: search (score=0.62, name=中国期货协会：镍：成交额：上期所（月）)",FILLED,NONE,NONE,BLOCKED,BLOCKED,UNCHANGED,No blacklist hit (old or new),NO
TPL-NI-002,PDF,NI,上期所不锈钢月间结构,,VALID,NONE,NONE,BLOCKED,BLOCKED,UNCHANGED,No blacklist hit (old or new),NO
TPL-NI-003,PDF,NI,LME,LME：镍：3个月合约：持仓量（日）,VALID,NONE,NONE,BLOCKED,BLOCKED,UNCHANGED,No blacklist hit (old or new),NO
TPL-NI-004,PDF,NI,不同镍产品折镍价,"重检索填充: search (score=0.50, name=SMM: 304废不锈钢折合镍铁价格: 日度)",FILLED,NONE,NONE,BLOCKED,BLOCKED,UNCHANGED,No blacklist hit (old or new),NO
TPL-NI-005,PDF,NI,硫酸镍价格,硫酸镍：电池级：22%Ni：成交均价：中国（月）,VALID,NONE,NONE,CLEAN,CLEAN,UNCHANGED,No blacklist hit (old or new),NO
TPL-NI-006,PDF,NI,中国精炼镍产量,精炼镍：产量：中国（月）,VALID,NONE,NONE,INFO,INFO,UNCHANGED,No blacklist hit (old or new),NO
TPL-NI-007,PDF,NI,印尼精炼镍产量,,VALID,NONE,NONE,BLOCKED,BLOCKED,UNCHANGED,No blacklist hit (old or new),NO
TPL-NI-008,PDF,NI,中国电解镍净进口量,"重检索填充: search (score=0.89, name=电解铜：净进口数量：中国（年）)",FILLED,BL-022,BL-022,INFO,P0_HIT,UNCHANGED,Same blacklist hits: BL-022,YES
TPL-NI-009,PDF,NI,镍社会库存,镍生铁：库存合计：中国：实物量（月）,VALID,NONE,NONE,INFO,INFO,UNCHANGED,No blacklist hit (old or new),NO
TPL-NI-010,PDF,NI,镍板库存,"重检索填充: search (score=1.00, name=镍板：库存：中国：18家样本仓库（周）)",FILLED,NONE,NONE,INFO,INFO,UNCHANGED,No blacklist hit (old or new),NO
TPL-NI-011,PDF,NI,镍豆库存,"重检索填充: search (score=1.00, name=镍豆：库存：中国：18家样本仓库（周）)",FILLED,NONE,NONE,INFO,INFO,UNCHANGED,No blacklist hit (old or new),NO
TPL-NI-012,PDF,NI,镍全球显性库存,"重检索填充: search (score=0.71, name=镍：期末库存：全球（年）)",FILLED,NONE,NONE,INFO,INFO,UNCHANGED,No blacklist hit (old or new),NO
TPL-NI-013,PDF,NI,LME镍库存,,VALID,NONE,NONE,BLOCKED,BLOCKED,UNCHANGED,No blacklist hit (old or new),NO
TPL-NI-014,PDF,NI,LME镍库存分布：洲,,VALID,NONE,NONE,BLOCKED,BLOCKED,UNCHANGED,No blacklist hit (old or new),NO
TPL-NI-015,PDF,NI,LME镍库存分布：仓库,,VALID,NONE,NONE,BLOCKED,BLOCKED,UNCHANGED,No blacklist hit (old or new),NO
TPL-NI-016,PDF,NI,中国硫酸镍产量,硫酸镍：实物量：产量：中国（月）,VALID,NONE,NONE,INFO,INFO,UNCHANGED,No blacklist hit (old or new),NO
TPL-NI-017,PDF,NI,中国硫酸镍企业开工率,,VALID,NONE,NONE,BLOCKED,BLOCKED,UNCHANGED,No blacklist hit (old or new),NO
TPL-NI-018,PDF,NI,中国硫酸镍进口量,,VALID,NONE,NONE,BLOCKED,BLOCKED,UNCHANGED,No blacklist hit (old or new),NO
TPL-NI-019,PDF,NI,中国硫酸镍出口量,,VALID,NONE,NONE,BLOCKED,BLOCKED,UNCHANGED,No blacklist hit (old or new),NO
TPL-NI-020,PDF,NI,中国冰镍进口量,冰镍：进口金额合计：中国（月）,VALID,NONE,NONE,INFO,INFO,UNCHANGED,No blacklist hit (old or new),NO
TPL-NI-021,PDF,NI,中国冰镍进口量：自印尼,冰镍：进口金额：印尼→中国（月）,VALID,NONE,NONE,INFO,INFO,UNCHANGED,No blacklist hit (old or new),NO
TPL-NI-022,PDF,NI,印尼冰镍产量（高冰镍+低冰镍）,,VALID,NONE,NONE,BLOCKED,BLOCKED,UNCHANGED,No blacklist hit (old or new),NO
TPL-NI-023,PDF,NI,印尼冰镍产量（分品味）,冰镍：以金属量计：产量：印尼：老口径（月）,VALID,NONE,NONE,INFO,INFO,UNCHANGED,No blacklist hit (old or new),NO
TPL-NI-024,PDF,NI,中国动力电池装车量：磷酸铁锂,创新联盟：动力电池：装车量：宁德时代（月）,VALID,NONE,NONE,CLEAN,CLEAN,UNCHANGED,No blacklist hit (old or new),NO
TPL-NI-025,PDF,NI,新能源车产量,"重检索填充: search (score=1.00, name=NBS: 中国新能源汽车产量: 月度)",FILLED,NONE,NONE,BLOCKED,BLOCKED,UNCHANGED,No blacklist hit (old or new),NO
TPL-NI-026,PDF,NI,新能源车销量,"重检索填充: search (score=1.00, name=新能源汽车：销量累计值：中国（月）)",FILLED,NONE,NONE,INFO,INFO,UNCHANGED,No blacklist hit (old or new),NO
TPL-NI-027,PDF,NI,不锈钢结构,"重检索填充: search (score=1.00, name=美国：进口金额：不锈钢结构管（年）)",FILLED,NONE,NONE,BLOCKED,BLOCKED,UNCHANGED,No blacklist hit (old or new),NO
TPL-NI-028,PDF,NI,不锈钢基差,SHFE：不锈钢：基差（日）,VALID,NONE,NONE,BLOCKED,BLOCKED,UNCHANGED,No blacklist hit (old or new),NO
TPL-NI-029,PDF,NI,不锈钢冷热轧价差,,VALID,NONE,NONE,BLOCKED,BLOCKED,UNCHANGED,No blacklist hit (old or new),NO
TPL-NI-030,PDF,NI,菲律宾镍矿价格（1.5%）,"重检索填充: search (score=1.00, name=红土镍矿：1.3%Ni，15-25%Fe，33-35%含水：菲律宾产：CIF汇总)",FILLED,NONE,NONE,CLEAN,CLEAN,UNCHANGED,No blacklist hit (old or new),NO
TPL-NI-031,PDF,NI,"印尼镍矿价格（HPM,1.6%）","重检索填充: search (score=1.00, name=红土镍矿：1.6%Ni，15-20%Fe，35%含水：HPM价格：印尼（日）)",FILLED,NONE,NONE,INFO,INFO,UNCHANGED,No blacklist hit (old or new),NO
TPL-NI-032,PDF,NI,镍铁价格（江苏，7%≤Ni,"重检索填充: search (score=0.92, name=镍生铁：4%≤Ni＜7%：到厂价格：江苏（日）)",FILLED,NONE,NONE,INFO,INFO,UNCHANGED,No blacklist hit (old or new),NO
TPL-NI-032,PDF,NI,元/镍点,"重检索填充: search (score=0.75, name=SMM三元电池粉镍系数指数 - 涨跌值)",FILLED,NONE,NONE,BLOCKED,BLOCKED,UNCHANGED,No blacklist hit (old or new),NO
TPL-NI-033,PDF,NI,"镍铁理论利润（RKEF,山东）",未找到候选ID,MISSING,NONE,NONE,BLOCKED,BLOCKED,UNCHANGED,No blacklist hit (old or new),NO
TPL-NI-034,PDF,NI,铬矿价格（块矿，36-38%Cr，南非产）,,VALID,NONE,NONE,BLOCKED,BLOCKED,UNCHANGED,No blacklist hit (old or new),NO
TPL-NI-035,PDF,NI,高碳铬铁价格（内蒙古）,,VALID,NONE,NONE,BLOCKED,BLOCKED,UNCHANGED,No blacklist hit (old or new),NO
TPL-NI-036,PDF,NI,中国高碳铬铁产量,高碳铬铁：产量：中国（月）,VALID,NONE,NONE,INFO,INFO,UNCHANGED,No blacklist hit (old or new),NO
TPL-NI-037,PDF,NI,高碳铬铁进口量,,VALID,NONE,NONE,BLOCKED,BLOCKED,UNCHANGED,No blacklist hit (old or new),NO
TPL-NI-038,PDF,NI,中国镍铁产量,低镍生铁：产量：中国：实物量（月）,VALID,NONE,NONE,INFO,INFO,UNCHANGED,No blacklist hit (old or new),NO
TPL-NI-039,PDF,NI,镍铁进口量,镍铁：进口数量合计：中国（月）,VALID,NONE,NONE,BLOCKED,BLOCKED,UNCHANGED,No blacklist hit (old or new),NO
TPL-NI-040,PDF,NI,不锈钢粗钢产量：300系（中国）,,VALID,NONE,NONE,BLOCKED,BLOCKED,UNCHANGED,No blacklist hit (old or new),NO
TPL-NI-041,PDF,NI,不锈钢产量：300系（印尼）,,VALID,NONE,NONE,BLOCKED,BLOCKED,UNCHANGED,No blacklist hit (old or new),NO
TPL-NI-042,PDF,NI,不锈钢进口量,,VALID,NONE,NONE,BLOCKED,BLOCKED,UNCHANGED,No blacklist hit (old or new),NO
TPL-NI-043,PDF,NI,不锈钢出口量,,VALID,NONE,NONE,BLOCKED,BLOCKED,UNCHANGED,No blacklist hit (old or new),NO
TPL-NI-044,PDF,NI,不锈钢库存：300系（总）,,VALID,NONE,NONE,BLOCKED,BLOCKED,UNCHANGED,No blacklist hit (old or new),NO
TPL-NI-045,PDF,NI,不锈钢库存：300系（冷轧）,冷轧不锈钢：300：库存：西安（周）,VALID,NONE,NONE,INFO,INFO,UNCHANGED,No blacklist hit (old or new),NO
TPL-NI-046,PDF,NI,不锈钢库存：300系（热轧）,热轧不锈钢：300：库存：西安（周）,VALID,NONE,NONE,INFO,INFO,UNCHANGED,No blacklist hit (old or new),NO
TPL-NI-047,PDF,NI,不锈钢仓单,,VALID,NONE,NONE,BLOCKED,BLOCKED,UNCHANGED,No blacklist hit (old or new),NO
THS-AL-3.1,THS,AL,沪铝主力收盘价,THS模板无zhiji_id，需后续匹配,,NONE,NONE,INFO,INFO,UNCHANGED,No blacklist hit (old or new),NO
THS-AL-3.1,THS,AL,A00铝现货均价,THS模板无zhiji_id，需后续匹配,,NONE,NONE,INFO,INFO,UNCHANGED,No blacklist hit (old or new),NO
THS-AL-3.1,THS,AL,电解铝行业加权平均完全成本,THS模板无zhiji_id，需后续匹配,,NONE,NONE,INFO,INFO,UNCHANGED,No blacklist hit (old or new),NO
THS-AL-3.1,THS,AL,行业理论盈利,THS模板无zhiji_id，需后续匹配,,NONE,NONE,INFO,INFO,UNCHANGED,No blacklist hit (old or new),NO
THS-AL-3.1,THS,AL,盈利运行产能占比,THS模板无zhiji_id，需后续匹配,,NONE,NONE,INFO,INFO,UNCHANGED,No blacklist hit (old or new),NO
THS-AL-3.1,THS,AL,亏损产量占比,THS模板无zhiji_id，需后续匹配,,NONE,NONE,INFO,INFO,UNCHANGED,No blacklist hit (old or new),NO
THS-AL-3.1,THS,AL,最低完全成本,THS模板无zhiji_id，需后续匹配,,NONE,NONE,INFO,INFO,UNCHANGED,No blacklist hit (old or new),NO
THS-AL-3.1,THS,AL,最高完全成本,THS模板无zhiji_id，需后续匹配,,NONE,NONE,INFO,INFO,UNCHANGED,No blacklist hit (old or new),NO
THS-AL-3.1,THS,AL,中位成本,THS模板无zhiji_id，需后续匹配,,NONE,NONE,INFO,INFO,UNCHANGED,No blacklist hit (old or new),NO
THS-AL-3.1,THS,AL,铝价指数,THS模板无zhiji_id，需后续匹配,,NONE,NONE,INFO,INFO,UNCHANGED,No blacklist hit (old or new),NO
THS-AL-3.1,THS,AL,完全成本指数,THS模板无zhiji_id，需后续匹配,,NONE,NONE,INFO,INFO,UNCHANGED,No blacklist hit (old or new),NO
THS-AL-3.2,THS,AL,氧化铝现货均价/指数,THS模板无zhiji_id，需后续匹配,,NONE,NONE,INFO,INFO,UNCHANGED,No blacklist hit (old or new),NO
THS-AL-3.2,THS,AL,单吨氧化铝成本,THS模板无zhiji_id，需后续匹配,,NONE,NONE,INFO,INFO,UNCHANGED,No blacklist hit (old or new),NO
THS-AL-3.2,THS,AL,综合使用电价,THS模板无zhiji_id，需后续匹配,,NONE,NONE,INFO,INFO,UNCHANGED,No blacklist hit (old or new),NO
THS-AL-3.2,THS,AL,吨铝电力成本,THS模板无zhiji_id，需后续匹配,,NONE,NONE,INFO,INFO,UNCHANGED,No blacklist hit (old or new),NO
THS-AL-3.2,THS,AL,预焙阳极均价,THS模板无zhiji_id，需后续匹配,,NONE,NONE,INFO,INFO,UNCHANGED,No blacklist hit (old or new),NO
THS-AL-3.2,THS,AL,单吨阳极成本,THS模板无zhiji_id，需后续匹配,,NONE,NONE,INFO,INFO,UNCHANGED,No blacklist hit (old or new),NO
THS-AL-3.2,THS,AL,氟化铝现货价,THS模板无zhiji_id，需后续匹配,,NONE,NONE,INFO,INFO,UNCHANGED,No blacklist hit (old or new),NO
THS-AL-3.2,THS,AL,冰晶石现货价,THS模板无zhiji_id，需后续匹配,,NONE,NONE,INFO,INFO,UNCHANGED,No blacklist hit (old or new),NO
THS-AL-3.2,THS,AL,估算辅料成本,THS模板无zhiji_id，需后续匹配,,NONE,NONE,INFO,INFO,UNCHANGED,No blacklist hit (old or new),NO
THS-AL-3.2,THS,AL,氧化铝、电力、阳极、其他成本占比,THS模板无zhiji_id，需后续匹配,,NONE,NONE,INFO,INFO,UNCHANGED,No blacklist hit (old or new),NO
THS-AL-3.2,THS,AL,自备电价、网电价差、区域吨铝成本差,THS模板无zhiji_id，需后续匹配,,NONE,NONE,INFO,INFO,UNCHANGED,No blacklist hit (old or new),NO
THS-AL-3.3,THS,AL,动力煤价格指数,THS模板无zhiji_id，需后续匹配,,NONE,NONE,INFO,INFO,UNCHANGED,No blacklist hit (old or new),NO
THS-AL-3.3,THS,AL,自备电厂成本/自备电价,THS模板无zhiji_id，需后续匹配,,NONE,NONE,INFO,INFO,UNCHANGED,No blacklist hit (old or new),NO
THS-AL-3.3,THS,AL,石油焦价格,THS模板无zhiji_id，需后续匹配,,NONE,NONE,INFO,INFO,UNCHANGED,No blacklist hit (old or new),NO
THS-AL-3.3,THS,AL,煤沥青价格,THS模板无zhiji_id，需后续匹配,,NONE,NONE,INFO,INFO,UNCHANGED,No blacklist hit (old or new),NO
THS-AL-3.3,THS,AL,预焙阳极价格,THS模板无zhiji_id，需后续匹配,,NONE,NONE,INFO,INFO,UNCHANGED,No blacklist hit (old or new),NO
THS-AL-3.3,THS,AL,几内亚铝土矿CIF/FOB,THS模板无zhiji_id，需后续匹配,,NONE,NONE,INFO,INFO,UNCHANGED,No blacklist hit (old or new),NO
THS-AL-3.3,THS,AL,国产铝土矿价格,THS模板无zhiji_id，需后续匹配,,NONE,NONE,INFO,INFO,UNCHANGED,No blacklist hit (old or new),NO
THS-AL-3.3,THS,AL,氧化铝价格,THS模板无zhiji_id，需后续匹配,,NONE,NONE,INFO,INFO,UNCHANGED,No blacklist hit (old or new),NO
THS-AL-3.3,THS,AL,国内主流消费地电解铝库存,THS模板无zhiji_id，需后续匹配,,NONE,NONE,INFO,INFO,UNCHANGED,No blacklist hit (old or new),NO
THS-AL-3.3,THS,AL,沪铝主力收盘价,THS模板无zhiji_id，需后续匹配,,NONE,NONE,INFO,INFO,UNCHANGED,No blacklist hit (old or new),NO
THS-AL-3.3,THS,AL,A00现货价,THS模板无zhiji_id，需后续匹配,,NONE,NONE,INFO,INFO,UNCHANGED,No blacklist hit (old or new),NO
THS-AL-3.3,THS,AL,基差,THS模板无zhiji_id，需后续匹配,,NONE,NONE,INFO,INFO,UNCHANGED,No blacklist hit (old or new),NO
THS-AL-4.1,THS,AL,上期所沪铝期货仓单,THS模板无zhiji_id，需后续匹配,,NONE,NONE,INFO,INFO,UNCHANGED,No blacklist hit (old or new),NO
THS-AL-4.1,THS,AL,LME铝总库存,THS模板无zhiji_id，需后续匹配,,NONE,NONE,INFO,INFO,UNCHANGED,No blacklist hit (old or new),NO
THS-AL-4.1,THS,AL,沪铝主力价格,THS模板无zhiji_id，需后续匹配,,NONE,NONE,INFO,INFO,UNCHANGED,No blacklist hit (old or new),NO
THS-AL-4.2,THS,AL,中国主要地区/市场电解铝社会库存,THS模板无zhiji_id，需后续匹配,,NONE,NONE,INFO,INFO,UNCHANGED,No blacklist hit (old or new),NO
THS-AL-4.2,THS,AL,SMM周度铝锭库存 / 国内主流消费地电解铝锭库存,THS模板无zhiji_id，需后续匹配,,NONE,NONE,INFO,INFO,UNCHANGED,No blacklist hit (old or new),NO
THS-AL-4.2,THS,AL,无锡、佛山、巩义、上海、重庆、天津等区域库存,THS模板无zhiji_id，需后续匹配,,NONE,NONE,INFO,INFO,UNCHANGED,No blacklist hit (old or new),NO
THS-AL-4.2,THS,AL,Mysteel/SMM社会库存,THS模板无zhiji_id，需后续匹配,,NONE,NONE,INFO,INFO,UNCHANGED,No blacklist hit (old or new),NO
THS-AL-4.2,THS,AL,沪铝主力价格,THS模板无zhiji_id，需后续匹配,,NONE,NONE,INFO,INFO,UNCHANGED,No blacklist hit (old or new),NO
THS-AL-4.2,THS,AL,Mysteel社会库存,THS模板无zhiji_id，需后续匹配,,NONE,NONE,INFO,INFO,UNCHANGED,No blacklist hit (old or new),NO
THS-AL-4.2,THS,AL,上期所沪铝期货仓单,THS模板无zhiji_id，需后续匹配,,NONE,NONE,INFO,INFO,UNCHANGED,No blacklist hit (old or new),NO
THS-AL-4.2,THS,AL,电解铝社会库存,THS模板无zhiji_id，需后续匹配,,NONE,NONE,INFO,INFO,UNCHANGED,No blacklist hit (old or new),NO
THS-AL-4.2,THS,AL,铝棒社会库存,THS模板无zhiji_id，需后续匹配,,NONE,NONE,INFO,INFO,UNCHANGED,No blacklist hit (old or new),NO
THS-AL-4.3,THS,AL,中国电解铝企业厂内铝锭库存,THS模板无zhiji_id，需后续匹配,,NONE,NONE,INFO,INFO,UNCHANGED,No blacklist hit (old or new),NO
THS-AL-4.3,THS,AL,中国主要地区电解铝社会库存,THS模板无zhiji_id，需后续匹配,,NONE,NONE,INFO,INFO,UNCHANGED,No blacklist hit (old or new),NO
THS-AL-4.3,THS,AL,电解铝企业厂内铝锭库存,THS模板无zhiji_id，需后续匹配,,NONE,NONE,INFO,INFO,UNCHANGED,No blacklist hit (old or new),NO
THS-AL-4.3,THS,AL,电解铝社会库存、电解铝厂内库存、电解铝出库量,THS模板无zhiji_id，需后续匹配,,NONE,NONE,INFO,INFO,UNCHANGED,No blacklist hit (old or new),NO
THS-AL-4.3,THS,AL,国内铝棒社会库存 / 主要市场铝棒库存,THS模板无zhiji_id，需后续匹配,,NONE,NONE,INFO,INFO,UNCHANGED,No blacklist hit (old or new),NO
THS-AL-4.3,THS,AL,SMM国内铝水比例,THS模板无zhiji_id，需后续匹配,,NONE,NONE,INFO,INFO,UNCHANGED,No blacklist hit (old or new),NO
THS-AL-4.3,THS,AL,铝锭社会库存,THS模板无zhiji_id，需后续匹配,,NONE,NONE,INFO,INFO,UNCHANGED,No blacklist hit (old or new),NO
THS-AL-4.3,THS,AL,铝棒社会库存,THS模板无zhiji_id，需后续匹配,,NONE,NONE,INFO,INFO,UNCHANGED,No blacklist hit (old or new),NO
THS-AL-4.3,THS,AL,铝棒加工费,THS模板无zhiji_id，需后续匹配,,NONE,NONE,INFO,INFO,UNCHANGED,No blacklist hit (old or new),NO
THS-AL-6.1,THS,AL,中国废铝进口量,THS模板无zhiji_id，需后续匹配,,NONE,NONE,INFO,INFO,UNCHANGED,No blacklist hit (old or new),NO
THS-AL-6.1,THS,AL,废铝进口来源国数量/占比,THS模板无zhiji_id，需后续匹配,,NONE,NONE,INFO,INFO,UNCHANGED,No blacklist hit (old or new),NO
THS-AL-6.1,THS,AL,中国铝土矿月度进口量,THS模板无zhiji_id，需后续匹配,,NONE,NONE,INFO,INFO,UNCHANGED,No blacklist hit (old or new),NO
THS-AL-6.1,THS,AL,中国氧化铝进口/出口/净进口,THS模板无zhiji_id，需后续匹配,,NONE,NONE,INFO,INFO,UNCHANGED,No blacklist hit (old or new),NO
THS-AL-6.1,THS,AL,周到港量、港口库存、氧化铝厂库存天数,THS模板无zhiji_id，需后续匹配,,NONE,NONE,INFO,INFO,UNCHANGED,No blacklist hit (old or new),NO
THS-AL-6.2,THS,AL,中国未锻轧铝及铝材月度出口量,THS模板无zhiji_id，需后续匹配,,NONE,NONE,INFO,INFO,UNCHANGED,No blacklist hit (old or new),NO
THS-AL-6.2,THS,AL,中国未锻轧铝及铝材月度进口量,THS模板无zhiji_id，需后续匹配,,NONE,NONE,INFO,INFO,UNCHANGED,No blacklist hit (old or new),NO
THS-AL-6.2,THS,AL,中国废铝月度进口量,THS模板无zhiji_id，需后续匹配,,NONE,NONE,INFO,INFO,UNCHANGED,No blacklist hit (old or new),NO
THS-AL-6.2,THS,AL,中国铝合金月度进口量/出口量,THS模板无zhiji_id，需后续匹配,,NONE,NONE,INFO,INFO,UNCHANGED,No blacklist hit (old or new),NO
THS-AL-6.3,THS,AL,中国铝材月度出口量,THS模板无zhiji_id，需后续匹配,,NONE,NONE,INFO,INFO,UNCHANGED,No blacklist hit (old or new),NO
THS-AL-6.3,THS,AL,铝板带/铝箔/铝挤压材出口量,THS模板无zhiji_id，需后续匹配,,NONE,NONE,INFO,INFO,UNCHANGED,No blacklist hit (old or new),NO
THS-AL-6.3,THS,AL,中国铝制品月度出口量,THS模板无zhiji_id，需后续匹配,,NONE,NONE,INFO,INFO,UNCHANGED,No blacklist hit (old or new),NO
THS-AL-6.3,THS,AL,铝制结构件/容器/车轮/绞线出口量,THS模板无zhiji_id，需后续匹配,,NONE,NONE,INFO,INFO,UNCHANGED,No blacklist hit (old or new),NO
THS-AL-6.3,THS,AL,出口金额、出口均价,THS模板无zhiji_id，需后续匹配,,NONE,NONE,INFO,INFO,UNCHANGED,No blacklist hit (old or new),NO
THS-CU-2.3,THS,CU,沪铜主力/连续收盘价,THS模板无zhiji_id，需后续匹配,,NONE,NONE,INFO,INFO,UNCHANGED,No blacklist hit (old or new),NO
THS-CU-2.3,THS,CU,LME Copper Cash/3M,THS模板无zhiji_id，需后续匹配,,NONE,NONE,INFO,INFO,UNCHANGED,No blacklist hit (old or new),NO
THS-CU-2.3,THS,CU,COMEX Copper活跃合约,THS模板无zhiji_id，需后续匹配,,NONE,NONE,INFO,INFO,UNCHANGED,No blacklist hit (old or new),NO
THS-CU-2.3,THS,CU,SHFE/LME比价,THS模板无zhiji_id，需后续匹配,,NONE,NONE,INFO,INFO,UNCHANGED,No blacklist hit (old or new),NO
THS-CU-2.3,THS,CU,COMEX活跃价折算美元/吨相对LME 3M溢价,THS模板无zhiji_id，需后续匹配,,NONE,NONE,INFO,INFO,UNCHANGED,No blacklist hit (old or new),NO
THS-CU-2.3,THS,CU,SHFE铜仓单,THS模板无zhiji_id，需后续匹配,,NONE,NONE,INFO,INFO,UNCHANGED,No blacklist hit (old or new),NO
THS-CU-2.3,THS,CU,COME,THS模板无zhiji_id，需后续匹配,,NONE,NONE,INFO,INFO,UNCHANGED,No blacklist hit (old or new),NO
THS-CU-2.3,THS,CU,SMM 1#电解铜现货均价,THS模板无zhiji_id，需后续匹配,,NONE,NONE,INFO,INFO,UNCHANGED,No blacklist hit (old or new),NO
THS-CU-2.3,THS,CU,沪铜主力收盘价,THS模板无zhiji_id，需后续匹配,,NONE,NONE,INFO,INFO,UNCHANGED,No blacklist hit (old or new),NO
THS-CU-2.3,THS,CU,SMM 1#电解铜升贴水,THS模板无zhiji_id，需后续匹配,,NONE,NONE,INFO,INFO,UNCHANGED,No blacklist hit (old or new),NO
THS-CU-2.3,THS,CU,平水铜升贴水,THS模板无zhiji_id，需后续匹配,,NONE,NONE,INFO,INFO,UNCHANGED,No blacklist hit (old or new),NO
THS-CU-2.3,THS,CU,升水铜升贴水,THS模板无zhiji_id，需后续匹配,,NONE,NONE,INFO,INFO,UNCHANGED,No blacklist hit (old or new),NO
THS-CU-2.3,THS,CU,湿法铜升贴水,THS模板无zhiji_id，需后续匹配,,NONE,NONE,INFO,INFO,UNCHANGED,No blacklist hit (old or new),NO
THS-CU-2.3,THS,CU,SMM EQ-A铜升贴水,THS模板无zhiji_id，需后续匹配,,NONE,NONE,INFO,INFO,UNCHANGED,No blacklist hit (old or new),NO
THS-CU-4.1,THS,CU,LME铜库存、上期所铜库存、COMEX铜库存,THS模板无zhiji_id，需后续匹配,,NONE,NONE,INFO,INFO,UNCHANGED,No blacklist hit (old or new),NO
THS-CU-4.1,THS,CU,各LME仓库/地点铜库存,THS模板无zhiji_id，需后续匹配,,NONE,NONE,INFO,INFO,UNCHANGED,No blacklist hit (old or new),NO
THS-CU-4.2,THS,CU,SHFE铜仓单、沪铜主力价格、现货升贴水,THS模板无zhiji_id，需后续匹配,,NONE,NONE,INFO,INFO,UNCHANGED,No blacklist hit (old or new),NO
THS-CU-4.2,THS,CU,电解铜仓单、国际铜仓单,THS模板无zhiji_id，需后续匹配,,NONE,NONE,INFO,INFO,UNCHANGED,No blacklist hit (old or new),NO
THS-CU-4.2,THS,CU,仓单注册量、仓单注销量、仓单总量,THS模板无zhiji_id，需后续匹配,,NONE,NONE,INFO,INFO,UNCHANGED,No blacklist hit (old or new),NO
THS-CU-4.2,THS,CU,上海、江苏、广东、浙江等仓单数量,THS模板无zhiji_id，需后续匹配,,NONE,NONE,INFO,INFO,UNCHANGED,No blacklist hit (old or new),NO
THS-CU-4.3,THS,CU,SMM中国主流地区电解铜社会库存,THS模板无zhiji_id，需后续匹配,,NONE,NONE,INFO,INFO,UNCHANGED,No blacklist hit (old or new),NO
THS-CU-4.3,THS,CU,Mysteel国内市场电解铜现货库存,THS模板无zhiji_id，需后续匹配,,NONE,NONE,INFO,INFO,UNCHANGED,No blacklist hit (old or new),NO
THS-CU-4.3,THS,CU,上海库存、广东库存、江苏库存,THS模板无zhiji_id，需后续匹配,,NONE,NONE,INFO,INFO,UNCHANGED,No blacklist hit (old or new),NO
THS-CU-4.3,THS,CU,上海、广东、江苏、浙江、江西等区域库存,THS模板无zhiji_id，需后续匹配,,NONE,NONE,INFO,INFO,UNCHANGED,No blacklist hit (old or new),NO
THS-CU-4.3,THS,CU,社会库存、电解铜现货成交量,THS模板无zhiji_id，需后续匹配,,NONE,NONE,INFO,INFO,UNCHANGED,No blacklist hit (old or new),NO
THS-CU-4.3,THS,CU,社会库存、SHFE铜仓单,THS模板无zhiji_id，需后续匹配,,NONE,NONE,INFO,INFO,UNCHANGED,No blacklist hit (old or new),NO
THS-CU-4.4,THS,CU,LME-approved warehouses,THS模板无zhiji_id，需后续匹配,,NONE,NONE,INFO,INFO,UNCHANGED,No blacklist hit (old or new),NO
THS-CU-4.4,THS,CU,Cancelled warrants,THS模板无zhiji_id，需后续匹配,,NONE,NONE,INFO,INFO,UNCHANGED,No blacklist hit (old or new),NO
THS-CU-4.4,THS,CU,上海保税区铜库存、广东保税区铜库存,THS模板无zhiji_id，需后续匹配,,NONE,NONE,INFO,INFO,UNCHANGED,No blacklist hit (old or new),NO
THS-CU-4.4,THS,CU,保税区库存、沪伦进口盈亏或COMEX-LME价差,THS模板无zhiji_id，需后续匹配,,NONE,NONE,INFO,INFO,UNCHANGED,No blacklist hit (old or new),NO
THS-CU-4.4,THS,CU,上海、广东等保税区库存,THS模板无zhiji_id，需后续匹配,,NONE,NONE,INFO,INFO,UNCHANGED,No blacklist hit (old or new),NO
THS-CU-4.4,THS,CU,在途海运铜库存估算,THS模板无zhiji_id，需后续匹配,,NONE,NONE,INFO,INFO,UNCHANGED,No blacklist hit (old or new),NO
THS-CU-4.4,THS,CU,保税区库存、进口利润、精废价差,THS模板无zhiji_id，需后续匹配,,NONE,NONE,INFO,INFO,UNCHANGED,No blacklist hit (old or new),NO
THS-CU-4.5,THS,CU,精铜杆企业原料库存,THS模板无zhiji_id，需后续匹配,,NONE,NONE,INFO,INFO,UNCHANGED,No blacklist hit (old or new),NO
THS-CU-4.5,THS,CU,精铜杆企业成品库存,THS模板无zhiji_id，需后续匹配,,NONE,NONE,INFO,INFO,UNCHANGED,No blacklist hit (old or new),NO
THS-CU-4.5,THS,CU,再生铜杆企业原料库存,THS模板无zhiji_id，需后续匹配,,NONE,NONE,INFO,INFO,UNCHANGED,No blacklist hit (old or new),NO
THS-CU-4.5,THS,CU,黄铜棒企业原料库存,THS模板无zhiji_id，需后续匹配,,NONE,NONE,INFO,INFO,UNCHANGED,No blacklist hit (old or new),NO
THS-CU-4.5,THS,CU,铜线缆企业原料库存、漆包线企业原料库存,THS模板无zhiji_id，需后续匹配,,NONE,NONE,INFO,INFO,UNCHANGED,No blacklist hit (old or new),NO
THS-CU-4.5,THS,CU,精铜杆、再生铜杆、线缆、铜管等成品库存,THS模板无zhiji_id，需后续匹配,,NONE,NONE,INFO,INFO,UNCHANGED,No blacklist hit (old or new),NO
THS-LI-2.1,THS,LI,期货主力合约收盘价（元/吨）,THS模板无zhiji_id，需后续匹配,,NONE,NONE,INFO,INFO,UNCHANGED,No blacklist hit (old or new),NO
THS-LI-2.1,THS,LI,持仓量（手）,THS模板无zhiji_id，需后续匹配,,NONE,NONE,INFO,INFO,UNCHANGED,No blacklist hit (old or new),NO
THS-LI-2.1,THS,LI,成交量（手）,THS模板无zhiji_id，需后续匹配,,NONE,NONE,INFO,INFO,UNCHANGED,No blacklist hit (old or new),NO
THS-LI-2.1,THS,LI,多空持仓比（%）,THS模板无zhiji_id，需后续匹配,,NONE,NONE,INFO,INFO,UNCHANGED,No blacklist hit (old or new),NO
THS-LI-2.1,THS,LI,基差（元/吨）,THS模板无zhiji_id，需后续匹配,,NONE,NONE,INFO,INFO,UNCHANGED,No blacklist hit (old or new),NO
THS-LI-2.1,THS,LI,现货升贴水（元/吨）,THS模板无zhiji_id，需后续匹配,,NONE,NONE,INFO,INFO,UNCHANGED,No blacklist hit (old or new),NO
THS-LI-2.1,THS,LI,期限结构（元/吨）,THS模板无zhiji_id，需后续匹配,,NONE,NONE,INFO,INFO,UNCHANGED,No blacklist hit (old or new),NO
THS-LI-2.1,THS,LI,月差（元/吨）,THS模板无zhiji_id，需后续匹配,,NONE,NONE,INFO,INFO,UNCHANGED,No blacklist hit (old or new),NO
THS-LI-2.1,THS,LI,仓单注册量（手）,THS模板无zhiji_id，需后续匹配,,NONE,NONE,INFO,INFO,UNCHANGED,No blacklist hit (old or new),NO
THS-LI-2.1,THS,LI,近3年同月收盘价均值（元/吨）,THS模板无zhiji_id，需后续匹配,,NONE,NONE,INFO,INFO,UNCHANGED,No blacklist hit (old or new),NO
THS-LI-2.1,THS,LI,近3年同月收盘价标准差（元/吨）,THS模板无zhiji_id，需后续匹配,,NONE,NONE,INFO,INFO,UNCHANGED,No blacklist hit (old or new),NO
THS-LI-2.1,THS,LI,近3年同月持仓量均值（手）,THS模板无zhiji_id，需后续匹配,,NONE,NONE,INFO,INFO,UNCHANGED,No blacklist hit (old or new),NO
THS-LI-2.1,THS,LI,近3年同月持仓量标准差（手）,THS模板无zhiji_id，需后续匹配,,NONE,NONE,INFO,INFO,UNCHANGED,No blacklist hit (old or new),NO
THS-LI-2.2,THS,LI,电池级碳酸锂现货升贴水（元/吨）,THS模板无zhiji_id，需后续匹配,,NONE,NONE,INFO,INFO,UNCHANGED,No blacklist hit (old or new),NO
THS-LI-2.2,THS,LI,电池级碳酸锂基差（元/吨）,THS模板无zhiji_id，需后续匹配,,NONE,NONE,INFO,INFO,UNCHANGED,No blacklist hit (old or new),NO
THS-LI-2.2,THS,LI,工业级碳酸锂现货升贴水（元/吨）,THS模板无zhiji_id，需后续匹配,,NONE,NONE,INFO,INFO,UNCHANGED,No blacklist hit (old or new),NO
THS-LI-2.2,THS,LI,氢氧化锂现货升贴水（元/吨）,THS模板无zhiji_id，需后续匹配,,NONE,NONE,INFO,INFO,UNCHANGED,No blacklist hit (old or new),NO
THS-LI-2.2,THS,LI,仓单注册量（手）,THS模板无zhiji_id，需后续匹配,,NONE,NONE,INFO,INFO,UNCHANGED,No blacklist hit (old or new),NO
THS-LI-2.2,THS,LI,期货主力合约收盘价（元/吨）,THS模板无zhiji_id，需后续匹配,,NONE,NONE,INFO,INFO,UNCHANGED,No blacklist hit (old or new),NO
THS-LI-2.2,THS,LI,月差（元/吨）,THS模板无zhiji_id，需后续匹配,,NONE,NONE,INFO,INFO,UNCHANGED,No blacklist hit (old or new),NO
THS-LI-2.2,THS,LI,期限结构（元/吨）,THS模板无zhiji_id，需后续匹配,,NONE,NONE,INFO,INFO,UNCHANGED,No blacklist hit (old or new),NO
THS-LI-2.2,THS,LI,近3年同月升贴水均值（元/吨）,THS模板无zhiji_id，需后续匹配,,NONE,NONE,INFO,INFO,UNCHANGED,No blacklist hit (old or new),NO
THS-LI-2.2,THS,LI,近3年同月升贴水标准差（元/吨）,THS模板无zhiji_id，需后续匹配,,NONE,NONE,INFO,INFO,UNCHANGED,No blacklist hit (old or new),NO
THS-LI-2.2,THS,LI,基差（元/吨）,THS模板无zhiji_id，需后续匹配,,NONE,NONE,INFO,INFO,UNCHANGED,No blacklist hit (old or new),NO
THS-LI-2.2,THS,LI,电池级碳酸锂升贴水占比（%）,THS模板无zhiji_id，需后续匹配,,NONE,NONE,INFO,INFO,UNCHANGED,No blacklist hit (old or new),NO
THS-LI-2.2,THS,LI,工业级碳酸锂升贴水占比（%）,THS模板无zhiji_id，需后续匹配,,NONE,NONE,INFO,INFO,UNCHANGED,No blacklist hit (old or new),NO
THS-LI-2.2,THS,LI,氢氧化锂升贴水占比（%）,THS模板无zhiji_id，需后续匹配,,NONE,NONE,INFO,INFO,UNCHANGED,No blacklist hit (old or new),NO
THS-LI-2.3,THS,LI,LME锂价（美元/吨）,THS模板无zhiji_id，需后续匹配,,NONE,NONE,INFO,INFO,UNCHANGED,No blacklist hit (old or new),NO
THS-LI-2.3,THS,LI,COMEX锂价（美元/吨）,THS模板无zhiji_id，需后续匹配,,NONE,NONE,INFO,INFO,UNCHANGED,No blacklist hit (old or new),NO
THS-LI-2.3,THS,LI,沪伦比（元/吨）,THS模板无zhiji_id，需后续匹配,,NONE,NONE,INFO,INFO,UNCHANGED,No blacklist hit (old or new),NO
THS-LI-2.3,THS,LI,进口盈亏（元/吨）,THS模板无zhiji_id，需后续匹配,,NONE,NONE,INFO,INFO,UNCHANGED,No blacklist hit (old or new),NO
THS-LI-2.3,THS,LI,海外现货升贴水（美元/吨）,THS模板无zhiji_id，需后续匹配,,NONE,NONE,INFO,INFO,UNCHANGED,No blacklist hit (old or new),NO
THS-LI-2.3,THS,LI,LME仓单（手）,THS模板无zhiji_id，需后续匹配,,NONE,NONE,INFO,INFO,UNCHANGED,No blacklist hit (old or new),NO
THS-LI-2.3,THS,LI,现金价（美元/吨）,THS模板无zhiji_id，需后续匹配,,NONE,NONE,INFO,INFO,UNCHANGED,No blacklist hit (old or new),NO
THS-LI-2.3,THS,LI,近3年同月价格均值（美元/吨）,THS模板无zhiji_id，需后续匹配,,NONE,NONE,INFO,INFO,UNCHANGED,No blacklist hit (old or new),NO
THS-LI-2.3,THS,LI,近3年同月价格标准差（美元/吨）,THS模板无zhiji_id，需后续匹配,,NONE,NONE,INFO,INFO,UNCHANGED,No blacklist hit (old or new),NO
THS-LI-2.3,THS,LI,近3年同月沪伦比均值（元/吨）,THS模板无zhiji_id，需后续匹配,,NONE,NONE,INFO,INFO,UNCHANGED,No blacklist hit (old or new),NO
THS-LI-2.3,THS,LI,近3年同月沪伦比标准差（元/吨）,THS模板无zhiji_id，需后续匹配,,NONE,NONE,INFO,INFO,UNCHANGED,No blacklist hit (old or new),NO
THS-LI-2.3,THS,LI,COMEX仓单（手）,THS模板无zhiji_id，需后续匹配,,NONE,NONE,INFO,INFO,UNCHANGED,No blacklist hit (old or new),NO
THS-LI-2.4,THS,LI,月差（元/吨）,THS模板无zhiji_id，需后续匹配,,NONE,NONE,INFO,INFO,UNCHANGED,No blacklist hit (old or new),NO
THS-LI-2.4,THS,LI,期限结构（元/吨）,THS模板无zhiji_id，需后续匹配,,NONE,NONE,INFO,INFO,UNCHANGED,No blacklist hit (old or new),NO
THS-LI-2.4,THS,LI,近月合约收盘价（元/吨）,THS模板无zhiji_id，需后续匹配,,NONE,NONE,INFO,INFO,UNCHANGED,No blacklist hit (old or new),NO
THS-LI-2.4,THS,LI,远月合约收盘价（元/吨）,THS模板无zhiji_id，需后续匹配,,NONE,NONE,INFO,INFO,UNCHANGED,No blacklist hit (old or new),NO
THS-LI-2.4,THS,LI,基差（元/吨）,THS模板无zhiji_id，需后续匹配,,NONE,NONE,INFO,INFO,UNCHANGED,No blacklist hit (old or new),NO
THS-LI-2.4,THS,LI,仓单注册量（手）,THS模板无zhiji_id，需后续匹配,,NONE,NONE,INFO,INFO,UNCHANGED,No blacklist hit (old or new),NO
THS-LI-2.4,THS,LI,近3年同月均值（元/吨）,THS模板无zhiji_id，需后续匹配,,NONE,NONE,INFO,INFO,UNCHANGED,No blacklist hit (old or new),NO
THS-LI-2.4,THS,LI,近3年同月标准差（元/吨）,THS模板无zhiji_id，需后续匹配,,NONE,NONE,INFO,INFO,UNCHANGED,No blacklist hit (old or new),NO
THS-LI-2.4,THS,LI,期货主力合约收盘价（元/吨）,THS模板无zhiji_id，需后续匹配,,NONE,NONE,INFO,INFO,UNCHANGED,No blacklist hit (old or new),NO
THS-LI-2.4,THS,LI,持仓量（手）,THS模板无zhiji_id，需后续匹配,,NONE,NONE,INFO,INFO,UNCHANGED,No blacklist hit (old or new),NO
THS-LI-2.5,THS,LI,估值分位（%）,THS模板无zhiji_id，需后续匹配,,NONE,NONE,INFO,INFO,UNCHANGED,No blacklist hit (old or new),NO
THS-LI-2.5,THS,LI,期货主力合约收盘价（元/吨）,THS模板无zhiji_id，需后续匹配,,NONE,NONE,INFO,INFO,UNCHANGED,No blacklist hit (old or new),NO
THS-LI-2.5,THS,LI,冶炼利润（元/吨）,THS模板无zhiji_id，需后续匹配,,NONE,NONE,INFO,INFO,UNCHANGED,No blacklist hit (old or new),NO
THS-LI-2.5,THS,LI,碳酸锂冶炼利润（元/吨）,THS模板无zhiji_id，需后续匹配,,NONE,NONE,INFO,INFO,UNCHANGED,No blacklist hit (old or new),NO
THS-LI-2.5,THS,LI,氢氧化锂冶炼利润（元/吨）,THS模板无zhiji_id，需后续匹配,,NONE,NONE,INFO,INFO,UNCHANGED,No blacklist hit (old or new),NO
THS-LI-2.5,THS,LI,盐湖提锂利润（元/吨）,THS模板无zhiji_id，需后续匹配,,NONE,NONE,INFO,INFO,UNCHANGED,No blacklist hit (old or new),NO
THS-LI-2.5,THS,LI,锂云母/锂辉石利润（元/吨）,THS模板无zhiji_id，需后续匹配,,NONE,NONE,INFO,INFO,UNCHANGED,No blacklist hit (old or new),NO
THS-LI-2.5,THS,LI,工业级碳酸锂利润（元/吨）,THS模板无zhiji_id，需后续匹配,,NONE,NONE,INFO,INFO,UNCHANGED,No blacklist hit (old or new),NO
THS-LI-2.5,THS,LI,近3年同月分位均值（%）,THS模板无zhiji_id，需后续匹配,,NONE,NONE,INFO,INFO,UNCHANGED,No blacklist hit (old or new),NO
THS-LI-2.5,THS,LI,近3年同月分位标准差（%）,THS模板无zhiji_id，需后续匹配,,NONE,NONE,INFO,INFO,UNCHANGED,No blacklist hit (old or new),NO
THS-LI-2.5,THS,LI,近3年同月利润均值（元/吨）,THS模板无zhiji_id，需后续匹配,,NONE,NONE,INFO,INFO,UNCHANGED,No blacklist hit (old or new),NO
THS-LI-2.5,THS,LI,近3年同月利润标准差（元/吨）,THS模板无zhiji_id，需后续匹配,,NONE,NONE,INFO,INFO,UNCHANGED,No blacklist hit (old or new),NO
THS-LI-2.5,THS,LI,电池级碳酸锂利润（元/吨）,THS模板无zhiji_id，需后续匹配,,NONE,NONE,INFO,INFO,UNCHANGED,No blacklist hit (old or new),NO
THS-LI-2.6,THS,LI,多头前20持仓量（手）,THS模板无zhiji_id，需后续匹配,,NONE,NONE,INFO,INFO,UNCHANGED,No blacklist hit (old or new),NO
THS-LI-2.6,THS,LI,空头前20持仓量（手）,THS模板无zhiji_id，需后续匹配,,NONE,NONE,INFO,INFO,UNCHANGED,No blacklist hit (old or new),NO
THS-LI-2.6,THS,LI,多空持仓比（%）,THS模板无zhiji_id，需后续匹配,,NONE,NONE,INFO,INFO,UNCHANGED,No blacklist hit (old or new),NO
THS-LI-2.6,THS,LI,期货主力合约收盘价（元/吨）,THS模板无zhiji_id，需后续匹配,,NONE,NONE,INFO,INFO,UNCHANGED,No blacklist hit (old or new),NO
THS-LI-2.6,THS,LI,前20多头净持仓（手）,THS模板无zhiji_id，需后续匹配,,NONE,NONE,INFO,INFO,UNCHANGED,No blacklist hit (old or new),NO
THS-LI-2.6,THS,LI,成交量（手）,THS模板无zhiji_id，需后续匹配,,NONE,NONE,INFO,INFO,UNCHANGED,No blacklist hit (old or new),NO
THS-LI-2.6,THS,LI,前20空头净持仓（手）,THS模板无zhiji_id，需后续匹配,,NONE,NONE,INFO,INFO,UNCHANGED,No blacklist hit (old or new),NO
THS-LI-2.6,THS,LI,持仓量（手）,THS模板无zhiji_id，需后续匹配,,NONE,NONE,INFO,INFO,UNCHANGED,No blacklist hit (old or new),NO
THS-LI-2.6,THS,LI,近3年同月多空持仓比均值（%）,THS模板无zhiji_id，需后续匹配,,NONE,NONE,INFO,INFO,UNCHANGED,No blacklist hit (old or new),NO
THS-LI-2.6,THS,LI,近3年同月多空持仓比标准差（%）,THS模板无zhiji_id，需后续匹配,,NONE,NONE,INFO,INFO,UNCHANGED,No blacklist hit (old or new),NO
THS-LI-2.6,THS,LI,前20席位总持仓（手）,THS模板无zhiji_id，需后续匹配,,NONE,NONE,INFO,INFO,UNCHANGED,No blacklist hit (old or new),NO
THS-LI-2.6,THS,LI,近3年同月总持仓均值（手）,THS模板无zhiji_id，需后续匹配,,NONE,NONE,INFO,INFO,UNCHANGED,No blacklist hit (old or new),NO
THS-LI-2.6,THS,LI,近3年同月总持仓标准差（手）,THS模板无zhiji_id，需后续匹配,,NONE,NONE,INFO,INFO,UNCHANGED,No blacklist hit (old or new),NO
THS-LI-3.1.1,THS,LI,海外锂矿产量（万吨LCE）,THS模板无zhiji_id，需后续匹配,,NONE,NONE,INFO,INFO,UNCHANGED,No blacklist hit (old or new),NO
THS-LI-3.1.1,THS,LI,海外精炼产量（万吨LCE）,THS模板无zhiji_id，需后续匹配,,NONE,NONE,INFO,INFO,UNCHANGED,No blacklist hit (old or new),NO
THS-LI-3.1.1,THS,LI,海外产能（万吨LCE）,THS模板无zhiji_id，需后续匹配,,NONE,NONE,INFO,INFO,UNCHANGED,No blacklist hit (old or new),NO
THS-LI-3.1.1,THS,LI,海外开工率（%）,THS模板无zhiji_id，需后续匹配,,NONE,NONE,INFO,INFO,UNCHANGED,No blacklist hit (old or new),NO
THS-LI-3.1.1,THS,LI,海外产能利用率（%）,THS模板无zhiji_id，需后续匹配,,NONE,NONE,INFO,INFO,UNCHANGED,No blacklist hit (old or new),NO
THS-LI-3.1.1,THS,LI,海外检修量（万吨LCE）,THS模板无zhiji_id，需后续匹配,,NONE,NONE,INFO,INFO,UNCHANGED,No blacklist hit (old or new),NO
THS-LI-3.1.1,THS,LI,海外加工费TC（元/吨）,THS模板无zhiji_id，需后续匹配,,NONE,NONE,INFO,INFO,UNCHANGED,No blacklist hit (old or new),NO
THS-LI-3.1.1,THS,LI,海外进口量（万吨LCE）,THS模板无zhiji_id，需后续匹配,,NONE,NONE,INFO,INFO,UNCHANGED,No blacklist hit (old or new),NO
THS-LI-3.1.1,THS,LI,近3年同季均值（万吨LCE）,THS模板无zhiji_id，需后续匹配,,NONE,NONE,INFO,INFO,UNCHANGED,No blacklist hit (old or new),NO
THS-LI-3.1.1,THS,LI,近3年同季标准差（万吨LCE）,THS模板无zhiji_id，需后续匹配,,NONE,NONE,INFO,INFO,UNCHANGED,No blacklist hit (old or new),NO
THS-LI-3.1.1,THS,LI,海外进口量分国别（万吨LCE）,THS模板无zhiji_id，需后续匹配,,NONE,NONE,INFO,INFO,UNCHANGED,No blacklist hit (old or new),NO
THS-LI-3.1.2,THS,LI,澳大利亚锂矿产量（万吨LCE）,THS模板无zhiji_id，需后续匹配,,NONE,NONE,INFO,INFO,UNCHANGED,No blacklist hit (old or new),NO
THS-LI-3.1.2,THS,LI,非洲锂矿产量（万吨LCE）,THS模板无zhiji_id，需后续匹配,,NONE,NONE,INFO,INFO,UNCHANGED,No blacklist hit (old or new),NO
THS-LI-3.1.2,THS,LI,南美锂矿产量（万吨LCE）,THS模板无zhiji_id，需后续匹配,,NONE,NONE,INFO,INFO,UNCHANGED,No blacklist hit (old or new),NO
THS-LI-3.1.2,THS,LI,亚洲锂矿产量（万吨LCE）,THS模板无zhiji_id，需后续匹配,,NONE,NONE,INFO,INFO,UNCHANGED,No blacklist hit (old or new),NO
THS-LI-3.1.2,THS,LI,海外锂矿进口量分国别（万吨LCE）,THS模板无zhiji_id，需后续匹配,,NONE,NONE,INFO,INFO,UNCHANGED,No blacklist hit (old or new),NO
THS-LI-3.1.2,THS,LI,海外锂矿出口量分国别（万吨LCE）,THS模板无zhiji_id，需后续匹配,,NONE,NONE,INFO,INFO,UNCHANGED,No blacklist hit (old or new),NO
THS-LI-3.1.2,THS,LI,海外锂矿库存分国别（万吨LCE）,THS模板无zhiji_id，需后续匹配,,NONE,NONE,INFO,INFO,UNCHANGED,No blacklist hit (old or new),NO
THS-LI-3.1.2,THS,LI,海外锂矿产能分国别（万吨LCE）,THS模板无zhiji_id，需后续匹配,,NONE,NONE,INFO,INFO,UNCHANGED,No blacklist hit (old or new),NO
THS-LI-3.1.2,THS,LI,近3年同月均值（万吨LCE）,THS模板无zhiji_id，需后续匹配,,NONE,NONE,INFO,INFO,UNCHANGED,No blacklist hit (old or new),NO
THS-LI-3.1.2,THS,LI,近3年同月标准差（万吨LCE）,THS模板无zhiji_id，需后续匹配,,NONE,NONE,INFO,INFO,UNCHANGED,No blacklist hit (old or new),NO
THS-LI-3.1.3,THS,LI,锂云母产量（万吨LCE）,THS模板无zhiji_id，需后续匹配,,NONE,NONE,INFO,INFO,UNCHANGED,No blacklist hit (old or new),NO
THS-LI-3.1.3,THS,LI,锂辉石产量（万吨LCE）,THS模板无zhiji_id，需后续匹配,,NONE,NONE,INFO,INFO,UNCHANGED,No blacklist hit (old or new),NO
THS-LI-3.1.3,THS,LI,国内锂矿产量（万吨LCE）,THS模板无zhiji_id，需后续匹配,,NONE,NONE,INFO,INFO,UNCHANGED,No blacklist hit (old or new),NO
THS-LI-3.1.3,THS,LI,盐湖提锂产量（万吨LCE）,THS模板无zhiji_id，需后续匹配,,NONE,NONE,INFO,INFO,UNCHANGED,No blacklist hit (old or new),NO
THS-LI-3.1.3,THS,LI,国内锂矿产能（万吨LCE）,THS模板无zhiji_id，需后续匹配,,NONE,NONE,INFO,INFO,UNCHANGED,No blacklist hit (old or new),NO
THS-LI-3.1.3,THS,LI,国内锂矿开工率（%）,THS模板无zhiji_id，需后续匹配,,NONE,NONE,INFO,INFO,UNCHANGED,No blacklist hit (old or new),NO
THS-LI-3.1.3,THS,LI,国内锂矿产能利用率（%）,THS模板无zhiji_id，需后续匹配,,NONE,NONE,INFO,INFO,UNCHANGED,No blacklist hit (old or new),NO
THS-LI-3.1.3,THS,LI,国内锂矿检修量（万吨LCE）,THS模板无zhiji_id，需后续匹配,,NONE,NONE,INFO,INFO,UNCHANGED,No blacklist hit (old or new),NO
THS-LI-3.1.3,THS,LI,近3年同月均值（万吨LCE）,THS模板无zhiji_id，需后续匹配,,NONE,NONE,INFO,INFO,UNCHANGED,No blacklist hit (old or new),NO
THS-LI-3.1.3,THS,LI,近3年同月标准差（万吨LCE）,THS模板无zhiji_id，需后续匹配,,NONE,NONE,INFO,INFO,UNCHANGED,No blacklist hit (old or new),NO
THS-LI-3.1.3,THS,LI,近3年同月均值（%）,THS模板无zhiji_id，需后续匹配,,NONE,NONE,INFO,INFO,UNCHANGED,No blacklist hit (old or new),NO
THS-LI-3.1.3,THS,LI,近3年同月标准差（%）,THS模板无zhiji_id，需后续匹配,,NONE,NONE,INFO,INFO,UNCHANGED,No blacklist hit (old or new),NO
THS-LI-3.1.4,THS,LI,锂矿进口总量（万吨LCE）,THS模板无zhiji_id，需后续匹配,,NONE,NONE,INFO,INFO,UNCHANGED,No blacklist hit (old or new),NO
THS-LI-3.1.4,THS,LI,锂辉石进口量（万吨LCE）,THS模板无zhiji_id，需后续匹配,,NONE,NONE,INFO,INFO,UNCHANGED,No blacklist hit (old or new),NO
THS-LI-3.1.4,THS,LI,澳大利亚进口量（万吨LCE）,THS模板无zhiji_id，需后续匹配,,NONE,NONE,INFO,INFO,UNCHANGED,No blacklist hit (old or new),NO
THS-LI-3.1.4,THS,LI,非洲进口量（万吨LCE）,THS模板无zhiji_id，需后续匹配,,NONE,NONE,INFO,INFO,UNCHANGED,No blacklist hit (old or new),NO
THS-LI-3.1.4,THS,LI,南美进口量（万吨LCE）,THS模板无zhiji_id，需后续匹配,,NONE,NONE,INFO,INFO,UNCHANGED,No blacklist hit (old or new),NO
THS-LI-3.1.4,THS,LI,澳大利亚进口占比（%）,THS模板无zhiji_id，需后续匹配,,NONE,NONE,INFO,INFO,UNCHANGED,No blacklist hit (old or new),NO
THS-LI-3.1.4,THS,LI,非洲进口占比（%）,THS模板无zhiji_id，需后续匹配,,NONE,NONE,INFO,INFO,UNCHANGED,No blacklist hit (old or new),NO
THS-LI-3.1.4,THS,LI,南美进口占比（%）,THS模板无zhiji_id，需后续匹配,,NONE,NONE,INFO,INFO,UNCHANGED,No blacklist hit (old or new),NO
THS-LI-3.1.4,THS,LI,锂矿进口均价（元/吨）,THS模板无zhiji_id，需后续匹配,,NONE,NONE,INFO,INFO,UNCHANGED,No blacklist hit (old or new),NO
THS-LI-3.1.4,THS,LI,锂矿进口盈亏（元/吨）,THS模板无zhiji_id，需后续匹配,,NONE,NONE,INFO,INFO,UNCHANGED,No blacklist hit (old or new),NO
THS-LI-3.1.4,THS,LI,锂矿进口量（万吨LCE）,THS模板无zhiji_id，需后续匹配,,NONE,NONE,INFO,INFO,UNCHANGED,No blacklist hit (old or new),NO
THS-LI-3.1.4,THS,LI,近3年同月均值（万吨LCE）,THS模板无zhiji_id，需后续匹配,,NONE,NONE,INFO,INFO,UNCHANGED,No blacklist hit (old or new),NO
THS-LI-3.1.4,THS,LI,近3年同月标准差（万吨LCE）,THS模板无zhiji_id，需后续匹配,,NONE,NONE,INFO,INFO,UNCHANGED,No blacklist hit (old or new),NO
THS-LI-3.1.4,THS,LI,锂矿进口仓单量（万吨LCE）,THS模板无zhiji_id，需后续匹配,,NONE,NONE,INFO,INFO,UNCHANGED,No blacklist hit (old or new),NO
THS-LI-3.1.4,THS,LI,锂云母进口量（万吨LCE）,THS模板无zhiji_id，需后续匹配,,NONE,NONE,INFO,INFO,UNCHANGED,No blacklist hit (old or new),NO
THS-LI-3.1.5,THS,LI,锂矿TC（元/吨）,THS模板无zhiji_id，需后续匹配,,NONE,NONE,INFO,INFO,UNCHANGED,No blacklist hit (old or new),NO
THS-LI-3.1.5,THS,LI,锂辉石TC（元/吨）,THS模板无zhiji_id，需后续匹配,,NONE,NONE,INFO,INFO,UNCHANGED,No blacklist hit (old or new),NO
THS-LI-3.1.5,THS,LI,锂矿进口盈亏（元/吨）,THS模板无zhiji_id，需后续匹配,,NONE,NONE,INFO,INFO,UNCHANGED,No blacklist hit (old or new),NO
THS-LI-3.1.5,THS,LI,澳大利亚TC（元/吨）,THS模板无zhiji_id，需后续匹配,,NONE,NONE,INFO,INFO,UNCHANGED,No blacklist hit (old or new),NO
THS-LI-3.1.5,THS,LI,非洲TC（元/吨）,THS模板无zhiji_id，需后续匹配,,NONE,NONE,INFO,INFO,UNCHANGED,No blacklist hit (old or new),NO
THS-LI-3.1.5,THS,LI,南美TC（元/吨）,THS模板无zhiji_id，需后续匹配,,NONE,NONE,INFO,INFO,UNCHANGED,No blacklist hit (old or new),NO
THS-LI-3.1.5,THS,LI,锂云母TC（元/吨）,THS模板无zhiji_id，需后续匹配,,NONE,NONE,INFO,INFO,UNCHANGED,No blacklist hit (old or new),NO
THS-LI-3.1.5,THS,LI,盐湖提锂TC（元/吨）,THS模板无zhiji_id，需后续匹配,,NONE,NONE,INFO,INFO,UNCHANGED,No blacklist hit (old or new),NO
THS-LI-3.1.5,THS,LI,近3年同月均值（元/吨）,THS模板无zhiji_id，需后续匹配,,NONE,NONE,INFO,INFO,UNCHANGED,No blacklist hit (old or new),NO
THS-LI-3.1.5,THS,LI,近3年同月标准差（元/吨）,THS模板无zhiji_id，需后续匹配,,NONE,NONE,INFO,INFO,UNCHANGED,No blacklist hit (old or new),NO
THS-LI-3.1.5,THS,LI,冶炼开工率（%）,THS模板无zhiji_id，需后续匹配,,NONE,NONE,INFO,INFO,UNCHANGED,No blacklist hit (old or new),NO
THS-LI-3.2.1,THS,LI,电池级碳酸锂产量（万吨LCE）,THS模板无zhiji_id，需后续匹配,,NONE,NONE,INFO,INFO,UNCHANGED,No blacklist hit (old or new),NO
THS-LI-3.2.1,THS,LI,工业级碳酸锂产量（万吨LCE）,THS模板无zhiji_id，需后续匹配,,NONE,NONE,INFO,INFO,UNCHANGED,No blacklist hit (old or new),NO
THS-LI-3.2.1,THS,LI,氢氧化锂产量（万吨LCE）,THS模板无zhiji_id，需后续匹配,,NONE,NONE,INFO,INFO,UNCHANGED,No blacklist hit (old or new),NO
THS-LI-3.2.1,THS,LI,碳酸锂产量（万吨LCE）,THS模板无zhiji_id，需后续匹配,,NONE,NONE,INFO,INFO,UNCHANGED,No blacklist hit (old or new),NO
THS-LI-3.2.1,THS,LI,盐湖提锂精炼产量（万吨LCE）,THS模板无zhiji_id，需后续匹配,,NONE,NONE,INFO,INFO,UNCHANGED,No blacklist hit (old or new),NO
THS-LI-3.2.1,THS,LI,锂云母精炼产量（万吨LCE）,THS模板无zhiji_id，需后续匹配,,NONE,NONE,INFO,INFO,UNCHANGED,No blacklist hit (old or new),NO
THS-LI-3.2.1,THS,LI,国内锂盐精炼产能（万吨LCE）,THS模板无zhiji_id，需后续匹配,,NONE,NONE,INFO,INFO,UNCHANGED,No blacklist hit (old or new),NO
THS-LI-3.2.1,THS,LI,国内锂盐精炼开工率（%）,THS模板无zhiji_id，需后续匹配,,NONE,NONE,INFO,INFO,UNCHANGED,No blacklist hit (old or new),NO
THS-LI-3.2.1,THS,LI,近3年同月均值（万吨LCE）,THS模板无zhiji_id，需后续匹配,,NONE,NONE,INFO,INFO,UNCHANGED,No blacklist hit (old or new),NO
THS-LI-3.2.1,THS,LI,近3年同月标准差（万吨LCE）,THS模板无zhiji_id，需后续匹配,,NONE,NONE,INFO,INFO,UNCHANGED,No blacklist hit (old or new),NO
THS-LI-3.2.1,THS,LI,国内锂盐精炼产能利用率（%）,THS模板无zhiji_id，需后续匹配,,NONE,NONE,INFO,INFO,UNCHANGED,No blacklist hit (old or new),NO
THS-LI-3.2.1,THS,LI,国内锂盐检修量（万吨LCE）,THS模板无zhiji_id，需后续匹配,,NONE,NONE,INFO,INFO,UNCHANGED,No blacklist hit (old or new),NO
THS-LI-3.2.1,THS,LI,锂辉石精炼产量（万吨LCE）,THS模板无zhiji_id，需后续匹配,,NONE,NONE,INFO,INFO,UNCHANGED,No blacklist hit (old or new),NO
THS-LI-3.2.2,THS,LI,国内锂盐精炼开工率（%）,THS模板无zhiji_id，需后续匹配,,NONE,NONE,INFO,INFO,UNCHANGED,No blacklist hit (old or new),NO
THS-LI-3.2.2,THS,LI,国内锂盐检修量（万吨LCE）,THS模板无zhiji_id，需后续匹配,,NONE,NONE,INFO,INFO,UNCHANGED,No blacklist hit (old or new),NO
THS-LI-3.2.2,THS,LI,电池级碳酸锂开工率（%）,THS模板无zhiji_id，需后续匹配,,NONE,NONE,INFO,INFO,UNCHANGED,No blacklist hit (old or new),NO
THS-LI-3.2.2,THS,LI,氢氧化锂开工率（%）,THS模板无zhiji_id，需后续匹配,,NONE,NONE,INFO,INFO,UNCHANGED,No blacklist hit (old or new),NO
THS-LI-3.2.2,THS,LI,国内锂盐产能利用率（%）,THS模板无zhiji_id，需后续匹配,,NONE,NONE,INFO,INFO,UNCHANGED,No blacklist hit (old or new),NO
THS-LI-3.2.2,THS,LI,盐湖提锂开工率（%）,THS模板无zhiji_id，需后续匹配,,NONE,NONE,INFO,INFO,UNCHANGED,No blacklist hit (old or new),NO
THS-LI-3.2.2,THS,LI,锂云母精炼开工率（%）,THS模板无zhiji_id，需后续匹配,,NONE,NONE,INFO,INFO,UNCHANGED,No blacklist hit (old or new),NO
THS-LI-3.2.2,THS,LI,国内锂盐开工率（%）,THS模板无zhiji_id，需后续匹配,,NONE,NONE,INFO,INFO,UNCHANGED,No blacklist hit (old or new),NO
THS-LI-3.2.2,THS,LI,近3年同月均值（%）,THS模板无zhiji_id，需后续匹配,,NONE,NONE,INFO,INFO,UNCHANGED,No blacklist hit (old or new),NO
THS-LI-3.2.2,THS,LI,近3年同月标准差（%）,THS模板无zhiji_id，需后续匹配,,NONE,NONE,INFO,INFO,UNCHANGED,No blacklist hit (old or new),NO
THS-LI-3.2.2,THS,LI,近3年同月均值（万吨LCE）,THS模板无zhiji_id，需后续匹配,,NONE,NONE,INFO,INFO,UNCHANGED,No blacklist hit (old or new),NO
THS-LI-3.2.2,THS,LI,近3年同月标准差（万吨LCE）,THS模板无zhiji_id，需后续匹配,,NONE,NONE,INFO,INFO,UNCHANGED,No blacklist hit (old or new),NO
THS-LI-3.2.2,THS,LI,国内锂盐开工天数（天）,THS模板无zhiji_id，需后续匹配,,NONE,NONE,INFO,INFO,UNCHANGED,No blacklist hit (old or new),NO
THS-LI-3.2.2,THS,LI,国内锂盐产能（万吨LCE）,THS模板无zhiji_id，需后续匹配,,NONE,NONE,INFO,INFO,UNCHANGED,No blacklist hit (old or new),NO
THS-LI-3.2.3,THS,LI,再生碳酸锂产量（万吨LCE）,THS模板无zhiji_id，需后续匹配,,NONE,NONE,INFO,INFO,UNCHANGED,No blacklist hit (old or new),NO
THS-LI-3.2.3,THS,LI,再生氢氧化锂产量（万吨LCE）,THS模板无zhiji_id，需后续匹配,,NONE,NONE,INFO,INFO,UNCHANGED,No blacklist hit (old or new),NO
THS-LI-3.2.3,THS,LI,回收企业产量（万吨LCE）,THS模板无zhiji_id，需后续匹配,,NONE,NONE,INFO,INFO,UNCHANGED,No blacklist hit (old or new),NO
THS-LI-3.2.3,THS,LI,回收企业产能（万吨LCE）,THS模板无zhiji_id，需后续匹配,,NONE,NONE,INFO,INFO,UNCHANGED,No blacklist hit (old or new),NO
THS-LI-3.2.3,THS,LI,回收企业开工率（%）,THS模板无zhiji_id，需后续匹配,,NONE,NONE,INFO,INFO,UNCHANGED,No blacklist hit (old or new),NO
THS-LI-3.2.3,THS,LI,回收企业检修量（万吨LCE）,THS模板无zhiji_id，需后续匹配,,NONE,NONE,INFO,INFO,UNCHANGED,No blacklist hit (old or new),NO
THS-LI-3.2.3,THS,LI,回收企业产能利用率（%）,THS模板无zhiji_id，需后续匹配,,NONE,NONE,INFO,INFO,UNCHANGED,No blacklist hit (old or new),NO
THS-LI-3.2.3,THS,LI,回收企业开工天数（天）,THS模板无zhiji_id，需后续匹配,,NONE,NONE,INFO,INFO,UNCHANGED,No blacklist hit (old or new),NO
THS-LI-3.2.3,THS,LI,近3年同月均值（万吨LCE）,THS模板无zhiji_id，需后续匹配,,NONE,NONE,INFO,INFO,UNCHANGED,No blacklist hit (old or new),NO
THS-LI-3.2.3,THS,LI,近3年同月标准差（万吨LCE）,THS模板无zhiji_id，需后续匹配,,NONE,NONE,INFO,INFO,UNCHANGED,No blacklist hit (old or new),NO
THS-LI-3.2.3,THS,LI,近3年同月均值（%）,THS模板无zhiji_id，需后续匹配,,NONE,NONE,INFO,INFO,UNCHANGED,No blacklist hit (old or new),NO
THS-LI-3.2.3,THS,LI,近3年同月标准差（%）,THS模板无zhiji_id，需后续匹配,,NONE,NONE,INFO,INFO,UNCHANGED,No blacklist hit (old or new),NO
THS-LI-3.2.4,THS,LI,电池级碳酸锂冶炼利润（元/吨）,THS模板无zhiji_id，需后续匹配,,NONE,NONE,INFO,INFO,UNCHANGED,No blacklist hit (old or new),NO
THS-LI-3.2.4,THS,LI,工业级碳酸锂冶炼利润（元/吨）,THS模板无zhiji_id，需后续匹配,,NONE,NONE,INFO,INFO,UNCHANGED,No blacklist hit (old or new),NO
THS-LI-3.2.4,THS,LI,氢氧化锂冶炼利润（元/吨）,THS模板无zhiji_id，需后续匹配,,NONE,NONE,INFO,INFO,UNCHANGED,No blacklist hit (old or new),NO
THS-LI-3.2.4,THS,LI,碳酸锂冶炼利润（元/吨）,THS模板无zhiji_id，需后续匹配,,NONE,NONE,INFO,INFO,UNCHANGED,No blacklist hit (old or new),NO
THS-LI-3.2.4,THS,LI,盐湖提锂冶炼利润（元/吨）,THS模板无zhiji_id，需后续匹配,,NONE,NONE,INFO,INFO,UNCHANGED,No blacklist hit (old or new),NO
THS-LI-3.2.4,THS,LI,锂云母冶炼利润（元/吨）,THS模板无zhiji_id，需后续匹配,,NONE,NONE,INFO,INFO,UNCHANGED,No blacklist hit (old or new),NO
THS-LI-3.2.4,THS,LI,锂辉石冶炼利润（元/吨）,THS模板无zhiji_id，需后续匹配,,NONE,NONE,INFO,INFO,UNCHANGED,No blacklist hit (old or new),NO
THS-LI-3.2.4,THS,LI,锂矿TC（元/吨）,THS模板无zhiji_id，需后续匹配,,NONE,NONE,INFO,INFO,UNCHANGED,No blacklist hit (old or new),NO
THS-LI-3.2.4,THS,LI,近3年同月均值（元/吨）,THS模板无zhiji_id，需后续匹配,,NONE,NONE,INFO,INFO,UNCHANGED,No blacklist hit (old or new),NO
THS-LI-3.2.4,THS,LI,近3年同月标准差（元/吨）,THS模板无zhiji_id，需后续匹配,,NONE,NONE,INFO,INFO,UNCHANGED,No blacklist hit (old or new),NO
THS-LI-3.2.4,THS,LI,冶炼产能利用率（%）,THS模板无zhiji_id，需后续匹配,,NONE,NONE,INFO,INFO,UNCHANGED,No blacklist hit (old or new),NO
THS-LI-3.2.4,THS,LI,冶炼检修量（万吨LCE）,THS模板无zhiji_id，需后续匹配,,NONE,NONE,INFO,INFO,UNCHANGED,No blacklist hit (old or new),NO
THS-LI-3.2.4,THS,LI,冶炼利润（元/吨）,THS模板无zhiji_id，需后续匹配,,NONE,NONE,INFO,INFO,UNCHANGED,No blacklist hit (old or new),NO
THS-LI-3.2.4,THS,LI,冶炼产能（万吨LCE）,THS模板无zhiji_id，需后续匹配,,NONE,NONE,INFO,INFO,UNCHANGED,No blacklist hit (old or new),NO
THS-LI-4.1,THS,LI,碳酸锂交易所库存（万吨LCE）,THS模板无zhiji_id，需后续匹配,,NONE,NONE,INFO,INFO,UNCHANGED,No blacklist hit (old or new),NO
THS-LI-4.1,THS,LI,氢氧化锂交易所库存（万吨LCE）,THS模板无zhiji_id，需后续匹配,,NONE,NONE,INFO,INFO,UNCHANGED,No blacklist hit (old or new),NO
THS-LI-4.1,THS,LI,电池级碳酸锂交易所库存（万吨LCE）,THS模板无zhiji_id，需后续匹配,,NONE,NONE,INFO,INFO,UNCHANGED,No blacklist hit (old or new),NO
THS-LI-4.1,THS,LI,工业级碳酸锂交易所库存（万吨LCE）,THS模板无zhiji_id，需后续匹配,,NONE,NONE,INFO,INFO,UNCHANGED,No blacklist hit (old or new),NO
THS-LI-4.1,THS,LI,仓单数量（万吨LCE）,THS模板无zhiji_id，需后续匹配,,NONE,NONE,INFO,INFO,UNCHANGED,No blacklist hit (old or new),NO
THS-LI-4.1,THS,LI,注销仓单数量（万吨LCE）,THS模板无zhiji_id，需后续匹配,,NONE,NONE,INFO,INFO,UNCHANGED,No blacklist hit (old or new),NO
THS-LI-4.1,THS,LI,在途库存（万吨LCE）,THS模板无zhiji_id，需后续匹配,,NONE,NONE,INFO,INFO,UNCHANGED,No blacklist hit (old or new),NO
THS-LI-4.1,THS,LI,隐性库存（万吨LCE）,THS模板无zhiji_id，需后续匹配,,NONE,NONE,INFO,INFO,UNCHANGED,No blacklist hit (old or new),NO
THS-LI-4.1,THS,LI,近3年同月均值（万吨LCE）,THS模板无zhiji_id，需后续匹配,,NONE,NONE,INFO,INFO,UNCHANGED,No blacklist hit (old or new),NO
THS-LI-4.1,THS,LI,近3年同月标准差（万吨LCE）,THS模板无zhiji_id，需后续匹配,,NONE,NONE,INFO,INFO,UNCHANGED,No blacklist hit (old or new),NO
THS-LI-4.2,THS,LI,碳酸锂仓单数量（万吨LCE）,THS模板无zhiji_id，需后续匹配,,NONE,NONE,INFO,INFO,UNCHANGED,No blacklist hit (old or new),NO
THS-LI-4.2,THS,LI,氢氧化锂仓单数量（万吨LCE）,THS模板无zhiji_id，需后续匹配,,NONE,NONE,INFO,INFO,UNCHANGED,No blacklist hit (old or new),NO
THS-LI-4.2,THS,LI,电池级碳酸锂仓单数量（万吨LCE）,THS模板无zhiji_id，需后续匹配,,NONE,NONE,INFO,INFO,UNCHANGED,No blacklist hit (old or new),NO
THS-LI-4.2,THS,LI,工业级碳酸锂仓单数量（万吨LCE）,THS模板无zhiji_id，需后续匹配,,NONE,NONE,INFO,INFO,UNCHANGED,No blacklist hit (old or new),NO
THS-LI-4.2,THS,LI,注销仓单数量（万吨LCE）,THS模板无zhiji_id，需后续匹配,,NONE,NONE,INFO,INFO,UNCHANGED,No blacklist hit (old or new),NO
THS-LI-4.2,THS,LI,仓单数量（万吨LCE）,THS模板无zhiji_id，需后续匹配,,NONE,NONE,INFO,INFO,UNCHANGED,No blacklist hit (old or new),NO
THS-LI-4.2,THS,LI,仓单注销占比（%）,THS模板无zhiji_id，需后续匹配,,NONE,NONE,INFO,INFO,UNCHANGED,No blacklist hit (old or new),NO
THS-LI-4.2,THS,LI,近3年同月均值（万吨LCE）,THS模板无zhiji_id，需后续匹配,,NONE,NONE,INFO,INFO,UNCHANGED,No blacklist hit (old or new),NO
THS-LI-4.2,THS,LI,近3年同月标准差（万吨LCE）,THS模板无zhiji_id，需后续匹配,,NONE,NONE,INFO,INFO,UNCHANGED,No blacklist hit (old or new),NO
THS-LI-4.2,THS,LI,仓单库存天数（天）,THS模板无zhiji_id，需后续匹配,,NONE,NONE,INFO,INFO,UNCHANGED,No blacklist hit (old or new),NO
THS-LI-4.2,THS,LI,碳酸锂交易所库存（万吨LCE）,THS模板无zhiji_id，需后续匹配,,NONE,NONE,INFO,INFO,UNCHANGED,No blacklist hit (old or new),NO
THS-LI-4.3,THS,LI,碳酸锂社会库存（万吨LCE）,THS模板无zhiji_id，需后续匹配,,NONE,NONE,INFO,INFO,UNCHANGED,No blacklist hit (old or new),NO
THS-LI-4.3,THS,LI,氢氧化锂社会库存（万吨LCE）,THS模板无zhiji_id，需后续匹配,,NONE,NONE,INFO,INFO,UNCHANGED,No blacklist hit (old or new),NO
THS-LI-4.3,THS,LI,电池级碳酸锂社会库存（万吨LCE）,THS模板无zhiji_id，需后续匹配,,NONE,NONE,INFO,INFO,UNCHANGED,No blacklist hit (old or new),NO
THS-LI-4.3,THS,LI,工业级碳酸锂社会库存（万吨LCE）,THS模板无zhiji_id，需后续匹配,,NONE,NONE,INFO,INFO,UNCHANGED,No blacklist hit (old or new),NO
THS-LI-4.3,THS,LI,厂内库存（万吨LCE）,THS模板无zhiji_id，需后续匹配,,NONE,NONE,INFO,INFO,UNCHANGED,No blacklist hit (old or new),NO
THS-LI-4.3,THS,LI,在途库存（万吨LCE）,THS模板无zhiji_id，需后续匹配,,NONE,NONE,INFO,INFO,UNCHANGED,No blacklist hit (old or new),NO
THS-LI-4.3,THS,LI,隐性库存（万吨LCE）,THS模板无zhiji_id，需后续匹配,,NONE,NONE,INFO,INFO,UNCHANGED,No blacklist hit (old or new),NO
THS-LI-4.3,THS,LI,近3年同月均值（万吨LCE）,THS模板无zhiji_id，需后续匹配,,NONE,NONE,INFO,INFO,UNCHANGED,No blacklist hit (old or new),NO
THS-LI-4.3,THS,LI,近3年同月标准差（万吨LCE）,THS模板无zhiji_id，需后续匹配,,NONE,NONE,INFO,INFO,UNCHANGED,No blacklist hit (old or new),NO
THS-LI-4.3,THS,LI,库存天数（天）,THS模板无zhiji_id，需后续匹配,,NONE,NONE,INFO,INFO,UNCHANGED,No blacklist hit (old or new),NO
THS-LI-4.4,THS,LI,碳酸锂工厂库存（万吨LCE）,THS模板无zhiji_id，需后续匹配,,NONE,NONE,INFO,INFO,UNCHANGED,No blacklist hit (old or new),NO
THS-LI-4.4,THS,LI,氢氧化锂工厂库存（万吨LCE）,THS模板无zhiji_id，需后续匹配,,NONE,NONE,INFO,INFO,UNCHANGED,No blacklist hit (old or new),NO
THS-LI-4.4,THS,LI,电池级碳酸锂工厂库存（万吨LCE）,THS模板无zhiji_id，需后续匹配,,NONE,NONE,INFO,INFO,UNCHANGED,No blacklist hit (old or new),NO
THS-LI-4.4,THS,LI,工业级碳酸锂工厂库存（万吨LCE）,THS模板无zhiji_id，需后续匹配,,NONE,NONE,INFO,INFO,UNCHANGED,No blacklist hit (old or new),NO
THS-LI-4.4,THS,LI,厂内库存天数（天）,THS模板无zhiji_id，需后续匹配,,NONE,NONE,INFO,INFO,UNCHANGED,No blacklist hit (old or new),NO
THS-LI-4.4,THS,LI,近3年同月均值（万吨LCE）,THS模板无zhiji_id，需后续匹配,,NONE,NONE,INFO,INFO,UNCHANGED,No blacklist hit (old or new),NO
THS-LI-4.4,THS,LI,近3年同月标准差（万吨LCE）,THS模板无zhiji_id，需后续匹配,,NONE,NONE,INFO,INFO,UNCHANGED,No blacklist hit (old or new),NO
THS-LI-4.4,THS,LI,厂内库存分地区（万吨LCE）,THS模板无zhiji_id，需后续匹配,,NONE,NONE,INFO,INFO,UNCHANGED,No blacklist hit (old or new),NO
THS-LI-4.4,THS,LI,厂内库存持有者（万吨LCE）,THS模板无zhiji_id，需后续匹配,,NONE,NONE,INFO,INFO,UNCHANGED,No blacklist hit (old or new),NO
THS-LI-4.4,THS,LI,厂内库存在途量（万吨LCE）,THS模板无zhiji_id，需后续匹配,,NONE,NONE,INFO,INFO,UNCHANGED,No blacklist hit (old or new),NO
THS-NI-2.1,THS,NI,沪镍主力合约收盘价（元/吨）,THS模板无zhiji_id，需后续匹配,,NONE,NONE,INFO,INFO,UNCHANGED,No blacklist hit (old or new),NO
THS-NI-2.1,THS,NI,沪镍主力合约成交量（手）,THS模板无zhiji_id，需后续匹配,,NONE,NONE,INFO,INFO,UNCHANGED,No blacklist hit (old or new),NO
THS-NI-2.1,THS,NI,沪镍主力合约持仓量（手）,THS模板无zhiji_id，需后续匹配,,NONE,NONE,INFO,INFO,UNCHANGED,No blacklist hit (old or new),NO
THS-NI-2.1,THS,NI,前20名多头持仓量,THS模板无zhiji_id，需后续匹配,,NONE,NONE,INFO,INFO,UNCHANGED,No blacklist hit (old or new),NO
THS-NI-2.1,THS,NI,前20名空头持仓量,THS模板无zhiji_id，需后续匹配,,NONE,NONE,INFO,INFO,UNCHANGED,No blacklist hit (old or new),NO
THS-NI-2.1,THS,NI,沪镍近月合约价格,THS模板无zhiji_id，需后续匹配,,NONE,NONE,INFO,INFO,UNCHANGED,No blacklist hit (old or new),NO
THS-NI-2.1,THS,NI,沪镍远月合约价格,THS模板无zhiji_id，需后续匹配,,NONE,NONE,INFO,INFO,UNCHANGED,No blacklist hit (old or new),NO
THS-NI-2.1,THS,NI,月差（近月-远月）,THS模板无zhiji_id，需后续匹配,,NONE,NONE,INFO,INFO,UNCHANGED,No blacklist hit (old or new),NO
THS-NI-2.1,THS,NI,镍现货升贴水（元/吨）,THS模板无zhiji_id，需后续匹配,,NONE,NONE,INFO,INFO,UNCHANGED,No blacklist hit (old or new),NO
THS-NI-2.1,THS,NI,镍期货仓单数量（吨）,THS模板无zhiji_id，需后续匹配,,NONE,NONE,INFO,INFO,UNCHANGED,No blacklist hit (old or new),NO
THS-NI-2.1,THS,NI,仓单注册量变化（吨）,THS模板无zhiji_id，需后续匹配,,NONE,NONE,INFO,INFO,UNCHANGED,No blacklist hit (old or new),NO
THS-NI-2.1,THS,NI,沪镍主力合约价格（元/吨）,THS模板无zhiji_id，需后续匹配,,NONE,NONE,INFO,INFO,UNCHANGED,No blacklist hit (old or new),NO
THS-NI-2.1,THS,NI,LME镍现货价格（美元/吨）,THS模板无zhiji_id，需后续匹配,,NONE,NONE,INFO,INFO,UNCHANGED,No blacklist hit (old or new),NO
THS-NI-2.1,THS,NI,汇率（USD/CNY）,THS模板无zhiji_id，需后续匹配,,NONE,NONE,INFO,INFO,UNCHANGED,No blacklist hit (old or new),NO
THS-NI-2.1,THS,NI,沪镍前20名期货公司席位成交量（手）,THS模板无zhiji_id，需后续匹配,,NONE,NONE,INFO,INFO,UNCHANGED,No blacklist hit (old or new),NO
THS-NI-2.1,THS,NI,近1年持仓量分位（%）,THS模板无zhiji_id，需后续匹配,,NONE,NONE,INFO,INFO,UNCHANGED,No blacklist hit (old or new),NO
THS-NI-2.1,THS,NI,沪镍主力合约收盘价、沪镍主力合约成交量,THS模板无zhiji_id，需后续匹配,,NONE,NONE,INFO,INFO,UNCHANGED,No blacklist hit (old or new),NO
THS-NI-2.1,THS,NI,沪镍主力合约持仓量、前20名多头持仓量、前20名空头持仓量,THS模板无zhiji_id，需后续匹配,,NONE,NONE,INFO,INFO,UNCHANGED,No blacklist hit (old or new),NO
THS-NI-2.1,THS,NI,沪镍近月合约价格、沪镍远月合约价格、月差（近月-远月）,THS模板无zhiji_id，需后续匹配,,NONE,NONE,INFO,INFO,UNCHANGED,No blacklist hit (old or new),NO
THS-NI-2.1,THS,NI,沪镍近月合约价格、沪镍远月合约价格、月差,THS模板无zhiji_id，需后续匹配,,NONE,NONE,INFO,INFO,UNCHANGED,No blacklist hit (old or new),NO
THS-NI-2.1,THS,NI,镍现货升贴水（元/吨）、沪镍主力合约收盘价（元/吨）,THS模板无zhiji_id，需后续匹配,,NONE,NONE,INFO,INFO,UNCHANGED,No blacklist hit (old or new),NO
THS-NI-2.1,THS,NI,SMM1#电解镍升贴水,THS模板无zhiji_id，需后续匹配,,NONE,NONE,INFO,INFO,UNCHANGED,No blacklist hit (old or new),NO
THS-NI-2.1,THS,NI,镍现货升贴水,THS模板无zhiji_id，需后续匹配,,NONE,NONE,INFO,INFO,UNCHANGED,No blacklist hit (old or new),NO
THS-NI-2.1,THS,NI,镍期货仓单数量（吨）、仓单注册量变化（吨）,THS模板无zhiji_id，需后续匹配,,NONE,NONE,INFO,INFO,UNCHANGED,No blacklist hit (old or new),NO
THS-NI-2.1,THS,NI,沪镍期货仓单数量、仓单注册量变化,THS模板无zhiji_id，需后续匹配,,NONE,NONE,INFO,INFO,UNCHANGED,No blacklist hit (old or new),NO
THS-NI-2.2,THS,NI,镍现货升贴水（元/吨）,THS模板无zhiji_id，需后续匹配,,NONE,NONE,INFO,INFO,UNCHANGED,No blacklist hit (old or new),NO
THS-NI-2.2,THS,NI,沪镍主力合约收盘价（元/吨）,THS模板无zhiji_id，需后续匹配,,NONE,NONE,INFO,INFO,UNCHANGED,No blacklist hit (old or new),NO
THS-NI-2.2,THS,NI,镍现货价格（元/吨）,THS模板无zhiji_id，需后续匹配,,NONE,NONE,INFO,INFO,UNCHANGED,No blacklist hit (old or new),NO
THS-NI-2.2,THS,NI,基差（现货-期货,THS模板无zhiji_id，需后续匹配,,NONE,NONE,INFO,INFO,UNCHANGED,No blacklist hit (old or new),NO
THS-NI-2.2,THS,NI,元/吨）,THS模板无zhiji_id，需后续匹配,,NONE,NONE,INFO,INFO,UNCHANGED,No blacklist hit (old or new),NO
THS-NI-2.2,THS,NI,电解镍现货价格（元/吨）,THS模板无zhiji_id，需后续匹配,,NONE,NONE,INFO,INFO,UNCHANGED,No blacklist hit (old or new),NO
THS-NI-2.2,THS,NI,镍生铁NPI现货价格（元/吨）,THS模板无zhiji_id，需后续匹配,,NONE,NONE,INFO,INFO,UNCHANGED,No blacklist hit (old or new),NO
THS-NI-2.2,THS,NI,高冰镍现货价格（元/吨）,THS模板无zhiji_id，需后续匹配,,NONE,NONE,INFO,INFO,UNCHANGED,No blacklist hit (old or new),NO
THS-NI-2.2,THS,NI,沪镍主力合约价格（元/吨）,THS模板无zhiji_id，需后续匹配,,NONE,NONE,INFO,INFO,UNCHANGED,No blacklist hit (old or new),NO
THS-NI-2.2,THS,NI,LME镍现货价格（美元/吨）,THS模板无zhiji_id，需后续匹配,,NONE,NONE,INFO,INFO,UNCHANGED,No blacklist hit (old or new),NO
THS-NI-2.2,THS,NI,汇率（USD/CNY）,THS模板无zhiji_id，需后续匹配,,NONE,NONE,INFO,INFO,UNCHANGED,No blacklist hit (old or new),NO
THS-NI-2.2,THS,NI,进口费用（元/吨）,THS模板无zhiji_id，需后续匹配,,NONE,NONE,INFO,INFO,UNCHANGED,No blacklist hit (old or new),NO
THS-NI-2.2,THS,NI,镍期货仓单数量（吨）,THS模板无zhiji_id，需后续匹配,,NONE,NONE,INFO,INFO,UNCHANGED,No blacklist hit (old or new),NO
THS-NI-2.2,THS,NI,仓单注册量变化（吨）,THS模板无zhiji_id，需后续匹配,,NONE,NONE,INFO,INFO,UNCHANGED,No blacklist hit (old or new),NO
THS-NI-2.2,THS,NI,近1年升贴水分位（%）,THS模板无zhiji_id，需后续匹配,,NONE,NONE,INFO,INFO,UNCHANGED,No blacklist hit (old or new),NO
THS-NI-2.2,THS,NI,价差（电解镍-NPI,THS模板无zhiji_id，需后续匹配,,NONE,NONE,INFO,INFO,UNCHANGED,No blacklist hit (old or new),NO
THS-NI-2.2,THS,NI,近3年同月升贴水均值（元/吨）,THS模板无zhiji_id，需后续匹配,,NONE,NONE,INFO,INFO,UNCHANGED,No blacklist hit (old or new),NO
THS-NI-2.2,THS,NI,近3年同月升贴水标准差（元/吨）,THS模板无zhiji_id，需后续匹配,,NONE,NONE,INFO,INFO,UNCHANGED,No blacklist hit (old or new),NO
THS-NI-2.2,THS,NI,镍现货升贴水（元/吨）、沪镍主力合约收盘价（元/吨）,THS模板无zhiji_id，需后续匹配,,NONE,NONE,INFO,INFO,UNCHANGED,No blacklist hit (old or new),NO
THS-NI-2.2,THS,NI,SMM1#电解镍升贴水,THS模板无zhiji_id，需后续匹配,,NONE,NONE,INFO,INFO,UNCHANGED,No blacklist hit (old or new),NO
THS-NI-2.2,THS,NI,镍现货升贴水,THS模板无zhiji_id，需后续匹配,,NONE,NONE,INFO,INFO,UNCHANGED,No blacklist hit (old or new),NO
THS-NI-2.2,THS,NI,SMM1#电解镍基差,THS模板无zhiji_id，需后续匹配,,NONE,NONE,INFO,INFO,UNCHANGED,No blacklist hit (old or new),NO
THS-NI-2.2,THS,NI,镍基差,THS模板无zhiji_id，需后续匹配,,NONE,NONE,INFO,INFO,UNCHANGED,No blacklist hit (old or new),NO
THS-NI-2.2,THS,NI,电解镍现货价格（元/吨）、镍生铁NPI现货价格（元/吨）、高冰镍现货价格（元/吨）,THS模板无zhiji_id，需后续匹配,,NONE,NONE,INFO,INFO,UNCHANGED,No blacklist hit (old or new),NO
THS-NI-2.2,THS,NI,SMM1#电解镍价格、SMM8-12%高镍生铁价格、SMM高冰镍价格,THS模板无zhiji_id，需后续匹配,,NONE,NONE,INFO,INFO,UNCHANGED,No blacklist hit (old or new),NO
THS-NI-2.2,THS,NI,电解镍现货价格、镍生铁NPI现货价格、高冰镍现货价格,THS模板无zhiji_id，需后续匹配,,NONE,NONE,INFO,INFO,UNCHANGED,No blacklist hit (old or new),NO
THS-NI-2.2,THS,NI,沪镍主力合约价格（元/吨）、LME镍现货价格（美元/吨）、汇率（USD/CNY）、进口费用（元/吨）,THS模板无zhiji_id，需后续匹配,,NONE,NONE,INFO,INFO,UNCHANGED,No blacklist hit (old or new),NO
THS-NI-2.2,THS,NI,镍进口盈亏,THS模板无zhiji_id，需后续匹配,,NONE,NONE,INFO,INFO,UNCHANGED,No blacklist hit (old or new),NO
THS-NI-2.2,THS,NI,LME镍现货价格（美元/吨）、LME镍3个月期货价格（美元/吨）、升贴水（美元/吨）,THS模板无zhiji_id，需后续匹配,,NONE,NONE,INFO,INFO,UNCHANGED,No blacklist hit (old or new),NO
THS-NI-2.2,THS,NI,LME镍0-3升贴水,THS模板无zhiji_id，需后续匹配,,NONE,NONE,INFO,INFO,UNCHANGED,No blacklist hit (old or new),NO
THS-NI-2.2,THS,NI,LME Cash-3M spread,THS模板无zhiji_id，需后续匹配,,NONE,NONE,INFO,INFO,UNCHANGED,No blacklist hit (old or new),NO
THS-NI-2.3,THS,NI,LME镍主力合约收盘价（美元/吨）,THS模板无zhiji_id，需后续匹配,,NONE,NONE,INFO,INFO,UNCHANGED,No blacklist hit (old or new),YES
THS-NI-2.3,THS,NI,LME镍主力合约持仓量（手）,THS模板无zhiji_id，需后续匹配,,NONE,NONE,INFO,INFO,UNCHANGED,No blacklist hit (old or new),YES
THS-NI-2.3,THS,NI,沪镍主力合约价格（元/吨）,THS模板无zhiji_id，需后续匹配,,NONE,NONE,INFO,INFO,UNCHANGED,No blacklist hit (old or new),YES
THS-NI-2.3,THS,NI,LME镍现货价格（美元/吨）,THS模板无zhiji_id，需后续匹配,,NONE,NONE,INFO,INFO,UNCHANGED,No blacklist hit (old or new),YES
THS-NI-2.3,THS,NI,汇率（USD/CNY）,THS模板无zhiji_id，需后续匹配,,NONE,NONE,INFO,INFO,UNCHANGED,No blacklist hit (old or new),YES
THS-NI-2.3,THS,NI,LME镍仓单数量（吨）,THS模板无zhiji_id，需后续匹配,,NONE,NONE,INFO,INFO,UNCHANGED,No blacklist hit (old or new),YES
THS-NI-2.3,THS,NI,LME镍仓单注册量变化（吨）,THS模板无zhiji_id，需后续匹配,,NONE,NONE,INFO,INFO,UNCHANGED,No blacklist hit (old or new),YES
THS-NI-2.3,THS,NI,LME镍近月合约价格（美元/吨）,THS模板无zhiji_id，需后续匹配,,NONE,NONE,INFO,INFO,UNCHANGED,No blacklist hit (old or new),YES
THS-NI-2.3,THS,NI,LME镍远月合约价格（美元/吨）,THS模板无zhiji_id，需后续匹配,,NONE,NONE,INFO,INFO,UNCHANGED,No blacklist hit (old or new),YES
THS-NI-2.3,THS,NI,月差（近月-远月,THS模板无zhiji_id，需后续匹配,,NONE,NONE,INFO,INFO,UNCHANGED,No blacklist hit (old or new),YES
THS-NI-2.3,THS,NI,美元/吨）,THS模板无zhiji_id，需后续匹配,,NONE,NONE,INFO,INFO,UNCHANGED,No blacklist hit (old or new),YES
THS-NI-2.3,THS,NI,COMEX镍期货收盘价（美元/磅）,THS模板无zhiji_id，需后续匹配,,NONE,NONE,INFO,INFO,UNCHANGED,No blacklist hit (old or new),YES
THS-NI-2.3,THS,NI,COMEX镍持仓量（手）,THS模板无zhiji_id，需后续匹配,,NONE,NONE,INFO,INFO,UNCHANGED,No blacklist hit (old or new),YES
THS-NI-2.3,THS,NI,LME镍现金价格（美元/吨）,THS模板无zhiji_id，需后续匹配,,NONE,NONE,INFO,INFO,UNCHANGED,No blacklist hit (old or new),YES
THS-NI-2.3,THS,NI,LME镍3个月期货价格（美元/吨）,THS模板无zhiji_id，需后续匹配,,NONE,NONE,INFO,INFO,UNCHANGED,No blacklist hit (old or new),YES
THS-NI-2.3,THS,NI,现金-3个月月差（美元/吨）,THS模板无zhiji_id，需后续匹配,,NONE,NONE,INFO,INFO,UNCHANGED,No blacklist hit (old or new),YES
THS-NI-2.3,THS,NI,进口费用（元/吨）,THS模板无zhiji_id，需后续匹配,,NONE,NONE,INFO,INFO,UNCHANGED,No blacklist hit (old or new),YES
THS-NI-2.3,THS,NI,升贴水（美元/吨）,THS模板无zhiji_id，需后续匹配,,NONE,NONE,INFO,INFO,UNCHANGED,No blacklist hit (old or new),YES
THS-NI-2.3,THS,NI,LME镍主力合约收盘价（美元/吨）、LME镍主力合约持仓量（手）,THS模板无zhiji_id，需后续匹配,,NONE,NONE,INFO,INFO,UNCHANGED,No blacklist hit (old or new),YES
THS-NI-2.3,THS,NI,LME镍主力合约收盘价、LME镍主力合约持仓量,THS模板无zhiji_id，需后续匹配,,NONE,NONE,INFO,INFO,UNCHANGED,No blacklist hit (old or new),YES
THS-NI-2.3,THS,NI,沪镍主力合约价格（元/吨）、LME镍现货价格（美元/吨）、汇率（USD/CNY）,THS模板无zhiji_id，需后续匹配,,NONE,NONE,INFO,INFO,UNCHANGED,No blacklist hit (old or new),YES
THS-NI-2.3,THS,NI,沪伦镍比价,THS模板无zhiji_id，需后续匹配,,NONE,NONE,INFO,INFO,UNCHANGED,No blacklist hit (old or new),YES
THS-NI-2.3,THS,NI,LME镍仓单数量（吨）、LME镍仓单注册量变化（吨）,THS模板无zhiji_id，需后续匹配,,NONE,NONE,INFO,INFO,UNCHANGED,No blacklist hit (old or new),YES
THS-NI-2.3,THS,NI,LME镍仓单数量、LME镍仓单注册量变化,THS模板无zhiji_id，需后续匹配,,NONE,NONE,INFO,INFO,UNCHANGED,No blacklist hit (old or new),YES
THS-NI-2.3,THS,NI,LME warranted stocks,THS模板无zhiji_id，需后续匹配,,NONE,NONE,INFO,INFO,UNCHANGED,No blacklist hit (old or new),YES
THS-NI-2.3,THS,NI,LME镍月差,THS模板无zhiji_id，需后续匹配,,NONE,NONE,INFO,INFO,UNCHANGED,No blacklist hit (old or new),YES
THS-NI-2.3,THS,NI,LME镍现金价格（美元/吨）、LME镍3个月期货价格（美元/吨）、现金-3个月月差（美元/吨）,THS模板无zhiji_id，需后续匹配,,NONE,NONE,INFO,INFO,UNCHANGED,No blacklist hit (old or new),YES
THS-NI-2.3,THS,NI,LME镍现金-3个月月差,THS模板无zhiji_id，需后续匹配,,NONE,NONE,INFO,INFO,UNCHANGED,No blacklist hit (old or new),YES
THS-NI-2.3,THS,NI,LME Cash-3M spread,THS模板无zhiji_id，需后续匹配,,NONE,NONE,INFO,INFO,UNCHANGED,No blacklist hit (old or new),YES
THS-NI-2.3,THS,NI,LME镍仓单数量（吨）、LME镍月差（美元/吨）,THS模板无zhiji_id，需后续匹配,,NONE,NONE,INFO,INFO,UNCHANGED,No blacklist hit (old or new),YES
THS-NI-2.3,THS,NI,LME镍仓单数量、LME镍月差,THS模板无zhiji_id，需后续匹配,,NONE,NONE,INFO,INFO,UNCHANGED,No blacklist hit (old or new),YES
THS-NI-2.4,THS,NI,沪镍近月合约价格（元/吨）,THS模板无zhiji_id，需后续匹配,,NONE,NONE,INFO,INFO,UNCHANGED,No blacklist hit (old or new),NO
THS-NI-2.4,THS,NI,沪镍远月合约价格（元/吨）,THS模板无zhiji_id，需后续匹配,,NONE,NONE,INFO,INFO,UNCHANGED,No blacklist hit (old or new),NO
THS-NI-2.4,THS,NI,月差（近月-远月,THS模板无zhiji_id，需后续匹配,,NONE,NONE,INFO,INFO,UNCHANGED,No blacklist hit (old or new),NO
THS-NI-2.4,THS,NI,元/吨）,THS模板无zhiji_id，需后续匹配,,NONE,NONE,INFO,INFO,UNCHANGED,No blacklist hit (old or new),NO
THS-NI-2.4,THS,NI,LME镍近月合约价格（美元/吨）,THS模板无zhiji_id，需后续匹配,,NONE,NONE,INFO,INFO,UNCHANGED,No blacklist hit (old or new),NO
THS-NI-2.4,THS,NI,LME镍远月合约价格（美元/吨）,THS模板无zhiji_id，需后续匹配,,NONE,NONE,INFO,INFO,UNCHANGED,No blacklist hit (old or new),NO
THS-NI-2.4,THS,NI,美元/吨）,THS模板无zhiji_id，需后续匹配,,NONE,NONE,INFO,INFO,UNCHANGED,No blacklist hit (old or new),NO
THS-NI-2.4,THS,NI,沪镍近月-远月价差（元/吨）,THS模板无zhiji_id，需后续匹配,,NONE,NONE,INFO,INFO,UNCHANGED,No blacklist hit (old or new),NO
THS-NI-2.4,THS,NI,LME镍近月-远月价差（美元/吨）,THS模板无zhiji_id，需后续匹配,,NONE,NONE,INFO,INFO,UNCHANGED,No blacklist hit (old or new),NO
THS-NI-2.4,THS,NI,汇率（USD/CNY）,THS模板无zhiji_id，需后续匹配,,NONE,NONE,INFO,INFO,UNCHANGED,No blacklist hit (old or new),NO
THS-NI-2.4,THS,NI,沪镍现金价格（元/吨）,THS模板无zhiji_id，需后续匹配,,NONE,NONE,INFO,INFO,UNCHANGED,No blacklist hit (old or new),NO
THS-NI-2.4,THS,NI,沪镍3个月期货价格（元/吨）,THS模板无zhiji_id，需后续匹配,,NONE,NONE,INFO,INFO,UNCHANGED,No blacklist hit (old or new),NO
THS-NI-2.4,THS,NI,现金-3个月月差（元/吨）,THS模板无zhiji_id，需后续匹配,,NONE,NONE,INFO,INFO,UNCHANGED,No blacklist hit (old or new),NO
THS-NI-2.4,THS,NI,电解镍现货价格（元/吨）,THS模板无zhiji_id，需后续匹配,,NONE,NONE,INFO,INFO,UNCHANGED,No blacklist hit (old or new),NO
THS-NI-2.4,THS,NI,镍生铁NPI现货价格（元/吨）,THS模板无zhiji_id，需后续匹配,,NONE,NONE,INFO,INFO,UNCHANGED,No blacklist hit (old or new),NO
THS-NI-2.4,THS,NI,高冰镍现货价格（元/吨）,THS模板无zhiji_id，需后续匹配,,NONE,NONE,INFO,INFO,UNCHANGED,No blacklist hit (old or new),NO
THS-NI-2.4,THS,NI,沪镍月差（元/吨）,THS模板无zhiji_id，需后续匹配,,NONE,NONE,INFO,INFO,UNCHANGED,No blacklist hit (old or new),NO
THS-NI-2.4,THS,NI,近3年同月月差均值（元/吨）,THS模板无zhiji_id，需后续匹配,,NONE,NONE,INFO,INFO,UNCHANGED,No blacklist hit (old or new),NO
THS-NI-2.4,THS,NI,近3年同月月差标准差（元/吨）,THS模板无zhiji_id，需后续匹配,,NONE,NONE,INFO,INFO,UNCHANGED,No blacklist hit (old or new),NO
THS-NI-2.4,THS,NI,LME镍仓单数量（吨）,THS模板无zhiji_id，需后续匹配,,NONE,NONE,INFO,INFO,UNCHANGED,No blacklist hit (old or new),NO
THS-NI-2.4,THS,NI,LME镍月差（美元/吨）,THS模板无zhiji_id，需后续匹配,,NONE,NONE,INFO,INFO,UNCHANGED,No blacklist hit (old or new),NO
THS-NI-2.4,THS,NI,近1年月差分位（%）,THS模板无zhiji_id，需后续匹配,,NONE,NONE,INFO,INFO,UNCHANGED,No blacklist hit (old or new),NO
THS-NI-2.4,THS,NI,沪镍月差,THS模板无zhiji_id，需后续匹配,,NONE,NONE,INFO,INFO,UNCHANGED,No blacklist hit (old or new),NO
THS-NI-2.4,THS,NI,LME镍月差,THS模板无zhiji_id，需后续匹配,,NONE,NONE,INFO,INFO,UNCHANGED,No blacklist hit (old or new),NO
THS-NI-2.4,THS,NI,沪镍近月-远月价差（元/吨）、LME镍近月-远月价差（美元/吨）、汇率（USD/CNY）,THS模板无zhiji_id，需后续匹配,,NONE,NONE,INFO,INFO,UNCHANGED,No blacklist hit (old or new),NO
THS-NI-2.4,THS,NI,沪伦月差比价,THS模板无zhiji_id，需后续匹配,,NONE,NONE,INFO,INFO,UNCHANGED,No blacklist hit (old or new),NO
THS-NI-2.4,THS,NI,沪镍现金价格（元/吨）、沪镍3个月期货价格（元/吨）、现金-3个月月差（元/吨）,THS模板无zhiji_id，需后续匹配,,NONE,NONE,INFO,INFO,UNCHANGED,No blacklist hit (old or new),NO
THS-NI-2.4,THS,NI,沪镍现金-3个月月差,THS模板无zhiji_id，需后续匹配,,NONE,NONE,INFO,INFO,UNCHANGED,No blacklist hit (old or new),NO
THS-NI-2.4,THS,NI,电解镍现货价格（元/吨）、镍生铁NPI现货价格（元/吨）、高冰镍现货价格（元/吨）,THS模板无zhiji_id，需后续匹配,,NONE,NONE,INFO,INFO,UNCHANGED,No blacklist hit (old or new),NO
THS-NI-2.4,THS,NI,SMM1#电解镍价格、SMM8-12%高镍生铁价格、SMM高冰镍价格,THS模板无zhiji_id，需后续匹配,,NONE,NONE,INFO,INFO,UNCHANGED,No blacklist hit (old or new),NO
THS-NI-2.4,THS,NI,电解镍现货价格、镍生铁NPI现货价格、高冰镍现货价格,THS模板无zhiji_id，需后续匹配,,NONE,NONE,INFO,INFO,UNCHANGED,No blacklist hit (old or new),NO
THS-NI-2.4,THS,NI,SMM1#电解镍基差,THS模板无zhiji_id，需后续匹配,,NONE,NONE,INFO,INFO,UNCHANGED,No blacklist hit (old or new),NO
THS-NI-2.4,THS,NI,镍基差,THS模板无zhiji_id，需后续匹配,,NONE,NONE,INFO,INFO,UNCHANGED,No blacklist hit (old or new),NO
THS-NI-2.5,THS,NI,沪镍主力合约收盘价（元/吨）,THS模板无zhiji_id，需后续匹配,,NONE,NONE,INFO,INFO,UNCHANGED,No blacklist hit (old or new),NO
THS-NI-2.5,THS,NI,近1年沪镍价格分位（%）,THS模板无zhiji_id，需后续匹配,,NONE,NONE,INFO,INFO,UNCHANGED,No blacklist hit (old or new),NO
THS-NI-2.5,THS,NI,镍生铁NPI现货价格（元/吨）,THS模板无zhiji_id，需后续匹配,,NONE,NONE,INFO,INFO,UNCHANGED,No blacklist hit (old or new),NO
THS-NI-2.5,THS,NI,电解镍现货价格（元/吨）,THS模板无zhiji_id，需后续匹配,,NONE,NONE,INFO,INFO,UNCHANGED,No blacklist hit (old or new),NO
THS-NI-2.5,THS,NI,NPI冶炼利润（元/吨）,THS模板无zhiji_id，需后续匹配,,NONE,NONE,INFO,INFO,UNCHANGED,No blacklist hit (old or new),NO
THS-NI-2.5,THS,NI,高冰镍现货价格（元/吨）,THS模板无zhiji_id，需后续匹配,,NONE,NONE,INFO,INFO,UNCHANGED,No blacklist hit (old or new),NO
THS-NI-2.5,THS,NI,高冰镍冶炼利润（元/吨）,THS模板无zhiji_id，需后续匹配,,NONE,NONE,INFO,INFO,UNCHANGED,No blacklist hit (old or new),NO
THS-NI-2.5,THS,NI,电解镍冶炼完全成本（元/吨）,THS模板无zhiji_id，需后续匹配,,NONE,NONE,INFO,INFO,UNCHANGED,No blacklist hit (old or new),NO
THS-NI-2.5,THS,NI,电解镍冶炼利润（元/吨）,THS模板无zhiji_id，需后续匹配,,NONE,NONE,INFO,INFO,UNCHANGED,No blacklist hit (old or new),NO
THS-NI-2.5,THS,NI,近3年同月沪镍价格分位（%）,THS模板无zhiji_id，需后续匹配,,NONE,NONE,INFO,INFO,UNCHANGED,No blacklist hit (old or new),NO
THS-NI-2.5,THS,NI,近3年同月沪镍价格均值（元/吨）,THS模板无zhiji_id，需后续匹配,,NONE,NONE,INFO,INFO,UNCHANGED,No blacklist hit (old or new),NO
THS-NI-2.5,THS,NI,近1年电解镍冶炼利润分位（%）,THS模板无zhiji_id，需后续匹配,,NONE,NONE,INFO,INFO,UNCHANGED,No blacklist hit (old or new),NO
THS-NI-2.5,THS,NI,镍铁一体化利润（元/吨）,THS模板无zhiji_id，需后续匹配,,NONE,NONE,INFO,INFO,UNCHANGED,No blacklist hit (old or new),NO
THS-NI-2.5,THS,NI,沪镍主力合约收盘价（元/吨）、近1年沪镍价格分位（%）,THS模板无zhiji_id，需后续匹配,,NONE,NONE,INFO,INFO,UNCHANGED,No blacklist hit (old or new),NO
THS-NI-2.5,THS,NI,沪镍主力合约收盘价,THS模板无zhiji_id，需后续匹配,,NONE,NONE,INFO,INFO,UNCHANGED,No blacklist hit (old or new),NO
THS-NI-2.5,THS,NI,镍生铁NPI现货价格（元/吨）、电解镍现货价格（元/吨）、NPI冶炼利润（元/吨）,THS模板无zhiji_id，需后续匹配,,NONE,NONE,INFO,INFO,UNCHANGED,No blacklist hit (old or new),NO
THS-NI-2.5,THS,NI,SMM8-12%高镍生铁价格、SMM1#电解镍价格、NPI冶炼利润,THS模板无zhiji_id，需后续匹配,,NONE,NONE,INFO,INFO,UNCHANGED,No blacklist hit (old or new),NO
THS-NI-2.5,THS,NI,镍生铁NPI现货价格、电解镍现货价格、NPI冶炼利润,THS模板无zhiji_id，需后续匹配,,NONE,NONE,INFO,INFO,UNCHANGED,No blacklist hit (old or new),NO
THS-NI-2.5,THS,NI,高冰镍现货价格（元/吨）、电解镍现货价格（元/吨）、高冰镍冶炼利润（元/吨）,THS模板无zhiji_id，需后续匹配,,NONE,NONE,INFO,INFO,UNCHANGED,No blacklist hit (old or new),NO
THS-NI-2.5,THS,NI,SMM高冰镍价格、SMM1#电解镍价格、高冰镍冶炼利润,THS模板无zhiji_id，需后续匹配,,NONE,NONE,INFO,INFO,UNCHANGED,No blacklist hit (old or new),NO
THS-NI-2.5,THS,NI,高冰镍现货价格、电解镍现货价格、高冰镍冶炼利润,THS模板无zhiji_id，需后续匹配,,NONE,NONE,INFO,INFO,UNCHANGED,No blacklist hit (old or new),NO
THS-NI-2.5,THS,NI,电解镍现货价格（元/吨）、电解镍冶炼完全成本（元/吨）、电解镍冶炼利润（元/吨）,THS模板无zhiji_id，需后续匹配,,NONE,NONE,INFO,INFO,UNCHANGED,No blacklist hit (old or new),NO
THS-NI-2.5,THS,NI,SMM1#电解镍价格、电解镍冶炼完全成本、电解镍冶炼利润,THS模板无zhiji_id，需后续匹配,,NONE,NONE,INFO,INFO,UNCHANGED,No blacklist hit (old or new),NO
THS-NI-2.5,THS,NI,电解镍现货价格、电解镍冶炼完全成本、电解镍冶炼利润,THS模板无zhiji_id，需后续匹配,,NONE,NONE,INFO,INFO,UNCHANGED,No blacklist hit (old or new),NO
THS-NI-2.5,THS,NI,电解镍冶炼利润（元/吨）、NPI冶炼利润（元/吨）、高冰镍冶炼利润（元/吨）,THS模板无zhiji_id，需后续匹配,,NONE,NONE,INFO,INFO,UNCHANGED,No blacklist hit (old or new),NO
THS-NI-2.5,THS,NI,SMM1#电解镍价格、SMM8-12%高镍生铁价格、SMM高冰镍价格、冶炼利润,THS模板无zhiji_id，需后续匹配,,NONE,NONE,INFO,INFO,UNCHANGED,No blacklist hit (old or new),NO
THS-NI-2.5,THS,NI,电解镍冶炼利润、NPI冶炼利润、高冰镍冶炼利润,THS模板无zhiji_id，需后续匹配,,NONE,NONE,INFO,INFO,UNCHANGED,No blacklist hit (old or new),NO
THS-NI-2.5,THS,NI,印尼高冰镍完全成本（元/吨）、印尼高冰镍现金成本（元/吨）、印尼高冰镍利润（元/吨）,THS模板无zhiji_id，需后续匹配,,NONE,NONE,INFO,INFO,UNCHANGED,No blacklist hit (old or new),NO
THS-NI-2.5,THS,NI,印尼高冰镍完全成本（周度）、印尼高冰镍现金成本（周度）、印尼高冰镍利润（周度）,THS模板无zhiji_id，需后续匹配,,NONE,NONE,INFO,INFO,UNCHANGED,No blacklist hit (old or new),NO
THS-NI-2.5,THS,NI,印尼高冰镍完全成本、印尼高冰镍现金成本、印尼高冰镍利润,THS模板无zhiji_id，需后续匹配,,NONE,NONE,INFO,INFO,UNCHANGED,No blacklist hit (old or new),NO
THS-NI-2.6,THS,NI,沪镍主力合约前20名多头持仓量（手）,THS模板无zhiji_id，需后续匹配,,NONE,NONE,INFO,INFO,UNCHANGED,No blacklist hit (old or new),NO
THS-NI-2.6,THS,NI,沪镍主力合约前20名空头持仓量（手）,THS模板无zhiji_id，需后续匹配,,NONE,NONE,INFO,INFO,UNCHANGED,No blacklist hit (old or new),NO
THS-NI-2.6,THS,NI,沪镍主力合约前20名净持仓量（手）= 多头持仓量 - 空头持仓量,THS模板无zhiji_id，需后续匹配,,NONE,NONE,INFO,INFO,UNCHANGED,No blacklist hit (old or new),NO
THS-NI-2.6,THS,NI,前20名持仓总量（手）,THS模板无zhiji_id，需后续匹配,,NONE,NONE,INFO,INFO,UNCHANGED,No blacklist hit (old or new),NO
THS-NI-2.6,THS,NI,前20名持仓集中度（%）,THS模板无zhiji_id，需后续匹配,,NONE,NONE,INFO,INFO,UNCHANGED,No blacklist hit (old or new),NO
THS-NI-2.6,THS,NI,多空持仓比（多头/空头）,THS模板无zhiji_id，需后续匹配,,NONE,NONE,INFO,INFO,UNCHANGED,No blacklist hit (old or new),NO
THS-NI-2.6,THS,NI,前20名席位轮动方向（多头增加/空头增加/双增/双减）,THS模板无zhiji_id，需后续匹配,,NONE,NONE,INFO,INFO,UNCHANGED,No blacklist hit (old or new),NO
THS-NI-2.6,THS,NI,沪镍主力合约前20名持仓总量（手）,THS模板无zhiji_id，需后续匹配,,NONE,NONE,INFO,INFO,UNCHANGED,No blacklist hit (old or new),NO
THS-NI-2.6,THS,NI,近1年前20名持仓量分位（%）,THS模板无zhiji_id，需后续匹配,,NONE,NONE,INFO,INFO,UNCHANGED,No blacklist hit (old or new),NO
THS-NI-2.6,THS,NI,近3年同月持仓总量均值（手）,THS模板无zhiji_id，需后续匹配,,NONE,NONE,INFO,INFO,UNCHANGED,No blacklist hit (old or new),NO
THS-NI-2.6,THS,NI,近3年同月持仓总量标准差（手）,THS模板无zhiji_id，需后续匹配,,NONE,NONE,INFO,INFO,UNCHANGED,No blacklist hit (old or new),NO
THS-NI-2.6,THS,NI,沪镍主力合约前20名净持仓量（手）,THS模板无zhiji_id，需后续匹配,,NONE,NONE,INFO,INFO,UNCHANGED,No blacklist hit (old or new),NO
THS-NI-2.6,THS,NI,LME镍前20名净持仓量（手）,THS模板无zhiji_id，需后续匹配,,NONE,NONE,INFO,INFO,UNCHANGED,No blacklist hit (old or new),NO
THS-NI-2.6,THS,NI,汇率（USD/CNY）,THS模板无zhiji_id，需后续匹配,,NONE,NONE,INFO,INFO,UNCHANGED,No blacklist hit (old or new),NO
THS-NI-2.6,THS,NI,沪镍主力合约前20名多头持仓量（手）、沪镍主力合约前20名空头持仓量（手）,THS模板无zhiji_id，需后续匹配,,NONE,NONE,INFO,INFO,UNCHANGED,No blacklist hit (old or new),NO
THS-NI-2.6,THS,NI,沪镍前20名多头持仓量、沪镍前20名空头持仓量,THS模板无zhiji_id，需后续匹配,,NONE,NONE,INFO,INFO,UNCHANGED,No blacklist hit (old or new),NO
THS-NI-2.6,THS,NI,沪镍前20名净持仓量,THS模板无zhiji_id，需后续匹配,,NONE,NONE,INFO,INFO,UNCHANGED,No blacklist hit (old or new),NO
THS-NI-2.6,THS,NI,沪镍主力合约前20名多头持仓量（手）、沪镍主力合约前20名空头持仓量（手）、前20名持仓总量（手）、,THS模板无zhiji_id，需后续匹配,,NONE,NONE,INFO,INFO,UNCHANGED,No blacklist hit (old or new),NO
THS-NI-2.6,THS,NI,沪镍前20名持仓集中度,THS模板无zhiji_id，需后续匹配,,NONE,NONE,INFO,INFO,UNCHANGED,No blacklist hit (old or new),NO
THS-NI-2.6,THS,NI,沪镍主力合约前20名多头持仓量（手）、沪镍主力合约前20名空头持仓量（手）、多空持仓比（多头/空头）,THS模板无zhiji_id，需后续匹配,,NONE,NONE,INFO,INFO,UNCHANGED,No blacklist hit (old or new),NO
THS-NI-2.6,THS,NI,沪镍前20名多空持仓比,THS模板无zhiji_id，需后续匹配,,NONE,NONE,INFO,INFO,UNCHANGED,No blacklist hit (old or new),NO
THS-NI-2.6,THS,NI,沪镍主力合约前20名多头持仓量（手）、沪镍主力合约前20名空头持仓量（手）、前20名席位轮动方向（多,THS模板无zhiji_id，需后续匹配,,NONE,NONE,INFO,INFO,UNCHANGED,No blacklist hit (old or new),NO
THS-NI-2.6,THS,NI,沪镍前20名席位轮动方向,THS模板无zhiji_id，需后续匹配,,NONE,NONE,INFO,INFO,UNCHANGED,No blacklist hit (old or new),NO
THS-NI-3.1,THS,NI,印尼镍矿产量,THS模板无zhiji_id，需后续匹配,,NONE,NONE,INFO,INFO,UNCHANGED,No blacklist hit (old or new),YES
THS-NI-3.1,THS,NI,印尼镍矿产量（万吨）,THS模板无zhiji_id，需后续匹配,,NONE,NONE,INFO,INFO,UNCHANGED,No blacklist hit (old or new),YES
THS-NI-3.1,THS,NI,菲律宾镍矿产量,THS模板无zhiji_id，需后续匹配,,NONE,NONE,INFO,INFO,UNCHANGED,No blacklist hit (old or new),YES
THS-NI-3.1,THS,NI,菲律宾镍矿产量（万吨）,THS模板无zhiji_id，需后续匹配,,NONE,NONE,INFO,INFO,UNCHANGED,No blacklist hit (old or new),YES
THS-NI-3.1,THS,NI,印尼镍精炼产量,THS模板无zhiji_id，需后续匹配,,NONE,NONE,INFO,INFO,UNCHANGED,No blacklist hit (old or new),YES
THS-NI-3.1,THS,NI,印尼镍精炼产量（万吨）,THS模板无zhiji_id，需后续匹配,,NONE,NONE,INFO,INFO,UNCHANGED,No blacklist hit (old or new),YES
THS-NI-3.1,THS,NI,印尼镍矿RKAB配额,THS模板无zhiji_id，需后续匹配,,NONE,NONE,INFO,INFO,UNCHANGED,No blacklist hit (old or new),YES
THS-NI-3.1,THS,NI,印尼镍矿RKAB配额（万吨）,THS模板无zhiji_id，需后续匹配,,NONE,NONE,INFO,INFO,UNCHANGED,No blacklist hit (old or new),YES
THS-NI-3.1,THS,NI,印尼镍矿配额利用率,THS模板无zhiji_id，需后续匹配,,NONE,NONE,INFO,INFO,UNCHANGED,No blacklist hit (old or new),YES
THS-NI-3.1,THS,NI,印尼镍矿配额利用率（%）,THS模板无zhiji_id，需后续匹配,,NONE,NONE,INFO,INFO,UNCHANGED,No blacklist hit (old or new),YES
THS-NI-3.1,THS,NI,澳大利亚镍矿产量,THS模板无zhiji_id，需后续匹配,,NONE,NONE,INFO,INFO,UNCHANGED,No blacklist hit (old or new),YES
THS-NI-3.1,THS,NI,澳大利亚镍矿产量（万吨）,THS模板无zhiji_id，需后续匹配,,NONE,NONE,INFO,INFO,UNCHANGED,No blacklist hit (old or new),YES
THS-NI-3.1,THS,NI,海外镍矿产量分国别占比,THS模板无zhiji_id，需后续匹配,,NONE,NONE,INFO,INFO,UNCHANGED,No blacklist hit (old or new),YES
THS-NI-3.1,THS,NI,海外镍矿产量分国别占比（%）,THS模板无zhiji_id，需后续匹配,,NONE,NONE,INFO,INFO,UNCHANGED,No blacklist hit (old or new),YES
THS-NI-3.1,THS,NI,国内镍矿产量,THS模板无zhiji_id，需后续匹配,,NONE,NONE,INFO,INFO,UNCHANGED,No blacklist hit (old or new),YES
THS-NI-3.1,THS,NI,国内镍矿产量（万吨）,THS模板无zhiji_id，需后续匹配,,NONE,NONE,INFO,INFO,UNCHANGED,No blacklist hit (old or new),YES
THS-NI-3.1,THS,NI,国内镍精炼产量,THS模板无zhiji_id，需后续匹配,,NONE,NONE,INFO,INFO,UNCHANGED,No blacklist hit (old or new),YES
THS-NI-3.1,THS,NI,国内镍精炼产量（万吨）,THS模板无zhiji_id，需后续匹配,,NONE,NONE,INFO,INFO,UNCHANGED,No blacklist hit (old or new),YES
THS-NI-3.1,THS,NI,国内镍矿进口量,THS模板无zhiji_id，需后续匹配,,NONE,NONE,INFO,INFO,UNCHANGED,No blacklist hit (old or new),YES
THS-NI-3.1,THS,NI,国内镍矿进口量（万吨）,THS模板无zhiji_id，需后续匹配,,NONE,NONE,INFO,INFO,UNCHANGED,No blacklist hit (old or new),YES
THS-NI-3.1,THS,NI,国内镍矿进口依赖度,THS模板无zhiji_id，需后续匹配,,NONE,NONE,INFO,INFO,UNCHANGED,No blacklist hit (old or new),YES
THS-NI-3.1,THS,NI,国内镍矿进口依赖度（%）,THS模板无zhiji_id，需后续匹配,,NONE,NONE,INFO,INFO,UNCHANGED,No blacklist hit (old or new),YES
THS-NI-3.1,THS,NI,国内镍矿-精炼产量比,THS模板无zhiji_id，需后续匹配,,NONE,NONE,INFO,INFO,UNCHANGED,No blacklist hit (old or new),YES
THS-NI-3.1,THS,NI,国内镍矿-精炼产量比（倍）,THS模板无zhiji_id，需后续匹配,,NONE,NONE,INFO,INFO,UNCHANGED,No blacklist hit (old or new),YES
THS-NI-3.1,THS,NI,镍精矿进口总量,THS模板无zhiji_id，需后续匹配,,NONE,NONE,INFO,INFO,UNCHANGED,No blacklist hit (old or new),YES
THS-NI-3.1,THS,NI,镍精矿进口总量（万吨）,THS模板无zhiji_id，需后续匹配,,NONE,NONE,INFO,INFO,UNCHANGED,No blacklist hit (old or new),YES
THS-NI-3.1,THS,NI,印尼镍精矿进口量,THS模板无zhiji_id，需后续匹配,,NONE,NONE,INFO,INFO,UNCHANGED,No blacklist hit (old or new),YES
THS-NI-3.1,THS,NI,印尼镍精矿进口量（万吨）,THS模板无zhiji_id，需后续匹配,,NONE,NONE,INFO,INFO,UNCHANGED,No blacklist hit (old or new),YES
THS-NI-3.1,THS,NI,菲律宾镍精矿进口量,THS模板无zhiji_id，需后续匹配,,NONE,NONE,INFO,INFO,UNCHANGED,No blacklist hit (old or new),YES
THS-NI-3.1,THS,NI,菲律宾镍精矿进口量（万吨）,THS模板无zhiji_id，需后续匹配,,NONE,NONE,INFO,INFO,UNCHANGED,No blacklist hit (old or new),YES
THS-NI-3.1,THS,NI,镍精矿进口到港量,THS模板无zhiji_id，需后续匹配,,NONE,NONE,INFO,INFO,UNCHANGED,No blacklist hit (old or new),YES
THS-NI-3.1,THS,NI,镍精矿进口到港量（万吨）,THS模板无zhiji_id，需后续匹配,,NONE,NONE,INFO,INFO,UNCHANGED,No blacklist hit (old or new),YES
THS-NI-3.1,THS,NI,镍精矿进口分国别占比,THS模板无zhiji_id，需后续匹配,,NONE,NONE,INFO,INFO,UNCHANGED,No blacklist hit (old or new),YES
THS-NI-3.1,THS,NI,镍精矿进口分国别占比（%）,THS模板无zhiji_id，需后续匹配,,NONE,NONE,INFO,INFO,UNCHANGED,No blacklist hit (old or new),YES
THS-NI-3.1,THS,NI,镍精矿TC,THS模板无zhiji_id，需后续匹配,,NONE,NONE,INFO,INFO,UNCHANGED,No blacklist hit (old or new),YES
THS-NI-3.1,THS,NI,镍精矿TC（美元/吨干矿）,THS模板无zhiji_id，需后续匹配,,NONE,NONE,INFO,INFO,UNCHANGED,No blacklist hit (old or new),YES
THS-NI-3.1,THS,NI,Nickel concentrate TC,THS模板无zhiji_id，需后续匹配,,NONE,NONE,INFO,INFO,UNCHANGED,No blacklist hit (old or new),YES
THS-NI-3.1,THS,NI,印尼镍精矿TC,THS模板无zhiji_id，需后续匹配,,NONE,NONE,INFO,INFO,UNCHANGED,No blacklist hit (old or new),YES
THS-NI-3.1,THS,NI,印尼镍精矿TC（美元/吨干矿）,THS模板无zhiji_id，需后续匹配,,NONE,NONE,INFO,INFO,UNCHANGED,No blacklist hit (old or new),YES
THS-NI-3.1,THS,NI,菲律宾镍精矿TC,THS模板无zhiji_id，需后续匹配,,NONE,NONE,INFO,INFO,UNCHANGED,No blacklist hit (old or new),YES
THS-NI-3.1,THS,NI,菲律宾镍精矿TC（美元/吨干矿）,THS模板无zhiji_id，需后续匹配,,NONE,NONE,INFO,INFO,UNCHANGED,No blacklist hit (old or new),YES
THS-NI-3.1,THS,NI,印尼镍矿HPM基准价,THS模板无zhiji_id，需后续匹配,,NONE,NONE,INFO,INFO,UNCHANGED,No blacklist hit (old or new),YES
THS-NI-3.1,THS,NI,印尼镍矿HPM基准价（美元/湿吨）,THS模板无zhiji_id，需后续匹配,,NONE,NONE,INFO,INFO,UNCHANGED,No blacklist hit (old or new),YES
THS-NI-3.1,THS,NI,镍精矿TC（美元/吨干矿）、电解镍冶炼利润（元/吨）、镍铁冶炼利润（元/吨）,THS模板无zhiji_id，需后续匹配,,NONE,NONE,INFO,INFO,UNCHANGED,No blacklist hit (old or new),YES
THS-NI-3.1.1,THS,NI,印尼镍矿产量（万吨）,THS模板无zhiji_id，需后续匹配,,NONE,NONE,INFO,INFO,UNCHANGED,No blacklist hit (old or new),NO
THS-NI-3.1.1,THS,NI,菲律宾镍矿产量（万吨）,THS模板无zhiji_id，需后续匹配,,NONE,NONE,INFO,INFO,UNCHANGED,No blacklist hit (old or new),NO
THS-NI-3.1.1,THS,NI,新喀里多尼亚镍矿产量（万吨）,THS模板无zhiji_id，需后续匹配,,NONE,NONE,INFO,INFO,UNCHANGED,No blacklist hit (old or new),NO
THS-NI-3.1.1,THS,NI,中国从印尼进口镍精矿量（万吨）,THS模板无zhiji_id，需后续匹配,,NONE,NONE,INFO,INFO,UNCHANGED,No blacklist hit (old or new),NO
THS-NI-3.1.1,THS,NI,中国从菲律宾进口镍精矿量（万吨）,THS模板无zhiji_id，需后续匹配,,NONE,NONE,INFO,INFO,UNCHANGED,No blacklist hit (old or new),NO
THS-NI-3.1.1,THS,NI,中国从新喀里多尼亚进口镍精矿量（万吨）,THS模板无zhiji_id，需后续匹配,,NONE,NONE,INFO,INFO,UNCHANGED,No blacklist hit (old or new),NO
THS-NI-3.1.1,THS,NI,印尼镍精炼产量（万吨）,THS模板无zhiji_id，需后续匹配,,NONE,NONE,INFO,INFO,UNCHANGED,No blacklist hit (old or new),NO
THS-NI-3.1.1,THS,NI,菲律宾镍精炼产量（万吨）,THS模板无zhiji_id，需后续匹配,,NONE,NONE,INFO,INFO,UNCHANGED,No blacklist hit (old or new),NO
THS-NI-3.1.1,THS,NI,新喀里多尼亚镍精炼产量（万吨）,THS模板无zhiji_id，需后续匹配,,NONE,NONE,INFO,INFO,UNCHANGED,No blacklist hit (old or new),NO
THS-NI-3.1.1,THS,NI,印尼镍矿产能利用率（%）,THS模板无zhiji_id，需后续匹配,,NONE,NONE,INFO,INFO,UNCHANGED,No blacklist hit (old or new),NO
THS-NI-3.1.1,THS,NI,菲律宾镍矿产能利用率（%）,THS模板无zhiji_id，需后续匹配,,NONE,NONE,INFO,INFO,UNCHANGED,No blacklist hit (old or new),NO
THS-NI-3.1.1,THS,NI,新喀里多尼亚镍矿产能利用率（%）,THS模板无zhiji_id，需后续匹配,,NONE,NONE,INFO,INFO,UNCHANGED,No blacklist hit (old or new),NO
THS-NI-3.1.1,THS,NI,印尼镍矿检修量（万吨）,THS模板无zhiji_id，需后续匹配,,NONE,NONE,INFO,INFO,UNCHANGED,No blacklist hit (old or new),NO
THS-NI-3.1.1,THS,NI,菲律宾镍矿检修量（万吨）,THS模板无zhiji_id，需后续匹配,,NONE,NONE,INFO,INFO,UNCHANGED,No blacklist hit (old or new),NO
THS-NI-3.1.1,THS,NI,新喀里多尼亚镍矿检修量（万吨）,THS模板无zhiji_id，需后续匹配,,NONE,NONE,INFO,INFO,UNCHANGED,No blacklist hit (old or new),NO
THS-NI-3.1.1,THS,NI,印尼镍精炼产能（万吨/年）,THS模板无zhiji_id，需后续匹配,,NONE,NONE,INFO,INFO,UNCHANGED,No blacklist hit (old or new),NO
THS-NI-3.1.1,THS,NI,菲律宾镍精炼产能（万吨/年）,THS模板无zhiji_id，需后续匹配,,NONE,NONE,INFO,INFO,UNCHANGED,No blacklist hit (old or new),NO
THS-NI-3.1.1,THS,NI,新喀里多尼亚镍精炼产能（万吨/年）,THS模板无zhiji_id，需后续匹配,,NONE,NONE,INFO,INFO,UNCHANGED,No blacklist hit (old or new),NO
THS-NI-3.1.1,THS,NI,印尼镍矿开工天数（天/季度）,THS模板无zhiji_id，需后续匹配,,NONE,NONE,INFO,INFO,UNCHANGED,No blacklist hit (old or new),NO
THS-NI-3.1.1,THS,NI,菲律宾镍矿开工天数（天/季度）,THS模板无zhiji_id，需后续匹配,,NONE,NONE,INFO,INFO,UNCHANGED,No blacklist hit (old or new),NO
THS-NI-3.1.1,THS,NI,新喀里多尼亚镍矿开工天数（天/季度）,THS模板无zhiji_id，需后续匹配,,NONE,NONE,INFO,INFO,UNCHANGED,No blacklist hit (old or new),NO
THS-NI-3.1.1,THS,NI,印尼镍矿-精炼产量比（倍）,THS模板无zhiji_id，需后续匹配,,NONE,NONE,INFO,INFO,UNCHANGED,No blacklist hit (old or new),NO
THS-NI-3.1.2,THS,NI,印尼镍矿产量（万吨）,THS模板无zhiji_id，需后续匹配,,NONE,NONE,INFO,INFO,UNCHANGED,No blacklist hit (old or new),NO
THS-NI-3.1.2,THS,NI,印尼镍精炼产量（万吨）,THS模板无zhiji_id，需后续匹配,,NONE,NONE,INFO,INFO,UNCHANGED,No blacklist hit (old or new),NO
THS-NI-3.1.2,THS,NI,菲律宾镍矿产量（万吨）,THS模板无zhiji_id，需后续匹配,,NONE,NONE,INFO,INFO,UNCHANGED,No blacklist hit (old or new),NO
THS-NI-3.1.2,THS,NI,菲律宾镍精炼产量（万吨）,THS模板无zhiji_id，需后续匹配,,NONE,NONE,INFO,INFO,UNCHANGED,No blacklist hit (old or new),NO
THS-NI-3.1.2,THS,NI,新喀里多尼亚镍矿产量（万吨）,THS模板无zhiji_id，需后续匹配,,NONE,NONE,INFO,INFO,UNCHANGED,No blacklist hit (old or new),NO
THS-NI-3.1.2,THS,NI,新喀里多尼亚镍精炼产量（万吨）,THS模板无zhiji_id，需后续匹配,,NONE,NONE,INFO,INFO,UNCHANGED,No blacklist hit (old or new),NO
THS-NI-3.1.2,THS,NI,澳大利亚镍矿产量（万吨）,THS模板无zhiji_id，需后续匹配,,NONE,NONE,INFO,INFO,UNCHANGED,No blacklist hit (old or new),NO
THS-NI-3.1.2,THS,NI,澳大利亚镍精炼产量（万吨）,THS模板无zhiji_id，需后续匹配,,NONE,NONE,INFO,INFO,UNCHANGED,No blacklist hit (old or new),NO
THS-NI-3.1.2,THS,NI,印尼镍矿产能（万吨/年）,THS模板无zhiji_id，需后续匹配,,NONE,NONE,INFO,INFO,UNCHANGED,No blacklist hit (old or new),NO
THS-NI-3.1.2,THS,NI,菲律宾镍矿产能（万吨/年）,THS模板无zhiji_id，需后续匹配,,NONE,NONE,INFO,INFO,UNCHANGED,No blacklist hit (old or new),NO
THS-NI-3.1.2,THS,NI,新喀里多尼亚镍矿产能（万吨/年）,THS模板无zhiji_id，需后续匹配,,NONE,NONE,INFO,INFO,UNCHANGED,No blacklist hit (old or new),NO
THS-NI-3.1.2,THS,NI,澳大利亚镍矿产能（万吨/年）,THS模板无zhiji_id，需后续匹配,,NONE,NONE,INFO,INFO,UNCHANGED,No blacklist hit (old or new),NO
THS-NI-3.1.2,THS,NI,印尼镍矿开工天数（天/季度）,THS模板无zhiji_id，需后续匹配,,NONE,NONE,INFO,INFO,UNCHANGED,No blacklist hit (old or new),NO
THS-NI-3.1.2,THS,NI,菲律宾镍矿开工天数（天/季度）,THS模板无zhiji_id，需后续匹配,,NONE,NONE,INFO,INFO,UNCHANGED,No blacklist hit (old or new),NO
THS-NI-3.1.2,THS,NI,新喀里多尼亚镍矿开工天数（天/季度）,THS模板无zhiji_id，需后续匹配,,NONE,NONE,INFO,INFO,UNCHANGED,No blacklist hit (old or new),NO
THS-NI-3.1.2,THS,NI,澳大利亚镍矿开工天数（天/季度）,THS模板无zhiji_id，需后续匹配,,NONE,NONE,INFO,INFO,UNCHANGED,No blacklist hit (old or new),NO
THS-NI-3.1.2,THS,NI,印尼矿-精炼产量比（倍）,THS模板无zhiji_id，需后续匹配,,NONE,NONE,INFO,INFO,UNCHANGED,No blacklist hit (old or new),NO
THS-NI-3.1.2,THS,NI,菲律宾矿-精炼产量比（倍）,THS模板无zhiji_id，需后续匹配,,NONE,NONE,INFO,INFO,UNCHANGED,No blacklist hit (old or new),NO
THS-NI-3.1.3,THS,NI,甘肃镍矿产量（万吨）,THS模板无zhiji_id，需后续匹配,,NONE,NONE,INFO,INFO,UNCHANGED,No blacklist hit (old or new),NO
THS-NI-3.1.3,THS,NI,四川镍矿产量（万吨）,THS模板无zhiji_id，需后续匹配,,NONE,NONE,INFO,INFO,UNCHANGED,No blacklist hit (old or new),NO
THS-NI-3.1.3,THS,NI,云南镍矿产量（万吨）,THS模板无zhiji_id，需后续匹配,,NONE,NONE,INFO,INFO,UNCHANGED,No blacklist hit (old or new),NO
THS-NI-3.1.3,THS,NI,国内镍精炼产量（万吨）,THS模板无zhiji_id，需后续匹配,,NONE,NONE,INFO,INFO,UNCHANGED,No blacklist hit (old or new),NO
THS-NI-3.1.3,THS,NI,电解镍产量（万吨）,THS模板无zhiji_id，需后续匹配,,NONE,NONE,INFO,INFO,UNCHANGED,No blacklist hit (old or new),NO
THS-NI-3.1.3,THS,NI,镍铁产量（万吨）,THS模板无zhiji_id，需后续匹配,,NONE,NONE,INFO,INFO,UNCHANGED,No blacklist hit (old or new),NO
THS-NI-3.1.3,THS,NI,国内镍矿产量（万吨）,THS模板无zhiji_id，需后续匹配,,NONE,NONE,INFO,INFO,UNCHANGED,No blacklist hit (old or new),NO
THS-NI-3.1.3,THS,NI,矿-精炼产量比（倍）,THS模板无zhiji_id，需后续匹配,,NONE,NONE,INFO,INFO,UNCHANGED,No blacklist hit (old or new),NO
THS-NI-3.1.3,THS,NI,甘肃镍矿产能利用率（%）,THS模板无zhiji_id，需后续匹配,,NONE,NONE,INFO,INFO,UNCHANGED,No blacklist hit (old or new),NO
THS-NI-3.1.3,THS,NI,四川镍矿产能利用率（%）,THS模板无zhiji_id，需后续匹配,,NONE,NONE,INFO,INFO,UNCHANGED,No blacklist hit (old or new),NO
THS-NI-3.1.3,THS,NI,云南镍矿产能利用率（%）,THS模板无zhiji_id，需后续匹配,,NONE,NONE,INFO,INFO,UNCHANGED,No blacklist hit (old or new),NO
THS-NI-3.1.3,THS,NI,甘肃镍矿开工天数（天/月）,THS模板无zhiji_id，需后续匹配,,NONE,NONE,INFO,INFO,UNCHANGED,No blacklist hit (old or new),NO
THS-NI-3.1.3,THS,NI,四川镍矿开工天数（天/月）,THS模板无zhiji_id，需后续匹配,,NONE,NONE,INFO,INFO,UNCHANGED,No blacklist hit (old or new),NO
THS-NI-3.1.3,THS,NI,云南镍矿开工天数（天/月）,THS模板无zhiji_id，需后续匹配,,NONE,NONE,INFO,INFO,UNCHANGED,No blacklist hit (old or new),NO
THS-NI-3.1.3,THS,NI,甘肃镍矿检修量（万吨）,THS模板无zhiji_id，需后续匹配,,NONE,NONE,INFO,INFO,UNCHANGED,No blacklist hit (old or new),NO
THS-NI-3.1.3,THS,NI,四川镍矿检修量（万吨）,THS模板无zhiji_id，需后续匹配,,NONE,NONE,INFO,INFO,UNCHANGED,No blacklist hit (old or new),NO
THS-NI-3.1.3,THS,NI,云南镍矿检修量（万吨）,THS模板无zhiji_id，需后续匹配,,NONE,NONE,INFO,INFO,UNCHANGED,No blacklist hit (old or new),NO
THS-NI-3.1.3,THS,NI,近3年同月镍矿产量均值（万吨）,THS模板无zhiji_id，需后续匹配,,NONE,NONE,INFO,INFO,UNCHANGED,No blacklist hit (old or new),NO
THS-NI-3.1.3,THS,NI,近3年同月镍矿产量标准差（万吨）,THS模板无zhiji_id，需后续匹配,,NONE,NONE,INFO,INFO,UNCHANGED,No blacklist hit (old or new),NO
THS-NI-3.1.3,THS,NI,镍精矿进口量（万吨）,THS模板无zhiji_id，需后续匹配,,NONE,NONE,INFO,INFO,UNCHANGED,No blacklist hit (old or new),NO
THS-NI-3.1.3,THS,NI,进口依赖度（%）,THS模板无zhiji_id，需后续匹配,,NONE,NONE,INFO,INFO,UNCHANGED,No blacklist hit (old or new),NO
THS-NI-3.1.4,THS,NI,镍精矿进口总量（万吨）,THS模板无zhiji_id，需后续匹配,,NONE,NONE,INFO,INFO,UNCHANGED,No blacklist hit (old or new),NO
THS-NI-3.1.4,THS,NI,镍精矿进口量（吨）,THS模板无zhiji_id，需后续匹配,,NONE,NONE,INFO,INFO,UNCHANGED,No blacklist hit (old or new),NO
THS-NI-3.1.4,THS,NI,中国从印尼进口镍精矿量（万吨）,THS模板无zhiji_id，需后续匹配,,NONE,NONE,INFO,INFO,UNCHANGED,No blacklist hit (old or new),NO
THS-NI-3.1.4,THS,NI,印尼进口占比（%）,THS模板无zhiji_id，需后续匹配,,NONE,NONE,INFO,INFO,UNCHANGED,No blacklist hit (old or new),NO
THS-NI-3.1.4,THS,NI,中国从菲律宾进口镍精矿量（万吨）,THS模板无zhiji_id，需后续匹配,,NONE,NONE,INFO,INFO,UNCHANGED,No blacklist hit (old or new),NO
THS-NI-3.1.4,THS,NI,菲律宾进口占比（%）,THS模板无zhiji_id，需后续匹配,,NONE,NONE,INFO,INFO,UNCHANGED,No blacklist hit (old or new),NO
THS-NI-3.1.4,THS,NI,中国从新喀里多尼亚进口镍精矿量（万吨）,THS模板无zhiji_id，需后续匹配,,NONE,NONE,INFO,INFO,UNCHANGED,No blacklist hit (old or new),NO
THS-NI-3.1.4,THS,NI,新喀里多尼亚进口占比（%）,THS模板无zhiji_id，需后续匹配,,NONE,NONE,INFO,INFO,UNCHANGED,No blacklist hit (old or new),NO
THS-NI-3.1.4,THS,NI,印尼进口量（万吨）,THS模板无zhiji_id，需后续匹配,,NONE,NONE,INFO,INFO,UNCHANGED,No blacklist hit (old or new),NO
THS-NI-3.1.4,THS,NI,菲律宾进口量（万吨）,THS模板无zhiji_id，需后续匹配,,NONE,NONE,INFO,INFO,UNCHANGED,No blacklist hit (old or new),NO
THS-NI-3.1.4,THS,NI,新喀里多尼亚进口量（万吨）,THS模板无zhiji_id，需后续匹配,,NONE,NONE,INFO,INFO,UNCHANGED,No blacklist hit (old or new),NO
THS-NI-3.1.4,THS,NI,澳大利亚进口量（万吨）,THS模板无zhiji_id，需后续匹配,,NONE,NONE,INFO,INFO,UNCHANGED,No blacklist hit (old or new),NO
THS-NI-3.1.4,THS,NI,国内镍精炼产量（万吨）,THS模板无zhiji_id，需后续匹配,,NONE,NONE,INFO,INFO,UNCHANGED,No blacklist hit (old or new),NO
THS-NI-3.1.4,THS,NI,镍精矿进口量（万吨）,THS模板无zhiji_id，需后续匹配,,NONE,NONE,INFO,INFO,UNCHANGED,No blacklist hit (old or new),NO
THS-NI-3.1.4,THS,NI,进口依赖度（%）,THS模板无zhiji_id，需后续匹配,,NONE,NONE,INFO,INFO,UNCHANGED,No blacklist hit (old or new),NO
THS-NI-3.1.4,THS,NI,近3年同月进口总量均值（万吨）,THS模板无zhiji_id，需后续匹配,,NONE,NONE,INFO,INFO,UNCHANGED,No blacklist hit (old or new),NO
THS-NI-3.1.4,THS,NI,近3年同月进口总量标准差（万吨）,THS模板无zhiji_id，需后续匹配,,NONE,NONE,INFO,INFO,UNCHANGED,No blacklist hit (old or new),NO
THS-NI-3.1.4,THS,NI,印尼镍精矿进口量（万吨）,THS模板无zhiji_id，需后续匹配,,NONE,NONE,INFO,INFO,UNCHANGED,No blacklist hit (old or new),NO
THS-NI-3.1.4,THS,NI,菲律宾镍精矿进口量（万吨）,THS模板无zhiji_id，需后续匹配,,NONE,NONE,INFO,INFO,UNCHANGED,No blacklist hit (old or new),NO
THS-NI-3.1.4,THS,NI,印尼-菲律宾进口量比（倍）,THS模板无zhiji_id，需后续匹配,,NONE,NONE,INFO,INFO,UNCHANGED,No blacklist hit (old or new),NO
THS-NI-3.1.5,THS,NI,镍精矿TC（美元/吨干矿）,THS模板无zhiji_id，需后续匹配,,NONE,NONE,INFO,INFO,UNCHANGED,No blacklist hit (old or new),NO
THS-NI-3.1.5,THS,NI,镍精矿TC分位（%）,THS模板无zhiji_id，需后续匹配,,NONE,NONE,INFO,INFO,UNCHANGED,No blacklist hit (old or new),NO
THS-NI-3.1.5,THS,NI,印尼镍精矿TC（美元/吨干矿）,THS模板无zhiji_id，需后续匹配,,NONE,NONE,INFO,INFO,UNCHANGED,No blacklist hit (old or new),NO
THS-NI-3.1.5,THS,NI,印尼镍精矿进口量（万吨）,THS模板无zhiji_id，需后续匹配,,NONE,NONE,INFO,INFO,UNCHANGED,No blacklist hit (old or new),NO
THS-NI-3.1.5,THS,NI,菲律宾镍精矿TC（美元/吨干矿）,THS模板无zhiji_id，需后续匹配,,NONE,NONE,INFO,INFO,UNCHANGED,No blacklist hit (old or new),NO
THS-NI-3.1.5,THS,NI,菲律宾镍精矿进口量（万吨）,THS模板无zhiji_id，需后续匹配,,NONE,NONE,INFO,INFO,UNCHANGED,No blacklist hit (old or new),NO
THS-NI-3.1.5,THS,NI,近3年同月TC均值（美元/吨干矿）,THS模板无zhiji_id，需后续匹配,,NONE,NONE,INFO,INFO,UNCHANGED,No blacklist hit (old or new),NO
THS-NI-3.1.5,THS,NI,近3年同月TC标准差（美元/吨干矿）,THS模板无zhiji_id，需后续匹配,,NONE,NONE,INFO,INFO,UNCHANGED,No blacklist hit (old or new),NO
THS-NI-3.1.5,THS,NI,沪镍主力合约收盘价（元/吨）,THS模板无zhiji_id，需后续匹配,,NONE,NONE,INFO,INFO,UNCHANGED,No blacklist hit (old or new),NO
THS-NI-3.1.5,THS,NI,新喀里多尼亚镍精矿TC（美元/吨干矿）,THS模板无zhiji_id，需后续匹配,,NONE,NONE,INFO,INFO,UNCHANGED,No blacklist hit (old or new),NO
THS-NI-3.1.5,THS,NI,电解镍冶炼利润（元/吨）,THS模板无zhiji_id，需后续匹配,,NONE,NONE,INFO,INFO,UNCHANGED,No blacklist hit (old or new),NO
THS-NI-3.1.5,THS,NI,镍铁冶炼利润（元/吨）,THS模板无zhiji_id，需后续匹配,,NONE,NONE,INFO,INFO,UNCHANGED,No blacklist hit (old or new),NO
THS-NI-3.1.5,THS,NI,近1年TC分位（%）,THS模板无zhiji_id，需后续匹配,,NONE,NONE,INFO,INFO,UNCHANGED,No blacklist hit (old or new),NO
THS-NI-3.2,THS,NI,电解镍产量,THS模板无zhiji_id，需后续匹配,,NONE,NONE,INFO,INFO,UNCHANGED,No blacklist hit (old or new),NO
THS-NI-3.2,THS,NI,电解镍产量（万吨）,THS模板无zhiji_id，需后续匹配,,NONE,NONE,INFO,INFO,UNCHANGED,No blacklist hit (old or new),NO
THS-NI-3.2,THS,NI,Electrolytic nickel production,THS模板无zhiji_id，需后续匹配,,NONE,NONE,INFO,INFO,UNCHANGED,No blacklist hit (old or new),NO
THS-NI-3.2,THS,NI,镍铁产量,THS模板无zhiji_id，需后续匹配,,NONE,NONE,INFO,INFO,UNCHANGED,No blacklist hit (old or new),NO
THS-NI-3.2,THS,NI,镍铁产量（万吨）,THS模板无zhiji_id，需后续匹配,,NONE,NONE,INFO,INFO,UNCHANGED,No blacklist hit (old or new),NO
THS-NI-3.2,THS,NI,高冰镍产量,THS模板无zhiji_id，需后续匹配,,NONE,NONE,INFO,INFO,UNCHANGED,No blacklist hit (old or new),NO
THS-NI-3.2,THS,NI,高冰镍产量（万吨）,THS模板无zhiji_id，需后续匹配,,NONE,NONE,INFO,INFO,UNCHANGED,No blacklist hit (old or new),NO
THS-NI-3.2,THS,NI,Matte nickel production,THS模板无zhiji_id，需后续匹配,,NONE,NONE,INFO,INFO,UNCHANGED,No blacklist hit (old or new),NO
THS-NI-3.2,THS,NI,精炼镍产量,THS模板无zhiji_id，需后续匹配,,NONE,NONE,INFO,INFO,UNCHANGED,No blacklist hit (old or new),NO
THS-NI-3.2,THS,NI,精炼镍产量（万吨）,THS模板无zhiji_id，需后续匹配,,NONE,NONE,INFO,INFO,UNCHANGED,No blacklist hit (old or new),NO
THS-NI-3.2,THS,NI,Refined nickel production,THS模板无zhiji_id，需后续匹配,,NONE,NONE,INFO,INFO,UNCHANGED,No blacklist hit (old or new),NO
THS-NI-3.2,THS,NI,LME镍注册仓单,THS模板无zhiji_id，需后续匹配,,NONE,NONE,INFO,INFO,UNCHANGED,No blacklist hit (old or new),NO
THS-NI-3.2,THS,NI,LME镍注册仓单（吨）,THS模板无zhiji_id，需后续匹配,,NONE,NONE,INFO,INFO,UNCHANGED,No blacklist hit (old or new),NO
THS-NI-3.2,THS,NI,电解镍开工率,THS模板无zhiji_id，需后续匹配,,NONE,NONE,INFO,INFO,UNCHANGED,No blacklist hit (old or new),NO
THS-NI-3.2,THS,NI,电解镍开工率（%）,THS模板无zhiji_id，需后续匹配,,NONE,NONE,INFO,INFO,UNCHANGED,No blacklist hit (old or new),NO
THS-NI-3.2,THS,NI,镍铁开工率,THS模板无zhiji_id，需后续匹配,,NONE,NONE,INFO,INFO,UNCHANGED,No blacklist hit (old or new),NO
THS-NI-3.2,THS,NI,镍铁开工率（%）,THS模板无zhiji_id，需后续匹配,,NONE,NONE,INFO,INFO,UNCHANGED,No blacklist hit (old or new),NO
THS-NI-3.2,THS,NI,高冰镍开工率,THS模板无zhiji_id，需后续匹配,,NONE,NONE,INFO,INFO,UNCHANGED,No blacklist hit (old or new),NO
THS-NI-3.2,THS,NI,高冰镍开工率（%）,THS模板无zhiji_id，需后续匹配,,NONE,NONE,INFO,INFO,UNCHANGED,No blacklist hit (old or new),NO
THS-NI-3.2,THS,NI,精炼镍开工率,THS模板无zhiji_id，需后续匹配,,NONE,NONE,INFO,INFO,UNCHANGED,No blacklist hit (old or new),NO
THS-NI-3.2,THS,NI,精炼镍开工率（%）,THS模板无zhiji_id，需后续匹配,,NONE,NONE,INFO,INFO,UNCHANGED,No blacklist hit (old or new),NO
THS-NI-3.2,THS,NI,印尼镍铁冶炼项目样本投产条数,THS模板无zhiji_id，需后续匹配,,NONE,NONE,INFO,INFO,UNCHANGED,No blacklist hit (old or new),NO
THS-NI-3.2,THS,NI,再生镍产量,THS模板无zhiji_id，需后续匹配,,NONE,NONE,INFO,INFO,UNCHANGED,No blacklist hit (old or new),NO
THS-NI-3.2,THS,NI,再生镍产量（万吨）,THS模板无zhiji_id，需后续匹配,,NONE,NONE,INFO,INFO,UNCHANGED,No blacklist hit (old or new),NO
THS-NI-3.2,THS,NI,Recycled nickel production,THS模板无zhiji_id，需后续匹配,,NONE,NONE,INFO,INFO,UNCHANGED,No blacklist hit (old or new),NO
THS-NI-3.2,THS,NI,不锈钢废料再生镍量,THS模板无zhiji_id，需后续匹配,,NONE,NONE,INFO,INFO,UNCHANGED,No blacklist hit (old or new),NO
THS-NI-3.2,THS,NI,不锈钢废料再生镍量（万吨）,THS模板无zhiji_id，需后续匹配,,NONE,NONE,INFO,INFO,UNCHANGED,No blacklist hit (old or new),NO
THS-NI-3.2,THS,NI,电池级镍回收量,THS模板无zhiji_id，需后续匹配,,NONE,NONE,INFO,INFO,UNCHANGED,No blacklist hit (old or new),NO
THS-NI-3.2,THS,NI,电池级镍回收量（万吨）,THS模板无zhiji_id，需后续匹配,,NONE,NONE,INFO,INFO,UNCHANGED,No blacklist hit (old or new),NO
THS-NI-3.2,THS,NI,高冰镍再生量,THS模板无zhiji_id，需后续匹配,,NONE,NONE,INFO,INFO,UNCHANGED,No blacklist hit (old or new),NO
THS-NI-3.2,THS,NI,高冰镍再生量（万吨）,THS模板无zhiji_id，需后续匹配,,NONE,NONE,INFO,INFO,UNCHANGED,No blacklist hit (old or new),NO
THS-NI-3.2,THS,NI,硫酸镍产量,THS模板无zhiji_id，需后续匹配,,NONE,NONE,INFO,INFO,UNCHANGED,No blacklist hit (old or new),NO
THS-NI-3.2,THS,NI,硫酸镍产量（万吨）,THS模板无zhiji_id，需后续匹配,,NONE,NONE,INFO,INFO,UNCHANGED,No blacklist hit (old or new),NO
THS-NI-3.2,THS,NI,Nickel sulfate production,THS模板无zhiji_id，需后续匹配,,NONE,NONE,INFO,INFO,UNCHANGED,No blacklist hit (old or new),NO
THS-NI-3.2,THS,NI,电解镍冶炼利润,THS模板无zhiji_id，需后续匹配,,NONE,NONE,INFO,INFO,UNCHANGED,No blacklist hit (old or new),NO
THS-NI-3.2,THS,NI,电解镍冶炼利润（元/吨）,THS模板无zhiji_id，需后续匹配,,NONE,NONE,INFO,INFO,UNCHANGED,No blacklist hit (old or new),NO
THS-NI-3.2,THS,NI,镍铁冶炼利润,THS模板无zhiji_id，需后续匹配,,NONE,NONE,INFO,INFO,UNCHANGED,No blacklist hit (old or new),NO
THS-NI-3.2,THS,NI,镍铁冶炼利润（元/吨）,THS模板无zhiji_id，需后续匹配,,NONE,NONE,INFO,INFO,UNCHANGED,No blacklist hit (old or new),NO
THS-NI-3.2,THS,NI,高冰镍冶炼利润,THS模板无zhiji_id，需后续匹配,,NONE,NONE,INFO,INFO,UNCHANGED,No blacklist hit (old or new),NO
THS-NI-3.2,THS,NI,高冰镍冶炼利润（元/吨）,THS模板无zhiji_id，需后续匹配,,NONE,NONE,INFO,INFO,UNCHANGED,No blacklist hit (old or new),NO
THS-NI-3.2,THS,NI,沪镍主力合约收盘价,THS模板无zhiji_id，需后续匹配,,NONE,NONE,INFO,INFO,UNCHANGED,No blacklist hit (old or new),NO
THS-NI-3.2,THS,NI,沪镍主力合约收盘价（元/吨）,THS模板无zhiji_id，需后续匹配,,NONE,NONE,INFO,INFO,UNCHANGED,No blacklist hit (old or new),NO
THS-NI-3.2,THS,NI,电解镍冶炼利润（元/吨）、沪镍主力合约收盘价（元/吨）,THS模板无zhiji_id，需后续匹配,,NONE,NONE,INFO,INFO,UNCHANGED,No blacklist hit (old or new),NO
THS-NI-3.2.1,THS,NI,电解镍产量（万吨）,THS模板无zhiji_id，需后续匹配,,NONE,NONE,INFO,INFO,UNCHANGED,No blacklist hit (old or new),NO
THS-NI-3.2.1,THS,NI,电解镍产能利用率（%）,THS模板无zhiji_id，需后续匹配,,NONE,NONE,INFO,INFO,UNCHANGED,No blacklist hit (old or new),NO
THS-NI-3.2.1,THS,NI,镍铁产量（万吨）,THS模板无zhiji_id，需后续匹配,,NONE,NONE,INFO,INFO,UNCHANGED,No blacklist hit (old or new),NO
THS-NI-3.2.1,THS,NI,镍铁产能利用率（%）,THS模板无zhiji_id，需后续匹配,,NONE,NONE,INFO,INFO,UNCHANGED,No blacklist hit (old or new),NO
THS-NI-3.2.1,THS,NI,高冰镍产量（万吨）,THS模板无zhiji_id，需后续匹配,,NONE,NONE,INFO,INFO,UNCHANGED,No blacklist hit (old or new),NO
THS-NI-3.2.1,THS,NI,高冰镍产能利用率（%）,THS模板无zhiji_id，需后续匹配,,NONE,NONE,INFO,INFO,UNCHANGED,No blacklist hit (old or new),NO
THS-NI-3.2.1,THS,NI,精炼镍产量（万吨）,THS模板无zhiji_id，需后续匹配,,NONE,NONE,INFO,INFO,UNCHANGED,No blacklist hit (old or new),NO
THS-NI-3.2.1,THS,NI,精炼镍产能利用率（%）,THS模板无zhiji_id，需后续匹配,,NONE,NONE,INFO,INFO,UNCHANGED,No blacklist hit (old or new),NO
THS-NI-3.2.1,THS,NI,镍精炼产量（万吨）,THS模板无zhiji_id，需后续匹配,,NONE,NONE,INFO,INFO,UNCHANGED,No blacklist hit (old or new),NO
THS-NI-3.2.1,THS,NI,近3年同月镍精炼产量均值（万吨）,THS模板无zhiji_id，需后续匹配,,NONE,NONE,INFO,INFO,UNCHANGED,No blacklist hit (old or new),NO
THS-NI-3.2.1,THS,NI,近3年同月镍精炼产量标准差（万吨）,THS模板无zhiji_id，需后续匹配,,NONE,NONE,INFO,INFO,UNCHANGED,No blacklist hit (old or new),NO
THS-NI-3.2.1,THS,NI,镍精矿TC（美元/吨干矿）,THS模板无zhiji_id，需后续匹配,,NONE,NONE,INFO,INFO,UNCHANGED,No blacklist hit (old or new),NO
THS-NI-3.2.2,THS,NI,电解镍开工率（%）,THS模板无zhiji_id，需后续匹配,,NONE,NONE,INFO,INFO,UNCHANGED,No blacklist hit (old or new),NO
THS-NI-3.2.2,THS,NI,电解镍检修量（万吨）,THS模板无zhiji_id，需后续匹配,,NONE,NONE,INFO,INFO,UNCHANGED,No blacklist hit (old or new),NO
THS-NI-3.2.2,THS,NI,镍铁开工率（%）,THS模板无zhiji_id，需后续匹配,,NONE,NONE,INFO,INFO,UNCHANGED,No blacklist hit (old or new),NO
THS-NI-3.2.2,THS,NI,镍铁检修量（万吨）,THS模板无zhiji_id，需后续匹配,,NONE,NONE,INFO,INFO,UNCHANGED,No blacklist hit (old or new),NO
THS-NI-3.2.2,THS,NI,高冰镍开工率（%）,THS模板无zhiji_id，需后续匹配,,NONE,NONE,INFO,INFO,UNCHANGED,No blacklist hit (old or new),NO
THS-NI-3.2.2,THS,NI,高冰镍检修量（万吨）,THS模板无zhiji_id，需后续匹配,,NONE,NONE,INFO,INFO,UNCHANGED,No blacklist hit (old or new),NO
THS-NI-3.2.2,THS,NI,精炼镍开工率（%）,THS模板无zhiji_id，需后续匹配,,NONE,NONE,INFO,INFO,UNCHANGED,No blacklist hit (old or new),NO
THS-NI-3.2.2,THS,NI,精炼镍检修量（万吨）,THS模板无zhiji_id，需后续匹配,,NONE,NONE,INFO,INFO,UNCHANGED,No blacklist hit (old or new),NO
THS-NI-3.2.2,THS,NI,镍精炼开工率（%）,THS模板无zhiji_id，需后续匹配,,NONE,NONE,INFO,INFO,UNCHANGED,No blacklist hit (old or new),NO
THS-NI-3.2.2,THS,NI,近3年同月开工率均值（%）,THS模板无zhiji_id，需后续匹配,,NONE,NONE,INFO,INFO,UNCHANGED,No blacklist hit (old or new),NO
THS-NI-3.2.2,THS,NI,近3年同月开工率标准差（%）,THS模板无zhiji_id，需后续匹配,,NONE,NONE,INFO,INFO,UNCHANGED,No blacklist hit (old or new),NO
THS-NI-3.2.2,THS,NI,镍精矿TC（美元/吨干矿）,THS模板无zhiji_id，需后续匹配,,NONE,NONE,INFO,INFO,UNCHANGED,No blacklist hit (old or new),NO
THS-NI-3.2.3,THS,NI,再生镍产量（万吨）,THS模板无zhiji_id，需后续匹配,,NONE,NONE,INFO,INFO,UNCHANGED,No blacklist hit (old or new),NO
THS-NI-3.2.3,THS,NI,再生镍占比（%）,THS模板无zhiji_id，需后续匹配,,NONE,NONE,INFO,INFO,UNCHANGED,No blacklist hit (old or new),NO
THS-NI-3.2.3,THS,NI,不锈钢废料再生镍量（万吨）,THS模板无zhiji_id，需后续匹配,,NONE,NONE,INFO,INFO,UNCHANGED,No blacklist hit (old or new),NO
THS-NI-3.2.3,THS,NI,不锈钢废料进口量（万吨）,THS模板无zhiji_id，需后续匹配,,NONE,NONE,INFO,INFO,UNCHANGED,No blacklist hit (old or new),NO
THS-NI-3.2.3,THS,NI,电池级镍回收量（万吨）,THS模板无zhiji_id，需后续匹配,,NONE,NONE,INFO,INFO,UNCHANGED,No blacklist hit (old or new),NO
THS-NI-3.2.3,THS,NI,动力电池废料进口量（万吨）,THS模板无zhiji_id，需后续匹配,,NONE,NONE,INFO,INFO,UNCHANGED,No blacklist hit (old or new),NO
THS-NI-3.2.3,THS,NI,高冰镍再生量（万吨）,THS模板无zhiji_id，需后续匹配,,NONE,NONE,INFO,INFO,UNCHANGED,No blacklist hit (old or new),NO
THS-NI-3.2.3,THS,NI,高冰镍进口量（万吨）,THS模板无zhiji_id，需后续匹配,,NONE,NONE,INFO,INFO,UNCHANGED,No blacklist hit (old or new),NO
THS-NI-3.2.3,THS,NI,近3年同月再生镍产量均值（万吨）,THS模板无zhiji_id，需后续匹配,,NONE,NONE,INFO,INFO,UNCHANGED,No blacklist hit (old or new),NO
THS-NI-3.2.3,THS,NI,近3年同月再生镍产量标准差（万吨）,THS模板无zhiji_id，需后续匹配,,NONE,NONE,INFO,INFO,UNCHANGED,No blacklist hit (old or new),NO
THS-NI-3.2.3,THS,NI,镍精矿TC（美元/吨干矿）,THS模板无zhiji_id，需后续匹配,,NONE,NONE,INFO,INFO,UNCHANGED,No blacklist hit (old or new),NO
THS-NI-3.2.3,THS,NI,电解镍产量（万吨）,THS模板无zhiji_id，需后续匹配,,NONE,NONE,INFO,INFO,UNCHANGED,No blacklist hit (old or new),NO
THS-NI-3.2.3,THS,NI,再生镍-电解镍产量比（倍）,THS模板无zhiji_id，需后续匹配,,NONE,NONE,INFO,INFO,UNCHANGED,No blacklist hit (old or new),NO
THS-NI-3.2.4,THS,NI,电解镍冶炼利润（元/吨）,THS模板无zhiji_id，需后续匹配,,NONE,NONE,INFO,INFO,UNCHANGED,No blacklist hit (old or new),NO
THS-NI-3.2.4,THS,NI,电解镍完全成本（元/吨）,THS模板无zhiji_id，需后续匹配,,NONE,NONE,INFO,INFO,UNCHANGED,No blacklist hit (old or new),NO
THS-NI-3.2.4,THS,NI,镍铁冶炼利润（元/吨）,THS模板无zhiji_id，需后续匹配,,NONE,NONE,INFO,INFO,UNCHANGED,No blacklist hit (old or new),NO
THS-NI-3.2.4,THS,NI,镍铁完全成本（元/吨）,THS模板无zhiji_id，需后续匹配,,NONE,NONE,INFO,INFO,UNCHANGED,No blacklist hit (old or new),NO
THS-NI-3.2.4,THS,NI,高冰镍冶炼利润（元/吨）,THS模板无zhiji_id，需后续匹配,,NONE,NONE,INFO,INFO,UNCHANGED,No blacklist hit (old or new),NO
THS-NI-3.2.4,THS,NI,高冰镍完全成本（元/吨）,THS模板无zhiji_id，需后续匹配,,NONE,NONE,INFO,INFO,UNCHANGED,No blacklist hit (old or new),NO
THS-NI-3.2.4,THS,NI,近1年电解镍冶炼利润分位（%）,THS模板无zhiji_id，需后续匹配,,NONE,NONE,INFO,INFO,UNCHANGED,No blacklist hit (old or new),NO
THS-NI-3.2.4,THS,NI,电解镍开工率（%）,THS模板无zhiji_id，需后续匹配,,NONE,NONE,INFO,INFO,UNCHANGED,No blacklist hit (old or new),NO
THS-NI-3.2.4,THS,NI,镍精矿TC（美元/吨干矿）,THS模板无zhiji_id，需后续匹配,,NONE,NONE,INFO,INFO,UNCHANGED,No blacklist hit (old or new),NO
THS-NI-3.2.4,THS,NI,近3年同月电解镍冶炼利润均值（元/吨）,THS模板无zhiji_id，需后续匹配,,NONE,NONE,INFO,INFO,UNCHANGED,No blacklist hit (old or new),NO
THS-NI-3.2.4,THS,NI,近3年同月电解镍冶炼利润标准差（元/吨）,THS模板无zhiji_id，需后续匹配,,NONE,NONE,INFO,INFO,UNCHANGED,No blacklist hit (old or new),NO
THS-NI-3.2.4,THS,NI,沪镍主力合约收盘价（元/吨）,THS模板无zhiji_id，需后续匹配,,NONE,NONE,INFO,INFO,UNCHANGED,No blacklist hit (old or new),NO
THS-NI-4.1,THS,NI,上期所镍仓单量（手）,THS模板无zhiji_id，需后续匹配,,NONE,NONE,INFO,INFO,UNCHANGED,No blacklist hit (old or new),NO
THS-NI-4.1,THS,NI,上期所镍注销仓单量（手）,THS模板无zhiji_id，需后续匹配,,NONE,NONE,INFO,INFO,UNCHANGED,No blacklist hit (old or new),NO
THS-NI-4.1,THS,NI,上海地区仓单量（手）,THS模板无zhiji_id，需后续匹配,,NONE,NONE,INFO,INFO,UNCHANGED,No blacklist hit (old or new),NO
THS-NI-4.1,THS,NI,广东地区仓单量（手）,THS模板无zhiji_id，需后续匹配,,NONE,NONE,INFO,INFO,UNCHANGED,No blacklist hit (old or new),NO
THS-NI-4.1,THS,NI,浙江地区仓单量（手）,THS模板无zhiji_id，需后续匹配,,NONE,NONE,INFO,INFO,UNCHANGED,No blacklist hit (old or new),NO
THS-NI-4.1,THS,NI,近3年同月仓单量均值（手）,THS模板无zhiji_id，需后续匹配,,NONE,NONE,INFO,INFO,UNCHANGED,No blacklist hit (old or new),NO
THS-NI-4.1,THS,NI,近3年同月仓单量标准差（手）,THS模板无zhiji_id，需后续匹配,,NONE,NONE,INFO,INFO,UNCHANGED,No blacklist hit (old or new),NO
THS-NI-4.1,THS,NI,沪镍主力合约收盘价（元/吨）,THS模板无zhiji_id，需后续匹配,,NONE,NONE,INFO,INFO,UNCHANGED,No blacklist hit (old or new),NO
THS-NI-4.1,THS,NI,近1年仓单量分位（%）,THS模板无zhiji_id，需后续匹配,,NONE,NONE,INFO,INFO,UNCHANGED,No blacklist hit (old or new),NO
THS-NI-4.1,THS,NI,镍现货升贴水（元/吨）,THS模板无zhiji_id，需后续匹配,,NONE,NONE,INFO,INFO,UNCHANGED,No blacklist hit (old or new),NO
THS-NI-4.1,THS,NI,镍进口盈亏（元/吨）,THS模板无zhiji_id，需后续匹配,,NONE,NONE,INFO,INFO,UNCHANGED,No blacklist hit (old or new),NO
THS-NI-4.1,THS,NI,LME镍库存（手）,THS模板无zhiji_id，需后续匹配,,NONE,NONE,INFO,INFO,UNCHANGED,No blacklist hit (old or new),NO
THS-NI-4.1,THS,NI,上期所镍仓单量,THS模板无zhiji_id，需后续匹配,,NONE,NONE,INFO,INFO,UNCHANGED,No blacklist hit (old or new),NO
THS-NI-4.1,THS,NI,SMM纯镍社会库存:上期所,THS模板无zhiji_id，需后续匹配,,NONE,NONE,INFO,INFO,UNCHANGED,No blacklist hit (old or new),NO
THS-NI-4.1,THS,NI,中国精炼镍仓单库存,THS模板无zhiji_id，需后续匹配,,NONE,NONE,INFO,INFO,UNCHANGED,No blacklist hit (old or new),NO
THS-NI-4.1,THS,NI,LME镍库存（LME Nickel Stock）,THS模板无zhiji_id，需后续匹配,,NONE,NONE,INFO,INFO,UNCHANGED,No blacklist hit (old or new),NO
THS-NI-4.1,THS,NI,上海地区仓单量、广东地区仓单量、浙江地区仓单量,THS模板无zhiji_id，需后续匹配,,NONE,NONE,INFO,INFO,UNCHANGED,No blacklist hit (old or new),NO
THS-NI-4.1,THS,NI,SMM纯镍社会库存:上海/广东/浙江,THS模板无zhiji_id，需后续匹配,,NONE,NONE,INFO,INFO,UNCHANGED,No blacklist hit (old or new),NO
THS-NI-4.1,THS,NI,沪镍主力合约收盘价,THS模板无zhiji_id，需后续匹配,,NONE,NONE,INFO,INFO,UNCHANGED,No blacklist hit (old or new),NO
THS-NI-4.1,THS,NI,镍现货升贴水,THS模板无zhiji_id，需后续匹配,,NONE,NONE,INFO,INFO,UNCHANGED,No blacklist hit (old or new),NO
THS-NI-4.1,THS,NI,SMM纯镍现货升贴水,THS模板无zhiji_id，需后续匹配,,NONE,NONE,INFO,INFO,UNCHANGED,No blacklist hit (old or new),NO
THS-NI-4.1,THS,NI,Mysteel纯镍现货升贴水,THS模板无zhiji_id，需后续匹配,,NONE,NONE,INFO,INFO,UNCHANGED,No blacklist hit (old or new),NO
THS-NI-4.1,THS,NI,LME镍升贴水0-3（LME Nickel Premium/Discount 0-3）,THS模板无zhiji_id，需后续匹配,,NONE,NONE,INFO,INFO,UNCHANGED,No blacklist hit (old or new),NO
THS-NI-4.1,THS,NI,镍进口盈亏,THS模板无zhiji_id，需后续匹配,,NONE,NONE,INFO,INFO,UNCHANGED,No blacklist hit (old or new),NO
THS-NI-4.1,THS,NI,SMM镍进口盈亏,THS模板无zhiji_id，需后续匹配,,NONE,NONE,INFO,INFO,UNCHANGED,No blacklist hit (old or new),NO
THS-NI-4.1,THS,NI,Mysteel镍豆进口盈亏,THS模板无zhiji_id，需后续匹配,,NONE,NONE,INFO,INFO,UNCHANGED,No blacklist hit (old or new),NO
THS-NI-4.1,THS,NI,LME镍库存,THS模板无zhiji_id，需后续匹配,,NONE,NONE,INFO,INFO,UNCHANGED,No blacklist hit (old or new),NO
THS-NI-4.1,THS,NI,SMM LME镍库存,THS模板无zhiji_id，需后续匹配,,NONE,NONE,INFO,INFO,UNCHANGED,No blacklist hit (old or new),NO
THS-NI-4.1,THS,NI,Mysteel LME镍库存,THS模板无zhiji_id，需后续匹配,,NONE,NONE,INFO,INFO,UNCHANGED,No blacklist hit (old or new),NO
THS-NI-4.1,THS,NI,LME Nickel Stock（吨）,THS模板无zhiji_id，需后续匹配,,NONE,NONE,INFO,INFO,UNCHANGED,No blacklist hit (old or new),NO
THS-NI-4.2,THS,NI,上期所镍仓单量（手）,THS模板无zhiji_id，需后续匹配,,NONE,NONE,INFO,INFO,UNCHANGED,No blacklist hit (old or new),NO
THS-NI-4.2,THS,NI,上期所镍注销仓单量（手）,THS模板无zhiji_id，需后续匹配,,NONE,NONE,INFO,INFO,UNCHANGED,No blacklist hit (old or new),NO
THS-NI-4.2,THS,NI,上海地区仓单量（手）,THS模板无zhiji_id，需后续匹配,,NONE,NONE,INFO,INFO,UNCHANGED,No blacklist hit (old or new),NO
THS-NI-4.2,THS,NI,广东地区仓单量（手）,THS模板无zhiji_id，需后续匹配,,NONE,NONE,INFO,INFO,UNCHANGED,No blacklist hit (old or new),NO
THS-NI-4.2,THS,NI,浙江地区仓单量（手）,THS模板无zhiji_id，需后续匹配,,NONE,NONE,INFO,INFO,UNCHANGED,No blacklist hit (old or new),NO
THS-NI-4.2,THS,NI,近3年同月仓单量均值（手）,THS模板无zhiji_id，需后续匹配,,NONE,NONE,INFO,INFO,UNCHANGED,No blacklist hit (old or new),NO
THS-NI-4.2,THS,NI,近3年同月仓单量标准差（手）,THS模板无zhiji_id，需后续匹配,,NONE,NONE,INFO,INFO,UNCHANGED,No blacklist hit (old or new),NO
THS-NI-4.2,THS,NI,近1年仓单量分位（%）,THS模板无zhiji_id，需后续匹配,,NONE,NONE,INFO,INFO,UNCHANGED,No blacklist hit (old or new),NO
THS-NI-4.2,THS,NI,LME镍库存（手）,THS模板无zhiji_id，需后续匹配,,NONE,NONE,INFO,INFO,UNCHANGED,No blacklist hit (old or new),NO
THS-NI-4.2,THS,NI,注销占比（%）,THS模板无zhiji_id，需后续匹配,,NONE,NONE,INFO,INFO,UNCHANGED,No blacklist hit (old or new),NO
THS-NI-4.2,THS,NI,镍现货升贴水（元/吨）,THS模板无zhiji_id，需后续匹配,,NONE,NONE,INFO,INFO,UNCHANGED,No blacklist hit (old or new),NO
THS-NI-4.2,THS,NI,沪镍主力合约收盘价（元/吨）,THS模板无zhiji_id，需后续匹配,,NONE,NONE,INFO,INFO,UNCHANGED,No blacklist hit (old or new),NO
THS-NI-4.2,THS,NI,上期所镍仓单量、上期所镍注销仓单量,THS模板无zhiji_id，需后续匹配,,NONE,NONE,INFO,INFO,UNCHANGED,No blacklist hit (old or new),NO
THS-NI-4.2,THS,NI,SMM纯镍社会库存:上期所（含注销仓单）,THS模板无zhiji_id，需后续匹配,,NONE,NONE,INFO,INFO,UNCHANGED,No blacklist hit (old or new),NO
THS-NI-4.2,THS,NI,Mysteel精炼镍仓单库存、注销仓单,THS模板无zhiji_id，需后续匹配,,NONE,NONE,INFO,INFO,UNCHANGED,No blacklist hit (old or new),NO
THS-NI-4.2,THS,NI,LME镍注册仓单（LME Nickel Registered Stock）、LME镍注销仓单（LME,THS模板无zhiji_id，需后续匹配,,NONE,NONE,INFO,INFO,UNCHANGED,No blacklist hit (old or new),NO
THS-NI-4.2,THS,NI,上期所镍仓单量、上期所镍注销仓单量、注销占比,THS模板无zhiji_id，需后续匹配,,NONE,NONE,INFO,INFO,UNCHANGED,No blacklist hit (old or new),NO
THS-NI-4.2,THS,NI,Mysteel精炼镍仓单注销占比,THS模板无zhiji_id，需后续匹配,,NONE,NONE,INFO,INFO,UNCHANGED,No blacklist hit (old or new),NO
THS-NI-4.2,THS,NI,LME镍注销仓单占比（LME Nickel Unregistered Stock Ratio）,THS模板无zhiji_id，需后续匹配,,NONE,NONE,INFO,INFO,UNCHANGED,No blacklist hit (old or new),NO
THS-NI-4.2,THS,NI,上期所镍仓单量、LME镍库存,THS模板无zhiji_id，需后续匹配,,NONE,NONE,INFO,INFO,UNCHANGED,No blacklist hit (old or new),NO
THS-NI-4.2,THS,NI,SMM纯镍社会库存:上期所、LME镍库存,THS模板无zhiji_id，需后续匹配,,NONE,NONE,INFO,INFO,UNCHANGED,No blacklist hit (old or new),NO
THS-NI-4.2,THS,NI,Mysteel精炼镍仓单库存、LME镍库存,THS模板无zhiji_id，需后续匹配,,NONE,NONE,INFO,INFO,UNCHANGED,No blacklist hit (old or new),NO
THS-NI-4.2,THS,NI,LME Nickel Stock,THS模板无zhiji_id，需后续匹配,,NONE,NONE,INFO,INFO,UNCHANGED,No blacklist hit (old or new),NO
THS-NI-4.2,THS,NI,上期所镍仓单量、镍现货升贴水,THS模板无zhiji_id，需后续匹配,,NONE,NONE,INFO,INFO,UNCHANGED,No blacklist hit (old or new),NO
THS-NI-4.2,THS,NI,SMM纯镍社会库存:上期所、SMM纯镍现货升贴水,THS模板无zhiji_id，需后续匹配,,NONE,NONE,INFO,INFO,UNCHANGED,No blacklist hit (old or new),NO
THS-NI-4.2,THS,NI,Mysteel精炼镍仓单库存、Mysteel纯镍现货升贴水,THS模板无zhiji_id，需后续匹配,,NONE,NONE,INFO,INFO,UNCHANGED,No blacklist hit (old or new),NO
THS-NI-4.2,THS,NI,LME镍升贴水0-3,THS模板无zhiji_id，需后续匹配,,NONE,NONE,INFO,INFO,UNCHANGED,No blacklist hit (old or new),NO
THS-NI-4.2,THS,NI,上期所镍仓单量、沪镍主力合约收盘价,THS模板无zhiji_id，需后续匹配,,NONE,NONE,INFO,INFO,UNCHANGED,No blacklist hit (old or new),NO
THS-NI-4.2,THS,NI,SMM纯镍社会库存:上期所、沪镍主力合约收盘价,THS模板无zhiji_id，需后续匹配,,NONE,NONE,INFO,INFO,UNCHANGED,No blacklist hit (old or new),NO
THS-NI-4.2,THS,NI,Mysteel精炼镍仓单库存、沪镍主力合约收盘价,THS模板无zhiji_id，需后续匹配,,NONE,NONE,INFO,INFO,UNCHANGED,No blacklist hit (old or new),NO
THS-NI-4.3,THS,NI,镍社会库存总量（万吨）,THS模板无zhiji_id，需后续匹配,,NONE,NONE,INFO,INFO,UNCHANGED,No blacklist hit (old or new),NO
THS-NI-4.3,THS,NI,厂内库存（万吨）,THS模板无zhiji_id，需后续匹配,,NONE,NONE,INFO,INFO,UNCHANGED,No blacklist hit (old or new),NO
THS-NI-4.3,THS,NI,厂外库存（万吨）,THS模板无zhiji_id，需后续匹配,,NONE,NONE,INFO,INFO,UNCHANGED,No blacklist hit (old or new),NO
THS-NI-4.3,THS,NI,上海地区社会库存（万吨）,THS模板无zhiji_id，需后续匹配,,NONE,NONE,INFO,INFO,UNCHANGED,No blacklist hit (old or new),NO
THS-NI-4.3,THS,NI,广东地区社会库存（万吨）,THS模板无zhiji_id，需后续匹配,,NONE,NONE,INFO,INFO,UNCHANGED,No blacklist hit (old or new),NO
THS-NI-4.3,THS,NI,浙江地区社会库存（万吨）,THS模板无zhiji_id，需后续匹配,,NONE,NONE,INFO,INFO,UNCHANGED,No blacklist hit (old or new),NO
THS-NI-4.3,THS,NI,近3年同月社会库存均值（万吨）,THS模板无zhiji_id，需后续匹配,,NONE,NONE,INFO,INFO,UNCHANGED,No blacklist hit (old or new),NO
THS-NI-4.3,THS,NI,近3年同月社会库存标准差（万吨）,THS模板无zhiji_id，需后续匹配,,NONE,NONE,INFO,INFO,UNCHANGED,No blacklist hit (old or new),NO
THS-NI-4.3,THS,NI,近1年社会库存分位（%）,THS模板无zhiji_id，需后续匹配,,NONE,NONE,INFO,INFO,UNCHANGED,No blacklist hit (old or new),NO
THS-NI-4.3,THS,NI,上期所镍仓单量（手）,THS模板无zhiji_id，需后续匹配,,NONE,NONE,INFO,INFO,UNCHANGED,No blacklist hit (old or new),NO
THS-NI-4.3,THS,NI,镍精矿TC（美元/吨干矿）,THS模板无zhiji_id，需后续匹配,,NONE,NONE,INFO,INFO,UNCHANGED,No blacklist hit (old or new),NO
THS-NI-4.3,THS,NI,沪镍主力合约收盘价（元/吨）,THS模板无zhiji_id，需后续匹配,,NONE,NONE,INFO,INFO,UNCHANGED,No blacklist hit (old or new),NO
THS-NI-4.3,THS,NI,在途库存（万吨）,THS模板无zhiji_id，需后续匹配,,NONE,NONE,INFO,INFO,UNCHANGED,No blacklist hit (old or new),NO
THS-NI-4.3,THS,NI,隐性库存（万吨）,THS模板无zhiji_id，需后续匹配,,NONE,NONE,INFO,INFO,UNCHANGED,No blacklist hit (old or new),NO
THS-NI-4.3,THS,NI,镍社会库存总量（含上期所、南储、隐性）,THS模板无zhiji_id，需后续匹配,,NONE,NONE,INFO,INFO,UNCHANGED,No blacklist hit (old or new),NO
THS-NI-4.3,THS,NI,SMM纯镍社会库存:三地总量,THS模板无zhiji_id，需后续匹配,,NONE,NONE,INFO,INFO,UNCHANGED,No blacklist hit (old or new),NO
THS-NI-4.3,THS,NI,Mysteel中国精炼镍27库社会库存,THS模板无zhiji_id，需后续匹配,,NONE,NONE,INFO,INFO,UNCHANGED,No blacklist hit (old or new),NO
THS-NI-4.3,THS,NI,上海地区社会库存、广东地区社会库存、浙江地区社会库存,THS模板无zhiji_id，需后续匹配,,NONE,NONE,INFO,INFO,UNCHANGED,No blacklist hit (old or new),NO
THS-NI-4.3,THS,NI,SMM纯镍社会库存:上海/广东/浙江,THS模板无zhiji_id，需后续匹配,,NONE,NONE,INFO,INFO,UNCHANGED,No blacklist hit (old or new),NO
THS-NI-4.3,THS,NI,Mysteel中国精炼镍社会库存:上海/广东/浙江,THS模板无zhiji_id，需后续匹配,,NONE,NONE,INFO,INFO,UNCHANGED,No blacklist hit (old or new),NO
THS-NI-4.3,THS,NI,镍社会库存总量、上期所镍仓单量,THS模板无zhiji_id，需后续匹配,,NONE,NONE,INFO,INFO,UNCHANGED,No blacklist hit (old or new),NO
THS-NI-4.3,THS,NI,SMM纯镍社会库存:三地总量、SMM纯镍社会库存:上期所,THS模板无zhiji_id，需后续匹配,,NONE,NONE,INFO,INFO,UNCHANGED,No blacklist hit (old or new),NO
THS-NI-4.3,THS,NI,Mysteel中国精炼镍27库社会库存、Mysteel精炼镍仓单库存,THS模板无zhiji_id，需后续匹配,,NONE,NONE,INFO,INFO,UNCHANGED,No blacklist hit (old or new),NO
THS-NI-4.3,THS,NI,镍社会库存总量、沪镍主力合约收盘价,THS模板无zhiji_id，需后续匹配,,NONE,NONE,INFO,INFO,UNCHANGED,No blacklist hit (old or new),NO
THS-NI-4.3,THS,NI,SMM纯镍社会库存:三地总量、沪镍主力合约收盘价,THS模板无zhiji_id，需后续匹配,,NONE,NONE,INFO,INFO,UNCHANGED,No blacklist hit (old or new),NO
THS-NI-4.3,THS,NI,Mysteel中国精炼镍27库社会库存、沪镍主力合约收盘价,THS模板无zhiji_id，需后续匹配,,NONE,NONE,INFO,INFO,UNCHANGED,No blacklist hit (old or new),NO
THS-NI-4.3,THS,NI,在途库存、隐性库存,THS模板无zhiji_id，需后续匹配,,NONE,NONE,INFO,INFO,UNCHANGED,No blacklist hit (old or new),NO
THS-NI-4.3,THS,NI,SMM纯镍社会库存:在途/隐性,THS模板无zhiji_id，需后续匹配,,NONE,NONE,INFO,INFO,UNCHANGED,No blacklist hit (old or new),NO
THS-NI-4.3,THS,NI,Mysteel中国精炼镍在途库存、隐性库存,THS模板无zhiji_id，需后续匹配,,NONE,NONE,INFO,INFO,UNCHANGED,No blacklist hit (old or new),NO
THS-NI-4.3,THS,NI,镍社会库存总量、LME镍库存,THS模板无zhiji_id，需后续匹配,,NONE,NONE,INFO,INFO,UNCHANGED,No blacklist hit (old or new),NO
THS-NI-4.3,THS,NI,SMM纯镍社会库存:三地总量、LME镍库存,THS模板无zhiji_id，需后续匹配,,NONE,NONE,INFO,INFO,UNCHANGED,No blacklist hit (old or new),NO
THS-NI-4.3,THS,NI,Mysteel中国精炼镍27库社会库存、LME镍库存,THS模板无zhiji_id，需后续匹配,,NONE,NONE,INFO,INFO,UNCHANGED,No blacklist hit (old or new),NO
THS-NI-4.3,THS,NI,LME Nickel Stock,THS模板无zhiji_id，需后续匹配,,NONE,NONE,INFO,INFO,UNCHANGED,No blacklist hit (old or new),NO
THS-NI-4.4,THS,NI,电解镍厂库存（万吨）,THS模板无zhiji_id，需后续匹配,,NONE,NONE,INFO,INFO,UNCHANGED,No blacklist hit (old or new),YES
THS-NI-4.4,THS,NI,电解镍厂库存天数（天）,THS模板无zhiji_id，需后续匹配,,NONE,NONE,INFO,INFO,UNCHANGED,No blacklist hit (old or new),YES
THS-NI-4.4,THS,NI,镍铁厂库存（万吨）,THS模板无zhiji_id，需后续匹配,,NONE,NONE,INFO,INFO,UNCHANGED,No blacklist hit (old or new),YES
THS-NI-4.4,THS,NI,镍铁厂库存天数（天）,THS模板无zhiji_id，需后续匹配,,NONE,NONE,INFO,INFO,UNCHANGED,No blacklist hit (old or new),YES
THS-NI-4.4,THS,NI,高冰镍厂库存（万吨）,THS模板无zhiji_id，需后续匹配,,NONE,NONE,INFO,INFO,UNCHANGED,No blacklist hit (old or new),YES
THS-NI-4.4,THS,NI,高冰镍厂库存天数（天）,THS模板无zhiji_id，需后续匹配,,NONE,NONE,INFO,INFO,UNCHANGED,No blacklist hit (old or new),YES
THS-NI-4.4,THS,NI,精炼镍厂库存（万吨）,THS模板无zhiji_id，需后续匹配,,NONE,NONE,INFO,INFO,UNCHANGED,No blacklist hit (old or new),YES
THS-NI-4.4,THS,NI,镍厂库存总量（万吨）,THS模板无zhiji_id，需后续匹配,,NONE,NONE,INFO,INFO,UNCHANGED,No blacklist hit (old or new),YES
THS-NI-4.4,THS,NI,近3年同月厂库存均值（万吨）,THS模板无zhiji_id，需后续匹配,,NONE,NONE,INFO,INFO,UNCHANGED,No blacklist hit (old or new),YES
THS-NI-4.4,THS,NI,近3年同月厂库存标准差（万吨）,THS模板无zhiji_id，需后续匹配,,NONE,NONE,INFO,INFO,UNCHANGED,No blacklist hit (old or new),YES
THS-NI-4.4,THS,NI,近1年厂库存分位（%）,THS模板无zhiji_id，需后续匹配,,NONE,NONE,INFO,INFO,UNCHANGED,No blacklist hit (old or new),YES
THS-NI-4.4,THS,NI,镍精矿TC（美元/吨干矿）,THS模板无zhiji_id，需后续匹配,,NONE,NONE,INFO,INFO,UNCHANGED,No blacklist hit (old or new),YES
THS-NI-4.4,THS,NI,沪镍主力合约收盘价（元/吨）,THS模板无zhiji_id，需后续匹配,,NONE,NONE,INFO,INFO,UNCHANGED,No blacklist hit (old or new),YES
THS-NI-4.4,THS,NI,电解镍厂库存、电解镍厂库存天数,THS模板无zhiji_id，需后续匹配,,NONE,NONE,INFO,INFO,UNCHANGED,No blacklist hit (old or new),YES
THS-NI-4.4,THS,NI,SMM电解镍厂库存,THS模板无zhiji_id，需后续匹配,,NONE,NONE,INFO,INFO,UNCHANGED,No blacklist hit (old or new),YES
THS-NI-4.4,THS,NI,Mysteel电解镍厂库存,THS模板无zhiji_id，需后续匹配,,NONE,NONE,INFO,INFO,UNCHANGED,No blacklist hit (old or new),YES
THS-NI-4.4,THS,NI,镍铁厂库存、镍铁厂库存天数,THS模板无zhiji_id，需后续匹配,,NONE,NONE,INFO,INFO,UNCHANGED,No blacklist hit (old or new),YES
THS-NI-4.4,THS,NI,SMM镍铁厂库存,THS模板无zhiji_id，需后续匹配,,NONE,NONE,INFO,INFO,UNCHANGED,No blacklist hit (old or new),YES
THS-NI-4.4,THS,NI,Mysteel镍铁厂库存,THS模板无zhiji_id，需后续匹配,,NONE,NONE,INFO,INFO,UNCHANGED,No blacklist hit (old or new),YES
THS-NI-4.4,THS,NI,高冰镍厂库存、高冰镍厂库存天数,THS模板无zhiji_id，需后续匹配,,NONE,NONE,INFO,INFO,UNCHANGED,No blacklist hit (old or new),YES
THS-NI-4.4,THS,NI,SMM高冰镍厂库存,THS模板无zhiji_id，需后续匹配,,NONE,NONE,INFO,INFO,UNCHANGED,No blacklist hit (old or new),YES
THS-NI-4.4,THS,NI,Mysteel高冰镍厂库存,THS模板无zhiji_id，需后续匹配,,NONE,NONE,INFO,INFO,UNCHANGED,No blacklist hit (old or new),YES
THS-NI-4.4,THS,NI,电解镍厂库存、镍铁厂库存、高冰镍厂库存、精炼镍厂库存,THS模板无zhiji_id，需后续匹配,,NONE,NONE,INFO,INFO,UNCHANGED,No blacklist hit (old or new),YES
THS-NI-4.4,THS,NI,SMM精炼镍厂库存:分工艺,THS模板无zhiji_id，需后续匹配,,NONE,NONE,INFO,INFO,UNCHANGED,No blacklist hit (old or new),YES
THS-NI-4.4,THS,NI,Mysteel精炼镍厂库存:分工艺,THS模板无zhiji_id，需后续匹配,,NONE,NONE,INFO,INFO,UNCHANGED,No blacklist hit (old or new),YES
THS-NI-4.4,THS,NI,镍厂库存总量、镍精矿TC,THS模板无zhiji_id，需后续匹配,,NONE,NONE,INFO,INFO,UNCHANGED,No blacklist hit (old or new),YES
THS-NI-4.4,THS,NI,SMM镍精矿TC、SMM镍厂库存总量,THS模板无zhiji_id，需后续匹配,,NONE,NONE,INFO,INFO,UNCHANGED,No blacklist hit (old or new),YES
THS-NI-4.4,THS,NI,Mysteel镍精矿TC、Mysteel镍厂库存总量,THS模板无zhiji_id，需后续匹配,,NONE,NONE,INFO,INFO,UNCHANGED,No blacklist hit (old or new),YES
THS-NI-4.5,THS,NI,镍在途库存总量（万吨）,THS模板无zhiji_id，需后续匹配,,NONE,NONE,INFO,INFO,UNCHANGED,No blacklist hit (old or new),YES
THS-NI-4.5,THS,NI,进口在途量（万吨）,THS模板无zhiji_id，需后续匹配,,NONE,NONE,INFO,INFO,UNCHANGED,No blacklist hit (old or new),YES
THS-NI-4.5,THS,NI,船货在途量（万吨）,THS模板无zhiji_id，需后续匹配,,NONE,NONE,INFO,INFO,UNCHANGED,No blacklist hit (old or new),YES
THS-NI-4.5,THS,NI,镍隐性库存总量（万吨）,THS模板无zhiji_id，需后续匹配,,NONE,NONE,INFO,INFO,UNCHANGED,No blacklist hit (old or new),YES
THS-NI-4.5,THS,NI,隐性库存占比（%）,THS模板无zhiji_id，需后续匹配,,NONE,NONE,INFO,INFO,UNCHANGED,No blacklist hit (old or new),YES
THS-NI-4.5,THS,NI,印尼进口在途量（万吨）,THS模板无zhiji_id，需后续匹配,,NONE,NONE,INFO,INFO,UNCHANGED,No blacklist hit (old or new),YES
THS-NI-4.5,THS,NI,菲律宾进口在途量（万吨）,THS模板无zhiji_id，需后续匹配,,NONE,NONE,INFO,INFO,UNCHANGED,No blacklist hit (old or new),YES
THS-NI-4.5,THS,NI,新喀里多尼亚进口在途量（万吨）,THS模板无zhiji_id，需后续匹配,,NONE,NONE,INFO,INFO,UNCHANGED,No blacklist hit (old or new),YES
THS-NI-4.5,THS,NI,近3年同月隐性库存均值（万吨）,THS模板无zhiji_id，需后续匹配,,NONE,NONE,INFO,INFO,UNCHANGED,No blacklist hit (old or new),YES
THS-NI-4.5,THS,NI,近3年同月隐性库存标准差（万吨）,THS模板无zhiji_id，需后续匹配,,NONE,NONE,INFO,INFO,UNCHANGED,No blacklist hit (old or new),YES
THS-NI-4.5,THS,NI,镍精矿TC（美元/吨干矿）,THS模板无zhiji_id，需后续匹配,,NONE,NONE,INFO,INFO,UNCHANGED,No blacklist hit (old or new),YES
THS-NI-4.5,THS,NI,上期所镍仓单量（手）,THS模板无zhiji_id，需后续匹配,,NONE,NONE,INFO,INFO,UNCHANGED,No blacklist hit (old or new),YES
THS-NI-4.5,THS,NI,沪镍主力合约收盘价（元/吨）,THS模板无zhiji_id，需后续匹配,,NONE,NONE,INFO,INFO,UNCHANGED,No blacklist hit (old or new),YES
THS-NI-4.5,THS,NI,近1年隐性库存分位（%）,THS模板无zhiji_id，需后续匹配,,NONE,NONE,INFO,INFO,UNCHANGED,No blacklist hit (old or new),YES
THS-NI-4.5,THS,NI,镍在途库存总量、进口在途量、船货在途量,THS模板无zhiji_id，需后续匹配,,NONE,NONE,INFO,INFO,UNCHANGED,No blacklist hit (old or new),YES
THS-NI-4.5,THS,NI,SMM纯镍社会库存:在途,THS模板无zhiji_id，需后续匹配,,NONE,NONE,INFO,INFO,UNCHANGED,No blacklist hit (old or new),YES
THS-NI-4.5,THS,NI,Mysteel中国精炼镍在途库存,THS模板无zhiji_id，需后续匹配,,NONE,NONE,INFO,INFO,UNCHANGED,No blacklist hit (old or new),YES
THS-NI-4.5,THS,NI,镍隐性库存总量、隐性库存占比,THS模板无zhiji_id，需后续匹配,,NONE,NONE,INFO,INFO,UNCHANGED,No blacklist hit (old or new),YES
THS-NI-4.5,THS,NI,SMM纯镍社会库存:隐性,THS模板无zhiji_id，需后续匹配,,NONE,NONE,INFO,INFO,UNCHANGED,No blacklist hit (old or new),YES
THS-NI-4.5,THS,NI,Mysteel中国精炼镍隐性库存,THS模板无zhiji_id，需后续匹配,,NONE,NONE,INFO,INFO,UNCHANGED,No blacklist hit (old or new),YES
THS-NI-4.5,THS,NI,印尼进口在途量、菲律宾进口在途量、新喀里多尼亚进口在途量,THS模板无zhiji_id，需后续匹配,,NONE,NONE,INFO,INFO,UNCHANGED,No blacklist hit (old or new),YES
THS-NI-4.5,THS,NI,SMM进口镍在途量:分国别,THS模板无zhiji_id，需后续匹配,,NONE,NONE,INFO,INFO,UNCHANGED,No blacklist hit (old or new),YES
THS-NI-4.5,THS,NI,Mysteel进口镍在途量:分国别,THS模板无zhiji_id，需后续匹配,,NONE,NONE,INFO,INFO,UNCHANGED,No blacklist hit (old or new),YES
THS-NI-4.5,THS,NI,镍在途库存总量、镍精矿TC,THS模板无zhiji_id，需后续匹配,,NONE,NONE,INFO,INFO,UNCHANGED,No blacklist hit (old or new),YES
THS-NI-4.5,THS,NI,SMM镍精矿TC、SMM纯镍社会库存:在途,THS模板无zhiji_id，需后续匹配,,NONE,NONE,INFO,INFO,UNCHANGED,No blacklist hit (old or new),YES
THS-NI-4.5,THS,NI,Mysteel镍精矿TC、Mysteel中国精炼镍在途库存,THS模板无zhiji_id，需后续匹配,,NONE,NONE,INFO,INFO,UNCHANGED,No blacklist hit (old or new),YES
THS-NI-4.5,THS,NI,镍隐性库存总量、上期所镍仓单量,THS模板无zhiji_id，需后续匹配,,NONE,NONE,INFO,INFO,UNCHANGED,No blacklist hit (old or new),YES
THS-NI-4.5,THS,NI,SMM纯镍社会库存:隐性、SMM纯镍社会库存:上期所,THS模板无zhiji_id，需后续匹配,,NONE,NONE,INFO,INFO,UNCHANGED,No blacklist hit (old or new),YES
THS-NI-4.5,THS,NI,Mysteel中国精炼镍隐性库存、Mysteel精炼镍仓单库存,THS模板无zhiji_id，需后续匹配,,NONE,NONE,INFO,INFO,UNCHANGED,No blacklist hit (old or new),YES
THS-NI-4.5,THS,NI,镍在途库存总量、沪镍主力合约收盘价,THS模板无zhiji_id，需后续匹配,,NONE,NONE,INFO,INFO,UNCHANGED,No blacklist hit (old or new),YES
THS-NI-4.5,THS,NI,SMM纯镍社会库存:在途、沪镍主力合约收盘价,THS模板无zhiji_id，需后续匹配,,NONE,NONE,INFO,INFO,UNCHANGED,No blacklist hit (old or new),YES
THS-NI-4.5,THS,NI,Mysteel中国精炼镍在途库存、沪镍主力合约收盘价,THS模板无zhiji_id，需后续匹配,,NONE,NONE,INFO,INFO,UNCHANGED,No blacklist hit (old or new),YES
THS-NI-4.5,THS,NI,具体执行,THS模板无zhiji_id，需后续匹配,,NONE,NONE,INFO,INFO,UNCHANGED,No blacklist hit (old or new),YES
THS-NI-5.1,THS,NI,不锈钢开工率（%）,THS模板无zhiji_id，需后续匹配,,NONE,NONE,INFO,INFO,UNCHANGED,No blacklist hit (old or new),NO
THS-NI-5.1,THS,NI,不锈钢排产计划（万吨）,THS模板无zhiji_id，需后续匹配,,NONE,NONE,INFO,INFO,UNCHANGED,No blacklist hit (old or new),NO
THS-NI-5.1,THS,NI,电池级镍开工率（%）,THS模板无zhiji_id，需后续匹配,,NONE,NONE,INFO,INFO,UNCHANGED,No blacklist hit (old or new),NO
THS-NI-5.1,THS,NI,动力电池排产计划（万吨）,THS模板无zhiji_id，需后续匹配,,NONE,NONE,INFO,INFO,UNCHANGED,No blacklist hit (old or new),NO
THS-NI-5.1,THS,NI,电镀镍开工率（%）,THS模板无zhiji_id，需后续匹配,,NONE,NONE,INFO,INFO,UNCHANGED,No blacklist hit (old or new),NO
THS-NI-5.1,THS,NI,电镀镍排产计划（万吨）,THS模板无zhiji_id，需后续匹配,,NONE,NONE,INFO,INFO,UNCHANGED,No blacklist hit (old or new),NO
THS-NI-5.1,THS,NI,镍合金开工率（%）,THS模板无zhiji_id，需后续匹配,,NONE,NONE,INFO,INFO,UNCHANGED,No blacklist hit (old or new),NO
THS-NI-5.1,THS,NI,镍合金排产计划（万吨）,THS模板无zhiji_id，需后续匹配,,NONE,NONE,INFO,INFO,UNCHANGED,No blacklist hit (old or new),NO
THS-NI-5.1,THS,NI,镍初级消费开工率（%）,THS模板无zhiji_id，需后续匹配,,NONE,NONE,INFO,INFO,UNCHANGED,No blacklist hit (old or new),NO
THS-NI-5.1,THS,NI,近3年同月开工率均值（%）,THS模板无zhiji_id，需后续匹配,,NONE,NONE,INFO,INFO,UNCHANGED,No blacklist hit (old or new),NO
THS-NI-5.1,THS,NI,近3年同月开工率标准差（%）,THS模板无zhiji_id，需后续匹配,,NONE,NONE,INFO,INFO,UNCHANGED,No blacklist hit (old or new),NO
THS-NI-5.1,THS,NI,沪镍主力合约收盘价（元/吨）,THS模板无zhiji_id，需后续匹配,,NONE,NONE,INFO,INFO,UNCHANGED,No blacklist hit (old or new),NO
THS-NI-5.1,THS,NI,镍精矿TC（美元/吨干矿）,THS模板无zhiji_id，需后续匹配,,NONE,NONE,INFO,INFO,UNCHANGED,No blacklist hit (old or new),NO
THS-NI-5.1,THS,NI,精炼镍开工率,THS模板无zhiji_id，需后续匹配,,NONE,NONE,INFO,INFO,UNCHANGED,No blacklist hit (old or new),NO
THS-NI-5.1,THS,NI,精炼镍产量,THS模板无zhiji_id，需后续匹配,,NONE,NONE,INFO,INFO,UNCHANGED,No blacklist hit (old or new),NO
THS-NI-5.1,THS,NI,不锈钢开工率,THS模板无zhiji_id，需后续匹配,,NONE,NONE,INFO,INFO,UNCHANGED,No blacklist hit (old or new),NO
THS-NI-5.1,THS,NI,精炼镍开工率、精炼镍产量,THS模板无zhiji_id，需后续匹配,,NONE,NONE,INFO,INFO,UNCHANGED,No blacklist hit (old or new),NO
THS-NI-5.1,THS,NI,精炼镍开工率、沪镍主力合约收盘价,THS模板无zhiji_id，需后续匹配,,NONE,NONE,INFO,INFO,UNCHANGED,No blacklist hit (old or new),NO
THS-NI-5.2,THS,NI,不锈钢终端产量（万吨）,THS模板无zhiji_id，需后续匹配,,NONE,NONE,INFO,INFO,UNCHANGED,No blacklist hit (old or new),NO
THS-NI-5.2,THS,NI,不锈钢表观消费（万吨）,THS模板无zhiji_id，需后续匹配,,NONE,NONE,INFO,INFO,UNCHANGED,No blacklist hit (old or new),NO
THS-NI-5.2,THS,NI,动力电池排产计划（万吨）,THS模板无zhiji_id，需后续匹配,,NONE,NONE,INFO,INFO,UNCHANGED,No blacklist hit (old or new),NO
THS-NI-5.2,THS,NI,动力电池终端产量（万吨）,THS模板无zhiji_id，需后续匹配,,NONE,NONE,INFO,INFO,UNCHANGED,No blacklist hit (old or new),NO
THS-NI-5.2,THS,NI,电镀镍终端消费量（万吨）,THS模板无zhiji_id，需后续匹配,,NONE,NONE,INFO,INFO,UNCHANGED,No blacklist hit (old or new),NO
THS-NI-5.2,THS,NI,电镀镍排产计划（万吨）,THS模板无zhiji_id，需后续匹配,,NONE,NONE,INFO,INFO,UNCHANGED,No blacklist hit (old or new),NO
THS-NI-5.2,THS,NI,镍合金终端产量（万吨）,THS模板无zhiji_id，需后续匹配,,NONE,NONE,INFO,INFO,UNCHANGED,No blacklist hit (old or new),NO
THS-NI-5.2,THS,NI,镍合金排产计划（万吨）,THS模板无zhiji_id，需后续匹配,,NONE,NONE,INFO,INFO,UNCHANGED,No blacklist hit (old or new),NO
THS-NI-5.2,THS,NI,镍终端消费总量（万吨）,THS模板无zhiji_id，需后续匹配,,NONE,NONE,INFO,INFO,UNCHANGED,No blacklist hit (old or new),NO
THS-NI-5.2,THS,NI,近3年同月终端消费均值（万吨）,THS模板无zhiji_id，需后续匹配,,NONE,NONE,INFO,INFO,UNCHANGED,No blacklist hit (old or new),NO
THS-NI-5.2,THS,NI,近3年同月终端消费标准差（万吨）,THS模板无zhiji_id，需后续匹配,,NONE,NONE,INFO,INFO,UNCHANGED,No blacklist hit (old or new),NO
THS-NI-5.2,THS,NI,沪镍主力合约收盘价（元/吨）,THS模板无zhiji_id，需后续匹配,,NONE,NONE,INFO,INFO,UNCHANGED,No blacklist hit (old or new),NO
THS-NI-5.2,THS,NI,镍精矿TC（美元/吨干矿）,THS模板无zhiji_id，需后续匹配,,NONE,NONE,INFO,INFO,UNCHANGED,No blacklist hit (old or new),NO
THS-NI-5.2,THS,NI,不锈钢表观消费量,THS模板无zhiji_id，需后续匹配,,NONE,NONE,INFO,INFO,UNCHANGED,No blacklist hit (old or new),NO
THS-NI-5.2,THS,NI,三元电池排产,THS模板无zhiji_id，需后续匹配,,NONE,NONE,INFO,INFO,UNCHANGED,No blacklist hit (old or new),NO
THS-NI-5.2,THS,NI,不锈钢表观消费量、三元电池排产,THS模板无zhiji_id，需后续匹配,,NONE,NONE,INFO,INFO,UNCHANGED,No blacklist hit (old or new),NO
THS-NI-5.2,THS,NI,不锈钢表观消费量、沪镍主力合约收盘价,THS模板无zhiji_id，需后续匹配,,NONE,NONE,INFO,INFO,UNCHANGED,No blacklist hit (old or new),NO
THS-NI-5.2,THS,NI,三元电池排产、沪镍主力合约收盘价,THS模板无zhiji_id，需后续匹配,,NONE,NONE,INFO,INFO,UNCHANGED,No blacklist hit (old or new),NO
THS-NI-5.3,THS,NI,不锈钢排产计划（万吨）,THS模板无zhiji_id，需后续匹配,,NONE,NONE,INFO,INFO,UNCHANGED,No blacklist hit (old or new),NO
THS-NI-5.3,THS,NI,不锈钢开工率（%）,THS模板无zhiji_id，需后续匹配,,NONE,NONE,INFO,INFO,UNCHANGED,No blacklist hit (old or new),NO
THS-NI-5.3,THS,NI,动力电池排产计划（万吨）,THS模板无zhiji_id，需后续匹配,,NONE,NONE,INFO,INFO,UNCHANGED,No blacklist hit (old or new),NO
THS-NI-5.3,THS,NI,动力电池开工率（%）,THS模板无zhiji_id，需后续匹配,,NONE,NONE,INFO,INFO,UNCHANGED,No blacklist hit (old or new),NO
THS-NI-5.3,THS,NI,电镀镍订单量（万吨）,THS模板无zhiji_id，需后续匹配,,NONE,NONE,INFO,INFO,UNCHANGED,No blacklist hit (old or new),NO
THS-NI-5.3,THS,NI,电镀镍开工率（%）,THS模板无zhiji_id，需后续匹配,,NONE,NONE,INFO,INFO,UNCHANGED,No blacklist hit (old or new),NO
THS-NI-5.3,THS,NI,镍合金排产计划（万吨）,THS模板无zhiji_id，需后续匹配,,NONE,NONE,INFO,INFO,UNCHANGED,No blacklist hit (old or new),NO
THS-NI-5.3,THS,NI,镍合金开工率（%）,THS模板无zhiji_id，需后续匹配,,NONE,NONE,INFO,INFO,UNCHANGED,No blacklist hit (old or new),NO
THS-NI-5.3,THS,NI,镍需求先行指标总量（万吨）,THS模板无zhiji_id，需后续匹配,,NONE,NONE,INFO,INFO,UNCHANGED,No blacklist hit (old or new),NO
THS-NI-5.3,THS,NI,近3年同月先行指标均值（万吨）,THS模板无zhiji_id，需后续匹配,,NONE,NONE,INFO,INFO,UNCHANGED,No blacklist hit (old or new),NO
THS-NI-5.3,THS,NI,近3年同月先行指标标准差（万吨）,THS模板无zhiji_id，需后续匹配,,NONE,NONE,INFO,INFO,UNCHANGED,No blacklist hit (old or new),NO
THS-NI-5.3,THS,NI,镍进口量（万吨）,THS模板无zhiji_id，需后续匹配,,NONE,NONE,INFO,INFO,UNCHANGED,No blacklist hit (old or new),NO
THS-NI-5.3,THS,NI,镍进口盈亏（元/吨）,THS模板无zhiji_id，需后续匹配,,NONE,NONE,INFO,INFO,UNCHANGED,No blacklist hit (old or new),NO
THS-NI-5.3,THS,NI,LME镍库存（手）,THS模板无zhiji_id，需后续匹配,,NONE,NONE,INFO,INFO,UNCHANGED,No blacklist hit (old or new),NO
THS-NI-5.3,THS,NI,上期所镍仓单量（手）,THS模板无zhiji_id，需后续匹配,,NONE,NONE,INFO,INFO,UNCHANGED,No blacklist hit (old or new),NO
THS-NI-5.3,THS,NI,LME镍库存,THS模板无zhiji_id，需后续匹配,,NONE,NONE,INFO,INFO,UNCHANGED,No blacklist hit (old or new),NO
THS-NI-5.3,THS,NI,LME镍库存（LME镍库存）,THS模板无zhiji_id，需后续匹配,,NONE,NONE,INFO,INFO,UNCHANGED,No blacklist hit (old or new),NO
THS-NI-5.3,THS,NI,LME镍注册仓单,THS模板无zhiji_id，需后续匹配,,NONE,NONE,INFO,INFO,UNCHANGED,No blacklist hit (old or new),NO
THS-NI-5.3,THS,NI,LME镍注册仓单（LME镍注册仓单）,THS模板无zhiji_id，需后续匹配,,NONE,NONE,INFO,INFO,UNCHANGED,No blacklist hit (old or new),NO
THS-NI-5.3,THS,NI,LME镍注销仓单,THS模板无zhiji_id，需后续匹配,,NONE,NONE,INFO,INFO,UNCHANGED,No blacklist hit (old or new),NO
THS-NI-5.3,THS,NI,LME镍注销仓单（LME镍注销仓单）,THS模板无zhiji_id，需后续匹配,,NONE,NONE,INFO,INFO,UNCHANGED,No blacklist hit (old or new),NO
THS-NI-5.3,THS,NI,镍进口量,THS模板无zhiji_id，需后续匹配,,NONE,NONE,INFO,INFO,UNCHANGED,No blacklist hit (old or new),NO
THS-NI-5.3,THS,NI,LME镍库存、镍进口量,THS模板无zhiji_id，需后续匹配,,NONE,NONE,INFO,INFO,UNCHANGED,No blacklist hit (old or new),NO
THS-NI-5.3,THS,NI,LME镍库存、沪镍主力合约收盘价,THS模板无zhiji_id，需后续匹配,,NONE,NONE,INFO,INFO,UNCHANGED,No blacklist hit (old or new),NO
THS-NI-6.1,THS,NI,镍矿进口量（万吨）,THS模板无zhiji_id，需后续匹配,,NONE,NONE,INFO,INFO,UNCHANGED,No blacklist hit (old or new),NO
THS-NI-6.1,THS,NI,镍矿进口盈亏（元/吨）,THS模板无zhiji_id，需后续匹配,,NONE,NONE,INFO,INFO,UNCHANGED,No blacklist hit (old or new),NO
THS-NI-6.1,THS,NI,镍生铁/NPI进口量（万吨）,THS模板无zhiji_id，需后续匹配,,NONE,NONE,INFO,INFO,UNCHANGED,No blacklist hit (old or new),NO
THS-NI-6.1,THS,NI,镍生铁/NPI进口盈亏（元/吨）,THS模板无zhiji_id，需后续匹配,,NONE,NONE,INFO,INFO,UNCHANGED,No blacklist hit (old or new),NO
THS-NI-6.1,THS,NI,高冰镍进口量（万吨）,THS模板无zhiji_id，需后续匹配,,NONE,NONE,INFO,INFO,UNCHANGED,No blacklist hit (old or new),NO
THS-NI-6.1,THS,NI,高冰镍进口盈亏（元/吨）,THS模板无zhiji_id，需后续匹配,,NONE,NONE,INFO,INFO,UNCHANGED,No blacklist hit (old or new),NO
THS-NI-6.1,THS,NI,电解镍进口量（万吨）,THS模板无zhiji_id，需后续匹配,,NONE,NONE,INFO,INFO,UNCHANGED,No blacklist hit (old or new),NO
THS-NI-6.1,THS,NI,电解镍进口盈亏（元/吨）,THS模板无zhiji_id，需后续匹配,,NONE,NONE,INFO,INFO,UNCHANGED,No blacklist hit (old or new),NO
THS-NI-6.1,THS,NI,印尼镍矿进口量（万吨）,THS模板无zhiji_id，需后续匹配,,NONE,NONE,INFO,INFO,UNCHANGED,No blacklist hit (old or new),NO
THS-NI-6.1,THS,NI,菲律宾镍矿进口量（万吨）,THS模板无zhiji_id，需后续匹配,,NONE,NONE,INFO,INFO,UNCHANGED,No blacklist hit (old or new),NO
THS-NI-6.1,THS,NI,新喀里多尼亚镍矿进口量（万吨）,THS模板无zhiji_id，需后续匹配,,NONE,NONE,INFO,INFO,UNCHANGED,No blacklist hit (old or new),NO
THS-NI-6.1,THS,NI,镍原料进口总量（万吨）,THS模板无zhiji_id，需后续匹配,,NONE,NONE,INFO,INFO,UNCHANGED,No blacklist hit (old or new),NO
THS-NI-6.1,THS,NI,近3年同月进口量均值（万吨）,THS模板无zhiji_id，需后续匹配,,NONE,NONE,INFO,INFO,UNCHANGED,No blacklist hit (old or new),NO
THS-NI-6.1,THS,NI,近3年同月进口量标准差（万吨）,THS模板无zhiji_id，需后续匹配,,NONE,NONE,INFO,INFO,UNCHANGED,No blacklist hit (old or new),NO
THS-NI-6.1,THS,NI,镍精矿TC（美元/吨干矿）,THS模板无zhiji_id，需后续匹配,,NONE,NONE,INFO,INFO,UNCHANGED,No blacklist hit (old or new),NO
THS-NI-6.1,THS,NI,沪镍主力合约收盘价（元/吨）,THS模板无zhiji_id，需后续匹配,,NONE,NONE,INFO,INFO,UNCHANGED,No blacklist hit (old or new),NO
THS-NI-6.2,THS,NI,电解镍进口量（万吨）,THS模板无zhiji_id，需后续匹配,,NONE,NONE,INFO,INFO,UNCHANGED,No blacklist hit (old or new),NO
THS-NI-6.2,THS,NI,电解镍进口盈亏（元/吨）,THS模板无zhiji_id，需后续匹配,,NONE,NONE,INFO,INFO,UNCHANGED,No blacklist hit (old or new),NO
THS-NI-6.2,THS,NI,电解镍出口量（万吨）,THS模板无zhiji_id，需后续匹配,,NONE,NONE,INFO,INFO,UNCHANGED,No blacklist hit (old or new),NO
THS-NI-6.2,THS,NI,电解镍出口盈亏（元/吨）,THS模板无zhiji_id，需后续匹配,,NONE,NONE,INFO,INFO,UNCHANGED,No blacklist hit (old or new),NO
THS-NI-6.2,THS,NI,精炼镍进口量（万吨）,THS模板无zhiji_id，需后续匹配,,NONE,NONE,INFO,INFO,UNCHANGED,No blacklist hit (old or new),NO
THS-NI-6.2,THS,NI,精炼镍进口盈亏（元/吨）,THS模板无zhiji_id，需后续匹配,,NONE,NONE,INFO,INFO,UNCHANGED,No blacklist hit (old or new),NO
THS-NI-6.2,THS,NI,高冰镍进口量（万吨）,THS模板无zhiji_id，需后续匹配,,NONE,NONE,INFO,INFO,UNCHANGED,No blacklist hit (old or new),NO
THS-NI-6.2,THS,NI,高冰镍进口盈亏（元/吨）,THS模板无zhiji_id，需后续匹配,,NONE,NONE,INFO,INFO,UNCHANGED,No blacklist hit (old or new),NO
THS-NI-6.2,THS,NI,印尼电解镍进口量（万吨）,THS模板无zhiji_id，需后续匹配,,NONE,NONE,INFO,INFO,UNCHANGED,No blacklist hit (old or new),NO
THS-NI-6.2,THS,NI,菲律宾电解镍进口量（万吨）,THS模板无zhiji_id，需后续匹配,,NONE,NONE,INFO,INFO,UNCHANGED,No blacklist hit (old or new),NO
THS-NI-6.2,THS,NI,新喀里多尼亚电解镍进口量（万吨）,THS模板无zhiji_id，需后续匹配,,NONE,NONE,INFO,INFO,UNCHANGED,No blacklist hit (old or new),NO
THS-NI-6.2,THS,NI,镍精炼金属进口总量（万吨）,THS模板无zhiji_id，需后续匹配,,NONE,NONE,INFO,INFO,UNCHANGED,No blacklist hit (old or new),NO
THS-NI-6.2,THS,NI,近3年同月进口量均值（万吨）,THS模板无zhiji_id，需后续匹配,,NONE,NONE,INFO,INFO,UNCHANGED,No blacklist hit (old or new),NO
THS-NI-6.2,THS,NI,近3年同月进口量标准差（万吨）,THS模板无zhiji_id，需后续匹配,,NONE,NONE,INFO,INFO,UNCHANGED,No blacklist hit (old or new),NO
THS-NI-6.2,THS,NI,镍精矿TC（美元/吨干矿）,THS模板无zhiji_id，需后续匹配,,NONE,NONE,INFO,INFO,UNCHANGED,No blacklist hit (old or new),NO
THS-NI-6.2,THS,NI,沪镍主力合约收盘价（元/吨）,THS模板无zhiji_id，需后续匹配,,NONE,NONE,INFO,INFO,UNCHANGED,No blacklist hit (old or new),NO
THS-NI-6.3,THS,NI,不锈钢出口量（万吨）,THS模板无zhiji_id，需后续匹配,,NONE,NONE,INFO,INFO,UNCHANGED,No blacklist hit (old or new),NO
THS-NI-6.3,THS,NI,不锈钢出口金额（亿美元）,THS模板无zhiji_id，需后续匹配,,NONE,NONE,INFO,INFO,UNCHANGED,No blacklist hit (old or new),NO
THS-NI-6.3,THS,NI,电池级镍制品出口量（万吨）,THS模板无zhiji_id，需后续匹配,,NONE,NONE,INFO,INFO,UNCHANGED,No blacklist hit (old or new),NO
THS-NI-6.3,THS,NI,电池级镍制品出口金额（亿美元）,THS模板无zhiji_id，需后续匹配,,NONE,NONE,INFO,INFO,UNCHANGED,No blacklist hit (old or new),NO
THS-NI-6.3,THS,NI,电镀镍制品出口量（万吨）,THS模板无zhiji_id，需后续匹配,,NONE,NONE,INFO,INFO,UNCHANGED,No blacklist hit (old or new),NO
THS-NI-6.3,THS,NI,电镀镍制品出口金额（亿美元）,THS模板无zhiji_id，需后续匹配,,NONE,NONE,INFO,INFO,UNCHANGED,No blacklist hit (old or new),NO
THS-NI-6.3,THS,NI,镍合金出口量（万吨）,THS模板无zhiji_id，需后续匹配,,NONE,NONE,INFO,INFO,UNCHANGED,No blacklist hit (old or new),NO
THS-NI-6.3,THS,NI,镍合金出口金额（亿美元）,THS模板无zhiji_id，需后续匹配,,NONE,NONE,INFO,INFO,UNCHANGED,No blacklist hit (old or new),NO
THS-NI-6.3,THS,NI,印尼不锈钢出口量（万吨）,THS模板无zhiji_id，需后续匹配,,NONE,NONE,INFO,INFO,UNCHANGED,No blacklist hit (old or new),NO
THS-NI-6.3,THS,NI,越南不锈钢出口量（万吨）,THS模板无zhiji_id，需后续匹配,,NONE,NONE,INFO,INFO,UNCHANGED,No blacklist hit (old or new),NO
THS-NI-6.3,THS,NI,泰国不锈钢出口量（万吨）,THS模板无zhiji_id，需后续匹配,,NONE,NONE,INFO,INFO,UNCHANGED,No blacklist hit (old or new),NO
THS-NI-6.3,THS,NI,镍制品出口总量（万吨）,THS模板无zhiji_id，需后续匹配,,NONE,NONE,INFO,INFO,UNCHANGED,No blacklist hit (old or new),NO
THS-NI-6.3,THS,NI,近3年同月出口量均值（万吨）,THS模板无zhiji_id，需后续匹配,,NONE,NONE,INFO,INFO,UNCHANGED,No blacklist hit (old or new),NO
THS-NI-6.3,THS,NI,近3年同月出口量标准差（万吨）,THS模板无zhiji_id，需后续匹配,,NONE,NONE,INFO,INFO,UNCHANGED,No blacklist hit (old or new),NO
THS-NI-6.3,THS,NI,沪镍主力合约收盘价（元/吨）,THS模板无zhiji_id，需后续匹配,,NONE,NONE,INFO,INFO,UNCHANGED,No blacklist hit (old or new),NO
THS-NI-6.3,THS,NI,镍精矿TC（美元/吨干矿）,THS模板无zhiji_id，需后续匹配,,NONE,NONE,INFO,INFO,UNCHANGED,No blacklist hit (old or new),NO
THS-NI-6.4,THS,NI,印尼镍矿对华发运量（万吨）,THS模板无zhiji_id，需后续匹配,,NONE,NONE,INFO,INFO,UNCHANGED,No blacklist hit (old or new),NO
THS-NI-6.4,THS,NI,印尼镍矿发运天数（天）,THS模板无zhiji_id，需后续匹配,,NONE,NONE,INFO,INFO,UNCHANGED,No blacklist hit (old or new),NO
THS-NI-6.4,THS,NI,菲律宾镍矿对华发运量（万吨）,THS模板无zhiji_id，需后续匹配,,NONE,NONE,INFO,INFO,UNCHANGED,No blacklist hit (old or new),NO
THS-NI-6.4,THS,NI,菲律宾镍矿发运天数（天）,THS模板无zhiji_id，需后续匹配,,NONE,NONE,INFO,INFO,UNCHANGED,No blacklist hit (old or new),NO
THS-NI-6.4,THS,NI,印尼镍生铁/NPI对华发运量（万吨）,THS模板无zhiji_id，需后续匹配,,NONE,NONE,INFO,INFO,UNCHANGED,No blacklist hit (old or new),NO
THS-NI-6.4,THS,NI,印尼镍生铁/NPI发运天数（天）,THS模板无zhiji_id，需后续匹配,,NONE,NONE,INFO,INFO,UNCHANGED,No blacklist hit (old or new),NO
THS-NI-6.4,THS,NI,高冰镍对华发运量（万吨）,THS模板无zhiji_id，需后续匹配,,NONE,NONE,INFO,INFO,UNCHANGED,No blacklist hit (old or new),NO
THS-NI-6.4,THS,NI,高冰镍发运天数（天）,THS模板无zhiji_id，需后续匹配,,NONE,NONE,INFO,INFO,UNCHANGED,No blacklist hit (old or new),NO
THS-NI-6.4,THS,NI,电解镍对华发运量（万吨）,THS模板无zhiji_id，需后续匹配,,NONE,NONE,INFO,INFO,UNCHANGED,No blacklist hit (old or new),NO
THS-NI-6.4,THS,NI,电解镍发运天数（天）,THS模板无zhiji_id，需后续匹配,,NONE,NONE,INFO,INFO,UNCHANGED,No blacklist hit (old or new),NO
THS-NI-6.4,THS,NI,海外对华发运总量（万吨）,THS模板无zhiji_id，需后续匹配,,NONE,NONE,INFO,INFO,UNCHANGED,No blacklist hit (old or new),NO
THS-NI-6.4,THS,NI,近3年同月发运量均值（万吨）,THS模板无zhiji_id，需后续匹配,,NONE,NONE,INFO,INFO,UNCHANGED,No blacklist hit (old or new),NO
THS-NI-6.4,THS,NI,近3年同月发运量标准差（万吨）,THS模板无zhiji_id，需后续匹配,,NONE,NONE,INFO,INFO,UNCHANGED,No blacklist hit (old or new),NO
THS-NI-6.4,THS,NI,镍精矿TC（美元/吨干矿）,THS模板无zhiji_id，需后续匹配,,NONE,NONE,INFO,INFO,UNCHANGED,No blacklist hit (old or new),NO
THS-NI-6.4,THS,NI,LME镍库存（手）,THS模板无zhiji_id，需后续匹配,,NONE,NONE,INFO,INFO,UNCHANGED,No blacklist hit (old or new),NO
THS-NI-7.1,THS,NI,电解镍现金成本（元/吨）,THS模板无zhiji_id，需后续匹配,,NONE,NONE,INFO,INFO,UNCHANGED,No blacklist hit (old or new),NO
THS-NI-7.1,THS,NI,镍矿成本（元/吨）,THS模板无zhiji_id，需后续匹配,,NONE,NONE,INFO,INFO,UNCHANGED,No blacklist hit (old or new),NO
THS-NI-7.1,THS,NI,电价（元/度）,THS模板无zhiji_id，需后续匹配,,NONE,NONE,INFO,INFO,UNCHANGED,No blacklist hit (old or new),NO
THS-NI-7.1,THS,NI,镍铁一体化成本（元/吨）,THS模板无zhiji_id，需后续匹配,,NONE,NONE,INFO,INFO,UNCHANGED,No blacklist hit (old or new),NO
THS-NI-7.1,THS,NI,TC（美元/吨干矿）,THS模板无zhiji_id，需后续匹配,,NONE,NONE,INFO,INFO,UNCHANGED,No blacklist hit (old or new),NO
THS-NI-7.1,THS,NI,高冰镍成本（元/吨）,THS模板无zhiji_id，需后续匹配,,NONE,NONE,INFO,INFO,UNCHANGED,No blacklist hit (old or new),NO
THS-NI-7.1,THS,NI,加工费（元/吨）,THS模板无zhiji_id，需后续匹配,,NONE,NONE,INFO,INFO,UNCHANGED,No blacklist hit (old or new),NO
THS-NI-7.1,THS,NI,镍冶炼成本分位（%）,THS模板无zhiji_id，需后续匹配,,NONE,NONE,INFO,INFO,UNCHANGED,No blacklist hit (old or new),NO
THS-NI-7.1,THS,NI,镍价（元/吨）,THS模板无zhiji_id，需后续匹配,,NONE,NONE,INFO,INFO,UNCHANGED,No blacklist hit (old or new),NO
THS-NI-7.1,THS,NI,精炼镍成本（元/吨）,THS模板无zhiji_id，需后续匹配,,NONE,NONE,INFO,INFO,UNCHANGED,No blacklist hit (old or new),NO
THS-NI-7.1,THS,NI,镍冶炼成本总量（元/吨）,THS模板无zhiji_id，需后续匹配,,NONE,NONE,INFO,INFO,UNCHANGED,No blacklist hit (old or new),NO
THS-NI-7.1,THS,NI,近3年同季成本均值（元/吨）,THS模板无zhiji_id，需后续匹配,,NONE,NONE,INFO,INFO,UNCHANGED,No blacklist hit (old or new),NO
THS-NI-7.1,THS,NI,近3年同季成本标准差（元/吨）,THS模板无zhiji_id，需后续匹配,,NONE,NONE,INFO,INFO,UNCHANGED,No blacklist hit (old or new),NO
THS-NI-7.1,THS,NI,镍冶炼成本（元/吨）,THS模板无zhiji_id，需后续匹配,,NONE,NONE,INFO,INFO,UNCHANGED,No blacklist hit (old or new),NO
THS-NI-7.1,THS,NI,沪镍主力合约收盘价（元/吨）,THS模板无zhiji_id，需后续匹配,,NONE,NONE,INFO,INFO,UNCHANGED,No blacklist hit (old or new),NO
THS-NI-7.1,THS,NI,镍精矿TC（美元/吨干矿）,THS模板无zhiji_id，需后续匹配,,NONE,NONE,INFO,INFO,UNCHANGED,No blacklist hit (old or new),NO
THS-NI-7.1,THS,NI,镍矿CIF价格（美元/湿吨）、镍矿FOB价格（美元/湿吨）,THS模板无zhiji_id，需后续匹配,,NONE,NONE,INFO,INFO,UNCHANGED,No blacklist hit (old or new),NO
THS-NI-7.1,THS,NI,菲律宾镍矿CIF价格（美元/湿吨）、菲律宾镍矿FOB价格（美元/湿吨）,THS模板无zhiji_id，需后续匹配,,NONE,NONE,INFO,INFO,UNCHANGED,No blacklist hit (old or new),NO
THS-NI-7.1,THS,NI,菲律宾镍矿CIF价格（美元/湿吨）,THS模板无zhiji_id，需后续匹配,,NONE,NONE,INFO,INFO,UNCHANGED,No blacklist hit (old or new),NO
THS-NI-7.1,THS,NI,镍铁RKEF成本（元/镍点）,THS模板无zhiji_id，需后续匹配,,NONE,NONE,INFO,INFO,UNCHANGED,No blacklist hit (old or new),NO
THS-NI-7.1,THS,NI,镍铁一体化成本（元/吨）、镍精矿TC（美元/吨干矿）,THS模板无zhiji_id，需后续匹配,,NONE,NONE,INFO,INFO,UNCHANGED,No blacklist hit (old or new),NO
THS-NI-7.1,THS,NI,高冰镍成本（元/吨）、镍矿成本（元/吨）、加工费（元/吨）,THS模板无zhiji_id，需后续匹配,,NONE,NONE,INFO,INFO,UNCHANGED,No blacklist hit (old or new),NO
THS-NI-7.1,THS,NI,印尼高冰镍完全成本（美元/镍吨）、印尼高冰镍现金成本（美元/镍吨）,THS模板无zhiji_id，需后续匹配,,NONE,NONE,INFO,INFO,UNCHANGED,No blacklist hit (old or new),NO
THS-NI-7.1,THS,NI,日度分原料硫酸镍完全成本（元/镍吨）（MHP/高冰镍/镍豆）,THS模板无zhiji_id，需后续匹配,,NONE,NONE,INFO,INFO,UNCHANGED,No blacklist hit (old or new),NO
THS-NI-7.1,THS,NI,分原料硫酸镍完全成本（元/镍吨）,THS模板无zhiji_id，需后续匹配,,NONE,NONE,INFO,INFO,UNCHANGED,No blacklist hit (old or new),NO
THS-NI-7.1,THS,NI,日度分原料硫酸镍完全成本（元/镍吨）,THS模板无zhiji_id，需后续匹配,,NONE,NONE,INFO,INFO,UNCHANGED,No blacklist hit (old or new),NO
THS-NI-7.2,THS,NI,电解镍日度利润（元/吨）,THS模板无zhiji_id，需后续匹配,,NONE,NONE,INFO,INFO,UNCHANGED,No blacklist hit (old or new),NO
THS-NI-7.2,THS,NI,沪镍主力合约收盘价（元/吨）,THS模板无zhiji_id，需后续匹配,,NONE,NONE,INFO,INFO,UNCHANGED,No blacklist hit (old or new),NO
THS-NI-7.2,THS,NI,电解镍现金成本（元/吨）,THS模板无zhiji_id，需后续匹配,,NONE,NONE,INFO,INFO,UNCHANGED,No blacklist hit (old or new),NO
THS-NI-7.2,THS,NI,镍铁一体化日度利润（元/吨）,THS模板无zhiji_id，需后续匹配,,NONE,NONE,INFO,INFO,UNCHANGED,No blacklist hit (old or new),NO
THS-NI-7.2,THS,NI,镍矿成本（元/吨）,THS模板无zhiji_id，需后续匹配,,NONE,NONE,INFO,INFO,UNCHANGED,No blacklist hit (old or new),NO
THS-NI-7.2,THS,NI,TC（美元/吨干矿）,THS模板无zhiji_id，需后续匹配,,NONE,NONE,INFO,INFO,UNCHANGED,No blacklist hit (old or new),NO
THS-NI-7.2,THS,NI,高冰镍日度利润（元/吨）,THS模板无zhiji_id，需后续匹配,,NONE,NONE,INFO,INFO,UNCHANGED,No blacklist hit (old or new),NO
THS-NI-7.2,THS,NI,加工费（元/吨）,THS模板无zhiji_id，需后续匹配,,NONE,NONE,INFO,INFO,UNCHANGED,No blacklist hit (old or new),NO
THS-NI-7.2,THS,NI,精炼镍日度利润（元/吨）,THS模板无zhiji_id，需后续匹配,,NONE,NONE,INFO,INFO,UNCHANGED,No blacklist hit (old or new),NO
THS-NI-7.2,THS,NI,镍冶炼日度利润分位（%）,THS模板无zhiji_id，需后续匹配,,NONE,NONE,INFO,INFO,UNCHANGED,No blacklist hit (old or new),NO
THS-NI-7.2,THS,NI,镍价（元/吨）,THS模板无zhiji_id，需后续匹配,,NONE,NONE,INFO,INFO,UNCHANGED,No blacklist hit (old or new),NO
THS-NI-7.2,THS,NI,镍冶炼日度利润（元/吨）,THS模板无zhiji_id，需后续匹配,,NONE,NONE,INFO,INFO,UNCHANGED,No blacklist hit (old or new),NO
THS-NI-7.2,THS,NI,近3年同日利润均值（元/吨）,THS模板无zhiji_id，需后续匹配,,NONE,NONE,INFO,INFO,UNCHANGED,No blacklist hit (old or new),NO
THS-NI-7.2,THS,NI,近3年同日利润标准差（元/吨）,THS模板无zhiji_id，需后续匹配,,NONE,NONE,INFO,INFO,UNCHANGED,No blacklist hit (old or new),NO
THS-NI-7.2,THS,NI,镍精矿TC（美元/吨干矿）,THS模板无zhiji_id，需后续匹配,,NONE,NONE,INFO,INFO,UNCHANGED,No blacklist hit (old or new),NO
THS-NI-7.2,THS,NI,电解镍日度利润（元/吨）、沪镍主力合约收盘价（元/吨）、电解镍现金成本（元/吨）,THS模板无zhiji_id，需后续匹配,,NONE,NONE,INFO,INFO,UNCHANGED,No blacklist hit (old or new),NO
THS-NI-7.2,THS,NI,镍铁一体化日度利润（元/吨）、镍矿成本（元/吨）、TC（美元/吨干矿）,THS模板无zhiji_id，需后续匹配,,NONE,NONE,INFO,INFO,UNCHANGED,No blacklist hit (old or new),NO
THS-NI-7.2,THS,NI,高冰镍日度利润（元/吨）、镍矿成本（元/吨）、加工费（元/吨）,THS模板无zhiji_id，需后续匹配,,NONE,NONE,INFO,INFO,UNCHANGED,No blacklist hit (old or new),NO
THS-NI-7.2,THS,NI,印尼高冰镍完全成本：利润（周度）,THS模板无zhiji_id，需后续匹配,,NONE,NONE,INFO,INFO,UNCHANGED,No blacklist hit (old or new),NO
THS-NI-7.2,THS,NI,分原料硫酸镍利润（元/镍吨）（MHP/高冰镍/镍豆）,THS模板无zhiji_id，需后续匹配,,NONE,NONE,INFO,INFO,UNCHANGED,No blacklist hit (old or new),NO
THS-NI-7.2,THS,NI,分原料硫酸镍利润（元/镍吨）,THS模板无zhiji_id，需后续匹配,,NONE,NONE,INFO,INFO,UNCHANGED,No blacklist hit (old or new),NO
THS-NI-7.2,THS,NI,镍进口盈亏（元/吨）,THS模板无zhiji_id，需后续匹配,,NONE,NONE,INFO,INFO,UNCHANGED,No blacklist hit (old or new),NO
THS-NI-7.2,THS,NI,电解镍进口盈亏（元/吨）,THS模板无zhiji_id，需后续匹配,,NONE,NONE,INFO,INFO,UNCHANGED,No blacklist hit (old or new),NO
THS-NI-7.2,THS,NI,镍出口盈亏（元/吨）,THS模板无zhiji_id，需后续匹配,,NONE,NONE,INFO,INFO,UNCHANGED,No blacklist hit (old or new),NO
THS-NI-7.2,THS,NI,电解镍出口盈亏（元/吨）,THS模板无zhiji_id，需后续匹配,,NONE,NONE,INFO,INFO,UNCHANGED,No blacklist hit (old or new),NO
THS-NI-7.3,THS,NI,电价（元/度）,THS模板无zhiji_id，需后续匹配,,NONE,NONE,INFO,INFO,UNCHANGED,No blacklist hit (old or new),NO
THS-NI-7.3,THS,NI,电解镍现金成本（元/吨）,THS模板无zhiji_id，需后续匹配,,NONE,NONE,INFO,INFO,UNCHANGED,No blacklist hit (old or new),NO
THS-NI-7.3,THS,NI,镍矿成本（元/吨）,THS模板无zhiji_id，需后续匹配,,NONE,NONE,INFO,INFO,UNCHANGED,No blacklist hit (old or new),NO
THS-NI-7.3,THS,NI,镍精矿TC（美元/吨干矿）,THS模板无zhiji_id，需后续匹配,,NONE,NONE,INFO,INFO,UNCHANGED,No blacklist hit (old or new),NO
THS-NI-7.3,THS,NI,镍生铁/NPI成本（元/吨）,THS模板无zhiji_id，需后续匹配,,NONE,NONE,INFO,INFO,UNCHANGED,No blacklist hit (old or new),NO
THS-NI-7.3,THS,NI,TC（美元/吨干矿）,THS模板无zhiji_id，需后续匹配,,NONE,NONE,INFO,INFO,UNCHANGED,No blacklist hit (old or new),NO
THS-NI-7.3,THS,NI,高冰镍成本（元/吨）,THS模板无zhiji_id，需后续匹配,,NONE,NONE,INFO,INFO,UNCHANGED,No blacklist hit (old or new),NO
THS-NI-7.3,THS,NI,加工费（元/吨）,THS模板无zhiji_id，需后续匹配,,NONE,NONE,INFO,INFO,UNCHANGED,No blacklist hit (old or new),NO
THS-NI-7.3,THS,NI,精炼镍成本（元/吨）,THS模板无zhiji_id，需后续匹配,,NONE,NONE,INFO,INFO,UNCHANGED,No blacklist hit (old or new),NO
THS-NI-7.3,THS,NI,能源/原料成本总量（元/吨）,THS模板无zhiji_id，需后续匹配,,NONE,NONE,INFO,INFO,UNCHANGED,No blacklist hit (old or new),NO
THS-NI-7.3,THS,NI,近3年同月成本均值（元/吨）,THS模板无zhiji_id，需后续匹配,,NONE,NONE,INFO,INFO,UNCHANGED,No blacklist hit (old or new),NO
THS-NI-7.3,THS,NI,近3年同月成本标准差（元/吨）,THS模板无zhiji_id，需后续匹配,,NONE,NONE,INFO,INFO,UNCHANGED,No blacklist hit (old or new),NO
THS-NI-7.3,THS,NI,沪镍主力合约收盘价（元/吨）,THS模板无zhiji_id，需后续匹配,,NONE,NONE,INFO,INFO,UNCHANGED,No blacklist hit (old or new),NO
THS-NI-7.3,THS,NI,印尼镍矿HPM基准价（美元/湿吨）,THS模板无zhiji_id，需后续匹配,,NONE,NONE,INFO,INFO,UNCHANGED,No blacklist hit (old or new),NO
THS-NI-7.3,THS,NI,菲律宾镍矿离港量（万吨）,THS模板无zhiji_id，需后续匹配,,NONE,NONE,INFO,INFO,UNCHANGED,No blacklist hit (old or new),NO
THS-NI-7.3,THS,NI,镍矿港口库存（万吨）,THS模板无zhiji_id，需后续匹配,,NONE,NONE,INFO,INFO,UNCHANGED,No blacklist hit (old or new),NO
THS-NI-7.3,THS,NI,菲律宾至中国海运费（美元/湿吨）,THS模板无zhiji_id，需后续匹配,,NONE,NONE,INFO,INFO,UNCHANGED,No blacklist hit (old or new),NO
THS-NI-7.3,THS,NI,中国镍矿到港量（万吨）,THS模板无zhiji_id，需后续匹配,,NONE,NONE,INFO,INFO,UNCHANGED,No blacklist hit (old or new),NO
THS-NI-7.3,THS,NI,原图数,THS模板无zhiji_id，需后续匹配,,NONE,NONE,INFO,INFO,UNCHANGED,No blacklist hit (old or new),NO
THS-NI-7.3,THS,NI,删除图数,THS模板无zhiji_id，需后续匹配,,NONE,NONE,INFO,INFO,UNCHANGED,No blacklist hit (old or new),NO
THS-NI-7.3,THS,NI,新增图数,THS模板无zhiji_id，需后续匹配,,NONE,NONE,INFO,INFO,UNCHANGED,No blacklist hit (old or new),NO
THS-NI-7.3,THS,NI,最终图数,THS模板无zhiji_id，需后续匹配,,NONE,NONE,INFO,INFO,UNCHANGED,No blacklist hit (old or new),NO
THS-NI-7.3,THS,NI,8,THS模板无zhiji_id，需后续匹配,,NONE,NONE,INFO,INFO,UNCHANGED,No blacklist hit (old or new),NO
THS-NI-7.3,THS,NI,4,THS模板无zhiji_id，需后续匹配,,NONE,NONE,INFO,INFO,UNCHANGED,No blacklist hit (old or new),NO
THS-NI-7.3,THS,NI,2,THS模板无zhiji_id，需后续匹配,,NONE,NONE,INFO,INFO,UNCHANGED,No blacklist hit (old or new),NO
THS-NI-7.3,THS,NI,6,THS模板无zhiji_id，需后续匹配,,NONE,NONE,INFO,INFO,UNCHANGED,No blacklist hit (old or new),NO
THS-NI-7.3,THS,NI,9,THS模板无zhiji_id，需后续匹配,,NONE,NONE,INFO,INFO,UNCHANGED,No blacklist hit (old or new),NO
THS-SI-2.1,THS,SI,工业硅期货主力合约收盘价（元/吨）,THS模板无zhiji_id，需后续匹配,,NONE,NONE,INFO,INFO,UNCHANGED,No blacklist hit (old or new),NO
THS-SI-2.1,THS,SI,工业硅期货持仓量（手）,THS模板无zhiji_id，需后续匹配,,NONE,NONE,INFO,INFO,UNCHANGED,No blacklist hit (old or new),NO
THS-SI-2.1,THS,SI,工业硅期货日度成交量（手）,THS模板无zhiji_id，需后续匹配,,NONE,NONE,INFO,INFO,UNCHANGED,No blacklist hit (old or new),NO
THS-SI-2.1,THS,SI,工业硅期货日度持仓量（手）,THS模板无zhiji_id，需后续匹配,,NONE,NONE,INFO,INFO,UNCHANGED,No blacklist hit (old or new),NO
THS-SI-2.1,THS,SI,工业硅期货日度持仓量分位（%）,THS模板无zhiji_id，需后续匹配,,NONE,NONE,INFO,INFO,UNCHANGED,No blacklist hit (old or new),NO
THS-SI-2.1,THS,SI,工业硅期货日度多空持仓比（%）,THS模板无zhiji_id，需后续匹配,,NONE,NONE,INFO,INFO,UNCHANGED,No blacklist hit (old or new),NO
THS-SI-2.1,THS,SI,工业硅期货日度基差（元/吨）,THS模板无zhiji_id，需后续匹配,,NONE,NONE,INFO,INFO,UNCHANGED,No blacklist hit (old or new),NO
THS-SI-2.1,THS,SI,工业硅期货日度仓单注册量（吨）,THS模板无zhiji_id，需后续匹配,,NONE,NONE,INFO,INFO,UNCHANGED,No blacklist hit (old or new),NO
THS-SI-2.1,THS,SI,工业硅期货日度月差（元/吨）,THS模板无zhiji_id，需后续匹配,,NONE,NONE,INFO,INFO,UNCHANGED,No blacklist hit (old or new),NO
THS-SI-2.1,THS,SI,近3年同日持仓量均值（手）,THS模板无zhiji_id，需后续匹配,,NONE,NONE,INFO,INFO,UNCHANGED,No blacklist hit (old or new),NO
THS-SI-2.1,THS,SI,近3年同日持仓量标准差（手）,THS模板无zhiji_id，需后续匹配,,NONE,NONE,INFO,INFO,UNCHANGED,No blacklist hit (old or new),NO
THS-SI-2.2,THS,SI,工业硅现货升贴水（元/吨）,THS模板无zhiji_id，需后续匹配,,NONE,NONE,INFO,INFO,UNCHANGED,No blacklist hit (old or new),NO
THS-SI-2.2,THS,SI,工业硅期货主力合约收盘价（元/吨）,THS模板无zhiji_id，需后续匹配,,NONE,NONE,INFO,INFO,UNCHANGED,No blacklist hit (old or new),NO
THS-SI-2.2,THS,SI,工业硅基差（元/吨）,THS模板无zhiji_id，需后续匹配,,NONE,NONE,INFO,INFO,UNCHANGED,No blacklist hit (old or new),NO
THS-SI-2.2,THS,SI,工业硅现货价格（元/吨）,THS模板无zhiji_id，需后续匹配,,NONE,NONE,INFO,INFO,UNCHANGED,No blacklist hit (old or new),NO
THS-SI-2.2,THS,SI,工业硅仓单注册量（吨）,THS模板无zhiji_id，需后续匹配,,NONE,NONE,INFO,INFO,UNCHANGED,No blacklist hit (old or new),NO
THS-SI-2.2,THS,SI,工业硅进口盈亏（元/吨）,THS模板无zhiji_id，需后续匹配,,NONE,NONE,INFO,INFO,UNCHANGED,No blacklist hit (old or new),NO
THS-SI-2.2,THS,SI,工业硅沪伦比（倍）,THS模板无zhiji_id，需后续匹配,,NONE,NONE,INFO,INFO,UNCHANGED,No blacklist hit (old or new),NO
THS-SI-2.2,THS,SI,工业硅月差（元/吨）,THS模板无zhiji_id，需后续匹配,,NONE,NONE,INFO,INFO,UNCHANGED,No blacklist hit (old or new),NO
THS-SI-2.2,THS,SI,近3年同日升贴水均值（元/吨）,THS模板无zhiji_id，需后续匹配,,NONE,NONE,INFO,INFO,UNCHANGED,No blacklist hit (old or new),NO
THS-SI-2.2,THS,SI,近3年同日升贴水标准差（元/吨）,THS模板无zhiji_id，需后续匹配,,NONE,NONE,INFO,INFO,UNCHANGED,No blacklist hit (old or new),NO
THS-SI-2.3,THS,SI,LME工业硅收盘价（美元/吨）,THS模板无zhiji_id，需后续匹配,,NONE,NONE,INFO,INFO,UNCHANGED,No blacklist hit (old or new),NO
THS-SI-2.3,THS,SI,LME工业硅持仓量（手）,THS模板无zhiji_id，需后续匹配,,NONE,NONE,INFO,INFO,UNCHANGED,No blacklist hit (old or new),NO
THS-SI-2.3,THS,SI,COMEX工业硅收盘价（美元/磅）,THS模板无zhiji_id，需后续匹配,,NONE,NONE,INFO,INFO,UNCHANGED,No blacklist hit (old or new),NO
THS-SI-2.3,THS,SI,COMEX工业硅持仓量（手）,THS模板无zhiji_id，需后续匹配,,NONE,NONE,INFO,INFO,UNCHANGED,No blacklist hit (old or new),NO
THS-SI-2.3,THS,SI,沪伦比（倍）,THS模板无zhiji_id，需后续匹配,,NONE,NONE,INFO,INFO,UNCHANGED,No blacklist hit (old or new),NO
THS-SI-2.3,THS,SI,工业硅进口盈亏（元/吨）,THS模板无zhiji_id，需后续匹配,,NONE,NONE,INFO,INFO,UNCHANGED,No blacklist hit (old or new),NO
THS-SI-2.3,THS,SI,LME工业硅现货升贴水（美元/吨）,THS模板无zhiji_id，需后续匹配,,NONE,NONE,INFO,INFO,UNCHANGED,No blacklist hit (old or new),NO
THS-SI-2.3,THS,SI,COMEX工业硅现货升贴水（美元/磅）,THS模板无zhiji_id，需后续匹配,,NONE,NONE,INFO,INFO,UNCHANGED,No blacklist hit (old or new),NO
THS-SI-2.3,THS,SI,LME工业硅现金价格（美元/吨）,THS模板无zhiji_id，需后续匹配,,NONE,NONE,INFO,INFO,UNCHANGED,No blacklist hit (old or new),NO
THS-SI-2.3,THS,SI,LME工业硅3个月期货收盘价（美元/吨）,THS模板无zhiji_id，需后续匹配,,NONE,NONE,INFO,INFO,UNCHANGED,No blacklist hit (old or new),NO
THS-SI-2.3,THS,SI,近3年同日收盘价均值（美元/吨）,THS模板无zhiji_id，需后续匹配,,NONE,NONE,INFO,INFO,UNCHANGED,No blacklist hit (old or new),NO
THS-SI-2.3,THS,SI,近3年同日收盘价标准差（美元/吨）,THS模板无zhiji_id，需后续匹配,,NONE,NONE,INFO,INFO,UNCHANGED,No blacklist hit (old or new),NO
THS-SI-2.4,THS,SI,工业硅期货月差（元/吨）,THS模板无zhiji_id，需后续匹配,,NONE,NONE,INFO,INFO,UNCHANGED,No blacklist hit (old or new),NO
THS-SI-2.4,THS,SI,工业硅期货主力合约收盘价（元/吨）,THS模板无zhiji_id，需后续匹配,,NONE,NONE,INFO,INFO,UNCHANGED,No blacklist hit (old or new),NO
THS-SI-2.4,THS,SI,工业硅期货近月合约收盘价（元/吨）,THS模板无zhiji_id，需后续匹配,,NONE,NONE,INFO,INFO,UNCHANGED,No blacklist hit (old or new),NO
THS-SI-2.4,THS,SI,工业硅期货远月合约收盘价（元/吨）,THS模板无zhiji_id，需后续匹配,,NONE,NONE,INFO,INFO,UNCHANGED,No blacklist hit (old or new),NO
THS-SI-2.4,THS,SI,工业硅期货仓单注册量（吨）,THS模板无zhiji_id，需后续匹配,,NONE,NONE,INFO,INFO,UNCHANGED,No blacklist hit (old or new),NO
THS-SI-2.4,THS,SI,工业硅期货持仓量（手）,THS模板无zhiji_id，需后续匹配,,NONE,NONE,INFO,INFO,UNCHANGED,No blacklist hit (old or new),NO
THS-SI-2.4,THS,SI,工业硅期货基差（元/吨）,THS模板无zhiji_id，需后续匹配,,NONE,NONE,INFO,INFO,UNCHANGED,No blacklist hit (old or new),NO
THS-SI-2.4,THS,SI,近3年同日月差均值（元/吨）,THS模板无zhiji_id，需后续匹配,,NONE,NONE,INFO,INFO,UNCHANGED,No blacklist hit (old or new),NO
THS-SI-2.4,THS,SI,近3年同日月差标准差（元/吨）,THS模板无zhiji_id，需后续匹配,,NONE,NONE,INFO,INFO,UNCHANGED,No blacklist hit (old or new),NO
THS-SI-2.5,THS,SI,工业硅冶炼利润（元/吨）,THS模板无zhiji_id，需后续匹配,,NONE,NONE,INFO,INFO,UNCHANGED,No blacklist hit (old or new),NO
THS-SI-2.5,THS,SI,工业硅期货主力合约收盘价（元/吨）,THS模板无zhiji_id，需后续匹配,,NONE,NONE,INFO,INFO,UNCHANGED,No blacklist hit (old or new),NO
THS-SI-2.5,THS,SI,多晶硅冶炼利润（元/吨）,THS模板无zhiji_id，需后续匹配,,NONE,NONE,INFO,INFO,UNCHANGED,No blacklist hit (old or new),NO
THS-SI-2.5,THS,SI,多晶硅期货主力合约收盘价（元/吨）,THS模板无zhiji_id，需后续匹配,,NONE,NONE,INFO,INFO,UNCHANGED,No blacklist hit (old or new),NO
THS-SI-2.5,THS,SI,工业硅估值分位（%）,THS模板无zhiji_id，需后续匹配,,NONE,NONE,INFO,INFO,UNCHANGED,No blacklist hit (old or new),NO
THS-SI-2.5,THS,SI,多晶硅估值分位（%）,THS模板无zhiji_id，需后续匹配,,NONE,NONE,INFO,INFO,UNCHANGED,No blacklist hit (old or new),NO
THS-SI-2.5,THS,SI,工业硅冶炼成本（元/吨）,THS模板无zhiji_id，需后续匹配,,NONE,NONE,INFO,INFO,UNCHANGED,No blacklist hit (old or new),NO
THS-SI-2.5,THS,SI,多晶硅冶炼成本（元/吨）,THS模板无zhiji_id，需后续匹配,,NONE,NONE,INFO,INFO,UNCHANGED,No blacklist hit (old or new),NO
THS-SI-2.5,THS,SI,近3年同月冶炼利润均值（元/吨）,THS模板无zhiji_id，需后续匹配,,NONE,NONE,INFO,INFO,UNCHANGED,No blacklist hit (old or new),NO
THS-SI-2.5,THS,SI,近3年同月冶炼利润标准差（元/吨）,THS模板无zhiji_id，需后续匹配,,NONE,NONE,INFO,INFO,UNCHANGED,No blacklist hit (old or new),NO
THS-SI-2.5,THS,SI,工业硅冶炼利润分位（%）,THS模板无zhiji_id，需后续匹配,,NONE,NONE,INFO,INFO,UNCHANGED,No blacklist hit (old or new),NO
THS-SI-2.6,THS,SI,工业硅期货多头前20持仓量（手）,THS模板无zhiji_id，需后续匹配,,NONE,NONE,INFO,INFO,UNCHANGED,No blacklist hit (old or new),NO
THS-SI-2.6,THS,SI,工业硅期货空头前20持仓量（手）,THS模板无zhiji_id，需后续匹配,,NONE,NONE,INFO,INFO,UNCHANGED,No blacklist hit (old or new),NO
THS-SI-2.6,THS,SI,工业硅期货多空前20净持仓（手）,THS模板无zhiji_id，需后续匹配,,NONE,NONE,INFO,INFO,UNCHANGED,No blacklist hit (old or new),NO
THS-SI-2.6,THS,SI,工业硅期货主力合约收盘价（元/吨）,THS模板无zhiji_id，需后续匹配,,NONE,NONE,INFO,INFO,UNCHANGED,No blacklist hit (old or new),NO
THS-SI-2.6,THS,SI,工业硅期货多空持仓比（%）,THS模板无zhiji_id，需后续匹配,,NONE,NONE,INFO,INFO,UNCHANGED,No blacklist hit (old or new),NO
THS-SI-2.6,THS,SI,工业硅期货持仓量分位（%）,THS模板无zhiji_id，需后续匹配,,NONE,NONE,INFO,INFO,UNCHANGED,No blacklist hit (old or new),NO
THS-SI-2.6,THS,SI,工业硅期货成交量（手）,THS模板无zhiji_id，需后续匹配,,NONE,NONE,INFO,INFO,UNCHANGED,No blacklist hit (old or new),NO
THS-SI-2.6,THS,SI,工业硅期货仓单注册量（吨）,THS模板无zhiji_id，需后续匹配,,NONE,NONE,INFO,INFO,UNCHANGED,No blacklist hit (old or new),NO
THS-SI-2.6,THS,SI,工业硅期货多空前20持仓量（手）,THS模板无zhiji_id，需后续匹配,,NONE,NONE,INFO,INFO,UNCHANGED,No blacklist hit (old or new),NO
THS-SI-2.6,THS,SI,近3年同日多头前20持仓量均值（手）,THS模板无zhiji_id，需后续匹配,,NONE,NONE,INFO,INFO,UNCHANGED,No blacklist hit (old or new),NO
THS-SI-2.6,THS,SI,近3年同日多头前20持仓量标准差（手）,THS模板无zhiji_id，需后续匹配,,NONE,NONE,INFO,INFO,UNCHANGED,No blacklist hit (old or new),NO
THS-SI-3.1.1,THS,SI,海外硅矿季度产量（万吨）,THS模板无zhiji_id，需后续匹配,,NONE,NONE,INFO,INFO,UNCHANGED,No blacklist hit (old or new),NO
THS-SI-3.1.1,THS,SI,海外硅矿季度产能（万吨）,THS模板无zhiji_id，需后续匹配,,NONE,NONE,INFO,INFO,UNCHANGED,No blacklist hit (old or new),NO
THS-SI-3.1.1,THS,SI,海外硅矿季度开工率（%）,THS模板无zhiji_id，需后续匹配,,NONE,NONE,INFO,INFO,UNCHANGED,No blacklist hit (old or new),NO
THS-SI-3.1.1,THS,SI,海外硅矿季度产能利用率（%）,THS模板无zhiji_id，需后续匹配,,NONE,NONE,INFO,INFO,UNCHANGED,No blacklist hit (old or new),NO
THS-SI-3.1.1,THS,SI,海外硅矿季度检修量（万吨）,THS模板无zhiji_id，需后续匹配,,NONE,NONE,INFO,INFO,UNCHANGED,No blacklist hit (old or new),NO
THS-SI-3.1.1,THS,SI,海外硅矿季度进口量（万吨）,THS模板无zhiji_id，需后续匹配,,NONE,NONE,INFO,INFO,UNCHANGED,No blacklist hit (old or new),NO
THS-SI-3.1.1,THS,SI,海外硅矿季度再生产量（万吨）,THS模板无zhiji_id，需后续匹配,,NONE,NONE,INFO,INFO,UNCHANGED,No blacklist hit (old or new),NO
THS-SI-3.1.1,THS,SI,海外硅矿季度加工费TC（元/吨）,THS模板无zhiji_id，需后续匹配,,NONE,NONE,INFO,INFO,UNCHANGED,No blacklist hit (old or new),NO
THS-SI-3.1.1,THS,SI,近3年同季产量均值（万吨）,THS模板无zhiji_id，需后续匹配,,NONE,NONE,INFO,INFO,UNCHANGED,No blacklist hit (old or new),NO
THS-SI-3.1.1,THS,SI,近3年同季产量标准差（万吨）,THS模板无zhiji_id，需后续匹配,,NONE,NONE,INFO,INFO,UNCHANGED,No blacklist hit (old or new),NO
THS-SI-3.1.2,THS,SI,中国硅矿月产量（万吨）,THS模板无zhiji_id，需后续匹配,,NONE,NONE,INFO,INFO,UNCHANGED,No blacklist hit (old or new),NO
THS-SI-3.1.2,THS,SI,美国硅矿月产量（万吨）,THS模板无zhiji_id，需后续匹配,,NONE,NONE,INFO,INFO,UNCHANGED,No blacklist hit (old or new),NO
THS-SI-3.1.2,THS,SI,巴西硅矿月产量（万吨）,THS模板无zhiji_id，需后续匹配,,NONE,NONE,INFO,INFO,UNCHANGED,No blacklist hit (old or new),NO
THS-SI-3.1.2,THS,SI,中国硅矿月产能（万吨）,THS模板无zhiji_id，需后续匹配,,NONE,NONE,INFO,INFO,UNCHANGED,No blacklist hit (old or new),NO
THS-SI-3.1.2,THS,SI,美国硅矿月产能（万吨）,THS模板无zhiji_id，需后续匹配,,NONE,NONE,INFO,INFO,UNCHANGED,No blacklist hit (old or new),NO
THS-SI-3.1.2,THS,SI,巴西硅矿月产能（万吨）,THS模板无zhiji_id，需后续匹配,,NONE,NONE,INFO,INFO,UNCHANGED,No blacklist hit (old or new),NO
THS-SI-3.1.2,THS,SI,中国硅矿月开工率（%）,THS模板无zhiji_id，需后续匹配,,NONE,NONE,INFO,INFO,UNCHANGED,No blacklist hit (old or new),NO
THS-SI-3.1.2,THS,SI,美国硅矿月开工率（%）,THS模板无zhiji_id，需后续匹配,,NONE,NONE,INFO,INFO,UNCHANGED,No blacklist hit (old or new),NO
THS-SI-3.1.2,THS,SI,巴西硅矿月开工率（%）,THS模板无zhiji_id，需后续匹配,,NONE,NONE,INFO,INFO,UNCHANGED,No blacklist hit (old or new),NO
THS-SI-3.1.2,THS,SI,中国硅矿月进口量（万吨）,THS模板无zhiji_id，需后续匹配,,NONE,NONE,INFO,INFO,UNCHANGED,No blacklist hit (old or new),NO
THS-SI-3.1.2,THS,SI,美国硅矿月进口量（万吨）,THS模板无zhiji_id，需后续匹配,,NONE,NONE,INFO,INFO,UNCHANGED,No blacklist hit (old or new),NO
THS-SI-3.1.2,THS,SI,巴西硅矿月进口量（万吨）,THS模板无zhiji_id，需后续匹配,,NONE,NONE,INFO,INFO,UNCHANGED,No blacklist hit (old or new),NO
THS-SI-3.1.2,THS,SI,中国硅矿月再生产量（万吨）,THS模板无zhiji_id，需后续匹配,,NONE,NONE,INFO,INFO,UNCHANGED,No blacklist hit (old or new),NO
THS-SI-3.1.2,THS,SI,美国硅矿月再生产量（万吨）,THS模板无zhiji_id，需后续匹配,,NONE,NONE,INFO,INFO,UNCHANGED,No blacklist hit (old or new),NO
THS-SI-3.1.2,THS,SI,巴西硅矿月再生产量（万吨）,THS模板无zhiji_id，需后续匹配,,NONE,NONE,INFO,INFO,UNCHANGED,No blacklist hit (old or new),NO
THS-SI-3.1.2,THS,SI,中国硅矿月加工费TC（元/吨）,THS模板无zhiji_id，需后续匹配,,NONE,NONE,INFO,INFO,UNCHANGED,No blacklist hit (old or new),NO
THS-SI-3.1.2,THS,SI,美国硅矿月加工费TC（元/吨）,THS模板无zhiji_id，需后续匹配,,NONE,NONE,INFO,INFO,UNCHANGED,No blacklist hit (old or new),NO
THS-SI-3.1.2,THS,SI,巴西硅矿月加工费TC（元/吨）,THS模板无zhiji_id，需后续匹配,,NONE,NONE,INFO,INFO,UNCHANGED,No blacklist hit (old or new),NO
THS-SI-3.1.2,THS,SI,近3年同月产量均值（万吨）,THS模板无zhiji_id，需后续匹配,,NONE,NONE,INFO,INFO,UNCHANGED,No blacklist hit (old or new),NO
THS-SI-3.1.2,THS,SI,近3年同月产量标准差（万吨）,THS模板无zhiji_id，需后续匹配,,NONE,NONE,INFO,INFO,UNCHANGED,No blacklist hit (old or new),NO
THS-SI-3.1.2,THS,SI,中国硅矿月产能利用率（%）,THS模板无zhiji_id，需后续匹配,,NONE,NONE,INFO,INFO,UNCHANGED,No blacklist hit (old or new),NO
THS-SI-3.1.2,THS,SI,美国硅矿月产能利用率（%）,THS模板无zhiji_id，需后续匹配,,NONE,NONE,INFO,INFO,UNCHANGED,No blacklist hit (old or new),NO
THS-SI-3.1.2,THS,SI,巴西硅矿月产能利用率（%）,THS模板无zhiji_id，需后续匹配,,NONE,NONE,INFO,INFO,UNCHANGED,No blacklist hit (old or new),NO
THS-SI-3.1.3,THS,SI,国内硅矿月产量（万吨）,THS模板无zhiji_id，需后续匹配,,NONE,NONE,INFO,INFO,UNCHANGED,No blacklist hit (old or new),YES
THS-SI-3.1.3,THS,SI,国内硅矿月产能（万吨）,THS模板无zhiji_id，需后续匹配,,NONE,NONE,INFO,INFO,UNCHANGED,No blacklist hit (old or new),YES
THS-SI-3.1.3,THS,SI,国内硅矿月开工率（%）,THS模板无zhiji_id，需后续匹配,,NONE,NONE,INFO,INFO,UNCHANGED,No blacklist hit (old or new),YES
THS-SI-3.1.3,THS,SI,国内硅矿月产能利用率（%）,THS模板无zhiji_id，需后续匹配,,NONE,NONE,INFO,INFO,UNCHANGED,No blacklist hit (old or new),YES
THS-SI-3.1.3,THS,SI,国内硅矿月检修量（万吨）,THS模板无zhiji_id，需后续匹配,,NONE,NONE,INFO,INFO,UNCHANGED,No blacklist hit (old or new),YES
THS-SI-3.1.3,THS,SI,国内硅矿月进口量（万吨）,THS模板无zhiji_id，需后续匹配,,NONE,NONE,INFO,INFO,UNCHANGED,No blacklist hit (old or new),YES
THS-SI-3.1.3,THS,SI,国内硅矿月再生产量（万吨）,THS模板无zhiji_id，需后续匹配,,NONE,NONE,INFO,INFO,UNCHANGED,No blacklist hit (old or new),YES
THS-SI-3.1.3,THS,SI,国内硅矿月加工费TC（元/吨）,THS模板无zhiji_id，需后续匹配,,NONE,NONE,INFO,INFO,UNCHANGED,No blacklist hit (old or new),YES
THS-SI-3.1.3,THS,SI,近3年同月产量均值（万吨）,THS模板无zhiji_id，需后续匹配,,NONE,NONE,INFO,INFO,UNCHANGED,No blacklist hit (old or new),YES
THS-SI-3.1.3,THS,SI,近3年同月产量标准差（万吨）,THS模板无zhiji_id，需后续匹配,,NONE,NONE,INFO,INFO,UNCHANGED,No blacklist hit (old or new),YES
THS-SI-3.1.4,THS,SI,国内硅矿月进口总量（万吨）,THS模板无zhiji_id，需后续匹配,,NONE,NONE,INFO,INFO,UNCHANGED,No blacklist hit (old or new),NO
THS-SI-3.1.4,THS,SI,国内硅矿月产量（万吨）,THS模板无zhiji_id，需后续匹配,,NONE,NONE,INFO,INFO,UNCHANGED,No blacklist hit (old or new),NO
THS-SI-3.1.4,THS,SI,中国硅矿月进口量分国别（万吨）,THS模板无zhiji_id，需后续匹配,,NONE,NONE,INFO,INFO,UNCHANGED,No blacklist hit (old or new),NO
THS-SI-3.1.4,THS,SI,中国硅矿月进口总量（万吨）,THS模板无zhiji_id，需后续匹配,,NONE,NONE,INFO,INFO,UNCHANGED,No blacklist hit (old or new),NO
THS-SI-3.1.4,THS,SI,国内硅矿月进口盈亏（元/吨）,THS模板无zhiji_id，需后续匹配,,NONE,NONE,INFO,INFO,UNCHANGED,No blacklist hit (old or new),NO
THS-SI-3.1.4,THS,SI,LME工业硅收盘价（美元/吨）,THS模板无zhiji_id，需后续匹配,,NONE,NONE,INFO,INFO,UNCHANGED,No blacklist hit (old or new),NO
THS-SI-3.1.4,THS,SI,国内硅矿月沪伦比（倍）,THS模板无zhiji_id，需后续匹配,,NONE,NONE,INFO,INFO,UNCHANGED,No blacklist hit (old or new),NO
THS-SI-3.1.4,THS,SI,国内硅矿月仓单注册量（吨）,THS模板无zhiji_id，需后续匹配,,NONE,NONE,INFO,INFO,UNCHANGED,No blacklist hit (old or new),NO
THS-SI-3.1.4,THS,SI,国内硅矿月加工费TC（元/吨）,THS模板无zhiji_id，需后续匹配,,NONE,NONE,INFO,INFO,UNCHANGED,No blacklist hit (old or new),NO
THS-SI-3.1.4,THS,SI,国内硅矿月进口量（万吨）,THS模板无zhiji_id，需后续匹配,,NONE,NONE,INFO,INFO,UNCHANGED,No blacklist hit (old or new),NO
THS-SI-3.1.4,THS,SI,近3年同月进口量均值（万吨）,THS模板无zhiji_id，需后续匹配,,NONE,NONE,INFO,INFO,UNCHANGED,No blacklist hit (old or new),NO
THS-SI-3.1.4,THS,SI,近3年同月进口量标准差（万吨）,THS模板无zhiji_id，需后续匹配,,NONE,NONE,INFO,INFO,UNCHANGED,No blacklist hit (old or new),NO
THS-SI-3.1.4,THS,SI,国内硅矿月进口量分国别占比（%）,THS模板无zhiji_id，需后续匹配,,NONE,NONE,INFO,INFO,UNCHANGED,No blacklist hit (old or new),NO
THS-SI-3.1.5,THS,SI,工业硅矿端TC加工费（元/吨）,THS模板无zhiji_id，需后续匹配,,NONE,NONE,INFO,INFO,UNCHANGED,No blacklist hit (old or new),NO
THS-SI-3.1.5,THS,SI,工业硅期货主力合约收盘价（元/吨）,THS模板无zhiji_id，需后续匹配,,NONE,NONE,INFO,INFO,UNCHANGED,No blacklist hit (old or new),NO
THS-SI-3.1.5,THS,SI,工业硅冶炼利润（元/吨）,THS模板无zhiji_id，需后续匹配,,NONE,NONE,INFO,INFO,UNCHANGED,No blacklist hit (old or new),NO
THS-SI-3.1.5,THS,SI,工业硅冶炼厂开工率（%）,THS模板无zhiji_id，需后续匹配,,NONE,NONE,INFO,INFO,UNCHANGED,No blacklist hit (old or new),NO
THS-SI-3.1.5,THS,SI,工业硅冶炼厂产能利用率（%）,THS模板无zhiji_id，需后续匹配,,NONE,NONE,INFO,INFO,UNCHANGED,No blacklist hit (old or new),NO
THS-SI-3.1.5,THS,SI,工业硅冶炼厂检修量（万吨）,THS模板无zhiji_id，需后续匹配,,NONE,NONE,INFO,INFO,UNCHANGED,No blacklist hit (old or new),NO
THS-SI-3.1.5,THS,SI,工业硅冶炼厂进口量（万吨）,THS模板无zhiji_id，需后续匹配,,NONE,NONE,INFO,INFO,UNCHANGED,No blacklist hit (old or new),NO
THS-SI-3.1.5,THS,SI,近3年同日TC加工费均值（元/吨）,THS模板无zhiji_id，需后续匹配,,NONE,NONE,INFO,INFO,UNCHANGED,No blacklist hit (old or new),NO
THS-SI-3.1.5,THS,SI,近3年同日TC加工费标准差（元/吨）,THS模板无zhiji_id，需后续匹配,,NONE,NONE,INFO,INFO,UNCHANGED,No blacklist hit (old or new),NO
THS-SI-3.1.5,THS,SI,工业硅矿端TC加工费分位（%）,THS模板无zhiji_id，需后续匹配,,NONE,NONE,INFO,INFO,UNCHANGED,No blacklist hit (old or new),NO
THS-SI-3.2.1,THS,SI,工业硅精炼月产量（万吨）,THS模板无zhiji_id，需后续匹配,,NONE,NONE,INFO,INFO,UNCHANGED,No blacklist hit (old or new),NO
THS-SI-3.2.1,THS,SI,工业硅精炼月产能（万吨）,THS模板无zhiji_id，需后续匹配,,NONE,NONE,INFO,INFO,UNCHANGED,No blacklist hit (old or new),NO
THS-SI-3.2.1,THS,SI,多晶硅精炼月产量（万吨）,THS模板无zhiji_id，需后续匹配,,NONE,NONE,INFO,INFO,UNCHANGED,No blacklist hit (old or new),NO
THS-SI-3.2.1,THS,SI,多晶硅精炼月产能（万吨）,THS模板无zhiji_id，需后续匹配,,NONE,NONE,INFO,INFO,UNCHANGED,No blacklist hit (old or new),NO
THS-SI-3.2.1,THS,SI,金属硅精炼月产量（万吨）,THS模板无zhiji_id，需后续匹配,,NONE,NONE,INFO,INFO,UNCHANGED,No blacklist hit (old or new),NO
THS-SI-3.2.1,THS,SI,金属硅精炼月产能（万吨）,THS模板无zhiji_id，需后续匹配,,NONE,NONE,INFO,INFO,UNCHANGED,No blacklist hit (old or new),NO
THS-SI-3.2.1,THS,SI,工业硅精炼月开工率（%）,THS模板无zhiji_id，需后续匹配,,NONE,NONE,INFO,INFO,UNCHANGED,No blacklist hit (old or new),NO
THS-SI-3.2.1,THS,SI,多晶硅精炼月开工率（%）,THS模板无zhiji_id，需后续匹配,,NONE,NONE,INFO,INFO,UNCHANGED,No blacklist hit (old or new),NO
THS-SI-3.2.1,THS,SI,工业硅精炼月产能利用率（%）,THS模板无zhiji_id，需后续匹配,,NONE,NONE,INFO,INFO,UNCHANGED,No blacklist hit (old or new),NO
THS-SI-3.2.1,THS,SI,工业硅精炼月检修量（万吨）,THS模板无zhiji_id，需后续匹配,,NONE,NONE,INFO,INFO,UNCHANGED,No blacklist hit (old or new),NO
THS-SI-3.2.1,THS,SI,近3年同月产量均值（万吨）,THS模板无zhiji_id，需后续匹配,,NONE,NONE,INFO,INFO,UNCHANGED,No blacklist hit (old or new),NO
THS-SI-3.2.1,THS,SI,近3年同月产量标准差（万吨）,THS模板无zhiji_id，需后续匹配,,NONE,NONE,INFO,INFO,UNCHANGED,No blacklist hit (old or new),NO
THS-SI-3.2.2,THS,SI,工业硅精炼月开工率（%）,THS模板无zhiji_id，需后续匹配,,NONE,NONE,INFO,INFO,UNCHANGED,No blacklist hit (old or new),NO
THS-SI-3.2.2,THS,SI,工业硅精炼月检修量（万吨）,THS模板无zhiji_id，需后续匹配,,NONE,NONE,INFO,INFO,UNCHANGED,No blacklist hit (old or new),NO
THS-SI-3.2.2,THS,SI,多晶硅精炼月开工率（%）,THS模板无zhiji_id，需后续匹配,,NONE,NONE,INFO,INFO,UNCHANGED,No blacklist hit (old or new),NO
THS-SI-3.2.2,THS,SI,多晶硅精炼月检修量（万吨）,THS模板无zhiji_id，需后续匹配,,NONE,NONE,INFO,INFO,UNCHANGED,No blacklist hit (old or new),NO
THS-SI-3.2.2,THS,SI,金属硅精炼月开工率（%）,THS模板无zhiji_id，需后续匹配,,NONE,NONE,INFO,INFO,UNCHANGED,No blacklist hit (old or new),NO
THS-SI-3.2.2,THS,SI,金属硅精炼月检修量（万吨）,THS模板无zhiji_id，需后续匹配,,NONE,NONE,INFO,INFO,UNCHANGED,No blacklist hit (old or new),NO
THS-SI-3.2.2,THS,SI,工业硅精炼月产能利用率（%）,THS模板无zhiji_id，需后续匹配,,NONE,NONE,INFO,INFO,UNCHANGED,No blacklist hit (old or new),NO
THS-SI-3.2.2,THS,SI,工业硅精炼月产量（万吨）,THS模板无zhiji_id，需后续匹配,,NONE,NONE,INFO,INFO,UNCHANGED,No blacklist hit (old or new),NO
THS-SI-3.2.2,THS,SI,工业硅精炼月开工天数（天）,THS模板无zhiji_id，需后续匹配,,NONE,NONE,INFO,INFO,UNCHANGED,No blacklist hit (old or new),NO
THS-SI-3.2.2,THS,SI,近3年同月开工率均值（%）,THS模板无zhiji_id，需后续匹配,,NONE,NONE,INFO,INFO,UNCHANGED,No blacklist hit (old or new),NO
THS-SI-3.2.2,THS,SI,近3年同月开工率标准差（%）,THS模板无zhiji_id，需后续匹配,,NONE,NONE,INFO,INFO,UNCHANGED,No blacklist hit (old or new),NO
THS-SI-3.2.2,THS,SI,近3年同月检修量均值（万吨）,THS模板无zhiji_id，需后续匹配,,NONE,NONE,INFO,INFO,UNCHANGED,No blacklist hit (old or new),NO
THS-SI-3.2.2,THS,SI,近3年同月检修量标准差（万吨）,THS模板无zhiji_id，需后续匹配,,NONE,NONE,INFO,INFO,UNCHANGED,No blacklist hit (old or new),NO
THS-SI-3.2.3,THS,SI,工业硅再生月产量（万吨）,THS模板无zhiji_id，需后续匹配,,NONE,NONE,INFO,INFO,UNCHANGED,No blacklist hit (old or new),NO
THS-SI-3.2.3,THS,SI,工业硅再生月产能（万吨）,THS模板无zhiji_id，需后续匹配,,NONE,NONE,INFO,INFO,UNCHANGED,No blacklist hit (old or new),NO
THS-SI-3.2.3,THS,SI,多晶硅再生月产量（万吨）,THS模板无zhiji_id，需后续匹配,,NONE,NONE,INFO,INFO,UNCHANGED,No blacklist hit (old or new),NO
THS-SI-3.2.3,THS,SI,多晶硅再生月产能（万吨）,THS模板无zhiji_id，需后续匹配,,NONE,NONE,INFO,INFO,UNCHANGED,No blacklist hit (old or new),NO
THS-SI-3.2.3,THS,SI,金属硅再生月产量（万吨）,THS模板无zhiji_id，需后续匹配,,NONE,NONE,INFO,INFO,UNCHANGED,No blacklist hit (old or new),NO
THS-SI-3.2.3,THS,SI,金属硅再生月产能（万吨）,THS模板无zhiji_id，需后续匹配,,NONE,NONE,INFO,INFO,UNCHANGED,No blacklist hit (old or new),NO
THS-SI-3.2.3,THS,SI,工业硅再生月开工率（%）,THS模板无zhiji_id，需后续匹配,,NONE,NONE,INFO,INFO,UNCHANGED,No blacklist hit (old or new),NO
THS-SI-3.2.3,THS,SI,多晶硅再生月开工率（%）,THS模板无zhiji_id，需后续匹配,,NONE,NONE,INFO,INFO,UNCHANGED,No blacklist hit (old or new),NO
THS-SI-3.2.3,THS,SI,工业硅再生月产能利用率（%）,THS模板无zhiji_id，需后续匹配,,NONE,NONE,INFO,INFO,UNCHANGED,No blacklist hit (old or new),NO
THS-SI-3.2.3,THS,SI,工业硅再生月检修量（万吨）,THS模板无zhiji_id，需后续匹配,,NONE,NONE,INFO,INFO,UNCHANGED,No blacklist hit (old or new),NO
THS-SI-3.2.3,THS,SI,近3年同月产量均值（万吨）,THS模板无zhiji_id，需后续匹配,,NONE,NONE,INFO,INFO,UNCHANGED,No blacklist hit (old or new),NO
THS-SI-3.2.3,THS,SI,近3年同月产量标准差（万吨）,THS模板无zhiji_id，需后续匹配,,NONE,NONE,INFO,INFO,UNCHANGED,No blacklist hit (old or new),NO
THS-SI-3.2.4,THS,SI,工业硅冶炼利润（元/吨）,THS模板无zhiji_id，需后续匹配,,NONE,NONE,INFO,INFO,UNCHANGED,No blacklist hit (old or new),NO
THS-SI-3.2.4,THS,SI,工业硅期货主力合约收盘价（元/吨）,THS模板无zhiji_id，需后续匹配,,NONE,NONE,INFO,INFO,UNCHANGED,No blacklist hit (old or new),NO
THS-SI-3.2.4,THS,SI,多晶硅冶炼利润（元/吨）,THS模板无zhiji_id，需后续匹配,,NONE,NONE,INFO,INFO,UNCHANGED,No blacklist hit (old or new),NO
THS-SI-3.2.4,THS,SI,多晶硅期货主力合约收盘价（元/吨）,THS模板无zhiji_id，需后续匹配,,NONE,NONE,INFO,INFO,UNCHANGED,No blacklist hit (old or new),NO
THS-SI-3.2.4,THS,SI,工业硅冶炼利润分位（%）,THS模板无zhiji_id，需后续匹配,,NONE,NONE,INFO,INFO,UNCHANGED,No blacklist hit (old or new),NO
THS-SI-3.2.4,THS,SI,近3年同日冶炼利润均值（元/吨）,THS模板无zhiji_id，需后续匹配,,NONE,NONE,INFO,INFO,UNCHANGED,No blacklist hit (old or new),NO
THS-SI-3.2.4,THS,SI,近3年同日冶炼利润标准差（元/吨）,THS模板无zhiji_id，需后续匹配,,NONE,NONE,INFO,INFO,UNCHANGED,No blacklist hit (old or new),NO
THS-SI-3.2.4,THS,SI,工业硅TC加工费（元/吨）,THS模板无zhiji_id，需后续匹配,,NONE,NONE,INFO,INFO,UNCHANGED,No blacklist hit (old or new),NO
THS-SI-3.2.4,THS,SI,工业硅冶炼厂开工率（%）,THS模板无zhiji_id，需后续匹配,,NONE,NONE,INFO,INFO,UNCHANGED,No blacklist hit (old or new),NO
THS-SI-3.2.4,THS,SI,工业硅冶炼厂检修量（万吨）,THS模板无zhiji_id，需后续匹配,,NONE,NONE,INFO,INFO,UNCHANGED,No blacklist hit (old or new),NO
THS-SI-3.2.4,THS,SI,工业硅冶炼厂产能利用率（%）,THS模板无zhiji_id，需后续匹配,,NONE,NONE,INFO,INFO,UNCHANGED,No blacklist hit (old or new),NO
THS-SI-4.1,THS,SI,工业硅交易所库存总量（吨）,THS模板无zhiji_id，需后续匹配,,NONE,NONE,INFO,INFO,UNCHANGED,No blacklist hit (old or new),NO
THS-SI-4.1,THS,SI,工业硅期货主力合约收盘价（元/吨）,THS模板无zhiji_id，需后续匹配,,NONE,NONE,INFO,INFO,UNCHANGED,No blacklist hit (old or new),NO
THS-SI-4.1,THS,SI,多晶硅交易所库存总量（吨）,THS模板无zhiji_id，需后续匹配,,NONE,NONE,INFO,INFO,UNCHANGED,No blacklist hit (old or new),NO
THS-SI-4.1,THS,SI,多晶硅期货主力合约收盘价（元/吨）,THS模板无zhiji_id，需后续匹配,,NONE,NONE,INFO,INFO,UNCHANGED,No blacklist hit (old or new),NO
THS-SI-4.1,THS,SI,工业硅仓单注册量（吨）,THS模板无zhiji_id，需后续匹配,,NONE,NONE,INFO,INFO,UNCHANGED,No blacklist hit (old or new),NO
THS-SI-4.1,THS,SI,工业硅注销仓单量（吨）,THS模板无zhiji_id，需后续匹配,,NONE,NONE,INFO,INFO,UNCHANGED,No blacklist hit (old or new),NO
THS-SI-4.1,THS,SI,工业硅在途库存（吨）,THS模板无zhiji_id，需后续匹配,,NONE,NONE,INFO,INFO,UNCHANGED,No blacklist hit (old or new),NO
THS-SI-4.1,THS,SI,工业硅隐性库存（吨）,THS模板无zhiji_id，需后续匹配,,NONE,NONE,INFO,INFO,UNCHANGED,No blacklist hit (old or new),NO
THS-SI-4.1,THS,SI,工业硅库存天数（天）,THS模板无zhiji_id，需后续匹配,,NONE,NONE,INFO,INFO,UNCHANGED,No blacklist hit (old or new),NO
THS-SI-4.1,THS,SI,工业硅注销仓单占比（%）,THS模板无zhiji_id，需后续匹配,,NONE,NONE,INFO,INFO,UNCHANGED,No blacklist hit (old or new),NO
THS-SI-4.2,THS,SI,工业硅仓单注册量（吨）,THS模板无zhiji_id，需后续匹配,,NONE,NONE,INFO,INFO,UNCHANGED,No blacklist hit (old or new),NO
THS-SI-4.2,THS,SI,工业硅期货主力合约收盘价（元/吨）,THS模板无zhiji_id，需后续匹配,,NONE,NONE,INFO,INFO,UNCHANGED,No blacklist hit (old or new),NO
THS-SI-4.2,THS,SI,多晶硅仓单注册量（吨）,THS模板无zhiji_id，需后续匹配,,NONE,NONE,INFO,INFO,UNCHANGED,No blacklist hit (old or new),NO
THS-SI-4.2,THS,SI,多晶硅期货主力合约收盘价（元/吨）,THS模板无zhiji_id，需后续匹配,,NONE,NONE,INFO,INFO,UNCHANGED,No blacklist hit (old or new),NO
THS-SI-4.2,THS,SI,工业硅注销仓单量（吨）,THS模板无zhiji_id，需后续匹配,,NONE,NONE,INFO,INFO,UNCHANGED,No blacklist hit (old or new),NO
THS-SI-4.2,THS,SI,多晶硅注销仓单量（吨）,THS模板无zhiji_id，需后续匹配,,NONE,NONE,INFO,INFO,UNCHANGED,No blacklist hit (old or new),NO
THS-SI-4.2,THS,SI,工业硅仓单占比（%）,THS模板无zhiji_id，需后续匹配,,NONE,NONE,INFO,INFO,UNCHANGED,No blacklist hit (old or new),NO
THS-SI-4.2,THS,SI,工业硅仓单分地区量（吨）,THS模板无zhiji_id，需后续匹配,,NONE,NONE,INFO,INFO,UNCHANGED,No blacklist hit (old or new),NO
THS-SI-4.2,THS,SI,近3年同日仓单注册量均值（吨）,THS模板无zhiji_id，需后续匹配,,NONE,NONE,INFO,INFO,UNCHANGED,No blacklist hit (old or new),NO
THS-SI-4.2,THS,SI,近3年同日仓单注册量标准差（吨）,THS模板无zhiji_id，需后续匹配,,NONE,NONE,INFO,INFO,UNCHANGED,No blacklist hit (old or new),NO
THS-SI-4.2,THS,SI,工业硅注销仓单占比（%）,THS模板无zhiji_id，需后续匹配,,NONE,NONE,INFO,INFO,UNCHANGED,No blacklist hit (old or new),NO
THS-SI-4.3,THS,SI,工业硅社会库存总量（万吨）,THS模板无zhiji_id，需后续匹配,,NONE,NONE,INFO,INFO,UNCHANGED,No blacklist hit (old or new),NO
THS-SI-4.3,THS,SI,工业硅期货主力合约收盘价（元/吨）,THS模板无zhiji_id，需后续匹配,,NONE,NONE,INFO,INFO,UNCHANGED,No blacklist hit (old or new),NO
THS-SI-4.3,THS,SI,多晶硅社会库存总量（万吨）,THS模板无zhiji_id，需后续匹配,,NONE,NONE,INFO,INFO,UNCHANGED,No blacklist hit (old or new),NO
THS-SI-4.3,THS,SI,多晶硅期货主力合约收盘价（元/吨）,THS模板无zhiji_id，需后续匹配,,NONE,NONE,INFO,INFO,UNCHANGED,No blacklist hit (old or new),NO
THS-SI-4.3,THS,SI,工业硅社会库存分地区量（万吨）,THS模板无zhiji_id，需后续匹配,,NONE,NONE,INFO,INFO,UNCHANGED,No blacklist hit (old or new),NO
THS-SI-4.3,THS,SI,工业硅社会库存天数（天）,THS模板无zhiji_id，需后续匹配,,NONE,NONE,INFO,INFO,UNCHANGED,No blacklist hit (old or new),NO
THS-SI-4.3,THS,SI,工业硅社会库存隐性库存（万吨）,THS模板无zhiji_id，需后续匹配,,NONE,NONE,INFO,INFO,UNCHANGED,No blacklist hit (old or new),NO
THS-SI-4.3,THS,SI,工业硅社会库存在途库存（万吨）,THS模板无zhiji_id，需后续匹配,,NONE,NONE,INFO,INFO,UNCHANGED,No blacklist hit (old or new),NO
THS-SI-4.3,THS,SI,工业硅社会库存厂内库存（万吨）,THS模板无zhiji_id，需后续匹配,,NONE,NONE,INFO,INFO,UNCHANGED,No blacklist hit (old or new),NO
THS-SI-4.3,THS,SI,近3年同周库存量均值（万吨）,THS模板无zhiji_id，需后续匹配,,NONE,NONE,INFO,INFO,UNCHANGED,No blacklist hit (old or new),NO
THS-SI-4.3,THS,SI,近3年同周库存量标准差（万吨）,THS模板无zhiji_id，需后续匹配,,NONE,NONE,INFO,INFO,UNCHANGED,No blacklist hit (old or new),NO
THS-SI-4.4,THS,SI,工业硅工厂库存总量（万吨）,THS模板无zhiji_id，需后续匹配,,NONE,NONE,INFO,INFO,UNCHANGED,No blacklist hit (old or new),NO
THS-SI-4.4,THS,SI,工业硅工厂库存天数（天）,THS模板无zhiji_id，需后续匹配,,NONE,NONE,INFO,INFO,UNCHANGED,No blacklist hit (old or new),NO
THS-SI-4.4,THS,SI,多晶硅工厂库存总量（万吨）,THS模板无zhiji_id，需后续匹配,,NONE,NONE,INFO,INFO,UNCHANGED,No blacklist hit (old or new),NO
THS-SI-4.4,THS,SI,多晶硅工厂库存天数（天）,THS模板无zhiji_id，需后续匹配,,NONE,NONE,INFO,INFO,UNCHANGED,No blacklist hit (old or new),NO
THS-SI-4.4,THS,SI,金属硅工厂库存总量（万吨）,THS模板无zhiji_id，需后续匹配,,NONE,NONE,INFO,INFO,UNCHANGED,No blacklist hit (old or new),NO
THS-SI-4.4,THS,SI,金属硅工厂库存天数（天）,THS模板无zhiji_id，需后续匹配,,NONE,NONE,INFO,INFO,UNCHANGED,No blacklist hit (old or new),NO
THS-SI-4.4,THS,SI,工业硅工厂库存分地区量（万吨）,THS模板无zhiji_id，需后续匹配,,NONE,NONE,INFO,INFO,UNCHANGED,No blacklist hit (old or new),NO
THS-SI-4.4,THS,SI,工业硅工厂库存分持有者量（万吨）,THS模板无zhiji_id，需后续匹配,,NONE,NONE,INFO,INFO,UNCHANGED,No blacklist hit (old or new),NO
THS-SI-4.4,THS,SI,工业硅工厂库存在途库存（万吨）,THS模板无zhiji_id，需后续匹配,,NONE,NONE,INFO,INFO,UNCHANGED,No blacklist hit (old or new),NO
THS-SI-4.4,THS,SI,工业硅工厂库存隐性库存（万吨）,THS模板无zhiji_id，需后续匹配,,NONE,NONE,INFO,INFO,UNCHANGED,No blacklist hit (old or new),NO
THS-SI-4.4,THS,SI,近3年同月库存量均值（万吨）,THS模板无zhiji_id，需后续匹配,,NONE,NONE,INFO,INFO,UNCHANGED,No blacklist hit (old or new),NO
THS-SI-4.4,THS,SI,近3年同月库存量标准差（万吨）,THS模板无zhiji_id，需后续匹配,,NONE,NONE,INFO,INFO,UNCHANGED,No blacklist hit (old or new),NO
THS-SI-4.5,THS,SI,工业硅隐性库存总量（万吨）,THS模板无zhiji_id，需后续匹配,,NONE,NONE,INFO,INFO,UNCHANGED,No blacklist hit (old or new),NO
THS-SI-4.5,THS,SI,工业硅社会库存总量（万吨）,THS模板无zhiji_id，需后续匹配,,NONE,NONE,INFO,INFO,UNCHANGED,No blacklist hit (old or new),NO
THS-SI-4.5,THS,SI,多晶硅隐性库存总量（万吨）,THS模板无zhiji_id，需后续匹配,,NONE,NONE,INFO,INFO,UNCHANGED,No blacklist hit (old or new),NO
THS-SI-4.5,THS,SI,多晶硅社会库存总量（万吨）,THS模板无zhiji_id，需后续匹配,,NONE,NONE,INFO,INFO,UNCHANGED,No blacklist hit (old or new),NO
THS-SI-4.5,THS,SI,工业硅在途库存总量（万吨）,THS模板无zhiji_id，需后续匹配,,NONE,NONE,INFO,INFO,UNCHANGED,No blacklist hit (old or new),NO
THS-SI-4.5,THS,SI,多晶硅在途库存总量（万吨）,THS模板无zhiji_id，需后续匹配,,NONE,NONE,INFO,INFO,UNCHANGED,No blacklist hit (old or new),NO
THS-SI-4.5,THS,SI,工业硅隐性库存分地区量（万吨）,THS模板无zhiji_id，需后续匹配,,NONE,NONE,INFO,INFO,UNCHANGED,No blacklist hit (old or new),NO
THS-SI-4.5,THS,SI,工业硅在途库存分地区量（万吨）,THS模板无zhiji_id，需后续匹配,,NONE,NONE,INFO,INFO,UNCHANGED,No blacklist hit (old or new),NO
THS-SI-4.5,THS,SI,工业硅隐性库存分持有者量（万吨）,THS模板无zhiji_id，需后续匹配,,NONE,NONE,INFO,INFO,UNCHANGED,No blacklist hit (old or new),NO
THS-SI-4.5,THS,SI,近3年同周在途库存均值（万吨）,THS模板无zhiji_id，需后续匹配,,NONE,NONE,INFO,INFO,UNCHANGED,No blacklist hit (old or new),NO
THS-SI-4.5,THS,SI,近3年同周在途库存标准差（万吨）,THS模板无zhiji_id，需后续匹配,,NONE,NONE,INFO,INFO,UNCHANGED,No blacklist hit (old or new),NO
THS-SI-5.1,THS,SI,工业硅下游开工率（%）,THS模板无zhiji_id，需后续匹配,,NONE,NONE,INFO,INFO,UNCHANGED,No blacklist hit (old or new),NO
THS-SI-5.1,THS,SI,工业硅表观消费量（万吨）,THS模板无zhiji_id，需后续匹配,,NONE,NONE,INFO,INFO,UNCHANGED,No blacklist hit (old or new),NO
THS-SI-5.1,THS,SI,多晶硅下游开工率（%）,THS模板无zhiji_id，需后续匹配,,NONE,NONE,INFO,INFO,UNCHANGED,No blacklist hit (old or new),NO
THS-SI-5.1,THS,SI,多晶硅表观消费量（万吨）,THS模板无zhiji_id，需后续匹配,,NONE,NONE,INFO,INFO,UNCHANGED,No blacklist hit (old or new),NO
THS-SI-5.1,THS,SI,金属硅下游开工率（%）,THS模板无zhiji_id，需后续匹配,,NONE,NONE,INFO,INFO,UNCHANGED,No blacklist hit (old or new),NO
THS-SI-5.1,THS,SI,金属硅表观消费量（万吨）,THS模板无zhiji_id，需后续匹配,,NONE,NONE,INFO,INFO,UNCHANGED,No blacklist hit (old or new),NO
THS-SI-5.1,THS,SI,工业硅产量（万吨）,THS模板无zhiji_id，需后续匹配,,NONE,NONE,INFO,INFO,UNCHANGED,No blacklist hit (old or new),NO
THS-SI-5.1,THS,SI,工业硅终端产量（万吨）,THS模板无zhiji_id，需后续匹配,,NONE,NONE,INFO,INFO,UNCHANGED,No blacklist hit (old or new),NO
THS-SI-5.1,THS,SI,工业硅排产计划量（万吨）,THS模板无zhiji_id，需后续匹配,,NONE,NONE,INFO,INFO,UNCHANGED,No blacklist hit (old or new),NO
THS-SI-5.1,THS,SI,近3年同月开工率均值（%）,THS模板无zhiji_id，需后续匹配,,NONE,NONE,INFO,INFO,UNCHANGED,No blacklist hit (old or new),NO
THS-SI-5.1,THS,SI,近3年同月开工率标准差（%）,THS模板无zhiji_id，需后续匹配,,NONE,NONE,INFO,INFO,UNCHANGED,No blacklist hit (old or new),NO
THS-SI-5.1,THS,SI,多晶硅终端产量（万吨）,THS模板无zhiji_id，需后续匹配,,NONE,NONE,INFO,INFO,UNCHANGED,No blacklist hit (old or new),NO
THS-SI-5.2,THS,SI,工业硅下游终端产量（万吨）,THS模板无zhiji_id，需后续匹配,,NONE,NONE,INFO,INFO,UNCHANGED,No blacklist hit (old or new),NO
THS-SI-5.2,THS,SI,工业硅下游消费占比（%）,THS模板无zhiji_id，需后续匹配,,NONE,NONE,INFO,INFO,UNCHANGED,No blacklist hit (old or new),NO
THS-SI-5.2,THS,SI,多晶硅下游终端产量（万吨）,THS模板无zhiji_id，需后续匹配,,NONE,NONE,INFO,INFO,UNCHANGED,No blacklist hit (old or new),NO
THS-SI-5.2,THS,SI,多晶硅下游消费占比（%）,THS模板无zhiji_id，需后续匹配,,NONE,NONE,INFO,INFO,UNCHANGED,No blacklist hit (old or new),NO
THS-SI-5.2,THS,SI,金属硅下游终端产量（万吨）,THS模板无zhiji_id，需后续匹配,,NONE,NONE,INFO,INFO,UNCHANGED,No blacklist hit (old or new),NO
THS-SI-5.2,THS,SI,金属硅下游消费占比（%）,THS模板无zhiji_id，需后续匹配,,NONE,NONE,INFO,INFO,UNCHANGED,No blacklist hit (old or new),NO
THS-SI-5.2,THS,SI,工业硅下游订单量（万吨）,THS模板无zhiji_id，需后续匹配,,NONE,NONE,INFO,INFO,UNCHANGED,No blacklist hit (old or new),NO
THS-SI-5.2,THS,SI,多晶硅下游订单量（万吨）,THS模板无zhiji_id，需后续匹配,,NONE,NONE,INFO,INFO,UNCHANGED,No blacklist hit (old or new),NO
THS-SI-5.2,THS,SI,近3年同月消费占比均值（%）,THS模板无zhiji_id，需后续匹配,,NONE,NONE,INFO,INFO,UNCHANGED,No blacklist hit (old or new),NO
THS-SI-5.2,THS,SI,近3年同月消费占比标准差（%）,THS模板无zhiji_id，需后续匹配,,NONE,NONE,INFO,INFO,UNCHANGED,No blacklist hit (old or new),NO
THS-SI-5.2,THS,SI,工业硅下游消费增速（%）,THS模板无zhiji_id，需后续匹配,,NONE,NONE,INFO,INFO,UNCHANGED,No blacklist hit (old or new),NO
THS-SI-5.3,THS,SI,工业硅下游排产计划量（万吨）,THS模板无zhiji_id，需后续匹配,,NONE,NONE,INFO,INFO,UNCHANGED,No blacklist hit (old or new),NO
THS-SI-5.3,THS,SI,工业硅下游订单量（万吨）,THS模板无zhiji_id，需后续匹配,,NONE,NONE,INFO,INFO,UNCHANGED,No blacklist hit (old or new),NO
THS-SI-5.3,THS,SI,多晶硅下游排产计划量（万吨）,THS模板无zhiji_id，需后续匹配,,NONE,NONE,INFO,INFO,UNCHANGED,No blacklist hit (old or new),NO
THS-SI-5.3,THS,SI,多晶硅下游订单量（万吨）,THS模板无zhiji_id，需后续匹配,,NONE,NONE,INFO,INFO,UNCHANGED,No blacklist hit (old or new),NO
THS-SI-5.3,THS,SI,工业硅下游采购量（万吨）,THS模板无zhiji_id，需后续匹配,,NONE,NONE,INFO,INFO,UNCHANGED,No blacklist hit (old or new),NO
THS-SI-5.3,THS,SI,工业硅下游预付款（亿元）,THS模板无zhiji_id，需后续匹配,,NONE,NONE,INFO,INFO,UNCHANGED,No blacklist hit (old or new),NO
THS-SI-5.3,THS,SI,近3年同月排产计划量均值（万吨）,THS模板无zhiji_id，需后续匹配,,NONE,NONE,INFO,INFO,UNCHANGED,No blacklist hit (old or new),NO
THS-SI-5.3,THS,SI,近3年同月排产计划量标准差（万吨）,THS模板无zhiji_id，需后续匹配,,NONE,NONE,INFO,INFO,UNCHANGED,No blacklist hit (old or new),NO
THS-SI-5.3,THS,SI,多晶硅下游预付款（亿元）,THS模板无zhiji_id，需后续匹配,,NONE,NONE,INFO,INFO,UNCHANGED,No blacklist hit (old or new),NO
THS-SI-5.3,THS,SI,多晶硅下游采购量（万吨）,THS模板无zhiji_id，需后续匹配,,NONE,NONE,INFO,INFO,UNCHANGED,No blacklist hit (old or new),NO
THS-SI-6.1,THS,SI,工业硅进口量（万吨）,THS模板无zhiji_id，需后续匹配,,NONE,NONE,INFO,INFO,UNCHANGED,No blacklist hit (old or new),NO
THS-SI-6.1,THS,SI,工业硅净进口量（万吨）,THS模板无zhiji_id，需后续匹配,,NONE,NONE,INFO,INFO,UNCHANGED,No blacklist hit (old or new),NO
THS-SI-6.1,THS,SI,多晶硅进口量（万吨）,THS模板无zhiji_id，需后续匹配,,NONE,NONE,INFO,INFO,UNCHANGED,No blacklist hit (old or new),NO
THS-SI-6.1,THS,SI,多晶硅净进口量（万吨）,THS模板无zhiji_id，需后续匹配,,NONE,NONE,INFO,INFO,UNCHANGED,No blacklist hit (old or new),NO
THS-SI-6.1,THS,SI,金属硅进口量（万吨）,THS模板无zhiji_id，需后续匹配,,NONE,NONE,INFO,INFO,UNCHANGED,No blacklist hit (old or new),NO
THS-SI-6.1,THS,SI,金属硅净进口量（万吨）,THS模板无zhiji_id，需后续匹配,,NONE,NONE,INFO,INFO,UNCHANGED,No blacklist hit (old or new),NO
THS-SI-6.1,THS,SI,工业硅进口分国别量（万吨）,THS模板无zhiji_id，需后续匹配,,NONE,NONE,INFO,INFO,UNCHANGED,No blacklist hit (old or new),NO
THS-SI-6.1,THS,SI,工业硅进口总量（万吨）,THS模板无zhiji_id，需后续匹配,,NONE,NONE,INFO,INFO,UNCHANGED,No blacklist hit (old or new),NO
THS-SI-6.1,THS,SI,工业硅保税区库存（万吨）,THS模板无zhiji_id，需后续匹配,,NONE,NONE,INFO,INFO,UNCHANGED,No blacklist hit (old or new),NO
THS-SI-6.1,THS,SI,工业硅进口关税税率（%）,THS模板无zhiji_id，需后续匹配,,NONE,NONE,INFO,INFO,UNCHANGED,No blacklist hit (old or new),NO
THS-SI-6.1,THS,SI,近3年同月进口量均值（万吨）,THS模板无zhiji_id，需后续匹配,,NONE,NONE,INFO,INFO,UNCHANGED,No blacklist hit (old or new),NO
THS-SI-6.1,THS,SI,近3年同月进口量标准差（万吨）,THS模板无zhiji_id，需后续匹配,,NONE,NONE,INFO,INFO,UNCHANGED,No blacklist hit (old or new),NO
THS-SI-6.1,THS,SI,工业硅进口发运天数（天）,THS模板无zhiji_id，需后续匹配,,NONE,NONE,INFO,INFO,UNCHANGED,No blacklist hit (old or new),NO
THS-SI-6.2,THS,SI,工业硅出口量（万吨）,THS模板无zhiji_id，需后续匹配,,NONE,NONE,INFO,INFO,UNCHANGED,No blacklist hit (old or new),NO
THS-SI-6.2,THS,SI,工业硅净出口量（万吨）,THS模板无zhiji_id，需后续匹配,,NONE,NONE,INFO,INFO,UNCHANGED,No blacklist hit (old or new),NO
THS-SI-6.2,THS,SI,多晶硅出口量（万吨）,THS模板无zhiji_id，需后续匹配,,NONE,NONE,INFO,INFO,UNCHANGED,No blacklist hit (old or new),NO
THS-SI-6.2,THS,SI,多晶硅净出口量（万吨）,THS模板无zhiji_id，需后续匹配,,NONE,NONE,INFO,INFO,UNCHANGED,No blacklist hit (old or new),NO
THS-SI-6.2,THS,SI,金属硅出口量（万吨）,THS模板无zhiji_id，需后续匹配,,NONE,NONE,INFO,INFO,UNCHANGED,No blacklist hit (old or new),NO
THS-SI-6.2,THS,SI,金属硅净出口量（万吨）,THS模板无zhiji_id，需后续匹配,,NONE,NONE,INFO,INFO,UNCHANGED,No blacklist hit (old or new),NO
THS-SI-6.2,THS,SI,工业硅出口分国别量（万吨）,THS模板无zhiji_id，需后续匹配,,NONE,NONE,INFO,INFO,UNCHANGED,No blacklist hit (old or new),NO
THS-SI-6.2,THS,SI,工业硅出口总量（万吨）,THS模板无zhiji_id，需后续匹配,,NONE,NONE,INFO,INFO,UNCHANGED,No blacklist hit (old or new),NO
THS-SI-6.2,THS,SI,工业硅保税区仓单（万吨）,THS模板无zhiji_id，需后续匹配,,NONE,NONE,INFO,INFO,UNCHANGED,No blacklist hit (old or new),NO
THS-SI-6.2,THS,SI,工业硅出口关税税率（%）,THS模板无zhiji_id，需后续匹配,,NONE,NONE,INFO,INFO,UNCHANGED,No blacklist hit (old or new),NO
THS-SI-6.2,THS,SI,近3年同月出口量均值（万吨）,THS模板无zhiji_id，需后续匹配,,NONE,NONE,INFO,INFO,UNCHANGED,No blacklist hit (old or new),NO
THS-SI-6.2,THS,SI,近3年同月出口量标准差（万吨）,THS模板无zhiji_id，需后续匹配,,NONE,NONE,INFO,INFO,UNCHANGED,No blacklist hit (old or new),NO
THS-SI-6.2,THS,SI,工业硅出口发运天数（天）,THS模板无zhiji_id，需后续匹配,,NONE,NONE,INFO,INFO,UNCHANGED,No blacklist hit (old or new),NO
THS-SI-6.3,THS,SI,工业硅制品出口量（万吨）,THS模板无zhiji_id，需后续匹配,,NONE,NONE,INFO,INFO,UNCHANGED,No blacklist hit (old or new),NO
THS-SI-6.3,THS,SI,工业硅制品净出口量（万吨）,THS模板无zhiji_id，需后续匹配,,NONE,NONE,INFO,INFO,UNCHANGED,No blacklist hit (old or new),NO
THS-SI-6.3,THS,SI,多晶硅制品出口量（万吨）,THS模板无zhiji_id，需后续匹配,,NONE,NONE,INFO,INFO,UNCHANGED,No blacklist hit (old or new),NO
THS-SI-6.3,THS,SI,多晶硅制品净出口量（万吨）,THS模板无zhiji_id，需后续匹配,,NONE,NONE,INFO,INFO,UNCHANGED,No blacklist hit (old or new),NO
THS-SI-6.3,THS,SI,金属硅制品出口量（万吨）,THS模板无zhiji_id，需后续匹配,,NONE,NONE,INFO,INFO,UNCHANGED,No blacklist hit (old or new),NO
THS-SI-6.3,THS,SI,金属硅制品净出口量（万吨）,THS模板无zhiji_id，需后续匹配,,NONE,NONE,INFO,INFO,UNCHANGED,No blacklist hit (old or new),NO
THS-SI-6.3,THS,SI,工业硅制品出口分国别量（万吨）,THS模板无zhiji_id，需后续匹配,,NONE,NONE,INFO,INFO,UNCHANGED,No blacklist hit (old or new),NO
THS-SI-6.3,THS,SI,工业硅制品出口总量（万吨）,THS模板无zhiji_id，需后续匹配,,NONE,NONE,INFO,INFO,UNCHANGED,No blacklist hit (old or new),NO
THS-SI-6.3,THS,SI,工业硅制品保税区仓单（万吨）,THS模板无zhiji_id，需后续匹配,,NONE,NONE,INFO,INFO,UNCHANGED,No blacklist hit (old or new),NO
THS-SI-6.3,THS,SI,工业硅制品出口关税税率（%）,THS模板无zhiji_id，需后续匹配,,NONE,NONE,INFO,INFO,UNCHANGED,No blacklist hit (old or new),NO
THS-SI-6.3,THS,SI,近3年同月出口量均值（万吨）,THS模板无zhiji_id，需后续匹配,,NONE,NONE,INFO,INFO,UNCHANGED,No blacklist hit (old or new),NO
THS-SI-6.3,THS,SI,近3年同月出口量标准差（万吨）,THS模板无zhiji_id，需后续匹配,,NONE,NONE,INFO,INFO,UNCHANGED,No blacklist hit (old or new),NO
THS-SI-6.3,THS,SI,工业硅制品出口发运天数（天）,THS模板无zhiji_id，需后续匹配,,NONE,NONE,INFO,INFO,UNCHANGED,No blacklist hit (old or new),NO
THS-SI-6.4,THS,SI,工业硅海外发运量（万吨）,THS模板无zhiji_id，需后续匹配,,NONE,NONE,INFO,INFO,UNCHANGED,No blacklist hit (old or new),NO
THS-SI-6.4,THS,SI,工业硅进口量（万吨）,THS模板无zhiji_id，需后续匹配,,NONE,NONE,INFO,INFO,UNCHANGED,No blacklist hit (old or new),NO
THS-SI-6.4,THS,SI,多晶硅海外发运量（万吨）,THS模板无zhiji_id，需后续匹配,,NONE,NONE,INFO,INFO,UNCHANGED,No blacklist hit (old or new),NO
THS-SI-6.4,THS,SI,多晶硅进口量（万吨）,THS模板无zhiji_id，需后续匹配,,NONE,NONE,INFO,INFO,UNCHANGED,No blacklist hit (old or new),NO
THS-SI-6.4,THS,SI,金属硅海外发运量（万吨）,THS模板无zhiji_id，需后续匹配,,NONE,NONE,INFO,INFO,UNCHANGED,No blacklist hit (old or new),NO
THS-SI-6.4,THS,SI,金属硅进口量（万吨）,THS模板无zhiji_id，需后续匹配,,NONE,NONE,INFO,INFO,UNCHANGED,No blacklist hit (old or new),NO
THS-SI-6.4,THS,SI,工业硅海外发运分国别量（万吨）,THS模板无zhiji_id，需后续匹配,,NONE,NONE,INFO,INFO,UNCHANGED,No blacklist hit (old or new),NO
THS-SI-6.4,THS,SI,工业硅海外发运总量（万吨）,THS模板无zhiji_id，需后续匹配,,NONE,NONE,INFO,INFO,UNCHANGED,No blacklist hit (old or new),NO
THS-SI-6.4,THS,SI,工业硅海外发运发运天数（天）,THS模板无zhiji_id，需后续匹配,,NONE,NONE,INFO,INFO,UNCHANGED,No blacklist hit (old or new),NO
THS-SI-6.4,THS,SI,工业硅海外发运保税区仓单（万吨）,THS模板无zhiji_id，需后续匹配,,NONE,NONE,INFO,INFO,UNCHANGED,No blacklist hit (old or new),NO
THS-SI-6.4,THS,SI,工业硅海外发运发运金额（亿元）,THS模板无zhiji_id，需后续匹配,,NONE,NONE,INFO,INFO,UNCHANGED,No blacklist hit (old or new),NO
THS-SI-6.4,THS,SI,近3年同月发运量均值（万吨）,THS模板无zhiji_id，需后续匹配,,NONE,NONE,INFO,INFO,UNCHANGED,No blacklist hit (old or new),NO
THS-SI-6.4,THS,SI,近3年同月发运量标准差（万吨）,THS模板无zhiji_id，需后续匹配,,NONE,NONE,INFO,INFO,UNCHANGED,No blacklist hit (old or new),NO
THS-SI-7.1,THS,SI,工业硅冶炼成本（元/吨）,THS模板无zhiji_id，需后续匹配,,NONE,NONE,INFO,INFO,UNCHANGED,No blacklist hit (old or new),NO
THS-SI-7.1,THS,SI,工业硅期货主力合约收盘价（元/吨）,THS模板无zhiji_id，需后续匹配,,NONE,NONE,INFO,INFO,UNCHANGED,No blacklist hit (old or new),NO
THS-SI-7.1,THS,SI,多晶硅冶炼成本（元/吨）,THS模板无zhiji_id，需后续匹配,,NONE,NONE,INFO,INFO,UNCHANGED,No blacklist hit (old or new),NO
THS-SI-7.1,THS,SI,多晶硅期货主力合约收盘价（元/吨）,THS模板无zhiji_id，需后续匹配,,NONE,NONE,INFO,INFO,UNCHANGED,No blacklist hit (old or new),NO
THS-SI-7.1,THS,SI,金属硅冶炼成本（元/吨）,THS模板无zhiji_id，需后续匹配,,NONE,NONE,INFO,INFO,UNCHANGED,No blacklist hit (old or new),NO
THS-SI-7.1,THS,SI,金属硅期货主力合约收盘价（元/吨）,THS模板无zhiji_id，需后续匹配,,NONE,NONE,INFO,INFO,UNCHANGED,No blacklist hit (old or new),NO
THS-SI-7.1,THS,SI,工业硅现金成本（元/吨）,THS模板无zhiji_id，需后续匹配,,NONE,NONE,INFO,INFO,UNCHANGED,No blacklist hit (old or new),NO
THS-SI-7.1,THS,SI,工业硅冶炼成本分位（%）,THS模板无zhiji_id，需后续匹配,,NONE,NONE,INFO,INFO,UNCHANGED,No blacklist hit (old or new),NO
THS-SI-7.1,THS,SI,工业硅能源成本（元/吨）,THS模板无zhiji_id，需后续匹配,,NONE,NONE,INFO,INFO,UNCHANGED,No blacklist hit (old or new),NO
THS-SI-7.1,THS,SI,工业硅电价（元/度）,THS模板无zhiji_id，需后续匹配,,NONE,NONE,INFO,INFO,UNCHANGED,No blacklist hit (old or new),NO
THS-SI-7.1,THS,SI,工业硅原料成本（元/吨）,THS模板无zhiji_id，需后续匹配,,NONE,NONE,INFO,INFO,UNCHANGED,No blacklist hit (old or new),NO
THS-SI-7.1,THS,SI,近3年同季冶炼成本均值（元/吨）,THS模板无zhiji_id，需后续匹配,,NONE,NONE,INFO,INFO,UNCHANGED,No blacklist hit (old or new),NO
THS-SI-7.1,THS,SI,近3年同季冶炼成本标准差（元/吨）,THS模板无zhiji_id，需后续匹配,,NONE,NONE,INFO,INFO,UNCHANGED,No blacklist hit (old or new),NO
THS-SI-7.2,THS,SI,工业硅冶炼利润（元/吨）,THS模板无zhiji_id，需后续匹配,,NONE,NONE,INFO,INFO,UNCHANGED,No blacklist hit (old or new),NO
THS-SI-7.2,THS,SI,工业硅期货主力合约收盘价（元/吨）,THS模板无zhiji_id，需后续匹配,,NONE,NONE,INFO,INFO,UNCHANGED,No blacklist hit (old or new),NO
THS-SI-7.2,THS,SI,多晶硅冶炼利润（元/吨）,THS模板无zhiji_id，需后续匹配,,NONE,NONE,INFO,INFO,UNCHANGED,No blacklist hit (old or new),NO
THS-SI-7.2,THS,SI,多晶硅期货主力合约收盘价（元/吨）,THS模板无zhiji_id，需后续匹配,,NONE,NONE,INFO,INFO,UNCHANGED,No blacklist hit (old or new),NO
THS-SI-7.2,THS,SI,金属硅冶炼利润（元/吨）,THS模板无zhiji_id，需后续匹配,,NONE,NONE,INFO,INFO,UNCHANGED,No blacklist hit (old or new),NO
THS-SI-7.2,THS,SI,金属硅期货主力合约收盘价（元/吨）,THS模板无zhiji_id，需后续匹配,,NONE,NONE,INFO,INFO,UNCHANGED,No blacklist hit (old or new),NO
THS-SI-7.2,THS,SI,工业硅现金利润（元/吨）,THS模板无zhiji_id，需后续匹配,,NONE,NONE,INFO,INFO,UNCHANGED,No blacklist hit (old or new),NO
THS-SI-7.2,THS,SI,工业硅加工费（元/吨）,THS模板无zhiji_id，需后续匹配,,NONE,NONE,INFO,INFO,UNCHANGED,No blacklist hit (old or new),NO
THS-SI-7.2,THS,SI,工业硅能源成本（元/吨）,THS模板无zhiji_id，需后续匹配,,NONE,NONE,INFO,INFO,UNCHANGED,No blacklist hit (old or new),NO
THS-SI-7.2,THS,SI,近3年同季冶炼利润均值（元/吨）,THS模板无zhiji_id，需后续匹配,,NONE,NONE,INFO,INFO,UNCHANGED,No blacklist hit (old or new),NO
THS-SI-7.2,THS,SI,近3年同季冶炼利润标准差（元/吨）,THS模板无zhiji_id，需后续匹配,,NONE,NONE,INFO,INFO,UNCHANGED,No blacklist hit (old or new),NO
THS-SI-7.2,THS,SI,多晶硅现金利润（元/吨）,THS模板无zhiji_id，需后续匹配,,NONE,NONE,INFO,INFO,UNCHANGED,No blacklist hit (old or new),NO
THS-SN-2.1,THS,SN,沪锡主力合约收盘价（元/吨）,THS模板无zhiji_id，需后续匹配,,NONE,NONE,INFO,INFO,UNCHANGED,No blacklist hit (old or new),NO
THS-SN-2.1,THS,SN,持仓量（手）,THS模板无zhiji_id，需后续匹配,,NONE,NONE,INFO,INFO,UNCHANGED,No blacklist hit (old or new),NO
THS-SN-2.1,THS,SN,成交量（手）,THS模板无zhiji_id，需后续匹配,,NONE,NONE,INFO,INFO,UNCHANGED,No blacklist hit (old or new),NO
THS-SN-2.1,THS,SN,沪锡基差（元/吨）,THS模板无zhiji_id，需后续匹配,,NONE,NONE,INFO,INFO,UNCHANGED,No blacklist hit (old or new),NO
THS-SN-2.1,THS,SN,现货升贴水（元/吨）,THS模板无zhiji_id，需后续匹配,,NONE,NONE,INFO,INFO,UNCHANGED,No blacklist hit (old or new),NO
THS-SN-2.1,THS,SN,多空持仓比（%）,THS模板无zhiji_id，需后续匹配,,NONE,NONE,INFO,INFO,UNCHANGED,No blacklist hit (old or new),NO
THS-SN-2.1,THS,SN,仓单注册量（吨）,THS模板无zhiji_id，需后续匹配,,NONE,NONE,INFO,INFO,UNCHANGED,No blacklist hit (old or new),NO
THS-SN-2.1,THS,SN,月差（元/吨）,THS模板无zhiji_id，需后续匹配,,NONE,NONE,INFO,INFO,UNCHANGED,No blacklist hit (old or new),NO
THS-SN-2.1,THS,SN,近3年同月收盘价均值（元/吨）,THS模板无zhiji_id，需后续匹配,,NONE,NONE,INFO,INFO,UNCHANGED,No blacklist hit (old or new),NO
THS-SN-2.1,THS,SN,近3年同月收盘价标准差（元/吨）,THS模板无zhiji_id，需后续匹配,,NONE,NONE,INFO,INFO,UNCHANGED,No blacklist hit (old or new),NO
THS-SN-2.1,THS,SN,沪锡持仓量（手）,THS模板无zhiji_id，需后续匹配,,NONE,NONE,INFO,INFO,UNCHANGED,No blacklist hit (old or new),NO
THS-SN-2.1,THS,SN,近3年同月持仓量均值（手）,THS模板无zhiji_id，需后续匹配,,NONE,NONE,INFO,INFO,UNCHANGED,No blacklist hit (old or new),NO
THS-SN-2.1,THS,SN,近3年同月持仓量标准差（手）,THS模板无zhiji_id，需后续匹配,,NONE,NONE,INFO,INFO,UNCHANGED,No blacklist hit (old or new),NO
THS-SN-2.1,THS,SN,沪锡主力收盘价时序图,THS模板无zhiji_id，需后续匹配,,NONE,NONE,INFO,INFO,UNCHANGED,No blacklist hit (old or new),NO
THS-SN-2.1,THS,SN,沪锡社会库存时序图,THS模板无zhiji_id，需后续匹配,,NONE,NONE,INFO,INFO,UNCHANGED,No blacklist hit (old or new),NO
THS-SN-2.1,THS,SN,沪锡仓单注册量时序图,THS模板无zhiji_id，需后续匹配,,NONE,NONE,INFO,INFO,UNCHANGED,No blacklist hit (old or new),NO
THS-SN-2.1,THS,SN,沪锡主力合约持仓量时序图,THS模板无zhiji_id，需后续匹配,,NONE,NONE,INFO,INFO,UNCHANGED,No blacklist hit (old or new),NO
THS-SN-2.1,THS,SN,沪锡主力合约成交量时序图,THS模板无zhiji_id，需后续匹配,,NONE,NONE,INFO,INFO,UNCHANGED,No blacklist hit (old or new),NO
THS-SN-2.2,THS,SN,锡锭现货升贴水（元/吨）,THS模板无zhiji_id，需后续匹配,,NONE,NONE,INFO,INFO,UNCHANGED,No blacklist hit (old or new),NO
THS-SN-2.2,THS,SN,锡锭基差（元/吨）,THS模板无zhiji_id，需后续匹配,,NONE,NONE,INFO,INFO,UNCHANGED,No blacklist hit (old or new),NO
THS-SN-2.2,THS,SN,锡锭现货价格（元/吨）,THS模板无zhiji_id，需后续匹配,,NONE,NONE,INFO,INFO,UNCHANGED,No blacklist hit (old or new),NO
THS-SN-2.2,THS,SN,锡锭进口盈亏（元/吨）,THS模板无zhiji_id，需后续匹配,,NONE,NONE,INFO,INFO,UNCHANGED,No blacklist hit (old or new),NO
THS-SN-2.2,THS,SN,沪伦比（%）,THS模板无zhiji_id，需后续匹配,,NONE,NONE,INFO,INFO,UNCHANGED,No blacklist hit (old or new),NO
THS-SN-2.2,THS,SN,锡锭仓单注册量（吨）,THS模板无zhiji_id，需后续匹配,,NONE,NONE,INFO,INFO,UNCHANGED,No blacklist hit (old or new),NO
THS-SN-2.2,THS,SN,锡锭月差（元/吨）,THS模板无zhiji_id，需后续匹配,,NONE,NONE,INFO,INFO,UNCHANGED,No blacklist hit (old or new),NO
THS-SN-2.2,THS,SN,锡锭现货升贴水分地区（元/吨）,THS模板无zhiji_id，需后续匹配,,NONE,NONE,INFO,INFO,UNCHANGED,No blacklist hit (old or new),NO
THS-SN-2.2,THS,SN,近3年同月升贴水均值（元/吨）,THS模板无zhiji_id，需后续匹配,,NONE,NONE,INFO,INFO,UNCHANGED,No blacklist hit (old or new),NO
THS-SN-2.2,THS,SN,近3年同月升贴水标准差（元/吨）,THS模板无zhiji_id，需后续匹配,,NONE,NONE,INFO,INFO,UNCHANGED,No blacklist hit (old or new),NO
THS-SN-2.2,THS,SN,锡锭现货升贴水时序图,THS模板无zhiji_id，需后续匹配,,NONE,NONE,INFO,INFO,UNCHANGED,No blacklist hit (old or new),NO
THS-SN-2.2,THS,SN,锡锭现货价格时序图,THS模板无zhiji_id，需后续匹配,,NONE,NONE,INFO,INFO,UNCHANGED,No blacklist hit (old or new),NO
THS-SN-2.2,THS,SN,锡锭基差时序图,THS模板无zhiji_id，需后续匹配,,NONE,NONE,INFO,INFO,UNCHANGED,No blacklist hit (old or new),NO
THS-SN-2.2,THS,SN,锡锭进口盈亏时序图,THS模板无zhiji_id，需后续匹配,,NONE,NONE,INFO,INFO,UNCHANGED,No blacklist hit (old or new),NO
THS-SN-2.2,THS,SN,沪伦比时序图,THS模板无zhiji_id，需后续匹配,,NONE,NONE,INFO,INFO,UNCHANGED,No blacklist hit (old or new),NO
THS-SN-2.3,THS,SN,LME锡期货收盘价（美元/吨）,THS模板无zhiji_id，需后续匹配,,NONE,NONE,INFO,INFO,UNCHANGED,No blacklist hit (old or new),YES
THS-SN-2.3,THS,SN,COMEX锡期货收盘价（美元/吨）,THS模板无zhiji_id，需后续匹配,,NONE,NONE,INFO,INFO,UNCHANGED,No blacklist hit (old or new),YES
THS-SN-2.3,THS,SN,LME锡现货现金价（美元/吨）,THS模板无zhiji_id，需后续匹配,,NONE,NONE,INFO,INFO,UNCHANGED,No blacklist hit (old or new),YES
THS-SN-2.3,THS,SN,LME锡仓单注册量（吨）,THS模板无zhiji_id，需后续匹配,,NONE,NONE,INFO,INFO,UNCHANGED,No blacklist hit (old or new),YES
THS-SN-2.3,THS,SN,LME锡库存（吨）,THS模板无zhiji_id，需后续匹配,,NONE,NONE,INFO,INFO,UNCHANGED,No blacklist hit (old or new),YES
THS-SN-2.3,THS,SN,沪伦比（%）,THS模板无zhiji_id，需后续匹配,,NONE,NONE,INFO,INFO,UNCHANGED,No blacklist hit (old or new),YES
THS-SN-2.3,THS,SN,进口盈亏（元/吨）,THS模板无zhiji_id，需后续匹配,,NONE,NONE,INFO,INFO,UNCHANGED,No blacklist hit (old or new),YES
THS-SN-2.3,THS,SN,近3年同月收盘价均值（美元/吨）,THS模板无zhiji_id，需后续匹配,,NONE,NONE,INFO,INFO,UNCHANGED,No blacklist hit (old or new),YES
THS-SN-2.3,THS,SN,近3年同月收盘价标准差（美元/吨）,THS模板无zhiji_id，需后续匹配,,NONE,NONE,INFO,INFO,UNCHANGED,No blacklist hit (old or new),YES
THS-SN-2.3,THS,SN,近3年同月库存均值（吨）,THS模板无zhiji_id，需后续匹配,,NONE,NONE,INFO,INFO,UNCHANGED,No blacklist hit (old or new),YES
THS-SN-2.3,THS,SN,近3年同月库存标准差（吨）,THS模板无zhiji_id，需后续匹配,,NONE,NONE,INFO,INFO,UNCHANGED,No blacklist hit (old or new),YES
THS-SN-2.3,THS,SN,LME锡期货收盘价时序图,THS模板无zhiji_id，需后续匹配,,NONE,NONE,INFO,INFO,UNCHANGED,No blacklist hit (old or new),YES
THS-SN-2.3,THS,SN,LME锡库存时序图,THS模板无zhiji_id，需后续匹配,,NONE,NONE,INFO,INFO,UNCHANGED,No blacklist hit (old or new),YES
THS-SN-2.3,THS,SN,LME锡注销仓单占比时序图,THS模板无zhiji_id，需后续匹配,,NONE,NONE,INFO,INFO,UNCHANGED,No blacklist hit (old or new),YES
THS-SN-2.3,THS,SN,LME锡现货结算价时序图,THS模板无zhiji_id，需后续匹配,,NONE,NONE,INFO,INFO,UNCHANGED,No blacklist hit (old or new),YES
THS-SN-2.3,THS,SN,LME锡现货现金价时序图,THS模板无zhiji_id，需后续匹配,,NONE,NONE,INFO,INFO,UNCHANGED,No blacklist hit (old or new),YES
THS-SN-2.4,THS,SN,沪锡月差（元/吨）,THS模板无zhiji_id，需后续匹配,,NONE,NONE,INFO,INFO,UNCHANGED,No blacklist hit (old or new),NO
THS-SN-2.4,THS,SN,沪锡主力合约收盘价（元/吨）,THS模板无zhiji_id，需后续匹配,,NONE,NONE,INFO,INFO,UNCHANGED,No blacklist hit (old or new),NO
THS-SN-2.4,THS,SN,LME锡月差（美元/吨）,THS模板无zhiji_id，需后续匹配,,NONE,NONE,INFO,INFO,UNCHANGED,No blacklist hit (old or new),NO
THS-SN-2.4,THS,SN,LME锡期货收盘价（美元/吨）,THS模板无zhiji_id，需后续匹配,,NONE,NONE,INFO,INFO,UNCHANGED,No blacklist hit (old or new),NO
THS-SN-2.4,THS,SN,沪锡期限结构（元/吨）,THS模板无zhiji_id，需后续匹配,,NONE,NONE,INFO,INFO,UNCHANGED,No blacklist hit (old or new),NO
THS-SN-2.4,THS,SN,LME锡期限结构（美元/吨）,THS模板无zhiji_id，需后续匹配,,NONE,NONE,INFO,INFO,UNCHANGED,No blacklist hit (old or new),NO
THS-SN-2.4,THS,SN,沪锡近远月价差（元/吨）,THS模板无zhiji_id，需后续匹配,,NONE,NONE,INFO,INFO,UNCHANGED,No blacklist hit (old or new),NO
THS-SN-2.4,THS,SN,LME锡近远月价差（美元/吨）,THS模板无zhiji_id，需后续匹配,,NONE,NONE,INFO,INFO,UNCHANGED,No blacklist hit (old or new),NO
THS-SN-2.4,THS,SN,近3年同月月差均值（元/吨）,THS模板无zhiji_id，需后续匹配,,NONE,NONE,INFO,INFO,UNCHANGED,No blacklist hit (old or new),NO
THS-SN-2.4,THS,SN,近3年同月月差标准差（元/吨）,THS模板无zhiji_id，需后续匹配,,NONE,NONE,INFO,INFO,UNCHANGED,No blacklist hit (old or new),NO
THS-SN-2.4,THS,SN,近3年同月月差均值（美元/吨）,THS模板无zhiji_id，需后续匹配,,NONE,NONE,INFO,INFO,UNCHANGED,No blacklist hit (old or new),NO
THS-SN-2.4,THS,SN,近3年同月月差标准差（美元/吨）,THS模板无zhiji_id，需后续匹配,,NONE,NONE,INFO,INFO,UNCHANGED,No blacklist hit (old or new),NO
THS-SN-2.4,THS,SN,沪锡月差时序图,THS模板无zhiji_id，需后续匹配,,NONE,NONE,INFO,INFO,UNCHANGED,No blacklist hit (old or new),NO
THS-SN-2.4,THS,SN,LME锡月差时序图,THS模板无zhiji_id，需后续匹配,,NONE,NONE,INFO,INFO,UNCHANGED,No blacklist hit (old or new),NO
THS-SN-2.4,THS,SN,沪锡期限结构时序图,THS模板无zhiji_id，需后续匹配,,NONE,NONE,INFO,INFO,UNCHANGED,No blacklist hit (old or new),NO
THS-SN-2.4,THS,SN,LME锡期限结构时序图,THS模板无zhiji_id，需后续匹配,,NONE,NONE,INFO,INFO,UNCHANGED,No blacklist hit (old or new),NO
THS-SN-2.4,THS,SN,沪锡近远月价差时序图,THS模板无zhiji_id，需后续匹配,,NONE,NONE,INFO,INFO,UNCHANGED,No blacklist hit (old or new),NO
THS-SN-2.5,THS,SN,沪锡估值分位（%）,THS模板无zhiji_id，需后续匹配,,NONE,NONE,INFO,INFO,UNCHANGED,No blacklist hit (old or new),NO
THS-SN-2.5,THS,SN,沪锡主力合约收盘价（元/吨）,THS模板无zhiji_id，需后续匹配,,NONE,NONE,INFO,INFO,UNCHANGED,No blacklist hit (old or new),NO
THS-SN-2.5,THS,SN,LME锡估值分位（%）,THS模板无zhiji_id，需后续匹配,,NONE,NONE,INFO,INFO,UNCHANGED,No blacklist hit (old or new),NO
THS-SN-2.5,THS,SN,LME锡期货收盘价（美元/吨）,THS模板无zhiji_id，需后续匹配,,NONE,NONE,INFO,INFO,UNCHANGED,No blacklist hit (old or new),NO
THS-SN-2.5,THS,SN,锡锭冶炼利润（元/吨）,THS模板无zhiji_id，需后续匹配,,NONE,NONE,INFO,INFO,UNCHANGED,No blacklist hit (old or new),NO
THS-SN-2.5,THS,SN,锡锭现货价格（元/吨）,THS模板无zhiji_id，需后续匹配,,NONE,NONE,INFO,INFO,UNCHANGED,No blacklist hit (old or new),NO
THS-SN-2.5,THS,SN,锡精矿冶炼利润（元/吨）,THS模板无zhiji_id，需后续匹配,,NONE,NONE,INFO,INFO,UNCHANGED,No blacklist hit (old or new),NO
THS-SN-2.5,THS,SN,锡精矿价格（元/吨）,THS模板无zhiji_id，需后续匹配,,NONE,NONE,INFO,INFO,UNCHANGED,No blacklist hit (old or new),NO
THS-SN-2.5,THS,SN,再生锡冶炼利润（元/吨）,THS模板无zhiji_id，需后续匹配,,NONE,NONE,INFO,INFO,UNCHANGED,No blacklist hit (old or new),NO
THS-SN-2.5,THS,SN,再生锡价格（元/吨）,THS模板无zhiji_id，需后续匹配,,NONE,NONE,INFO,INFO,UNCHANGED,No blacklist hit (old or new),NO
THS-SN-2.5,THS,SN,焊锡冶炼利润（元/吨）,THS模板无zhiji_id，需后续匹配,,NONE,NONE,INFO,INFO,UNCHANGED,No blacklist hit (old or new),NO
THS-SN-2.5,THS,SN,焊锡价格（元/吨）,THS模板无zhiji_id，需后续匹配,,NONE,NONE,INFO,INFO,UNCHANGED,No blacklist hit (old or new),NO
THS-SN-2.5,THS,SN,近3年同月冶炼利润均值（元/吨）,THS模板无zhiji_id，需后续匹配,,NONE,NONE,INFO,INFO,UNCHANGED,No blacklist hit (old or new),NO
THS-SN-2.5,THS,SN,近3年同月冶炼利润标准差（元/吨）,THS模板无zhiji_id，需后续匹配,,NONE,NONE,INFO,INFO,UNCHANGED,No blacklist hit (old or new),NO
THS-SN-2.5,THS,SN,近3年同月估值分位均值（%）,THS模板无zhiji_id，需后续匹配,,NONE,NONE,INFO,INFO,UNCHANGED,No blacklist hit (old or new),NO
THS-SN-2.5,THS,SN,近3年同月估值分位标准差（%）,THS模板无zhiji_id，需后续匹配,,NONE,NONE,INFO,INFO,UNCHANGED,No blacklist hit (old or new),NO
THS-SN-2.5,THS,SN,锡锭冶炼利润时序图,THS模板无zhiji_id，需后续匹配,,NONE,NONE,INFO,INFO,UNCHANGED,No blacklist hit (old or new),NO
THS-SN-2.5,THS,SN,锡精矿冶炼利润时序图,THS模板无zhiji_id，需后续匹配,,NONE,NONE,INFO,INFO,UNCHANGED,No blacklist hit (old or new),NO
THS-SN-2.5,THS,SN,再生锡冶炼利润时序图,THS模板无zhiji_id，需后续匹配,,NONE,NONE,INFO,INFO,UNCHANGED,No blacklist hit (old or new),NO
THS-SN-2.5,THS,SN,锡精矿加工费时序图,THS模板无zhiji_id，需后续匹配,,NONE,NONE,INFO,INFO,UNCHANGED,No blacklist hit (old or new),NO
THS-SN-2.5,THS,SN,沪锡主力合约收盘价时序图,THS模板无zhiji_id，需后续匹配,,NONE,NONE,INFO,INFO,UNCHANGED,No blacklist hit (old or new),NO
THS-SN-2.6,THS,SN,多头前20持仓量（手）,THS模板无zhiji_id，需后续匹配,,NONE,NONE,INFO,INFO,UNCHANGED,No blacklist hit (old or new),NO
THS-SN-2.6,THS,SN,空头前20持仓量（手）,THS模板无zhiji_id，需后续匹配,,NONE,NONE,INFO,INFO,UNCHANGED,No blacklist hit (old or new),NO
THS-SN-2.6,THS,SN,多头前20持仓占比（%）,THS模板无zhiji_id，需后续匹配,,NONE,NONE,INFO,INFO,UNCHANGED,No blacklist hit (old or new),NO
THS-SN-2.6,THS,SN,空头前20持仓占比（%）,THS模板无zhiji_id，需后续匹配,,NONE,NONE,INFO,INFO,UNCHANGED,No blacklist hit (old or new),NO
THS-SN-2.6,THS,SN,多空持仓比（%）,THS模板无zhiji_id，需后续匹配,,NONE,NONE,INFO,INFO,UNCHANGED,No blacklist hit (old or new),NO
THS-SN-2.6,THS,SN,沪锡主力合约收盘价（元/吨）,THS模板无zhiji_id，需后续匹配,,NONE,NONE,INFO,INFO,UNCHANGED,No blacklist hit (old or new),NO
THS-SN-2.6,THS,SN,多头前20净持仓（手）,THS模板无zhiji_id，需后续匹配,,NONE,NONE,INFO,INFO,UNCHANGED,No blacklist hit (old or new),NO
THS-SN-2.6,THS,SN,空头前20净持仓（手）,THS模板无zhiji_id，需后续匹配,,NONE,NONE,INFO,INFO,UNCHANGED,No blacklist hit (old or new),NO
THS-SN-2.6,THS,SN,前20总持仓量（手）,THS模板无zhiji_id，需后续匹配,,NONE,NONE,INFO,INFO,UNCHANGED,No blacklist hit (old or new),NO
THS-SN-2.6,THS,SN,近3年同月多空持仓比均值（%）,THS模板无zhiji_id，需后续匹配,,NONE,NONE,INFO,INFO,UNCHANGED,No blacklist hit (old or new),NO
THS-SN-2.6,THS,SN,近3年同月多空持仓比标准差（%）,THS模板无zhiji_id，需后续匹配,,NONE,NONE,INFO,INFO,UNCHANGED,No blacklist hit (old or new),NO
THS-SN-2.6,THS,SN,近3年同月前20总持仓量均值（手）,THS模板无zhiji_id，需后续匹配,,NONE,NONE,INFO,INFO,UNCHANGED,No blacklist hit (old or new),NO
THS-SN-2.6,THS,SN,近3年同月前20总持仓量标准差（手）,THS模板无zhiji_id，需后续匹配,,NONE,NONE,INFO,INFO,UNCHANGED,No blacklist hit (old or new),NO
THS-SN-2.6,THS,SN,沪锡多头前20持仓量时序图,THS模板无zhiji_id，需后续匹配,,NONE,NONE,INFO,INFO,UNCHANGED,No blacklist hit (old or new),NO
THS-SN-2.6,THS,SN,沪锡空头前20持仓量时序图,THS模板无zhiji_id，需后续匹配,,NONE,NONE,INFO,INFO,UNCHANGED,No blacklist hit (old or new),NO
THS-SN-2.6,THS,SN,沪锡多空持仓比时序图,THS模板无zhiji_id，需后续匹配,,NONE,NONE,INFO,INFO,UNCHANGED,No blacklist hit (old or new),NO
THS-SN-2.6,THS,SN,沪锡前20净持仓时序图,THS模板无zhiji_id，需后续匹配,,NONE,NONE,INFO,INFO,UNCHANGED,No blacklist hit (old or new),NO
THS-SN-2.6,THS,SN,沪锡前20总持仓量时序图,THS模板无zhiji_id，需后续匹配,,NONE,NONE,INFO,INFO,UNCHANGED,No blacklist hit (old or new),NO
THS-SN-3.1.1,THS,SN,缅甸锡矿产量（万吨）,THS模板无zhiji_id，需后续匹配,,NONE,NONE,INFO,INFO,UNCHANGED,No blacklist hit (old or new),NO
THS-SN-3.1.1,THS,SN,海外锡精矿产量（万吨）,THS模板无zhiji_id，需后续匹配,,NONE,NONE,INFO,INFO,UNCHANGED,No blacklist hit (old or new),NO
THS-SN-3.1.1,THS,SN,海外精炼锡产量（万吨）,THS模板无zhiji_id，需后续匹配,,NONE,NONE,INFO,INFO,UNCHANGED,No blacklist hit (old or new),NO
THS-SN-3.1.1,THS,SN,海外锡矿开工率（%）,THS模板无zhiji_id，需后续匹配,,NONE,NONE,INFO,INFO,UNCHANGED,No blacklist hit (old or new),NO
THS-SN-3.1.1,THS,SN,海外锡矿产量（万吨）,THS模板无zhiji_id，需后续匹配,,NONE,NONE,INFO,INFO,UNCHANGED,No blacklist hit (old or new),NO
THS-SN-3.1.1,THS,SN,海外锡矿产能利用率（%）,THS模板无zhiji_id，需后续匹配,,NONE,NONE,INFO,INFO,UNCHANGED,No blacklist hit (old or new),NO
THS-SN-3.1.1,THS,SN,海外锡矿加工费TC（美元/吨）,THS模板无zhiji_id，需后续匹配,,NONE,NONE,INFO,INFO,UNCHANGED,No blacklist hit (old or new),NO
THS-SN-3.1.1,THS,SN,海外锡矿进口量（万吨）,THS模板无zhiji_id，需后续匹配,,NONE,NONE,INFO,INFO,UNCHANGED,No blacklist hit (old or new),NO
THS-SN-3.1.1,THS,SN,近3年同季产量均值（万吨）,THS模板无zhiji_id，需后续匹配,,NONE,NONE,INFO,INFO,UNCHANGED,No blacklist hit (old or new),NO
THS-SN-3.1.1,THS,SN,近3年同季产量标准差（万吨）,THS模板无zhiji_id，需后续匹配,,NONE,NONE,INFO,INFO,UNCHANGED,No blacklist hit (old or new),NO
THS-SN-3.1.1,THS,SN,缅甸锡矿产量时序图,THS模板无zhiji_id，需后续匹配,,NONE,NONE,INFO,INFO,UNCHANGED,No blacklist hit (old or new),NO
THS-SN-3.1.1,THS,SN,海外锡精矿产量时序图,THS模板无zhiji_id，需后续匹配,,NONE,NONE,INFO,INFO,UNCHANGED,No blacklist hit (old or new),NO
THS-SN-3.1.1,THS,SN,海外精炼锡产量时序图,THS模板无zhiji_id，需后续匹配,,NONE,NONE,INFO,INFO,UNCHANGED,No blacklist hit (old or new),NO
THS-SN-3.1.1,THS,SN,海外锡矿开工率时序图,THS模板无zhiji_id，需后续匹配,,NONE,NONE,INFO,INFO,UNCHANGED,No blacklist hit (old or new),NO
THS-SN-3.1.1,THS,SN,海外锡矿产能利用率时序图,THS模板无zhiji_id，需后续匹配,,NONE,NONE,INFO,INFO,UNCHANGED,No blacklist hit (old or new),NO
THS-SN-3.1.2,THS,SN,缅甸锡矿产量（万吨）,THS模板无zhiji_id，需后续匹配,,NONE,NONE,INFO,INFO,UNCHANGED,No blacklist hit (old or new),YES
THS-SN-3.1.2,THS,SN,海外锡精矿产量（万吨）,THS模板无zhiji_id，需后续匹配,,NONE,NONE,INFO,INFO,UNCHANGED,No blacklist hit (old or new),YES
THS-SN-3.1.2,THS,SN,印尼锡精矿产量（万吨）,THS模板无zhiji_id，需后续匹配,,NONE,NONE,INFO,INFO,UNCHANGED,No blacklist hit (old or new),YES
THS-SN-3.1.2,THS,SN,俄罗斯锡精矿产量（万吨）,THS模板无zhiji_id，需后续匹配,,NONE,NONE,INFO,INFO,UNCHANGED,No blacklist hit (old or new),YES
THS-SN-3.1.2,THS,SN,澳大利亚锡精矿产量（万吨）,THS模板无zhiji_id，需后续匹配,,NONE,NONE,INFO,INFO,UNCHANGED,No blacklist hit (old or new),YES
THS-SN-3.1.2,THS,SN,缅甸锡精矿产量占比（%）,THS模板无zhiji_id，需后续匹配,,NONE,NONE,INFO,INFO,UNCHANGED,No blacklist hit (old or new),YES
THS-SN-3.1.2,THS,SN,印尼锡精矿产量占比（%）,THS模板无zhiji_id，需后续匹配,,NONE,NONE,INFO,INFO,UNCHANGED,No blacklist hit (old or new),YES
THS-SN-3.1.2,THS,SN,俄罗斯锡精矿产量占比（%）,THS模板无zhiji_id，需后续匹配,,NONE,NONE,INFO,INFO,UNCHANGED,No blacklist hit (old or new),YES
THS-SN-3.1.2,THS,SN,近3年同月产量均值（万吨）,THS模板无zhiji_id，需后续匹配,,NONE,NONE,INFO,INFO,UNCHANGED,No blacklist hit (old or new),YES
THS-SN-3.1.2,THS,SN,近3年同月产量标准差（万吨）,THS模板无zhiji_id，需后续匹配,,NONE,NONE,INFO,INFO,UNCHANGED,No blacklist hit (old or new),YES
THS-SN-3.1.2,THS,SN,海外锡精矿产量总量（万吨）,THS模板无zhiji_id，需后续匹配,,NONE,NONE,INFO,INFO,UNCHANGED,No blacklist hit (old or new),YES
THS-SN-3.1.2,THS,SN,缅甸锡精矿产量（万吨）,THS模板无zhiji_id，需后续匹配,,NONE,NONE,INFO,INFO,UNCHANGED,No blacklist hit (old or new),YES
THS-SN-3.1.2,THS,SN,缅甸锡精矿产量时序图,THS模板无zhiji_id，需后续匹配,,NONE,NONE,INFO,INFO,UNCHANGED,No blacklist hit (old or new),YES
THS-SN-3.1.2,THS,SN,印尼锡精矿产量时序图,THS模板无zhiji_id，需后续匹配,,NONE,NONE,INFO,INFO,UNCHANGED,No blacklist hit (old or new),YES
THS-SN-3.1.2,THS,SN,俄罗斯锡精矿产量时序图,THS模板无zhiji_id，需后续匹配,,NONE,NONE,INFO,INFO,UNCHANGED,No blacklist hit (old or new),YES
THS-SN-3.1.2,THS,SN,澳大利亚锡精矿产量时序图,THS模板无zhiji_id，需后续匹配,,NONE,NONE,INFO,INFO,UNCHANGED,No blacklist hit (old or new),YES
THS-SN-3.1.2,THS,SN,分国别锡精矿产量结构占比时序图,THS模板无zhiji_id，需后续匹配,,NONE,NONE,INFO,INFO,UNCHANGED,No blacklist hit (old or new),YES
THS-SN-3.1.3,THS,SN,国内锡精矿产量（万吨）,THS模板无zhiji_id，需后续匹配,,NONE,NONE,INFO,INFO,UNCHANGED,No blacklist hit (old or new),NO
THS-SN-3.1.3,THS,SN,国内锡矿产量（万吨）,THS模板无zhiji_id，需后续匹配,,NONE,NONE,INFO,INFO,UNCHANGED,No blacklist hit (old or new),NO
THS-SN-3.1.3,THS,SN,国内锡矿开工率（%）,THS模板无zhiji_id，需后续匹配,,NONE,NONE,INFO,INFO,UNCHANGED,No blacklist hit (old or new),NO
THS-SN-3.1.3,THS,SN,国内锡矿产能利用率（%）,THS模板无zhiji_id，需后续匹配,,NONE,NONE,INFO,INFO,UNCHANGED,No blacklist hit (old or new),NO
THS-SN-3.1.3,THS,SN,国内锡矿加工费TC（美元/吨）,THS模板无zhiji_id，需后续匹配,,NONE,NONE,INFO,INFO,UNCHANGED,No blacklist hit (old or new),NO
THS-SN-3.1.3,THS,SN,国内锡矿进口量（万吨）,THS模板无zhiji_id，需后续匹配,,NONE,NONE,INFO,INFO,UNCHANGED,No blacklist hit (old or new),NO
THS-SN-3.1.3,THS,SN,国内锡矿检修量（万吨）,THS模板无zhiji_id，需后续匹配,,NONE,NONE,INFO,INFO,UNCHANGED,No blacklist hit (old or new),NO
THS-SN-3.1.3,THS,SN,近3年同月产量均值（万吨）,THS模板无zhiji_id，需后续匹配,,NONE,NONE,INFO,INFO,UNCHANGED,No blacklist hit (old or new),NO
THS-SN-3.1.3,THS,SN,近3年同月产量标准差（万吨）,THS模板无zhiji_id，需后续匹配,,NONE,NONE,INFO,INFO,UNCHANGED,No blacklist hit (old or new),NO
THS-SN-3.1.3,THS,SN,近3年同月加工费TC均值（美元/吨）,THS模板无zhiji_id，需后续匹配,,NONE,NONE,INFO,INFO,UNCHANGED,No blacklist hit (old or new),NO
THS-SN-3.1.3,THS,SN,近3年同月加工费TC标准差（美元/吨）,THS模板无zhiji_id，需后续匹配,,NONE,NONE,INFO,INFO,UNCHANGED,No blacklist hit (old or new),NO
THS-SN-3.1.3,THS,SN,国内锡精矿产量时序图,THS模板无zhiji_id，需后续匹配,,NONE,NONE,INFO,INFO,UNCHANGED,No blacklist hit (old or new),NO
THS-SN-3.1.3,THS,SN,国内锡矿开工率时序图,THS模板无zhiji_id，需后续匹配,,NONE,NONE,INFO,INFO,UNCHANGED,No blacklist hit (old or new),NO
THS-SN-3.1.3,THS,SN,国内锡矿产能利用率时序图,THS模板无zhiji_id，需后续匹配,,NONE,NONE,INFO,INFO,UNCHANGED,No blacklist hit (old or new),NO
THS-SN-3.1.3,THS,SN,国内锡矿检修量时序图,THS模板无zhiji_id，需后续匹配,,NONE,NONE,INFO,INFO,UNCHANGED,No blacklist hit (old or new),NO
THS-SN-3.1.3,THS,SN,国内锡矿社会库存时序图,THS模板无zhiji_id，需后续匹配,,NONE,NONE,INFO,INFO,UNCHANGED,No blacklist hit (old or new),NO
THS-SN-3.1.4,THS,SN,缅甸锡矿进口量（万吨）,THS模板无zhiji_id，需后续匹配,,NONE,NONE,INFO,INFO,UNCHANGED,No blacklist hit (old or new),NO
THS-SN-3.1.4,THS,SN,总进口量（万吨）,THS模板无zhiji_id，需后续匹配,,NONE,NONE,INFO,INFO,UNCHANGED,No blacklist hit (old or new),NO
THS-SN-3.1.4,THS,SN,印尼锡矿进口量（万吨）,THS模板无zhiji_id，需后续匹配,,NONE,NONE,INFO,INFO,UNCHANGED,No blacklist hit (old or new),NO
THS-SN-3.1.4,THS,SN,缅甸锡矿进口量占比（%）,THS模板无zhiji_id，需后续匹配,,NONE,NONE,INFO,INFO,UNCHANGED,No blacklist hit (old or new),NO
THS-SN-3.1.4,THS,SN,印尼锡矿进口量占比（%）,THS模板无zhiji_id，需后续匹配,,NONE,NONE,INFO,INFO,UNCHANGED,No blacklist hit (old or new),NO
THS-SN-3.1.4,THS,SN,俄罗斯锡矿进口量占比（%）,THS模板无zhiji_id，需后续匹配,,NONE,NONE,INFO,INFO,UNCHANGED,No blacklist hit (old or new),NO
THS-SN-3.1.4,THS,SN,俄罗斯锡矿进口量（万吨）,THS模板无zhiji_id，需后续匹配,,NONE,NONE,INFO,INFO,UNCHANGED,No blacklist hit (old or new),NO
THS-SN-3.1.4,THS,SN,澳大利亚锡矿进口量（万吨）,THS模板无zhiji_id，需后续匹配,,NONE,NONE,INFO,INFO,UNCHANGED,No blacklist hit (old or new),NO
THS-SN-3.1.4,THS,SN,锡矿总进口量（万吨）,THS模板无zhiji_id，需后续匹配,,NONE,NONE,INFO,INFO,UNCHANGED,No blacklist hit (old or new),NO
THS-SN-3.1.4,THS,SN,近3年同月进口量均值（万吨）,THS模板无zhiji_id，需后续匹配,,NONE,NONE,INFO,INFO,UNCHANGED,No blacklist hit (old or new),NO
THS-SN-3.1.4,THS,SN,近3年同月进口量标准差（万吨）,THS模板无zhiji_id，需后续匹配,,NONE,NONE,INFO,INFO,UNCHANGED,No blacklist hit (old or new),NO
THS-SN-3.1.4,THS,SN,近3年同月总进口量均值（万吨）,THS模板无zhiji_id，需后续匹配,,NONE,NONE,INFO,INFO,UNCHANGED,No blacklist hit (old or new),NO
THS-SN-3.1.4,THS,SN,近3年同月总进口量标准差（万吨）,THS模板无zhiji_id，需后续匹配,,NONE,NONE,INFO,INFO,UNCHANGED,No blacklist hit (old or new),NO
THS-SN-3.1.4,THS,SN,缅甸锡矿进口量时序图,THS模板无zhiji_id，需后续匹配,,NONE,NONE,INFO,INFO,UNCHANGED,No blacklist hit (old or new),NO
THS-SN-3.1.4,THS,SN,印尼锡矿进口量时序图,THS模板无zhiji_id，需后续匹配,,NONE,NONE,INFO,INFO,UNCHANGED,No blacklist hit (old or new),NO
THS-SN-3.1.4,THS,SN,俄罗斯锡矿进口量时序图,THS模板无zhiji_id，需后续匹配,,NONE,NONE,INFO,INFO,UNCHANGED,No blacklist hit (old or new),NO
THS-SN-3.1.4,THS,SN,锡矿总进口量时序图,THS模板无zhiji_id，需后续匹配,,NONE,NONE,INFO,INFO,UNCHANGED,No blacklist hit (old or new),NO
THS-SN-3.1.4,THS,SN,印尼锡矿出口量时序图,THS模板无zhiji_id，需后续匹配,,NONE,NONE,INFO,INFO,UNCHANGED,No blacklist hit (old or new),NO
THS-SN-3.1.5,THS,SN,国内锡矿加工费TC（美元/吨）,THS模板无zhiji_id，需后续匹配,,NONE,NONE,INFO,INFO,UNCHANGED,No blacklist hit (old or new),NO
THS-SN-3.1.5,THS,SN,国内锡精矿产量（万吨）,THS模板无zhiji_id，需后续匹配,,NONE,NONE,INFO,INFO,UNCHANGED,No blacklist hit (old or new),NO
THS-SN-3.1.5,THS,SN,海外锡矿加工费TC（美元/吨）,THS模板无zhiji_id，需后续匹配,,NONE,NONE,INFO,INFO,UNCHANGED,No blacklist hit (old or new),NO
THS-SN-3.1.5,THS,SN,海外锡精矿产量（万吨）,THS模板无zhiji_id，需后续匹配,,NONE,NONE,INFO,INFO,UNCHANGED,No blacklist hit (old or new),NO
THS-SN-3.1.5,THS,SN,缅甸锡矿加工费TC（美元/吨）,THS模板无zhiji_id，需后续匹配,,NONE,NONE,INFO,INFO,UNCHANGED,No blacklist hit (old or new),NO
THS-SN-3.1.5,THS,SN,印尼锡矿加工费TC（美元/吨）,THS模板无zhiji_id，需后续匹配,,NONE,NONE,INFO,INFO,UNCHANGED,No blacklist hit (old or new),NO
THS-SN-3.1.5,THS,SN,俄罗斯锡矿加工费TC（美元/吨）,THS模板无zhiji_id，需后续匹配,,NONE,NONE,INFO,INFO,UNCHANGED,No blacklist hit (old or new),NO
THS-SN-3.1.5,THS,SN,澳大利亚锡矿加工费TC（美元/吨）,THS模板无zhiji_id，需后续匹配,,NONE,NONE,INFO,INFO,UNCHANGED,No blacklist hit (old or new),NO
THS-SN-3.1.5,THS,SN,近3年同月加工费TC均值（美元/吨）,THS模板无zhiji_id，需后续匹配,,NONE,NONE,INFO,INFO,UNCHANGED,No blacklist hit (old or new),NO
THS-SN-3.1.5,THS,SN,近3年同月加工费TC标准差（美元/吨）,THS模板无zhiji_id，需后续匹配,,NONE,NONE,INFO,INFO,UNCHANGED,No blacklist hit (old or new),NO
THS-SN-3.1.5,THS,SN,锡矿加工费TC估值分位（%）,THS模板无zhiji_id，需后续匹配,,NONE,NONE,INFO,INFO,UNCHANGED,No blacklist hit (old or new),NO
THS-SN-3.1.5,THS,SN,缅甸锡矿进口量（万吨）,THS模板无zhiji_id，需后续匹配,,NONE,NONE,INFO,INFO,UNCHANGED,No blacklist hit (old or new),NO
THS-SN-3.1.5,THS,SN,国内锡矿加工费TC时序图,THS模板无zhiji_id，需后续匹配,,NONE,NONE,INFO,INFO,UNCHANGED,No blacklist hit (old or new),NO
THS-SN-3.1.5,THS,SN,海外锡矿加工费TC时序图,THS模板无zhiji_id，需后续匹配,,NONE,NONE,INFO,INFO,UNCHANGED,No blacklist hit (old or new),NO
THS-SN-3.1.5,THS,SN,分国别锡矿加工费TC时序图,THS模板无zhiji_id，需后续匹配,,NONE,NONE,INFO,INFO,UNCHANGED,No blacklist hit (old or new),NO
THS-SN-3.1.5,THS,SN,锡矿加工费TC分地区时序图,THS模板无zhiji_id，需后续匹配,,NONE,NONE,INFO,INFO,UNCHANGED,No blacklist hit (old or new),NO
THS-SN-3.1.5,THS,SN,缅甸锡矿加工费TC时序图,THS模板无zhiji_id，需后续匹配,,NONE,NONE,INFO,INFO,UNCHANGED,No blacklist hit (old or new),NO
THS-SN-3.2.1,THS,SN,国内精炼锡产量（万吨）,THS模板无zhiji_id，需后续匹配,,NONE,NONE,INFO,INFO,UNCHANGED,No blacklist hit (old or new),NO
THS-SN-3.2.1,THS,SN,国内锡精矿产量（万吨）,THS模板无zhiji_id，需后续匹配,,NONE,NONE,INFO,INFO,UNCHANGED,No blacklist hit (old or new),NO
THS-SN-3.2.1,THS,SN,海外精炼锡产量（万吨）,THS模板无zhiji_id，需后续匹配,,NONE,NONE,INFO,INFO,UNCHANGED,No blacklist hit (old or new),NO
THS-SN-3.2.1,THS,SN,海外锡精矿产量（万吨）,THS模板无zhiji_id，需后续匹配,,NONE,NONE,INFO,INFO,UNCHANGED,No blacklist hit (old or new),NO
THS-SN-3.2.1,THS,SN,国内精炼锡开工率（%）,THS模板无zhiji_id，需后续匹配,,NONE,NONE,INFO,INFO,UNCHANGED,No blacklist hit (old or new),NO
THS-SN-3.2.1,THS,SN,国内精炼锡产能利用率（%）,THS模板无zhiji_id，需后续匹配,,NONE,NONE,INFO,INFO,UNCHANGED,No blacklist hit (old or new),NO
THS-SN-3.2.1,THS,SN,国内精炼锡检修量（万吨）,THS模板无zhiji_id，需后续匹配,,NONE,NONE,INFO,INFO,UNCHANGED,No blacklist hit (old or new),NO
THS-SN-3.2.1,THS,SN,国内精炼锡进口量（万吨）,THS模板无zhiji_id，需后续匹配,,NONE,NONE,INFO,INFO,UNCHANGED,No blacklist hit (old or new),NO
THS-SN-3.2.1,THS,SN,近3年同月产量均值（万吨）,THS模板无zhiji_id，需后续匹配,,NONE,NONE,INFO,INFO,UNCHANGED,No blacklist hit (old or new),NO
THS-SN-3.2.1,THS,SN,近3年同月产量标准差（万吨）,THS模板无zhiji_id，需后续匹配,,NONE,NONE,INFO,INFO,UNCHANGED,No blacklist hit (old or new),NO
THS-SN-3.2.1,THS,SN,近3年同月开工率均值（%）,THS模板无zhiji_id，需后续匹配,,NONE,NONE,INFO,INFO,UNCHANGED,No blacklist hit (old or new),NO
THS-SN-3.2.1,THS,SN,近3年同月开工率标准差（%）,THS模板无zhiji_id，需后续匹配,,NONE,NONE,INFO,INFO,UNCHANGED,No blacklist hit (old or new),NO
THS-SN-3.2.1,THS,SN,国内精炼锡产量时序图,THS模板无zhiji_id，需后续匹配,,NONE,NONE,INFO,INFO,UNCHANGED,No blacklist hit (old or new),NO
THS-SN-3.2.1,THS,SN,海外精炼锡产量时序图,THS模板无zhiji_id，需后续匹配,,NONE,NONE,INFO,INFO,UNCHANGED,No blacklist hit (old or new),NO
THS-SN-3.2.1,THS,SN,国内精炼锡开工率时序图,THS模板无zhiji_id，需后续匹配,,NONE,NONE,INFO,INFO,UNCHANGED,No blacklist hit (old or new),NO
THS-SN-3.2.1,THS,SN,国内精炼锡产能利用率时序图,THS模板无zhiji_id，需后续匹配,,NONE,NONE,INFO,INFO,UNCHANGED,No blacklist hit (old or new),NO
THS-SN-3.2.1,THS,SN,国内精炼锡社会库存时序图,THS模板无zhiji_id，需后续匹配,,NONE,NONE,INFO,INFO,UNCHANGED,No blacklist hit (old or new),NO
THS-SN-3.2.2,THS,SN,国内精炼锡开工率（%）,THS模板无zhiji_id，需后续匹配,,NONE,NONE,INFO,INFO,UNCHANGED,No blacklist hit (old or new),NO
THS-SN-3.2.2,THS,SN,国内精炼锡检修量（万吨）,THS模板无zhiji_id，需后续匹配,,NONE,NONE,INFO,INFO,UNCHANGED,No blacklist hit (old or new),NO
THS-SN-3.2.2,THS,SN,国内精炼锡产能利用率（%）,THS模板无zhiji_id，需后续匹配,,NONE,NONE,INFO,INFO,UNCHANGED,No blacklist hit (old or new),NO
THS-SN-3.2.2,THS,SN,国内精炼锡开工天数（天）,THS模板无zhiji_id，需后续匹配,,NONE,NONE,INFO,INFO,UNCHANGED,No blacklist hit (old or new),NO
THS-SN-3.2.2,THS,SN,海外精炼锡开工率（%）,THS模板无zhiji_id，需后续匹配,,NONE,NONE,INFO,INFO,UNCHANGED,No blacklist hit (old or new),NO
THS-SN-3.2.2,THS,SN,海外精炼锡检修量（万吨）,THS模板无zhiji_id，需后续匹配,,NONE,NONE,INFO,INFO,UNCHANGED,No blacklist hit (old or new),NO
THS-SN-3.2.2,THS,SN,国内精炼锡产能（万吨）,THS模板无zhiji_id，需后续匹配,,NONE,NONE,INFO,INFO,UNCHANGED,No blacklist hit (old or new),NO
THS-SN-3.2.2,THS,SN,近3年同月开工率均值（%）,THS模板无zhiji_id，需后续匹配,,NONE,NONE,INFO,INFO,UNCHANGED,No blacklist hit (old or new),NO
THS-SN-3.2.2,THS,SN,近3年同月开工率标准差（%）,THS模板无zhiji_id，需后续匹配,,NONE,NONE,INFO,INFO,UNCHANGED,No blacklist hit (old or new),NO
THS-SN-3.2.2,THS,SN,近3年同月检修量均值（万吨）,THS模板无zhiji_id，需后续匹配,,NONE,NONE,INFO,INFO,UNCHANGED,No blacklist hit (old or new),NO
THS-SN-3.2.2,THS,SN,近3年同月检修量标准差（万吨）,THS模板无zhiji_id，需后续匹配,,NONE,NONE,INFO,INFO,UNCHANGED,No blacklist hit (old or new),NO
THS-SN-3.2.2,THS,SN,缅甸精炼锡开工率（%）,THS模板无zhiji_id，需后续匹配,,NONE,NONE,INFO,INFO,UNCHANGED,No blacklist hit (old or new),NO
THS-SN-3.2.2,THS,SN,印尼精炼锡开工率（%）,THS模板无zhiji_id，需后续匹配,,NONE,NONE,INFO,INFO,UNCHANGED,No blacklist hit (old or new),NO
THS-SN-3.2.2,THS,SN,俄罗斯精炼锡开工率（%）,THS模板无zhiji_id，需后续匹配,,NONE,NONE,INFO,INFO,UNCHANGED,No blacklist hit (old or new),NO
THS-SN-3.2.2,THS,SN,国内精炼锡检修量时序图,THS模板无zhiji_id，需后续匹配,,NONE,NONE,INFO,INFO,UNCHANGED,No blacklist hit (old or new),NO
THS-SN-3.2.2,THS,SN,海外精炼锡开工率时序图,THS模板无zhiji_id，需后续匹配,,NONE,NONE,INFO,INFO,UNCHANGED,No blacklist hit (old or new),NO
THS-SN-3.2.2,THS,SN,海外精炼锡检修量时序图,THS模板无zhiji_id，需后续匹配,,NONE,NONE,INFO,INFO,UNCHANGED,No blacklist hit (old or new),NO
THS-SN-3.2.2,THS,SN,国内精炼锡开工天数时序图,THS模板无zhiji_id，需后续匹配,,NONE,NONE,INFO,INFO,UNCHANGED,No blacklist hit (old or new),NO
THS-SN-3.2.2,THS,SN,国内精炼锡产能时序图,THS模板无zhiji_id，需后续匹配,,NONE,NONE,INFO,INFO,UNCHANGED,No blacklist hit (old or new),NO
THS-SN-3.2.3,THS,SN,再生锡产量（万吨）,THS模板无zhiji_id，需后续匹配,,NONE,NONE,INFO,INFO,UNCHANGED,No blacklist hit (old or new),NO
THS-SN-3.2.3,THS,SN,再生锡进口量（万吨）,THS模板无zhiji_id，需后续匹配,,NONE,NONE,INFO,INFO,UNCHANGED,No blacklist hit (old or new),NO
THS-SN-3.2.3,THS,SN,再生锡开工率（%）,THS模板无zhiji_id，需后续匹配,,NONE,NONE,INFO,INFO,UNCHANGED,No blacklist hit (old or new),NO
THS-SN-3.2.3,THS,SN,再生锡检修量（万吨）,THS模板无zhiji_id，需后续匹配,,NONE,NONE,INFO,INFO,UNCHANGED,No blacklist hit (old or new),NO
THS-SN-3.2.3,THS,SN,再生锡产能利用率（%）,THS模板无zhiji_id，需后续匹配,,NONE,NONE,INFO,INFO,UNCHANGED,No blacklist hit (old or new),NO
THS-SN-3.2.3,THS,SN,再生锡开工天数（天）,THS模板无zhiji_id，需后续匹配,,NONE,NONE,INFO,INFO,UNCHANGED,No blacklist hit (old or new),NO
THS-SN-3.2.3,THS,SN,缅甸再生锡产能（万吨）,THS模板无zhiji_id，需后续匹配,,NONE,NONE,INFO,INFO,UNCHANGED,No blacklist hit (old or new),NO
THS-SN-3.2.3,THS,SN,印尼再生锡产能（万吨）,THS模板无zhiji_id，需后续匹配,,NONE,NONE,INFO,INFO,UNCHANGED,No blacklist hit (old or new),NO
THS-SN-3.2.3,THS,SN,国内再生锡产能（万吨）,THS模板无zhiji_id，需后续匹配,,NONE,NONE,INFO,INFO,UNCHANGED,No blacklist hit (old or new),NO
THS-SN-3.2.3,THS,SN,近3年同月产量均值（万吨）,THS模板无zhiji_id，需后续匹配,,NONE,NONE,INFO,INFO,UNCHANGED,No blacklist hit (old or new),NO
THS-SN-3.2.3,THS,SN,近3年同月产量标准差（万吨）,THS模板无zhiji_id，需后续匹配,,NONE,NONE,INFO,INFO,UNCHANGED,No blacklist hit (old or new),NO
THS-SN-3.2.3,THS,SN,近3年同月开工率均值（%）,THS模板无zhiji_id，需后续匹配,,NONE,NONE,INFO,INFO,UNCHANGED,No blacklist hit (old or new),NO
THS-SN-3.2.3,THS,SN,近3年同月开工率标准差（%）,THS模板无zhiji_id，需后续匹配,,NONE,NONE,INFO,INFO,UNCHANGED,No blacklist hit (old or new),NO
THS-SN-3.2.3,THS,SN,近3年同月进口量均值（万吨）,THS模板无zhiji_id，需后续匹配,,NONE,NONE,INFO,INFO,UNCHANGED,No blacklist hit (old or new),NO
THS-SN-3.2.3,THS,SN,近3年同月进口量标准差（万吨）,THS模板无zhiji_id，需后续匹配,,NONE,NONE,INFO,INFO,UNCHANGED,No blacklist hit (old or new),NO
THS-SN-3.2.3,THS,SN,缅甸再生锡产量（万吨）,THS模板无zhiji_id，需后续匹配,,NONE,NONE,INFO,INFO,UNCHANGED,No blacklist hit (old or new),NO
THS-SN-3.2.3,THS,SN,印尼再生锡产量（万吨）,THS模板无zhiji_id，需后续匹配,,NONE,NONE,INFO,INFO,UNCHANGED,No blacklist hit (old or new),NO
THS-SN-3.2.3,THS,SN,国内再生锡产量（万吨）,THS模板无zhiji_id，需后续匹配,,NONE,NONE,INFO,INFO,UNCHANGED,No blacklist hit (old or new),NO
THS-SN-3.2.3,THS,SN,再生锡产量时序图,THS模板无zhiji_id，需后续匹配,,NONE,NONE,INFO,INFO,UNCHANGED,No blacklist hit (old or new),NO
THS-SN-3.2.3,THS,SN,再生锡进口量时序图,THS模板无zhiji_id，需后续匹配,,NONE,NONE,INFO,INFO,UNCHANGED,No blacklist hit (old or new),NO
THS-SN-3.2.3,THS,SN,再生锡开工率时序图,THS模板无zhiji_id，需后续匹配,,NONE,NONE,INFO,INFO,UNCHANGED,No blacklist hit (old or new),NO
THS-SN-3.2.3,THS,SN,再生锡检修量时序图,THS模板无zhiji_id，需后续匹配,,NONE,NONE,INFO,INFO,UNCHANGED,No blacklist hit (old or new),NO
THS-SN-3.2.3,THS,SN,再生锡产能利用率时序图,THS模板无zhiji_id，需后续匹配,,NONE,NONE,INFO,INFO,UNCHANGED,No blacklist hit (old or new),NO
THS-SN-3.2.4,THS,SN,国内精炼锡冶炼利润（元/吨）,THS模板无zhiji_id，需后续匹配,,NONE,NONE,INFO,INFO,UNCHANGED,No blacklist hit (old or new),NO
THS-SN-3.2.4,THS,SN,国内精炼锡开工率（%）,THS模板无zhiji_id，需后续匹配,,NONE,NONE,INFO,INFO,UNCHANGED,No blacklist hit (old or new),NO
THS-SN-3.2.4,THS,SN,海外精炼锡冶炼利润（元/吨）,THS模板无zhiji_id，需后续匹配,,NONE,NONE,INFO,INFO,UNCHANGED,No blacklist hit (old or new),NO
THS-SN-3.2.4,THS,SN,海外精炼锡开工率（%）,THS模板无zhiji_id，需后续匹配,,NONE,NONE,INFO,INFO,UNCHANGED,No blacklist hit (old or new),NO
THS-SN-3.2.4,THS,SN,缅甸锡矿冶炼利润（元/吨）,THS模板无zhiji_id，需后续匹配,,NONE,NONE,INFO,INFO,UNCHANGED,No blacklist hit (old or new),NO
THS-SN-3.2.4,THS,SN,缅甸锡矿加工费TC（美元/吨）,THS模板无zhiji_id，需后续匹配,,NONE,NONE,INFO,INFO,UNCHANGED,No blacklist hit (old or new),NO
THS-SN-3.2.4,THS,SN,缅甸精炼锡冶炼利润（元/吨）,THS模板无zhiji_id，需后续匹配,,NONE,NONE,INFO,INFO,UNCHANGED,No blacklist hit (old or new),NO
THS-SN-3.2.4,THS,SN,印尼精炼锡冶炼利润（元/吨）,THS模板无zhiji_id，需后续匹配,,NONE,NONE,INFO,INFO,UNCHANGED,No blacklist hit (old or new),NO
THS-SN-3.2.4,THS,SN,近3年同月冶炼利润均值（元/吨）,THS模板无zhiji_id，需后续匹配,,NONE,NONE,INFO,INFO,UNCHANGED,No blacklist hit (old or new),NO
THS-SN-3.2.4,THS,SN,近3年同月冶炼利润标准差（元/吨）,THS模板无zhiji_id，需后续匹配,,NONE,NONE,INFO,INFO,UNCHANGED,No blacklist hit (old or new),NO
THS-SN-3.2.4,THS,SN,锡锭冶炼利润（元/吨）,THS模板无zhiji_id，需后续匹配,,NONE,NONE,INFO,INFO,UNCHANGED,No blacklist hit (old or new),NO
THS-SN-3.2.4,THS,SN,再生锡冶炼利润（元/吨）,THS模板无zhiji_id，需后续匹配,,NONE,NONE,INFO,INFO,UNCHANGED,No blacklist hit (old or new),NO
THS-SN-3.2.4,THS,SN,国内精炼锡冶炼利润估值分位（%）,THS模板无zhiji_id，需后续匹配,,NONE,NONE,INFO,INFO,UNCHANGED,No blacklist hit (old or new),NO
THS-SN-3.2.4,THS,SN,国内精炼锡冶炼利润时序图,THS模板无zhiji_id，需后续匹配,,NONE,NONE,INFO,INFO,UNCHANGED,No blacklist hit (old or new),NO
THS-SN-3.2.4,THS,SN,海外精炼锡冶炼利润时序图,THS模板无zhiji_id，需后续匹配,,NONE,NONE,INFO,INFO,UNCHANGED,No blacklist hit (old or new),NO
THS-SN-3.2.4,THS,SN,锡锭冶炼利润时序图,THS模板无zhiji_id，需后续匹配,,NONE,NONE,INFO,INFO,UNCHANGED,No blacklist hit (old or new),NO
THS-SN-3.2.4,THS,SN,再生锡冶炼利润时序图,THS模板无zhiji_id，需后续匹配,,NONE,NONE,INFO,INFO,UNCHANGED,No blacklist hit (old or new),NO
THS-SN-3.2.4,THS,SN,缅甸锡矿冶炼利润时序图,THS模板无zhiji_id，需后续匹配,,NONE,NONE,INFO,INFO,UNCHANGED,No blacklist hit (old or new),NO
THS-SN-4.1,THS,SN,沪锡交易所库存（手）,THS模板无zhiji_id，需后续匹配,,NONE,NONE,INFO,INFO,UNCHANGED,No blacklist hit (old or new),YES
THS-SN-4.1,THS,SN,LME锡交易所库存（手）,THS模板无zhiji_id，需后续匹配,,NONE,NONE,INFO,INFO,UNCHANGED,No blacklist hit (old or new),YES
THS-SN-4.1,THS,SN,沪锡仓单注册量（手）,THS模板无zhiji_id，需后续匹配,,NONE,NONE,INFO,INFO,UNCHANGED,No blacklist hit (old or new),YES
THS-SN-4.1,THS,SN,沪锡注销仓单量（手）,THS模板无zhiji_id，需后续匹配,,NONE,NONE,INFO,INFO,UNCHANGED,No blacklist hit (old or new),YES
THS-SN-4.1,THS,SN,沪锡主力合约收盘价（元/吨）,THS模板无zhiji_id，需后续匹配,,NONE,NONE,INFO,INFO,UNCHANGED,No blacklist hit (old or new),YES
THS-SN-4.1,THS,SN,沪锡仓单总量（手）,THS模板无zhiji_id，需后续匹配,,NONE,NONE,INFO,INFO,UNCHANGED,No blacklist hit (old or new),YES
THS-SN-4.1,THS,SN,近3年同月库存均值（手）,THS模板无zhiji_id，需后续匹配,,NONE,NONE,INFO,INFO,UNCHANGED,No blacklist hit (old or new),YES
THS-SN-4.1,THS,SN,近3年同月库存标准差（手）,THS模板无zhiji_id，需后续匹配,,NONE,NONE,INFO,INFO,UNCHANGED,No blacklist hit (old or new),YES
THS-SN-4.1,THS,SN,沪锡在途库存（手）,THS模板无zhiji_id，需后续匹配,,NONE,NONE,INFO,INFO,UNCHANGED,No blacklist hit (old or new),YES
THS-SN-4.1,THS,SN,沪锡隐性库存（手）,THS模板无zhiji_id，需后续匹配,,NONE,NONE,INFO,INFO,UNCHANGED,No blacklist hit (old or new),YES
THS-SN-4.1,THS,SN,沪锡库存天数（天）,THS模板无zhiji_id，需后续匹配,,NONE,NONE,INFO,INFO,UNCHANGED,No blacklist hit (old or new),YES
THS-SN-4.1,THS,SN,沪锡交易所库存时序图,THS模板无zhiji_id，需后续匹配,,NONE,NONE,INFO,INFO,UNCHANGED,No blacklist hit (old or new),YES
THS-SN-4.1,THS,SN,LME锡交易所库存时序图,THS模板无zhiji_id，需后续匹配,,NONE,NONE,INFO,INFO,UNCHANGED,No blacklist hit (old or new),YES
THS-SN-4.1,THS,SN,沪锡仓单注册量时序图,THS模板无zhiji_id，需后续匹配,,NONE,NONE,INFO,INFO,UNCHANGED,No blacklist hit (old or new),YES
THS-SN-4.1,THS,SN,沪锡仓单总量时序图,THS模板无zhiji_id，需后续匹配,,NONE,NONE,INFO,INFO,UNCHANGED,No blacklist hit (old or new),YES
THS-SN-4.1,THS,SN,沪锡仓单注册量与LME锡仓单总量时序图,THS模板无zhiji_id，需后续匹配,,NONE,NONE,INFO,INFO,UNCHANGED,No blacklist hit (old or new),YES
THS-SN-4.2,THS,SN,沪锡仓单总量（手）,THS模板无zhiji_id，需后续匹配,,NONE,NONE,INFO,INFO,UNCHANGED,No blacklist hit (old or new),NO
THS-SN-4.2,THS,SN,沪锡注销仓单量（手）,THS模板无zhiji_id，需后续匹配,,NONE,NONE,INFO,INFO,UNCHANGED,No blacklist hit (old or new),NO
THS-SN-4.2,THS,SN,沪锡注销占比（%）,THS模板无zhiji_id，需后续匹配,,NONE,NONE,INFO,INFO,UNCHANGED,No blacklist hit (old or new),NO
THS-SN-4.2,THS,SN,沪锡仓单注册量（手）,THS模板无zhiji_id，需后续匹配,,NONE,NONE,INFO,INFO,UNCHANGED,No blacklist hit (old or new),NO
THS-SN-4.2,THS,SN,LME锡仓单总量（手）,THS模板无zhiji_id，需后续匹配,,NONE,NONE,INFO,INFO,UNCHANGED,No blacklist hit (old or new),NO
THS-SN-4.2,THS,SN,沪锡在途仓单（手）,THS模板无zhiji_id，需后续匹配,,NONE,NONE,INFO,INFO,UNCHANGED,No blacklist hit (old or new),NO
THS-SN-4.2,THS,SN,沪锡隐性仓单（手）,THS模板无zhiji_id，需后续匹配,,NONE,NONE,INFO,INFO,UNCHANGED,No blacklist hit (old or new),NO
THS-SN-4.2,THS,SN,近3年同月仓单均值（手）,THS模板无zhiji_id，需后续匹配,,NONE,NONE,INFO,INFO,UNCHANGED,No blacklist hit (old or new),NO
THS-SN-4.2,THS,SN,近3年同月仓单标准差（手）,THS模板无zhiji_id，需后续匹配,,NONE,NONE,INFO,INFO,UNCHANGED,No blacklist hit (old or new),NO
THS-SN-4.2,THS,SN,沪锡主力合约收盘价（元/吨）,THS模板无zhiji_id，需后续匹配,,NONE,NONE,INFO,INFO,UNCHANGED,No blacklist hit (old or new),NO
THS-SN-4.2,THS,SN,沪锡注销仓单量时序图,THS模板无zhiji_id，需后续匹配,,NONE,NONE,INFO,INFO,UNCHANGED,No blacklist hit (old or new),NO
THS-SN-4.2,THS,SN,沪锡注销占比时序图,THS模板无zhiji_id，需后续匹配,,NONE,NONE,INFO,INFO,UNCHANGED,No blacklist hit (old or new),NO
THS-SN-4.2,THS,SN,LME锡注销仓单量时序图,THS模板无zhiji_id，需后续匹配,,NONE,NONE,INFO,INFO,UNCHANGED,No blacklist hit (old or new),NO
THS-SN-4.2,THS,SN,LME锡注销仓单占比时序图,THS模板无zhiji_id，需后续匹配,,NONE,NONE,INFO,INFO,UNCHANGED,No blacklist hit (old or new),NO
THS-SN-4.2,THS,SN,沪锡仓单总量时序图,THS模板无zhiji_id，需后续匹配,,NONE,NONE,INFO,INFO,UNCHANGED,No blacklist hit (old or new),NO
THS-SN-4.3,THS,SN,国内社会库存总量（万吨）,THS模板无zhiji_id，需后续匹配,,NONE,NONE,INFO,INFO,UNCHANGED,No blacklist hit (old or new),NO
THS-SN-4.3,THS,SN,厂内库存（万吨）,THS模板无zhiji_id，需后续匹配,,NONE,NONE,INFO,INFO,UNCHANGED,No blacklist hit (old or new),NO
THS-SN-4.3,THS,SN,缅甸社会库存占比（%）,THS模板无zhiji_id，需后续匹配,,NONE,NONE,INFO,INFO,UNCHANGED,No blacklist hit (old or new),NO
THS-SN-4.3,THS,SN,印尼社会库存占比（%）,THS模板无zhiji_id，需后续匹配,,NONE,NONE,INFO,INFO,UNCHANGED,No blacklist hit (old or new),NO
THS-SN-4.3,THS,SN,国内社会库存占比（%）,THS模板无zhiji_id，需后续匹配,,NONE,NONE,INFO,INFO,UNCHANGED,No blacklist hit (old or new),NO
THS-SN-4.3,THS,SN,在途库存（万吨）,THS模板无zhiji_id，需后续匹配,,NONE,NONE,INFO,INFO,UNCHANGED,No blacklist hit (old or new),NO
THS-SN-4.3,THS,SN,隐性库存（万吨）,THS模板无zhiji_id，需后续匹配,,NONE,NONE,INFO,INFO,UNCHANGED,No blacklist hit (old or new),NO
THS-SN-4.3,THS,SN,社会库存天数（天）,THS模板无zhiji_id，需后续匹配,,NONE,NONE,INFO,INFO,UNCHANGED,No blacklist hit (old or new),NO
THS-SN-4.3,THS,SN,注销占比（%）,THS模板无zhiji_id，需后续匹配,,NONE,NONE,INFO,INFO,UNCHANGED,No blacklist hit (old or new),NO
THS-SN-4.3,THS,SN,近3年同周库存均值（万吨）,THS模板无zhiji_id，需后续匹配,,NONE,NONE,INFO,INFO,UNCHANGED,No blacklist hit (old or new),NO
THS-SN-4.3,THS,SN,近3年同周库存标准差（万吨）,THS模板无zhiji_id，需后续匹配,,NONE,NONE,INFO,INFO,UNCHANGED,No blacklist hit (old or new),NO
THS-SN-4.3,THS,SN,沪锡主力合约收盘价（元/吨）,THS模板无zhiji_id，需后续匹配,,NONE,NONE,INFO,INFO,UNCHANGED,No blacklist hit (old or new),NO
THS-SN-4.3,THS,SN,缅甸社会库存（万吨）,THS模板无zhiji_id，需后续匹配,,NONE,NONE,INFO,INFO,UNCHANGED,No blacklist hit (old or new),NO
THS-SN-4.3,THS,SN,印尼社会库存（万吨）,THS模板无zhiji_id，需后续匹配,,NONE,NONE,INFO,INFO,UNCHANGED,No blacklist hit (old or new),NO
THS-SN-4.3,THS,SN,国内社会库存（万吨）,THS模板无zhiji_id，需后续匹配,,NONE,NONE,INFO,INFO,UNCHANGED,No blacklist hit (old or new),NO
THS-SN-4.3,THS,SN,国内社会库存总量时序图,THS模板无zhiji_id，需后续匹配,,NONE,NONE,INFO,INFO,UNCHANGED,No blacklist hit (old or new),NO
THS-SN-4.3,THS,SN,厂内库存时序图,THS模板无zhiji_id，需后续匹配,,NONE,NONE,INFO,INFO,UNCHANGED,No blacklist hit (old or new),NO
THS-SN-4.3,THS,SN,国内社会库存分地区时序图,THS模板无zhiji_id，需后续匹配,,NONE,NONE,INFO,INFO,UNCHANGED,No blacklist hit (old or new),NO
THS-SN-4.3,THS,SN,国内社会库存与沪锡主力合约收盘价时序图,THS模板无zhiji_id，需后续匹配,,NONE,NONE,INFO,INFO,UNCHANGED,No blacklist hit (old or new),NO
THS-SN-4.3,THS,SN,国内社会库存天数时序图,THS模板无zhiji_id，需后续匹配,,NONE,NONE,INFO,INFO,UNCHANGED,No blacklist hit (old or new),NO
THS-SN-4.4,THS,SN,国内工厂库存总量（万吨）,THS模板无zhiji_id，需后续匹配,,NONE,NONE,INFO,INFO,UNCHANGED,No blacklist hit (old or new),NO
THS-SN-4.4,THS,SN,厂内库存（万吨）,THS模板无zhiji_id，需后续匹配,,NONE,NONE,INFO,INFO,UNCHANGED,No blacklist hit (old or new),NO
THS-SN-4.4,THS,SN,缅甸厂内库存占比（%）,THS模板无zhiji_id，需后续匹配,,NONE,NONE,INFO,INFO,UNCHANGED,No blacklist hit (old or new),NO
THS-SN-4.4,THS,SN,印尼厂内库存占比（%）,THS模板无zhiji_id，需后续匹配,,NONE,NONE,INFO,INFO,UNCHANGED,No blacklist hit (old or new),NO
THS-SN-4.4,THS,SN,国内厂内库存占比（%）,THS模板无zhiji_id，需后续匹配,,NONE,NONE,INFO,INFO,UNCHANGED,No blacklist hit (old or new),NO
THS-SN-4.4,THS,SN,在途库存（万吨）,THS模板无zhiji_id，需后续匹配,,NONE,NONE,INFO,INFO,UNCHANGED,No blacklist hit (old or new),NO
THS-SN-4.4,THS,SN,隐性库存（万吨）,THS模板无zhiji_id，需后续匹配,,NONE,NONE,INFO,INFO,UNCHANGED,No blacklist hit (old or new),NO
THS-SN-4.4,THS,SN,工厂库存天数（天）,THS模板无zhiji_id，需后续匹配,,NONE,NONE,INFO,INFO,UNCHANGED,No blacklist hit (old or new),NO
THS-SN-4.4,THS,SN,注销占比（%）,THS模板无zhiji_id，需后续匹配,,NONE,NONE,INFO,INFO,UNCHANGED,No blacklist hit (old or new),NO
THS-SN-4.4,THS,SN,近3年同月库存均值（万吨）,THS模板无zhiji_id，需后续匹配,,NONE,NONE,INFO,INFO,UNCHANGED,No blacklist hit (old or new),NO
THS-SN-4.4,THS,SN,近3年同月库存标准差（万吨）,THS模板无zhiji_id，需后续匹配,,NONE,NONE,INFO,INFO,UNCHANGED,No blacklist hit (old or new),NO
THS-SN-4.4,THS,SN,沪锡主力合约收盘价（元/吨）,THS模板无zhiji_id，需后续匹配,,NONE,NONE,INFO,INFO,UNCHANGED,No blacklist hit (old or new),NO
THS-SN-4.4,THS,SN,缅甸厂内库存（万吨）,THS模板无zhiji_id，需后续匹配,,NONE,NONE,INFO,INFO,UNCHANGED,No blacklist hit (old or new),NO
THS-SN-4.4,THS,SN,印尼厂内库存（万吨）,THS模板无zhiji_id，需后续匹配,,NONE,NONE,INFO,INFO,UNCHANGED,No blacklist hit (old or new),NO
THS-SN-4.4,THS,SN,国内厂内库存（万吨）,THS模板无zhiji_id，需后续匹配,,NONE,NONE,INFO,INFO,UNCHANGED,No blacklist hit (old or new),NO
THS-SN-4.4,THS,SN,厂内库存时序图,THS模板无zhiji_id，需后续匹配,,NONE,NONE,INFO,INFO,UNCHANGED,No blacklist hit (old or new),NO
THS-SN-4.4,THS,SN,工厂库存总量与沪锡主力合约收盘价时序图,THS模板无zhiji_id，需后续匹配,,NONE,NONE,INFO,INFO,UNCHANGED,No blacklist hit (old or new),NO
THS-SN-4.4,THS,SN,工厂库存天数时序图,THS模板无zhiji_id，需后续匹配,,NONE,NONE,INFO,INFO,UNCHANGED,No blacklist hit (old or new),NO
THS-SN-4.5,THS,SN,隐性库存总量（万吨）,THS模板无zhiji_id，需后续匹配,,NONE,NONE,INFO,INFO,UNCHANGED,No blacklist hit (old or new),NO
THS-SN-4.5,THS,SN,在途库存总量（万吨）,THS模板无zhiji_id，需后续匹配,,NONE,NONE,INFO,INFO,UNCHANGED,No blacklist hit (old or new),NO
THS-SN-4.5,THS,SN,缅甸隐性库存占比（%）,THS模板无zhiji_id，需后续匹配,,NONE,NONE,INFO,INFO,UNCHANGED,No blacklist hit (old or new),NO
THS-SN-4.5,THS,SN,印尼隐性库存占比（%）,THS模板无zhiji_id，需后续匹配,,NONE,NONE,INFO,INFO,UNCHANGED,No blacklist hit (old or new),NO
THS-SN-4.5,THS,SN,国内隐性库存占比（%）,THS模板无zhiji_id，需后续匹配,,NONE,NONE,INFO,INFO,UNCHANGED,No blacklist hit (old or new),NO
THS-SN-4.5,THS,SN,缅甸在途库存占比（%）,THS模板无zhiji_id，需后续匹配,,NONE,NONE,INFO,INFO,UNCHANGED,No blacklist hit (old or new),NO
THS-SN-4.5,THS,SN,印尼在途库存占比（%）,THS模板无zhiji_id，需后续匹配,,NONE,NONE,INFO,INFO,UNCHANGED,No blacklist hit (old or new),NO
THS-SN-4.5,THS,SN,国内在途库存占比（%）,THS模板无zhiji_id，需后续匹配,,NONE,NONE,INFO,INFO,UNCHANGED,No blacklist hit (old or new),NO
THS-SN-4.5,THS,SN,隐性库存占比（%）,THS模板无zhiji_id，需后续匹配,,NONE,NONE,INFO,INFO,UNCHANGED,No blacklist hit (old or new),NO
THS-SN-4.5,THS,SN,在途库存占比（%）,THS模板无zhiji_id，需后续匹配,,NONE,NONE,INFO,INFO,UNCHANGED,No blacklist hit (old or new),NO
THS-SN-4.5,THS,SN,近3年同月库存均值（万吨）,THS模板无zhiji_id，需后续匹配,,NONE,NONE,INFO,INFO,UNCHANGED,No blacklist hit (old or new),NO
THS-SN-4.5,THS,SN,近3年同月库存标准差（万吨）,THS模板无zhiji_id，需后续匹配,,NONE,NONE,INFO,INFO,UNCHANGED,No blacklist hit (old or new),NO
THS-SN-4.5,THS,SN,隐性库存天数（天）,THS模板无zhiji_id，需后续匹配,,NONE,NONE,INFO,INFO,UNCHANGED,No blacklist hit (old or new),NO
THS-SN-4.5,THS,SN,在途库存天数（天）,THS模板无zhiji_id，需后续匹配,,NONE,NONE,INFO,INFO,UNCHANGED,No blacklist hit (old or new),NO
THS-SN-4.5,THS,SN,隐性/在途库存总量（万吨）,THS模板无zhiji_id，需后续匹配,,NONE,NONE,INFO,INFO,UNCHANGED,No blacklist hit (old or new),NO
THS-SN-4.5,THS,SN,沪锡主力合约收盘价（元/吨）,THS模板无zhiji_id，需后续匹配,,NONE,NONE,INFO,INFO,UNCHANGED,No blacklist hit (old or new),NO
THS-SN-4.5,THS,SN,隐性库存占比时序图,THS模板无zhiji_id，需后续匹配,,NONE,NONE,INFO,INFO,UNCHANGED,No blacklist hit (old or new),NO
THS-SN-4.5,THS,SN,在途库存占比时序图,THS模板无zhiji_id，需后续匹配,,NONE,NONE,INFO,INFO,UNCHANGED,No blacklist hit (old or new),NO
THS-SN-5.1,THS,SN,焊锡/锡焊料开工率（%）,THS模板无zhiji_id，需后续匹配,,NONE,NONE,INFO,INFO,UNCHANGED,No blacklist hit (old or new),YES
THS-SN-5.1,THS,SN,锡表观消费量（万吨）,THS模板无zhiji_id，需后续匹配,,NONE,NONE,INFO,INFO,UNCHANGED,No blacklist hit (old or new),YES
THS-SN-5.1,THS,SN,锡化工开工率（%）,THS模板无zhiji_id，需后续匹配,,NONE,NONE,INFO,INFO,UNCHANGED,No blacklist hit (old or new),YES
THS-SN-5.1,THS,SN,电子级锡开工率（%）,THS模板无zhiji_id，需后续匹配,,NONE,NONE,INFO,INFO,UNCHANGED,No blacklist hit (old or new),YES
THS-SN-5.1,THS,SN,终端产量（万吨）,THS模板无zhiji_id，需后续匹配,,NONE,NONE,INFO,INFO,UNCHANGED,No blacklist hit (old or new),YES
THS-SN-5.1,THS,SN,排产计划（万吨）,THS模板无zhiji_id，需后续匹配,,NONE,NONE,INFO,INFO,UNCHANGED,No blacklist hit (old or new),YES
THS-SN-5.1,THS,SN,缅甸消费占比（%）,THS模板无zhiji_id，需后续匹配,,NONE,NONE,INFO,INFO,UNCHANGED,No blacklist hit (old or new),YES
THS-SN-5.1,THS,SN,印尼消费占比（%）,THS模板无zhiji_id，需后续匹配,,NONE,NONE,INFO,INFO,UNCHANGED,No blacklist hit (old or new),YES
THS-SN-5.1,THS,SN,国内消费占比（%）,THS模板无zhiji_id，需后续匹配,,NONE,NONE,INFO,INFO,UNCHANGED,No blacklist hit (old or new),YES
THS-SN-5.1,THS,SN,近3年同月开工率均值（%）,THS模板无zhiji_id，需后续匹配,,NONE,NONE,INFO,INFO,UNCHANGED,No blacklist hit (old or new),YES
THS-SN-5.1,THS,SN,近3年同月开工率标准差（%）,THS模板无zhiji_id，需后续匹配,,NONE,NONE,INFO,INFO,UNCHANGED,No blacklist hit (old or new),YES
THS-SN-5.1,THS,SN,沪锡主力合约收盘价（元/吨）,THS模板无zhiji_id，需后续匹配,,NONE,NONE,INFO,INFO,UNCHANGED,No blacklist hit (old or new),YES
THS-SN-5.1,THS,SN,库存天数（天）,THS模板无zhiji_id，需后续匹配,,NONE,NONE,INFO,INFO,UNCHANGED,No blacklist hit (old or new),YES
THS-SN-5.1,THS,SN,消费占比（%）,THS模板无zhiji_id，需后续匹配,,NONE,NONE,INFO,INFO,UNCHANGED,No blacklist hit (old or new),YES
THS-SN-5.1,THS,SN,焊锡开工率时序图,THS模板无zhiji_id，需后续匹配,,NONE,NONE,INFO,INFO,UNCHANGED,No blacklist hit (old or new),YES
THS-SN-5.1,THS,SN,锡化工开工率时序图,THS模板无zhiji_id，需后续匹配,,NONE,NONE,INFO,INFO,UNCHANGED,No blacklist hit (old or new),YES
THS-SN-5.1,THS,SN,焊锡表观消费量时序图,THS模板无zhiji_id，需后续匹配,,NONE,NONE,INFO,INFO,UNCHANGED,No blacklist hit (old or new),YES
THS-SN-5.1,THS,SN,锡化工表观消费量时序图,THS模板无zhiji_id，需后续匹配,,NONE,NONE,INFO,INFO,UNCHANGED,No blacklist hit (old or new),YES
THS-SN-5.1,THS,SN,焊锡/锡化工开工率时序图,THS模板无zhiji_id，需后续匹配,,NONE,NONE,INFO,INFO,UNCHANGED,No blacklist hit (old or new),YES
THS-SN-5.2,THS,SN,焊锡/锡焊料终端产量（万吨）,THS模板无zhiji_id，需后续匹配,,NONE,NONE,INFO,INFO,UNCHANGED,No blacklist hit (old or new),NO
THS-SN-5.2,THS,SN,焊锡/锡焊料终端订单量（万吨）,THS模板无zhiji_id，需后续匹配,,NONE,NONE,INFO,INFO,UNCHANGED,No blacklist hit (old or new),NO
THS-SN-5.2,THS,SN,锡化工终端产量（万吨）,THS模板无zhiji_id，需后续匹配,,NONE,NONE,INFO,INFO,UNCHANGED,No blacklist hit (old or new),NO
THS-SN-5.2,THS,SN,电子级锡终端产量（万吨）,THS模板无zhiji_id，需后续匹配,,NONE,NONE,INFO,INFO,UNCHANGED,No blacklist hit (old or new),NO
THS-SN-5.2,THS,SN,终端排产计划（万吨）,THS模板无zhiji_id，需后续匹配,,NONE,NONE,INFO,INFO,UNCHANGED,No blacklist hit (old or new),NO
THS-SN-5.2,THS,SN,终端消费占比（%）,THS模板无zhiji_id，需后续匹配,,NONE,NONE,INFO,INFO,UNCHANGED,No blacklist hit (old or new),NO
THS-SN-5.2,THS,SN,缅甸终端消费占比（%）,THS模板无zhiji_id，需后续匹配,,NONE,NONE,INFO,INFO,UNCHANGED,No blacklist hit (old or new),NO
THS-SN-5.2,THS,SN,印尼终端消费占比（%）,THS模板无zhiji_id，需后续匹配,,NONE,NONE,INFO,INFO,UNCHANGED,No blacklist hit (old or new),NO
THS-SN-5.2,THS,SN,国内终端消费占比（%）,THS模板无zhiji_id，需后续匹配,,NONE,NONE,INFO,INFO,UNCHANGED,No blacklist hit (old or new),NO
THS-SN-5.2,THS,SN,近3年同月终端产量均值（万吨）,THS模板无zhiji_id，需后续匹配,,NONE,NONE,INFO,INFO,UNCHANGED,No blacklist hit (old or new),NO
THS-SN-5.2,THS,SN,近3年同月终端产量标准差（万吨）,THS模板无zhiji_id，需后续匹配,,NONE,NONE,INFO,INFO,UNCHANGED,No blacklist hit (old or new),NO
THS-SN-5.2,THS,SN,终端库存天数（天）,THS模板无zhiji_id，需后续匹配,,NONE,NONE,INFO,INFO,UNCHANGED,No blacklist hit (old or new),NO
THS-SN-5.2,THS,SN,终端消费增速（%）,THS模板无zhiji_id，需后续匹配,,NONE,NONE,INFO,INFO,UNCHANGED,No blacklist hit (old or new),NO
THS-SN-5.2,THS,SN,终端产量（万吨）,THS模板无zhiji_id，需后续匹配,,NONE,NONE,INFO,INFO,UNCHANGED,No blacklist hit (old or new),NO
THS-SN-5.2,THS,SN,沪锡主力合约收盘价（元/吨）,THS模板无zhiji_id，需后续匹配,,NONE,NONE,INFO,INFO,UNCHANGED,No blacklist hit (old or new),NO
THS-SN-5.2,THS,SN,焊锡终端产量时序图,THS模板无zhiji_id，需后续匹配,,NONE,NONE,INFO,INFO,UNCHANGED,No blacklist hit (old or new),NO
THS-SN-5.2,THS,SN,锡化工终端产量时序图,THS模板无zhiji_id，需后续匹配,,NONE,NONE,INFO,INFO,UNCHANGED,No blacklist hit (old or new),NO
THS-SN-5.2,THS,SN,焊锡终端库存时序图,THS模板无zhiji_id，需后续匹配,,NONE,NONE,INFO,INFO,UNCHANGED,No blacklist hit (old or new),NO
THS-SN-5.2,THS,SN,锡化工终端库存时序图,THS模板无zhiji_id，需后续匹配,,NONE,NONE,INFO,INFO,UNCHANGED,No blacklist hit (old or new),NO
THS-SN-5.2,THS,SN,焊锡/锡化工终端产量时序图,THS模板无zhiji_id，需后续匹配,,NONE,NONE,INFO,INFO,UNCHANGED,No blacklist hit (old or new),NO
THS-SN-5.3,THS,SN,焊锡/锡焊料订单量（万吨）,THS模板无zhiji_id，需后续匹配,,NONE,NONE,INFO,INFO,UNCHANGED,No blacklist hit (old or new),NO
THS-SN-5.3,THS,SN,焊锡/锡焊料排产计划（万吨）,THS模板无zhiji_id，需后续匹配,,NONE,NONE,INFO,INFO,UNCHANGED,No blacklist hit (old or new),NO
THS-SN-5.3,THS,SN,锡化工订单量（万吨）,THS模板无zhiji_id，需后续匹配,,NONE,NONE,INFO,INFO,UNCHANGED,No blacklist hit (old or new),NO
THS-SN-5.3,THS,SN,电子级锡订单量（万吨）,THS模板无zhiji_id，需后续匹配,,NONE,NONE,INFO,INFO,UNCHANGED,No blacklist hit (old or new),NO
THS-SN-5.3,THS,SN,排产计划（万吨）,THS模板无zhiji_id，需后续匹配,,NONE,NONE,INFO,INFO,UNCHANGED,No blacklist hit (old or new),NO
THS-SN-5.3,THS,SN,消费占比（%）,THS模板无zhiji_id，需后续匹配,,NONE,NONE,INFO,INFO,UNCHANGED,No blacklist hit (old or new),NO
THS-SN-5.3,THS,SN,缅甸需求增速（%）,THS模板无zhiji_id，需后续匹配,,NONE,NONE,INFO,INFO,UNCHANGED,No blacklist hit (old or new),NO
THS-SN-5.3,THS,SN,印尼需求增速（%）,THS模板无zhiji_id，需后续匹配,,NONE,NONE,INFO,INFO,UNCHANGED,No blacklist hit (old or new),NO
THS-SN-5.3,THS,SN,国内需求增速（%）,THS模板无zhiji_id，需后续匹配,,NONE,NONE,INFO,INFO,UNCHANGED,No blacklist hit (old or new),NO
THS-SN-5.3,THS,SN,近3年同月订单量均值（万吨）,THS模板无zhiji_id，需后续匹配,,NONE,NONE,INFO,INFO,UNCHANGED,No blacklist hit (old or new),NO
THS-SN-5.3,THS,SN,近3年同月订单量标准差（万吨）,THS模板无zhiji_id，需后续匹配,,NONE,NONE,INFO,INFO,UNCHANGED,No blacklist hit (old or new),NO
THS-SN-5.3,THS,SN,沪锡主力合约收盘价（元/吨）,THS模板无zhiji_id，需后续匹配,,NONE,NONE,INFO,INFO,UNCHANGED,No blacklist hit (old or new),NO
THS-SN-5.3,THS,SN,库存天数（天）,THS模板无zhiji_id，需后续匹配,,NONE,NONE,INFO,INFO,UNCHANGED,No blacklist hit (old or new),NO
THS-SN-5.3,THS,SN,需求增速（%）,THS模板无zhiji_id，需后续匹配,,NONE,NONE,INFO,INFO,UNCHANGED,No blacklist hit (old or new),NO
THS-SN-5.3,THS,SN,焊锡订单量时序图,THS模板无zhiji_id，需后续匹配,,NONE,NONE,INFO,INFO,UNCHANGED,No blacklist hit (old or new),NO
THS-SN-5.3,THS,SN,排产计划时序图,THS模板无zhiji_id，需后续匹配,,NONE,NONE,INFO,INFO,UNCHANGED,No blacklist hit (old or new),NO
THS-SN-5.3,THS,SN,焊锡订单量同比增速时序图,THS模板无zhiji_id，需后续匹配,,NONE,NONE,INFO,INFO,UNCHANGED,No blacklist hit (old or new),NO
THS-SN-5.3,THS,SN,锡化工订单量同比增速时序图,THS模板无zhiji_id，需后续匹配,,NONE,NONE,INFO,INFO,UNCHANGED,No blacklist hit (old or new),NO
THS-SN-6.1,THS,SN,锡精矿进口量（万吨）,THS模板无zhiji_id，需后续匹配,,NONE,NONE,INFO,INFO,UNCHANGED,No blacklist hit (old or new),NO
THS-SN-6.1,THS,SN,再生锡进口量（万吨）,THS模板无zhiji_id，需后续匹配,,NONE,NONE,INFO,INFO,UNCHANGED,No blacklist hit (old or new),NO
THS-SN-6.1,THS,SN,缅甸锡精矿进口量（万吨）,THS模板无zhiji_id，需后续匹配,,NONE,NONE,INFO,INFO,UNCHANGED,No blacklist hit (old or new),NO
THS-SN-6.1,THS,SN,印尼锡精矿进口量（万吨）,THS模板无zhiji_id，需后续匹配,,NONE,NONE,INFO,INFO,UNCHANGED,No blacklist hit (old or new),NO
THS-SN-6.1,THS,SN,俄罗斯锡精矿进口量（万吨）,THS模板无zhiji_id，需后续匹配,,NONE,NONE,INFO,INFO,UNCHANGED,No blacklist hit (old or new),NO
THS-SN-6.1,THS,SN,缅甸再生锡进口量（万吨）,THS模板无zhiji_id，需后续匹配,,NONE,NONE,INFO,INFO,UNCHANGED,No blacklist hit (old or new),NO
THS-SN-6.1,THS,SN,印尼再生锡进口量（万吨）,THS模板无zhiji_id，需后续匹配,,NONE,NONE,INFO,INFO,UNCHANGED,No blacklist hit (old or new),NO
THS-SN-6.1,THS,SN,国内再生锡进口量（万吨）,THS模板无zhiji_id，需后续匹配,,NONE,NONE,INFO,INFO,UNCHANGED,No blacklist hit (old or new),NO
THS-SN-6.1,THS,SN,锡锭进口量（万吨）,THS模板无zhiji_id，需后续匹配,,NONE,NONE,INFO,INFO,UNCHANGED,No blacklist hit (old or new),NO
THS-SN-6.1,THS,SN,锡锭净进口量（万吨）,THS模板无zhiji_id，需后续匹配,,NONE,NONE,INFO,INFO,UNCHANGED,No blacklist hit (old or new),NO
THS-SN-6.1,THS,SN,近3年同月进口量均值（万吨）,THS模板无zhiji_id，需后续匹配,,NONE,NONE,INFO,INFO,UNCHANGED,No blacklist hit (old or new),NO
THS-SN-6.1,THS,SN,近3年同月进口量标准差（万吨）,THS模板无zhiji_id，需后续匹配,,NONE,NONE,INFO,INFO,UNCHANGED,No blacklist hit (old or new),NO
THS-SN-6.1,THS,SN,保税区库存（万吨）,THS模板无zhiji_id，需后续匹配,,NONE,NONE,INFO,INFO,UNCHANGED,No blacklist hit (old or new),NO
THS-SN-6.1,THS,SN,保税区仓单（手）,THS模板无zhiji_id，需后续匹配,,NONE,NONE,INFO,INFO,UNCHANGED,No blacklist hit (old or new),NO
THS-SN-6.1,THS,SN,海外发运量（万吨）,THS模板无zhiji_id，需后续匹配,,NONE,NONE,INFO,INFO,UNCHANGED,No blacklist hit (old or new),NO
THS-SN-6.1,THS,SN,发运天数（天）,THS模板无zhiji_id，需后续匹配,,NONE,NONE,INFO,INFO,UNCHANGED,No blacklist hit (old or new),NO
THS-SN-6.1,THS,SN,锡精矿进口量时序图,THS模板无zhiji_id，需后续匹配,,NONE,NONE,INFO,INFO,UNCHANGED,No blacklist hit (old or new),NO
THS-SN-6.1,THS,SN,再生锡进口量时序图,THS模板无zhiji_id，需后续匹配,,NONE,NONE,INFO,INFO,UNCHANGED,No blacklist hit (old or new),NO
THS-SN-6.1,THS,SN,锡精矿进口量分国别时序图,THS模板无zhiji_id，需后续匹配,,NONE,NONE,INFO,INFO,UNCHANGED,No blacklist hit (old or new),NO
THS-SN-6.1,THS,SN,再生锡进口量分国别时序图,THS模板无zhiji_id，需后续匹配,,NONE,NONE,INFO,INFO,UNCHANGED,No blacklist hit (old or new),NO
THS-SN-6.1,THS,SN,锡精矿与再生锡进口量时序图,THS模板无zhiji_id，需后续匹配,,NONE,NONE,INFO,INFO,UNCHANGED,No blacklist hit (old or new),NO
THS-SN-6.2,THS,SN,精炼锡进口量（万吨）,THS模板无zhiji_id，需后续匹配,,NONE,NONE,INFO,INFO,UNCHANGED,No blacklist hit (old or new),NO
THS-SN-6.2,THS,SN,精炼锡出口量（万吨）,THS模板无zhiji_id，需后续匹配,,NONE,NONE,INFO,INFO,UNCHANGED,No blacklist hit (old or new),NO
THS-SN-6.2,THS,SN,精炼锡净进口量（万吨）,THS模板无zhiji_id，需后续匹配,,NONE,NONE,INFO,INFO,UNCHANGED,No blacklist hit (old or new),NO
THS-SN-6.2,THS,SN,关税税率（%）,THS模板无zhiji_id，需后续匹配,,NONE,NONE,INFO,INFO,UNCHANGED,No blacklist hit (old or new),NO
THS-SN-6.2,THS,SN,缅甸锡锭进口量（万吨）,THS模板无zhiji_id，需后续匹配,,NONE,NONE,INFO,INFO,UNCHANGED,No blacklist hit (old or new),NO
THS-SN-6.2,THS,SN,印尼锡锭进口量（万吨）,THS模板无zhiji_id，需后续匹配,,NONE,NONE,INFO,INFO,UNCHANGED,No blacklist hit (old or new),NO
THS-SN-6.2,THS,SN,俄罗斯锡锭进口量（万吨）,THS模板无zhiji_id，需后续匹配,,NONE,NONE,INFO,INFO,UNCHANGED,No blacklist hit (old or new),NO
THS-SN-6.2,THS,SN,缅甸锡锭出口量（万吨）,THS模板无zhiji_id，需后续匹配,,NONE,NONE,INFO,INFO,UNCHANGED,No blacklist hit (old or new),NO
THS-SN-6.2,THS,SN,印尼锡锭出口量（万吨）,THS模板无zhiji_id，需后续匹配,,NONE,NONE,INFO,INFO,UNCHANGED,No blacklist hit (old or new),NO
THS-SN-6.2,THS,SN,俄罗斯锡锭出口量（万吨）,THS模板无zhiji_id，需后续匹配,,NONE,NONE,INFO,INFO,UNCHANGED,No blacklist hit (old or new),NO
THS-SN-6.2,THS,SN,近3年同月进口量均值（万吨）,THS模板无zhiji_id，需后续匹配,,NONE,NONE,INFO,INFO,UNCHANGED,No blacklist hit (old or new),NO
THS-SN-6.2,THS,SN,近3年同月进口量标准差（万吨）,THS模板无zhiji_id，需后续匹配,,NONE,NONE,INFO,INFO,UNCHANGED,No blacklist hit (old or new),NO
THS-SN-6.2,THS,SN,近3年同月出口量均值（万吨）,THS模板无zhiji_id，需后续匹配,,NONE,NONE,INFO,INFO,UNCHANGED,No blacklist hit (old or new),NO
THS-SN-6.2,THS,SN,近3年同月出口量标准差（万吨）,THS模板无zhiji_id，需后续匹配,,NONE,NONE,INFO,INFO,UNCHANGED,No blacklist hit (old or new),NO
THS-SN-6.2,THS,SN,保税区仓单（手）,THS模板无zhiji_id，需后续匹配,,NONE,NONE,INFO,INFO,UNCHANGED,No blacklist hit (old or new),NO
THS-SN-6.2,THS,SN,进出口金额（亿元）,THS模板无zhiji_id，需后续匹配,,NONE,NONE,INFO,INFO,UNCHANGED,No blacklist hit (old or new),NO
THS-SN-6.2,THS,SN,沪锡主力合约收盘价（元/吨）,THS模板无zhiji_id，需后续匹配,,NONE,NONE,INFO,INFO,UNCHANGED,No blacklist hit (old or new),NO
THS-SN-6.2,THS,SN,精炼锡进口量时序图,THS模板无zhiji_id，需后续匹配,,NONE,NONE,INFO,INFO,UNCHANGED,No blacklist hit (old or new),NO
THS-SN-6.2,THS,SN,精炼锡出口量时序图,THS模板无zhiji_id，需后续匹配,,NONE,NONE,INFO,INFO,UNCHANGED,No blacklist hit (old or new),NO
THS-SN-6.2,THS,SN,精炼锡净进口量时序图,THS模板无zhiji_id，需后续匹配,,NONE,NONE,INFO,INFO,UNCHANGED,No blacklist hit (old or new),NO
THS-SN-6.2,THS,SN,保税区仓单时序图,THS模板无zhiji_id，需后续匹配,,NONE,NONE,INFO,INFO,UNCHANGED,No blacklist hit (old or new),NO
THS-SN-6.2,THS,SN,精炼锡进口量分国别时序图,THS模板无zhiji_id，需后续匹配,,NONE,NONE,INFO,INFO,UNCHANGED,No blacklist hit (old or new),NO
THS-SN-6.3,THS,SN,锡焊料/焊锡出口量（万吨）,THS模板无zhiji_id，需后续匹配,,NONE,NONE,INFO,INFO,UNCHANGED,No blacklist hit (old or new),NO
THS-SN-6.3,THS,SN,锡化工出口量（万吨）,THS模板无zhiji_id，需后续匹配,,NONE,NONE,INFO,INFO,UNCHANGED,No blacklist hit (old or new),NO
THS-SN-6.3,THS,SN,电子级锡出口量（万吨）,THS模板无zhiji_id，需后续匹配,,NONE,NONE,INFO,INFO,UNCHANGED,No blacklist hit (old or new),NO
THS-SN-6.3,THS,SN,缅甸电子级锡出口量（万吨）,THS模板无zhiji_id，需后续匹配,,NONE,NONE,INFO,INFO,UNCHANGED,No blacklist hit (old or new),NO
THS-SN-6.3,THS,SN,印尼电子级锡出口量（万吨）,THS模板无zhiji_id，需后续匹配,,NONE,NONE,INFO,INFO,UNCHANGED,No blacklist hit (old or new),NO
THS-SN-6.3,THS,SN,保税区仓单（手）,THS模板无zhiji_id，需后续匹配,,NONE,NONE,INFO,INFO,UNCHANGED,No blacklist hit (old or new),NO
THS-SN-6.3,THS,SN,进出口金额（亿元）,THS模板无zhiji_id，需后续匹配,,NONE,NONE,INFO,INFO,UNCHANGED,No blacklist hit (old or new),NO
THS-SN-6.3,THS,SN,锡制品出口量（万吨）,THS模板无zhiji_id，需后续匹配,,NONE,NONE,INFO,INFO,UNCHANGED,No blacklist hit (old or new),NO
THS-SN-6.3,THS,SN,近3年同月出口量均值（万吨）,THS模板无zhiji_id，需后续匹配,,NONE,NONE,INFO,INFO,UNCHANGED,No blacklist hit (old or new),NO
THS-SN-6.3,THS,SN,近3年同月出口量标准差（万吨）,THS模板无zhiji_id，需后续匹配,,NONE,NONE,INFO,INFO,UNCHANGED,No blacklist hit (old or new),NO
THS-SN-6.3,THS,SN,关税税率（%）,THS模板无zhiji_id，需后续匹配,,NONE,NONE,INFO,INFO,UNCHANGED,No blacklist hit (old or new),NO
THS-SN-6.3,THS,SN,沪锡主力合约收盘价（元/吨）,THS模板无zhiji_id，需后续匹配,,NONE,NONE,INFO,INFO,UNCHANGED,No blacklist hit (old or new),NO
THS-SN-6.3,THS,SN,缅甸出口占比（%）,THS模板无zhiji_id，需后续匹配,,NONE,NONE,INFO,INFO,UNCHANGED,No blacklist hit (old or new),NO
THS-SN-6.3,THS,SN,印尼出口占比（%）,THS模板无zhiji_id，需后续匹配,,NONE,NONE,INFO,INFO,UNCHANGED,No blacklist hit (old or new),NO
THS-SN-6.3,THS,SN,国内出口占比（%）,THS模板无zhiji_id，需后续匹配,,NONE,NONE,INFO,INFO,UNCHANGED,No blacklist hit (old or new),NO
THS-SN-6.3,THS,SN,锡焊料/焊锡出口量时序图,THS模板无zhiji_id，需后续匹配,,NONE,NONE,INFO,INFO,UNCHANGED,No blacklist hit (old or new),NO
THS-SN-6.3,THS,SN,锡化工出口量时序图,THS模板无zhiji_id，需后续匹配,,NONE,NONE,INFO,INFO,UNCHANGED,No blacklist hit (old or new),NO
THS-SN-6.3,THS,SN,锡焊料/焊锡出口量分国别时序图,THS模板无zhiji_id，需后续匹配,,NONE,NONE,INFO,INFO,UNCHANGED,No blacklist hit (old or new),NO
THS-SN-6.3,THS,SN,锡化工出口量分国别时序图,THS模板无zhiji_id，需后续匹配,,NONE,NONE,INFO,INFO,UNCHANGED,No blacklist hit (old or new),NO
THS-SN-6.3,THS,SN,锡焊料/焊锡与锡化工出口量时序图,THS模板无zhiji_id，需后续匹配,,NONE,NONE,INFO,INFO,UNCHANGED,No blacklist hit (old or new),NO
THS-SN-6.4,THS,SN,海外发运量（万吨）,THS模板无zhiji_id，需后续匹配,,NONE,NONE,INFO,INFO,UNCHANGED,No blacklist hit (old or new),NO
THS-SN-6.4,THS,SN,发运天数（天）,THS模板无zhiji_id，需后续匹配,,NONE,NONE,INFO,INFO,UNCHANGED,No blacklist hit (old or new),NO
THS-SN-6.4,THS,SN,缅甸发运量（万吨）,THS模板无zhiji_id，需后续匹配,,NONE,NONE,INFO,INFO,UNCHANGED,No blacklist hit (old or new),NO
THS-SN-6.4,THS,SN,印尼发运量（万吨）,THS模板无zhiji_id，需后续匹配,,NONE,NONE,INFO,INFO,UNCHANGED,No blacklist hit (old or new),NO
THS-SN-6.4,THS,SN,俄罗斯发运量（万吨）,THS模板无zhiji_id，需后续匹配,,NONE,NONE,INFO,INFO,UNCHANGED,No blacklist hit (old or new),NO
THS-SN-6.4,THS,SN,保税区仓单（手）,THS模板无zhiji_id，需后续匹配,,NONE,NONE,INFO,INFO,UNCHANGED,No blacklist hit (old or new),NO
THS-SN-6.4,THS,SN,进出口金额（亿元）,THS模板无zhiji_id，需后续匹配,,NONE,NONE,INFO,INFO,UNCHANGED,No blacklist hit (old or new),NO
THS-SN-6.4,THS,SN,近3年同月发运量均值（万吨）,THS模板无zhiji_id，需后续匹配,,NONE,NONE,INFO,INFO,UNCHANGED,No blacklist hit (old or new),NO
THS-SN-6.4,THS,SN,近3年同月发运量标准差（万吨）,THS模板无zhiji_id，需后续匹配,,NONE,NONE,INFO,INFO,UNCHANGED,No blacklist hit (old or new),NO
THS-SN-6.4,THS,SN,关税税率（%）,THS模板无zhiji_id，需后续匹配,,NONE,NONE,INFO,INFO,UNCHANGED,No blacklist hit (old or new),NO
THS-SN-6.4,THS,SN,沪锡主力合约收盘价（元/吨）,THS模板无zhiji_id，需后续匹配,,NONE,NONE,INFO,INFO,UNCHANGED,No blacklist hit (old or new),NO
THS-SN-6.4,THS,SN,缅甸发运占比（%）,THS模板无zhiji_id，需后续匹配,,NONE,NONE,INFO,INFO,UNCHANGED,No blacklist hit (old or new),NO
THS-SN-6.4,THS,SN,印尼发运占比（%）,THS模板无zhiji_id，需后续匹配,,NONE,NONE,INFO,INFO,UNCHANGED,No blacklist hit (old or new),NO
THS-SN-6.4,THS,SN,俄罗斯发运占比（%）,THS模板无zhiji_id，需后续匹配,,NONE,NONE,INFO,INFO,UNCHANGED,No blacklist hit (old or new),NO
THS-SN-6.4,THS,SN,海外发运量时序图,THS模板无zhiji_id，需后续匹配,,NONE,NONE,INFO,INFO,UNCHANGED,No blacklist hit (old or new),NO
THS-SN-6.4,THS,SN,海外发运量分国别时序图,THS模板无zhiji_id，需后续匹配,,NONE,NONE,INFO,INFO,UNCHANGED,No blacklist hit (old or new),NO
THS-SN-6.4,THS,SN,发运天数时序图,THS模板无zhiji_id，需后续匹配,,NONE,NONE,INFO,INFO,UNCHANGED,No blacklist hit (old or new),NO
THS-SN-6.4,THS,SN,发运量分国别结构占比时序图,THS模板无zhiji_id，需后续匹配,,NONE,NONE,INFO,INFO,UNCHANGED,No blacklist hit (old or new),NO
THS-SN-6.4,THS,SN,海外发运量与发运天数时序图,THS模板无zhiji_id，需后续匹配,,NONE,NONE,INFO,INFO,UNCHANGED,No blacklist hit (old or new),NO
THS-SN-7.1,THS,SN,冶炼成本（元/吨）,THS模板无zhiji_id，需后续匹配,,NONE,NONE,INFO,INFO,UNCHANGED,No blacklist hit (old or new),NO
THS-SN-7.1,THS,SN,现金成本（元/吨）,THS模板无zhiji_id，需后续匹配,,NONE,NONE,INFO,INFO,UNCHANGED,No blacklist hit (old or new),NO
THS-SN-7.1,THS,SN,加工费（元/吨）,THS模板无zhiji_id，需后续匹配,,NONE,NONE,INFO,INFO,UNCHANGED,No blacklist hit (old or new),NO
THS-SN-7.1,THS,SN,原料成本（元/吨）,THS模板无zhiji_id，需后续匹配,,NONE,NONE,INFO,INFO,UNCHANGED,No blacklist hit (old or new),NO
THS-SN-7.1,THS,SN,电价（元/度）,THS模板无zhiji_id，需后续匹配,,NONE,NONE,INFO,INFO,UNCHANGED,No blacklist hit (old or new),NO
THS-SN-7.1,THS,SN,能源成本（元/吨）,THS模板无zhiji_id，需后续匹配,,NONE,NONE,INFO,INFO,UNCHANGED,No blacklist hit (old or new),NO
THS-SN-7.1,THS,SN,冶炼利润（元/吨）,THS模板无zhiji_id，需后续匹配,,NONE,NONE,INFO,INFO,UNCHANGED,No blacklist hit (old or new),NO
THS-SN-7.1,THS,SN,分位成本（元/吨）,THS模板无zhiji_id，需后续匹配,,NONE,NONE,INFO,INFO,UNCHANGED,No blacklist hit (old or new),NO
THS-SN-7.1,THS,SN,近3年同季成本均值（元/吨）,THS模板无zhiji_id，需后续匹配,,NONE,NONE,INFO,INFO,UNCHANGED,No blacklist hit (old or new),NO
THS-SN-7.1,THS,SN,近3年同季成本标准差（元/吨）,THS模板无zhiji_id，需后续匹配,,NONE,NONE,INFO,INFO,UNCHANGED,No blacklist hit (old or new),NO
THS-SN-7.1,THS,SN,近3年同季加工费均值（元/吨）,THS模板无zhiji_id，需后续匹配,,NONE,NONE,INFO,INFO,UNCHANGED,No blacklist hit (old or new),NO
THS-SN-7.1,THS,SN,近3年同季加工费标准差（元/吨）,THS模板无zhiji_id，需后续匹配,,NONE,NONE,INFO,INFO,UNCHANGED,No blacklist hit (old or new),NO
THS-SN-7.1,THS,SN,沪锡主力合约收盘价（元/吨）,THS模板无zhiji_id，需后续匹配,,NONE,NONE,INFO,INFO,UNCHANGED,No blacklist hit (old or new),NO
THS-SN-7.1,THS,SN,现金成本时序图,THS模板无zhiji_id，需后续匹配,,NONE,NONE,INFO,INFO,UNCHANGED,No blacklist hit (old or new),NO
THS-SN-7.1,THS,SN,冶炼利润时序图,THS模板无zhiji_id，需后续匹配,,NONE,NONE,INFO,INFO,UNCHANGED,No blacklist hit (old or new),NO
THS-SN-7.2,THS,SN,冶炼利润（元/吨）,THS模板无zhiji_id，需后续匹配,,NONE,NONE,INFO,INFO,UNCHANGED,No blacklist hit (old or new),NO
THS-SN-7.2,THS,SN,加工费（元/吨）,THS模板无zhiji_id，需后续匹配,,NONE,NONE,INFO,INFO,UNCHANGED,No blacklist hit (old or new),NO
THS-SN-7.2,THS,SN,原料成本（元/吨）,THS模板无zhiji_id，需后续匹配,,NONE,NONE,INFO,INFO,UNCHANGED,No blacklist hit (old or new),NO
THS-SN-7.2,THS,SN,电价（元/度）,THS模板无zhiji_id，需后续匹配,,NONE,NONE,INFO,INFO,UNCHANGED,No blacklist hit (old or new),NO
THS-SN-7.2,THS,SN,现金成本（元/吨）,THS模板无zhiji_id，需后续匹配,,NONE,NONE,INFO,INFO,UNCHANGED,No blacklist hit (old or new),NO
THS-SN-7.2,THS,SN,分位成本（元/吨）,THS模板无zhiji_id，需后续匹配,,NONE,NONE,INFO,INFO,UNCHANGED,No blacklist hit (old or new),NO
THS-SN-7.2,THS,SN,冶炼成本（元/吨）,THS模板无zhiji_id，需后续匹配,,NONE,NONE,INFO,INFO,UNCHANGED,No blacklist hit (old or new),NO
THS-SN-7.2,THS,SN,能源成本（元/吨）,THS模板无zhiji_id，需后续匹配,,NONE,NONE,INFO,INFO,UNCHANGED,No blacklist hit (old or new),NO
THS-SN-7.2,THS,SN,沪锡主力合约收盘价（元/吨）,THS模板无zhiji_id，需后续匹配,,NONE,NONE,INFO,INFO,UNCHANGED,No blacklist hit (old or new),NO
THS-SN-7.2,THS,SN,近3年同月加工费均值（元/吨）,THS模板无zhiji_id，需后续匹配,,NONE,NONE,INFO,INFO,UNCHANGED,No blacklist hit (old or new),NO
THS-SN-7.2,THS,SN,近3年同月加工费标准差（元/吨）,THS模板无zhiji_id，需后续匹配,,NONE,NONE,INFO,INFO,UNCHANGED,No blacklist hit (old or new),NO
THS-SN-7.2,THS,SN,近3年同月冶炼成本均值（元/吨）,THS模板无zhiji_id，需后续匹配,,NONE,NONE,INFO,INFO,UNCHANGED,No blacklist hit (old or new),NO
THS-SN-7.2,THS,SN,近3年同月冶炼成本标准差（元/吨）,THS模板无zhiji_id，需后续匹配,,NONE,NONE,INFO,INFO,UNCHANGED,No blacklist hit (old or new),NO
THS-SN-7.2,THS,SN,冶炼利润时序图,THS模板无zhiji_id，需后续匹配,,NONE,NONE,INFO,INFO,UNCHANGED,No blacklist hit (old or new),NO
THS-SN-7.2,THS,SN,锡锭冶炼利润时序图,THS模板无zhiji_id，需后续匹配,,NONE,NONE,INFO,INFO,UNCHANGED,No blacklist hit (old or new),NO
THS-SN-7.2,THS,SN,现金成本时序图,THS模板无zhiji_id，需后续匹配,,NONE,NONE,INFO,INFO,UNCHANGED,No blacklist hit (old or new),NO
THS-SN-7.3,THS,SN,电价（元/度）,THS模板无zhiji_id，需后续匹配,,NONE,NONE,INFO,INFO,UNCHANGED,No blacklist hit (old or new),NO
THS-SN-7.3,THS,SN,煤价（元/吨）,THS模板无zhiji_id，需后续匹配,,NONE,NONE,INFO,INFO,UNCHANGED,No blacklist hit (old or new),NO
THS-SN-7.3,THS,SN,锡精矿价格（元/吨）,THS模板无zhiji_id，需后续匹配,,NONE,NONE,INFO,INFO,UNCHANGED,No blacklist hit (old or new),NO
THS-SN-7.3,THS,SN,再生锡价格（元/吨）,THS模板无zhiji_id，需后续匹配,,NONE,NONE,INFO,INFO,UNCHANGED,No blacklist hit (old or new),NO
THS-SN-7.3,THS,SN,缅甸锡矿价格（元/吨）,THS模板无zhiji_id，需后续匹配,,NONE,NONE,INFO,INFO,UNCHANGED,No blacklist hit (old or new),NO
THS-SN-7.3,THS,SN,加工费（元/吨）,THS模板无zhiji_id，需后续匹配,,NONE,NONE,INFO,INFO,UNCHANGED,No blacklist hit (old or new),NO
THS-SN-7.3,THS,SN,原料成本（元/吨）,THS模板无zhiji_id，需后续匹配,,NONE,NONE,INFO,INFO,UNCHANGED,No blacklist hit (old or new),NO
THS-SN-7.3,THS,SN,能源成本（元/吨）,THS模板无zhiji_id，需后续匹配,,NONE,NONE,INFO,INFO,UNCHANGED,No blacklist hit (old or new),NO
THS-SN-7.3,THS,SN,近3年同月价格均值（元/吨）,THS模板无zhiji_id，需后续匹配,,NONE,NONE,INFO,INFO,UNCHANGED,No blacklist hit (old or new),NO
THS-SN-7.3,THS,SN,近3年同月价格标准差（元/吨）,THS模板无zhiji_id，需后续匹配,,NONE,NONE,INFO,INFO,UNCHANGED,No blacklist hit (old or new),NO
THS-SN-7.3,THS,SN,沪锡主力合约收盘价（元/吨）,THS模板无zhiji_id，需后续匹配,,NONE,NONE,INFO,INFO,UNCHANGED,No blacklist hit (old or new),NO
THS-SN-7.3,THS,SN,冶炼利润（元/吨）,THS模板无zhiji_id，需后续匹配,,NONE,NONE,INFO,INFO,UNCHANGED,No blacklist hit (old or new),NO
THS-SN-7.3,THS,SN,电价时序图,THS模板无zhiji_id，需后续匹配,,NONE,NONE,INFO,INFO,UNCHANGED,No blacklist hit (old or new),NO
THS-SN-7.3,THS,SN,锡精矿价格时序图,THS模板无zhiji_id，需后续匹配,,NONE,NONE,INFO,INFO,UNCHANGED,No blacklist hit (old or new),NO
THS-SN-7.3,THS,SN,再生锡价格时序图,THS模板无zhiji_id，需后续匹配,,NONE,NONE,INFO,INFO,UNCHANGED,No blacklist hit (old or new),NO
THS-SN-7.3,THS,SN,原料成本时序图,THS模板无zhiji_id，需后续匹配,,NONE,NONE,INFO,INFO,UNCHANGED,No blacklist hit (old or new),NO
THS-SN-7.3,THS,SN,能源成本时序图,THS模板无zhiji_id，需后续匹配,,NONE,NONE,INFO,INFO,UNCHANGED,No blacklist hit (old or new),NO
THS-SN-7.3,THS,SN,缅甸锡矿价格时序图,THS模板无zhiji_id，需后续匹配,,NONE,NONE,INFO,INFO,UNCHANGED,No blacklist hit (old or new),NO
THS-SN-7.3,THS,SN,缅甸锡矿加工费TC时序图,THS模板无zhiji_id，需后续匹配,,NONE,NONE,INFO,INFO,UNCHANGED,No blacklist hit (old or new),NO
THS-ZN-2.1,THS,ZN,锌主力合约收盘价（元/吨）,THS模板无zhiji_id，需后续匹配,,NONE,NONE,INFO,INFO,UNCHANGED,No blacklist hit (old or new),NO
THS-ZN-2.1,THS,ZN,持仓量（手）,THS模板无zhiji_id，需后续匹配,,NONE,NONE,INFO,INFO,UNCHANGED,No blacklist hit (old or new),NO
THS-ZN-2.1,THS,ZN,成交量（手）,THS模板无zhiji_id，需后续匹配,,NONE,NONE,INFO,INFO,UNCHANGED,No blacklist hit (old or new),NO
THS-ZN-2.1,THS,ZN,锌基差（元/吨）,THS模板无zhiji_id，需后续匹配,,NONE,NONE,INFO,INFO,UNCHANGED,No blacklist hit (old or new),NO
THS-ZN-2.1,THS,ZN,现货升贴水（元/吨）,THS模板无zhiji_id，需后续匹配,,NONE,NONE,INFO,INFO,UNCHANGED,No blacklist hit (old or new),NO
THS-ZN-2.1,THS,ZN,锌近月合约收盘价（元/吨）,THS模板无zhiji_id，需后续匹配,,NONE,NONE,INFO,INFO,UNCHANGED,No blacklist hit (old or new),NO
THS-ZN-2.1,THS,ZN,锌远月合约收盘价（元/吨）,THS模板无zhiji_id，需后续匹配,,NONE,NONE,INFO,INFO,UNCHANGED,No blacklist hit (old or new),NO
THS-ZN-2.1,THS,ZN,月差（元/吨）,THS模板无zhiji_id，需后续匹配,,NONE,NONE,INFO,INFO,UNCHANGED,No blacklist hit (old or new),NO
THS-ZN-2.1,THS,ZN,锌仓单注册量（手）,THS模板无zhiji_id，需后续匹配,,NONE,NONE,INFO,INFO,UNCHANGED,No blacklist hit (old or new),NO
THS-ZN-2.1,THS,ZN,上期所锌仓单量（手）,THS模板无zhiji_id，需后续匹配,,NONE,NONE,INFO,INFO,UNCHANGED,No blacklist hit (old or new),NO
THS-ZN-2.1,THS,ZN,多空持仓比（%）,THS模板无zhiji_id，需后续匹配,,NONE,NONE,INFO,INFO,UNCHANGED,No blacklist hit (old or new),NO
THS-ZN-2.1,THS,ZN,前20大多头持仓量（手）,THS模板无zhiji_id，需后续匹配,,NONE,NONE,INFO,INFO,UNCHANGED,No blacklist hit (old or new),NO
THS-ZN-2.1,THS,ZN,前20大空头持仓量（手）,THS模板无zhiji_id，需后续匹配,,NONE,NONE,INFO,INFO,UNCHANGED,No blacklist hit (old or new),NO
THS-ZN-2.1,THS,ZN,近3年同月收盘价均值（元/吨）,THS模板无zhiji_id，需后续匹配,,NONE,NONE,INFO,INFO,UNCHANGED,No blacklist hit (old or new),NO
THS-ZN-2.1,THS,ZN,近3年同月收盘价标准差（元/吨）,THS模板无zhiji_id，需后续匹配,,NONE,NONE,INFO,INFO,UNCHANGED,No blacklist hit (old or new),NO
THS-ZN-2.1,THS,ZN,锌进口盈亏（元/吨）,THS模板无zhiji_id，需后续匹配,,NONE,NONE,INFO,INFO,UNCHANGED,No blacklist hit (old or new),NO
THS-ZN-2.1,THS,ZN,沪伦比（元/吨）,THS模板无zhiji_id，需后续匹配,,NONE,NONE,INFO,INFO,UNCHANGED,No blacklist hit (old or new),NO
THS-ZN-2.2,THS,ZN,锌基差（元/吨）,THS模板无zhiji_id，需后续匹配,,NONE,NONE,INFO,INFO,UNCHANGED,No blacklist hit (old or new),NO
THS-ZN-2.2,THS,ZN,现货升贴水（元/吨）,THS模板无zhiji_id，需后续匹配,,NONE,NONE,INFO,INFO,UNCHANGED,No blacklist hit (old or new),NO
THS-ZN-2.2,THS,ZN,锌近月合约收盘价（元/吨）,THS模板无zhiji_id，需后续匹配,,NONE,NONE,INFO,INFO,UNCHANGED,No blacklist hit (old or new),NO
THS-ZN-2.2,THS,ZN,锌远月合约收盘价（元/吨）,THS模板无zhiji_id，需后续匹配,,NONE,NONE,INFO,INFO,UNCHANGED,No blacklist hit (old or new),NO
THS-ZN-2.2,THS,ZN,月差（元/吨）,THS模板无zhiji_id，需后续匹配,,NONE,NONE,INFO,INFO,UNCHANGED,No blacklist hit (old or new),NO
THS-ZN-2.2,THS,ZN,锌进口盈亏（元/吨）,THS模板无zhiji_id，需后续匹配,,NONE,NONE,INFO,INFO,UNCHANGED,No blacklist hit (old or new),NO
THS-ZN-2.2,THS,ZN,沪伦比（元/吨）,THS模板无zhiji_id，需后续匹配,,NONE,NONE,INFO,INFO,UNCHANGED,No blacklist hit (old or new),NO
THS-ZN-2.2,THS,ZN,锌仓单注册量（手）,THS模板无zhiji_id，需后续匹配,,NONE,NONE,INFO,INFO,UNCHANGED,No blacklist hit (old or new),NO
THS-ZN-2.2,THS,ZN,上期所锌仓单量（手）,THS模板无zhiji_id，需后续匹配,,NONE,NONE,INFO,INFO,UNCHANGED,No blacklist hit (old or new),NO
THS-ZN-2.2,THS,ZN,上海锌现货升贴水（元/吨）,THS模板无zhiji_id，需后续匹配,,NONE,NONE,INFO,INFO,UNCHANGED,No blacklist hit (old or new),NO
THS-ZN-2.2,THS,ZN,广东锌现货升贴水（元/吨）,THS模板无zhiji_id，需后续匹配,,NONE,NONE,INFO,INFO,UNCHANGED,No blacklist hit (old or new),NO
THS-ZN-2.2,THS,ZN,天津锌现货升贴水（元/吨）,THS模板无zhiji_id，需后续匹配,,NONE,NONE,INFO,INFO,UNCHANGED,No blacklist hit (old or new),NO
THS-ZN-2.2,THS,ZN,锌现货升贴水（元/吨）,THS模板无zhiji_id，需后续匹配,,NONE,NONE,INFO,INFO,UNCHANGED,No blacklist hit (old or new),NO
THS-ZN-2.2,THS,ZN,近3年同月升贴水均值（元/吨）,THS模板无zhiji_id，需后续匹配,,NONE,NONE,INFO,INFO,UNCHANGED,No blacklist hit (old or new),NO
THS-ZN-2.2,THS,ZN,近3年同月升贴水标准差（元/吨）,THS模板无zhiji_id，需后续匹配,,NONE,NONE,INFO,INFO,UNCHANGED,No blacklist hit (old or new),NO
THS-ZN-2.2,THS,ZN,锌主力合约收盘价（元/吨）,THS模板无zhiji_id，需后续匹配,,NONE,NONE,INFO,INFO,UNCHANGED,No blacklist hit (old or new),NO
THS-ZN-2.2,THS,ZN,LME锌库存（手）,THS模板无zhiji_id，需后续匹配,,NONE,NONE,INFO,INFO,UNCHANGED,No blacklist hit (old or new),NO
THS-ZN-2.3,THS,ZN,LME锌收盘价（美元/吨）,THS模板无zhiji_id，需后续匹配,,NONE,NONE,INFO,INFO,UNCHANGED,No blacklist hit (old or new),NO
THS-ZN-2.3,THS,ZN,COMEX锌收盘价（美元/吨）,THS模板无zhiji_id，需后续匹配,,NONE,NONE,INFO,INFO,UNCHANGED,No blacklist hit (old or new),NO
THS-ZN-2.3,THS,ZN,沪伦比（元/吨）,THS模板无zhiji_id，需后续匹配,,NONE,NONE,INFO,INFO,UNCHANGED,No blacklist hit (old or new),NO
THS-ZN-2.3,THS,ZN,锌主力合约收盘价（元/吨）,THS模板无zhiji_id，需后续匹配,,NONE,NONE,INFO,INFO,UNCHANGED,No blacklist hit (old or new),NO
THS-ZN-2.3,THS,ZN,锌进口盈亏（元/吨）,THS模板无zhiji_id，需后续匹配,,NONE,NONE,INFO,INFO,UNCHANGED,No blacklist hit (old or new),NO
THS-ZN-2.3,THS,ZN,LME锌库存（手）,THS模板无zhiji_id，需后续匹配,,NONE,NONE,INFO,INFO,UNCHANGED,No blacklist hit (old or new),NO
THS-ZN-2.3,THS,ZN,LME锌仓单注册量（手）,THS模板无zhiji_id，需后续匹配,,NONE,NONE,INFO,INFO,UNCHANGED,No blacklist hit (old or new),NO
THS-ZN-2.3,THS,ZN,LME锌现货升贴水（美元/吨）,THS模板无zhiji_id，需后续匹配,,NONE,NONE,INFO,INFO,UNCHANGED,No blacklist hit (old or new),NO
THS-ZN-2.3,THS,ZN,近3年同月收盘价均值（美元/吨）,THS模板无zhiji_id，需后续匹配,,NONE,NONE,INFO,INFO,UNCHANGED,No blacklist hit (old or new),NO
THS-ZN-2.3,THS,ZN,近3年同月收盘价标准差（美元/吨）,THS模板无zhiji_id，需后续匹配,,NONE,NONE,INFO,INFO,UNCHANGED,No blacklist hit (old or new),NO
THS-ZN-2.3,THS,ZN,沪锌主力合约收盘价（元/吨）,THS模板无zhiji_id，需后续匹配,,NONE,NONE,INFO,INFO,UNCHANGED,No blacklist hit (old or new),NO
THS-ZN-2.4,THS,ZN,锌近月合约收盘价（元/吨）,THS模板无zhiji_id，需后续匹配,,NONE,NONE,INFO,INFO,UNCHANGED,No blacklist hit (old or new),NO
THS-ZN-2.4,THS,ZN,锌远月合约收盘价（元/吨）,THS模板无zhiji_id，需后续匹配,,NONE,NONE,INFO,INFO,UNCHANGED,No blacklist hit (old or new),NO
THS-ZN-2.4,THS,ZN,月差（元/吨）,THS模板无zhiji_id，需后续匹配,,NONE,NONE,INFO,INFO,UNCHANGED,No blacklist hit (old or new),NO
THS-ZN-2.4,THS,ZN,锌次近月合约收盘价（元/吨）,THS模板无zhiji_id，需后续匹配,,NONE,NONE,INFO,INFO,UNCHANGED,No blacklist hit (old or new),NO
THS-ZN-2.4,THS,ZN,期限结构斜率（元/吨/月）,THS模板无zhiji_id，需后续匹配,,NONE,NONE,INFO,INFO,UNCHANGED,No blacklist hit (old or new),NO
THS-ZN-2.4,THS,ZN,锌仓单注册量（手）,THS模板无zhiji_id，需后续匹配,,NONE,NONE,INFO,INFO,UNCHANGED,No blacklist hit (old or new),NO
THS-ZN-2.4,THS,ZN,LME锌库存（手）,THS模板无zhiji_id，需后续匹配,,NONE,NONE,INFO,INFO,UNCHANGED,No blacklist hit (old or new),NO
THS-ZN-2.4,THS,ZN,锌月差（元/吨）,THS模板无zhiji_id，需后续匹配,,NONE,NONE,INFO,INFO,UNCHANGED,No blacklist hit (old or new),NO
THS-ZN-2.4,THS,ZN,沪伦比（元/吨）,THS模板无zhiji_id，需后续匹配,,NONE,NONE,INFO,INFO,UNCHANGED,No blacklist hit (old or new),NO
THS-ZN-2.4,THS,ZN,锌进口盈亏（元/吨）,THS模板无zhiji_id，需后续匹配,,NONE,NONE,INFO,INFO,UNCHANGED,No blacklist hit (old or new),NO
THS-ZN-2.4,THS,ZN,近3年同月月差均值（元/吨）,THS模板无zhiji_id，需后续匹配,,NONE,NONE,INFO,INFO,UNCHANGED,No blacklist hit (old or new),NO
THS-ZN-2.4,THS,ZN,近3年同月月差标准差（元/吨）,THS模板无zhiji_id，需后续匹配,,NONE,NONE,INFO,INFO,UNCHANGED,No blacklist hit (old or new),NO
THS-ZN-2.4,THS,ZN,锌期限结构斜率（元/吨/月）,THS模板无zhiji_id，需后续匹配,,NONE,NONE,INFO,INFO,UNCHANGED,No blacklist hit (old or new),NO
THS-ZN-2.4,THS,ZN,近3年同期斜率分位（%）,THS模板无zhiji_id，需后续匹配,,NONE,NONE,INFO,INFO,UNCHANGED,No blacklist hit (old or new),NO
THS-ZN-2.5,THS,ZN,电解锌冶炼利润（元/吨）,THS模板无zhiji_id，需后续匹配,,NONE,NONE,INFO,INFO,UNCHANGED,No blacklist hit (old or new),NO
THS-ZN-2.5,THS,ZN,沪锌主力合约收盘价（元/吨）,THS模板无zhiji_id，需后续匹配,,NONE,NONE,INFO,INFO,UNCHANGED,No blacklist hit (old or new),NO
THS-ZN-2.5,THS,ZN,锌精矿成本（元/吨）,THS模板无zhiji_id，需后续匹配,,NONE,NONE,INFO,INFO,UNCHANGED,No blacklist hit (old or new),NO
THS-ZN-2.5,THS,ZN,锌精矿加工费（元/吨）,THS模板无zhiji_id，需后续匹配,,NONE,NONE,INFO,INFO,UNCHANGED,No blacklist hit (old or new),NO
THS-ZN-2.5,THS,ZN,锌精矿TC（美元/吨干矿）,THS模板无zhiji_id，需后续匹配,,NONE,NONE,INFO,INFO,UNCHANGED,No blacklist hit (old or new),NO
THS-ZN-2.5,THS,ZN,锌冶炼估值分位（%）,THS模板无zhiji_id，需后续匹配,,NONE,NONE,INFO,INFO,UNCHANGED,No blacklist hit (old or new),NO
THS-ZN-2.5,THS,ZN,电解锌现金成本（元/吨）,THS模板无zhiji_id，需后续匹配,,NONE,NONE,INFO,INFO,UNCHANGED,No blacklist hit (old or new),NO
THS-ZN-2.5,THS,ZN,锌冶炼利润分位（%）,THS模板无zhiji_id，需后续匹配,,NONE,NONE,INFO,INFO,UNCHANGED,No blacklist hit (old or new),NO
THS-ZN-2.5,THS,ZN,近3年同期利润均值（元/吨）,THS模板无zhiji_id，需后续匹配,,NONE,NONE,INFO,INFO,UNCHANGED,No blacklist hit (old or new),NO
THS-ZN-2.5,THS,ZN,再生锌冶炼利润（元/吨）,THS模板无zhiji_id，需后续匹配,,NONE,NONE,INFO,INFO,UNCHANGED,No blacklist hit (old or new),NO
THS-ZN-2.5,THS,ZN,锌合金冶炼利润（元/吨）,THS模板无zhiji_id，需后续匹配,,NONE,NONE,INFO,INFO,UNCHANGED,No blacklist hit (old or new),NO
THS-ZN-2.5,THS,ZN,近3年同月利润均值（元/吨）,THS模板无zhiji_id，需后续匹配,,NONE,NONE,INFO,INFO,UNCHANGED,No blacklist hit (old or new),NO
THS-ZN-2.5,THS,ZN,近3年同月利润标准差（元/吨）,THS模板无zhiji_id，需后续匹配,,NONE,NONE,INFO,INFO,UNCHANGED,No blacklist hit (old or new),NO
THS-ZN-2.6,THS,ZN,前20大多头持仓量（手）,THS模板无zhiji_id，需后续匹配,,NONE,NONE,INFO,INFO,UNCHANGED,No blacklist hit (old or new),NO
THS-ZN-2.6,THS,ZN,前20大空头持仓量（手）,THS模板无zhiji_id，需后续匹配,,NONE,NONE,INFO,INFO,UNCHANGED,No blacklist hit (old or new),NO
THS-ZN-2.6,THS,ZN,多空持仓比（%）,THS模板无zhiji_id，需后续匹配,,NONE,NONE,INFO,INFO,UNCHANGED,No blacklist hit (old or new),NO
THS-ZN-2.6,THS,ZN,前20大净持仓量（手）,THS模板无zhiji_id，需后续匹配,,NONE,NONE,INFO,INFO,UNCHANGED,No blacklist hit (old or new),NO
THS-ZN-2.6,THS,ZN,沪锌主力合约收盘价（元/吨）,THS模板无zhiji_id，需后续匹配,,NONE,NONE,INFO,INFO,UNCHANGED,No blacklist hit (old or new),NO
THS-ZN-2.6,THS,ZN,近3年同月净持仓量均值（手）,THS模板无zhiji_id，需后续匹配,,NONE,NONE,INFO,INFO,UNCHANGED,No blacklist hit (old or new),NO
THS-ZN-2.6,THS,ZN,近3年同月净持仓量标准差（手）,THS模板无zhiji_id，需后续匹配,,NONE,NONE,INFO,INFO,UNCHANGED,No blacklist hit (old or new),NO
THS-ZN-2.6,THS,ZN,锌冶炼估值分位（%）,THS模板无zhiji_id，需后续匹配,,NONE,NONE,INFO,INFO,UNCHANGED,No blacklist hit (old or new),NO
THS-ZN-2.6,THS,ZN,总持仓量（手）,THS模板无zhiji_id，需后续匹配,,NONE,NONE,INFO,INFO,UNCHANGED,No blacklist hit (old or new),NO
THS-ZN-2.6,THS,ZN,成交量（手）,THS模板无zhiji_id，需后续匹配,,NONE,NONE,INFO,INFO,UNCHANGED,No blacklist hit (old or new),NO
THS-ZN-2.6,THS,ZN,LME锌库存（手）,THS模板无zhiji_id，需后续匹配,,NONE,NONE,INFO,INFO,UNCHANGED,No blacklist hit (old or new),NO
THS-ZN-3.1.1,THS,ZN,海外锌矿产量（万吨）,THS模板无zhiji_id，需后续匹配,,NONE,NONE,INFO,INFO,UNCHANGED,No blacklist hit (old or new),NO
THS-ZN-3.1.1,THS,ZN,海外锌矿加工费TC（美元/吨干矿）,THS模板无zhiji_id，需后续匹配,,NONE,NONE,INFO,INFO,UNCHANGED,No blacklist hit (old or new),NO
THS-ZN-3.1.1,THS,ZN,海外锌精炼产量（万吨）,THS模板无zhiji_id，需后续匹配,,NONE,NONE,INFO,INFO,UNCHANGED,No blacklist hit (old or new),NO
THS-ZN-3.1.1,THS,ZN,海外锌矿开工率（%）,THS模板无zhiji_id，需后续匹配,,NONE,NONE,INFO,INFO,UNCHANGED,No blacklist hit (old or new),NO
THS-ZN-3.1.1,THS,ZN,海外锌矿产能利用率（%）,THS模板无zhiji_id，需后续匹配,,NONE,NONE,INFO,INFO,UNCHANGED,No blacklist hit (old or new),NO
THS-ZN-3.1.1,THS,ZN,海外锌矿产能（万吨）,THS模板无zhiji_id，需后续匹配,,NONE,NONE,INFO,INFO,UNCHANGED,No blacklist hit (old or new),NO
THS-ZN-3.1.1,THS,ZN,海外锌矿检修量（万吨）,THS模板无zhiji_id，需后续匹配,,NONE,NONE,INFO,INFO,UNCHANGED,No blacklist hit (old or new),NO
THS-ZN-3.1.1,THS,ZN,海外锌矿进口量（万吨）,THS模板无zhiji_id，需后续匹配,,NONE,NONE,INFO,INFO,UNCHANGED,No blacklist hit (old or new),NO
THS-ZN-3.1.1,THS,ZN,海外锌矿进口量分国别（万吨）,THS模板无zhiji_id，需后续匹配,,NONE,NONE,INFO,INFO,UNCHANGED,No blacklist hit (old or new),NO
THS-ZN-3.1.1,THS,ZN,海外锌矿再生产量（万吨）,THS模板无zhiji_id，需后续匹配,,NONE,NONE,INFO,INFO,UNCHANGED,No blacklist hit (old or new),NO
THS-ZN-3.1.1,THS,ZN,近3年同季产量均值（万吨）,THS模板无zhiji_id，需后续匹配,,NONE,NONE,INFO,INFO,UNCHANGED,No blacklist hit (old or new),NO
THS-ZN-3.1.1,THS,ZN,近3年同季产量标准差（万吨）,THS模板无zhiji_id，需后续匹配,,NONE,NONE,INFO,INFO,UNCHANGED,No blacklist hit (old or new),NO
THS-ZN-3.1.2,THS,ZN,秘鲁锌矿产量（万吨）,THS模板无zhiji_id，需后续匹配,,NONE,NONE,INFO,INFO,UNCHANGED,No blacklist hit (old or new),NO
THS-ZN-3.1.2,THS,ZN,澳大利亚锌矿产量（万吨）,THS模板无zhiji_id，需后续匹配,,NONE,NONE,INFO,INFO,UNCHANGED,No blacklist hit (old or new),NO
THS-ZN-3.1.2,THS,ZN,印度锌矿产量（万吨）,THS模板无zhiji_id，需后续匹配,,NONE,NONE,INFO,INFO,UNCHANGED,No blacklist hit (old or new),NO
THS-ZN-3.1.2,THS,ZN,南非锌矿产量（万吨）,THS模板无zhiji_id，需后续匹配,,NONE,NONE,INFO,INFO,UNCHANGED,No blacklist hit (old or new),NO
THS-ZN-3.1.2,THS,ZN,秘鲁锌精炼产量（万吨）,THS模板无zhiji_id，需后续匹配,,NONE,NONE,INFO,INFO,UNCHANGED,No blacklist hit (old or new),NO
THS-ZN-3.1.2,THS,ZN,澳大利亚锌精炼产量（万吨）,THS模板无zhiji_id，需后续匹配,,NONE,NONE,INFO,INFO,UNCHANGED,No blacklist hit (old or new),NO
THS-ZN-3.1.2,THS,ZN,印度锌精炼产量（万吨）,THS模板无zhiji_id，需后续匹配,,NONE,NONE,INFO,INFO,UNCHANGED,No blacklist hit (old or new),NO
THS-ZN-3.1.2,THS,ZN,南非锌精炼产量（万吨）,THS模板无zhiji_id，需后续匹配,,NONE,NONE,INFO,INFO,UNCHANGED,No blacklist hit (old or new),NO
THS-ZN-3.1.2,THS,ZN,秘鲁锌矿开工率（%）,THS模板无zhiji_id，需后续匹配,,NONE,NONE,INFO,INFO,UNCHANGED,No blacklist hit (old or new),NO
THS-ZN-3.1.2,THS,ZN,澳大利亚锌矿开工率（%）,THS模板无zhiji_id，需后续匹配,,NONE,NONE,INFO,INFO,UNCHANGED,No blacklist hit (old or new),NO
THS-ZN-3.1.2,THS,ZN,印度锌矿开工率（%）,THS模板无zhiji_id，需后续匹配,,NONE,NONE,INFO,INFO,UNCHANGED,No blacklist hit (old or new),NO
THS-ZN-3.1.2,THS,ZN,南非锌矿开工率（%）,THS模板无zhiji_id，需后续匹配,,NONE,NONE,INFO,INFO,UNCHANGED,No blacklist hit (old or new),NO
THS-ZN-3.1.2,THS,ZN,秘鲁锌矿产能利用率（%）,THS模板无zhiji_id，需后续匹配,,NONE,NONE,INFO,INFO,UNCHANGED,No blacklist hit (old or new),NO
THS-ZN-3.1.2,THS,ZN,澳大利亚锌矿产能利用率（%）,THS模板无zhiji_id，需后续匹配,,NONE,NONE,INFO,INFO,UNCHANGED,No blacklist hit (old or new),NO
THS-ZN-3.1.2,THS,ZN,印度锌矿产能利用率（%）,THS模板无zhiji_id，需后续匹配,,NONE,NONE,INFO,INFO,UNCHANGED,No blacklist hit (old or new),NO
THS-ZN-3.1.2,THS,ZN,南非锌矿产能利用率（%）,THS模板无zhiji_id，需后续匹配,,NONE,NONE,INFO,INFO,UNCHANGED,No blacklist hit (old or new),NO
THS-ZN-3.1.2,THS,ZN,秘鲁锌矿检修量（万吨）,THS模板无zhiji_id，需后续匹配,,NONE,NONE,INFO,INFO,UNCHANGED,No blacklist hit (old or new),NO
THS-ZN-3.1.2,THS,ZN,澳大利亚锌矿检修量（万吨）,THS模板无zhiji_id，需后续匹配,,NONE,NONE,INFO,INFO,UNCHANGED,No blacklist hit (old or new),NO
THS-ZN-3.1.2,THS,ZN,印度锌矿检修量（万吨）,THS模板无zhiji_id，需后续匹配,,NONE,NONE,INFO,INFO,UNCHANGED,No blacklist hit (old or new),NO
THS-ZN-3.1.2,THS,ZN,南非锌矿检修量（万吨）,THS模板无zhiji_id，需后续匹配,,NONE,NONE,INFO,INFO,UNCHANGED,No blacklist hit (old or new),NO
THS-ZN-3.1.2,THS,ZN,秘鲁锌矿进口量（万吨）,THS模板无zhiji_id，需后续匹配,,NONE,NONE,INFO,INFO,UNCHANGED,No blacklist hit (old or new),NO
THS-ZN-3.1.2,THS,ZN,澳大利亚锌矿进口量（万吨）,THS模板无zhiji_id，需后续匹配,,NONE,NONE,INFO,INFO,UNCHANGED,No blacklist hit (old or new),NO
THS-ZN-3.1.2,THS,ZN,印度锌矿进口量（万吨）,THS模板无zhiji_id，需后续匹配,,NONE,NONE,INFO,INFO,UNCHANGED,No blacklist hit (old or new),NO
THS-ZN-3.1.2,THS,ZN,南非锌矿进口量（万吨）,THS模板无zhiji_id，需后续匹配,,NONE,NONE,INFO,INFO,UNCHANGED,No blacklist hit (old or new),NO
THS-ZN-3.1.2,THS,ZN,秘鲁锌矿再生产量（万吨）,THS模板无zhiji_id，需后续匹配,,NONE,NONE,INFO,INFO,UNCHANGED,No blacklist hit (old or new),NO
THS-ZN-3.1.2,THS,ZN,澳大利亚锌矿再生产量（万吨）,THS模板无zhiji_id，需后续匹配,,NONE,NONE,INFO,INFO,UNCHANGED,No blacklist hit (old or new),NO
THS-ZN-3.1.2,THS,ZN,印度锌矿再生产量（万吨）,THS模板无zhiji_id，需后续匹配,,NONE,NONE,INFO,INFO,UNCHANGED,No blacklist hit (old or new),NO
THS-ZN-3.1.2,THS,ZN,南非锌矿再生产量（万吨）,THS模板无zhiji_id，需后续匹配,,NONE,NONE,INFO,INFO,UNCHANGED,No blacklist hit (old or new),NO
THS-ZN-3.1.2,THS,ZN,近3年同月秘鲁产量均值（万吨）,THS模板无zhiji_id，需后续匹配,,NONE,NONE,INFO,INFO,UNCHANGED,No blacklist hit (old or new),NO
THS-ZN-3.1.2,THS,ZN,近3年同月秘鲁产量标准差（万吨）,THS模板无zhiji_id，需后续匹配,,NONE,NONE,INFO,INFO,UNCHANGED,No blacklist hit (old or new),NO
THS-ZN-3.1.3,THS,ZN,国内锌矿产量（万吨）,THS模板无zhiji_id，需后续匹配,,NONE,NONE,INFO,INFO,UNCHANGED,No blacklist hit (old or new),NO
THS-ZN-3.1.3,THS,ZN,国内锌矿加工费TC（美元/吨干矿）,THS模板无zhiji_id，需后续匹配,,NONE,NONE,INFO,INFO,UNCHANGED,No blacklist hit (old or new),NO
THS-ZN-3.1.3,THS,ZN,国内锌矿开工率（%）,THS模板无zhiji_id，需后续匹配,,NONE,NONE,INFO,INFO,UNCHANGED,No blacklist hit (old or new),NO
THS-ZN-3.1.3,THS,ZN,国内锌矿产能利用率（%）,THS模板无zhiji_id，需后续匹配,,NONE,NONE,INFO,INFO,UNCHANGED,No blacklist hit (old or new),NO
THS-ZN-3.1.3,THS,ZN,国内锌矿产能（万吨）,THS模板无zhiji_id，需后续匹配,,NONE,NONE,INFO,INFO,UNCHANGED,No blacklist hit (old or new),NO
THS-ZN-3.1.3,THS,ZN,国内锌矿检修量（万吨）,THS模板无zhiji_id，需后续匹配,,NONE,NONE,INFO,INFO,UNCHANGED,No blacklist hit (old or new),NO
THS-ZN-3.1.3,THS,ZN,国内锌矿进口量（万吨）,THS模板无zhiji_id，需后续匹配,,NONE,NONE,INFO,INFO,UNCHANGED,No blacklist hit (old or new),NO
THS-ZN-3.1.3,THS,ZN,国内锌矿进口量分国别（万吨）,THS模板无zhiji_id，需后续匹配,,NONE,NONE,INFO,INFO,UNCHANGED,No blacklist hit (old or new),NO
THS-ZN-3.1.3,THS,ZN,国内锌矿再生产量（万吨）,THS模板无zhiji_id，需后续匹配,,NONE,NONE,INFO,INFO,UNCHANGED,No blacklist hit (old or new),NO
THS-ZN-3.1.3,THS,ZN,近3年同月产量均值（万吨）,THS模板无zhiji_id，需后续匹配,,NONE,NONE,INFO,INFO,UNCHANGED,No blacklist hit (old or new),NO
THS-ZN-3.1.3,THS,ZN,近3年同月产量标准差（万吨）,THS模板无zhiji_id，需后续匹配,,NONE,NONE,INFO,INFO,UNCHANGED,No blacklist hit (old or new),NO
THS-ZN-3.1.3,THS,ZN,国内锌矿TC（美元/吨干矿）,THS模板无zhiji_id，需后续匹配,,NONE,NONE,INFO,INFO,UNCHANGED,No blacklist hit (old or new),NO
THS-ZN-3.1.4,THS,ZN,国内锌矿进口总量（万吨）,THS模板无zhiji_id，需后续匹配,,NONE,NONE,INFO,INFO,UNCHANGED,No blacklist hit (old or new),NO
THS-ZN-3.1.4,THS,ZN,锌矿TC（美元/吨干矿）,THS模板无zhiji_id，需后续匹配,,NONE,NONE,INFO,INFO,UNCHANGED,No blacklist hit (old or new),NO
THS-ZN-3.1.4,THS,ZN,秘鲁锌矿进口量（万吨）,THS模板无zhiji_id，需后续匹配,,NONE,NONE,INFO,INFO,UNCHANGED,No blacklist hit (old or new),NO
THS-ZN-3.1.4,THS,ZN,澳大利亚锌矿进口量（万吨）,THS模板无zhiji_id，需后续匹配,,NONE,NONE,INFO,INFO,UNCHANGED,No blacklist hit (old or new),NO
THS-ZN-3.1.4,THS,ZN,印度锌矿进口量（万吨）,THS模板无zhiji_id，需后续匹配,,NONE,NONE,INFO,INFO,UNCHANGED,No blacklist hit (old or new),NO
THS-ZN-3.1.4,THS,ZN,南非锌矿进口量（万吨）,THS模板无zhiji_id，需后续匹配,,NONE,NONE,INFO,INFO,UNCHANGED,No blacklist hit (old or new),NO
THS-ZN-3.1.4,THS,ZN,锌矿进口盈亏（元/吨）,THS模板无zhiji_id，需后续匹配,,NONE,NONE,INFO,INFO,UNCHANGED,No blacklist hit (old or new),NO
THS-ZN-3.1.4,THS,ZN,沪伦比（元/吨）,THS模板无zhiji_id，需后续匹配,,NONE,NONE,INFO,INFO,UNCHANGED,No blacklist hit (old or new),NO
THS-ZN-3.1.4,THS,ZN,锌矿进口量（万吨）,THS模板无zhiji_id，需后续匹配,,NONE,NONE,INFO,INFO,UNCHANGED,No blacklist hit (old or new),NO
THS-ZN-3.1.4,THS,ZN,LME锌库存（手）,THS模板无zhiji_id，需后续匹配,,NONE,NONE,INFO,INFO,UNCHANGED,No blacklist hit (old or new),NO
THS-ZN-3.1.4,THS,ZN,近3年同月进口量均值（万吨）,THS模板无zhiji_id，需后续匹配,,NONE,NONE,INFO,INFO,UNCHANGED,No blacklist hit (old or new),NO
THS-ZN-3.1.4,THS,ZN,近3年同月进口量标准差（万吨）,THS模板无zhiji_id，需后续匹配,,NONE,NONE,INFO,INFO,UNCHANGED,No blacklist hit (old or new),NO
THS-ZN-3.1.4,THS,ZN,上期所锌仓单注册量（手）,THS模板无zhiji_id，需后续匹配,,NONE,NONE,INFO,INFO,UNCHANGED,No blacklist hit (old or new),NO
THS-ZN-3.1.4,THS,ZN,近3年同月秘鲁进口量均值（万吨）,THS模板无zhiji_id，需后续匹配,,NONE,NONE,INFO,INFO,UNCHANGED,No blacklist hit (old or new),NO
THS-ZN-3.1.4,THS,ZN,近3年同月秘鲁进口量标准差（万吨）,THS模板无zhiji_id，需后续匹配,,NONE,NONE,INFO,INFO,UNCHANGED,No blacklist hit (old or new),NO
THS-ZN-3.1.5,THS,ZN,锌精矿TC（美元/吨干矿）,THS模板无zhiji_id，需后续匹配,,NONE,NONE,INFO,INFO,UNCHANGED,No blacklist hit (old or new),NO
THS-ZN-3.1.5,THS,ZN,电解锌冶炼利润（元/吨）,THS模板无zhiji_id，需后续匹配,,NONE,NONE,INFO,INFO,UNCHANGED,No blacklist hit (old or new),NO
THS-ZN-3.1.5,THS,ZN,近3年同期TC分位（%）,THS模板无zhiji_id，需后续匹配,,NONE,NONE,INFO,INFO,UNCHANGED,No blacklist hit (old or new),NO
THS-ZN-3.1.5,THS,ZN,锌矿进口盈亏（元/吨）,THS模板无zhiji_id，需后续匹配,,NONE,NONE,INFO,INFO,UNCHANGED,No blacklist hit (old or new),NO
THS-ZN-3.1.5,THS,ZN,沪伦比（元/吨）,THS模板无zhiji_id，需后续匹配,,NONE,NONE,INFO,INFO,UNCHANGED,No blacklist hit (old or new),NO
THS-ZN-3.1.5,THS,ZN,近3年同月TC均值（美元/吨干矿）,THS模板无zhiji_id，需后续匹配,,NONE,NONE,INFO,INFO,UNCHANGED,No blacklist hit (old or new),NO
THS-ZN-3.1.5,THS,ZN,近3年同月TC标准差（美元/吨干矿）,THS模板无zhiji_id，需后续匹配,,NONE,NONE,INFO,INFO,UNCHANGED,No blacklist hit (old or new),NO
THS-ZN-3.1.5,THS,ZN,上期所锌仓单注册量（手）,THS模板无zhiji_id，需后续匹配,,NONE,NONE,INFO,INFO,UNCHANGED,No blacklist hit (old or new),NO
THS-ZN-3.1.5,THS,ZN,LME锌库存（手）,THS模板无zhiji_id，需后续匹配,,NONE,NONE,INFO,INFO,UNCHANGED,No blacklist hit (old or new),NO
THS-ZN-3.1.5,THS,ZN,锌冶炼利润分位（%）,THS模板无zhiji_id，需后续匹配,,NONE,NONE,INFO,INFO,UNCHANGED,No blacklist hit (old or new),NO
THS-ZN-3.2.1,THS,ZN,国内锌精炼产量（万吨）,THS模板无zhiji_id，需后续匹配,,NONE,NONE,INFO,INFO,UNCHANGED,No blacklist hit (old or new),NO
THS-ZN-3.2.1,THS,ZN,电解锌冶炼利润（元/吨）,THS模板无zhiji_id，需后续匹配,,NONE,NONE,INFO,INFO,UNCHANGED,No blacklist hit (old or new),NO
THS-ZN-3.2.1,THS,ZN,国内锌精炼开工率（%）,THS模板无zhiji_id，需后续匹配,,NONE,NONE,INFO,INFO,UNCHANGED,No blacklist hit (old or new),NO
THS-ZN-3.2.1,THS,ZN,国内锌精炼产能利用率（%）,THS模板无zhiji_id，需后续匹配,,NONE,NONE,INFO,INFO,UNCHANGED,No blacklist hit (old or new),NO
THS-ZN-3.2.1,THS,ZN,国内锌精炼产能（万吨）,THS模板无zhiji_id，需后续匹配,,NONE,NONE,INFO,INFO,UNCHANGED,No blacklist hit (old or new),NO
THS-ZN-3.2.1,THS,ZN,国内锌精炼检修量（万吨）,THS模板无zhiji_id，需后续匹配,,NONE,NONE,INFO,INFO,UNCHANGED,No blacklist hit (old or new),NO
THS-ZN-3.2.1,THS,ZN,国内锌精炼进口量（万吨）,THS模板无zhiji_id，需后续匹配,,NONE,NONE,INFO,INFO,UNCHANGED,No blacklist hit (old or new),NO
THS-ZN-3.2.1,THS,ZN,国内锌精炼进口量分国别（万吨）,THS模板无zhiji_id，需后续匹配,,NONE,NONE,INFO,INFO,UNCHANGED,No blacklist hit (old or new),NO
THS-ZN-3.2.1,THS,ZN,国内锌精炼再生产量（万吨）,THS模板无zhiji_id，需后续匹配,,NONE,NONE,INFO,INFO,UNCHANGED,No blacklist hit (old or new),NO
THS-ZN-3.2.1,THS,ZN,近3年同月产量均值（万吨）,THS模板无zhiji_id，需后续匹配,,NONE,NONE,INFO,INFO,UNCHANGED,No blacklist hit (old or new),NO
THS-ZN-3.2.1,THS,ZN,近3年同月产量标准差（万吨）,THS模板无zhiji_id，需后续匹配,,NONE,NONE,INFO,INFO,UNCHANGED,No blacklist hit (old or new),NO
THS-ZN-3.2.1,THS,ZN,锌精矿TC（美元/吨干矿）,THS模板无zhiji_id，需后续匹配,,NONE,NONE,INFO,INFO,UNCHANGED,No blacklist hit (old or new),NO
THS-ZN-3.2.2,THS,ZN,国内锌精炼开工率（%）,THS模板无zhiji_id，需后续匹配,,NONE,NONE,INFO,INFO,UNCHANGED,No blacklist hit (old or new),NO
THS-ZN-3.2.2,THS,ZN,国内锌精炼产量（万吨）,THS模板无zhiji_id，需后续匹配,,NONE,NONE,INFO,INFO,UNCHANGED,No blacklist hit (old or new),NO
THS-ZN-3.2.2,THS,ZN,国内锌精炼检修量（万吨）,THS模板无zhiji_id，需后续匹配,,NONE,NONE,INFO,INFO,UNCHANGED,No blacklist hit (old or new),NO
THS-ZN-3.2.2,THS,ZN,国内锌精炼开工天数（天）,THS模板无zhiji_id，需后续匹配,,NONE,NONE,INFO,INFO,UNCHANGED,No blacklist hit (old or new),NO
THS-ZN-3.2.2,THS,ZN,国内锌精炼产能（万吨）,THS模板无zhiji_id，需后续匹配,,NONE,NONE,INFO,INFO,UNCHANGED,No blacklist hit (old or new),NO
THS-ZN-3.2.2,THS,ZN,国内锌精炼产能利用率（%）,THS模板无zhiji_id，需后续匹配,,NONE,NONE,INFO,INFO,UNCHANGED,No blacklist hit (old or new),NO
THS-ZN-3.2.2,THS,ZN,锌精矿TC（美元/吨干矿）,THS模板无zhiji_id，需后续匹配,,NONE,NONE,INFO,INFO,UNCHANGED,No blacklist hit (old or new),NO
THS-ZN-3.2.2,THS,ZN,近3年同月检修量均值（万吨）,THS模板无zhiji_id，需后续匹配,,NONE,NONE,INFO,INFO,UNCHANGED,No blacklist hit (old or new),NO
THS-ZN-3.2.2,THS,ZN,近3年同月检修量标准差（万吨）,THS模板无zhiji_id，需后续匹配,,NONE,NONE,INFO,INFO,UNCHANGED,No blacklist hit (old or new),NO
THS-ZN-3.2.2,THS,ZN,电解锌冶炼利润（元/吨）,THS模板无zhiji_id，需后续匹配,,NONE,NONE,INFO,INFO,UNCHANGED,No blacklist hit (old or new),NO
THS-ZN-3.2.2,THS,ZN,国内锌精炼进口量（万吨）,THS模板无zhiji_id，需后续匹配,,NONE,NONE,INFO,INFO,UNCHANGED,No blacklist hit (old or new),NO
THS-ZN-3.2.3,THS,ZN,国内再生锌产量（万吨）,THS模板无zhiji_id，需后续匹配,,NONE,NONE,INFO,INFO,UNCHANGED,No blacklist hit (old or new),NO
THS-ZN-3.2.3,THS,ZN,国内锌精炼产量（万吨）,THS模板无zhiji_id，需后续匹配,,NONE,NONE,INFO,INFO,UNCHANGED,No blacklist hit (old or new),NO
THS-ZN-3.2.3,THS,ZN,再生锌进口量（万吨）,THS模板无zhiji_id，需后续匹配,,NONE,NONE,INFO,INFO,UNCHANGED,No blacklist hit (old or new),NO
THS-ZN-3.2.3,THS,ZN,再生锌进口量分国别（万吨）,THS模板无zhiji_id，需后续匹配,,NONE,NONE,INFO,INFO,UNCHANGED,No blacklist hit (old or new),NO
THS-ZN-3.2.3,THS,ZN,再生锌开工率（%）,THS模板无zhiji_id，需后续匹配,,NONE,NONE,INFO,INFO,UNCHANGED,No blacklist hit (old or new),NO
THS-ZN-3.2.3,THS,ZN,再生锌产能利用率（%）,THS模板无zhiji_id，需后续匹配,,NONE,NONE,INFO,INFO,UNCHANGED,No blacklist hit (old or new),NO
THS-ZN-3.2.3,THS,ZN,再生锌产能（万吨）,THS模板无zhiji_id，需后续匹配,,NONE,NONE,INFO,INFO,UNCHANGED,No blacklist hit (old or new),NO
THS-ZN-3.2.3,THS,ZN,再生锌检修量（万吨）,THS模板无zhiji_id，需后续匹配,,NONE,NONE,INFO,INFO,UNCHANGED,No blacklist hit (old or new),NO
THS-ZN-3.2.3,THS,ZN,再生锌进口盈亏（元/吨）,THS模板无zhiji_id，需后续匹配,,NONE,NONE,INFO,INFO,UNCHANGED,No blacklist hit (old or new),NO
THS-ZN-3.2.3,THS,ZN,沪伦比（元/吨）,THS模板无zhiji_id，需后续匹配,,NONE,NONE,INFO,INFO,UNCHANGED,No blacklist hit (old or new),NO
THS-ZN-3.2.3,THS,ZN,近3年同月产量均值（万吨）,THS模板无zhiji_id，需后续匹配,,NONE,NONE,INFO,INFO,UNCHANGED,No blacklist hit (old or new),NO
THS-ZN-3.2.3,THS,ZN,近3年同月产量标准差（万吨）,THS模板无zhiji_id，需后续匹配,,NONE,NONE,INFO,INFO,UNCHANGED,No blacklist hit (old or new),NO
THS-ZN-3.2.3,THS,ZN,锌合金产量（万吨）,THS模板无zhiji_id，需后续匹配,,NONE,NONE,INFO,INFO,UNCHANGED,No blacklist hit (old or new),NO
THS-ZN-3.2.4,THS,ZN,电解锌冶炼利润（元/吨）,THS模板无zhiji_id，需后续匹配,,NONE,NONE,INFO,INFO,UNCHANGED,No blacklist hit (old or new),NO
THS-ZN-3.2.4,THS,ZN,锌精矿TC（美元/吨干矿）,THS模板无zhiji_id，需后续匹配,,NONE,NONE,INFO,INFO,UNCHANGED,No blacklist hit (old or new),NO
THS-ZN-3.2.4,THS,ZN,电解锌冶炼利润分位（%）,THS模板无zhiji_id，需后续匹配,,NONE,NONE,INFO,INFO,UNCHANGED,No blacklist hit (old or new),NO
THS-ZN-3.2.4,THS,ZN,近3年同期利润均值（元/吨）,THS模板无zhiji_id，需后续匹配,,NONE,NONE,INFO,INFO,UNCHANGED,No blacklist hit (old or new),NO
THS-ZN-3.2.4,THS,ZN,锌矿进口盈亏（元/吨）,THS模板无zhiji_id，需后续匹配,,NONE,NONE,INFO,INFO,UNCHANGED,No blacklist hit (old or new),NO
THS-ZN-3.2.4,THS,ZN,沪伦比（元/吨）,THS模板无zhiji_id，需后续匹配,,NONE,NONE,INFO,INFO,UNCHANGED,No blacklist hit (old or new),NO
THS-ZN-3.2.4,THS,ZN,近3年同月利润均值（元/吨）,THS模板无zhiji_id，需后续匹配,,NONE,NONE,INFO,INFO,UNCHANGED,No blacklist hit (old or new),NO
THS-ZN-3.2.4,THS,ZN,近3年同月利润标准差（元/吨）,THS模板无zhiji_id，需后续匹配,,NONE,NONE,INFO,INFO,UNCHANGED,No blacklist hit (old or new),NO
THS-ZN-3.2.4,THS,ZN,LME锌库存（手）,THS模板无zhiji_id，需后续匹配,,NONE,NONE,INFO,INFO,UNCHANGED,No blacklist hit (old or new),NO
THS-ZN-3.2.4,THS,ZN,上期所锌仓单注册量（手）,THS模板无zhiji_id，需后续匹配,,NONE,NONE,INFO,INFO,UNCHANGED,No blacklist hit (old or new),NO
THS-ZN-3.2.4,THS,ZN,锌合金冶炼利润（元/吨）,THS模板无zhiji_id，需后续匹配,,NONE,NONE,INFO,INFO,UNCHANGED,No blacklist hit (old or new),NO
THS-ZN-4.1,THS,ZN,上期所锌库存（手）,THS模板无zhiji_id，需后续匹配,,NONE,NONE,INFO,INFO,UNCHANGED,No blacklist hit (old or new),NO
THS-ZN-4.1,THS,ZN,上期所锌仓单注册量（手）,THS模板无zhiji_id，需后续匹配,,NONE,NONE,INFO,INFO,UNCHANGED,No blacklist hit (old or new),NO
THS-ZN-4.1,THS,ZN,LME锌库存（手）,THS模板无zhiji_id，需后续匹配,,NONE,NONE,INFO,INFO,UNCHANGED,No blacklist hit (old or new),NO
THS-ZN-4.1,THS,ZN,LME锌注销仓单（手）,THS模板无zhiji_id，需后续匹配,,NONE,NONE,INFO,INFO,UNCHANGED,No blacklist hit (old or new),NO
THS-ZN-4.1,THS,ZN,近3年同日库存均值（手）,THS模板无zhiji_id，需后续匹配,,NONE,NONE,INFO,INFO,UNCHANGED,No blacklist hit (old or new),NO
THS-ZN-4.1,THS,ZN,近3年同日库存标准差（手）,THS模板无zhiji_id，需后续匹配,,NONE,NONE,INFO,INFO,UNCHANGED,No blacklist hit (old or new),NO
THS-ZN-4.1,THS,ZN,上期所锌注销仓单（手）,THS模板无zhiji_id，需后续匹配,,NONE,NONE,INFO,INFO,UNCHANGED,No blacklist hit (old or new),NO
THS-ZN-4.1,THS,ZN,沪锌主力合约收盘价（元/吨）,THS模板无zhiji_id，需后续匹配,,NONE,NONE,INFO,INFO,UNCHANGED,No blacklist hit (old or new),NO
THS-ZN-4.1,THS,ZN,上期所锌库存分地区（手）,THS模板无zhiji_id，需后续匹配,,NONE,NONE,INFO,INFO,UNCHANGED,No blacklist hit (old or new),NO
THS-ZN-4.1,THS,ZN,在途库存（手）,THS模板无zhiji_id，需后续匹配,,NONE,NONE,INFO,INFO,UNCHANGED,No blacklist hit (old or new),NO
THS-ZN-4.2,THS,ZN,上期所锌仓单注册量（手）,THS模板无zhiji_id，需后续匹配,,NONE,NONE,INFO,INFO,UNCHANGED,No blacklist hit (old or new),NO
THS-ZN-4.2,THS,ZN,上期所锌注销仓单（手）,THS模板无zhiji_id，需后续匹配,,NONE,NONE,INFO,INFO,UNCHANGED,No blacklist hit (old or new),NO
THS-ZN-4.2,THS,ZN,LME锌注销仓单（手）,THS模板无zhiji_id，需后续匹配,,NONE,NONE,INFO,INFO,UNCHANGED,No blacklist hit (old or new),NO
THS-ZN-4.2,THS,ZN,LME锌库存（手）,THS模板无zhiji_id，需后续匹配,,NONE,NONE,INFO,INFO,UNCHANGED,No blacklist hit (old or new),NO
THS-ZN-4.2,THS,ZN,近3年同日仓单均值（手）,THS模板无zhiji_id，需后续匹配,,NONE,NONE,INFO,INFO,UNCHANGED,No blacklist hit (old or new),NO
THS-ZN-4.2,THS,ZN,近3年同日仓单标准差（手）,THS模板无zhiji_id，需后续匹配,,NONE,NONE,INFO,INFO,UNCHANGED,No blacklist hit (old or new),NO
THS-ZN-4.2,THS,ZN,在途库存（手）,THS模板无zhiji_id，需后续匹配,,NONE,NONE,INFO,INFO,UNCHANGED,No blacklist hit (old or new),NO
THS-ZN-4.2,THS,ZN,隐性库存（手）,THS模板无zhiji_id，需后续匹配,,NONE,NONE,INFO,INFO,UNCHANGED,No blacklist hit (old or new),NO
THS-ZN-4.2,THS,ZN,上期所锌仓单分地区（手）,THS模板无zhiji_id，需后续匹配,,NONE,NONE,INFO,INFO,UNCHANGED,No blacklist hit (old or new),NO
THS-ZN-4.2,THS,ZN,上期所锌仓单持有天数（天）,THS模板无zhiji_id，需后续匹配,,NONE,NONE,INFO,INFO,UNCHANGED,No blacklist hit (old or new),NO
THS-ZN-4.3,THS,ZN,国内锌社会库存总量（万吨）,THS模板无zhiji_id，需后续匹配,,NONE,NONE,INFO,INFO,UNCHANGED,No blacklist hit (old or new),NO
THS-ZN-4.3,THS,ZN,上期所锌库存（手）,THS模板无zhiji_id，需后续匹配,,NONE,NONE,INFO,INFO,UNCHANGED,No blacklist hit (old or new),NO
THS-ZN-4.3,THS,ZN,国内锌厂内库存（万吨）,THS模板无zhiji_id，需后续匹配,,NONE,NONE,INFO,INFO,UNCHANGED,No blacklist hit (old or new),NO
THS-ZN-4.3,THS,ZN,国内锌在途库存（万吨）,THS模板无zhiji_id，需后续匹配,,NONE,NONE,INFO,INFO,UNCHANGED,No blacklist hit (old or new),NO
THS-ZN-4.3,THS,ZN,国内锌隐性库存（万吨）,THS模板无zhiji_id，需后续匹配,,NONE,NONE,INFO,INFO,UNCHANGED,No blacklist hit (old or new),NO
THS-ZN-4.3,THS,ZN,近3年同周库存均值（万吨）,THS模板无zhiji_id，需后续匹配,,NONE,NONE,INFO,INFO,UNCHANGED,No blacklist hit (old or new),NO
THS-ZN-4.3,THS,ZN,近3年同周库存标准差（万吨）,THS模板无zhiji_id，需后续匹配,,NONE,NONE,INFO,INFO,UNCHANGED,No blacklist hit (old or new),NO
THS-ZN-4.3,THS,ZN,沪锌主力合约收盘价（元/吨）,THS模板无zhiji_id，需后续匹配,,NONE,NONE,INFO,INFO,UNCHANGED,No blacklist hit (old or new),NO
THS-ZN-4.3,THS,ZN,国内锌社会库存分地区（万吨）,THS模板无zhiji_id，需后续匹配,,NONE,NONE,INFO,INFO,UNCHANGED,No blacklist hit (old or new),NO
THS-ZN-4.3,THS,ZN,锌锭现货升贴水（元/吨）,THS模板无zhiji_id，需后续匹配,,NONE,NONE,INFO,INFO,UNCHANGED,No blacklist hit (old or new),NO
THS-ZN-4.4,THS,ZN,国内锌厂内锌锭库存（万吨）,THS模板无zhiji_id，需后续匹配,,NONE,NONE,INFO,INFO,UNCHANGED,No blacklist hit (old or new),NO
THS-ZN-4.4,THS,ZN,国内锌社会库存总量（万吨）,THS模板无zhiji_id，需后续匹配,,NONE,NONE,INFO,INFO,UNCHANGED,No blacklist hit (old or new),NO
THS-ZN-4.4,THS,ZN,国内锌厂内锌合金库存（万吨）,THS模板无zhiji_id，需后续匹配,,NONE,NONE,INFO,INFO,UNCHANGED,No blacklist hit (old or new),NO
THS-ZN-4.4,THS,ZN,国内锌厂内库存占比（%）,THS模板无zhiji_id，需后续匹配,,NONE,NONE,INFO,INFO,UNCHANGED,No blacklist hit (old or new),NO
THS-ZN-4.4,THS,ZN,国内锌厂内库存天数（天）,THS模板无zhiji_id，需后续匹配,,NONE,NONE,INFO,INFO,UNCHANGED,No blacklist hit (old or new),NO
THS-ZN-4.4,THS,ZN,近3年同月/同周库存均值（万吨）,THS模板无zhiji_id，需后续匹配,,NONE,NONE,INFO,INFO,UNCHANGED,No blacklist hit (old or new),NO
THS-ZN-4.4,THS,ZN,近3年同月/同周库存标准差（万吨）,THS模板无zhiji_id，需后续匹配,,NONE,NONE,INFO,INFO,UNCHANGED,No blacklist hit (old or new),NO
THS-ZN-4.4,THS,ZN,上期所锌仓单注册量（手）,THS模板无zhiji_id，需后续匹配,,NONE,NONE,INFO,INFO,UNCHANGED,No blacklist hit (old or new),NO
THS-ZN-4.4,THS,ZN,国内锌厂内锌锭库存分地区（万吨）,THS模板无zhiji_id，需后续匹配,,NONE,NONE,INFO,INFO,UNCHANGED,No blacklist hit (old or new),NO
THS-ZN-4.4,THS,ZN,锌锭现货升贴水（元/吨）,THS模板无zhiji_id，需后续匹配,,NONE,NONE,INFO,INFO,UNCHANGED,No blacklist hit (old or new),NO
THS-ZN-4.5,THS,ZN,国内锌隐性库存总量（万吨）,THS模板无zhiji_id，需后续匹配,,NONE,NONE,INFO,INFO,UNCHANGED,No blacklist hit (old or new),NO
THS-ZN-4.5,THS,ZN,国内锌社会库存总量（万吨）,THS模板无zhiji_id，需后续匹配,,NONE,NONE,INFO,INFO,UNCHANGED,No blacklist hit (old or new),NO
THS-ZN-4.5,THS,ZN,国内锌在途库存总量（万吨）,THS模板无zhiji_id，需后续匹配,,NONE,NONE,INFO,INFO,UNCHANGED,No blacklist hit (old or new),NO
THS-ZN-4.5,THS,ZN,国内锌隐性库存占比（%）,THS模板无zhiji_id，需后续匹配,,NONE,NONE,INFO,INFO,UNCHANGED,No blacklist hit (old or new),NO
THS-ZN-4.5,THS,ZN,国内锌在途库存占比（%）,THS模板无zhiji_id，需后续匹配,,NONE,NONE,INFO,INFO,UNCHANGED,No blacklist hit (old or new),NO
THS-ZN-4.5,THS,ZN,近3年同月/同周均值（万吨）,THS模板无zhiji_id，需后续匹配,,NONE,NONE,INFO,INFO,UNCHANGED,No blacklist hit (old or new),NO
THS-ZN-4.5,THS,ZN,国内锌隐性库存分地区（万吨）,THS模板无zhiji_id，需后续匹配,,NONE,NONE,INFO,INFO,UNCHANGED,No blacklist hit (old or new),NO
THS-ZN-4.5,THS,ZN,锌锭现货升贴水（元/吨）,THS模板无zhiji_id，需后续匹配,,NONE,NONE,INFO,INFO,UNCHANGED,No blacklist hit (old or new),NO
THS-ZN-5.1,THS,ZN,国内锌表观消费量（万吨）,THS模板无zhiji_id，需后续匹配,,NONE,NONE,INFO,INFO,UNCHANGED,No blacklist hit (old or new),NO
THS-ZN-5.1,THS,ZN,国内锌精炼产量（万吨）,THS模板无zhiji_id，需后续匹配,,NONE,NONE,INFO,INFO,UNCHANGED,No blacklist hit (old or new),NO
THS-ZN-5.1,THS,ZN,国内锌冶炼开工率（%）,THS模板无zhiji_id，需后续匹配,,NONE,NONE,INFO,INFO,UNCHANGED,No blacklist hit (old or new),NO
THS-ZN-5.1,THS,ZN,国内锌冶炼产量（万吨）,THS模板无zhiji_id，需后续匹配,,NONE,NONE,INFO,INFO,UNCHANGED,No blacklist hit (old or new),NO
THS-ZN-5.1,THS,ZN,国内锌社会库存总量（万吨）,THS模板无zhiji_id，需后续匹配,,NONE,NONE,INFO,INFO,UNCHANGED,No blacklist hit (old or new),NO
THS-ZN-5.1,THS,ZN,国内锌冶炼订单量（万吨）,THS模板无zhiji_id，需后续匹配,,NONE,NONE,INFO,INFO,UNCHANGED,No blacklist hit (old or new),NO
THS-ZN-5.1,THS,ZN,国内锌冶炼排产计划（万吨）,THS模板无zhiji_id，需后续匹配,,NONE,NONE,INFO,INFO,UNCHANGED,No blacklist hit (old or new),NO
THS-ZN-5.1,THS,ZN,国内锌冶炼需求增速（%）,THS模板无zhiji_id，需后续匹配,,NONE,NONE,INFO,INFO,UNCHANGED,No blacklist hit (old or new),NO
THS-ZN-5.1,THS,ZN,国内锌冶炼消费占比（%）,THS模板无zhiji_id，需后续匹配,,NONE,NONE,INFO,INFO,UNCHANGED,No blacklist hit (old or new),NO
THS-ZN-5.1,THS,ZN,国内锌冶炼表观消费量（万吨）,THS模板无zhiji_id，需后续匹配,,NONE,NONE,INFO,INFO,UNCHANGED,No blacklist hit (old or new),NO
THS-ZN-5.1,THS,ZN,近3年同月表观消费量均值（万吨）,THS模板无zhiji_id，需后续匹配,,NONE,NONE,INFO,INFO,UNCHANGED,No blacklist hit (old or new),NO
THS-ZN-5.1,THS,ZN,近3年同月表观消费量标准差（万吨）,THS模板无zhiji_id，需后续匹配,,NONE,NONE,INFO,INFO,UNCHANGED,No blacklist hit (old or new),NO
THS-ZN-5.2,THS,ZN,国内镀锌板产量（万吨）,THS模板无zhiji_id，需后续匹配,,NONE,NONE,INFO,INFO,UNCHANGED,No blacklist hit (old or new),YES
THS-ZN-5.2,THS,ZN,国内锌锭消费量（万吨）,THS模板无zhiji_id，需后续匹配,,NONE,NONE,INFO,INFO,UNCHANGED,No blacklist hit (old or new),YES
THS-ZN-5.2,THS,ZN,国内氧化锌产量（万吨）,THS模板无zhiji_id，需后续匹配,,NONE,NONE,INFO,INFO,UNCHANGED,No blacklist hit (old or new),YES
THS-ZN-5.2,THS,ZN,国内压铸合金产量（万吨）,THS模板无zhiji_id，需后续匹配,,NONE,NONE,INFO,INFO,UNCHANGED,No blacklist hit (old or new),YES
THS-ZN-5.2,THS,ZN,国内电池级锌产量（万吨）,THS模板无zhiji_id，需后续匹配,,NONE,NONE,INFO,INFO,UNCHANGED,No blacklist hit (old or new),YES
THS-ZN-5.2,THS,ZN,国内镀锌板开工率（%）,THS模板无zhiji_id，需后续匹配,,NONE,NONE,INFO,INFO,UNCHANGED,No blacklist hit (old or new),YES
THS-ZN-5.2,THS,ZN,国内氧化锌开工率（%）,THS模板无zhiji_id，需后续匹配,,NONE,NONE,INFO,INFO,UNCHANGED,No blacklist hit (old or new),YES
THS-ZN-5.2,THS,ZN,近3年同月产量均值（万吨）,THS模板无zhiji_id，需后续匹配,,NONE,NONE,INFO,INFO,UNCHANGED,No blacklist hit (old or new),YES
THS-ZN-5.2,THS,ZN,近3年同月产量标准差（万吨）,THS模板无zhiji_id，需后续匹配,,NONE,NONE,INFO,INFO,UNCHANGED,No blacklist hit (old or new),YES
THS-ZN-5.2,THS,ZN,国内镀锌板/热镀锌消费量（万吨）,THS模板无zhiji_id，需后续匹配,,NONE,NONE,INFO,INFO,UNCHANGED,No blacklist hit (old or new),YES
THS-ZN-5.3,THS,ZN,国内镀锌板订单量（万吨）,THS模板无zhiji_id，需后续匹配,,NONE,NONE,INFO,INFO,UNCHANGED,No blacklist hit (old or new),NO
THS-ZN-5.3,THS,ZN,国内镀锌板排产计划（万吨）,THS模板无zhiji_id，需后续匹配,,NONE,NONE,INFO,INFO,UNCHANGED,No blacklist hit (old or new),NO
THS-ZN-5.3,THS,ZN,国内锌出口量（万吨）,THS模板无zhiji_id，需后续匹配,,NONE,NONE,INFO,INFO,UNCHANGED,No blacklist hit (old or new),NO
THS-ZN-5.3,THS,ZN,国内锌精炼产量（万吨）,THS模板无zhiji_id，需后续匹配,,NONE,NONE,INFO,INFO,UNCHANGED,No blacklist hit (old or new),NO
THS-ZN-5.3,THS,ZN,国内制造业PMI（%）,THS模板无zhiji_id，需后续匹配,,NONE,NONE,INFO,INFO,UNCHANGED,No blacklist hit (old or new),NO
THS-ZN-5.3,THS,ZN,国内锌表观消费量（万吨）,THS模板无zhiji_id，需后续匹配,,NONE,NONE,INFO,INFO,UNCHANGED,No blacklist hit (old or new),NO
THS-ZN-5.3,THS,ZN,LME锌库存（手）,THS模板无zhiji_id，需后续匹配,,NONE,NONE,INFO,INFO,UNCHANGED,No blacklist hit (old or new),NO
THS-ZN-5.3,THS,ZN,LME锌注销仓单（手）,THS模板无zhiji_id，需后续匹配,,NONE,NONE,INFO,INFO,UNCHANGED,No blacklist hit (old or new),NO
THS-ZN-5.3,THS,ZN,沪锌主力合约收盘价（元/吨）,THS模板无zhiji_id，需后续匹配,,NONE,NONE,INFO,INFO,UNCHANGED,No blacklist hit (old or new),NO
THS-ZN-5.3,THS,ZN,LME锌收盘价（美元/吨）,THS模板无zhiji_id，需后续匹配,,NONE,NONE,INFO,INFO,UNCHANGED,No blacklist hit (old or new),NO
THS-ZN-5.3,THS,ZN,沪伦比（元/吨）,THS模板无zhiji_id，需后续匹配,,NONE,NONE,INFO,INFO,UNCHANGED,No blacklist hit (old or new),NO
THS-ZN-5.3,THS,ZN,国内电池级锌订单量（万吨）,THS模板无zhiji_id，需后续匹配,,NONE,NONE,INFO,INFO,UNCHANGED,No blacklist hit (old or new),NO
THS-ZN-5.3,THS,ZN,国内电池级锌产量（万吨）,THS模板无zhiji_id，需后续匹配,,NONE,NONE,INFO,INFO,UNCHANGED,No blacklist hit (old or new),NO
THS-ZN-5.3,THS,ZN,近3年同月表观消费量均值（万吨）,THS模板无zhiji_id，需后续匹配,,NONE,NONE,INFO,INFO,UNCHANGED,No blacklist hit (old or new),NO
THS-ZN-5.3,THS,ZN,近3年同月表观消费量标准差（万吨）,THS模板无zhiji_id，需后续匹配,,NONE,NONE,INFO,INFO,UNCHANGED,No blacklist hit (old or new),NO
THS-ZN-6.1,THS,ZN,国内锌精矿进口量（万吨）,THS模板无zhiji_id，需后续匹配,,NONE,NONE,INFO,INFO,UNCHANGED,No blacklist hit (old or new),NO
THS-ZN-6.1,THS,ZN,国内锌精炼产量（万吨）,THS模板无zhiji_id，需后续匹配,,NONE,NONE,INFO,INFO,UNCHANGED,No blacklist hit (old or new),NO
THS-ZN-6.1,THS,ZN,国内再生锌进口量（万吨）,THS模板无zhiji_id，需后续匹配,,NONE,NONE,INFO,INFO,UNCHANGED,No blacklist hit (old or new),NO
THS-ZN-6.1,THS,ZN,国内再生锌产量（万吨）,THS模板无zhiji_id，需后续匹配,,NONE,NONE,INFO,INFO,UNCHANGED,No blacklist hit (old or new),NO
THS-ZN-6.1,THS,ZN,国内锌精矿进口量分国别（万吨）,THS模板无zhiji_id，需后续匹配,,NONE,NONE,INFO,INFO,UNCHANGED,No blacklist hit (old or new),NO
THS-ZN-6.1,THS,ZN,国内锌精矿进口量总量（万吨）,THS模板无zhiji_id，需后续匹配,,NONE,NONE,INFO,INFO,UNCHANGED,No blacklist hit (old or new),NO
THS-ZN-6.1,THS,ZN,国内锌精矿保税区库存（万吨）,THS模板无zhiji_id，需后续匹配,,NONE,NONE,INFO,INFO,UNCHANGED,No blacklist hit (old or new),NO
THS-ZN-6.1,THS,ZN,国内锌精矿进口盈亏（元/吨）,THS模板无zhiji_id，需后续匹配,,NONE,NONE,INFO,INFO,UNCHANGED,No blacklist hit (old or new),NO
THS-ZN-6.1,THS,ZN,沪伦比（元/吨）,THS模板无zhiji_id，需后续匹配,,NONE,NONE,INFO,INFO,UNCHANGED,No blacklist hit (old or new),NO
THS-ZN-6.1,THS,ZN,国内锌精矿发运量（万吨）,THS模板无zhiji_id，需后续匹配,,NONE,NONE,INFO,INFO,UNCHANGED,No blacklist hit (old or new),NO
THS-ZN-6.1,THS,ZN,近3年同月进口量均值（万吨）,THS模板无zhiji_id，需后续匹配,,NONE,NONE,INFO,INFO,UNCHANGED,No blacklist hit (old or new),NO
THS-ZN-6.1,THS,ZN,近3年同月进口量标准差（万吨）,THS模板无zhiji_id，需后续匹配,,NONE,NONE,INFO,INFO,UNCHANGED,No blacklist hit (old or new),NO
THS-ZN-6.1,THS,ZN,国内锌精矿关税税率（%）,THS模板无zhiji_id，需后续匹配,,NONE,NONE,INFO,INFO,UNCHANGED,No blacklist hit (old or new),NO
THS-ZN-6.2,THS,ZN,国内电锌进口量（万吨）,THS模板无zhiji_id，需后续匹配,,NONE,NONE,INFO,INFO,UNCHANGED,No blacklist hit (old or new),NO
THS-ZN-6.2,THS,ZN,国内电锌出口量（万吨）,THS模板无zhiji_id，需后续匹配,,NONE,NONE,INFO,INFO,UNCHANGED,No blacklist hit (old or new),NO
THS-ZN-6.2,THS,ZN,国内电锌净进口量（万吨）,THS模板无zhiji_id，需后续匹配,,NONE,NONE,INFO,INFO,UNCHANGED,No blacklist hit (old or new),NO
THS-ZN-6.2,THS,ZN,国内电锌进口量分国别（万吨）,THS模板无zhiji_id，需后续匹配,,NONE,NONE,INFO,INFO,UNCHANGED,No blacklist hit (old or new),NO
THS-ZN-6.2,THS,ZN,国内电锌进口量总量（万吨）,THS模板无zhiji_id，需后续匹配,,NONE,NONE,INFO,INFO,UNCHANGED,No blacklist hit (old or new),NO
THS-ZN-6.2,THS,ZN,国内电锌保税区库存（万吨）,THS模板无zhiji_id，需后续匹配,,NONE,NONE,INFO,INFO,UNCHANGED,No blacklist hit (old or new),NO
THS-ZN-6.2,THS,ZN,国内电锌保税区仓单（手）,THS模板无zhiji_id，需后续匹配,,NONE,NONE,INFO,INFO,UNCHANGED,No blacklist hit (old or new),NO
THS-ZN-6.2,THS,ZN,近3年同月出口量均值（万吨）,THS模板无zhiji_id，需后续匹配,,NONE,NONE,INFO,INFO,UNCHANGED,No blacklist hit (old or new),NO
THS-ZN-6.2,THS,ZN,近3年同月出口量标准差（万吨）,THS模板无zhiji_id，需后续匹配,,NONE,NONE,INFO,INFO,UNCHANGED,No blacklist hit (old or new),NO
THS-ZN-6.2,THS,ZN,国内电锌进出口金额（亿美元）,THS模板无zhiji_id，需后续匹配,,NONE,NONE,INFO,INFO,UNCHANGED,No blacklist hit (old or new),NO
THS-ZN-6.2,THS,ZN,国内电锌关税税率（%）,THS模板无zhiji_id，需后续匹配,,NONE,NONE,INFO,INFO,UNCHANGED,No blacklist hit (old or new),NO
THS-ZN-6.3,THS,ZN,国内镀锌板出口量（万吨）,THS模板无zhiji_id，需后续匹配,,NONE,NONE,INFO,INFO,UNCHANGED,No blacklist hit (old or new),NO
THS-ZN-6.3,THS,ZN,国内镀锌板产量（万吨）,THS模板无zhiji_id，需后续匹配,,NONE,NONE,INFO,INFO,UNCHANGED,No blacklist hit (old or new),NO
THS-ZN-6.3,THS,ZN,国内锌合金出口量（万吨）,THS模板无zhiji_id，需后续匹配,,NONE,NONE,INFO,INFO,UNCHANGED,No blacklist hit (old or new),NO
THS-ZN-6.3,THS,ZN,国内锌合金产量（万吨）,THS模板无zhiji_id，需后续匹配,,NONE,NONE,INFO,INFO,UNCHANGED,No blacklist hit (old or new),NO
THS-ZN-6.3,THS,ZN,国内氧化锌出口量（万吨）,THS模板无zhiji_id，需后续匹配,,NONE,NONE,INFO,INFO,UNCHANGED,No blacklist hit (old or new),NO
THS-ZN-6.3,THS,ZN,国内氧化锌产量（万吨）,THS模板无zhiji_id，需后续匹配,,NONE,NONE,INFO,INFO,UNCHANGED,No blacklist hit (old or new),NO
THS-ZN-6.3,THS,ZN,国内压铸合金出口量（万吨）,THS模板无zhiji_id，需后续匹配,,NONE,NONE,INFO,INFO,UNCHANGED,No blacklist hit (old or new),NO
THS-ZN-6.3,THS,ZN,国内压铸合金产量（万吨）,THS模板无zhiji_id，需后续匹配,,NONE,NONE,INFO,INFO,UNCHANGED,No blacklist hit (old or new),NO
THS-ZN-6.3,THS,ZN,国内锌制品出口金额（亿美元）,THS模板无zhiji_id，需后续匹配,,NONE,NONE,INFO,INFO,UNCHANGED,No blacklist hit (old or new),NO
THS-ZN-6.3,THS,ZN,国内锌制品出口量（万吨）,THS模板无zhiji_id，需后续匹配,,NONE,NONE,INFO,INFO,UNCHANGED,No blacklist hit (old or new),NO
THS-ZN-6.3,THS,ZN,国内锌制品出口量分国别（万吨）,THS模板无zhiji_id，需后续匹配,,NONE,NONE,INFO,INFO,UNCHANGED,No blacklist hit (old or new),NO
THS-ZN-6.3,THS,ZN,国内锌制品出口量总量（万吨）,THS模板无zhiji_id，需后续匹配,,NONE,NONE,INFO,INFO,UNCHANGED,No blacklist hit (old or new),NO
THS-ZN-6.3,THS,ZN,近3年同月出口量均值（万吨）,THS模板无zhiji_id，需后续匹配,,NONE,NONE,INFO,INFO,UNCHANGED,No blacklist hit (old or new),NO
THS-ZN-6.3,THS,ZN,近3年同月出口量标准差（万吨）,THS模板无zhiji_id，需后续匹配,,NONE,NONE,INFO,INFO,UNCHANGED,No blacklist hit (old or new),NO
THS-ZN-6.3,THS,ZN,沪锌主力合约收盘价（元/吨）,THS模板无zhiji_id，需后续匹配,,NONE,NONE,INFO,INFO,UNCHANGED,No blacklist hit (old or new),NO
THS-ZN-6.4,THS,ZN,海外对华锌精矿发运量（万吨）,THS模板无zhiji_id，需后续匹配,,NONE,NONE,INFO,INFO,UNCHANGED,No blacklist hit (old or new),NO
THS-ZN-6.4,THS,ZN,国内锌精矿进口量（万吨）,THS模板无zhiji_id，需后续匹配,,NONE,NONE,INFO,INFO,UNCHANGED,No blacklist hit (old or new),NO
THS-ZN-6.4,THS,ZN,海外对华电锌发运量（万吨）,THS模板无zhiji_id，需后续匹配,,NONE,NONE,INFO,INFO,UNCHANGED,No blacklist hit (old or new),NO
THS-ZN-6.4,THS,ZN,国内电锌进口量（万吨）,THS模板无zhiji_id，需后续匹配,,NONE,NONE,INFO,INFO,UNCHANGED,No blacklist hit (old or new),NO
THS-ZN-6.4,THS,ZN,海外对华锌发运天数（天）,THS模板无zhiji_id，需后续匹配,,NONE,NONE,INFO,INFO,UNCHANGED,No blacklist hit (old or new),NO
THS-ZN-6.4,THS,ZN,海外对华锌发运量（万吨）,THS模板无zhiji_id，需后续匹配,,NONE,NONE,INFO,INFO,UNCHANGED,No blacklist hit (old or new),NO
THS-ZN-6.4,THS,ZN,海外对华锌发运量分国别（万吨）,THS模板无zhiji_id，需后续匹配,,NONE,NONE,INFO,INFO,UNCHANGED,No blacklist hit (old or new),NO
THS-ZN-6.4,THS,ZN,海外对华锌发运量总量（万吨）,THS模板无zhiji_id，需后续匹配,,NONE,NONE,INFO,INFO,UNCHANGED,No blacklist hit (old or new),NO
THS-ZN-6.4,THS,ZN,海外对华锌保税区库存（万吨）,THS模板无zhiji_id，需后续匹配,,NONE,NONE,INFO,INFO,UNCHANGED,No blacklist hit (old or new),NO
THS-ZN-6.4,THS,ZN,海外对华锌保税区仓单（手）,THS模板无zhiji_id，需后续匹配,,NONE,NONE,INFO,INFO,UNCHANGED,No blacklist hit (old or new),NO
THS-ZN-6.4,THS,ZN,近3年同月发运量均值（万吨）,THS模板无zhiji_id，需后续匹配,,NONE,NONE,INFO,INFO,UNCHANGED,No blacklist hit (old or new),NO
THS-ZN-6.4,THS,ZN,近3年同月发运量标准差（万吨）,THS模板无zhiji_id，需后续匹配,,NONE,NONE,INFO,INFO,UNCHANGED,No blacklist hit (old or new),NO
THS-ZN-6.4,THS,ZN,海外对华锌发运盈亏（元/吨）,THS模板无zhiji_id，需后续匹配,,NONE,NONE,INFO,INFO,UNCHANGED,No blacklist hit (old or new),NO
THS-ZN-6.4,THS,ZN,沪伦比（元/吨）,THS模板无zhiji_id，需后续匹配,,NONE,NONE,INFO,INFO,UNCHANGED,No blacklist hit (old or new),NO
THS-ZN-7.1,THS,ZN,国内锌冶炼成本（元/吨）,THS模板无zhiji_id，需后续匹配,,NONE,NONE,INFO,INFO,UNCHANGED,No blacklist hit (old or new),NO
THS-ZN-7.1,THS,ZN,国内锌冶炼成本分位（%）,THS模板无zhiji_id，需后续匹配,,NONE,NONE,INFO,INFO,UNCHANGED,No blacklist hit (old or new),NO
THS-ZN-7.1,THS,ZN,国内锌精炼产量（万吨）,THS模板无zhiji_id，需后续匹配,,NONE,NONE,INFO,INFO,UNCHANGED,No blacklist hit (old or new),NO
THS-ZN-7.1,THS,ZN,国内锌冶炼加工费（元/吨）,THS模板无zhiji_id，需后续匹配,,NONE,NONE,INFO,INFO,UNCHANGED,No blacklist hit (old or new),NO
THS-ZN-7.1,THS,ZN,国内锌电解成本（元/吨）,THS模板无zhiji_id，需后续匹配,,NONE,NONE,INFO,INFO,UNCHANGED,No blacklist hit (old or new),NO
THS-ZN-7.1,THS,ZN,国内锌现金成本（元/吨）,THS模板无zhiji_id，需后续匹配,,NONE,NONE,INFO,INFO,UNCHANGED,No blacklist hit (old or new),NO
THS-ZN-7.1,THS,ZN,国内锌冶炼利润（元/吨）,THS模板无zhiji_id，需后续匹配,,NONE,NONE,INFO,INFO,UNCHANGED,No blacklist hit (old or new),NO
THS-ZN-7.1,THS,ZN,国内锌电价（元/度）,THS模板无zhiji_id，需后续匹配,,NONE,NONE,INFO,INFO,UNCHANGED,No blacklist hit (old or new),NO
THS-ZN-7.1,THS,ZN,国内锌原料成本（元/吨）,THS模板无zhiji_id，需后续匹配,,NONE,NONE,INFO,INFO,UNCHANGED,No blacklist hit (old or new),NO
THS-ZN-7.1,THS,ZN,近3年同季成本均值（元/吨）,THS模板无zhiji_id，需后续匹配,,NONE,NONE,INFO,INFO,UNCHANGED,No blacklist hit (old or new),NO
THS-ZN-7.1,THS,ZN,近3年同季成本标准差（元/吨）,THS模板无zhiji_id，需后续匹配,,NONE,NONE,INFO,INFO,UNCHANGED,No blacklist hit (old or new),NO
THS-ZN-7.2,THS,ZN,国内锌冶炼日度利润（元/吨）,THS模板无zhiji_id，需后续匹配,,NONE,NONE,INFO,INFO,UNCHANGED,No blacklist hit (old or new),NO
THS-ZN-7.2,THS,ZN,国内锌精炼日度产量（吨）,THS模板无zhiji_id，需后续匹配,,NONE,NONE,INFO,INFO,UNCHANGED,No blacklist hit (old or new),NO
THS-ZN-7.2,THS,ZN,国内锌电解日度利润（元/吨）,THS模板无zhiji_id，需后续匹配,,NONE,NONE,INFO,INFO,UNCHANGED,No blacklist hit (old or new),NO
THS-ZN-7.2,THS,ZN,国内锌冶炼日度加工费（元/吨）,THS模板无zhiji_id，需后续匹配,,NONE,NONE,INFO,INFO,UNCHANGED,No blacklist hit (old or new),NO
THS-ZN-7.2,THS,ZN,国内锌冶炼日度原料成本（元/吨）,THS模板无zhiji_id，需后续匹配,,NONE,NONE,INFO,INFO,UNCHANGED,No blacklist hit (old or new),NO
THS-ZN-7.2,THS,ZN,国内锌冶炼日度电价（元/度）,THS模板无zhiji_id，需后续匹配,,NONE,NONE,INFO,INFO,UNCHANGED,No blacklist hit (old or new),NO
THS-ZN-7.2,THS,ZN,国内锌冶炼日度现金成本（元/吨）,THS模板无zhiji_id，需后续匹配,,NONE,NONE,INFO,INFO,UNCHANGED,No blacklist hit (old or new),NO
THS-ZN-7.2,THS,ZN,国内锌冶炼日度分位成本（%）,THS模板无zhiji_id，需后续匹配,,NONE,NONE,INFO,INFO,UNCHANGED,No blacklist hit (old or new),NO
THS-ZN-7.2,THS,ZN,近3年同日产量均值（吨）,THS模板无zhiji_id，需后续匹配,,NONE,NONE,INFO,INFO,UNCHANGED,No blacklist hit (old or new),NO
THS-ZN-7.2,THS,ZN,近3年同日产量标准差（吨）,THS模板无zhiji_id，需后续匹配,,NONE,NONE,INFO,INFO,UNCHANGED,No blacklist hit (old or new),NO
THS-ZN-7.3,THS,ZN,国内锌冶炼月电价（元/度）,THS模板无zhiji_id，需后续匹配,,NONE,NONE,INFO,INFO,UNCHANGED,No blacklist hit (old or new),NO
THS-ZN-7.3,THS,ZN,国内锌电解月成本（元/吨）,THS模板无zhiji_id，需后续匹配,,NONE,NONE,INFO,INFO,UNCHANGED,No blacklist hit (old or new),NO
THS-ZN-7.3,THS,ZN,国内锌冶炼月煤炭成本（元/吨）,THS模板无zhiji_id，需后续匹配,,NONE,NONE,INFO,INFO,UNCHANGED,No blacklist hit (old or new),NO
THS-ZN-7.3,THS,ZN,国内锌冶炼月成本（元/吨）,THS模板无zhiji_id，需后续匹配,,NONE,NONE,INFO,INFO,UNCHANGED,No blacklist hit (old or new),NO
THS-ZN-7.3,THS,ZN,国内锌冶炼月柴油成本（元/吨）,THS模板无zhiji_id，需后续匹配,,NONE,NONE,INFO,INFO,UNCHANGED,No blacklist hit (old or new),NO
THS-ZN-7.3,THS,ZN,国内锌冶炼月天然气成本（元/吨）,THS模板无zhiji_id，需后续匹配,,NONE,NONE,INFO,INFO,UNCHANGED,No blacklist hit (old or new),NO
THS-ZN-7.3,THS,ZN,国内锌精矿月成本（元/吨）,THS模板无zhiji_id，需后续匹配,,NONE,NONE,INFO,INFO,UNCHANGED,No blacklist hit (old or new),NO
THS-ZN-7.3,THS,ZN,国内锌精矿进口量（万吨）,THS模板无zhiji_id，需后续匹配,,NONE,NONE,INFO,INFO,UNCHANGED,No blacklist hit (old or new),NO
THS-ZN-7.3,THS,ZN,国内锌冶炼月硫酸成本（元/吨）,THS模板无zhiji_id，需后续匹配,,NONE,NONE,INFO,INFO,UNCHANGED,No blacklist hit (old or new),NO
THS-ZN-7.3,THS,ZN,国内锌冶炼月能源成本分结构（元/吨）,THS模板无zhiji_id，需后续匹配,,NONE,NONE,INFO,INFO,UNCHANGED,No blacklist hit (old or new),NO
THS-ZN-7.3,THS,ZN,国内锌冶炼月能源成本（元/吨）,THS模板无zhiji_id，需后续匹配,,NONE,NONE,INFO,INFO,UNCHANGED,No blacklist hit (old or new),NO
THS-ZN-7.3,THS,ZN,近3年同月能源成本均值（元/吨）,THS模板无zhiji_id，需后续匹配,,NONE,NONE,INFO,INFO,UNCHANGED,No blacklist hit (old or new),NO
THS-ZN-7.3,THS,ZN,近3年同月能源成本标准差（元/吨）,THS模板无zhiji_id，需后续匹配,,NONE,NONE,INFO,INFO,UNCHANGED,No blacklist hit (old or new),NO
