indicator_name,reference_count,sample_template_ids,category,alias_in_v1,note
镍精矿TC（美元/吨干矿）,18,THS-NI-3.1;THS-NI-3.1.5;THS-NI-3.2.1;THS-NI-3.2.2;THS-NI-3.2.3,CAT_A_RAW_MISS,,原始业务指标，库内确实无，需新增接入
沪伦比（元/吨）,12,THS-LI-2.3;THS-ZN-2.1;THS-ZN-2.2;THS-ZN-2.3;THS-ZN-2.4,CAT_A_RAW_MISS,,原始业务指标，库内确实无，需新增接入
近3年同月产量均值（万吨）,12,THS-SI-3.1.2;THS-SI-3.1.3;THS-SI-3.2.1;THS-SI-3.2.3;THS-SN-3.1.2,CAT_B_DERIVED,,衍生计算指标（统计量），需计算引擎
近3年同月产量标准差（万吨）,12,THS-SI-3.1.2;THS-SI-3.1.3;THS-SI-3.2.1;THS-SI-3.2.3;THS-SN-3.1.2,CAT_B_DERIVED,,衍生计算指标（统计量），需计算引擎
近3年同月均值（万吨LCE）,10,THS-LI-3.1.2;THS-LI-3.1.3;THS-LI-3.1.4;THS-LI-3.2.1;THS-LI-3.2.2,CAT_B_DERIVED,,衍生计算指标（统计量），需计算引擎
近3年同月标准差（万吨LCE）,10,THS-LI-3.1.2;THS-LI-3.1.3;THS-LI-3.1.4;THS-LI-3.2.1;THS-LI-3.2.2,CAT_B_DERIVED,,衍生计算指标（统计量），需计算引擎
近3年同月进口量均值（万吨）,10,THS-NI-6.1;THS-NI-6.2;THS-SI-3.1.4;THS-SI-6.1;THS-SN-3.1.4,CAT_B_DERIVED,,衍生计算指标（统计量），需计算引擎
近3年同月进口量标准差（万吨）,10,THS-NI-6.1;THS-NI-6.2;THS-SI-3.1.4;THS-SI-6.1;THS-SN-3.1.4,CAT_B_DERIVED,,衍生计算指标（统计量），需计算引擎
近3年同月开工率均值（%）,8,THS-NI-3.2.2;THS-NI-5.1;THS-SI-3.2.2;THS-SI-5.1;THS-SN-3.2.1,CAT_B_DERIVED,,衍生计算指标（统计量），需计算引擎
近3年同月开工率标准差（%）,8,THS-NI-3.2.2;THS-NI-5.1;THS-SI-3.2.2;THS-SI-5.1;THS-SN-3.2.1,CAT_B_DERIVED,,衍生计算指标（统计量），需计算引擎
国内锌精炼产量（万吨）,7,THS-ZN-3.2.1;THS-ZN-3.2.2;THS-ZN-3.2.3;THS-ZN-5.1;THS-ZN-5.3,CAT_A_RAW_MISS,,原始业务指标，库内确实无，需新增接入
月差（元/吨）,7,THS-LI-2.1;THS-LI-2.2;THS-LI-2.4;THS-SN-2.1;THS-ZN-2.1,CAT_C_ALIAS_EXIST,碳酸锂期货月差,实体存在于v1: 碳酸锂期货月差
近3年同月出口量均值（万吨）,7,THS-NI-6.3;THS-SI-6.2;THS-SI-6.3;THS-SN-6.2;THS-SN-6.3,CAT_B_DERIVED,,衍生计算指标（统计量），需计算引擎
近3年同月出口量标准差（万吨）,7,THS-NI-6.3;THS-SI-6.2;THS-SI-6.3;THS-SN-6.2;THS-SN-6.3,CAT_B_DERIVED,,衍生计算指标（统计量），需计算引擎
上期所锌仓单注册量（手）,6,THS-ZN-3.1.4;THS-ZN-3.1.5;THS-ZN-3.2.4;THS-ZN-4.1;THS-ZN-4.2,CAT_C_ALIAS_EXIST,SHFE: 锌: 仓单日报分地区_上海: 期货: 日度,实体存在于v1: SHFE: 锌: 仓单日报分地区_上海: 期货: 日度
加工费（元/吨）,6,THS-NI-7.1;THS-NI-7.2;THS-NI-7.3;THS-SN-7.1;THS-SN-7.2,CAT_A_RAW_MISS,,原始业务指标，库内确实无，需新增接入
多空持仓比（%）,6,THS-LI-2.1;THS-LI-2.6;THS-SN-2.1;THS-SN-2.6;THS-ZN-2.1,CAT_A_RAW_MISS,,原始业务指标，库内确实无，需新增接入
上期所镍仓单量（手）,5,THS-NI-4.1;THS-NI-4.2;THS-NI-4.3;THS-NI-4.5;THS-NI-5.3,CAT_C_ALIAS_EXIST,LME：镍：注销仓单（日）,实体存在于v1: LME：镍：注销仓单（日）
冶炼利润（元/吨）,5,THS-LI-2.5;THS-LI-3.2.4;THS-SN-7.1;THS-SN-7.2;THS-SN-7.3,CAT_C_ALIAS_EXIST,碳酸锂：原料：外采锂精矿：生产利润（日）,实体存在于v1: 碳酸锂：原料：外采锂精矿：生产利润（日）
成交量（手）,5,THS-LI-2.1;THS-LI-2.6;THS-SN-2.1;THS-ZN-2.1;THS-ZN-2.6,CAT_C_ALIAS_EXIST,GFEX：碳酸锂：单边交易：成交量（日）,实体存在于v1: GFEX：碳酸锂：单边交易：成交量（日）
持仓量（手）,5,THS-LI-2.1;THS-LI-2.4;THS-LI-2.6;THS-SN-2.1;THS-ZN-2.1,CAT_C_ALIAS_EXIST,GFEX：碳酸锂：单边交易：持仓量（日）,实体存在于v1: GFEX：碳酸锂：单边交易：持仓量（日）
汇率（USD/CNY）,5,THS-NI-2.1;THS-NI-2.2;THS-NI-2.3;THS-NI-2.4;THS-NI-2.6,CAT_A_RAW_MISS,,原始业务指标，库内确实无，需新增接入
电价（元/度）,5,THS-NI-7.1;THS-NI-7.3;THS-SN-7.1;THS-SN-7.2;THS-SN-7.3,CAT_A_RAW_MISS,,原始业务指标，库内确实无，需新增接入
电解锌冶炼利润（元/吨）,5,THS-ZN-2.5;THS-ZN-3.1.5;THS-ZN-3.2.1;THS-ZN-3.2.2;THS-ZN-3.2.4,CAT_C_ALIAS_EXIST,云南驰宏锌锗：分行业：有色金属冶炼和压延加工业：利润率（半年）,实体存在于v1: 云南驰宏锌锗：分行业：有色金属冶炼和压延加工业：利润率（半年）
锌精矿TC（美元/吨干矿）,5,THS-ZN-2.5;THS-ZN-3.1.5;THS-ZN-3.2.1;THS-ZN-3.2.2;THS-ZN-3.2.4,CAT_C_ALIAS_EXIST,锌精矿：国产：50%Zn：加工费均价：陕西（日）,实体存在于v1: 锌精矿：国产：50%Zn：加工费均价：陕西（日）
保税区仓单（手）,4,THS-SN-6.1;THS-SN-6.2;THS-SN-6.3;THS-SN-6.4,CAT_C_ALIAS_EXIST,LME：锡：注销仓单（日）,实体存在于v1: LME：锡：注销仓单（日）
国内锌社会库存总量（万吨）,4,THS-ZN-4.3;THS-ZN-4.4;THS-ZN-4.5;THS-ZN-5.1,CAT_C_ALIAS_EXIST,镀锌板卷：社会库存：中国（周）,实体存在于v1: 镀锌板卷：社会库存：中国（周）
现货升贴水（元/吨）,4,THS-LI-2.1;THS-SN-2.1;THS-ZN-2.1;THS-ZN-2.2,CAT_C_ALIAS_EXIST,碳酸锂 升贴水 高幅,实体存在于v1: 碳酸锂 升贴水 高幅
电解镍产量（万吨）,4,THS-NI-3.1.3;THS-NI-3.2;THS-NI-3.2.1;THS-NI-3.2.3,CAT_A_RAW_MISS,,原始业务指标，库内确实无，需新增接入
电解镍冶炼利润（元/吨）,4,THS-NI-2.5;THS-NI-3.1.5;THS-NI-3.2;THS-NI-3.2.4,CAT_C_ALIAS_EXIST,镍铁理论利润（RKEF 山东）,实体存在于v1: 镍铁理论利润（RKEF 山东）
近3年同月升贴水均值（元/吨）,4,THS-LI-2.2;THS-NI-2.2;THS-SN-2.2;THS-ZN-2.2,CAT_B_DERIVED,,衍生计算指标（统计量），需计算引擎
近3年同月升贴水标准差（元/吨）,4,THS-LI-2.2;THS-NI-2.2;THS-SN-2.2;THS-ZN-2.2,CAT_B_DERIVED,,衍生计算指标（统计量），需计算引擎
近3年同月发运量均值（万吨）,4,THS-NI-6.4;THS-SI-6.4;THS-SN-6.4;THS-ZN-6.4,CAT_B_DERIVED,,衍生计算指标（统计量），需计算引擎
近3年同月发运量标准差（万吨）,4,THS-NI-6.4;THS-SI-6.4;THS-SN-6.4;THS-ZN-6.4,CAT_B_DERIVED,,衍生计算指标（统计量），需计算引擎
镍现货升贴水（元/吨）,4,THS-NI-2.1;THS-NI-2.2;THS-NI-4.1;THS-NI-4.2,CAT_C_ALIAS_EXIST,水淬镍：15-22%Ni：印尼产：升贴水（日）,实体存在于v1: 水淬镍：15-22%Ni：印尼产：升贴水（日）
LME锡期货收盘价（美元/吨）,3,THS-SN-2.3;THS-SN-2.4;THS-SN-2.5,CAT_A_RAW_MISS,,原始业务指标，库内确实无，需新增接入
LME镍现货价格（美元/吨）,3,THS-NI-2.1;THS-NI-2.2;THS-NI-2.3,CAT_A_RAW_MISS,,原始业务指标，库内确实无，需新增接入
TC（美元/吨干矿）,3,THS-NI-7.1;THS-NI-7.2;THS-NI-7.3,CAT_A_RAW_MISS,,原始业务指标，库内确实无，需新增接入
仓单注册量（手）,3,THS-LI-2.1;THS-LI-2.2;THS-LI-2.4,CAT_C_ALIAS_EXIST,GFEX：碳酸锂：仓单数量（日）,实体存在于v1: GFEX：碳酸锂：仓单数量（日）
关税税率（%）,3,THS-SN-6.2;THS-SN-6.3;THS-SN-6.4,CAT_A_RAW_MISS,,原始业务指标，库内确实无，需新增接入
动力电池排产计划（万吨）,3,THS-NI-5.1;THS-NI-5.2;THS-NI-5.3,CAT_A_RAW_MISS,,原始业务指标，库内确实无，需新增接入
印尼镍精矿进口量（万吨）,3,THS-NI-3.1;THS-NI-3.1.4;THS-NI-3.1.5,CAT_A_RAW_MISS,,原始业务指标，库内确实无，需新增接入
厂内库存（万吨）,3,THS-NI-4.3;THS-SN-4.3;THS-SN-4.4,CAT_C_ALIAS_EXIST,镍铁库存,实体存在于v1: 镍铁库存
原料成本（元/吨）,3,THS-SN-7.1;THS-SN-7.2;THS-SN-7.3,CAT_A_RAW_MISS,,原始业务指标，库内确实无，需新增接入
国内镍精炼产量（万吨）,3,THS-NI-3.1;THS-NI-3.1.3;THS-NI-3.1.4,CAT_A_RAW_MISS,,原始业务指标，库内确实无，需新增接入
在途库存（万吨）,3,THS-NI-4.3;THS-SN-4.3;THS-SN-4.4,CAT_C_ALIAS_EXIST,镍铁库存,实体存在于v1: 镍铁库存
基差（元/吨）,3,THS-LI-2.1;THS-LI-2.2;THS-LI-2.4,CAT_C_ALIAS_EXIST,GFEX：碳酸锂：基差（日）,实体存在于v1: GFEX：碳酸锂：基差（日）
多晶硅冶炼利润（元/吨）,3,THS-SI-2.5;THS-SI-3.2.4;THS-SI-7.2,CAT_C_ALIAS_EXIST,硅锰：利润：内蒙古（日）,实体存在于v1: 硅锰：利润：内蒙古（日）
工业硅仓单注册量（吨）,3,THS-SI-2.2;THS-SI-4.1;THS-SI-4.2,CAT_C_ALIAS_EXIST,GFEX：工业硅：仓单数量（日）,实体存在于v1: GFEX：工业硅：仓单数量（日）
库存天数（天）,3,THS-LI-4.3;THS-SN-5.1;THS-SN-5.3,CAT_C_ALIAS_EXIST,碳酸锂 库存天数:总计,实体存在于v1: 碳酸锂 库存天数:总计
期限结构（元/吨）,3,THS-LI-2.1;THS-LI-2.2;THS-LI-2.4,CAT_C_ALIAS_EXIST,碳酸锂期货期限结构,实体存在于v1: 碳酸锂期货期限结构
沪镍主力合约价格（元/吨）,3,THS-NI-2.1;THS-NI-2.2;THS-NI-2.3,CAT_A_RAW_MISS,,原始业务指标，库内确实无，需新增接入
电解镍开工率（%）,3,THS-NI-3.2;THS-NI-3.2.2;THS-NI-3.2.4,CAT_C_ALIAS_EXIST,镍生铁企业：开工率：以金属量计：印尼（月）,实体存在于v1: 镍生铁企业：开工率：以金属量计：印尼（月）
电解镍现货价格（元/吨）,3,THS-NI-2.2;THS-NI-2.4;THS-NI-2.5,CAT_A_RAW_MISS,,原始业务指标，库内确实无，需新增接入
电解镍现金成本（元/吨）,3,THS-NI-7.1;THS-NI-7.2;THS-NI-7.3,CAT_A_RAW_MISS,,原始业务指标，库内确实无，需新增接入
能源成本（元/吨）,3,THS-SN-7.1;THS-SN-7.2;THS-SN-7.3,CAT_A_RAW_MISS,,原始业务指标，库内确实无，需新增接入
菲律宾镍矿产量（万吨）,3,THS-NI-3.1;THS-NI-3.1.1;THS-NI-3.1.2,CAT_A_RAW_MISS,,原始业务指标，库内确实无，需新增接入
菲律宾镍精矿进口量（万吨）,3,THS-NI-3.1;THS-NI-3.1.4;THS-NI-3.1.5,CAT_A_RAW_MISS,,原始业务指标，库内确实无，需新增接入
近3年同季产量均值（万吨）,3,THS-SI-3.1.1;THS-SN-3.1.1;THS-ZN-3.1.1,CAT_B_DERIVED,,衍生计算指标（统计量），需计算引擎
近3年同季产量标准差（万吨）,3,THS-SI-3.1.1;THS-SN-3.1.1;THS-ZN-3.1.1,CAT_B_DERIVED,,衍生计算指标（统计量），需计算引擎
近3年同季成本均值（元/吨）,3,THS-NI-7.1;THS-SN-7.1;THS-ZN-7.1,CAT_B_DERIVED,,衍生计算指标（统计量），需计算引擎
近3年同季成本标准差（元/吨）,3,THS-NI-7.1;THS-SN-7.1;THS-ZN-7.1,CAT_B_DERIVED,,衍生计算指标（统计量），需计算引擎
近3年同月冶炼利润均值（元/吨）,3,THS-SI-2.5;THS-SN-2.5;THS-SN-3.2.4,CAT_B_DERIVED,,衍生计算指标（统计量），需计算引擎
近3年同月冶炼利润标准差（元/吨）,3,THS-SI-2.5;THS-SN-2.5;THS-SN-3.2.4,CAT_B_DERIVED,,衍生计算指标（统计量），需计算引擎
近3年同月利润均值（元/吨）,3,THS-LI-2.5;THS-ZN-2.5;THS-ZN-3.2.4,CAT_B_DERIVED,,衍生计算指标（统计量），需计算引擎
近3年同月利润标准差（元/吨）,3,THS-LI-2.5;THS-ZN-2.5;THS-ZN-3.2.4,CAT_B_DERIVED,,衍生计算指标（统计量），需计算引擎
近3年同月均值（%）,3,THS-LI-3.1.3;THS-LI-3.2.2;THS-LI-3.2.3,CAT_B_DERIVED,,衍生计算指标（统计量），需计算引擎
近3年同月均值（元/吨）,3,THS-LI-2.4;THS-LI-3.1.5;THS-LI-3.2.4,CAT_B_DERIVED,,衍生计算指标（统计量），需计算引擎
近3年同月收盘价均值（元/吨）,3,THS-LI-2.1;THS-SN-2.1;THS-ZN-2.1,CAT_B_DERIVED,,衍生计算指标（统计量），需计算引擎
近3年同月收盘价标准差（元/吨）,3,THS-LI-2.1;THS-SN-2.1;THS-ZN-2.1,CAT_B_DERIVED,,衍生计算指标（统计量），需计算引擎
近3年同月月差均值（元/吨）,3,THS-NI-2.4;THS-SN-2.4;THS-ZN-2.4,CAT_B_DERIVED,,衍生计算指标（统计量），需计算引擎
近3年同月月差标准差（元/吨）,3,THS-NI-2.4;THS-SN-2.4;THS-ZN-2.4,CAT_B_DERIVED,,衍生计算指标（统计量），需计算引擎
近3年同月标准差（%）,3,THS-LI-3.1.3;THS-LI-3.2.2;THS-LI-3.2.3,CAT_B_DERIVED,,衍生计算指标（统计量），需计算引擎
近3年同月标准差（元/吨）,3,THS-LI-2.4;THS-LI-3.1.5;THS-LI-3.2.4,CAT_B_DERIVED,,衍生计算指标（统计量），需计算引擎
近3年同月检修量均值（万吨）,3,THS-SI-3.2.2;THS-SN-3.2.2;THS-ZN-3.2.2,CAT_B_DERIVED,,衍生计算指标（统计量），需计算引擎
近3年同月检修量标准差（万吨）,3,THS-SI-3.2.2;THS-SN-3.2.2;THS-ZN-3.2.2,CAT_B_DERIVED,,衍生计算指标（统计量），需计算引擎
进出口金额（亿元）,3,THS-SN-6.2;THS-SN-6.3;THS-SN-6.4,CAT_A_RAW_MISS,,原始业务指标，库内确实无，需新增接入
锌仓单注册量（手）,3,THS-ZN-2.1;THS-ZN-2.2;THS-ZN-2.4,CAT_C_ALIAS_EXIST,SHFE: 锌: 仓单日报分地区_上海: 期货: 日度,实体存在于v1: SHFE: 锌: 仓单日报分地区_上海: 期货: 日度
锌锭现货升贴水（元/吨）,3,THS-ZN-4.3;THS-ZN-4.4;THS-ZN-4.5,CAT_C_ALIAS_EXIST,锌锭：升贴水：广东（日）,实体存在于v1: 锌锭：升贴水：广东（日）
锡锭冶炼利润时序图,3,THS-SN-2.5;THS-SN-3.2.4;THS-SN-7.2,CAT_C_ALIAS_EXIST,锡锭进口利润,实体存在于v1: 锡锭进口利润
镍合金排产计划（万吨）,3,THS-NI-5.1;THS-NI-5.2;THS-NI-5.3,CAT_A_RAW_MISS,,原始业务指标，库内确实无，需新增接入
镍现货升贴水,3,THS-NI-2.1;THS-NI-2.2;THS-NI-4.1,CAT_C_ALIAS_EXIST,水淬镍：15-22%Ni：印尼产：升贴水（日）,实体存在于v1: 水淬镍：15-22%Ni：印尼产：升贴水（日）
镍生铁NPI现货价格（元/吨）,3,THS-NI-2.2;THS-NI-2.4;THS-NI-2.5,CAT_A_RAW_MISS,,原始业务指标，库内确实无，需新增接入
镍矿成本（元/吨）,3,THS-NI-7.1;THS-NI-7.2;THS-NI-7.3,CAT_A_RAW_MISS,,原始业务指标，库内确实无，需新增接入
镍铁产量（万吨）,3,THS-NI-3.1.3;THS-NI-3.2;THS-NI-3.2.1,CAT_A_RAW_MISS,,原始业务指标，库内确实无，需新增接入
镍铁冶炼利润（元/吨）,3,THS-NI-3.1.5;THS-NI-3.2;THS-NI-3.2.4,CAT_C_ALIAS_EXIST,镍铁理论利润（RKEF 山东）,实体存在于v1: 镍铁理论利润（RKEF 山东）
隐性库存（万吨）,3,THS-NI-4.3;THS-SN-4.3;THS-SN-4.4,CAT_C_ALIAS_EXIST,镍铁库存,实体存在于v1: 镍铁库存
高冰镍冶炼利润（元/吨）,3,THS-NI-2.5;THS-NI-3.2;THS-NI-3.2.4,CAT_C_ALIAS_EXIST,镍铁理论利润（RKEF 山东）,实体存在于v1: 镍铁理论利润（RKEF 山东）
高冰镍现货价格（元/吨）,3,THS-NI-2.2;THS-NI-2.4;THS-NI-2.5,CAT_A_RAW_MISS,,原始业务指标，库内确实无，需新增接入
LME Cash-3M spread,2,THS-NI-2.2;THS-NI-2.3,CAT_A_RAW_MISS,,原始业务指标，库内确实无，需新增接入
LME Nickel Stock,2,THS-NI-4.2;THS-NI-4.3,CAT_A_RAW_MISS,,原始业务指标，库内确实无，需新增接入
LME工业硅收盘价（美元/吨）,2,THS-SI-2.3;THS-SI-3.1.4,CAT_A_RAW_MISS,,原始业务指标，库内确实无，需新增接入
LME锌收盘价（美元/吨）,2,THS-ZN-2.3;THS-ZN-5.3,CAT_A_RAW_MISS,,原始业务指标，库内确实无，需新增接入
LME镍近月合约价格（美元/吨）,2,THS-NI-2.3;THS-NI-2.4,CAT_A_RAW_MISS,,原始业务指标，库内确实无，需新增接入
LME镍远月合约价格（美元/吨）,2,THS-NI-2.3;THS-NI-2.4,CAT_A_RAW_MISS,,原始业务指标，库内确实无，需新增接入
SMM1#电解镍价格、SMM8-12%高镍生铁价格、SMM高冰镍价格,2,THS-NI-2.2;THS-NI-2.4,CAT_A_RAW_MISS,,原始业务指标，库内确实无，需新增接入
SMM1#电解镍升贴水,2,THS-NI-2.1;THS-NI-2.2,CAT_A_RAW_MISS,,原始业务指标，库内确实无，需新增接入
SMM1#电解镍基差,2,THS-NI-2.2;THS-NI-2.4,CAT_C_ALIAS_EXIST,SHFE：镍：基差（日）,实体存在于v1: SHFE：镍：基差（日）
SMM纯镍社会库存:上海/广东/浙江,2,THS-NI-4.1;THS-NI-4.3,CAT_C_ALIAS_EXIST,镍铁库存,实体存在于v1: 镍铁库存
上期所沪铝期货仓单,2,THS-AL-4.1;THS-AL-4.2,CAT_C_ALIAS_EXIST,LME：铝：注销仓单（日）,实体存在于v1: LME：铝：注销仓单（日）
上期所锌仓单量（手）,2,THS-ZN-2.1;THS-ZN-2.2,CAT_C_ALIAS_EXIST,SHFE: 锌: 仓单日报分地区_上海: 期货: 日度,实体存在于v1: SHFE: 锌: 仓单日报分地区_上海: 期货: 日度
上期所锌库存（手）,2,THS-ZN-4.1;THS-ZN-4.3,CAT_C_ALIAS_EXIST,锌精矿：港口库存：锦州港（周）,实体存在于v1: 锌精矿：港口库存：锦州港（周）
上期所锌注销仓单（手）,2,THS-ZN-4.1;THS-ZN-4.2,CAT_C_ALIAS_EXIST,SHFE: 锌: 仓单日报分地区_上海: 期货: 日度,实体存在于v1: SHFE: 锌: 仓单日报分地区_上海: 期货: 日度
上期所镍注销仓单量（手）,2,THS-NI-4.1;THS-NI-4.2,CAT_C_ALIAS_EXIST,LME：镍：注销仓单（日）,实体存在于v1: LME：镍：注销仓单（日）
上海地区仓单量（手）,2,THS-NI-4.1;THS-NI-4.2,CAT_C_ALIAS_EXIST,LME：镍：注销仓单（日）,实体存在于v1: LME：镍：注销仓单（日）
不锈钢废料再生镍量（万吨）,2,THS-NI-3.2;THS-NI-3.2.3,CAT_A_RAW_MISS,,原始业务指标，库内确实无，需新增接入
不锈钢开工率（%）,2,THS-NI-5.1;THS-NI-5.3,CAT_C_ALIAS_EXIST,镍生铁企业：开工率：以金属量计：印尼（月）,实体存在于v1: 镍生铁企业：开工率：以金属量计：印尼（月）
不锈钢排产计划（万吨）,2,THS-NI-5.1;THS-NI-5.3,CAT_A_RAW_MISS,,原始业务指标，库内确实无，需新增接入
中国从印尼进口镍精矿量（万吨）,2,THS-NI-3.1.1;THS-NI-3.1.4,CAT_A_RAW_MISS,,原始业务指标，库内确实无，需新增接入
中国从新喀里多尼亚进口镍精矿量（万吨）,2,THS-NI-3.1.1;THS-NI-3.1.4,CAT_A_RAW_MISS,,原始业务指标，库内确实无，需新增接入
中国从菲律宾进口镍精矿量（万吨）,2,THS-NI-3.1.1;THS-NI-3.1.4,CAT_A_RAW_MISS,,原始业务指标，库内确实无，需新增接入
仓单数量（万吨LCE）,2,THS-LI-4.1;THS-LI-4.2,CAT_C_ALIAS_EXIST,GFEX：碳酸锂：仓单数量（日）,实体存在于v1: GFEX：碳酸锂：仓单数量（日）
仓单注册量变化（吨）,2,THS-NI-2.1;THS-NI-2.2,CAT_C_ALIAS_EXIST,LME：镍：注销仓单（日）,实体存在于v1: LME：镍：注销仓单（日）
元/吨）,2,THS-NI-2.2;THS-NI-2.4,CAT_A_RAW_MISS,,原始业务指标，库内确实无，需新增接入
再生锡价格（元/吨）,2,THS-SN-2.5;THS-SN-7.3,CAT_A_RAW_MISS,,原始业务指标，库内确实无，需新增接入
再生锡冶炼利润时序图,2,THS-SN-2.5;THS-SN-3.2.4,CAT_C_ALIAS_EXIST,锡锭进口利润,实体存在于v1: 锡锭进口利润
再生锡冶炼利润（元/吨）,2,THS-SN-2.5;THS-SN-3.2.4,CAT_C_ALIAS_EXIST,锡锭进口利润,实体存在于v1: 锡锭进口利润
再生锡进口量时序图,2,THS-SN-3.2.3;THS-SN-6.1,CAT_A_RAW_MISS,,原始业务指标，库内确实无，需新增接入
再生锡进口量（万吨）,2,THS-SN-3.2.3;THS-SN-6.1,CAT_A_RAW_MISS,,原始业务指标，库内确实无，需新增接入
再生镍产量（万吨）,2,THS-NI-3.2;THS-NI-3.2.3,CAT_A_RAW_MISS,,原始业务指标，库内确实无，需新增接入
冶炼利润时序图,2,THS-SN-7.1;THS-SN-7.2,CAT_C_ALIAS_EXIST,锡锭进口利润,实体存在于v1: 锡锭进口利润
冶炼成本（元/吨）,2,THS-SN-7.1;THS-SN-7.2,CAT_A_RAW_MISS,,原始业务指标，库内确实无，需新增接入
分位成本（元/吨）,2,THS-SN-7.1;THS-SN-7.2,CAT_B_DERIVED,,衍生计算指标（统计量），需计算引擎
南非锌矿进口量（万吨）,2,THS-ZN-3.1.2;THS-ZN-3.1.4,CAT_A_RAW_MISS,,原始业务指标，库内确实无，需新增接入
印尼镍矿HPM基准价（美元/湿吨）,2,THS-NI-3.1;THS-NI-7.3,CAT_A_RAW_MISS,,原始业务指标，库内确实无，需新增接入
印尼镍矿开工天数（天/季度）,2,THS-NI-3.1.1;THS-NI-3.1.2,CAT_A_RAW_MISS,,原始业务指标，库内确实无，需新增接入
印尼镍精矿TC（美元/吨干矿）,2,THS-NI-3.1;THS-NI-3.1.5,CAT_A_RAW_MISS,,原始业务指标，库内确实无，需新增接入
印度锌矿进口量（万吨）,2,THS-ZN-3.1.2;THS-ZN-3.1.4,CAT_A_RAW_MISS,,原始业务指标，库内确实无，需新增接入
厂内库存时序图,2,THS-SN-4.3;THS-SN-4.4,CAT_C_ALIAS_EXIST,SMM: 国内锡市平衡（新）: 厂库库存变化: 月度,实体存在于v1: SMM: 国内锡市平衡（新）: 厂库库存变化: 月度
发运天数（天）,2,THS-SN-6.1;THS-SN-6.4,CAT_A_RAW_MISS,,原始业务指标，库内确实无，需新增接入
国内压铸合金产量（万吨）,2,THS-ZN-5.2;THS-ZN-6.3,CAT_A_RAW_MISS,,原始业务指标，库内确实无，需新增接入
国内氧化锌产量（万吨）,2,THS-ZN-5.2;THS-ZN-6.3,CAT_A_RAW_MISS,,原始业务指标，库内确实无，需新增接入
国内电池级锌产量（万吨）,2,THS-ZN-5.2;THS-ZN-5.3,CAT_A_RAW_MISS,,原始业务指标，库内确实无，需新增接入
国内电锌进口量（万吨）,2,THS-ZN-6.2;THS-ZN-6.4,CAT_A_RAW_MISS,,原始业务指标，库内确实无，需新增接入
国内硅矿月产量（万吨）,2,THS-SI-3.1.3;THS-SI-3.1.4,CAT_A_RAW_MISS,,原始业务指标，库内确实无，需新增接入
国内硅矿月加工费TC（元/吨）,2,THS-SI-3.1.3;THS-SI-3.1.4,CAT_A_RAW_MISS,,原始业务指标，库内确实无，需新增接入
国内精炼锡检修量（万吨）,2,THS-SN-3.2.1;THS-SN-3.2.2,CAT_A_RAW_MISS,,原始业务指标，库内确实无，需新增接入
国内锂盐检修量（万吨LCE）,2,THS-LI-3.2.1;THS-LI-3.2.2,CAT_A_RAW_MISS,,原始业务指标，库内确实无，需新增接入
国内锌精炼产能（万吨）,2,THS-ZN-3.2.1;THS-ZN-3.2.2,CAT_A_RAW_MISS,,原始业务指标，库内确实无，需新增接入
国内锌精炼检修量（万吨）,2,THS-ZN-3.2.1;THS-ZN-3.2.2,CAT_A_RAW_MISS,,原始业务指标，库内确实无，需新增接入
国内锌精炼进口量（万吨）,2,THS-ZN-3.2.1;THS-ZN-3.2.2,CAT_A_RAW_MISS,,原始业务指标，库内确实无，需新增接入
国内锌表观消费量（万吨）,2,THS-ZN-5.1;THS-ZN-5.3,CAT_C_ALIAS_EXIST,USGS：精炼锌：表观消费量：美国（年）,实体存在于v1: USGS：精炼锌：表观消费量：美国（年）
国内锡矿加工费TC（美元/吨）,2,THS-SN-3.1.3;THS-SN-3.1.5,CAT_C_ALIAS_EXIST,锡冶炼厂加工费,实体存在于v1: 锡冶炼厂加工费
国内镀锌板产量（万吨）,2,THS-ZN-5.2;THS-ZN-6.3,CAT_A_RAW_MISS,,原始业务指标，库内确实无，需新增接入
在途库存（万吨LCE）,2,THS-LI-4.1;THS-LI-4.3,CAT_C_ALIAS_EXIST,SMM 锂矿港口库存,实体存在于v1: SMM 锂矿港口库存
在途库存（手）,2,THS-ZN-4.1;THS-ZN-4.2,CAT_C_ALIAS_EXIST,锌精矿：港口库存：锦州港（周）,实体存在于v1: 锌精矿：港口库存：锦州港（周）
多晶硅下游订单量（万吨）,2,THS-SI-5.2;THS-SI-5.3,CAT_A_RAW_MISS,,原始业务指标，库内确实无，需新增接入
多晶硅冶炼成本（元/吨）,2,THS-SI-2.5;THS-SI-7.1,CAT_A_RAW_MISS,,原始业务指标，库内确实无，需新增接入
多晶硅社会库存总量（万吨）,2,THS-SI-4.3;THS-SI-4.5,CAT_C_ALIAS_EXIST,金属硅社会库存-昆明,实体存在于v1: 金属硅社会库存-昆明
工业硅下游订单量（万吨）,2,THS-SI-5.2;THS-SI-5.3,CAT_A_RAW_MISS,,原始业务指标，库内确实无，需新增接入
工业硅冶炼厂检修量（万吨）,2,THS-SI-3.1.5;THS-SI-3.2.4,CAT_A_RAW_MISS,,原始业务指标，库内确实无，需新增接入
工业硅期货仓单注册量（吨）,2,THS-SI-2.4;THS-SI-2.6,CAT_C_ALIAS_EXIST,GFEX：工业硅：仓单数量（日）,实体存在于v1: GFEX：工业硅：仓单数量（日）
工业硅期货持仓量（手）,2,THS-SI-2.1;THS-SI-2.4,CAT_C_ALIAS_EXIST,GFEX：工业硅：单边交易：持仓量（日）,实体存在于v1: GFEX：工业硅：单边交易：持仓量（日）
工业硅注销仓单占比（%）,2,THS-SI-4.1;THS-SI-4.2,CAT_B_DERIVED,,衍生计算指标（统计量），需计算引擎
工业硅注销仓单量（吨）,2,THS-SI-4.1;THS-SI-4.2,CAT_C_ALIAS_EXIST,GFEX：工业硅：仓单数量（日）,实体存在于v1: GFEX：工业硅：仓单数量（日）
工业硅能源成本（元/吨）,2,THS-SI-7.1;THS-SI-7.2,CAT_A_RAW_MISS,,原始业务指标，库内确实无，需新增接入
工业硅进口盈亏（元/吨）,2,THS-SI-2.2;THS-SI-2.3,CAT_A_RAW_MISS,,原始业务指标，库内确实无，需新增接入
广东地区仓单量（手）,2,THS-NI-4.1;THS-NI-4.2,CAT_C_ALIAS_EXIST,LME：镍：注销仓单（日）,实体存在于v1: LME：镍：注销仓单（日）
排产计划（万吨）,2,THS-SN-5.1;THS-SN-5.3,CAT_A_RAW_MISS,,原始业务指标，库内确实无，需新增接入
新喀里多尼亚镍矿产量（万吨）,2,THS-NI-3.1.1;THS-NI-3.1.2,CAT_A_RAW_MISS,,原始业务指标，库内确实无，需新增接入
新喀里多尼亚镍矿开工天数（天/季度）,2,THS-NI-3.1.1;THS-NI-3.1.2,CAT_A_RAW_MISS,,原始业务指标，库内确实无，需新增接入
新喀里多尼亚镍精炼产量（万吨）,2,THS-NI-3.1.1;THS-NI-3.1.2,CAT_A_RAW_MISS,,原始业务指标，库内确实无，需新增接入
月差（近月-远月,2,THS-NI-2.3;THS-NI-2.4,CAT_A_RAW_MISS,,原始业务指标，库内确实无，需新增接入
沪铝主力价格,2,THS-AL-4.1;THS-AL-4.2,CAT_A_RAW_MISS,,原始业务指标，库内确实无，需新增接入
沪锡仓单总量时序图,2,THS-SN-4.1;THS-SN-4.2,CAT_C_ALIAS_EXIST,LME：锡：注销仓单（日）,实体存在于v1: LME：锡：注销仓单（日）
沪锡仓单总量（手）,2,THS-SN-4.1;THS-SN-4.2,CAT_C_ALIAS_EXIST,LME：锡：注销仓单（日）,实体存在于v1: LME：锡：注销仓单（日）
沪锡仓单注册量时序图,2,THS-SN-2.1;THS-SN-4.1,CAT_C_ALIAS_EXIST,LME：锡：注销仓单（日）,实体存在于v1: LME：锡：注销仓单（日）
沪锡仓单注册量（手）,2,THS-SN-4.1;THS-SN-4.2,CAT_C_ALIAS_EXIST,LME：锡：注销仓单（日）,实体存在于v1: LME：锡：注销仓单（日）
注销仓单数量（万吨LCE）,2,THS-LI-4.1;THS-LI-4.2,CAT_C_ALIAS_EXIST,GFEX：碳酸锂：仓单数量（日）,实体存在于v1: GFEX：碳酸锂：仓单数量（日）
浙江地区仓单量（手）,2,THS-NI-4.1;THS-NI-4.2,CAT_C_ALIAS_EXIST,LME：镍：注销仓单（日）,实体存在于v1: LME：镍：注销仓单（日）
海外发运量（万吨）,2,THS-SN-6.1;THS-SN-6.4,CAT_A_RAW_MISS,,原始业务指标，库内确实无，需新增接入
海外精炼锡产量时序图,2,THS-SN-3.1.1;THS-SN-3.2.1,CAT_A_RAW_MISS,,原始业务指标，库内确实无，需新增接入
海外精炼锡产量（万吨）,2,THS-SN-3.1.1;THS-SN-3.2.1,CAT_A_RAW_MISS,,原始业务指标，库内确实无，需新增接入
海外精炼锡开工率（%）,2,THS-SN-3.2.2;THS-SN-3.2.4,CAT_C_ALIAS_EXIST,锡：冶炼厂：开工率：中国（月）,实体存在于v1: 锡：冶炼厂：开工率：中国（月）
海外锡矿加工费TC（美元/吨）,2,THS-SN-3.1.1;THS-SN-3.1.5,CAT_C_ALIAS_EXIST,锡冶炼厂加工费,实体存在于v1: 锡冶炼厂加工费
消费占比（%）,2,THS-SN-5.1;THS-SN-5.3,CAT_B_DERIVED,,衍生计算指标（统计量），需计算引擎
澳大利亚锌矿进口量（万吨）,2,THS-ZN-3.1.2;THS-ZN-3.1.4,CAT_A_RAW_MISS,,原始业务指标，库内确实无，需新增接入
澳大利亚镍矿产量（万吨）,2,THS-NI-3.1;THS-NI-3.1.2,CAT_A_RAW_MISS,,原始业务指标，库内确实无，需新增接入
现金成本时序图,2,THS-SN-7.1;THS-SN-7.2,CAT_A_RAW_MISS,,原始业务指标，库内确实无，需新增接入
现金成本（元/吨）,2,THS-SN-7.1;THS-SN-7.2,CAT_A_RAW_MISS,,原始业务指标，库内确实无，需新增接入
电池级镍回收量（万吨）,2,THS-NI-3.2;THS-NI-3.2.3,CAT_A_RAW_MISS,,原始业务指标，库内确实无，需新增接入
电解镍出口盈亏（元/吨）,2,THS-NI-6.2;THS-NI-7.2,CAT_A_RAW_MISS,,原始业务指标，库内确实无，需新增接入
电解镍现货价格、镍生铁NPI现货价格、高冰镍现货价格,2,THS-NI-2.2;THS-NI-2.4,CAT_A_RAW_MISS,,原始业务指标，库内确实无，需新增接入
电解镍现货价格（元/吨）、镍生铁NPI现货价格（元/吨）、高冰镍现货价格（元/吨）,2,THS-NI-2.2;THS-NI-2.4,CAT_A_RAW_MISS,,原始业务指标，库内确实无，需新增接入
电解镍进口量（万吨）,2,THS-NI-6.1;THS-NI-6.2,CAT_A_RAW_MISS,,原始业务指标，库内确实无，需新增接入
电镀镍开工率（%）,2,THS-NI-5.1;THS-NI-5.3,CAT_C_ALIAS_EXIST,镍生铁企业：开工率：以金属量计：印尼（月）,实体存在于v1: 镍生铁企业：开工率：以金属量计：印尼（月）
电镀镍排产计划（万吨）,2,THS-NI-5.1;THS-NI-5.2,CAT_A_RAW_MISS,,原始业务指标，库内确实无，需新增接入
碳酸锂交易所库存（万吨LCE）,2,THS-LI-4.1;THS-LI-4.2,CAT_C_ALIAS_EXIST,SMM 锂矿港口库存,实体存在于v1: SMM 锂矿港口库存
碳酸锂冶炼利润（元/吨）,2,THS-LI-2.5;THS-LI-3.2.4,CAT_C_ALIAS_EXIST,碳酸锂：原料：外采锂精矿：生产利润（日）,实体存在于v1: 碳酸锂：原料：外采锂精矿：生产利润（日）
秘鲁锌矿进口量（万吨）,2,THS-ZN-3.1.2;THS-ZN-3.1.4,CAT_A_RAW_MISS,,原始业务指标，库内确实无，需新增接入
终端产量（万吨）,2,THS-SN-5.1;THS-SN-5.2,CAT_A_RAW_MISS,,原始业务指标，库内确实无，需新增接入
缅甸锡矿产量（万吨）,2,THS-SN-3.1.1;THS-SN-3.1.2,CAT_A_RAW_MISS,,原始业务指标，库内确实无，需新增接入
缅甸锡矿加工费TC时序图,2,THS-SN-3.1.5;THS-SN-7.3,CAT_C_ALIAS_EXIST,锡冶炼厂加工费,实体存在于v1: 锡冶炼厂加工费
缅甸锡矿加工费TC（美元/吨）,2,THS-SN-3.1.5;THS-SN-3.2.4,CAT_C_ALIAS_EXIST,锡冶炼厂加工费,实体存在于v1: 锡冶炼厂加工费
缅甸锡矿进口量（万吨）,2,THS-SN-3.1.4;THS-SN-3.1.5,CAT_A_RAW_MISS,,原始业务指标，库内确实无，需新增接入
美元/吨）,2,THS-NI-2.3;THS-NI-2.4,CAT_A_RAW_MISS,,原始业务指标，库内确实无，需新增接入
菲律宾镍矿开工天数（天/季度）,2,THS-NI-3.1.1;THS-NI-3.1.2,CAT_A_RAW_MISS,,原始业务指标，库内确实无，需新增接入
菲律宾镍精炼产量（万吨）,2,THS-NI-3.1.1;THS-NI-3.1.2,CAT_A_RAW_MISS,,原始业务指标，库内确实无，需新增接入
菲律宾镍精矿TC（美元/吨干矿）,2,THS-NI-3.1;THS-NI-3.1.5,CAT_A_RAW_MISS,,原始业务指标，库内确实无，需新增接入
近1年仓单量分位（%）,2,THS-NI-4.1;THS-NI-4.2,CAT_B_DERIVED,,衍生计算指标（统计量），需计算引擎
近1年电解镍冶炼利润分位（%）,2,THS-NI-2.5;THS-NI-3.2.4,CAT_B_DERIVED,,衍生计算指标（统计量），需计算引擎
近3年同周库存均值（万吨）,2,THS-SN-4.3;THS-ZN-4.3,CAT_B_DERIVED,,衍生计算指标（统计量），需计算引擎
近3年同周库存标准差（万吨）,2,THS-SN-4.3;THS-ZN-4.3,CAT_B_DERIVED,,衍生计算指标（统计量），需计算引擎
近3年同月TC均值（美元/吨干矿）,2,THS-NI-3.1.5;THS-ZN-3.1.5,CAT_B_DERIVED,,衍生计算指标（统计量），需计算引擎
近3年同月TC标准差（美元/吨干矿）,2,THS-NI-3.1.5;THS-ZN-3.1.5,CAT_B_DERIVED,,衍生计算指标（统计量），需计算引擎
近3年同月仓单量均值（手）,2,THS-NI-4.1;THS-NI-4.2,CAT_B_DERIVED,,衍生计算指标（统计量），需计算引擎
近3年同月仓单量标准差（手）,2,THS-NI-4.1;THS-NI-4.2,CAT_B_DERIVED,,衍生计算指标（统计量），需计算引擎
近3年同月加工费TC均值（美元/吨）,2,THS-SN-3.1.3;THS-SN-3.1.5,CAT_B_DERIVED,,衍生计算指标（统计量），需计算引擎
近3年同月加工费TC标准差（美元/吨）,2,THS-SN-3.1.3;THS-SN-3.1.5,CAT_B_DERIVED,,衍生计算指标（统计量），需计算引擎
近3年同月多空持仓比均值（%）,2,THS-LI-2.6;THS-SN-2.6,CAT_B_DERIVED,,衍生计算指标（统计量），需计算引擎
近3年同月多空持仓比标准差（%）,2,THS-LI-2.6;THS-SN-2.6,CAT_B_DERIVED,,衍生计算指标（统计量），需计算引擎
近3年同月库存均值（万吨）,2,THS-SN-4.4;THS-SN-4.5,CAT_B_DERIVED,,衍生计算指标（统计量），需计算引擎
近3年同月库存标准差（万吨）,2,THS-SN-4.4;THS-SN-4.5,CAT_B_DERIVED,,衍生计算指标（统计量），需计算引擎
近3年同月持仓量均值（手）,2,THS-LI-2.1;THS-SN-2.1,CAT_B_DERIVED,,衍生计算指标（统计量），需计算引擎
近3年同月持仓量标准差（手）,2,THS-LI-2.1;THS-SN-2.1,CAT_B_DERIVED,,衍生计算指标（统计量），需计算引擎
近3年同月收盘价均值（美元/吨）,2,THS-SN-2.3;THS-ZN-2.3,CAT_B_DERIVED,,衍生计算指标（统计量），需计算引擎
近3年同月收盘价标准差（美元/吨）,2,THS-SN-2.3;THS-ZN-2.3,CAT_B_DERIVED,,衍生计算指标（统计量），需计算引擎
近3年同月表观消费量均值（万吨）,2,THS-ZN-5.1;THS-ZN-5.3,CAT_B_DERIVED,,衍生计算指标（统计量），需计算引擎
近3年同月表观消费量标准差（万吨）,2,THS-ZN-5.1;THS-ZN-5.3,CAT_B_DERIVED,,衍生计算指标（统计量），需计算引擎
近3年同期利润均值（元/吨）,2,THS-ZN-2.5;THS-ZN-3.2.4,CAT_B_DERIVED,,衍生计算指标（统计量），需计算引擎
进口依赖度（%）,2,THS-NI-3.1.3;THS-NI-3.1.4,CAT_A_RAW_MISS,,原始业务指标，库内确实无，需新增接入
进口费用（元/吨）,2,THS-NI-2.2;THS-NI-2.3,CAT_A_RAW_MISS,,原始业务指标，库内确实无，需新增接入
金属硅进口量（万吨）,2,THS-SI-6.1;THS-SI-6.4,CAT_A_RAW_MISS,,原始业务指标，库内确实无，需新增接入
锂矿TC（元/吨）,2,THS-LI-3.1.5;THS-LI-3.2.4,CAT_C_ALIAS_EXIST,锂辉石加工费 辽宁,实体存在于v1: 锂辉石加工费 辽宁
锌冶炼估值分位（%）,2,THS-ZN-2.5;THS-ZN-2.6,CAT_B_DERIVED,,衍生计算指标（统计量），需计算引擎
锌冶炼利润分位（%）,2,THS-ZN-2.5;THS-ZN-3.1.5,CAT_B_DERIVED,,衍生计算指标（统计量），需计算引擎
锌合金冶炼利润（元/吨）,2,THS-ZN-2.5;THS-ZN-3.2.4,CAT_C_ALIAS_EXIST,云南驰宏锌锗：分行业：有色金属冶炼和压延加工业：利润率（半年）,实体存在于v1: 云南驰宏锌锗：分行业：有色金属冶炼和压延加工业：利润率（半年）
锌基差（元/吨）,2,THS-ZN-2.1;THS-ZN-2.2,CAT_C_ALIAS_EXIST,SHFE：锌：基差（日）,实体存在于v1: SHFE：锌：基差（日）
锡精矿价格（元/吨）,2,THS-SN-2.5;THS-SN-7.3,CAT_A_RAW_MISS,,原始业务指标，库内确实无，需新增接入
锡锭冶炼利润（元/吨）,2,THS-SN-2.5;THS-SN-3.2.4,CAT_C_ALIAS_EXIST,锡锭进口利润,实体存在于v1: 锡锭进口利润
锡锭现货价格（元/吨）,2,THS-SN-2.2;THS-SN-2.5,CAT_A_RAW_MISS,,原始业务指标，库内确实无，需新增接入
镍价（元/吨）,2,THS-NI-7.1;THS-NI-7.2,CAT_A_RAW_MISS,,原始业务指标，库内确实无，需新增接入
镍合金开工率（%）,2,THS-NI-5.1;THS-NI-5.3,CAT_C_ALIAS_EXIST,镍生铁企业：开工率：以金属量计：印尼（月）,实体存在于v1: 镍生铁企业：开工率：以金属量计：印尼（月）
镍基差,2,THS-NI-2.2;THS-NI-2.4,CAT_C_ALIAS_EXIST,SHFE：镍：基差（日）,实体存在于v1: SHFE：镍：基差（日）
镍期货仓单数量（吨）,2,THS-NI-2.1;THS-NI-2.2,CAT_C_ALIAS_EXIST,LME：镍：注销仓单（日）,实体存在于v1: LME：镍：注销仓单（日）
镍现货升贴水（元/吨）、沪镍主力合约收盘价（元/吨）,2,THS-NI-2.1;THS-NI-2.2,CAT_C_ALIAS_EXIST,水淬镍：15-22%Ni：印尼产：升贴水（日）,实体存在于v1: 水淬镍：15-22%Ni：印尼产：升贴水（日）
镍精矿进口总量（万吨）,2,THS-NI-3.1;THS-NI-3.1.4,CAT_A_RAW_MISS,,原始业务指标，库内确实无，需新增接入
镍精矿进口量（万吨）,2,THS-NI-3.1.3;THS-NI-3.1.4,CAT_A_RAW_MISS,,原始业务指标，库内确实无，需新增接入
镍铁开工率（%）,2,THS-NI-3.2;THS-NI-3.2.2,CAT_C_ALIAS_EXIST,镍生铁企业：开工率：以金属量计：印尼（月）,实体存在于v1: 镍生铁企业：开工率：以金属量计：印尼（月）
隐性库存占比（%）,2,THS-NI-4.5;THS-SN-4.5,CAT_B_DERIVED,,衍生计算指标（统计量），需计算引擎
隐性库存（万吨LCE）,2,THS-LI-4.1;THS-LI-4.3,CAT_C_ALIAS_EXIST,SMM 锂矿港口库存,实体存在于v1: SMM 锂矿港口库存
高冰镍再生量（万吨）,2,THS-NI-3.2;THS-NI-3.2.3,CAT_A_RAW_MISS,,原始业务指标，库内确实无，需新增接入
高冰镍开工率（%）,2,THS-NI-3.2;THS-NI-3.2.2,CAT_C_ALIAS_EXIST,镍生铁企业：开工率：以金属量计：印尼（月）,实体存在于v1: 镍生铁企业：开工率：以金属量计：印尼（月）
高冰镍成本（元/吨）,2,THS-NI-7.1;THS-NI-7.3,CAT_A_RAW_MISS,,原始业务指标，库内确实无，需新增接入
2,1,THS-NI-7.3,CAT_A_RAW_MISS,,原始业务指标，库内确实无，需新增接入
4,1,THS-NI-7.3,CAT_A_RAW_MISS,,原始业务指标，库内确实无，需新增接入
6,1,THS-NI-7.3,CAT_A_RAW_MISS,,原始业务指标，库内确实无，需新增接入
8,1,THS-NI-7.3,CAT_A_RAW_MISS,,原始业务指标，库内确实无，需新增接入
9,1,THS-NI-7.3,CAT_A_RAW_MISS,,原始业务指标，库内确实无，需新增接入
A00现货价,1,THS-AL-3.3,CAT_A_RAW_MISS,,原始业务指标，库内确实无，需新增接入
A00铝现货均价,1,THS-AL-3.1,CAT_A_RAW_MISS,,原始业务指标，库内确实无，需新增接入
COME,1,THS-CU-2.3,CAT_A_RAW_MISS,,原始业务指标，库内确实无，需新增接入
COMEX Copper活跃合约,1,THS-CU-2.3,CAT_A_RAW_MISS,,原始业务指标，库内确实无，需新增接入
COMEX仓单（手）,1,THS-LI-2.3,CAT_C_ALIAS_EXIST,GFEX：碳酸锂：仓单数量（日）,实体存在于v1: GFEX：碳酸锂：仓单数量（日）
COMEX工业硅收盘价（美元/磅）,1,THS-SI-2.3,CAT_A_RAW_MISS,,原始业务指标，库内确实无，需新增接入
COMEX工业硅现货升贴水（美元/磅）,1,THS-SI-2.3,CAT_A_RAW_MISS,,原始业务指标，库内确实无，需新增接入
COMEX活跃价折算美元/吨相对LME 3M溢价,1,THS-CU-2.3,CAT_A_RAW_MISS,,原始业务指标，库内确实无，需新增接入
COMEX锂价（美元/吨）,1,THS-LI-2.3,CAT_A_RAW_MISS,,原始业务指标，库内确实无，需新增接入
COMEX锌收盘价（美元/吨）,1,THS-ZN-2.3,CAT_A_RAW_MISS,,原始业务指标，库内确实无，需新增接入
COMEX锡期货收盘价（美元/吨）,1,THS-SN-2.3,CAT_A_RAW_MISS,,原始业务指标，库内确实无，需新增接入
COMEX镍期货收盘价（美元/磅）,1,THS-NI-2.3,CAT_A_RAW_MISS,,原始业务指标，库内确实无，需新增接入
Cancelled warrants,1,THS-CU-4.4,CAT_A_RAW_MISS,,原始业务指标，库内确实无，需新增接入
Electrolytic nickel production,1,THS-NI-3.2,CAT_A_RAW_MISS,,原始业务指标，库内确实无，需新增接入
LME Copper Cash/3M,1,THS-CU-2.3,CAT_A_RAW_MISS,,原始业务指标，库内确实无，需新增接入
LME Nickel Stock（吨）,1,THS-NI-4.1,CAT_A_RAW_MISS,,原始业务指标，库内确实无，需新增接入
LME warranted stocks,1,THS-NI-2.3,CAT_A_RAW_MISS,,原始业务指标，库内确实无，需新增接入
LME-approved warehouses,1,THS-CU-4.4,CAT_A_RAW_MISS,,原始业务指标，库内确实无，需新增接入
LME工业硅3个月期货收盘价（美元/吨）,1,THS-SI-2.3,CAT_A_RAW_MISS,,原始业务指标，库内确实无，需新增接入
LME工业硅持仓量（手）,1,THS-SI-2.3,CAT_C_ALIAS_EXIST,GFEX：工业硅：单边交易：持仓量（日）,实体存在于v1: GFEX：工业硅：单边交易：持仓量（日）
LME工业硅现货升贴水（美元/吨）,1,THS-SI-2.3,CAT_A_RAW_MISS,,原始业务指标，库内确实无，需新增接入
LME工业硅现金价格（美元/吨）,1,THS-SI-2.3,CAT_A_RAW_MISS,,原始业务指标，库内确实无，需新增接入
LME铜库存、上期所铜库存、COMEX铜库存,1,THS-CU-4.1,CAT_C_ALIAS_EXIST,铜精矿：港口库存：中国（周）,实体存在于v1: 铜精矿：港口库存：中国（周）
LME锂价（美元/吨）,1,THS-LI-2.3,CAT_A_RAW_MISS,,原始业务指标，库内确实无，需新增接入
LME锌现货升贴水（美元/吨）,1,THS-ZN-2.3,CAT_C_ALIAS_EXIST,锌锭：升贴水：广东（日）,实体存在于v1: 锌锭：升贴水：广东（日）
LME锡交易所库存时序图,1,THS-SN-4.1,CAT_C_ALIAS_EXIST,SMM: 国内锡市平衡（新）: 厂库库存变化: 月度,实体存在于v1: SMM: 国内锡市平衡（新）: 厂库库存变化: 月度
LME锡交易所库存（手）,1,THS-SN-4.1,CAT_C_ALIAS_EXIST,SMM: 国内锡市平衡（新）: 厂库库存变化: 月度,实体存在于v1: SMM: 国内锡市平衡（新）: 厂库库存变化: 月度
LME锡估值分位（%）,1,THS-SN-2.5,CAT_B_DERIVED,,衍生计算指标（统计量），需计算引擎
LME锡月差时序图,1,THS-SN-2.4,CAT_C_ALIAS_EXIST,沪锡近半年月差变化,实体存在于v1: 沪锡近半年月差变化
LME锡月差（美元/吨）,1,THS-SN-2.4,CAT_C_ALIAS_EXIST,沪锡近半年月差变化,实体存在于v1: 沪锡近半年月差变化
LME锡期货收盘价时序图,1,THS-SN-2.3,CAT_A_RAW_MISS,,原始业务指标，库内确实无，需新增接入
LME锡期限结构时序图,1,THS-SN-2.4,CAT_A_RAW_MISS,,原始业务指标，库内确实无，需新增接入
LME锡期限结构（美元/吨）,1,THS-SN-2.4,CAT_A_RAW_MISS,,原始业务指标，库内确实无，需新增接入
LME锡现货现金价时序图,1,THS-SN-2.3,CAT_A_RAW_MISS,,原始业务指标，库内确实无，需新增接入
LME锡近远月价差（美元/吨）,1,THS-SN-2.4,CAT_A_RAW_MISS,,原始业务指标，库内确实无，需新增接入
LME镍3个月期货价格（美元/吨）,1,THS-NI-2.3,CAT_A_RAW_MISS,,原始业务指标，库内确实无，需新增接入
LME镍主力合约收盘价、LME镍主力合约持仓量,1,THS-NI-2.3,CAT_C_ALIAS_EXIST,SHFE：镍：主力合约：单边交易：持仓量（日）,实体存在于v1: SHFE：镍：主力合约：单边交易：持仓量（日）
LME镍主力合约收盘价（美元/吨）、LME镍主力合约持仓量（手）,1,THS-NI-2.3,CAT_C_ALIAS_EXIST,SHFE：镍：主力合约：单边交易：持仓量（日）,实体存在于v1: SHFE：镍：主力合约：单边交易：持仓量（日）
LME镍仓单数量、LME镍仓单注册量变化,1,THS-NI-2.3,CAT_C_ALIAS_EXIST,LME：镍：注销仓单（日）,实体存在于v1: LME：镍：注销仓单（日）
LME镍仓单数量、LME镍月差,1,THS-NI-2.3,CAT_C_ALIAS_EXIST,LME：镍：注销仓单（日）,实体存在于v1: LME：镍：注销仓单（日）
LME镍仓单数量（吨）、LME镍仓单注册量变化（吨）,1,THS-NI-2.3,CAT_C_ALIAS_EXIST,LME：镍：注销仓单（日）,实体存在于v1: LME：镍：注销仓单（日）
LME镍仓单数量（吨）、LME镍月差（美元/吨）,1,THS-NI-2.3,CAT_C_ALIAS_EXIST,LME：镍：注销仓单（日）,实体存在于v1: LME：镍：注销仓单（日）
LME镍仓单注册量变化（吨）,1,THS-NI-2.3,CAT_C_ALIAS_EXIST,LME：镍：注销仓单（日）,实体存在于v1: LME：镍：注销仓单（日）
LME镍前20名净持仓量（手）,1,THS-NI-2.6,CAT_C_ALIAS_EXIST,SHFE：镍：主力合约：单边交易：持仓量（日）,实体存在于v1: SHFE：镍：主力合约：单边交易：持仓量（日）
LME镍升贴水0-3（LME Nickel Premium/Discount 0-3）,1,THS-NI-4.1,CAT_A_RAW_MISS,,原始业务指标，库内确实无，需新增接入
LME镍库存、沪镍主力合约收盘价,1,THS-NI-5.3,CAT_C_ALIAS_EXIST,镍铁库存,实体存在于v1: 镍铁库存
LME镍库存（LME Nickel Stock）,1,THS-NI-4.1,CAT_C_ALIAS_EXIST,LME镍库存,实体存在于v1: LME镍库存
LME镍月差（美元/吨）,1,THS-NI-2.4,CAT_A_RAW_MISS,,原始业务指标，库内确实无，需新增接入
LME镍注册仓单（LME Nickel Registered Stock）、LME镍注销仓单（LME,1,THS-NI-4.2,CAT_C_ALIAS_EXIST,LME：镍：注销仓单（日）,实体存在于v1: LME：镍：注销仓单（日）
LME镍注册仓单（LME镍注册仓单）,1,THS-NI-5.3,CAT_C_ALIAS_EXIST,LME：镍：注销仓单（日）,实体存在于v1: LME：镍：注销仓单（日）
LME镍注销仓单占比（LME Nickel Unregistered Stock Ratio）,1,THS-NI-4.2,CAT_B_DERIVED,,衍生计算指标（统计量），需计算引擎
LME镍现货价格（美元/吨）、LME镍3个月期货价格（美元/吨）、升贴水（美元/吨）,1,THS-NI-2.2,CAT_A_RAW_MISS,,原始业务指标，库内确实无，需新增接入
LME镍现金-3个月月差,1,THS-NI-2.3,CAT_A_RAW_MISS,,原始业务指标，库内确实无，需新增接入
LME镍现金价格（美元/吨）,1,THS-NI-2.3,CAT_A_RAW_MISS,,原始业务指标，库内确实无，需新增接入
LME镍现金价格（美元/吨）、LME镍3个月期货价格（美元/吨）、现金-3个月月差（美元/吨）,1,THS-NI-2.3,CAT_A_RAW_MISS,,原始业务指标，库内确实无，需新增接入
LME镍近月-远月价差（美元/吨）,1,THS-NI-2.4,CAT_A_RAW_MISS,,原始业务指标，库内确实无，需新增接入
Matte nickel production,1,THS-NI-3.2,CAT_A_RAW_MISS,,原始业务指标，库内确实无，需新增接入
Mysteel/SMM社会库存,1,THS-AL-4.2,CAT_C_ALIAS_EXIST,铝合金锭：社会库存：中国（周）,实体存在于v1: 铝合金锭：社会库存：中国（周）
Mysteel中国精炼镍27库社会库存,1,THS-NI-4.3,CAT_C_ALIAS_EXIST,镍铁库存,实体存在于v1: 镍铁库存
Mysteel中国精炼镍27库社会库存、LME镍库存,1,THS-NI-4.3,CAT_C_ALIAS_EXIST,镍铁库存,实体存在于v1: 镍铁库存
Mysteel中国精炼镍27库社会库存、Mysteel精炼镍仓单库存,1,THS-NI-4.3,CAT_C_ALIAS_EXIST,LME：镍：注销仓单（日）,实体存在于v1: LME：镍：注销仓单（日）
Mysteel中国精炼镍27库社会库存、沪镍主力合约收盘价,1,THS-NI-4.3,CAT_C_ALIAS_EXIST,镍铁库存,实体存在于v1: 镍铁库存
Mysteel中国精炼镍在途库存,1,THS-NI-4.5,CAT_C_ALIAS_EXIST,镍铁库存,实体存在于v1: 镍铁库存
Mysteel中国精炼镍在途库存、沪镍主力合约收盘价,1,THS-NI-4.5,CAT_C_ALIAS_EXIST,镍铁库存,实体存在于v1: 镍铁库存
Mysteel中国精炼镍在途库存、隐性库存,1,THS-NI-4.3,CAT_C_ALIAS_EXIST,镍铁库存,实体存在于v1: 镍铁库存
Mysteel中国精炼镍社会库存:上海/广东/浙江,1,THS-NI-4.3,CAT_C_ALIAS_EXIST,镍铁库存,实体存在于v1: 镍铁库存
Mysteel中国精炼镍隐性库存,1,THS-NI-4.5,CAT_C_ALIAS_EXIST,镍铁库存,实体存在于v1: 镍铁库存
Mysteel中国精炼镍隐性库存、Mysteel精炼镍仓单库存,1,THS-NI-4.5,CAT_C_ALIAS_EXIST,LME：镍：注销仓单（日）,实体存在于v1: LME：镍：注销仓单（日）
Mysteel国内市场电解铜现货库存,1,THS-CU-4.3,CAT_C_ALIAS_EXIST,铜精矿：港口库存：中国（周）,实体存在于v1: 铜精矿：港口库存：中国（周）
Mysteel电解镍厂库存,1,THS-NI-4.4,CAT_C_ALIAS_EXIST,镍铁库存,实体存在于v1: 镍铁库存
Mysteel社会库存,1,THS-AL-4.2,CAT_C_ALIAS_EXIST,铝合金锭：社会库存：中国（周）,实体存在于v1: 铝合金锭：社会库存：中国（周）
Mysteel精炼镍仓单库存、LME镍库存,1,THS-NI-4.2,CAT_C_ALIAS_EXIST,LME：镍：注销仓单（日）,实体存在于v1: LME：镍：注销仓单（日）
Mysteel精炼镍仓单库存、Mysteel纯镍现货升贴水,1,THS-NI-4.2,CAT_C_ALIAS_EXIST,LME：镍：注销仓单（日）,实体存在于v1: LME：镍：注销仓单（日）
Mysteel精炼镍仓单库存、沪镍主力合约收盘价,1,THS-NI-4.2,CAT_C_ALIAS_EXIST,LME：镍：注销仓单（日）,实体存在于v1: LME：镍：注销仓单（日）
Mysteel精炼镍仓单库存、注销仓单,1,THS-NI-4.2,CAT_C_ALIAS_EXIST,LME：镍：注销仓单（日）,实体存在于v1: LME：镍：注销仓单（日）
Mysteel精炼镍仓单注销占比,1,THS-NI-4.2,CAT_B_DERIVED,,衍生计算指标（统计量），需计算引擎
Mysteel精炼镍厂库存:分工艺,1,THS-NI-4.4,CAT_C_ALIAS_EXIST,镍铁库存,实体存在于v1: 镍铁库存
Mysteel纯镍现货升贴水,1,THS-NI-4.1,CAT_C_ALIAS_EXIST,水淬镍：15-22%Ni：印尼产：升贴水（日）,实体存在于v1: 水淬镍：15-22%Ni：印尼产：升贴水（日）
Mysteel进口镍在途量:分国别,1,THS-NI-4.5,CAT_A_RAW_MISS,,原始业务指标，库内确实无，需新增接入
Mysteel镍精矿TC、Mysteel中国精炼镍在途库存,1,THS-NI-4.5,CAT_C_ALIAS_EXIST,镍铁库存,实体存在于v1: 镍铁库存
Mysteel镍精矿TC、Mysteel镍厂库存总量,1,THS-NI-4.4,CAT_C_ALIAS_EXIST,镍铁库存,实体存在于v1: 镍铁库存
Mysteel镍豆进口盈亏,1,THS-NI-4.1,CAT_C_ALIAS_EXIST,镍铁：哥伦比亚产：进口盈亏：中国（日）,实体存在于v1: 镍铁：哥伦比亚产：进口盈亏：中国（日）
Mysteel镍铁厂库存,1,THS-NI-4.4,CAT_C_ALIAS_EXIST,镍铁库存,实体存在于v1: 镍铁库存
Mysteel高冰镍厂库存,1,THS-NI-4.4,CAT_C_ALIAS_EXIST,镍铁库存,实体存在于v1: 镍铁库存
NPI冶炼利润（元/吨）,1,THS-NI-2.5,CAT_C_ALIAS_EXIST,镍铁理论利润（RKEF 山东）,实体存在于v1: 镍铁理论利润（RKEF 山东）
Nickel concentrate TC,1,THS-NI-3.1,CAT_A_RAW_MISS,,原始业务指标，库内确实无，需新增接入
Nickel sulfate production,1,THS-NI-3.2,CAT_A_RAW_MISS,,原始业务指标，库内确实无，需新增接入
Recycled nickel production,1,THS-NI-3.2,CAT_A_RAW_MISS,,原始业务指标，库内确实无，需新增接入
Refined nickel production,1,THS-NI-3.2,CAT_A_RAW_MISS,,原始业务指标，库内确实无，需新增接入
SHFE/LME比价,1,THS-CU-2.3,CAT_A_RAW_MISS,,原始业务指标，库内确实无，需新增接入
SHFE铜仓单、沪铜主力价格、现货升贴水,1,THS-CU-4.2,CAT_C_ALIAS_EXIST,LME：铜：注册仓单（日）,实体存在于v1: LME：铜：注册仓单（日）
SMM 1#电解铜升贴水,1,THS-CU-2.3,CAT_A_RAW_MISS,,原始业务指标，库内确实无，需新增接入
SMM EQ-A铜升贴水,1,THS-CU-2.3,CAT_A_RAW_MISS,,原始业务指标，库内确实无，需新增接入
SMM1#电解镍价格、SMM8-12%高镍生铁价格、SMM高冰镍价格、冶炼利润,1,THS-NI-2.5,CAT_C_ALIAS_EXIST,镍铁理论利润（RKEF 山东）,实体存在于v1: 镍铁理论利润（RKEF 山东）
SMM1#电解镍价格、电解镍冶炼完全成本、电解镍冶炼利润,1,THS-NI-2.5,CAT_C_ALIAS_EXIST,镍铁理论利润（RKEF 山东）,实体存在于v1: 镍铁理论利润（RKEF 山东）
SMM8-12%高镍生铁价格、SMM1#电解镍价格、NPI冶炼利润,1,THS-NI-2.5,CAT_C_ALIAS_EXIST,镍铁理论利润（RKEF 山东）,实体存在于v1: 镍铁理论利润（RKEF 山东）
SMM中国主流地区电解铜社会库存,1,THS-CU-4.3,CAT_C_ALIAS_EXIST,铜杆：社会库存：华东地区（日）,实体存在于v1: 铜杆：社会库存：华东地区（日）
SMM周度铝锭库存 / 国内主流消费地电解铝锭库存,1,THS-AL-4.2,CAT_C_ALIAS_EXIST,氧化铝库存-阿拉丁-电解铝厂,实体存在于v1: 氧化铝库存-阿拉丁-电解铝厂
SMM国内铝水比例,1,THS-AL-4.3,CAT_A_RAW_MISS,,原始业务指标，库内确实无，需新增接入
SMM纯镍社会库存:三地总量,1,THS-NI-4.3,CAT_C_ALIAS_EXIST,镍铁库存,实体存在于v1: 镍铁库存
SMM纯镍社会库存:三地总量、LME镍库存,1,THS-NI-4.3,CAT_C_ALIAS_EXIST,镍铁库存,实体存在于v1: 镍铁库存
SMM纯镍社会库存:三地总量、SMM纯镍社会库存:上期所,1,THS-NI-4.3,CAT_C_ALIAS_EXIST,镍铁库存,实体存在于v1: 镍铁库存
SMM纯镍社会库存:三地总量、沪镍主力合约收盘价,1,THS-NI-4.3,CAT_C_ALIAS_EXIST,镍铁库存,实体存在于v1: 镍铁库存
SMM纯镍社会库存:上期所、LME镍库存,1,THS-NI-4.2,CAT_C_ALIAS_EXIST,镍铁库存,实体存在于v1: 镍铁库存
SMM纯镍社会库存:上期所、SMM纯镍现货升贴水,1,THS-NI-4.2,CAT_C_ALIAS_EXIST,水淬镍：15-22%Ni：印尼产：升贴水（日）,实体存在于v1: 水淬镍：15-22%Ni：印尼产：升贴水（日）
SMM纯镍社会库存:上期所、沪镍主力合约收盘价,1,THS-NI-4.2,CAT_C_ALIAS_EXIST,镍铁库存,实体存在于v1: 镍铁库存
SMM纯镍社会库存:上期所（含注销仓单）,1,THS-NI-4.2,CAT_C_ALIAS_EXIST,LME：镍：注销仓单（日）,实体存在于v1: LME：镍：注销仓单（日）
SMM纯镍社会库存:在途,1,THS-NI-4.5,CAT_C_ALIAS_EXIST,镍铁库存,实体存在于v1: 镍铁库存
SMM纯镍社会库存:在途/隐性,1,THS-NI-4.3,CAT_C_ALIAS_EXIST,镍铁库存,实体存在于v1: 镍铁库存
SMM纯镍社会库存:在途、沪镍主力合约收盘价,1,THS-NI-4.5,CAT_C_ALIAS_EXIST,镍铁库存,实体存在于v1: 镍铁库存
SMM纯镍社会库存:隐性,1,THS-NI-4.5,CAT_C_ALIAS_EXIST,镍铁库存,实体存在于v1: 镍铁库存
SMM纯镍社会库存:隐性、SMM纯镍社会库存:上期所,1,THS-NI-4.5,CAT_C_ALIAS_EXIST,镍铁库存,实体存在于v1: 镍铁库存
SMM进口镍在途量:分国别,1,THS-NI-4.5,CAT_A_RAW_MISS,,原始业务指标，库内确实无，需新增接入
SMM镍精矿TC、SMM纯镍社会库存:在途,1,THS-NI-4.5,CAT_C_ALIAS_EXIST,镍铁库存,实体存在于v1: 镍铁库存
SMM镍精矿TC、SMM镍厂库存总量,1,THS-NI-4.4,CAT_C_ALIAS_EXIST,镍铁库存,实体存在于v1: 镍铁库存
SMM高冰镍价格、SMM1#电解镍价格、高冰镍冶炼利润,1,THS-NI-2.5,CAT_C_ALIAS_EXIST,镍铁理论利润（RKEF 山东）,实体存在于v1: 镍铁理论利润（RKEF 山东）
SMM高冰镍厂库存,1,THS-NI-4.4,CAT_C_ALIAS_EXIST,镍铁库存,实体存在于v1: 镍铁库存
三元电池排产,1,THS-NI-5.2,CAT_A_RAW_MISS,,原始业务指标，库内确实无，需新增接入
三元电池排产、沪镍主力合约收盘价,1,THS-NI-5.2,CAT_A_RAW_MISS,,原始业务指标，库内确实无，需新增接入
上期所锌仓单分地区（手）,1,THS-ZN-4.2,CAT_C_ALIAS_EXIST,SHFE: 锌: 仓单日报分地区_上海: 期货: 日度,实体存在于v1: SHFE: 锌: 仓单日报分地区_上海: 期货: 日度
上期所锌仓单持有天数（天）,1,THS-ZN-4.2,CAT_C_ALIAS_EXIST,SHFE: 锌: 仓单日报分地区_上海: 期货: 日度,实体存在于v1: SHFE: 锌: 仓单日报分地区_上海: 期货: 日度
上期所锌库存分地区（手）,1,THS-ZN-4.1,CAT_C_ALIAS_EXIST,锌精矿：港口库存：锦州港（周）,实体存在于v1: 锌精矿：港口库存：锦州港（周）
上期所镍仓单量,1,THS-NI-4.1,CAT_C_ALIAS_EXIST,LME：镍：注销仓单（日）,实体存在于v1: LME：镍：注销仓单（日）
上期所镍仓单量、上期所镍注销仓单量,1,THS-NI-4.2,CAT_C_ALIAS_EXIST,LME：镍：注销仓单（日）,实体存在于v1: LME：镍：注销仓单（日）
上期所镍仓单量、上期所镍注销仓单量、注销占比,1,THS-NI-4.2,CAT_B_DERIVED,,衍生计算指标（统计量），需计算引擎
上期所镍仓单量、沪镍主力合约收盘价,1,THS-NI-4.2,CAT_C_ALIAS_EXIST,LME：镍：注销仓单（日）,实体存在于v1: LME：镍：注销仓单（日）
上期所镍仓单量、镍现货升贴水,1,THS-NI-4.2,CAT_C_ALIAS_EXIST,LME：镍：注销仓单（日）,实体存在于v1: LME：镍：注销仓单（日）
上海、广东、江苏、浙江、江西等区域库存,1,THS-CU-4.3,CAT_C_ALIAS_EXIST,铜精矿：港口库存：中国（周）,实体存在于v1: 铜精矿：港口库存：中国（周）
上海、广东等保税区库存,1,THS-CU-4.4,CAT_C_ALIAS_EXIST,铜精矿：港口库存：中国（周）,实体存在于v1: 铜精矿：港口库存：中国（周）
上海、江苏、广东、浙江等仓单数量,1,THS-CU-4.2,CAT_C_ALIAS_EXIST,LME：铜：注册仓单（日）,实体存在于v1: LME：铜：注册仓单（日）
上海保税区铜库存、广东保税区铜库存,1,THS-CU-4.4,CAT_C_ALIAS_EXIST,铜精矿：港口库存：中国（周）,实体存在于v1: 铜精矿：港口库存：中国（周）
上海地区仓单量、广东地区仓单量、浙江地区仓单量,1,THS-NI-4.1,CAT_C_ALIAS_EXIST,LME：镍：注销仓单（日）,实体存在于v1: LME：镍：注销仓单（日）
上海地区社会库存、广东地区社会库存、浙江地区社会库存,1,THS-NI-4.3,CAT_C_ALIAS_EXIST,镍铁库存,实体存在于v1: 镍铁库存
上海地区社会库存（万吨）,1,THS-NI-4.3,CAT_C_ALIAS_EXIST,镍铁库存,实体存在于v1: 镍铁库存
上海库存、广东库存、江苏库存,1,THS-CU-4.3,CAT_C_ALIAS_EXIST,铜精矿：港口库存：中国（周）,实体存在于v1: 铜精矿：港口库存：中国（周）
上海锌现货升贴水（元/吨）,1,THS-ZN-2.2,CAT_C_ALIAS_EXIST,锌锭：升贴水：广东（日）,实体存在于v1: 锌锭：升贴水：广东（日）
不锈钢废料再生镍量,1,THS-NI-3.2,CAT_A_RAW_MISS,,原始业务指标，库内确实无，需新增接入
不锈钢开工率,1,THS-NI-5.1,CAT_C_ALIAS_EXIST,镍生铁企业：开工率：以金属量计：印尼（月）,实体存在于v1: 镍生铁企业：开工率：以金属量计：印尼（月）
不锈钢终端产量（万吨）,1,THS-NI-5.2,CAT_A_RAW_MISS,,原始业务指标，库内确实无，需新增接入
不锈钢表观消费量、三元电池排产,1,THS-NI-5.2,CAT_A_RAW_MISS,,原始业务指标，库内确实无，需新增接入
不锈钢表观消费量、沪镍主力合约收盘价,1,THS-NI-5.2,CAT_A_RAW_MISS,,原始业务指标，库内确实无，需新增接入
中位成本,1,THS-AL-3.1,CAT_A_RAW_MISS,,原始业务指标，库内确实无，需新增接入
中国主要地区/市场电解铝社会库存,1,THS-AL-4.2,CAT_C_ALIAS_EXIST,铝合金锭：社会库存：中国（周）,实体存在于v1: 铝合金锭：社会库存：中国（周）
中国主要地区电解铝社会库存,1,THS-AL-4.3,CAT_C_ALIAS_EXIST,铝合金锭：社会库存：中国（周）,实体存在于v1: 铝合金锭：社会库存：中国（周）
中国未锻轧铝及铝材月度出口量,1,THS-AL-6.2,CAT_A_RAW_MISS,,原始业务指标，库内确实无，需新增接入
中国未锻轧铝及铝材月度进口量,1,THS-AL-6.2,CAT_A_RAW_MISS,,原始业务指标，库内确实无，需新增接入
中国氧化铝进口/出口/净进口,1,THS-AL-6.1,CAT_A_RAW_MISS,,原始业务指标，库内确实无，需新增接入
中国电解铝企业厂内铝锭库存,1,THS-AL-4.3,CAT_C_ALIAS_EXIST,氧化铝库存-阿拉丁-电解铝厂,实体存在于v1: 氧化铝库存-阿拉丁-电解铝厂
中国硅矿月产能（万吨）,1,THS-SI-3.1.2,CAT_A_RAW_MISS,,原始业务指标，库内确实无，需新增接入
中国硅矿月再生产量（万吨）,1,THS-SI-3.1.2,CAT_A_RAW_MISS,,原始业务指标，库内确实无，需新增接入
中国硅矿月加工费TC（元/吨）,1,THS-SI-3.1.2,CAT_A_RAW_MISS,,原始业务指标，库内确实无，需新增接入
中国硅矿月进口总量（万吨）,1,THS-SI-3.1.4,CAT_A_RAW_MISS,,原始业务指标，库内确实无，需新增接入
中国硅矿月进口量（万吨）,1,THS-SI-3.1.2,CAT_A_RAW_MISS,,原始业务指标，库内确实无，需新增接入
中国铝制品月度出口量,1,THS-AL-6.3,CAT_A_RAW_MISS,,原始业务指标，库内确实无，需新增接入
中国镍矿到港量（万吨）,1,THS-NI-7.3,CAT_A_RAW_MISS,,原始业务指标，库内确实无，需新增接入
亏损产量占比,1,THS-AL-3.1,CAT_B_DERIVED,,衍生计算指标（统计量），需计算引擎
云南镍矿产能利用率（%）,1,THS-NI-3.1.3,CAT_A_RAW_MISS,,原始业务指标，库内确实无，需新增接入
云南镍矿产量（万吨）,1,THS-NI-3.1.3,CAT_A_RAW_MISS,,原始业务指标，库内确实无，需新增接入
云南镍矿开工天数（天/月）,1,THS-NI-3.1.3,CAT_A_RAW_MISS,,原始业务指标，库内确实无，需新增接入
云南镍矿检修量（万吨）,1,THS-NI-3.1.3,CAT_A_RAW_MISS,,原始业务指标，库内确实无，需新增接入
亚洲锂矿产量（万吨LCE）,1,THS-LI-3.1.2,CAT_A_RAW_MISS,,原始业务指标，库内确实无，需新增接入
仓单库存天数（天）,1,THS-LI-4.2,CAT_C_ALIAS_EXIST,GFEX：碳酸锂：仓单数量（日）,实体存在于v1: GFEX：碳酸锂：仓单数量（日）
仓单注册量、仓单注销量、仓单总量,1,THS-CU-4.2,CAT_C_ALIAS_EXIST,LME：铜：注册仓单（日）,实体存在于v1: LME：铜：注册仓单（日）
仓单注册量（吨）,1,THS-SN-2.1,CAT_C_ALIAS_EXIST,LME：锡：注销仓单（日）,实体存在于v1: LME：锡：注销仓单（日）
仓单注销占比（%）,1,THS-LI-4.2,CAT_B_DERIVED,,衍生计算指标（统计量），需计算引擎
价差（电解镍-NPI,1,THS-NI-2.2,CAT_A_RAW_MISS,,原始业务指标，库内确实无，需新增接入
估值分位（%）,1,THS-LI-2.5,CAT_B_DERIVED,,衍生计算指标（统计量），需计算引擎
估算辅料成本,1,THS-AL-3.2,CAT_A_RAW_MISS,,原始业务指标，库内确实无，需新增接入
俄罗斯发运占比（%）,1,THS-SN-6.4,CAT_B_DERIVED,,衍生计算指标（统计量），需计算引擎
俄罗斯发运量（万吨）,1,THS-SN-6.4,CAT_A_RAW_MISS,,原始业务指标，库内确实无，需新增接入
俄罗斯精炼锡开工率（%）,1,THS-SN-3.2.2,CAT_C_ALIAS_EXIST,锡：冶炼厂：开工率：中国（月）,实体存在于v1: 锡：冶炼厂：开工率：中国（月）
俄罗斯锡矿加工费TC（美元/吨）,1,THS-SN-3.1.5,CAT_C_ALIAS_EXIST,锡冶炼厂加工费,实体存在于v1: 锡冶炼厂加工费
俄罗斯锡矿进口量占比（%）,1,THS-SN-3.1.4,CAT_B_DERIVED,,衍生计算指标（统计量），需计算引擎
俄罗斯锡矿进口量时序图,1,THS-SN-3.1.4,CAT_A_RAW_MISS,,原始业务指标，库内确实无，需新增接入
俄罗斯锡矿进口量（万吨）,1,THS-SN-3.1.4,CAT_A_RAW_MISS,,原始业务指标，库内确实无，需新增接入
俄罗斯锡精矿产量占比（%）,1,THS-SN-3.1.2,CAT_B_DERIVED,,衍生计算指标（统计量），需计算引擎
俄罗斯锡精矿产量时序图,1,THS-SN-3.1.2,CAT_A_RAW_MISS,,原始业务指标，库内确实无，需新增接入
俄罗斯锡精矿产量（万吨）,1,THS-SN-3.1.2,CAT_A_RAW_MISS,,原始业务指标，库内确实无，需新增接入
俄罗斯锡精矿进口量（万吨）,1,THS-SN-6.1,CAT_A_RAW_MISS,,原始业务指标，库内确实无，需新增接入
俄罗斯锡锭出口量（万吨）,1,THS-SN-6.2,CAT_A_RAW_MISS,,原始业务指标，库内确实无，需新增接入
俄罗斯锡锭进口量（万吨）,1,THS-SN-6.2,CAT_A_RAW_MISS,,原始业务指标，库内确实无，需新增接入
保税区仓单时序图,1,THS-SN-6.2,CAT_C_ALIAS_EXIST,LME：锡：注销仓单（日）,实体存在于v1: LME：锡：注销仓单（日）
保税区库存、沪伦进口盈亏或COMEX-LME价差,1,THS-CU-4.4,CAT_C_ALIAS_EXIST,铜：进口盈亏（日）,实体存在于v1: 铜：进口盈亏（日）
保税区库存、进口利润、精废价差,1,THS-CU-4.4,CAT_C_ALIAS_EXIST,铜精矿：港口库存：中国（周）,实体存在于v1: 铜精矿：港口库存：中国（周）
保税区库存（万吨）,1,THS-SN-6.1,CAT_C_ALIAS_EXIST,SMM: 国内锡市平衡（新）: 厂库库存变化: 月度,实体存在于v1: SMM: 国内锡市平衡（新）: 厂库库存变化: 月度
具体执行,1,THS-NI-4.5,CAT_A_RAW_MISS,,原始业务指标，库内确实无，需新增接入
再生氢氧化锂产量（万吨LCE）,1,THS-LI-3.2.3,CAT_A_RAW_MISS,,原始业务指标，库内确实无，需新增接入
再生碳酸锂产量（万吨LCE）,1,THS-LI-3.2.3,CAT_A_RAW_MISS,,原始业务指标，库内确实无，需新增接入
再生锌产能（万吨）,1,THS-ZN-3.2.3,CAT_A_RAW_MISS,,原始业务指标，库内确实无，需新增接入
再生锌冶炼利润（元/吨）,1,THS-ZN-2.5,CAT_C_ALIAS_EXIST,云南驰宏锌锗：分行业：有色金属冶炼和压延加工业：利润率（半年）,实体存在于v1: 云南驰宏锌锗：分行业：有色金属冶炼和压延加工业：利润率（半年）
再生锌检修量（万吨）,1,THS-ZN-3.2.3,CAT_A_RAW_MISS,,原始业务指标，库内确实无，需新增接入
再生锌进口盈亏（元/吨）,1,THS-ZN-3.2.3,CAT_C_ALIAS_EXIST,SMM: 锌精矿日度进口盈亏: 锌精矿进口盈亏: 日度,实体存在于v1: SMM: 锌精矿日度进口盈亏: 锌精矿进口盈亏: 日度
再生锌进口量分国别（万吨）,1,THS-ZN-3.2.3,CAT_A_RAW_MISS,,原始业务指标，库内确实无，需新增接入
再生锌进口量（万吨）,1,THS-ZN-3.2.3,CAT_A_RAW_MISS,,原始业务指标，库内确实无，需新增接入
再生锡产能利用率时序图,1,THS-SN-3.2.3,CAT_A_RAW_MISS,,原始业务指标，库内确实无，需新增接入
再生锡价格时序图,1,THS-SN-7.3,CAT_A_RAW_MISS,,原始业务指标，库内确实无，需新增接入
再生锡开工天数（天）,1,THS-SN-3.2.3,CAT_A_RAW_MISS,,原始业务指标，库内确实无，需新增接入
再生锡开工率时序图,1,THS-SN-3.2.3,CAT_C_ALIAS_EXIST,锡：冶炼厂：开工率：中国（月）,实体存在于v1: 锡：冶炼厂：开工率：中国（月）
再生锡检修量时序图,1,THS-SN-3.2.3,CAT_A_RAW_MISS,,原始业务指标，库内确实无，需新增接入
再生锡检修量（万吨）,1,THS-SN-3.2.3,CAT_A_RAW_MISS,,原始业务指标，库内确实无，需新增接入
再生锡进口量分国别时序图,1,THS-SN-6.1,CAT_A_RAW_MISS,,原始业务指标，库内确实无，需新增接入
再生镍-电解镍产量比（倍）,1,THS-NI-3.2.3,CAT_A_RAW_MISS,,原始业务指标，库内确实无，需新增接入
再生镍占比（%）,1,THS-NI-3.2.3,CAT_B_DERIVED,,衍生计算指标（统计量），需计算引擎
冰晶石现货价,1,THS-AL-3.2,CAT_A_RAW_MISS,,原始业务指标，库内确实无，需新增接入
冶炼产能（万吨LCE）,1,THS-LI-3.2.4,CAT_A_RAW_MISS,,原始业务指标，库内确实无，需新增接入
冶炼检修量（万吨LCE）,1,THS-LI-3.2.4,CAT_A_RAW_MISS,,原始业务指标，库内确实无，需新增接入
几内亚铝土矿CIF/FOB,1,THS-AL-3.3,CAT_A_RAW_MISS,,原始业务指标，库内确实无，需新增接入
出口金额、出口均价,1,THS-AL-6.3,CAT_A_RAW_MISS,,原始业务指标，库内确实无，需新增接入
分原料硫酸镍利润（元/镍吨）,1,THS-NI-7.2,CAT_A_RAW_MISS,,原始业务指标，库内确实无，需新增接入
分原料硫酸镍利润（元/镍吨）（MHP/高冰镍/镍豆）,1,THS-NI-7.2,CAT_A_RAW_MISS,,原始业务指标，库内确实无，需新增接入
分原料硫酸镍完全成本（元/镍吨）,1,THS-NI-7.1,CAT_A_RAW_MISS,,原始业务指标，库内确实无，需新增接入
分国别锡矿加工费TC时序图,1,THS-SN-3.1.5,CAT_C_ALIAS_EXIST,锡冶炼厂加工费,实体存在于v1: 锡冶炼厂加工费
分国别锡精矿产量结构占比时序图,1,THS-SN-3.1.2,CAT_B_DERIVED,,衍生计算指标（统计量），需计算引擎
删除图数,1,THS-NI-7.3,CAT_A_RAW_MISS,,原始业务指标，库内确实无，需新增接入
前20名席位轮动方向（多头增加/空头增加/双增/双减）,1,THS-NI-2.6,CAT_A_RAW_MISS,,原始业务指标，库内确实无，需新增接入
前20名持仓集中度（%）,1,THS-NI-2.6,CAT_A_RAW_MISS,,原始业务指标，库内确实无，需新增接入
前20多头净持仓（手）,1,THS-LI-2.6,CAT_A_RAW_MISS,,原始业务指标，库内确实无，需新增接入
前20席位总持仓（手）,1,THS-LI-2.6,CAT_A_RAW_MISS,,原始业务指标，库内确实无，需新增接入
前20空头净持仓（手）,1,THS-LI-2.6,CAT_A_RAW_MISS,,原始业务指标，库内确实无，需新增接入
动力煤价格指数,1,THS-AL-3.3,CAT_A_RAW_MISS,,原始业务指标，库内确实无，需新增接入
动力电池废料进口量（万吨）,1,THS-NI-3.2.3,CAT_A_RAW_MISS,,原始业务指标，库内确实无，需新增接入
动力电池开工率（%）,1,THS-NI-5.3,CAT_C_ALIAS_EXIST,镍生铁企业：开工率：以金属量计：印尼（月）,实体存在于v1: 镍生铁企业：开工率：以金属量计：印尼（月）
动力电池终端产量（万吨）,1,THS-NI-5.2,CAT_A_RAW_MISS,,原始业务指标，库内确实无，需新增接入
升水铜升贴水,1,THS-CU-2.3,CAT_A_RAW_MISS,,原始业务指标，库内确实无，需新增接入
升贴水（美元/吨）,1,THS-NI-2.3,CAT_A_RAW_MISS,,原始业务指标，库内确实无，需新增接入
单吨氧化铝成本,1,THS-AL-3.2,CAT_A_RAW_MISS,,原始业务指标，库内确实无，需新增接入
单吨阳极成本,1,THS-AL-3.2,CAT_A_RAW_MISS,,原始业务指标，库内确实无，需新增接入
南美TC（元/吨）,1,THS-LI-3.1.5,CAT_C_ALIAS_EXIST,锂辉石加工费 辽宁,实体存在于v1: 锂辉石加工费 辽宁
南美进口占比（%）,1,THS-LI-3.1.4,CAT_B_DERIVED,,衍生计算指标（统计量），需计算引擎
南美进口量（万吨LCE）,1,THS-LI-3.1.4,CAT_A_RAW_MISS,,原始业务指标，库内确实无，需新增接入
南美锂矿产量（万吨LCE）,1,THS-LI-3.1.2,CAT_A_RAW_MISS,,原始业务指标，库内确实无，需新增接入
南非锌矿产能利用率（%）,1,THS-ZN-3.1.2,CAT_A_RAW_MISS,,原始业务指标，库内确实无，需新增接入
南非锌矿产量（万吨）,1,THS-ZN-3.1.2,CAT_A_RAW_MISS,,原始业务指标，库内确实无，需新增接入
南非锌矿再生产量（万吨）,1,THS-ZN-3.1.2,CAT_A_RAW_MISS,,原始业务指标，库内确实无，需新增接入
南非锌矿开工率（%）,1,THS-ZN-3.1.2,CAT_C_ALIAS_EXIST,镀锌板卷：钢铁企业：开工率：中国（周）,实体存在于v1: 镀锌板卷：钢铁企业：开工率：中国（周）
南非锌矿检修量（万吨）,1,THS-ZN-3.1.2,CAT_A_RAW_MISS,,原始业务指标，库内确实无，需新增接入
南非锌精炼产量（万吨）,1,THS-ZN-3.1.2,CAT_A_RAW_MISS,,原始业务指标，库内确实无，需新增接入
印尼-菲律宾进口量比（倍）,1,THS-NI-3.1.4,CAT_A_RAW_MISS,,原始业务指标，库内确实无，需新增接入
印尼再生锡产能（万吨）,1,THS-SN-3.2.3,CAT_A_RAW_MISS,,原始业务指标，库内确实无，需新增接入
印尼再生锡产量（万吨）,1,THS-SN-3.2.3,CAT_A_RAW_MISS,,原始业务指标，库内确实无，需新增接入
印尼再生锡进口量（万吨）,1,THS-SN-6.1,CAT_A_RAW_MISS,,原始业务指标，库内确实无，需新增接入
印尼出口占比（%）,1,THS-SN-6.3,CAT_B_DERIVED,,衍生计算指标（统计量），需计算引擎
印尼厂内库存占比（%）,1,THS-SN-4.4,CAT_B_DERIVED,,衍生计算指标（统计量），需计算引擎
印尼厂内库存（万吨）,1,THS-SN-4.4,CAT_C_ALIAS_EXIST,SMM: 国内锡市平衡（新）: 厂库库存变化: 月度,实体存在于v1: SMM: 国内锡市平衡（新）: 厂库库存变化: 月度
印尼发运占比（%）,1,THS-SN-6.4,CAT_B_DERIVED,,衍生计算指标（统计量），需计算引擎
印尼发运量（万吨）,1,THS-SN-6.4,CAT_A_RAW_MISS,,原始业务指标，库内确实无，需新增接入
印尼在途库存占比（%）,1,THS-SN-4.5,CAT_B_DERIVED,,衍生计算指标（统计量），需计算引擎
印尼消费占比（%）,1,THS-SN-5.1,CAT_B_DERIVED,,衍生计算指标（统计量），需计算引擎
印尼电子级锡出口量（万吨）,1,THS-SN-6.3,CAT_A_RAW_MISS,,原始业务指标，库内确实无，需新增接入
印尼电解镍进口量（万吨）,1,THS-NI-6.2,CAT_A_RAW_MISS,,原始业务指标，库内确实无，需新增接入
印尼社会库存占比（%）,1,THS-SN-4.3,CAT_B_DERIVED,,衍生计算指标（统计量），需计算引擎
印尼社会库存（万吨）,1,THS-SN-4.3,CAT_C_ALIAS_EXIST,SMM: 锡锭社会库存: 上海: 周度,实体存在于v1: SMM: 锡锭社会库存: 上海: 周度
印尼精炼锡冶炼利润（元/吨）,1,THS-SN-3.2.4,CAT_C_ALIAS_EXIST,锡锭进口利润,实体存在于v1: 锡锭进口利润
印尼精炼锡开工率（%）,1,THS-SN-3.2.2,CAT_C_ALIAS_EXIST,锡：冶炼厂：开工率：中国（月）,实体存在于v1: 锡：冶炼厂：开工率：中国（月）
印尼终端消费占比（%）,1,THS-SN-5.2,CAT_B_DERIVED,,衍生计算指标（统计量），需计算引擎
印尼进口占比（%）,1,THS-NI-3.1.4,CAT_B_DERIVED,,衍生计算指标（统计量），需计算引擎
印尼进口在途量、菲律宾进口在途量、新喀里多尼亚进口在途量,1,THS-NI-4.5,CAT_A_RAW_MISS,,原始业务指标，库内确实无，需新增接入
印尼进口在途量（万吨）,1,THS-NI-4.5,CAT_A_RAW_MISS,,原始业务指标，库内确实无，需新增接入
印尼进口量（万吨）,1,THS-NI-3.1.4,CAT_A_RAW_MISS,,原始业务指标，库内确实无，需新增接入
印尼锡矿加工费TC（美元/吨）,1,THS-SN-3.1.5,CAT_C_ALIAS_EXIST,锡冶炼厂加工费,实体存在于v1: 锡冶炼厂加工费
印尼锡矿进口量占比（%）,1,THS-SN-3.1.4,CAT_B_DERIVED,,衍生计算指标（统计量），需计算引擎
印尼锡矿进口量时序图,1,THS-SN-3.1.4,CAT_A_RAW_MISS,,原始业务指标，库内确实无，需新增接入
印尼锡矿进口量（万吨）,1,THS-SN-3.1.4,CAT_A_RAW_MISS,,原始业务指标，库内确实无，需新增接入
印尼锡精矿产量占比（%）,1,THS-SN-3.1.2,CAT_B_DERIVED,,衍生计算指标（统计量），需计算引擎
印尼锡精矿产量时序图,1,THS-SN-3.1.2,CAT_A_RAW_MISS,,原始业务指标，库内确实无，需新增接入
印尼锡精矿进口量（万吨）,1,THS-SN-6.1,CAT_A_RAW_MISS,,原始业务指标，库内确实无，需新增接入
印尼锡锭进口量（万吨）,1,THS-SN-6.2,CAT_A_RAW_MISS,,原始业务指标，库内确实无，需新增接入
印尼镍生铁/NPI发运天数（天）,1,THS-NI-6.4,CAT_A_RAW_MISS,,原始业务指标，库内确实无，需新增接入
印尼镍生铁/NPI对华发运量（万吨）,1,THS-NI-6.4,CAT_A_RAW_MISS,,原始业务指标，库内确实无，需新增接入
印尼镍矿HPM基准价,1,THS-NI-3.1,CAT_A_RAW_MISS,,原始业务指标，库内确实无，需新增接入
印尼镍矿RKAB配额,1,THS-NI-3.1,CAT_A_RAW_MISS,,原始业务指标，库内确实无，需新增接入
印尼镍矿RKAB配额（万吨）,1,THS-NI-3.1,CAT_A_RAW_MISS,,原始业务指标，库内确实无，需新增接入
印尼镍矿产能利用率（%）,1,THS-NI-3.1.1,CAT_A_RAW_MISS,,原始业务指标，库内确实无，需新增接入
印尼镍矿产能（万吨/年）,1,THS-NI-3.1.2,CAT_A_RAW_MISS,,原始业务指标，库内确实无，需新增接入
印尼镍矿发运天数（天）,1,THS-NI-6.4,CAT_A_RAW_MISS,,原始业务指标，库内确实无，需新增接入
印尼镍矿对华发运量（万吨）,1,THS-NI-6.4,CAT_A_RAW_MISS,,原始业务指标，库内确实无，需新增接入
印尼镍矿检修量（万吨）,1,THS-NI-3.1.1,CAT_A_RAW_MISS,,原始业务指标，库内确实无，需新增接入
印尼镍矿进口量（万吨）,1,THS-NI-6.1,CAT_A_RAW_MISS,,原始业务指标，库内确实无，需新增接入
印尼镍矿配额利用率,1,THS-NI-3.1,CAT_A_RAW_MISS,,原始业务指标，库内确实无，需新增接入
印尼镍矿配额利用率（%）,1,THS-NI-3.1,CAT_A_RAW_MISS,,原始业务指标，库内确实无，需新增接入
印尼镍精炼产能（万吨/年）,1,THS-NI-3.1.1,CAT_A_RAW_MISS,,原始业务指标，库内确实无，需新增接入
印尼镍精矿TC,1,THS-NI-3.1,CAT_A_RAW_MISS,,原始业务指标，库内确实无，需新增接入
印尼镍铁冶炼项目样本投产条数,1,THS-NI-3.2,CAT_A_RAW_MISS,,原始业务指标，库内确实无，需新增接入
印尼隐性库存占比（%）,1,THS-SN-4.5,CAT_B_DERIVED,,衍生计算指标（统计量），需计算引擎
印尼需求增速（%）,1,THS-SN-5.3,CAT_A_RAW_MISS,,原始业务指标，库内确实无，需新增接入
印尼高冰镍完全成本、印尼高冰镍现金成本、印尼高冰镍利润,1,THS-NI-2.5,CAT_A_RAW_MISS,,原始业务指标，库内确实无，需新增接入
印尼高冰镍完全成本（元/吨）、印尼高冰镍现金成本（元/吨）、印尼高冰镍利润（元/吨）,1,THS-NI-2.5,CAT_A_RAW_MISS,,原始业务指标，库内确实无，需新增接入
印尼高冰镍完全成本（周度）、印尼高冰镍现金成本（周度）、印尼高冰镍利润（周度）,1,THS-NI-2.5,CAT_A_RAW_MISS,,原始业务指标，库内确实无，需新增接入
印尼高冰镍完全成本（美元/镍吨）、印尼高冰镍现金成本（美元/镍吨）,1,THS-NI-7.1,CAT_A_RAW_MISS,,原始业务指标，库内确实无，需新增接入
印尼高冰镍完全成本：利润（周度）,1,THS-NI-7.2,CAT_A_RAW_MISS,,原始业务指标，库内确实无，需新增接入
印度锌矿产能利用率（%）,1,THS-ZN-3.1.2,CAT_A_RAW_MISS,,原始业务指标，库内确实无，需新增接入
印度锌矿产量（万吨）,1,THS-ZN-3.1.2,CAT_A_RAW_MISS,,原始业务指标，库内确实无，需新增接入
印度锌矿再生产量（万吨）,1,THS-ZN-3.1.2,CAT_A_RAW_MISS,,原始业务指标，库内确实无，需新增接入
印度锌矿开工率（%）,1,THS-ZN-3.1.2,CAT_C_ALIAS_EXIST,镀锌板卷：钢铁企业：开工率：中国（周）,实体存在于v1: 镀锌板卷：钢铁企业：开工率：中国（周）
印度锌矿检修量（万吨）,1,THS-ZN-3.1.2,CAT_A_RAW_MISS,,原始业务指标，库内确实无，需新增接入
印度锌精炼产量（万吨）,1,THS-ZN-3.1.2,CAT_A_RAW_MISS,,原始业务指标，库内确实无，需新增接入
厂内库存分地区（万吨LCE）,1,THS-LI-4.4,CAT_C_ALIAS_EXIST,SMM 锂矿港口库存,实体存在于v1: SMM 锂矿港口库存
厂内库存在途量（万吨LCE）,1,THS-LI-4.4,CAT_C_ALIAS_EXIST,SMM 锂矿港口库存,实体存在于v1: SMM 锂矿港口库存
厂内库存天数（天）,1,THS-LI-4.4,CAT_C_ALIAS_EXIST,碳酸锂 库存天数:总计,实体存在于v1: 碳酸锂 库存天数:总计
厂内库存持有者（万吨LCE）,1,THS-LI-4.4,CAT_C_ALIAS_EXIST,SMM 锂矿港口库存,实体存在于v1: SMM 锂矿港口库存
厂内库存（万吨LCE）,1,THS-LI-4.3,CAT_C_ALIAS_EXIST,SMM 锂矿港口库存,实体存在于v1: SMM 锂矿港口库存
厂外库存（万吨）,1,THS-NI-4.3,CAT_C_ALIAS_EXIST,镍铁库存,实体存在于v1: 镍铁库存
原图数,1,THS-NI-7.3,CAT_A_RAW_MISS,,原始业务指标，库内确实无，需新增接入
原料成本时序图,1,THS-SN-7.3,CAT_A_RAW_MISS,,原始业务指标，库内确实无，需新增接入
发运天数时序图,1,THS-SN-6.4,CAT_A_RAW_MISS,,原始业务指标，库内确实无，需新增接入
发运量分国别结构占比时序图,1,THS-SN-6.4,CAT_B_DERIVED,,衍生计算指标（统计量），需计算引擎
各LME仓库/地点铜库存,1,THS-CU-4.1,CAT_C_ALIAS_EXIST,铜精矿：港口库存：中国（周）,实体存在于v1: 铜精矿：港口库存：中国（周）
周到港量、港口库存、氧化铝厂库存天数,1,THS-AL-6.1,CAT_C_ALIAS_EXIST,铝土矿库存天数-不含河北,实体存在于v1: 铝土矿库存天数-不含河北
四川镍矿产能利用率（%）,1,THS-NI-3.1.3,CAT_A_RAW_MISS,,原始业务指标，库内确实无，需新增接入
四川镍矿产量（万吨）,1,THS-NI-3.1.3,CAT_A_RAW_MISS,,原始业务指标，库内确实无，需新增接入
四川镍矿开工天数（天/月）,1,THS-NI-3.1.3,CAT_A_RAW_MISS,,原始业务指标，库内确实无，需新增接入
四川镍矿检修量（万吨）,1,THS-NI-3.1.3,CAT_A_RAW_MISS,,原始业务指标，库内确实无，需新增接入
回收企业产能（万吨LCE）,1,THS-LI-3.2.3,CAT_A_RAW_MISS,,原始业务指标，库内确实无，需新增接入
回收企业产量（万吨LCE）,1,THS-LI-3.2.3,CAT_A_RAW_MISS,,原始业务指标，库内确实无，需新增接入
回收企业开工天数（天）,1,THS-LI-3.2.3,CAT_A_RAW_MISS,,原始业务指标，库内确实无，需新增接入
回收企业开工率（%）,1,THS-LI-3.2.3,CAT_C_ALIAS_EXIST,碳酸锂 开工率:锂云母,实体存在于v1: 碳酸锂 开工率:锂云母
回收企业检修量（万吨LCE）,1,THS-LI-3.2.3,CAT_A_RAW_MISS,,原始业务指标，库内确实无，需新增接入
国产铝土矿价格,1,THS-AL-3.3,CAT_A_RAW_MISS,,原始业务指标，库内确实无，需新增接入
国内主流消费地电解铝库存,1,THS-AL-3.3,CAT_C_ALIAS_EXIST,氧化铝库存-阿拉丁-电解铝厂,实体存在于v1: 氧化铝库存-阿拉丁-电解铝厂
国内再生锌进口量（万吨）,1,THS-ZN-6.1,CAT_A_RAW_MISS,,原始业务指标，库内确实无，需新增接入
国内出口占比（%）,1,THS-SN-6.3,CAT_B_DERIVED,,衍生计算指标（统计量），需计算引擎
国内厂内库存占比（%）,1,THS-SN-4.4,CAT_B_DERIVED,,衍生计算指标（统计量），需计算引擎
国内厂内库存（万吨）,1,THS-SN-4.4,CAT_C_ALIAS_EXIST,SMM: 国内锡市平衡（新）: 厂库库存变化: 月度,实体存在于v1: SMM: 国内锡市平衡（新）: 厂库库存变化: 月度
国内压铸合金出口量（万吨）,1,THS-ZN-6.3,CAT_A_RAW_MISS,,原始业务指标，库内确实无，需新增接入
国内在途库存占比（%）,1,THS-SN-4.5,CAT_B_DERIVED,,衍生计算指标（统计量），需计算引擎
国内工厂库存总量（万吨）,1,THS-SN-4.4,CAT_C_ALIAS_EXIST,SMM: 国内锡市平衡（新）: 厂库库存变化: 月度,实体存在于v1: SMM: 国内锡市平衡（新）: 厂库库存变化: 月度
国内氧化锌出口量（万吨）,1,THS-ZN-6.3,CAT_A_RAW_MISS,,原始业务指标，库内确实无，需新增接入
国内消费占比（%）,1,THS-SN-5.1,CAT_B_DERIVED,,衍生计算指标（统计量），需计算引擎
国内电池级锌订单量（万吨）,1,THS-ZN-5.3,CAT_A_RAW_MISS,,原始业务指标，库内确实无，需新增接入
国内电锌保税区仓单（手）,1,THS-ZN-6.2,CAT_C_ALIAS_EXIST,SHFE: 锌: 仓单日报分地区_上海: 期货: 日度,实体存在于v1: SHFE: 锌: 仓单日报分地区_上海: 期货: 日度
国内电锌保税区库存（万吨）,1,THS-ZN-6.2,CAT_C_ALIAS_EXIST,锌精矿：港口库存：锦州港（周）,实体存在于v1: 锌精矿：港口库存：锦州港（周）
国内电锌关税税率（%）,1,THS-ZN-6.2,CAT_A_RAW_MISS,,原始业务指标，库内确实无，需新增接入
国内电锌净进口量（万吨）,1,THS-ZN-6.2,CAT_A_RAW_MISS,,原始业务指标，库内确实无，需新增接入
国内电锌出口量（万吨）,1,THS-ZN-6.2,CAT_A_RAW_MISS,,原始业务指标，库内确实无，需新增接入
国内电锌进出口金额（亿美元）,1,THS-ZN-6.2,CAT_A_RAW_MISS,,原始业务指标，库内确实无，需新增接入
国内电锌进口量分国别（万吨）,1,THS-ZN-6.2,CAT_A_RAW_MISS,,原始业务指标，库内确实无，需新增接入
国内电锌进口量总量（万吨）,1,THS-ZN-6.2,CAT_A_RAW_MISS,,原始业务指标，库内确实无，需新增接入
国内硅矿月产能（万吨）,1,THS-SI-3.1.3,CAT_A_RAW_MISS,,原始业务指标，库内确实无，需新增接入
国内硅矿月仓单注册量（吨）,1,THS-SI-3.1.4,CAT_C_ALIAS_EXIST,GFEX：工业硅：仓单数量（日）,实体存在于v1: GFEX：工业硅：仓单数量（日）
国内硅矿月开工率（%）,1,THS-SI-3.1.3,CAT_C_ALIAS_EXIST,多晶硅开工率,实体存在于v1: 多晶硅开工率
国内硅矿月检修量（万吨）,1,THS-SI-3.1.3,CAT_A_RAW_MISS,,原始业务指标，库内确实无，需新增接入
国内硅矿月沪伦比（倍）,1,THS-SI-3.1.4,CAT_A_RAW_MISS,,原始业务指标，库内确实无，需新增接入
国内硅矿月进口盈亏（元/吨）,1,THS-SI-3.1.4,CAT_A_RAW_MISS,,原始业务指标，库内确实无，需新增接入
国内社会库存与沪锡主力合约收盘价时序图,1,THS-SN-4.3,CAT_C_ALIAS_EXIST,SMM: 锡锭社会库存: 上海: 周度,实体存在于v1: SMM: 锡锭社会库存: 上海: 周度
国内社会库存分地区时序图,1,THS-SN-4.3,CAT_C_ALIAS_EXIST,SMM: 锡锭社会库存: 上海: 周度,实体存在于v1: SMM: 锡锭社会库存: 上海: 周度
国内社会库存占比（%）,1,THS-SN-4.3,CAT_B_DERIVED,,衍生计算指标（统计量），需计算引擎
国内社会库存天数时序图,1,THS-SN-4.3,CAT_C_ALIAS_EXIST,SMM: 锡锭社会库存: 上海: 周度,实体存在于v1: SMM: 锡锭社会库存: 上海: 周度
国内社会库存总量时序图,1,THS-SN-4.3,CAT_C_ALIAS_EXIST,SMM: 锡锭社会库存: 上海: 周度,实体存在于v1: SMM: 锡锭社会库存: 上海: 周度
国内社会库存总量（万吨）,1,THS-SN-4.3,CAT_C_ALIAS_EXIST,SMM: 锡锭社会库存: 上海: 周度,实体存在于v1: SMM: 锡锭社会库存: 上海: 周度
国内社会库存（万吨）,1,THS-SN-4.3,CAT_C_ALIAS_EXIST,SMM: 锡锭社会库存: 上海: 周度,实体存在于v1: SMM: 锡锭社会库存: 上海: 周度
国内精炼锡产能利用率时序图,1,THS-SN-3.2.1,CAT_A_RAW_MISS,,原始业务指标，库内确实无，需新增接入
国内精炼锡产能时序图,1,THS-SN-3.2.2,CAT_A_RAW_MISS,,原始业务指标，库内确实无，需新增接入
国内精炼锡产能（万吨）,1,THS-SN-3.2.2,CAT_A_RAW_MISS,,原始业务指标，库内确实无，需新增接入
国内精炼锡产量（万吨）,1,THS-SN-3.2.1,CAT_A_RAW_MISS,,原始业务指标，库内确实无，需新增接入
国内精炼锡冶炼利润估值分位（%）,1,THS-SN-3.2.4,CAT_B_DERIVED,,衍生计算指标（统计量），需计算引擎
国内精炼锡冶炼利润时序图,1,THS-SN-3.2.4,CAT_C_ALIAS_EXIST,锡锭进口利润,实体存在于v1: 锡锭进口利润
国内精炼锡冶炼利润（元/吨）,1,THS-SN-3.2.4,CAT_C_ALIAS_EXIST,锡锭进口利润,实体存在于v1: 锡锭进口利润
国内精炼锡开工天数时序图,1,THS-SN-3.2.2,CAT_A_RAW_MISS,,原始业务指标，库内确实无，需新增接入
国内精炼锡开工天数（天）,1,THS-SN-3.2.2,CAT_A_RAW_MISS,,原始业务指标，库内确实无，需新增接入
国内精炼锡检修量时序图,1,THS-SN-3.2.2,CAT_A_RAW_MISS,,原始业务指标，库内确实无，需新增接入
国内终端消费占比（%）,1,THS-SN-5.2,CAT_B_DERIVED,,衍生计算指标（统计量），需计算引擎
国内铝棒社会库存 / 主要市场铝棒库存,1,THS-AL-4.3,CAT_C_ALIAS_EXIST,铝合金锭：社会库存：中国（周）,实体存在于v1: 铝合金锭：社会库存：中国（周）
国内锂盐产能（万吨LCE）,1,THS-LI-3.2.2,CAT_A_RAW_MISS,,原始业务指标，库内确实无，需新增接入
国内锂盐精炼产能（万吨LCE）,1,THS-LI-3.2.1,CAT_A_RAW_MISS,,原始业务指标，库内确实无，需新增接入
国内锂矿产能（万吨LCE）,1,THS-LI-3.1.3,CAT_A_RAW_MISS,,原始业务指标，库内确实无，需新增接入
国内锂矿产量（万吨LCE）,1,THS-LI-3.1.3,CAT_A_RAW_MISS,,原始业务指标，库内确实无，需新增接入
国内锂矿检修量（万吨LCE）,1,THS-LI-3.1.3,CAT_A_RAW_MISS,,原始业务指标，库内确实无，需新增接入
国内锌冶炼产量（万吨）,1,THS-ZN-5.1,CAT_A_RAW_MISS,,原始业务指标，库内确实无，需新增接入
国内锌冶炼利润（元/吨）,1,THS-ZN-7.1,CAT_C_ALIAS_EXIST,云南驰宏锌锗：分行业：有色金属冶炼和压延加工业：利润率（半年）,实体存在于v1: 云南驰宏锌锗：分行业：有色金属冶炼和压延加工业：利润率（半年）
国内锌冶炼加工费（元/吨）,1,THS-ZN-7.1,CAT_C_ALIAS_EXIST,锌精矿：国产：50%Zn：加工费均价：陕西（日）,实体存在于v1: 锌精矿：国产：50%Zn：加工费均价：陕西（日）
国内锌冶炼成本分位（%）,1,THS-ZN-7.1,CAT_B_DERIVED,,衍生计算指标（统计量），需计算引擎
国内锌冶炼成本（元/吨）,1,THS-ZN-7.1,CAT_A_RAW_MISS,,原始业务指标，库内确实无，需新增接入
国内锌冶炼排产计划（万吨）,1,THS-ZN-5.1,CAT_A_RAW_MISS,,原始业务指标，库内确实无，需新增接入
国内锌冶炼日度分位成本（%）,1,THS-ZN-7.2,CAT_B_DERIVED,,衍生计算指标（统计量），需计算引擎
国内锌冶炼日度利润（元/吨）,1,THS-ZN-7.2,CAT_A_RAW_MISS,,原始业务指标，库内确实无，需新增接入
国内锌冶炼日度加工费（元/吨）,1,THS-ZN-7.2,CAT_C_ALIAS_EXIST,锌精矿：国产：50%Zn：加工费均价：陕西（日）,实体存在于v1: 锌精矿：国产：50%Zn：加工费均价：陕西（日）
国内锌冶炼日度原料成本（元/吨）,1,THS-ZN-7.2,CAT_A_RAW_MISS,,原始业务指标，库内确实无，需新增接入
国内锌冶炼日度现金成本（元/吨）,1,THS-ZN-7.2,CAT_A_RAW_MISS,,原始业务指标，库内确实无，需新增接入
国内锌冶炼日度电价（元/度）,1,THS-ZN-7.2,CAT_A_RAW_MISS,,原始业务指标，库内确实无，需新增接入
国内锌冶炼月天然气成本（元/吨）,1,THS-ZN-7.3,CAT_A_RAW_MISS,,原始业务指标，库内确实无，需新增接入
国内锌冶炼月成本（元/吨）,1,THS-ZN-7.3,CAT_A_RAW_MISS,,原始业务指标，库内确实无，需新增接入
国内锌冶炼月柴油成本（元/吨）,1,THS-ZN-7.3,CAT_A_RAW_MISS,,原始业务指标，库内确实无，需新增接入
国内锌冶炼月煤炭成本（元/吨）,1,THS-ZN-7.3,CAT_A_RAW_MISS,,原始业务指标，库内确实无，需新增接入
国内锌冶炼月电价（元/度）,1,THS-ZN-7.3,CAT_A_RAW_MISS,,原始业务指标，库内确实无，需新增接入
国内锌冶炼月硫酸成本（元/吨）,1,THS-ZN-7.3,CAT_A_RAW_MISS,,原始业务指标，库内确实无，需新增接入
国内锌冶炼月能源成本分结构（元/吨）,1,THS-ZN-7.3,CAT_A_RAW_MISS,,原始业务指标，库内确实无，需新增接入
国内锌冶炼月能源成本（元/吨）,1,THS-ZN-7.3,CAT_A_RAW_MISS,,原始业务指标，库内确实无，需新增接入
国内锌冶炼消费占比（%）,1,THS-ZN-5.1,CAT_B_DERIVED,,衍生计算指标（统计量），需计算引擎
国内锌冶炼表观消费量（万吨）,1,THS-ZN-5.1,CAT_C_ALIAS_EXIST,USGS：精炼锌：表观消费量：美国（年）,实体存在于v1: USGS：精炼锌：表观消费量：美国（年）
国内锌冶炼订单量（万吨）,1,THS-ZN-5.1,CAT_A_RAW_MISS,,原始业务指标，库内确实无，需新增接入
国内锌冶炼需求增速（%）,1,THS-ZN-5.1,CAT_A_RAW_MISS,,原始业务指标，库内确实无，需新增接入
国内锌出口量（万吨）,1,THS-ZN-5.3,CAT_A_RAW_MISS,,原始业务指标，库内确实无，需新增接入
国内锌制品出口量分国别（万吨）,1,THS-ZN-6.3,CAT_A_RAW_MISS,,原始业务指标，库内确实无，需新增接入
国内锌制品出口量总量（万吨）,1,THS-ZN-6.3,CAT_A_RAW_MISS,,原始业务指标，库内确实无，需新增接入
国内锌制品出口量（万吨）,1,THS-ZN-6.3,CAT_A_RAW_MISS,,原始业务指标，库内确实无，需新增接入
国内锌制品出口金额（亿美元）,1,THS-ZN-6.3,CAT_A_RAW_MISS,,原始业务指标，库内确实无，需新增接入
国内锌厂内库存占比（%）,1,THS-ZN-4.4,CAT_B_DERIVED,,衍生计算指标（统计量），需计算引擎
国内锌厂内库存天数（天）,1,THS-ZN-4.4,CAT_C_ALIAS_EXIST,锌精矿：原料：库存天数：中国（周）,实体存在于v1: 锌精矿：原料：库存天数：中国（周）
国内锌厂内库存（万吨）,1,THS-ZN-4.3,CAT_C_ALIAS_EXIST,锌精矿：港口库存：锦州港（周）,实体存在于v1: 锌精矿：港口库存：锦州港（周）
国内锌厂内锌合金库存（万吨）,1,THS-ZN-4.4,CAT_C_ALIAS_EXIST,锌精矿：港口库存：锦州港（周）,实体存在于v1: 锌精矿：港口库存：锦州港（周）
国内锌厂内锌锭库存分地区（万吨）,1,THS-ZN-4.4,CAT_C_ALIAS_EXIST,锌精矿：港口库存：锦州港（周）,实体存在于v1: 锌精矿：港口库存：锦州港（周）
国内锌厂内锌锭库存（万吨）,1,THS-ZN-4.4,CAT_C_ALIAS_EXIST,锌精矿：港口库存：锦州港（周）,实体存在于v1: 锌精矿：港口库存：锦州港（周）
国内锌原料成本（元/吨）,1,THS-ZN-7.1,CAT_A_RAW_MISS,,原始业务指标，库内确实无，需新增接入
国内锌合金出口量（万吨）,1,THS-ZN-6.3,CAT_A_RAW_MISS,,原始业务指标，库内确实无，需新增接入
国内锌在途库存占比（%）,1,THS-ZN-4.5,CAT_B_DERIVED,,衍生计算指标（统计量），需计算引擎
国内锌在途库存总量（万吨）,1,THS-ZN-4.5,CAT_C_ALIAS_EXIST,锌精矿：港口库存：锦州港（周）,实体存在于v1: 锌精矿：港口库存：锦州港（周）
国内锌在途库存（万吨）,1,THS-ZN-4.3,CAT_C_ALIAS_EXIST,锌精矿：港口库存：锦州港（周）,实体存在于v1: 锌精矿：港口库存：锦州港（周）
国内锌现金成本（元/吨）,1,THS-ZN-7.1,CAT_A_RAW_MISS,,原始业务指标，库内确实无，需新增接入
国内锌电价（元/度）,1,THS-ZN-7.1,CAT_A_RAW_MISS,,原始业务指标，库内确实无，需新增接入
国内锌电解成本（元/吨）,1,THS-ZN-7.1,CAT_A_RAW_MISS,,原始业务指标，库内确实无，需新增接入
国内锌电解日度利润（元/吨）,1,THS-ZN-7.2,CAT_A_RAW_MISS,,原始业务指标，库内确实无，需新增接入
国内锌电解月成本（元/吨）,1,THS-ZN-7.3,CAT_A_RAW_MISS,,原始业务指标，库内确实无，需新增接入
国内锌矿TC（美元/吨干矿）,1,THS-ZN-3.1.3,CAT_C_ALIAS_EXIST,锌精矿：国产：50%Zn：加工费均价：陕西（日）,实体存在于v1: 锌精矿：国产：50%Zn：加工费均价：陕西（日）
国内锌矿产能利用率（%）,1,THS-ZN-3.1.3,CAT_A_RAW_MISS,,原始业务指标，库内确实无，需新增接入
国内锌矿产能（万吨）,1,THS-ZN-3.1.3,CAT_A_RAW_MISS,,原始业务指标，库内确实无，需新增接入
国内锌矿加工费TC（美元/吨干矿）,1,THS-ZN-3.1.3,CAT_C_ALIAS_EXIST,锌精矿：国产：50%Zn：加工费均价：陕西（日）,实体存在于v1: 锌精矿：国产：50%Zn：加工费均价：陕西（日）
国内锌矿检修量（万吨）,1,THS-ZN-3.1.3,CAT_A_RAW_MISS,,原始业务指标，库内确实无，需新增接入
国内锌矿进口量分国别（万吨）,1,THS-ZN-3.1.3,CAT_A_RAW_MISS,,原始业务指标，库内确实无，需新增接入
国内锌社会库存分地区（万吨）,1,THS-ZN-4.3,CAT_C_ALIAS_EXIST,镀锌板卷：社会库存：中国（周）,实体存在于v1: 镀锌板卷：社会库存：中国（周）
国内锌精炼开工天数（天）,1,THS-ZN-3.2.2,CAT_A_RAW_MISS,,原始业务指标，库内确实无，需新增接入
国内锌精炼日度产量（吨）,1,THS-ZN-7.2,CAT_A_RAW_MISS,,原始业务指标，库内确实无，需新增接入
国内锌精炼进口量分国别（万吨）,1,THS-ZN-3.2.1,CAT_A_RAW_MISS,,原始业务指标，库内确实无，需新增接入
国内锌精矿保税区库存（万吨）,1,THS-ZN-6.1,CAT_C_ALIAS_EXIST,锌精矿：港口库存：锦州港（周）,实体存在于v1: 锌精矿：港口库存：锦州港（周）
国内锌精矿关税税率（%）,1,THS-ZN-6.1,CAT_A_RAW_MISS,,原始业务指标，库内确实无，需新增接入
国内锌精矿发运量（万吨）,1,THS-ZN-6.1,CAT_A_RAW_MISS,,原始业务指标，库内确实无，需新增接入
国内锌精矿月成本（元/吨）,1,THS-ZN-7.3,CAT_A_RAW_MISS,,原始业务指标，库内确实无，需新增接入
国内锌精矿进口盈亏（元/吨）,1,THS-ZN-6.1,CAT_C_ALIAS_EXIST,SMM: 锌精矿日度进口盈亏: 锌精矿进口盈亏: 日度,实体存在于v1: SMM: 锌精矿日度进口盈亏: 锌精矿进口盈亏: 日度
国内锌精矿进口量总量（万吨）,1,THS-ZN-6.1,CAT_A_RAW_MISS,,原始业务指标，库内确实无，需新增接入
国内锌锭消费量（万吨）,1,THS-ZN-5.2,CAT_A_RAW_MISS,,原始业务指标，库内确实无，需新增接入
国内锌隐性库存分地区（万吨）,1,THS-ZN-4.5,CAT_C_ALIAS_EXIST,锌精矿：港口库存：锦州港（周）,实体存在于v1: 锌精矿：港口库存：锦州港（周）
国内锌隐性库存占比（%）,1,THS-ZN-4.5,CAT_B_DERIVED,,衍生计算指标（统计量），需计算引擎
国内锌隐性库存总量（万吨）,1,THS-ZN-4.5,CAT_C_ALIAS_EXIST,锌精矿：港口库存：锦州港（周）,实体存在于v1: 锌精矿：港口库存：锦州港（周）
国内锌隐性库存（万吨）,1,THS-ZN-4.3,CAT_C_ALIAS_EXIST,锌精矿：港口库存：锦州港（周）,实体存在于v1: 锌精矿：港口库存：锦州港（周）
国内锡矿产能利用率时序图,1,THS-SN-3.1.3,CAT_A_RAW_MISS,,原始业务指标，库内确实无，需新增接入
国内锡矿产能利用率（%）,1,THS-SN-3.1.3,CAT_A_RAW_MISS,,原始业务指标，库内确实无，需新增接入
国内锡矿加工费TC时序图,1,THS-SN-3.1.5,CAT_C_ALIAS_EXIST,锡冶炼厂加工费,实体存在于v1: 锡冶炼厂加工费
国内锡矿检修量（万吨）,1,THS-SN-3.1.3,CAT_A_RAW_MISS,,原始业务指标，库内确实无，需新增接入
国内镀锌板/热镀锌消费量（万吨）,1,THS-ZN-5.2,CAT_A_RAW_MISS,,原始业务指标，库内确实无，需新增接入
国内镀锌板出口量（万吨）,1,THS-ZN-6.3,CAT_A_RAW_MISS,,原始业务指标，库内确实无，需新增接入
国内镀锌板开工率（%）,1,THS-ZN-5.2,CAT_C_ALIAS_EXIST,镀锌板卷：钢铁企业：开工率：中国（周）,实体存在于v1: 镀锌板卷：钢铁企业：开工率：中国（周）
国内镀锌板排产计划（万吨）,1,THS-ZN-5.3,CAT_A_RAW_MISS,,原始业务指标，库内确实无，需新增接入
国内镀锌板订单量（万吨）,1,THS-ZN-5.3,CAT_A_RAW_MISS,,原始业务指标，库内确实无，需新增接入
国内镍矿-精炼产量比（倍）,1,THS-NI-3.1,CAT_A_RAW_MISS,,原始业务指标，库内确实无，需新增接入
国内镍矿进口依赖度（%）,1,THS-NI-3.1,CAT_A_RAW_MISS,,原始业务指标，库内确实无，需新增接入
国内隐性库存占比（%）,1,THS-SN-4.5,CAT_B_DERIVED,,衍生计算指标（统计量），需计算引擎
国内需求增速（%）,1,THS-SN-5.3,CAT_A_RAW_MISS,,原始业务指标，库内确实无，需新增接入
在途库存、隐性库存,1,THS-NI-4.3,CAT_C_ALIAS_EXIST,镍铁库存,实体存在于v1: 镍铁库存
在途库存占比时序图,1,THS-SN-4.5,CAT_B_DERIVED,,衍生计算指标（统计量），需计算引擎
在途库存占比（%）,1,THS-SN-4.5,CAT_B_DERIVED,,衍生计算指标（统计量），需计算引擎
在途库存天数（天）,1,THS-SN-4.5,CAT_C_ALIAS_EXIST,SMM: 国内锡市平衡（新）: 厂库库存变化: 月度,实体存在于v1: SMM: 国内锡市平衡（新）: 厂库库存变化: 月度
在途库存总量（万吨）,1,THS-SN-4.5,CAT_C_ALIAS_EXIST,SMM: 国内锡市平衡（新）: 厂库库存变化: 月度,实体存在于v1: SMM: 国内锡市平衡（新）: 厂库库存变化: 月度
在途海运铜库存估算,1,THS-CU-4.4,CAT_C_ALIAS_EXIST,铜精矿：港口库存：中国（周）,实体存在于v1: 铜精矿：港口库存：中国（周）
基差,1,THS-AL-3.3,CAT_C_ALIAS_EXIST,SHFE：铝：基差（日）,实体存在于v1: SHFE：铝：基差（日）
基差（现货-期货,1,THS-NI-2.2,CAT_C_ALIAS_EXIST,SHFE：镍：基差（日）,实体存在于v1: SHFE：镍：基差（日）
多晶硅下游排产计划量（万吨）,1,THS-SI-5.3,CAT_A_RAW_MISS,,原始业务指标，库内确实无，需新增接入
多晶硅下游消费占比（%）,1,THS-SI-5.2,CAT_B_DERIVED,,衍生计算指标（统计量），需计算引擎
多晶硅下游终端产量（万吨）,1,THS-SI-5.2,CAT_A_RAW_MISS,,原始业务指标，库内确实无，需新增接入
多晶硅下游采购量（万吨）,1,THS-SI-5.3,CAT_A_RAW_MISS,,原始业务指标，库内确实无，需新增接入
多晶硅下游预付款（亿元）,1,THS-SI-5.3,CAT_A_RAW_MISS,,原始业务指标，库内确实无，需新增接入
多晶硅交易所库存总量（吨）,1,THS-SI-4.1,CAT_C_ALIAS_EXIST,金属硅社会库存-昆明,实体存在于v1: 金属硅社会库存-昆明
多晶硅仓单注册量（吨）,1,THS-SI-4.2,CAT_C_ALIAS_EXIST,GFEX：工业硅：仓单数量（日）,实体存在于v1: GFEX：工业硅：仓单数量（日）
多晶硅估值分位（%）,1,THS-SI-2.5,CAT_B_DERIVED,,衍生计算指标（统计量），需计算引擎
多晶硅再生月产能（万吨）,1,THS-SI-3.2.3,CAT_A_RAW_MISS,,原始业务指标，库内确实无，需新增接入
多晶硅净出口量（万吨）,1,THS-SI-6.2,CAT_A_RAW_MISS,,原始业务指标，库内确实无，需新增接入
多晶硅制品净出口量（万吨）,1,THS-SI-6.3,CAT_A_RAW_MISS,,原始业务指标，库内确实无，需新增接入
多晶硅制品出口量（万吨）,1,THS-SI-6.3,CAT_A_RAW_MISS,,原始业务指标，库内确实无，需新增接入
多晶硅在途库存总量（万吨）,1,THS-SI-4.5,CAT_C_ALIAS_EXIST,金属硅社会库存-昆明,实体存在于v1: 金属硅社会库存-昆明
多晶硅工厂库存天数（天）,1,THS-SI-4.4,CAT_C_ALIAS_EXIST,金属硅社会库存-昆明,实体存在于v1: 金属硅社会库存-昆明
多晶硅注销仓单量（吨）,1,THS-SI-4.2,CAT_C_ALIAS_EXIST,GFEX：工业硅：仓单数量（日）,实体存在于v1: GFEX：工业硅：仓单数量（日）
多晶硅海外发运量（万吨）,1,THS-SI-6.4,CAT_A_RAW_MISS,,原始业务指标，库内确实无，需新增接入
多晶硅现金利润（元/吨）,1,THS-SI-7.2,CAT_A_RAW_MISS,,原始业务指标，库内确实无，需新增接入
多晶硅精炼月检修量（万吨）,1,THS-SI-3.2.2,CAT_A_RAW_MISS,,原始业务指标，库内确实无，需新增接入
多晶硅隐性库存总量（万吨）,1,THS-SI-4.5,CAT_C_ALIAS_EXIST,金属硅社会库存-昆明,实体存在于v1: 金属硅社会库存-昆明
多空持仓比（多头/空头）,1,THS-NI-2.6,CAT_A_RAW_MISS,,原始业务指标，库内确实无，需新增接入
天津锌现货升贴水（元/吨）,1,THS-ZN-2.2,CAT_C_ALIAS_EXIST,锌锭：升贴水：广东（日）,实体存在于v1: 锌锭：升贴水：广东（日）
工业硅TC加工费（元/吨）,1,THS-SI-3.2.4,CAT_A_RAW_MISS,,原始业务指标，库内确实无，需新增接入
工业硅下游排产计划量（万吨）,1,THS-SI-5.3,CAT_A_RAW_MISS,,原始业务指标，库内确实无，需新增接入
工业硅下游消费占比（%）,1,THS-SI-5.2,CAT_B_DERIVED,,衍生计算指标（统计量），需计算引擎
工业硅下游消费增速（%）,1,THS-SI-5.2,CAT_A_RAW_MISS,,原始业务指标，库内确实无，需新增接入
工业硅下游终端产量（万吨）,1,THS-SI-5.2,CAT_A_RAW_MISS,,原始业务指标，库内确实无，需新增接入
工业硅下游采购量（万吨）,1,THS-SI-5.3,CAT_A_RAW_MISS,,原始业务指标，库内确实无，需新增接入
工业硅下游预付款（亿元）,1,THS-SI-5.3,CAT_A_RAW_MISS,,原始业务指标，库内确实无，需新增接入
工业硅仓单分地区量（吨）,1,THS-SI-4.2,CAT_C_ALIAS_EXIST,GFEX：工业硅：仓单数量（日）,实体存在于v1: GFEX：工业硅：仓单数量（日）
工业硅仓单占比（%）,1,THS-SI-4.2,CAT_B_DERIVED,,衍生计算指标（统计量），需计算引擎
工业硅估值分位（%）,1,THS-SI-2.5,CAT_B_DERIVED,,衍生计算指标（统计量），需计算引擎
工业硅保税区仓单（万吨）,1,THS-SI-6.2,CAT_C_ALIAS_EXIST,GFEX：工业硅：仓单数量（日）,实体存在于v1: GFEX：工业硅：仓单数量（日）
工业硅保税区库存（万吨）,1,THS-SI-6.1,CAT_C_ALIAS_EXIST,金属硅社会库存-昆明,实体存在于v1: 金属硅社会库存-昆明
工业硅出口关税税率（%）,1,THS-SI-6.2,CAT_A_RAW_MISS,,原始业务指标，库内确实无，需新增接入
工业硅出口发运天数（天）,1,THS-SI-6.2,CAT_A_RAW_MISS,,原始业务指标，库内确实无，需新增接入
工业硅制品保税区仓单（万吨）,1,THS-SI-6.3,CAT_C_ALIAS_EXIST,GFEX：工业硅：仓单数量（日）,实体存在于v1: GFEX：工业硅：仓单数量（日）
工业硅制品出口关税税率（%）,1,THS-SI-6.3,CAT_A_RAW_MISS,,原始业务指标，库内确实无，需新增接入
工业硅制品出口发运天数（天）,1,THS-SI-6.3,CAT_A_RAW_MISS,,原始业务指标，库内确实无，需新增接入
工业硅加工费（元/吨）,1,THS-SI-7.2,CAT_A_RAW_MISS,,原始业务指标，库内确实无，需新增接入
工业硅原料成本（元/吨）,1,THS-SI-7.1,CAT_A_RAW_MISS,,原始业务指标，库内确实无，需新增接入
工业硅在途库存分地区量（万吨）,1,THS-SI-4.5,CAT_C_ALIAS_EXIST,金属硅社会库存-昆明,实体存在于v1: 金属硅社会库存-昆明
工业硅工厂库存在途库存（万吨）,1,THS-SI-4.4,CAT_C_ALIAS_EXIST,金属硅社会库存-昆明,实体存在于v1: 金属硅社会库存-昆明
工业硅工厂库存隐性库存（万吨）,1,THS-SI-4.4,CAT_C_ALIAS_EXIST,金属硅社会库存-昆明,实体存在于v1: 金属硅社会库存-昆明
工业硅排产计划量（万吨）,1,THS-SI-5.1,CAT_A_RAW_MISS,,原始业务指标，库内确实无，需新增接入
工业硅月差（元/吨）,1,THS-SI-2.2,CAT_C_ALIAS_EXIST,工业硅期货月差,实体存在于v1: 工业硅期货月差
工业硅期货多空持仓比（%）,1,THS-SI-2.6,CAT_A_RAW_MISS,,原始业务指标，库内确实无，需新增接入
工业硅期货成交量（手）,1,THS-SI-2.6,CAT_C_ALIAS_EXIST,GFEX：工业硅：主力合约：单边交易：成交量（日）,实体存在于v1: GFEX：工业硅：主力合约：单边交易：成交量（日）
工业硅期货持仓量分位（%）,1,THS-SI-2.6,CAT_B_DERIVED,,衍生计算指标（统计量），需计算引擎
工业硅期货日度仓单注册量（吨）,1,THS-SI-2.1,CAT_C_ALIAS_EXIST,GFEX：工业硅：仓单数量（日）,实体存在于v1: GFEX：工业硅：仓单数量（日）
工业硅期货日度基差（元/吨）,1,THS-SI-2.1,CAT_C_ALIAS_EXIST,GFEX：工业硅：基差（日）,实体存在于v1: GFEX：工业硅：基差（日）
工业硅期货日度多空持仓比（%）,1,THS-SI-2.1,CAT_A_RAW_MISS,,原始业务指标，库内确实无，需新增接入
工业硅期货日度成交量（手）,1,THS-SI-2.1,CAT_C_ALIAS_EXIST,GFEX：工业硅：主力合约：单边交易：成交量（日）,实体存在于v1: GFEX：工业硅：主力合约：单边交易：成交量（日）
工业硅期货日度持仓量分位（%）,1,THS-SI-2.1,CAT_B_DERIVED,,衍生计算指标（统计量），需计算引擎
工业硅期货日度持仓量（手）,1,THS-SI-2.1,CAT_C_ALIAS_EXIST,GFEX：工业硅：单边交易：持仓量（日）,实体存在于v1: GFEX：工业硅：单边交易：持仓量（日）
工业硅期货近月合约收盘价（元/吨）,1,THS-SI-2.4,CAT_A_RAW_MISS,,原始业务指标，库内确实无，需新增接入
工业硅期货远月合约收盘价（元/吨）,1,THS-SI-2.4,CAT_A_RAW_MISS,,原始业务指标，库内确实无，需新增接入
工业硅沪伦比（倍）,1,THS-SI-2.2,CAT_A_RAW_MISS,,原始业务指标，库内确实无，需新增接入
工业硅海外发运保税区仓单（万吨）,1,THS-SI-6.4,CAT_C_ALIAS_EXIST,GFEX：工业硅：仓单数量（日）,实体存在于v1: GFEX：工业硅：仓单数量（日）
工业硅海外发运分国别量（万吨）,1,THS-SI-6.4,CAT_A_RAW_MISS,,原始业务指标，库内确实无，需新增接入
工业硅海外发运发运天数（天）,1,THS-SI-6.4,CAT_A_RAW_MISS,,原始业务指标，库内确实无，需新增接入
工业硅海外发运发运金额（亿元）,1,THS-SI-6.4,CAT_A_RAW_MISS,,原始业务指标，库内确实无，需新增接入
工业硅海外发运总量（万吨）,1,THS-SI-6.4,CAT_A_RAW_MISS,,原始业务指标，库内确实无，需新增接入
工业硅海外发运量（万吨）,1,THS-SI-6.4,CAT_A_RAW_MISS,,原始业务指标，库内确实无，需新增接入
工业硅现货价格（元/吨）,1,THS-SI-2.2,CAT_A_RAW_MISS,,原始业务指标，库内确实无，需新增接入
工业硅现货升贴水（元/吨）,1,THS-SI-2.2,CAT_A_RAW_MISS,,原始业务指标，库内确实无，需新增接入
工业硅现金利润（元/吨）,1,THS-SI-7.2,CAT_A_RAW_MISS,,原始业务指标，库内确实无，需新增接入
工业硅矿端TC加工费分位（%）,1,THS-SI-3.1.5,CAT_B_DERIVED,,衍生计算指标（统计量），需计算引擎
工业硅矿端TC加工费（元/吨）,1,THS-SI-3.1.5,CAT_A_RAW_MISS,,原始业务指标，库内确实无，需新增接入
工业硅精炼月开工天数（天）,1,THS-SI-3.2.2,CAT_A_RAW_MISS,,原始业务指标，库内确实无，需新增接入
工业硅进口关税税率（%）,1,THS-SI-6.1,CAT_A_RAW_MISS,,原始业务指标，库内确实无，需新增接入
工业硅进口发运天数（天）,1,THS-SI-6.1,CAT_A_RAW_MISS,,原始业务指标，库内确实无，需新增接入
工业硅隐性库存分地区量（万吨）,1,THS-SI-4.5,CAT_C_ALIAS_EXIST,金属硅社会库存-昆明,实体存在于v1: 金属硅社会库存-昆明
工业硅隐性库存分持有者量（万吨）,1,THS-SI-4.5,CAT_C_ALIAS_EXIST,金属硅社会库存-昆明,实体存在于v1: 金属硅社会库存-昆明
工业级碳酸锂交易所库存（万吨LCE）,1,THS-LI-4.1,CAT_C_ALIAS_EXIST,SMM 锂矿港口库存,实体存在于v1: SMM 锂矿港口库存
工业级碳酸锂仓单数量（万吨LCE）,1,THS-LI-4.2,CAT_C_ALIAS_EXIST,GFEX：碳酸锂：仓单数量（日）,实体存在于v1: GFEX：碳酸锂：仓单数量（日）
工业级碳酸锂冶炼利润（元/吨）,1,THS-LI-3.2.4,CAT_C_ALIAS_EXIST,碳酸锂：原料：外采锂精矿：生产利润（日）,实体存在于v1: 碳酸锂：原料：外采锂精矿：生产利润（日）
工业级碳酸锂利润（元/吨）,1,THS-LI-2.5,CAT_A_RAW_MISS,,原始业务指标，库内确实无，需新增接入
工业级碳酸锂工厂库存（万吨LCE）,1,THS-LI-4.4,CAT_C_ALIAS_EXIST,SMM 锂矿港口库存,实体存在于v1: SMM 锂矿港口库存
工业级碳酸锂社会库存（万吨LCE）,1,THS-LI-4.3,CAT_C_ALIAS_EXIST,碳酸锂社会库存,实体存在于v1: 碳酸锂社会库存
工厂库存总量与沪锡主力合约收盘价时序图,1,THS-SN-4.4,CAT_C_ALIAS_EXIST,SMM: 国内锡市平衡（新）: 厂库库存变化: 月度,实体存在于v1: SMM: 国内锡市平衡（新）: 厂库库存变化: 月度
巴西硅矿月产能利用率（%）,1,THS-SI-3.1.2,CAT_A_RAW_MISS,,原始业务指标，库内确实无，需新增接入
巴西硅矿月产能（万吨）,1,THS-SI-3.1.2,CAT_A_RAW_MISS,,原始业务指标，库内确实无，需新增接入
巴西硅矿月产量（万吨）,1,THS-SI-3.1.2,CAT_A_RAW_MISS,,原始业务指标，库内确实无，需新增接入
巴西硅矿月再生产量（万吨）,1,THS-SI-3.1.2,CAT_A_RAW_MISS,,原始业务指标，库内确实无，需新增接入
巴西硅矿月加工费TC（元/吨）,1,THS-SI-3.1.2,CAT_A_RAW_MISS,,原始业务指标，库内确实无，需新增接入
巴西硅矿月开工率（%）,1,THS-SI-3.1.2,CAT_C_ALIAS_EXIST,多晶硅开工率,实体存在于v1: 多晶硅开工率
巴西硅矿月进口量（万吨）,1,THS-SI-3.1.2,CAT_A_RAW_MISS,,原始业务指标，库内确实无，需新增接入
平水铜升贴水,1,THS-CU-2.3,CAT_A_RAW_MISS,,原始业务指标，库内确实无，需新增接入
广东地区社会库存（万吨）,1,THS-NI-4.3,CAT_C_ALIAS_EXIST,镍铁库存,实体存在于v1: 镍铁库存
广东锌现货升贴水（元/吨）,1,THS-ZN-2.2,CAT_C_ALIAS_EXIST,锌锭：升贴水：广东（日）,实体存在于v1: 锌锭：升贴水：广东（日）
废铝进口来源国数量/占比,1,THS-AL-6.1,CAT_B_DERIVED,,衍生计算指标（统计量），需计算引擎
总进口量（万吨）,1,THS-SN-3.1.4,CAT_A_RAW_MISS,,原始业务指标，库内确实无，需新增接入
排产计划时序图,1,THS-SN-5.3,CAT_A_RAW_MISS,,原始业务指标，库内确实无，需新增接入
新喀里多尼亚电解镍进口量（万吨）,1,THS-NI-6.2,CAT_A_RAW_MISS,,原始业务指标，库内确实无，需新增接入
新喀里多尼亚进口占比（%）,1,THS-NI-3.1.4,CAT_B_DERIVED,,衍生计算指标（统计量），需计算引擎
新喀里多尼亚进口在途量（万吨）,1,THS-NI-4.5,CAT_A_RAW_MISS,,原始业务指标，库内确实无，需新增接入
新喀里多尼亚进口量（万吨）,1,THS-NI-3.1.4,CAT_A_RAW_MISS,,原始业务指标，库内确实无，需新增接入
新喀里多尼亚镍矿产能利用率（%）,1,THS-NI-3.1.1,CAT_A_RAW_MISS,,原始业务指标，库内确实无，需新增接入
新喀里多尼亚镍矿产能（万吨/年）,1,THS-NI-3.1.2,CAT_A_RAW_MISS,,原始业务指标，库内确实无，需新增接入
新喀里多尼亚镍矿检修量（万吨）,1,THS-NI-3.1.1,CAT_A_RAW_MISS,,原始业务指标，库内确实无，需新增接入
新喀里多尼亚镍矿进口量（万吨）,1,THS-NI-6.1,CAT_A_RAW_MISS,,原始业务指标，库内确实无，需新增接入
新喀里多尼亚镍精炼产能（万吨/年）,1,THS-NI-3.1.1,CAT_A_RAW_MISS,,原始业务指标，库内确实无，需新增接入
新喀里多尼亚镍精矿TC（美元/吨干矿）,1,THS-NI-3.1.5,CAT_A_RAW_MISS,,原始业务指标，库内确实无，需新增接入
新增图数,1,THS-NI-7.3,CAT_A_RAW_MISS,,原始业务指标，库内确实无，需新增接入
无锡、佛山、巩义、上海、重庆、天津等区域库存,1,THS-AL-4.2,CAT_C_ALIAS_EXIST,氧化铝库存-阿拉丁-电解铝厂,实体存在于v1: 氧化铝库存-阿拉丁-电解铝厂
日度分原料硫酸镍完全成本（元/镍吨）,1,THS-NI-7.1,CAT_A_RAW_MISS,,原始业务指标，库内确实无，需新增接入
日度分原料硫酸镍完全成本（元/镍吨）（MHP/高冰镍/镍豆）,1,THS-NI-7.1,CAT_A_RAW_MISS,,原始业务指标，库内确实无，需新增接入
最终图数,1,THS-NI-7.3,CAT_A_RAW_MISS,,原始业务指标，库内确实无，需新增接入
月差（近月-远月）,1,THS-NI-2.1,CAT_A_RAW_MISS,,原始业务指标，库内确实无，需新增接入
期限结构斜率（元/吨/月）,1,THS-ZN-2.4,CAT_B_DERIVED,,衍生计算指标（统计量），需计算引擎
氟化铝现货价,1,THS-AL-3.2,CAT_A_RAW_MISS,,原始业务指标，库内确实无，需新增接入
氢氧化锂交易所库存（万吨LCE）,1,THS-LI-4.1,CAT_C_ALIAS_EXIST,SMM 锂矿港口库存,实体存在于v1: SMM 锂矿港口库存
氢氧化锂仓单数量（万吨LCE）,1,THS-LI-4.2,CAT_C_ALIAS_EXIST,GFEX：碳酸锂：仓单数量（日）,实体存在于v1: GFEX：碳酸锂：仓单数量（日）
氢氧化锂升贴水占比（%）,1,THS-LI-2.2,CAT_B_DERIVED,,衍生计算指标（统计量），需计算引擎
氢氧化锂工厂库存（万吨LCE）,1,THS-LI-4.4,CAT_C_ALIAS_EXIST,SMM 锂矿港口库存,实体存在于v1: SMM 锂矿港口库存
氢氧化锂现货升贴水（元/吨）,1,THS-LI-2.2,CAT_C_ALIAS_EXIST,碳酸锂 升贴水 高幅,实体存在于v1: 碳酸锂 升贴水 高幅
氢氧化锂社会库存（万吨LCE）,1,THS-LI-4.3,CAT_C_ALIAS_EXIST,碳酸锂社会库存,实体存在于v1: 碳酸锂社会库存
氧化铝、电力、阳极、其他成本占比,1,THS-AL-3.2,CAT_B_DERIVED,,衍生计算指标（统计量），需计算引擎
氧化铝现货均价/指数,1,THS-AL-3.2,CAT_A_RAW_MISS,,原始业务指标，库内确实无，需新增接入
沪锡交易所库存时序图,1,THS-SN-4.1,CAT_C_ALIAS_EXIST,SMM: 国内锡市平衡（新）: 厂库库存变化: 月度,实体存在于v1: SMM: 国内锡市平衡（新）: 厂库库存变化: 月度
沪锡交易所库存（手）,1,THS-SN-4.1,CAT_C_ALIAS_EXIST,SMM: 国内锡市平衡（新）: 厂库库存变化: 月度,实体存在于v1: SMM: 国内锡市平衡（新）: 厂库库存变化: 月度
沪锡仓单注册量与LME锡仓单总量时序图,1,THS-SN-4.1,CAT_C_ALIAS_EXIST,LME：锡：注销仓单（日）,实体存在于v1: LME：锡：注销仓单（日）
沪锡估值分位（%）,1,THS-SN-2.5,CAT_B_DERIVED,,衍生计算指标（统计量），需计算引擎
沪锡前20净持仓时序图,1,THS-SN-2.6,CAT_A_RAW_MISS,,原始业务指标，库内确实无，需新增接入
沪锡在途仓单（手）,1,THS-SN-4.2,CAT_C_ALIAS_EXIST,LME：锡：注销仓单（日）,实体存在于v1: LME：锡：注销仓单（日）
沪锡在途库存（手）,1,THS-SN-4.1,CAT_C_ALIAS_EXIST,SMM: 国内锡市平衡（新）: 厂库库存变化: 月度,实体存在于v1: SMM: 国内锡市平衡（新）: 厂库库存变化: 月度
沪锡基差（元/吨）,1,THS-SN-2.1,CAT_C_ALIAS_EXIST,SHFE：锡：基差（日）,实体存在于v1: SHFE：锡：基差（日）
沪锡多空持仓比时序图,1,THS-SN-2.6,CAT_A_RAW_MISS,,原始业务指标，库内确实无，需新增接入
沪锡库存天数（天）,1,THS-SN-4.1,CAT_C_ALIAS_EXIST,SMM: 国内锡市平衡（新）: 厂库库存变化: 月度,实体存在于v1: SMM: 国内锡市平衡（新）: 厂库库存变化: 月度
沪锡月差时序图,1,THS-SN-2.4,CAT_C_ALIAS_EXIST,沪锡近半年月差变化,实体存在于v1: 沪锡近半年月差变化
沪锡月差（元/吨）,1,THS-SN-2.4,CAT_C_ALIAS_EXIST,沪锡近半年月差变化,实体存在于v1: 沪锡近半年月差变化
沪锡期限结构时序图,1,THS-SN-2.4,CAT_A_RAW_MISS,,原始业务指标，库内确实无，需新增接入
沪锡期限结构（元/吨）,1,THS-SN-2.4,CAT_A_RAW_MISS,,原始业务指标，库内确实无，需新增接入
沪锡注销仓单量时序图,1,THS-SN-4.2,CAT_C_ALIAS_EXIST,LME：锡：注销仓单（日）,实体存在于v1: LME：锡：注销仓单（日）
沪锡注销占比时序图,1,THS-SN-4.2,CAT_B_DERIVED,,衍生计算指标（统计量），需计算引擎
沪锡社会库存时序图,1,THS-SN-2.1,CAT_C_ALIAS_EXIST,SMM: 锡锭社会库存: 上海: 周度,实体存在于v1: SMM: 锡锭社会库存: 上海: 周度
沪锡近远月价差时序图,1,THS-SN-2.4,CAT_A_RAW_MISS,,原始业务指标，库内确实无，需新增接入
沪锡近远月价差（元/吨）,1,THS-SN-2.4,CAT_A_RAW_MISS,,原始业务指标，库内确实无，需新增接入
沪锡隐性仓单（手）,1,THS-SN-4.2,CAT_C_ALIAS_EXIST,LME：锡：注销仓单（日）,实体存在于v1: LME：锡：注销仓单（日）
沪锡隐性库存（手）,1,THS-SN-4.1,CAT_C_ALIAS_EXIST,SMM: 国内锡市平衡（新）: 厂库库存变化: 月度,实体存在于v1: SMM: 国内锡市平衡（新）: 厂库库存变化: 月度
沪镍3个月期货价格（元/吨）,1,THS-NI-2.4,CAT_A_RAW_MISS,,原始业务指标，库内确实无，需新增接入
沪镍主力合约价格（元/吨）、LME镍现货价格（美元/吨）、汇率（USD/CNY）,1,THS-NI-2.3,CAT_A_RAW_MISS,,原始业务指标，库内确实无，需新增接入
沪镍主力合约价格（元/吨）、LME镍现货价格（美元/吨）、汇率（USD/CNY）、进口费用（元/吨）,1,THS-NI-2.2,CAT_A_RAW_MISS,,原始业务指标，库内确实无，需新增接入
沪镍主力合约前20名净持仓量（手）,1,THS-NI-2.6,CAT_C_ALIAS_EXIST,SHFE：镍：主力合约：单边交易：持仓量（日）,实体存在于v1: SHFE：镍：主力合约：单边交易：持仓量（日）
沪镍主力合约前20名净持仓量（手）= 多头持仓量 - 空头持仓量,1,THS-NI-2.6,CAT_C_ALIAS_EXIST,SHFE：镍：主力合约：单边交易：持仓量（日）,实体存在于v1: SHFE：镍：主力合约：单边交易：持仓量（日）
沪镍主力合约前20名多头持仓量（手）,1,THS-NI-2.6,CAT_C_ALIAS_EXIST,SHFE：镍：主力合约：单边交易：持仓量（日）,实体存在于v1: SHFE：镍：主力合约：单边交易：持仓量（日）
沪镍主力合约前20名多头持仓量（手）、沪镍主力合约前20名空头持仓量（手）,1,THS-NI-2.6,CAT_C_ALIAS_EXIST,SHFE：镍：主力合约：单边交易：持仓量（日）,实体存在于v1: SHFE：镍：主力合约：单边交易：持仓量（日）
沪镍主力合约前20名多头持仓量（手）、沪镍主力合约前20名空头持仓量（手）、前20名席位轮动方向（多,1,THS-NI-2.6,CAT_C_ALIAS_EXIST,SHFE：镍：主力合约：单边交易：持仓量（日）,实体存在于v1: SHFE：镍：主力合约：单边交易：持仓量（日）
沪镍主力合约前20名多头持仓量（手）、沪镍主力合约前20名空头持仓量（手）、前20名持仓总量（手）、,1,THS-NI-2.6,CAT_C_ALIAS_EXIST,SHFE：镍：主力合约：单边交易：持仓量（日）,实体存在于v1: SHFE：镍：主力合约：单边交易：持仓量（日）
沪镍主力合约前20名多头持仓量（手）、沪镍主力合约前20名空头持仓量（手）、多空持仓比（多头/空头）,1,THS-NI-2.6,CAT_C_ALIAS_EXIST,SHFE：镍：主力合约：单边交易：持仓量（日）,实体存在于v1: SHFE：镍：主力合约：单边交易：持仓量（日）
沪镍主力合约前20名持仓总量（手）,1,THS-NI-2.6,CAT_A_RAW_MISS,,原始业务指标，库内确实无，需新增接入
沪镍主力合约前20名空头持仓量（手）,1,THS-NI-2.6,CAT_C_ALIAS_EXIST,SHFE：镍：主力合约：单边交易：持仓量（日）,实体存在于v1: SHFE：镍：主力合约：单边交易：持仓量（日）
沪镍主力合约持仓量、前20名多头持仓量、前20名空头持仓量,1,THS-NI-2.1,CAT_C_ALIAS_EXIST,SHFE：镍：主力合约：单边交易：持仓量（日）,实体存在于v1: SHFE：镍：主力合约：单边交易：持仓量（日）
沪镍主力合约收盘价、沪镍主力合约成交量,1,THS-NI-2.1,CAT_C_ALIAS_EXIST,LME：镍：3个月合约：成交量（日）,实体存在于v1: LME：镍：3个月合约：成交量（日）
沪镍主力合约收盘价（元/吨）、近1年沪镍价格分位（%）,1,THS-NI-2.5,CAT_B_DERIVED,,衍生计算指标（统计量），需计算引擎
沪镍前20名多头持仓量、沪镍前20名空头持仓量,1,THS-NI-2.6,CAT_C_ALIAS_EXIST,SHFE：镍：主力合约：单边交易：持仓量（日）,实体存在于v1: SHFE：镍：主力合约：单边交易：持仓量（日）
沪镍前20名多空持仓比,1,THS-NI-2.6,CAT_A_RAW_MISS,,原始业务指标，库内确实无，需新增接入
沪镍前20名席位轮动方向,1,THS-NI-2.6,CAT_A_RAW_MISS,,原始业务指标，库内确实无，需新增接入
沪镍前20名持仓集中度,1,THS-NI-2.6,CAT_A_RAW_MISS,,原始业务指标，库内确实无，需新增接入
沪镍前20名期货公司席位成交量（手）,1,THS-NI-2.1,CAT_C_ALIAS_EXIST,LME：镍：3个月合约：成交量（日）,实体存在于v1: LME：镍：3个月合约：成交量（日）
沪镍月差,1,THS-NI-2.4,CAT_A_RAW_MISS,,原始业务指标，库内确实无，需新增接入
沪镍月差（元/吨）,1,THS-NI-2.4,CAT_A_RAW_MISS,,原始业务指标，库内确实无，需新增接入
沪镍期货仓单数量、仓单注册量变化,1,THS-NI-2.1,CAT_C_ALIAS_EXIST,LME：镍：注销仓单（日）,实体存在于v1: LME：镍：注销仓单（日）
沪镍现金-3个月月差,1,THS-NI-2.4,CAT_A_RAW_MISS,,原始业务指标，库内确实无，需新增接入
沪镍现金价格（元/吨）,1,THS-NI-2.4,CAT_A_RAW_MISS,,原始业务指标，库内确实无，需新增接入
沪镍现金价格（元/吨）、沪镍3个月期货价格（元/吨）、现金-3个月月差（元/吨）,1,THS-NI-2.4,CAT_A_RAW_MISS,,原始业务指标，库内确实无，需新增接入
沪镍近月-远月价差（元/吨）,1,THS-NI-2.4,CAT_A_RAW_MISS,,原始业务指标，库内确实无，需新增接入
沪镍近月-远月价差（元/吨）、LME镍近月-远月价差（美元/吨）、汇率（USD/CNY）,1,THS-NI-2.4,CAT_A_RAW_MISS,,原始业务指标，库内确实无，需新增接入
沪镍近月合约价格、沪镍远月合约价格、月差,1,THS-NI-2.1,CAT_A_RAW_MISS,,原始业务指标，库内确实无，需新增接入
沪镍近月合约价格、沪镍远月合约价格、月差（近月-远月）,1,THS-NI-2.1,CAT_A_RAW_MISS,,原始业务指标，库内确实无，需新增接入
沪镍近月合约价格（元/吨）,1,THS-NI-2.4,CAT_A_RAW_MISS,,原始业务指标，库内确实无，需新增接入
沪镍远月合约价格,1,THS-NI-2.1,CAT_A_RAW_MISS,,原始业务指标，库内确实无，需新增接入
沪镍远月合约价格（元/吨）,1,THS-NI-2.4,CAT_A_RAW_MISS,,原始业务指标，库内确实无，需新增接入
浙江地区社会库存（万吨）,1,THS-NI-4.3,CAT_C_ALIAS_EXIST,镍铁库存,实体存在于v1: 镍铁库存
海外产能（万吨LCE）,1,THS-LI-3.1.1,CAT_C_ALIAS_EXIST,海外产能,实体存在于v1: 海外产能
海外加工费TC（元/吨）,1,THS-LI-3.1.1,CAT_C_ALIAS_EXIST,锂辉石加工费 辽宁,实体存在于v1: 锂辉石加工费 辽宁
海外发运量与发运天数时序图,1,THS-SN-6.4,CAT_A_RAW_MISS,,原始业务指标，库内确实无，需新增接入
海外发运量分国别时序图,1,THS-SN-6.4,CAT_A_RAW_MISS,,原始业务指标，库内确实无，需新增接入
海外发运量时序图,1,THS-SN-6.4,CAT_A_RAW_MISS,,原始业务指标，库内确实无，需新增接入
海外对华发运总量（万吨）,1,THS-NI-6.4,CAT_A_RAW_MISS,,原始业务指标，库内确实无，需新增接入
海外对华电锌发运量（万吨）,1,THS-ZN-6.4,CAT_A_RAW_MISS,,原始业务指标，库内确实无，需新增接入
海外对华锌保税区仓单（手）,1,THS-ZN-6.4,CAT_C_ALIAS_EXIST,SHFE: 锌: 仓单日报分地区_上海: 期货: 日度,实体存在于v1: SHFE: 锌: 仓单日报分地区_上海: 期货: 日度
海外对华锌保税区库存（万吨）,1,THS-ZN-6.4,CAT_C_ALIAS_EXIST,锌精矿：港口库存：锦州港（周）,实体存在于v1: 锌精矿：港口库存：锦州港（周）
海外对华锌发运天数（天）,1,THS-ZN-6.4,CAT_A_RAW_MISS,,原始业务指标，库内确实无，需新增接入
海外对华锌发运盈亏（元/吨）,1,THS-ZN-6.4,CAT_A_RAW_MISS,,原始业务指标，库内确实无，需新增接入
海外对华锌发运量分国别（万吨）,1,THS-ZN-6.4,CAT_A_RAW_MISS,,原始业务指标，库内确实无，需新增接入
海外对华锌发运量总量（万吨）,1,THS-ZN-6.4,CAT_A_RAW_MISS,,原始业务指标，库内确实无，需新增接入
海外对华锌发运量（万吨）,1,THS-ZN-6.4,CAT_A_RAW_MISS,,原始业务指标，库内确实无，需新增接入
海外对华锌精矿发运量（万吨）,1,THS-ZN-6.4,CAT_A_RAW_MISS,,原始业务指标，库内确实无，需新增接入
海外开工率（%）,1,THS-LI-3.1.1,CAT_C_ALIAS_EXIST,碳酸锂 开工率:锂云母,实体存在于v1: 碳酸锂 开工率:锂云母
海外检修量（万吨LCE）,1,THS-LI-3.1.1,CAT_A_RAW_MISS,,原始业务指标，库内确实无，需新增接入
海外现货升贴水（美元/吨）,1,THS-LI-2.3,CAT_C_ALIAS_EXIST,碳酸锂 升贴水 高幅,实体存在于v1: 碳酸锂 升贴水 高幅
海外硅矿季度产能利用率（%）,1,THS-SI-3.1.1,CAT_A_RAW_MISS,,原始业务指标，库内确实无，需新增接入
海外硅矿季度产能（万吨）,1,THS-SI-3.1.1,CAT_A_RAW_MISS,,原始业务指标，库内确实无，需新增接入
海外硅矿季度产量（万吨）,1,THS-SI-3.1.1,CAT_A_RAW_MISS,,原始业务指标，库内确实无，需新增接入
海外硅矿季度再生产量（万吨）,1,THS-SI-3.1.1,CAT_A_RAW_MISS,,原始业务指标，库内确实无，需新增接入
海外硅矿季度加工费TC（元/吨）,1,THS-SI-3.1.1,CAT_A_RAW_MISS,,原始业务指标，库内确实无，需新增接入
海外硅矿季度开工率（%）,1,THS-SI-3.1.1,CAT_C_ALIAS_EXIST,多晶硅开工率,实体存在于v1: 多晶硅开工率
海外硅矿季度检修量（万吨）,1,THS-SI-3.1.1,CAT_A_RAW_MISS,,原始业务指标，库内确实无，需新增接入
海外硅矿季度进口量（万吨）,1,THS-SI-3.1.1,CAT_A_RAW_MISS,,原始业务指标，库内确实无，需新增接入
海外精炼产量（万吨LCE）,1,THS-LI-3.1.1,CAT_A_RAW_MISS,,原始业务指标，库内确实无，需新增接入
海外精炼锡冶炼利润时序图,1,THS-SN-3.2.4,CAT_C_ALIAS_EXIST,锡锭进口利润,实体存在于v1: 锡锭进口利润
海外精炼锡冶炼利润（元/吨）,1,THS-SN-3.2.4,CAT_C_ALIAS_EXIST,锡锭进口利润,实体存在于v1: 锡锭进口利润
海外精炼锡开工率时序图,1,THS-SN-3.2.2,CAT_C_ALIAS_EXIST,锡：冶炼厂：开工率：中国（月）,实体存在于v1: 锡：冶炼厂：开工率：中国（月）
海外精炼锡检修量时序图,1,THS-SN-3.2.2,CAT_A_RAW_MISS,,原始业务指标，库内确实无，需新增接入
海外精炼锡检修量（万吨）,1,THS-SN-3.2.2,CAT_A_RAW_MISS,,原始业务指标，库内确实无，需新增接入
海外进口量分国别（万吨LCE）,1,THS-LI-3.1.1,CAT_A_RAW_MISS,,原始业务指标，库内确实无，需新增接入
海外进口量（万吨LCE）,1,THS-LI-3.1.1,CAT_A_RAW_MISS,,原始业务指标，库内确实无，需新增接入
海外锂矿产能分国别（万吨LCE）,1,THS-LI-3.1.2,CAT_A_RAW_MISS,,原始业务指标，库内确实无，需新增接入
海外锂矿产量（万吨LCE）,1,THS-LI-3.1.1,CAT_A_RAW_MISS,,原始业务指标，库内确实无，需新增接入
海外锂矿出口量分国别（万吨LCE）,1,THS-LI-3.1.2,CAT_A_RAW_MISS,,原始业务指标，库内确实无，需新增接入
海外锂矿库存分国别（万吨LCE）,1,THS-LI-3.1.2,CAT_C_ALIAS_EXIST,SMM 锂矿港口库存,实体存在于v1: SMM 锂矿港口库存
海外锂矿进口量分国别（万吨LCE）,1,THS-LI-3.1.2,CAT_A_RAW_MISS,,原始业务指标，库内确实无，需新增接入
海外锌矿产能利用率（%）,1,THS-ZN-3.1.1,CAT_A_RAW_MISS,,原始业务指标，库内确实无，需新增接入
海外锌矿产能（万吨）,1,THS-ZN-3.1.1,CAT_A_RAW_MISS,,原始业务指标，库内确实无，需新增接入
海外锌矿产量（万吨）,1,THS-ZN-3.1.1,CAT_A_RAW_MISS,,原始业务指标，库内确实无，需新增接入
海外锌矿再生产量（万吨）,1,THS-ZN-3.1.1,CAT_A_RAW_MISS,,原始业务指标，库内确实无，需新增接入
海外锌矿加工费TC（美元/吨干矿）,1,THS-ZN-3.1.1,CAT_C_ALIAS_EXIST,锌精矿：国产：50%Zn：加工费均价：陕西（日）,实体存在于v1: 锌精矿：国产：50%Zn：加工费均价：陕西（日）
海外锌矿开工率（%）,1,THS-ZN-3.1.1,CAT_C_ALIAS_EXIST,镀锌板卷：钢铁企业：开工率：中国（周）,实体存在于v1: 镀锌板卷：钢铁企业：开工率：中国（周）
海外锌矿检修量（万吨）,1,THS-ZN-3.1.1,CAT_A_RAW_MISS,,原始业务指标，库内确实无，需新增接入
海外锌矿进口量分国别（万吨）,1,THS-ZN-3.1.1,CAT_A_RAW_MISS,,原始业务指标，库内确实无，需新增接入
海外锌矿进口量（万吨）,1,THS-ZN-3.1.1,CAT_A_RAW_MISS,,原始业务指标，库内确实无，需新增接入
海外锌精炼产量（万吨）,1,THS-ZN-3.1.1,CAT_A_RAW_MISS,,原始业务指标，库内确实无，需新增接入
海外锡矿产能利用率时序图,1,THS-SN-3.1.1,CAT_A_RAW_MISS,,原始业务指标，库内确实无，需新增接入
海外锡矿产能利用率（%）,1,THS-SN-3.1.1,CAT_A_RAW_MISS,,原始业务指标，库内确实无，需新增接入
海外锡矿产量（万吨）,1,THS-SN-3.1.1,CAT_A_RAW_MISS,,原始业务指标，库内确实无，需新增接入
海外锡矿加工费TC时序图,1,THS-SN-3.1.5,CAT_C_ALIAS_EXIST,锡冶炼厂加工费,实体存在于v1: 锡冶炼厂加工费
海外锡矿开工率时序图,1,THS-SN-3.1.1,CAT_C_ALIAS_EXIST,锡：冶炼厂：开工率：中国（月）,实体存在于v1: 锡：冶炼厂：开工率：中国（月）
海外锡矿开工率（%）,1,THS-SN-3.1.1,CAT_C_ALIAS_EXIST,锡：冶炼厂：开工率：中国（月）,实体存在于v1: 锡：冶炼厂：开工率：中国（月）
海外锡矿进口量（万吨）,1,THS-SN-3.1.1,CAT_A_RAW_MISS,,原始业务指标，库内确实无，需新增接入
海外锡精矿产量总量（万吨）,1,THS-SN-3.1.2,CAT_A_RAW_MISS,,原始业务指标，库内确实无，需新增接入
海外锡精矿产量时序图,1,THS-SN-3.1.1,CAT_A_RAW_MISS,,原始业务指标，库内确实无，需新增接入
海外镍矿产量分国别占比,1,THS-NI-3.1,CAT_B_DERIVED,,衍生计算指标（统计量），需计算引擎
海外镍矿产量分国别占比（%）,1,THS-NI-3.1,CAT_B_DERIVED,,衍生计算指标（统计量），需计算引擎
湿法铜升贴水,1,THS-CU-2.3,CAT_A_RAW_MISS,,原始业务指标，库内确实无，需新增接入
澳大利亚TC（元/吨）,1,THS-LI-3.1.5,CAT_C_ALIAS_EXIST,锂辉石加工费 辽宁,实体存在于v1: 锂辉石加工费 辽宁
澳大利亚进口占比（%）,1,THS-LI-3.1.4,CAT_B_DERIVED,,衍生计算指标（统计量），需计算引擎
澳大利亚进口量（万吨LCE）,1,THS-LI-3.1.4,CAT_A_RAW_MISS,,原始业务指标，库内确实无，需新增接入
澳大利亚进口量（万吨）,1,THS-NI-3.1.4,CAT_A_RAW_MISS,,原始业务指标，库内确实无，需新增接入
澳大利亚锂矿产量（万吨LCE）,1,THS-LI-3.1.2,CAT_A_RAW_MISS,,原始业务指标，库内确实无，需新增接入
澳大利亚锌矿产能利用率（%）,1,THS-ZN-3.1.2,CAT_A_RAW_MISS,,原始业务指标，库内确实无，需新增接入
澳大利亚锌矿产量（万吨）,1,THS-ZN-3.1.2,CAT_A_RAW_MISS,,原始业务指标，库内确实无，需新增接入
澳大利亚锌矿再生产量（万吨）,1,THS-ZN-3.1.2,CAT_A_RAW_MISS,,原始业务指标，库内确实无，需新增接入
澳大利亚锌矿开工率（%）,1,THS-ZN-3.1.2,CAT_C_ALIAS_EXIST,镀锌板卷：钢铁企业：开工率：中国（周）,实体存在于v1: 镀锌板卷：钢铁企业：开工率：中国（周）
澳大利亚锌矿检修量（万吨）,1,THS-ZN-3.1.2,CAT_A_RAW_MISS,,原始业务指标，库内确实无，需新增接入
澳大利亚锌精炼产量（万吨）,1,THS-ZN-3.1.2,CAT_A_RAW_MISS,,原始业务指标，库内确实无，需新增接入
澳大利亚锡矿加工费TC（美元/吨）,1,THS-SN-3.1.5,CAT_C_ALIAS_EXIST,锡冶炼厂加工费,实体存在于v1: 锡冶炼厂加工费
澳大利亚锡矿进口量（万吨）,1,THS-SN-3.1.4,CAT_A_RAW_MISS,,原始业务指标，库内确实无，需新增接入
澳大利亚锡精矿产量时序图,1,THS-SN-3.1.2,CAT_A_RAW_MISS,,原始业务指标，库内确实无，需新增接入
澳大利亚锡精矿产量（万吨）,1,THS-SN-3.1.2,CAT_A_RAW_MISS,,原始业务指标，库内确实无，需新增接入
澳大利亚镍矿产能（万吨/年）,1,THS-NI-3.1.2,CAT_A_RAW_MISS,,原始业务指标，库内确实无，需新增接入
澳大利亚镍矿产量,1,THS-NI-3.1,CAT_A_RAW_MISS,,原始业务指标，库内确实无，需新增接入
澳大利亚镍矿开工天数（天/季度）,1,THS-NI-3.1.2,CAT_A_RAW_MISS,,原始业务指标，库内确实无，需新增接入
澳大利亚镍精炼产量（万吨）,1,THS-NI-3.1.2,CAT_A_RAW_MISS,,原始业务指标，库内确实无，需新增接入
焊锡/锡化工开工率时序图,1,THS-SN-5.1,CAT_C_ALIAS_EXIST,锡：冶炼厂：开工率：中国（月）,实体存在于v1: 锡：冶炼厂：开工率：中国（月）
焊锡/锡化工终端产量时序图,1,THS-SN-5.2,CAT_A_RAW_MISS,,原始业务指标，库内确实无，需新增接入
焊锡/锡焊料开工率（%）,1,THS-SN-5.1,CAT_C_ALIAS_EXIST,锡：冶炼厂：开工率：中国（月）,实体存在于v1: 锡：冶炼厂：开工率：中国（月）
焊锡/锡焊料排产计划（万吨）,1,THS-SN-5.3,CAT_A_RAW_MISS,,原始业务指标，库内确实无，需新增接入
焊锡/锡焊料终端产量（万吨）,1,THS-SN-5.2,CAT_A_RAW_MISS,,原始业务指标，库内确实无，需新增接入
焊锡/锡焊料终端订单量（万吨）,1,THS-SN-5.2,CAT_A_RAW_MISS,,原始业务指标，库内确实无，需新增接入
焊锡/锡焊料订单量（万吨）,1,THS-SN-5.3,CAT_A_RAW_MISS,,原始业务指标，库内确实无，需新增接入
焊锡价格（元/吨）,1,THS-SN-2.5,CAT_A_RAW_MISS,,原始业务指标，库内确实无，需新增接入
焊锡冶炼利润（元/吨）,1,THS-SN-2.5,CAT_C_ALIAS_EXIST,锡锭进口利润,实体存在于v1: 锡锭进口利润
焊锡开工率时序图,1,THS-SN-5.1,CAT_C_ALIAS_EXIST,锡：冶炼厂：开工率：中国（月）,实体存在于v1: 锡：冶炼厂：开工率：中国（月）
焊锡终端产量时序图,1,THS-SN-5.2,CAT_A_RAW_MISS,,原始业务指标，库内确实无，需新增接入
焊锡终端库存时序图,1,THS-SN-5.2,CAT_C_ALIAS_EXIST,SMM: 国内锡市平衡（新）: 厂库库存变化: 月度,实体存在于v1: SMM: 国内锡市平衡（新）: 厂库库存变化: 月度
焊锡表观消费量时序图,1,THS-SN-5.1,CAT_C_ALIAS_EXIST,SEAISI：镀锡板（带）：表观消费量：印尼（年）,实体存在于v1: SEAISI：镀锡板（带）：表观消费量：印尼（年）
焊锡订单量同比增速时序图,1,THS-SN-5.3,CAT_B_DERIVED,,衍生计算指标（统计量），需计算引擎
焊锡订单量时序图,1,THS-SN-5.3,CAT_A_RAW_MISS,,原始业务指标，库内确实无，需新增接入
煤价（元/吨）,1,THS-SN-7.3,CAT_A_RAW_MISS,,原始业务指标，库内确实无，需新增接入
煤沥青价格,1,THS-AL-3.3,CAT_A_RAW_MISS,,原始业务指标，库内确实无，需新增接入
现金-3个月月差（元/吨）,1,THS-NI-2.4,CAT_A_RAW_MISS,,原始业务指标，库内确实无，需新增接入
现金-3个月月差（美元/吨）,1,THS-NI-2.3,CAT_A_RAW_MISS,,原始业务指标，库内确实无，需新增接入
现金价（美元/吨）,1,THS-LI-2.3,CAT_A_RAW_MISS,,原始业务指标，库内确实无，需新增接入
甘肃镍矿产能利用率（%）,1,THS-NI-3.1.3,CAT_A_RAW_MISS,,原始业务指标，库内确实无，需新增接入
甘肃镍矿产量（万吨）,1,THS-NI-3.1.3,CAT_A_RAW_MISS,,原始业务指标，库内确实无，需新增接入
甘肃镍矿开工天数（天/月）,1,THS-NI-3.1.3,CAT_A_RAW_MISS,,原始业务指标，库内确实无，需新增接入
甘肃镍矿检修量（万吨）,1,THS-NI-3.1.3,CAT_A_RAW_MISS,,原始业务指标，库内确实无，需新增接入
电价时序图,1,THS-SN-7.3,CAT_A_RAW_MISS,,原始业务指标，库内确实无，需新增接入
电子级锡出口量（万吨）,1,THS-SN-6.3,CAT_A_RAW_MISS,,原始业务指标，库内确实无，需新增接入
电子级锡开工率（%）,1,THS-SN-5.1,CAT_C_ALIAS_EXIST,锡：冶炼厂：开工率：中国（月）,实体存在于v1: 锡：冶炼厂：开工率：中国（月）
电子级锡终端产量（万吨）,1,THS-SN-5.2,CAT_A_RAW_MISS,,原始业务指标，库内确实无，需新增接入
电子级锡订单量（万吨）,1,THS-SN-5.3,CAT_A_RAW_MISS,,原始业务指标，库内确实无，需新增接入
电池级碳酸锂交易所库存（万吨LCE）,1,THS-LI-4.1,CAT_C_ALIAS_EXIST,SMM 锂矿港口库存,实体存在于v1: SMM 锂矿港口库存
电池级碳酸锂仓单数量（万吨LCE）,1,THS-LI-4.2,CAT_C_ALIAS_EXIST,GFEX：碳酸锂：仓单数量（日）,实体存在于v1: GFEX：碳酸锂：仓单数量（日）
电池级碳酸锂冶炼利润（元/吨）,1,THS-LI-3.2.4,CAT_C_ALIAS_EXIST,碳酸锂：原料：外采锂精矿：生产利润（日）,实体存在于v1: 碳酸锂：原料：外采锂精矿：生产利润（日）
电池级碳酸锂利润（元/吨）,1,THS-LI-2.5,CAT_A_RAW_MISS,,原始业务指标，库内确实无，需新增接入
电池级碳酸锂基差（元/吨）,1,THS-LI-2.2,CAT_C_ALIAS_EXIST,GFEX：碳酸锂：基差（日）,实体存在于v1: GFEX：碳酸锂：基差（日）
电池级碳酸锂工厂库存（万吨LCE）,1,THS-LI-4.4,CAT_C_ALIAS_EXIST,SMM 锂矿港口库存,实体存在于v1: SMM 锂矿港口库存
电池级碳酸锂社会库存（万吨LCE）,1,THS-LI-4.3,CAT_C_ALIAS_EXIST,碳酸锂社会库存,实体存在于v1: 碳酸锂社会库存
电池级镍制品出口量（万吨）,1,THS-NI-6.3,CAT_A_RAW_MISS,,原始业务指标，库内确实无，需新增接入
电池级镍制品出口金额（亿美元）,1,THS-NI-6.3,CAT_A_RAW_MISS,,原始业务指标，库内确实无，需新增接入
电池级镍回收量,1,THS-NI-3.2,CAT_A_RAW_MISS,,原始业务指标，库内确实无，需新增接入
电池级镍开工率（%）,1,THS-NI-5.1,CAT_C_ALIAS_EXIST,镍生铁企业：开工率：以金属量计：印尼（月）,实体存在于v1: 镍生铁企业：开工率：以金属量计：印尼（月）
电解铜仓单、国际铜仓单,1,THS-CU-4.2,CAT_C_ALIAS_EXIST,LME：铜：注册仓单（日）,实体存在于v1: LME：铜：注册仓单（日）
电解铝企业厂内铝锭库存,1,THS-AL-4.3,CAT_C_ALIAS_EXIST,氧化铝库存-阿拉丁-电解铝厂,实体存在于v1: 氧化铝库存-阿拉丁-电解铝厂
电解铝社会库存,1,THS-AL-4.2,CAT_C_ALIAS_EXIST,铝合金锭：社会库存：中国（周）,实体存在于v1: 铝合金锭：社会库存：中国（周）
电解铝社会库存、电解铝厂内库存、电解铝出库量,1,THS-AL-4.3,CAT_C_ALIAS_EXIST,铝合金锭：社会库存：中国（周）,实体存在于v1: 铝合金锭：社会库存：中国（周）
电解铝行业加权平均完全成本,1,THS-AL-3.1,CAT_A_RAW_MISS,,原始业务指标，库内确实无，需新增接入
电解锌冶炼利润分位（%）,1,THS-ZN-3.2.4,CAT_B_DERIVED,,衍生计算指标（统计量），需计算引擎
电解锌现金成本（元/吨）,1,THS-ZN-2.5,CAT_A_RAW_MISS,,原始业务指标，库内确实无，需新增接入
电解镍产量,1,THS-NI-3.2,CAT_A_RAW_MISS,,原始业务指标，库内确实无，需新增接入
电解镍冶炼利润,1,THS-NI-3.2,CAT_C_ALIAS_EXIST,镍铁理论利润（RKEF 山东）,实体存在于v1: 镍铁理论利润（RKEF 山东）
电解镍冶炼利润、NPI冶炼利润、高冰镍冶炼利润,1,THS-NI-2.5,CAT_C_ALIAS_EXIST,镍铁理论利润（RKEF 山东）,实体存在于v1: 镍铁理论利润（RKEF 山东）
电解镍冶炼利润（元/吨）、NPI冶炼利润（元/吨）、高冰镍冶炼利润（元/吨）,1,THS-NI-2.5,CAT_C_ALIAS_EXIST,镍铁理论利润（RKEF 山东）,实体存在于v1: 镍铁理论利润（RKEF 山东）
电解镍冶炼利润（元/吨）、沪镍主力合约收盘价（元/吨）,1,THS-NI-3.2,CAT_C_ALIAS_EXIST,镍铁理论利润（RKEF 山东）,实体存在于v1: 镍铁理论利润（RKEF 山东）
电解镍冶炼完全成本（元/吨）,1,THS-NI-2.5,CAT_A_RAW_MISS,,原始业务指标，库内确实无，需新增接入
电解镍出口量（万吨）,1,THS-NI-6.2,CAT_A_RAW_MISS,,原始业务指标，库内确实无，需新增接入
电解镍厂库存、电解镍厂库存天数,1,THS-NI-4.4,CAT_C_ALIAS_EXIST,镍铁库存,实体存在于v1: 镍铁库存
电解镍厂库存、镍铁厂库存、高冰镍厂库存、精炼镍厂库存,1,THS-NI-4.4,CAT_C_ALIAS_EXIST,镍铁库存,实体存在于v1: 镍铁库存
电解镍厂库存天数（天）,1,THS-NI-4.4,CAT_C_ALIAS_EXIST,镍铁库存,实体存在于v1: 镍铁库存
电解镍厂库存（万吨）,1,THS-NI-4.4,CAT_C_ALIAS_EXIST,镍铁库存,实体存在于v1: 镍铁库存
电解镍发运天数（天）,1,THS-NI-6.4,CAT_A_RAW_MISS,,原始业务指标，库内确实无，需新增接入
电解镍完全成本（元/吨）,1,THS-NI-3.2.4,CAT_A_RAW_MISS,,原始业务指标，库内确实无，需新增接入
电解镍对华发运量（万吨）,1,THS-NI-6.4,CAT_A_RAW_MISS,,原始业务指标，库内确实无，需新增接入
电解镍开工率,1,THS-NI-3.2,CAT_C_ALIAS_EXIST,镍生铁企业：开工率：以金属量计：印尼（月）,实体存在于v1: 镍生铁企业：开工率：以金属量计：印尼（月）
电解镍日度利润（元/吨）,1,THS-NI-7.2,CAT_A_RAW_MISS,,原始业务指标，库内确实无，需新增接入
电解镍日度利润（元/吨）、沪镍主力合约收盘价（元/吨）、电解镍现金成本（元/吨）,1,THS-NI-7.2,CAT_A_RAW_MISS,,原始业务指标，库内确实无，需新增接入
电解镍检修量（万吨）,1,THS-NI-3.2.2,CAT_A_RAW_MISS,,原始业务指标，库内确实无，需新增接入
电解镍现货价格、电解镍冶炼完全成本、电解镍冶炼利润,1,THS-NI-2.5,CAT_C_ALIAS_EXIST,镍铁理论利润（RKEF 山东）,实体存在于v1: 镍铁理论利润（RKEF 山东）
电解镍现货价格（元/吨）、电解镍冶炼完全成本（元/吨）、电解镍冶炼利润（元/吨）,1,THS-NI-2.5,CAT_C_ALIAS_EXIST,镍铁理论利润（RKEF 山东）,实体存在于v1: 镍铁理论利润（RKEF 山东）
电镀镍制品出口量（万吨）,1,THS-NI-6.3,CAT_A_RAW_MISS,,原始业务指标，库内确实无，需新增接入
电镀镍制品出口金额（亿美元）,1,THS-NI-6.3,CAT_A_RAW_MISS,,原始业务指标，库内确实无，需新增接入
电镀镍终端消费量（万吨）,1,THS-NI-5.2,CAT_A_RAW_MISS,,原始业务指标，库内确实无，需新增接入
电镀镍订单量（万吨）,1,THS-NI-5.3,CAT_A_RAW_MISS,,原始业务指标，库内确实无，需新增接入
盈利运行产能占比,1,THS-AL-3.1,CAT_B_DERIVED,,衍生计算指标（统计量），需计算引擎
盐湖提锂TC（元/吨）,1,THS-LI-3.1.5,CAT_C_ALIAS_EXIST,锂辉石加工费 辽宁,实体存在于v1: 锂辉石加工费 辽宁
盐湖提锂冶炼利润（元/吨）,1,THS-LI-3.2.4,CAT_C_ALIAS_EXIST,碳酸锂：原料：外采锂精矿：生产利润（日）,实体存在于v1: 碳酸锂：原料：外采锂精矿：生产利润（日）
盐湖提锂利润（元/吨）,1,THS-LI-2.5,CAT_A_RAW_MISS,,原始业务指标，库内确实无，需新增接入
盐湖提锂开工率（%）,1,THS-LI-3.2.2,CAT_C_ALIAS_EXIST,碳酸锂 开工率:锂云母,实体存在于v1: 碳酸锂 开工率:锂云母
盐湖提锂精炼产量（万吨LCE）,1,THS-LI-3.2.1,CAT_A_RAW_MISS,,原始业务指标，库内确实无，需新增接入
矿-精炼产量比（倍）,1,THS-NI-3.1.3,CAT_A_RAW_MISS,,原始业务指标，库内确实无，需新增接入
社会库存、电解铜现货成交量,1,THS-CU-4.3,CAT_C_ALIAS_EXIST,COMEX：铜：主力合约：成交量（日）,实体存在于v1: COMEX：铜：主力合约：成交量（日）
社会库存天数（天）,1,THS-SN-4.3,CAT_C_ALIAS_EXIST,SMM: 锡锭社会库存: 上海: 周度,实体存在于v1: SMM: 锡锭社会库存: 上海: 周度
秘鲁锌矿产能利用率（%）,1,THS-ZN-3.1.2,CAT_A_RAW_MISS,,原始业务指标，库内确实无，需新增接入
秘鲁锌矿产量（万吨）,1,THS-ZN-3.1.2,CAT_A_RAW_MISS,,原始业务指标，库内确实无，需新增接入
秘鲁锌矿再生产量（万吨）,1,THS-ZN-3.1.2,CAT_A_RAW_MISS,,原始业务指标，库内确实无，需新增接入
秘鲁锌矿开工率（%）,1,THS-ZN-3.1.2,CAT_C_ALIAS_EXIST,镀锌板卷：钢铁企业：开工率：中国（周）,实体存在于v1: 镀锌板卷：钢铁企业：开工率：中国（周）
秘鲁锌矿检修量（万吨）,1,THS-ZN-3.1.2,CAT_A_RAW_MISS,,原始业务指标，库内确实无，需新增接入
秘鲁锌精炼产量（万吨）,1,THS-ZN-3.1.2,CAT_A_RAW_MISS,,原始业务指标，库内确实无，需新增接入
精炼锡净进口量（万吨）,1,THS-SN-6.2,CAT_A_RAW_MISS,,原始业务指标，库内确实无，需新增接入
精炼镍厂库存（万吨）,1,THS-NI-4.4,CAT_C_ALIAS_EXIST,镍铁库存,实体存在于v1: 镍铁库存
精炼镍开工率、精炼镍产量,1,THS-NI-5.1,CAT_C_ALIAS_EXIST,镍生铁企业：开工率：以金属量计：印尼（月）,实体存在于v1: 镍生铁企业：开工率：以金属量计：印尼（月）
精炼镍日度利润（元/吨）,1,THS-NI-7.2,CAT_A_RAW_MISS,,原始业务指标，库内确实无，需新增接入
精炼镍检修量（万吨）,1,THS-NI-3.2.2,CAT_A_RAW_MISS,,原始业务指标，库内确实无，需新增接入
精炼镍进口量（万吨）,1,THS-NI-6.2,CAT_A_RAW_MISS,,原始业务指标，库内确实无，需新增接入
精铜杆、再生铜杆、线缆、铜管等成品库存,1,THS-CU-4.5,CAT_C_ALIAS_EXIST,铜精矿：港口库存：中国（周）,实体存在于v1: 铜精矿：港口库存：中国（周）
精铜杆企业原料库存,1,THS-CU-4.5,CAT_C_ALIAS_EXIST,铜精矿：港口库存：中国（周）,实体存在于v1: 铜精矿：港口库存：中国（周）
精铜杆企业成品库存,1,THS-CU-4.5,CAT_C_ALIAS_EXIST,铜精矿：港口库存：中国（周）,实体存在于v1: 铜精矿：港口库存：中国（周）
终端库存天数（天）,1,THS-SN-5.2,CAT_C_ALIAS_EXIST,SMM: 国内锡市平衡（新）: 厂库库存变化: 月度,实体存在于v1: SMM: 国内锡市平衡（新）: 厂库库存变化: 月度
终端排产计划（万吨）,1,THS-SN-5.2,CAT_A_RAW_MISS,,原始业务指标，库内确实无，需新增接入
终端消费占比（%）,1,THS-SN-5.2,CAT_B_DERIVED,,衍生计算指标（统计量），需计算引擎
终端消费增速（%）,1,THS-SN-5.2,CAT_A_RAW_MISS,,原始业务指标，库内确实无，需新增接入
综合使用电价,1,THS-AL-3.2,CAT_C_ALIAS_EXIST,SMM 广西电解铝平均电价: 月度,实体存在于v1: SMM 广西电解铝平均电价: 月度
缅甸再生锡产能（万吨）,1,THS-SN-3.2.3,CAT_A_RAW_MISS,,原始业务指标，库内确实无，需新增接入
缅甸再生锡产量（万吨）,1,THS-SN-3.2.3,CAT_A_RAW_MISS,,原始业务指标，库内确实无，需新增接入
缅甸再生锡进口量（万吨）,1,THS-SN-6.1,CAT_A_RAW_MISS,,原始业务指标，库内确实无，需新增接入
缅甸出口占比（%）,1,THS-SN-6.3,CAT_B_DERIVED,,衍生计算指标（统计量），需计算引擎
缅甸厂内库存占比（%）,1,THS-SN-4.4,CAT_B_DERIVED,,衍生计算指标（统计量），需计算引擎
缅甸厂内库存（万吨）,1,THS-SN-4.4,CAT_C_ALIAS_EXIST,SMM: 国内锡市平衡（新）: 厂库库存变化: 月度,实体存在于v1: SMM: 国内锡市平衡（新）: 厂库库存变化: 月度
缅甸发运占比（%）,1,THS-SN-6.4,CAT_B_DERIVED,,衍生计算指标（统计量），需计算引擎
缅甸发运量（万吨）,1,THS-SN-6.4,CAT_A_RAW_MISS,,原始业务指标，库内确实无，需新增接入
缅甸在途库存占比（%）,1,THS-SN-4.5,CAT_B_DERIVED,,衍生计算指标（统计量），需计算引擎
缅甸消费占比（%）,1,THS-SN-5.1,CAT_B_DERIVED,,衍生计算指标（统计量），需计算引擎
缅甸电子级锡出口量（万吨）,1,THS-SN-6.3,CAT_A_RAW_MISS,,原始业务指标，库内确实无，需新增接入
缅甸社会库存占比（%）,1,THS-SN-4.3,CAT_B_DERIVED,,衍生计算指标（统计量），需计算引擎
缅甸社会库存（万吨）,1,THS-SN-4.3,CAT_C_ALIAS_EXIST,SMM: 锡锭社会库存: 上海: 周度,实体存在于v1: SMM: 锡锭社会库存: 上海: 周度
缅甸精炼锡冶炼利润（元/吨）,1,THS-SN-3.2.4,CAT_C_ALIAS_EXIST,锡锭进口利润,实体存在于v1: 锡锭进口利润
缅甸精炼锡开工率（%）,1,THS-SN-3.2.2,CAT_C_ALIAS_EXIST,锡：冶炼厂：开工率：中国（月）,实体存在于v1: 锡：冶炼厂：开工率：中国（月）
缅甸终端消费占比（%）,1,THS-SN-5.2,CAT_B_DERIVED,,衍生计算指标（统计量），需计算引擎
缅甸锡矿产量时序图,1,THS-SN-3.1.1,CAT_A_RAW_MISS,,原始业务指标，库内确实无，需新增接入
缅甸锡矿价格时序图,1,THS-SN-7.3,CAT_A_RAW_MISS,,原始业务指标，库内确实无，需新增接入
缅甸锡矿价格（元/吨）,1,THS-SN-7.3,CAT_A_RAW_MISS,,原始业务指标，库内确实无，需新增接入
缅甸锡矿冶炼利润时序图,1,THS-SN-3.2.4,CAT_C_ALIAS_EXIST,锡锭进口利润,实体存在于v1: 锡锭进口利润
缅甸锡矿冶炼利润（元/吨）,1,THS-SN-3.2.4,CAT_C_ALIAS_EXIST,锡锭进口利润,实体存在于v1: 锡锭进口利润
缅甸锡矿进口量占比（%）,1,THS-SN-3.1.4,CAT_B_DERIVED,,衍生计算指标（统计量），需计算引擎
缅甸锡矿进口量时序图,1,THS-SN-3.1.4,CAT_A_RAW_MISS,,原始业务指标，库内确实无，需新增接入
缅甸锡精矿产量占比（%）,1,THS-SN-3.1.2,CAT_B_DERIVED,,衍生计算指标（统计量），需计算引擎
缅甸锡精矿产量时序图,1,THS-SN-3.1.2,CAT_A_RAW_MISS,,原始业务指标，库内确实无，需新增接入
缅甸锡精矿进口量（万吨）,1,THS-SN-6.1,CAT_A_RAW_MISS,,原始业务指标，库内确实无，需新增接入
缅甸锡锭出口量（万吨）,1,THS-SN-6.2,CAT_A_RAW_MISS,,原始业务指标，库内确实无，需新增接入
缅甸锡锭进口量（万吨）,1,THS-SN-6.2,CAT_A_RAW_MISS,,原始业务指标，库内确实无，需新增接入
缅甸隐性库存占比（%）,1,THS-SN-4.5,CAT_B_DERIVED,,衍生计算指标（统计量），需计算引擎
缅甸需求增速（%）,1,THS-SN-5.3,CAT_A_RAW_MISS,,原始业务指标，库内确实无，需新增接入
美国硅矿月产能（万吨）,1,THS-SI-3.1.2,CAT_A_RAW_MISS,,原始业务指标，库内确实无，需新增接入
美国硅矿月产量（万吨）,1,THS-SI-3.1.2,CAT_A_RAW_MISS,,原始业务指标，库内确实无，需新增接入
美国硅矿月再生产量（万吨）,1,THS-SI-3.1.2,CAT_A_RAW_MISS,,原始业务指标，库内确实无，需新增接入
美国硅矿月加工费TC（元/吨）,1,THS-SI-3.1.2,CAT_A_RAW_MISS,,原始业务指标，库内确实无，需新增接入
美国硅矿月开工率（%）,1,THS-SI-3.1.2,CAT_C_ALIAS_EXIST,多晶硅开工率,实体存在于v1: 多晶硅开工率
美国硅矿月进口量（万吨）,1,THS-SI-3.1.2,CAT_A_RAW_MISS,,原始业务指标，库内确实无，需新增接入
能源/原料成本总量（元/吨）,1,THS-NI-7.3,CAT_A_RAW_MISS,,原始业务指标，库内确实无，需新增接入
能源成本时序图,1,THS-SN-7.3,CAT_A_RAW_MISS,,原始业务指标，库内确实无，需新增接入
自备电价、网电价差、区域吨铝成本差,1,THS-AL-3.2,CAT_C_ALIAS_EXIST,SMM 广西电解铝平均电价: 月度,实体存在于v1: SMM 广西电解铝平均电价: 月度
自备电厂成本/自备电价,1,THS-AL-3.3,CAT_C_ALIAS_EXIST,SMM 广西电解铝平均电价: 月度,实体存在于v1: SMM 广西电解铝平均电价: 月度
船货在途量（万吨）,1,THS-NI-4.5,CAT_A_RAW_MISS,,原始业务指标，库内确实无，需新增接入
菲律宾电解镍进口量（万吨）,1,THS-NI-6.2,CAT_A_RAW_MISS,,原始业务指标，库内确实无，需新增接入
菲律宾矿-精炼产量比（倍）,1,THS-NI-3.1.2,CAT_A_RAW_MISS,,原始业务指标，库内确实无，需新增接入
菲律宾至中国海运费（美元/湿吨）,1,THS-NI-7.3,CAT_A_RAW_MISS,,原始业务指标，库内确实无，需新增接入
菲律宾进口占比（%）,1,THS-NI-3.1.4,CAT_B_DERIVED,,衍生计算指标（统计量），需计算引擎
菲律宾进口在途量（万吨）,1,THS-NI-4.5,CAT_A_RAW_MISS,,原始业务指标，库内确实无，需新增接入
菲律宾进口量（万吨）,1,THS-NI-3.1.4,CAT_A_RAW_MISS,,原始业务指标，库内确实无，需新增接入
菲律宾镍矿CIF价格（美元/湿吨）,1,THS-NI-7.1,CAT_A_RAW_MISS,,原始业务指标，库内确实无，需新增接入
菲律宾镍矿CIF价格（美元/湿吨）、菲律宾镍矿FOB价格（美元/湿吨）,1,THS-NI-7.1,CAT_A_RAW_MISS,,原始业务指标，库内确实无，需新增接入
菲律宾镍矿产能利用率（%）,1,THS-NI-3.1.1,CAT_A_RAW_MISS,,原始业务指标，库内确实无，需新增接入
菲律宾镍矿产能（万吨/年）,1,THS-NI-3.1.2,CAT_A_RAW_MISS,,原始业务指标，库内确实无，需新增接入
菲律宾镍矿产量,1,THS-NI-3.1,CAT_A_RAW_MISS,,原始业务指标，库内确实无，需新增接入
菲律宾镍矿发运天数（天）,1,THS-NI-6.4,CAT_A_RAW_MISS,,原始业务指标，库内确实无，需新增接入
菲律宾镍矿对华发运量（万吨）,1,THS-NI-6.4,CAT_A_RAW_MISS,,原始业务指标，库内确实无，需新增接入
菲律宾镍矿检修量（万吨）,1,THS-NI-3.1.1,CAT_A_RAW_MISS,,原始业务指标，库内确实无，需新增接入
菲律宾镍矿离港量（万吨）,1,THS-NI-7.3,CAT_A_RAW_MISS,,原始业务指标，库内确实无，需新增接入
菲律宾镍矿进口量（万吨）,1,THS-NI-6.1,CAT_A_RAW_MISS,,原始业务指标，库内确实无，需新增接入
菲律宾镍精炼产能（万吨/年）,1,THS-NI-3.1.1,CAT_A_RAW_MISS,,原始业务指标，库内确实无，需新增接入
菲律宾镍精矿TC,1,THS-NI-3.1,CAT_A_RAW_MISS,,原始业务指标，库内确实无，需新增接入
菲律宾镍精矿进口量,1,THS-NI-3.1,CAT_A_RAW_MISS,,原始业务指标，库内确实无，需新增接入
行业理论盈利,1,THS-AL-3.1,CAT_A_RAW_MISS,,原始业务指标，库内确实无，需新增接入
近1年TC分位（%）,1,THS-NI-3.1.5,CAT_B_DERIVED,,衍生计算指标（统计量），需计算引擎
近1年前20名持仓量分位（%）,1,THS-NI-2.6,CAT_B_DERIVED,,衍生计算指标（统计量），需计算引擎
近1年升贴水分位（%）,1,THS-NI-2.2,CAT_B_DERIVED,,衍生计算指标（统计量），需计算引擎
近1年厂库存分位（%）,1,THS-NI-4.4,CAT_B_DERIVED,,衍生计算指标（统计量），需计算引擎
近1年持仓量分位（%）,1,THS-NI-2.1,CAT_B_DERIVED,,衍生计算指标（统计量），需计算引擎
近1年月差分位（%）,1,THS-NI-2.4,CAT_B_DERIVED,,衍生计算指标（统计量），需计算引擎
近1年沪镍价格分位（%）,1,THS-NI-2.5,CAT_B_DERIVED,,衍生计算指标（统计量），需计算引擎
近1年社会库存分位（%）,1,THS-NI-4.3,CAT_B_DERIVED,,衍生计算指标（统计量），需计算引擎
近1年隐性库存分位（%）,1,THS-NI-4.5,CAT_B_DERIVED,,衍生计算指标（统计量），需计算引擎
近3年同周在途库存均值（万吨）,1,THS-SI-4.5,CAT_B_DERIVED,,衍生计算指标（统计量），需计算引擎
近3年同周在途库存标准差（万吨）,1,THS-SI-4.5,CAT_B_DERIVED,,衍生计算指标（统计量），需计算引擎
近3年同周库存量均值（万吨）,1,THS-SI-4.3,CAT_B_DERIVED,,衍生计算指标（统计量），需计算引擎
近3年同周库存量标准差（万吨）,1,THS-SI-4.3,CAT_B_DERIVED,,衍生计算指标（统计量），需计算引擎
近3年同季冶炼利润均值（元/吨）,1,THS-SI-7.2,CAT_B_DERIVED,,衍生计算指标（统计量），需计算引擎
近3年同季冶炼利润标准差（元/吨）,1,THS-SI-7.2,CAT_B_DERIVED,,衍生计算指标（统计量），需计算引擎
近3年同季冶炼成本均值（元/吨）,1,THS-SI-7.1,CAT_B_DERIVED,,衍生计算指标（统计量），需计算引擎
近3年同季冶炼成本标准差（元/吨）,1,THS-SI-7.1,CAT_B_DERIVED,,衍生计算指标（统计量），需计算引擎
近3年同季加工费均值（元/吨）,1,THS-SN-7.1,CAT_B_DERIVED,,衍生计算指标（统计量），需计算引擎
近3年同季加工费标准差（元/吨）,1,THS-SN-7.1,CAT_B_DERIVED,,衍生计算指标（统计量），需计算引擎
近3年同季均值（万吨LCE）,1,THS-LI-3.1.1,CAT_B_DERIVED,,衍生计算指标（统计量），需计算引擎
近3年同季标准差（万吨LCE）,1,THS-LI-3.1.1,CAT_B_DERIVED,,衍生计算指标（统计量），需计算引擎
近3年同日TC加工费均值（元/吨）,1,THS-SI-3.1.5,CAT_B_DERIVED,,衍生计算指标（统计量），需计算引擎
近3年同日TC加工费标准差（元/吨）,1,THS-SI-3.1.5,CAT_B_DERIVED,,衍生计算指标（统计量），需计算引擎
近3年同日产量均值（吨）,1,THS-ZN-7.2,CAT_B_DERIVED,,衍生计算指标（统计量），需计算引擎
近3年同日产量标准差（吨）,1,THS-ZN-7.2,CAT_B_DERIVED,,衍生计算指标（统计量），需计算引擎
近3年同日仓单均值（手）,1,THS-ZN-4.2,CAT_B_DERIVED,,衍生计算指标（统计量），需计算引擎
近3年同日仓单标准差（手）,1,THS-ZN-4.2,CAT_B_DERIVED,,衍生计算指标（统计量），需计算引擎
近3年同日仓单注册量均值（吨）,1,THS-SI-4.2,CAT_B_DERIVED,,衍生计算指标（统计量），需计算引擎
近3年同日仓单注册量标准差（吨）,1,THS-SI-4.2,CAT_B_DERIVED,,衍生计算指标（统计量），需计算引擎
近3年同日冶炼利润均值（元/吨）,1,THS-SI-3.2.4,CAT_B_DERIVED,,衍生计算指标（统计量），需计算引擎
近3年同日冶炼利润标准差（元/吨）,1,THS-SI-3.2.4,CAT_B_DERIVED,,衍生计算指标（统计量），需计算引擎
近3年同日利润均值（元/吨）,1,THS-NI-7.2,CAT_B_DERIVED,,衍生计算指标（统计量），需计算引擎
近3年同日利润标准差（元/吨）,1,THS-NI-7.2,CAT_B_DERIVED,,衍生计算指标（统计量），需计算引擎
近3年同日升贴水均值（元/吨）,1,THS-SI-2.2,CAT_B_DERIVED,,衍生计算指标（统计量），需计算引擎
近3年同日升贴水标准差（元/吨）,1,THS-SI-2.2,CAT_B_DERIVED,,衍生计算指标（统计量），需计算引擎
近3年同日多头前20持仓量标准差（手）,1,THS-SI-2.6,CAT_B_DERIVED,,衍生计算指标（统计量），需计算引擎
近3年同日库存均值（手）,1,THS-ZN-4.1,CAT_B_DERIVED,,衍生计算指标（统计量），需计算引擎
近3年同日库存标准差（手）,1,THS-ZN-4.1,CAT_B_DERIVED,,衍生计算指标（统计量），需计算引擎
近3年同日持仓量均值（手）,1,THS-SI-2.1,CAT_B_DERIVED,,衍生计算指标（统计量），需计算引擎
近3年同日持仓量标准差（手）,1,THS-SI-2.1,CAT_B_DERIVED,,衍生计算指标（统计量），需计算引擎
近3年同日收盘价均值（美元/吨）,1,THS-SI-2.3,CAT_B_DERIVED,,衍生计算指标（统计量），需计算引擎
近3年同日收盘价标准差（美元/吨）,1,THS-SI-2.3,CAT_B_DERIVED,,衍生计算指标（统计量），需计算引擎
近3年同日月差均值（元/吨）,1,THS-SI-2.4,CAT_B_DERIVED,,衍生计算指标（统计量），需计算引擎
近3年同日月差标准差（元/吨）,1,THS-SI-2.4,CAT_B_DERIVED,,衍生计算指标（统计量），需计算引擎
近3年同月/同周均值（万吨）,1,THS-ZN-4.5,CAT_B_DERIVED,,衍生计算指标（统计量），需计算引擎
近3年同月/同周库存均值（万吨）,1,THS-ZN-4.4,CAT_B_DERIVED,,衍生计算指标（统计量），需计算引擎
近3年同月/同周库存标准差（万吨）,1,THS-ZN-4.4,CAT_B_DERIVED,,衍生计算指标（统计量），需计算引擎
近3年同月仓单均值（手）,1,THS-SN-4.2,CAT_B_DERIVED,,衍生计算指标（统计量），需计算引擎
近3年同月仓单标准差（手）,1,THS-SN-4.2,CAT_B_DERIVED,,衍生计算指标（统计量），需计算引擎
近3年同月价格均值（元/吨）,1,THS-SN-7.3,CAT_B_DERIVED,,衍生计算指标（统计量），需计算引擎
近3年同月价格均值（美元/吨）,1,THS-LI-2.3,CAT_B_DERIVED,,衍生计算指标（统计量），需计算引擎
近3年同月价格标准差（元/吨）,1,THS-SN-7.3,CAT_B_DERIVED,,衍生计算指标（统计量），需计算引擎
近3年同月价格标准差（美元/吨）,1,THS-LI-2.3,CAT_B_DERIVED,,衍生计算指标（统计量），需计算引擎
近3年同月估值分位均值（%）,1,THS-SN-2.5,CAT_B_DERIVED,,衍生计算指标（统计量），需计算引擎
近3年同月估值分位标准差（%）,1,THS-SN-2.5,CAT_B_DERIVED,,衍生计算指标（统计量），需计算引擎
近3年同月先行指标均值（万吨）,1,THS-NI-5.3,CAT_B_DERIVED,,衍生计算指标（统计量），需计算引擎
近3年同月先行指标标准差（万吨）,1,THS-NI-5.3,CAT_B_DERIVED,,衍生计算指标（统计量），需计算引擎
近3年同月再生镍产量均值（万吨）,1,THS-NI-3.2.3,CAT_B_DERIVED,,衍生计算指标（统计量），需计算引擎
近3年同月再生镍产量标准差（万吨）,1,THS-NI-3.2.3,CAT_B_DERIVED,,衍生计算指标（统计量），需计算引擎
近3年同月冶炼成本均值（元/吨）,1,THS-SN-7.2,CAT_B_DERIVED,,衍生计算指标（统计量），需计算引擎
近3年同月冶炼成本标准差（元/吨）,1,THS-SN-7.2,CAT_B_DERIVED,,衍生计算指标（统计量），需计算引擎
近3年同月净持仓量均值（手）,1,THS-ZN-2.6,CAT_B_DERIVED,,衍生计算指标（统计量），需计算引擎
近3年同月净持仓量标准差（手）,1,THS-ZN-2.6,CAT_B_DERIVED,,衍生计算指标（统计量），需计算引擎
近3年同月分位均值（%）,1,THS-LI-2.5,CAT_B_DERIVED,,衍生计算指标（统计量），需计算引擎
近3年同月分位标准差（%）,1,THS-LI-2.5,CAT_B_DERIVED,,衍生计算指标（统计量），需计算引擎
近3年同月前20总持仓量均值（手）,1,THS-SN-2.6,CAT_B_DERIVED,,衍生计算指标（统计量），需计算引擎
近3年同月前20总持仓量标准差（手）,1,THS-SN-2.6,CAT_B_DERIVED,,衍生计算指标（统计量），需计算引擎
近3年同月加工费均值（元/吨）,1,THS-SN-7.2,CAT_B_DERIVED,,衍生计算指标（统计量），需计算引擎
近3年同月加工费标准差（元/吨）,1,THS-SN-7.2,CAT_B_DERIVED,,衍生计算指标（统计量），需计算引擎
近3年同月厂库存均值（万吨）,1,THS-NI-4.4,CAT_B_DERIVED,,衍生计算指标（统计量），需计算引擎
近3年同月厂库存标准差（万吨）,1,THS-NI-4.4,CAT_B_DERIVED,,衍生计算指标（统计量），需计算引擎
近3年同月库存均值（吨）,1,THS-SN-2.3,CAT_B_DERIVED,,衍生计算指标（统计量），需计算引擎
近3年同月库存均值（手）,1,THS-SN-4.1,CAT_B_DERIVED,,衍生计算指标（统计量），需计算引擎
近3年同月库存标准差（吨）,1,THS-SN-2.3,CAT_B_DERIVED,,衍生计算指标（统计量），需计算引擎
近3年同月库存标准差（手）,1,THS-SN-4.1,CAT_B_DERIVED,,衍生计算指标（统计量），需计算引擎
近3年同月库存量均值（万吨）,1,THS-SI-4.4,CAT_B_DERIVED,,衍生计算指标（统计量），需计算引擎
近3年同月库存量标准差（万吨）,1,THS-SI-4.4,CAT_B_DERIVED,,衍生计算指标（统计量），需计算引擎
近3年同月总持仓均值（手）,1,THS-LI-2.6,CAT_B_DERIVED,,衍生计算指标（统计量），需计算引擎
近3年同月总持仓标准差（手）,1,THS-LI-2.6,CAT_B_DERIVED,,衍生计算指标（统计量），需计算引擎
近3年同月总进口量均值（万吨）,1,THS-SN-3.1.4,CAT_B_DERIVED,,衍生计算指标（统计量），需计算引擎
近3年同月总进口量标准差（万吨）,1,THS-SN-3.1.4,CAT_B_DERIVED,,衍生计算指标（统计量），需计算引擎
近3年同月成本均值（元/吨）,1,THS-NI-7.3,CAT_B_DERIVED,,衍生计算指标（统计量），需计算引擎
近3年同月成本标准差（元/吨）,1,THS-NI-7.3,CAT_B_DERIVED,,衍生计算指标（统计量），需计算引擎
近3年同月持仓总量均值（手）,1,THS-NI-2.6,CAT_B_DERIVED,,衍生计算指标（统计量），需计算引擎
近3年同月持仓总量标准差（手）,1,THS-NI-2.6,CAT_B_DERIVED,,衍生计算指标（统计量），需计算引擎
近3年同月排产计划量均值（万吨）,1,THS-SI-5.3,CAT_B_DERIVED,,衍生计算指标（统计量），需计算引擎
近3年同月排产计划量标准差（万吨）,1,THS-SI-5.3,CAT_B_DERIVED,,衍生计算指标（统计量），需计算引擎
近3年同月月差均值（美元/吨）,1,THS-SN-2.4,CAT_B_DERIVED,,衍生计算指标（统计量），需计算引擎
近3年同月月差标准差（美元/吨）,1,THS-SN-2.4,CAT_B_DERIVED,,衍生计算指标（统计量），需计算引擎
近3年同月沪伦比均值（元/吨）,1,THS-LI-2.3,CAT_B_DERIVED,,衍生计算指标（统计量），需计算引擎
近3年同月沪伦比标准差（元/吨）,1,THS-LI-2.3,CAT_B_DERIVED,,衍生计算指标（统计量），需计算引擎
近3年同月沪镍价格分位（%）,1,THS-NI-2.5,CAT_B_DERIVED,,衍生计算指标（统计量），需计算引擎
近3年同月沪镍价格均值（元/吨）,1,THS-NI-2.5,CAT_B_DERIVED,,衍生计算指标（统计量），需计算引擎
近3年同月消费占比均值（%）,1,THS-SI-5.2,CAT_B_DERIVED,,衍生计算指标（统计量），需计算引擎
近3年同月消费占比标准差（%）,1,THS-SI-5.2,CAT_B_DERIVED,,衍生计算指标（统计量），需计算引擎
近3年同月电解镍冶炼利润均值（元/吨）,1,THS-NI-3.2.4,CAT_B_DERIVED,,衍生计算指标（统计量），需计算引擎
近3年同月电解镍冶炼利润标准差（元/吨）,1,THS-NI-3.2.4,CAT_B_DERIVED,,衍生计算指标（统计量），需计算引擎
近3年同月社会库存均值（万吨）,1,THS-NI-4.3,CAT_B_DERIVED,,衍生计算指标（统计量），需计算引擎
近3年同月社会库存标准差（万吨）,1,THS-NI-4.3,CAT_B_DERIVED,,衍生计算指标（统计量），需计算引擎
近3年同月秘鲁产量均值（万吨）,1,THS-ZN-3.1.2,CAT_B_DERIVED,,衍生计算指标（统计量），需计算引擎
近3年同月秘鲁产量标准差（万吨）,1,THS-ZN-3.1.2,CAT_B_DERIVED,,衍生计算指标（统计量），需计算引擎
近3年同月秘鲁进口量均值（万吨）,1,THS-ZN-3.1.4,CAT_B_DERIVED,,衍生计算指标（统计量），需计算引擎
近3年同月秘鲁进口量标准差（万吨）,1,THS-ZN-3.1.4,CAT_B_DERIVED,,衍生计算指标（统计量），需计算引擎
近3年同月终端产量均值（万吨）,1,THS-SN-5.2,CAT_B_DERIVED,,衍生计算指标（统计量），需计算引擎
近3年同月终端产量标准差（万吨）,1,THS-SN-5.2,CAT_B_DERIVED,,衍生计算指标（统计量），需计算引擎
近3年同月终端消费均值（万吨）,1,THS-NI-5.2,CAT_B_DERIVED,,衍生计算指标（统计量），需计算引擎
近3年同月终端消费标准差（万吨）,1,THS-NI-5.2,CAT_B_DERIVED,,衍生计算指标（统计量），需计算引擎
近3年同月能源成本均值（元/吨）,1,THS-ZN-7.3,CAT_B_DERIVED,,衍生计算指标（统计量），需计算引擎
近3年同月能源成本标准差（元/吨）,1,THS-ZN-7.3,CAT_B_DERIVED,,衍生计算指标（统计量），需计算引擎
近3年同月订单量均值（万吨）,1,THS-SN-5.3,CAT_B_DERIVED,,衍生计算指标（统计量），需计算引擎
近3年同月订单量标准差（万吨）,1,THS-SN-5.3,CAT_B_DERIVED,,衍生计算指标（统计量），需计算引擎
近3年同月进口总量均值（万吨）,1,THS-NI-3.1.4,CAT_B_DERIVED,,衍生计算指标（统计量），需计算引擎
近3年同月进口总量标准差（万吨）,1,THS-NI-3.1.4,CAT_B_DERIVED,,衍生计算指标（统计量），需计算引擎
近3年同月镍矿产量均值（万吨）,1,THS-NI-3.1.3,CAT_B_DERIVED,,衍生计算指标（统计量），需计算引擎
近3年同月镍矿产量标准差（万吨）,1,THS-NI-3.1.3,CAT_B_DERIVED,,衍生计算指标（统计量），需计算引擎
近3年同月镍精炼产量均值（万吨）,1,THS-NI-3.2.1,CAT_B_DERIVED,,衍生计算指标（统计量），需计算引擎
近3年同月镍精炼产量标准差（万吨）,1,THS-NI-3.2.1,CAT_B_DERIVED,,衍生计算指标（统计量），需计算引擎
近3年同月隐性库存均值（万吨）,1,THS-NI-4.5,CAT_B_DERIVED,,衍生计算指标（统计量），需计算引擎
近3年同月隐性库存标准差（万吨）,1,THS-NI-4.5,CAT_B_DERIVED,,衍生计算指标（统计量），需计算引擎
近3年同期TC分位（%）,1,THS-ZN-3.1.5,CAT_B_DERIVED,,衍生计算指标（统计量），需计算引擎
近3年同期斜率分位（%）,1,THS-ZN-2.4,CAT_B_DERIVED,,衍生计算指标（统计量），需计算引擎
进口在途量（万吨）,1,THS-NI-4.5,CAT_A_RAW_MISS,,原始业务指标，库内确实无，需新增接入
金属硅下游开工率（%）,1,THS-SI-5.1,CAT_C_ALIAS_EXIST,多晶硅开工率,实体存在于v1: 多晶硅开工率
金属硅下游消费占比（%）,1,THS-SI-5.2,CAT_B_DERIVED,,衍生计算指标（统计量），需计算引擎
金属硅下游终端产量（万吨）,1,THS-SI-5.2,CAT_A_RAW_MISS,,原始业务指标，库内确实无，需新增接入
金属硅再生月产能（万吨）,1,THS-SI-3.2.3,CAT_A_RAW_MISS,,原始业务指标，库内确实无，需新增接入
金属硅冶炼利润（元/吨）,1,THS-SI-7.2,CAT_C_ALIAS_EXIST,硅锰：利润：内蒙古（日）,实体存在于v1: 硅锰：利润：内蒙古（日）
金属硅冶炼成本（元/吨）,1,THS-SI-7.1,CAT_A_RAW_MISS,,原始业务指标，库内确实无，需新增接入
金属硅净出口量（万吨）,1,THS-SI-6.2,CAT_A_RAW_MISS,,原始业务指标，库内确实无，需新增接入
金属硅净进口量（万吨）,1,THS-SI-6.1,CAT_A_RAW_MISS,,原始业务指标，库内确实无，需新增接入
金属硅出口量（万吨）,1,THS-SI-6.2,CAT_A_RAW_MISS,,原始业务指标，库内确实无，需新增接入
金属硅制品净出口量（万吨）,1,THS-SI-6.3,CAT_A_RAW_MISS,,原始业务指标，库内确实无，需新增接入
金属硅制品出口量（万吨）,1,THS-SI-6.3,CAT_A_RAW_MISS,,原始业务指标，库内确实无，需新增接入
金属硅工厂库存天数（天）,1,THS-SI-4.4,CAT_C_ALIAS_EXIST,金属硅社会库存-昆明,实体存在于v1: 金属硅社会库存-昆明
金属硅海外发运量（万吨）,1,THS-SI-6.4,CAT_A_RAW_MISS,,原始业务指标，库内确实无，需新增接入
金属硅精炼月开工率（%）,1,THS-SI-3.2.2,CAT_C_ALIAS_EXIST,多晶硅开工率,实体存在于v1: 多晶硅开工率
金属硅精炼月检修量（万吨）,1,THS-SI-3.2.2,CAT_A_RAW_MISS,,原始业务指标，库内确实无，需新增接入
铜线缆企业原料库存、漆包线企业原料库存,1,THS-CU-4.5,CAT_C_ALIAS_EXIST,铜精矿：港口库存：中国（周）,实体存在于v1: 铜精矿：港口库存：中国（周）
铝价指数,1,THS-AL-3.1,CAT_A_RAW_MISS,,原始业务指标，库内确实无，需新增接入
铝制结构件/容器/车轮/绞线出口量,1,THS-AL-6.3,CAT_A_RAW_MISS,,原始业务指标，库内确实无，需新增接入
铝板带/铝箔/铝挤压材出口量,1,THS-AL-6.3,CAT_A_RAW_MISS,,原始业务指标，库内确实无，需新增接入
锂云母/锂辉石利润（元/吨）,1,THS-LI-2.5,CAT_A_RAW_MISS,,原始业务指标，库内确实无，需新增接入
锂云母TC（元/吨）,1,THS-LI-3.1.5,CAT_C_ALIAS_EXIST,锂辉石加工费 辽宁,实体存在于v1: 锂辉石加工费 辽宁
锂云母产量（万吨LCE）,1,THS-LI-3.1.3,CAT_C_ALIAS_EXIST,锂云母产量,实体存在于v1: 锂云母产量
锂云母冶炼利润（元/吨）,1,THS-LI-3.2.4,CAT_C_ALIAS_EXIST,碳酸锂：原料：外采锂精矿：生产利润（日）,实体存在于v1: 碳酸锂：原料：外采锂精矿：生产利润（日）
锂云母精炼产量（万吨LCE）,1,THS-LI-3.2.1,CAT_A_RAW_MISS,,原始业务指标，库内确实无，需新增接入
锂云母进口量（万吨LCE）,1,THS-LI-3.1.4,CAT_A_RAW_MISS,,原始业务指标，库内确实无，需新增接入
锂矿进口仓单量（万吨LCE）,1,THS-LI-3.1.4,CAT_C_ALIAS_EXIST,GFEX：碳酸锂：仓单数量（日）,实体存在于v1: GFEX：碳酸锂：仓单数量（日）
锂矿进口总量（万吨LCE）,1,THS-LI-3.1.4,CAT_A_RAW_MISS,,原始业务指标，库内确实无，需新增接入
锂矿进口量（万吨LCE）,1,THS-LI-3.1.4,CAT_A_RAW_MISS,,原始业务指标，库内确实无，需新增接入
锂辉石TC（元/吨）,1,THS-LI-3.1.5,CAT_C_ALIAS_EXIST,锂辉石加工费 辽宁,实体存在于v1: 锂辉石加工费 辽宁
锂辉石产量（万吨LCE）,1,THS-LI-3.1.3,CAT_A_RAW_MISS,,原始业务指标，库内确实无，需新增接入
锂辉石冶炼利润（元/吨）,1,THS-LI-3.2.4,CAT_C_ALIAS_EXIST,碳酸锂：原料：外采锂精矿：生产利润（日）,实体存在于v1: 碳酸锂：原料：外采锂精矿：生产利润（日）
锂辉石精炼产量（万吨LCE）,1,THS-LI-3.2.1,CAT_A_RAW_MISS,,原始业务指标，库内确实无，需新增接入
锂辉石进口量（万吨LCE）,1,THS-LI-3.1.4,CAT_A_RAW_MISS,,原始业务指标，库内确实无，需新增接入
锌月差（元/吨）,1,THS-ZN-2.4,CAT_A_RAW_MISS,,原始业务指标，库内确实无，需新增接入
锌期限结构斜率（元/吨/月）,1,THS-ZN-2.4,CAT_B_DERIVED,,衍生计算指标（统计量），需计算引擎
锌现货升贴水（元/吨）,1,THS-ZN-2.2,CAT_C_ALIAS_EXIST,锌锭：升贴水：广东（日）,实体存在于v1: 锌锭：升贴水：广东（日）
锌矿TC（美元/吨干矿）,1,THS-ZN-3.1.4,CAT_C_ALIAS_EXIST,锌精矿：国产：50%Zn：加工费均价：陕西（日）,实体存在于v1: 锌精矿：国产：50%Zn：加工费均价：陕西（日）
锌矿进口量（万吨）,1,THS-ZN-3.1.4,CAT_A_RAW_MISS,,原始业务指标，库内确实无，需新增接入
锌精矿加工费（元/吨）,1,THS-ZN-2.5,CAT_C_ALIAS_EXIST,锌精矿：国产：50%Zn：加工费均价：陕西（日）,实体存在于v1: 锌精矿：国产：50%Zn：加工费均价：陕西（日）
锌精矿成本（元/吨）,1,THS-ZN-2.5,CAT_A_RAW_MISS,,原始业务指标，库内确实无，需新增接入
锡制品出口量（万吨）,1,THS-SN-6.3,CAT_A_RAW_MISS,,原始业务指标，库内确实无，需新增接入
锡化工出口量时序图,1,THS-SN-6.3,CAT_A_RAW_MISS,,原始业务指标，库内确实无，需新增接入
锡化工出口量（万吨）,1,THS-SN-6.3,CAT_A_RAW_MISS,,原始业务指标，库内确实无，需新增接入
锡化工开工率时序图,1,THS-SN-5.1,CAT_C_ALIAS_EXIST,锡：冶炼厂：开工率：中国（月）,实体存在于v1: 锡：冶炼厂：开工率：中国（月）
锡化工开工率（%）,1,THS-SN-5.1,CAT_C_ALIAS_EXIST,锡：冶炼厂：开工率：中国（月）,实体存在于v1: 锡：冶炼厂：开工率：中国（月）
锡化工终端产量时序图,1,THS-SN-5.2,CAT_A_RAW_MISS,,原始业务指标，库内确实无，需新增接入
锡化工终端产量（万吨）,1,THS-SN-5.2,CAT_A_RAW_MISS,,原始业务指标，库内确实无，需新增接入
锡化工终端库存时序图,1,THS-SN-5.2,CAT_C_ALIAS_EXIST,SMM: 国内锡市平衡（新）: 厂库库存变化: 月度,实体存在于v1: SMM: 国内锡市平衡（新）: 厂库库存变化: 月度
锡化工订单量同比增速时序图,1,THS-SN-5.3,CAT_B_DERIVED,,衍生计算指标（统计量），需计算引擎
锡化工订单量（万吨）,1,THS-SN-5.3,CAT_A_RAW_MISS,,原始业务指标，库内确实无，需新增接入
锡焊料/焊锡与锡化工出口量时序图,1,THS-SN-6.3,CAT_A_RAW_MISS,,原始业务指标，库内确实无，需新增接入
锡焊料/焊锡出口量分国别时序图,1,THS-SN-6.3,CAT_A_RAW_MISS,,原始业务指标，库内确实无，需新增接入
锡焊料/焊锡出口量时序图,1,THS-SN-6.3,CAT_A_RAW_MISS,,原始业务指标，库内确实无，需新增接入
锡焊料/焊锡出口量（万吨）,1,THS-SN-6.3,CAT_A_RAW_MISS,,原始业务指标，库内确实无，需新增接入
锡矿加工费TC估值分位（%）,1,THS-SN-3.1.5,CAT_B_DERIVED,,衍生计算指标（统计量），需计算引擎
锡矿加工费TC分地区时序图,1,THS-SN-3.1.5,CAT_C_ALIAS_EXIST,锡冶炼厂加工费,实体存在于v1: 锡冶炼厂加工费
锡矿总进口量（万吨）,1,THS-SN-3.1.4,CAT_A_RAW_MISS,,原始业务指标，库内确实无，需新增接入
锡精矿与再生锡进口量时序图,1,THS-SN-6.1,CAT_A_RAW_MISS,,原始业务指标，库内确实无，需新增接入
锡精矿价格时序图,1,THS-SN-7.3,CAT_A_RAW_MISS,,原始业务指标，库内确实无，需新增接入
锡精矿冶炼利润时序图,1,THS-SN-2.5,CAT_C_ALIAS_EXIST,锡锭进口利润,实体存在于v1: 锡锭进口利润
锡精矿冶炼利润（元/吨）,1,THS-SN-2.5,CAT_C_ALIAS_EXIST,锡锭进口利润,实体存在于v1: 锡锭进口利润
锡精矿加工费时序图,1,THS-SN-2.5,CAT_C_ALIAS_EXIST,锡冶炼厂加工费,实体存在于v1: 锡冶炼厂加工费
锡精矿进口量（万吨）,1,THS-SN-6.1,CAT_A_RAW_MISS,,原始业务指标，库内确实无，需新增接入
锡锭仓单注册量（吨）,1,THS-SN-2.2,CAT_C_ALIAS_EXIST,LME：锡：注销仓单（日）,实体存在于v1: LME：锡：注销仓单（日）
锡锭净进口量（万吨）,1,THS-SN-6.1,CAT_A_RAW_MISS,,原始业务指标，库内确实无，需新增接入
锡锭基差时序图,1,THS-SN-2.2,CAT_C_ALIAS_EXIST,SHFE：锡：基差（日）,实体存在于v1: SHFE：锡：基差（日）
锡锭基差（元/吨）,1,THS-SN-2.2,CAT_C_ALIAS_EXIST,SHFE：锡：基差（日）,实体存在于v1: SHFE：锡：基差（日）
锡锭月差（元/吨）,1,THS-SN-2.2,CAT_C_ALIAS_EXIST,沪锡近半年月差变化,实体存在于v1: 沪锡近半年月差变化
锡锭现货价格时序图,1,THS-SN-2.2,CAT_A_RAW_MISS,,原始业务指标，库内确实无，需新增接入
锡锭现货升贴水分地区（元/吨）,1,THS-SN-2.2,CAT_C_ALIAS_EXIST,LME锡升贴水,实体存在于v1: LME锡升贴水
锡锭现货升贴水时序图,1,THS-SN-2.2,CAT_C_ALIAS_EXIST,LME锡升贴水,实体存在于v1: LME锡升贴水
锡锭现货升贴水（元/吨）,1,THS-SN-2.2,CAT_C_ALIAS_EXIST,LME锡升贴水,实体存在于v1: LME锡升贴水
锡锭进口盈亏时序图,1,THS-SN-2.2,CAT_C_ALIAS_EXIST,SMM: 进口盈亏: 锡: 现货: LME价格: 日度,实体存在于v1: SMM: 进口盈亏: 锡: 现货: LME价格: 日度
锡锭进口量（万吨）,1,THS-SN-6.1,CAT_A_RAW_MISS,,原始业务指标，库内确实无，需新增接入
镍冶炼成本分位（%）,1,THS-NI-7.1,CAT_B_DERIVED,,衍生计算指标（统计量），需计算引擎
镍冶炼成本总量（元/吨）,1,THS-NI-7.1,CAT_A_RAW_MISS,,原始业务指标，库内确实无，需新增接入
镍冶炼成本（元/吨）,1,THS-NI-7.1,CAT_A_RAW_MISS,,原始业务指标，库内确实无，需新增接入
镍冶炼日度利润分位（%）,1,THS-NI-7.2,CAT_B_DERIVED,,衍生计算指标（统计量），需计算引擎
镍冶炼日度利润（元/吨）,1,THS-NI-7.2,CAT_A_RAW_MISS,,原始业务指标，库内确实无，需新增接入
镍初级消费开工率（%）,1,THS-NI-5.1,CAT_C_ALIAS_EXIST,镍生铁企业：开工率：以金属量计：印尼（月）,实体存在于v1: 镍生铁企业：开工率：以金属量计：印尼（月）
镍制品出口总量（万吨）,1,THS-NI-6.3,CAT_A_RAW_MISS,,原始业务指标，库内确实无，需新增接入
镍厂库存总量、镍精矿TC,1,THS-NI-4.4,CAT_C_ALIAS_EXIST,镍铁库存,实体存在于v1: 镍铁库存
镍厂库存总量（万吨）,1,THS-NI-4.4,CAT_C_ALIAS_EXIST,镍铁库存,实体存在于v1: 镍铁库存
镍原料进口总量（万吨）,1,THS-NI-6.1,CAT_A_RAW_MISS,,原始业务指标，库内确实无，需新增接入
镍合金出口量（万吨）,1,THS-NI-6.3,CAT_A_RAW_MISS,,原始业务指标，库内确实无，需新增接入
镍合金出口金额（亿美元）,1,THS-NI-6.3,CAT_A_RAW_MISS,,原始业务指标，库内确实无，需新增接入
镍合金终端产量（万吨）,1,THS-NI-5.2,CAT_A_RAW_MISS,,原始业务指标，库内确实无，需新增接入
镍在途库存总量、沪镍主力合约收盘价,1,THS-NI-4.5,CAT_C_ALIAS_EXIST,镍铁库存,实体存在于v1: 镍铁库存
镍在途库存总量、进口在途量、船货在途量,1,THS-NI-4.5,CAT_C_ALIAS_EXIST,镍铁库存,实体存在于v1: 镍铁库存
镍在途库存总量、镍精矿TC,1,THS-NI-4.5,CAT_C_ALIAS_EXIST,镍铁库存,实体存在于v1: 镍铁库存
镍在途库存总量（万吨）,1,THS-NI-4.5,CAT_C_ALIAS_EXIST,镍铁库存,实体存在于v1: 镍铁库存
镍期货仓单数量（吨）、仓单注册量变化（吨）,1,THS-NI-2.1,CAT_C_ALIAS_EXIST,LME：镍：注销仓单（日）,实体存在于v1: LME：镍：注销仓单（日）
镍现货价格（元/吨）,1,THS-NI-2.2,CAT_A_RAW_MISS,,原始业务指标，库内确实无，需新增接入
镍生铁/NPI成本（元/吨）,1,THS-NI-7.3,CAT_A_RAW_MISS,,原始业务指标，库内确实无，需新增接入
镍生铁/NPI进口盈亏（元/吨）,1,THS-NI-6.1,CAT_C_ALIAS_EXIST,镍铁：哥伦比亚产：进口盈亏：中国（日）,实体存在于v1: 镍铁：哥伦比亚产：进口盈亏：中国（日）
镍生铁/NPI进口量（万吨）,1,THS-NI-6.1,CAT_A_RAW_MISS,,原始业务指标，库内确实无，需新增接入
镍生铁NPI现货价格、电解镍现货价格、NPI冶炼利润,1,THS-NI-2.5,CAT_C_ALIAS_EXIST,镍铁理论利润（RKEF 山东）,实体存在于v1: 镍铁理论利润（RKEF 山东）
镍生铁NPI现货价格（元/吨）、电解镍现货价格（元/吨）、NPI冶炼利润（元/吨）,1,THS-NI-2.5,CAT_C_ALIAS_EXIST,镍铁理论利润（RKEF 山东）,实体存在于v1: 镍铁理论利润（RKEF 山东）
镍矿CIF价格（美元/湿吨）、镍矿FOB价格（美元/湿吨）,1,THS-NI-7.1,CAT_A_RAW_MISS,,原始业务指标，库内确实无，需新增接入
镍矿港口库存（万吨）,1,THS-NI-7.3,CAT_C_ALIAS_EXIST,镍铁库存,实体存在于v1: 镍铁库存
镍矿进口量（万吨）,1,THS-NI-6.1,CAT_A_RAW_MISS,,原始业务指标，库内确实无，需新增接入
镍社会库存总量、上期所镍仓单量,1,THS-NI-4.3,CAT_C_ALIAS_EXIST,LME：镍：注销仓单（日）,实体存在于v1: LME：镍：注销仓单（日）
镍社会库存总量、沪镍主力合约收盘价,1,THS-NI-4.3,CAT_C_ALIAS_EXIST,镍铁库存,实体存在于v1: 镍铁库存
镍社会库存总量（万吨）,1,THS-NI-4.3,CAT_C_ALIAS_EXIST,镍铁库存,实体存在于v1: 镍铁库存
镍社会库存总量（含上期所、南储、隐性）,1,THS-NI-4.3,CAT_C_ALIAS_EXIST,镍铁库存,实体存在于v1: 镍铁库存
镍精炼产量（万吨）,1,THS-NI-3.2.1,CAT_A_RAW_MISS,,原始业务指标，库内确实无，需新增接入
镍精炼金属进口总量（万吨）,1,THS-NI-6.2,CAT_A_RAW_MISS,,原始业务指标，库内确实无，需新增接入
镍精矿TC,1,THS-NI-3.1,CAT_A_RAW_MISS,,原始业务指标，库内确实无，需新增接入
镍精矿TC分位（%）,1,THS-NI-3.1.5,CAT_B_DERIVED,,衍生计算指标（统计量），需计算引擎
镍精矿TC（美元/吨干矿）、电解镍冶炼利润（元/吨）、镍铁冶炼利润（元/吨）,1,THS-NI-3.1,CAT_C_ALIAS_EXIST,镍铁理论利润（RKEF 山东）,实体存在于v1: 镍铁理论利润（RKEF 山东）
镍精矿进口到港量（万吨）,1,THS-NI-3.1,CAT_A_RAW_MISS,,原始业务指标，库内确实无，需新增接入
镍精矿进口量（吨）,1,THS-NI-3.1.4,CAT_A_RAW_MISS,,原始业务指标，库内确实无，需新增接入
镍终端消费总量（万吨）,1,THS-NI-5.2,CAT_A_RAW_MISS,,原始业务指标，库内确实无，需新增接入
镍铁RKEF成本（元/镍点）,1,THS-NI-7.1,CAT_A_RAW_MISS,,原始业务指标，库内确实无，需新增接入
镍铁一体化利润（元/吨）,1,THS-NI-2.5,CAT_A_RAW_MISS,,原始业务指标，库内确实无，需新增接入
镍铁一体化成本（元/吨）,1,THS-NI-7.1,CAT_A_RAW_MISS,,原始业务指标，库内确实无，需新增接入
镍铁一体化成本（元/吨）、镍精矿TC（美元/吨干矿）,1,THS-NI-7.1,CAT_A_RAW_MISS,,原始业务指标，库内确实无，需新增接入
镍铁一体化日度利润（元/吨）,1,THS-NI-7.2,CAT_A_RAW_MISS,,原始业务指标，库内确实无，需新增接入
镍铁一体化日度利润（元/吨）、镍矿成本（元/吨）、TC（美元/吨干矿）,1,THS-NI-7.2,CAT_A_RAW_MISS,,原始业务指标，库内确实无，需新增接入
镍铁厂库存、镍铁厂库存天数,1,THS-NI-4.4,CAT_C_ALIAS_EXIST,镍铁库存,实体存在于v1: 镍铁库存
镍铁厂库存天数（天）,1,THS-NI-4.4,CAT_C_ALIAS_EXIST,镍铁库存,实体存在于v1: 镍铁库存
镍铁完全成本（元/吨）,1,THS-NI-3.2.4,CAT_A_RAW_MISS,,原始业务指标，库内确实无，需新增接入
镍铁检修量（万吨）,1,THS-NI-3.2.2,CAT_A_RAW_MISS,,原始业务指标，库内确实无，需新增接入
镍隐性库存总量、上期所镍仓单量,1,THS-NI-4.5,CAT_C_ALIAS_EXIST,LME：镍：注销仓单（日）,实体存在于v1: LME：镍：注销仓单（日）
镍隐性库存总量、隐性库存占比,1,THS-NI-4.5,CAT_B_DERIVED,,衍生计算指标（统计量），需计算引擎
镍隐性库存总量（万吨）,1,THS-NI-4.5,CAT_C_ALIAS_EXIST,镍铁库存,实体存在于v1: 镍铁库存
镍需求先行指标总量（万吨）,1,THS-NI-5.3,CAT_A_RAW_MISS,,原始业务指标，库内确实无，需新增接入
隐性/在途库存总量（万吨）,1,THS-SN-4.5,CAT_C_ALIAS_EXIST,SMM: 国内锡市平衡（新）: 厂库库存变化: 月度,实体存在于v1: SMM: 国内锡市平衡（新）: 厂库库存变化: 月度
隐性库存占比时序图,1,THS-SN-4.5,CAT_B_DERIVED,,衍生计算指标（统计量），需计算引擎
隐性库存天数（天）,1,THS-SN-4.5,CAT_C_ALIAS_EXIST,SMM: 国内锡市平衡（新）: 厂库库存变化: 月度,实体存在于v1: SMM: 国内锡市平衡（新）: 厂库库存变化: 月度
隐性库存总量（万吨）,1,THS-SN-4.5,CAT_C_ALIAS_EXIST,SMM: 国内锡市平衡（新）: 厂库库存变化: 月度,实体存在于v1: SMM: 国内锡市平衡（新）: 厂库库存变化: 月度
隐性库存（手）,1,THS-ZN-4.2,CAT_C_ALIAS_EXIST,锌精矿：港口库存：锦州港（周）,实体存在于v1: 锌精矿：港口库存：锦州港（周）
需求增速（%）,1,THS-SN-5.3,CAT_A_RAW_MISS,,原始业务指标，库内确实无，需新增接入
非洲TC（元/吨）,1,THS-LI-3.1.5,CAT_C_ALIAS_EXIST,锂辉石加工费 辽宁,实体存在于v1: 锂辉石加工费 辽宁
非洲进口占比（%）,1,THS-LI-3.1.4,CAT_B_DERIVED,,衍生计算指标（统计量），需计算引擎
非洲进口量（万吨LCE）,1,THS-LI-3.1.4,CAT_A_RAW_MISS,,原始业务指标，库内确实无，需新增接入
非洲锂矿产量（万吨LCE）,1,THS-LI-3.1.2,CAT_A_RAW_MISS,,原始业务指标，库内确实无，需新增接入
预焙阳极价格,1,THS-AL-3.3,CAT_A_RAW_MISS,,原始业务指标，库内确实无，需新增接入
预焙阳极均价,1,THS-AL-3.2,CAT_A_RAW_MISS,,原始业务指标，库内确实无，需新增接入
高冰镍产量,1,THS-NI-3.2,CAT_A_RAW_MISS,,原始业务指标，库内确实无，需新增接入
高冰镍再生量,1,THS-NI-3.2,CAT_A_RAW_MISS,,原始业务指标，库内确实无，需新增接入
高冰镍冶炼利润,1,THS-NI-3.2,CAT_C_ALIAS_EXIST,镍铁理论利润（RKEF 山东）,实体存在于v1: 镍铁理论利润（RKEF 山东）
高冰镍厂库存、高冰镍厂库存天数,1,THS-NI-4.4,CAT_C_ALIAS_EXIST,镍铁库存,实体存在于v1: 镍铁库存
高冰镍厂库存天数（天）,1,THS-NI-4.4,CAT_C_ALIAS_EXIST,镍铁库存,实体存在于v1: 镍铁库存
高冰镍厂库存（万吨）,1,THS-NI-4.4,CAT_C_ALIAS_EXIST,镍铁库存,实体存在于v1: 镍铁库存
高冰镍发运天数（天）,1,THS-NI-6.4,CAT_A_RAW_MISS,,原始业务指标，库内确实无，需新增接入
高冰镍完全成本（元/吨）,1,THS-NI-3.2.4,CAT_A_RAW_MISS,,原始业务指标，库内确实无，需新增接入
高冰镍对华发运量（万吨）,1,THS-NI-6.4,CAT_A_RAW_MISS,,原始业务指标，库内确实无，需新增接入
高冰镍开工率,1,THS-NI-3.2,CAT_C_ALIAS_EXIST,镍生铁企业：开工率：以金属量计：印尼（月）,实体存在于v1: 镍生铁企业：开工率：以金属量计：印尼（月）
高冰镍成本（元/吨）、镍矿成本（元/吨）、加工费（元/吨）,1,THS-NI-7.1,CAT_A_RAW_MISS,,原始业务指标，库内确实无，需新增接入
高冰镍日度利润（元/吨）,1,THS-NI-7.2,CAT_A_RAW_MISS,,原始业务指标，库内确实无，需新增接入
高冰镍日度利润（元/吨）、镍矿成本（元/吨）、加工费（元/吨）,1,THS-NI-7.2,CAT_A_RAW_MISS,,原始业务指标，库内确实无，需新增接入
高冰镍检修量（万吨）,1,THS-NI-3.2.2,CAT_A_RAW_MISS,,原始业务指标，库内确实无，需新增接入
高冰镍现货价格、电解镍现货价格、高冰镍冶炼利润,1,THS-NI-2.5,CAT_C_ALIAS_EXIST,镍铁理论利润（RKEF 山东）,实体存在于v1: 镍铁理论利润（RKEF 山东）
高冰镍现货价格（元/吨）、电解镍现货价格（元/吨）、高冰镍冶炼利润（元/吨）,1,THS-NI-2.5,CAT_C_ALIAS_EXIST,镍铁理论利润（RKEF 山东）,实体存在于v1: 镍铁理论利润（RKEF 山东）
黄铜棒企业原料库存,1,THS-CU-4.5,CAT_C_ALIAS_EXIST,铜精矿：港口库存：中国（周）,实体存在于v1: 铜精矿：港口库存：中国（周）
