template_id,variety,node,series_name,match_type,confidence,indicator_key,zhiji_id,verify_status,verify_note,matched_name,resolution_source,blacklist_status,p0_conflict,warning_conflict,blacklist_rules
THS-AL-3.1,AL,3.1,沪铝主力收盘价,fuzzy_name,0.75,j21_close,kline:PB:D,INVALID,v1:fuzzy_name | fallback_invalid,沪铅主力连续收盘价,indicators_v1[j21_close],CLEAN,NO,NO,
THS-AL-3.1,AL,3.1,A00铝现货均价,zhiji_search,0.7,,ID01571920,VALID,search score=0.7 | zhiji=LME：铝：A级：现货均价：美国（月）,LME：铝：A级：现货均价：美国（月）,zhiji_note,CLEAN,NO,NO,
THS-AL-3.1,AL,3.1,电解铝行业加权平均完全成本,none,0.0,,,MISSING,no_match,,no_match,N/A,N/A,N/A,
THS-AL-3.1,AL,3.1,行业理论盈利,none,0.0,,,MISSING,no_match,,no_match,N/A,N/A,N/A,
THS-AL-3.1,AL,3.1,盈利运行产能占比,none,0.0,,,MISSING,no_match,,no_match,N/A,N/A,N/A,
THS-AL-3.1,AL,3.1,亏损产量占比,none,0.0,,,MISSING,no_match,,no_match,N/A,N/A,N/A,
THS-AL-3.1,AL,3.1,最低完全成本,fuzzy_name,0.615,li_71_total_cost,ID01835358,FILLED,v1:fuzzy_name | fallback_variety=LI,分路线完全成本,indicators_v1[li_71_total_cost],CLEAN,NO,NO,
THS-AL-3.1,AL,3.1,最高完全成本,fuzzy_name,0.615,li_71_total_cost,ID01835358,FILLED,v1:fuzzy_name | fallback_variety=LI,分路线完全成本,indicators_v1[li_71_total_cost],CLEAN,NO,NO,
THS-AL-3.1,AL,3.1,中位成本,none,0.0,,,MISSING,no_match,,no_match,N/A,N/A,N/A,
THS-AL-3.1,AL,3.1,铝价指数,none,0.0,,,MISSING,no_match,,no_match,N/A,N/A,N/A,
THS-AL-3.1,AL,3.1,完全成本指数,fuzzy_name,0.615,li_71_total_cost,ID01835358,FILLED,v1:fuzzy_name | fallback_variety=LI,分路线完全成本,indicators_v1[li_71_total_cost],CLEAN,NO,NO,
THS-AL-3.2,AL,3.2,氧化铝现货均价/指数,fuzzy_name,0.571,wr43,a12804835,FILLED,v1:fuzzy_name | fallback_variety=AL-AX,氧化铝现货vs长协价格,indicators_v1[wr43],CLEAN,NO,NO,
THS-AL-3.2,AL,3.2,单吨氧化铝成本,fuzzy_name,0.571,wr28,ID01001835,FILLED,v1:fuzzy_name | fallback_variety=AL-AX,氧化铝建成产能,indicators_v1[wr28],CLEAN,NO,NO,
THS-AL-3.2,AL,3.2,综合使用电价,none,0.0,,,MISSING,no_match,,no_match,N/A,N/A,N/A,
THS-AL-3.2,AL,3.2,吨铝电力成本,fuzzy_name,0.667,si_72_cost_power_2,ID02313926,FILLED,v1:fuzzy_name | fallback_variety=SI,电力成本分项,indicators_v1[si_72_cost_power_2],CLEAN,NO,NO,
THS-AL-3.2,AL,3.2,预焙阳极均价,none,0.0,,,MISSING,no_match,,no_match,N/A,N/A,N/A,
THS-AL-3.2,AL,3.2,单吨阳极成本,none,0.0,,,MISSING,no_match,,no_match,N/A,N/A,N/A,
THS-AL-3.2,AL,3.2,氟化铝现货价,fuzzy_name,0.588,wr43,a12804835,FILLED,v1:fuzzy_name | fallback_variety=AL-AX,氧化铝现货vs长协价格,indicators_v1[wr43],CLEAN,NO,NO,
THS-AL-3.2,AL,3.2,冰晶石现货价,none,0.0,,,MISSING,no_match,,no_match,N/A,N/A,N/A,
THS-AL-3.2,AL,3.2,估算辅料成本,none,0.0,,,MISSING,no_match,,no_match,N/A,N/A,N/A,
THS-AL-3.2,AL,3.2,氧化铝、电力、阳极、其他成本占比,none,0.0,,,MISSING,no_match,,no_match,N/A,N/A,N/A,
THS-AL-3.2,AL,3.2,自备电价、网电价差、区域吨铝成本差,none,0.0,,,MISSING,no_match,,no_match,N/A,N/A,N/A,
THS-AL-3.3,AL,3.3,动力煤价格指数,none,0.0,,,MISSING,no_match,,no_match,N/A,N/A,N/A,
THS-AL-3.3,AL,3.3,自备电厂成本/自备电价,none,0.0,,,MISSING,no_match,,no_match,N/A,N/A,N/A,
THS-AL-3.3,AL,3.3,石油焦价格,fuzzy_name,0.667,si_315_price_silica_4,ID01857512,FILLED,v1:fuzzy_name | fallback_variety=SI,硅石价格,indicators_v1[si_315_price_silica_4],CLEAN,NO,NO,
THS-AL-3.3,AL,3.3,煤沥青价格,none,0.0,,,MISSING,no_match,,no_match,N/A,N/A,N/A,
THS-AL-3.3,AL,3.3,预焙阳极价格,none,0.0,,,MISSING,no_match,,no_match,N/A,N/A,N/A,
THS-AL-3.3,AL,3.3,几内亚铝土矿CIF/FOB,none,0.0,,,MISSING,no_match,,no_match,N/A,N/A,N/A,
THS-AL-3.3,AL,3.3,国产铝土矿价格,none,0.0,,,MISSING,no_match,,no_match,N/A,N/A,N/A,
THS-AL-3.3,AL,3.3,氧化铝价格,fuzzy_name,0.625,wr43,a12804835,FILLED,v1:fuzzy_name | fallback_variety=AL-AX,氧化铝现货vs长协价格,indicators_v1[wr43],CLEAN,NO,NO,
THS-AL-3.3,AL,3.3,国内主流消费地电解铝库存,none,0.0,,,MISSING,no_match,,no_match,N/A,N/A,N/A,
THS-AL-3.3,AL,3.3,沪铝主力收盘价,fuzzy_name,0.75,j21_close,kline:PB:D,INVALID,v1:fuzzy_name | fallback_invalid,沪铅主力连续收盘价,indicators_v1[j21_close],CLEAN,NO,NO,
THS-AL-3.3,AL,3.3,A00现货价,zhiji_search,0.7,,ID00259727,VALID,search score=0.7 | zhiji=电解铝：A00：Al≥99.7%：现货价：上海华通（日）,电解铝：A00：Al≥99.7%：现货价：上海华通（日）,zhiji_note,CLEAN,NO,NO,
THS-AL-3.3,AL,3.3,基差,fuzzy_name,0.571,si_22_basis,a12841761,FILLED,v1:fuzzy_name | fallback_variety=SI,工业硅基差,indicators_v1[si_22_basis],CLEAN,NO,NO,
THS-AL-4.1,AL,4.1,上期所沪铝期货仓单,zhiji_search,0.7,,FU00112386,VALID,search score=0.7 | zhiji=中国期货协会：铝：成交额：上期所（月）,中国期货协会：铝：成交额：上期所（月）,zhiji_note,CLEAN,NO,NO,
THS-AL-4.1,AL,4.1,LME铝总库存,fuzzy_name,0.833,LME库存,FU00014812,VALID,v1:fuzzy_name→AL | zhiji=镍：3个月合约：收盘价（日）,镍：3个月合约：收盘价（日）,zhiji_note,CLEAN,NO,NO,
THS-AL-4.1,AL,4.1,沪铝主力价格,zhiji_search,0.7,,FU00014772,VALID,search score=0.7 | zhiji=Mysteel：铝：沪伦比值（日）,Mysteel：铝：沪伦比值（日）,zhiji_note,CLEAN,NO,NO,
THS-AL-4.2,AL,4.2,中国主要地区/市场电解铝社会库存,none,0.0,,,MISSING,no_match,,no_match,N/A,N/A,N/A,
THS-AL-4.2,AL,4.2,SMM周度铝锭库存 / 国内主流消费地电解铝锭库存,none,0.0,,,MISSING,no_match,,no_match,N/A,N/A,N/A,
THS-AL-4.2,AL,4.2,无锡、佛山、巩义、上海、重庆、天津等区域库存,none,0.0,,,MISSING,no_match,,no_match,N/A,N/A,N/A,
THS-AL-4.2,AL,4.2,Mysteel/SMM社会库存,zhiji_search,0.7,,ID02102055,VALID,search score=0.7 | zhiji=硬线：社会库存：中国（周）,硬线：社会库存：中国（周）,zhiji_note,CLEAN,NO,NO,
THS-AL-4.2,AL,4.2,沪铝主力价格,zhiji_search,0.7,,FU00014772,VALID,search score=0.7 | zhiji=Mysteel：铝：沪伦比值（日）,Mysteel：铝：沪伦比值（日）,zhiji_note,CLEAN,NO,NO,
THS-AL-4.2,AL,4.2,Mysteel社会库存,zhiji_search,0.7,,ID01902445,VALID,search score=0.7 | zhiji=优特钢：社会库存：中国（周）,优特钢：社会库存：中国（周）,zhiji_note,CLEAN,NO,NO,
THS-AL-4.2,AL,4.2,上期所沪铝期货仓单,zhiji_search,0.7,,FU00112386,VALID,search score=0.7 | zhiji=中国期货协会：铝：成交额：上期所（月）,中国期货协会：铝：成交额：上期所（月）,zhiji_note,CLEAN,NO,NO,
THS-AL-4.2,AL,4.2,电解铝社会库存,fuzzy_name,0.727,社库,ID00188307,VALID,v1:fuzzy_name→AL | zhiji=电解铝：现货库存：中国（日）,电解铝：现货库存：中国（日）,zhiji_note,CLEAN,NO,NO,
THS-AL-4.2,AL,4.2,铝棒社会库存,fuzzy_name,0.8,社库,ID00188307,VALID,v1:fuzzy_name→AL | zhiji=电解铝：现货库存：中国（日）,电解铝：现货库存：中国（日）,zhiji_note,CLEAN,NO,NO,
THS-AL-4.3,AL,4.3,中国电解铝企业厂内铝锭库存,fuzzy_name,0.552,al_43_inv_plant,a12820686,VALID,v1:fuzzy_name→AL | zhiji=None,None,zhiji_note,CLEAN,NO,NO,
THS-AL-4.3,AL,4.3,中国主要地区电解铝社会库存,fuzzy_name,0.571,wr177,a10020743,FILLED,v1:fuzzy_name | fallback_variety=SN,中国锡锭社会库存,indicators_v1[wr177],CLEAN,NO,NO,
THS-AL-4.3,AL,4.3,电解铝企业厂内铝锭库存,fuzzy_name,0.56,al_4_inv_aluminum_2,ID01002072,FILLED,v1:fuzzy_name | fallback_variety=al,电解铝：厂内库存：中国（日）,indicators_v1[al_4_inv_aluminum_2],CLEAN,NO,NO,
THS-AL-4.3,AL,4.3,电解铝社会库存、电解铝厂内库存、电解铝出库量,none,0.0,,,MISSING,no_match,,no_match,N/A,N/A,N/A,
THS-AL-4.3,AL,4.3,国内铝棒社会库存 / 主要市场铝棒库存,none,0.0,,,MISSING,no_match,,no_match,N/A,N/A,N/A,
THS-AL-4.3,AL,4.3,SMM国内铝水比例,none,0.0,,,MISSING,no_match,,no_match,N/A,N/A,N/A,
THS-AL-4.3,AL,4.3,铝锭社会库存,fuzzy_name,0.8,社库,ID00188307,VALID,v1:fuzzy_name→AL | zhiji=电解铝：现货库存：中国（日）,电解铝：现货库存：中国（日）,zhiji_note,CLEAN,NO,NO,
THS-AL-4.3,AL,4.3,铝棒社会库存,fuzzy_name,0.8,社库,ID00188307,VALID,v1:fuzzy_name→AL | zhiji=电解铝：现货库存：中国（日）,电解铝：现货库存：中国（日）,zhiji_note,CLEAN,NO,NO,
THS-AL-4.3,AL,4.3,铝棒加工费,fuzzy_name,0.6,TC,ID01154994,FILLED,v1:fuzzy_name | fallback_variety=CU,TC加工费,indicators_v1[TC],CLEAN,NO,NO,
THS-AL-6.1,AL,6.1,中国废铝进口量,fuzzy_name,0.714,wr271,ID01364207,FILLED,v1:fuzzy_name | fallback_variety=NI,中国冰镍进口量,indicators_v1[wr271],CLEAN,NO,NO,
THS-AL-6.1,AL,6.1,废铝进口来源国数量/占比,none,0.0,,,MISSING,no_match,,no_match,N/A,N/A,N/A,
THS-AL-6.1,AL,6.1,中国铝土矿月度进口量,fuzzy_name,0.667,wr87,a10016324,FILLED,v1:fuzzy_name | fallback_variety=AL-AX,铝土矿进口-总量,indicators_v1[wr87],CLEAN,NO,NO,
THS-AL-6.1,AL,6.1,中国氧化铝进口/出口/净进口,none,0.0,,,MISSING,no_match,,no_match,N/A,N/A,N/A,
THS-AL-6.1,AL,6.1,周到港量、港口库存、氧化铝厂库存天数,none,0.0,,,MISSING,no_match,,no_match,N/A,N/A,N/A,
THS-AL-6.2,AL,6.2,中国未锻轧铝及铝材月度出口量,fuzzy_name,0.588,al_00_export,CM0000207372,FILLED,v1:fuzzy_name | fallback_variety=al,未锻轧铝及铝材：出口数量终值：中国（月）,indicators_v1[al_00_export],CLEAN,NO,NO,
THS-AL-6.2,AL,6.2,中国未锻轧铝及铝材月度进口量,fuzzy_name,0.588,al_3_import,CM0000207383,FILLED,v1:fuzzy_name | fallback_variety=al,未锻轧铝及铝材：进口数量终值：中国（月）,indicators_v1[al_3_import],CLEAN,NO,NO,
THS-AL-6.2,AL,6.2,中国废铝月度进口量,fuzzy_name,0.625,wr271,ID01364207,FILLED,v1:fuzzy_name | fallback_variety=NI,中国冰镍进口量,indicators_v1[wr271],CLEAN,NO,NO,
THS-AL-6.2,AL,6.2,中国铝合金月度进口量/出口量,fuzzy_name,0.6,wr27,ID01114281,VALID,v1:fuzzy_name→AL | zhiji=未锻轧铝合金：进口数量合计：中国（月）,未锻轧铝合金：进口数量合计：中国（月）,zhiji_note,CLEAN,NO,NO,
THS-AL-6.3,AL,6.3,中国铝材月度出口量,fuzzy_name,0.625,wr7,a10096868,VALID,v1:fuzzy_name→AL | zhiji=None,None,zhiji_note,CLEAN,NO,NO,
THS-AL-6.3,AL,6.3,铝板带/铝箔/铝挤压材出口量,none,0.0,,,MISSING,no_match,,no_match,N/A,N/A,N/A,
THS-AL-6.3,AL,6.3,中国铝制品月度出口量,fuzzy_name,0.556,wr273,a10099193,FILLED,v1:fuzzy_name | fallback_variety=NI,中国硫酸镍出口量,indicators_v1[wr273],CLEAN,NO,NO,
THS-AL-6.3,AL,6.3,铝制结构件/容器/车轮/绞线出口量,none,0.0,,,MISSING,no_match,,no_match,N/A,N/A,N/A,
THS-AL-6.3,AL,6.3,出口金额、出口均价,none,0.0,,,MISSING,no_match,,no_match,N/A,N/A,N/A,
THS-CU-2.3,CU,2.3,沪铜主力/连续收盘价,fuzzy_name,0.842,j21_close,kline:PB:D,INVALID,v1:fuzzy_name | fallback_invalid,沪铅主力连续收盘价,indicators_v1[j21_close],CLEAN,NO,NO,
THS-CU-2.3,CU,2.3,LME Copper Cash/3M,zhiji_search,0.7,,FU00033074,VALID,search score=0.7 | zhiji=LME：钴：CASH-3M合约：结算价差（日）,LME：钴：CASH-3M合约：结算价差（日）,zhiji_note,CLEAN,NO,NO,
THS-CU-2.3,CU,2.3,COMEX Copper活跃合约,zhiji_search,0.7,,FU00041630,VALID,search score=0.7 | zhiji=COMEX：铜：远期12合约：开盘价（日）,COMEX：铜：远期12合约：开盘价（日）,zhiji_note,CLEAN,NO,NO,
THS-CU-2.3,CU,2.3,SHFE/LME比价,zhiji_search,0.7,,ID01207422,VALID,search score=0.7 | zhiji=猪粮比价环比：中国（月）,猪粮比价环比：中国（月）,zhiji_note,CLEAN,NO,NO,
THS-CU-2.3,CU,2.3,COMEX活跃价折算美元/吨相对LME 3M溢价,zhiji_search,0.7,,CM00916117,VALID,search score=0.7 | zhiji=100美元兑人民币：中行折算价（日）,100美元兑人民币：中行折算价（日）,zhiji_note,CLEAN,NO,NO,
THS-CU-2.3,CU,2.3,SHFE铜仓单,fuzzy_name,0.857,i2,a10157130,FILLED,v1:fuzzy_name | fallback_variety=PB,SHFE铅仓单,indicators_v1[i2],CLEAN,NO,NO,
THS-CU-2.3,CU,2.3,COME,zhiji_search,0.7,,ID00303206,VALID,search score=0.7 | zhiji=COMEX：铝：报告头寸多头总持仓数量周环比增减（周）,COMEX：铝：报告头寸多头总持仓数量周环比增减（周）,zhiji_note,CLEAN,NO,NO,
THS-CU-2.3,CU,2.3,SMM 1#电解铜现货均价,fuzzy_name,0.783,j22_spot,s20017202,FILLED,v1:fuzzy_name | fallback_variety=PB,SMM 1#铅锭现货均价,indicators_v1[j22_spot],CLEAN,NO,NO,
THS-CU-2.3,CU,2.3,沪铜主力收盘价,fuzzy_name,0.75,j21_close,kline:PB:D,INVALID,v1:fuzzy_name | fallback_invalid,沪铅主力连续收盘价,indicators_v1[j21_close],CLEAN,NO,NO,
THS-CU-2.3,CU,2.3,SMM 1#电解铜升贴水,zhiji_search,0.7,,ID02016836,VALID,search score=0.7 | zhiji=电解铜：1#：升贴水：安徽（日）,电解铜：1#：升贴水：安徽（日）,zhiji_note,CLEAN,NO,NO,
THS-CU-2.3,CU,2.3,平水铜升贴水,none,0.0,,,MISSING,no_match,,no_match,N/A,N/A,N/A,
THS-CU-2.3,CU,2.3,升水铜升贴水,none,0.0,,,MISSING,no_match,,no_match,N/A,N/A,N/A,
THS-CU-2.3,CU,2.3,湿法铜升贴水,none,0.0,,,MISSING,no_match,,no_match,N/A,N/A,N/A,
THS-CU-2.3,CU,2.3,SMM EQ-A铜升贴水,fuzzy_name,0.571,wr249,j02797787,FILLED,v1:fuzzy_name | fallback_variety=NI,LME C-3M升贴水,indicators_v1[wr249],CLEAN,NO,NO,
THS-CU-4.1,CU,4.1,LME铜库存、上期所铜库存、COMEX铜库存,zhiji_search,0.7,,FU00023018,VALID,search score=0.7 | zhiji=LME：铜：上期库存（日）,LME：铜：上期库存（日）,zhiji_note,CLEAN,NO,NO,
THS-CU-4.1,CU,4.1,各LME仓库/地点铜库存,fuzzy_name,0.588,LME库存,FU00014813,VALID,v1:fuzzy_name→CU | zhiji=LME：镍：3个月合约：最低价（日）,LME：镍：3个月合约：最低价（日）,zhiji_note,CLEAN,NO,NO,
THS-CU-4.2,CU,4.2,SHFE铜仓单、沪铜主力价格、现货升贴水,zhiji_search,0.7,,ID00302617,VALID,search score=0.7 | zhiji=电解铜：湿法：现货升贴水：佛山（日）,电解铜：湿法：现货升贴水：佛山（日）,zhiji_note,CLEAN,NO,NO,
THS-CU-4.2,CU,4.2,电解铜仓单、国际铜仓单,none,0.0,,,MISSING,no_match,,no_match,N/A,N/A,N/A,
THS-CU-4.2,CU,4.2,仓单注册量、仓单注销量、仓单总量,none,0.0,,,MISSING,no_match,,no_match,N/A,N/A,N/A,
THS-CU-4.2,CU,4.2,上海、江苏、广东、浙江等仓单数量,none,0.0,,,MISSING,no_match,,no_match,N/A,N/A,N/A,
THS-CU-4.3,CU,4.3,SMM中国主流地区电解铜社会库存,none,0.0,,,MISSING,no_match,,no_match,N/A,N/A,N/A,
THS-CU-4.3,CU,4.3,Mysteel国内市场电解铜现货库存,zhiji_search,0.7,,ID01168763,VALID,search score=0.7 | zhiji=电解铜：现货库存：中国（日）,电解铜：现货库存：中国（日）,zhiji_note,CLEAN,NO,NO,
THS-CU-4.3,CU,4.3,上海库存、广东库存、江苏库存,none,0.0,,,MISSING,no_match,,no_match,N/A,N/A,N/A,
THS-CU-4.3,CU,4.3,上海、广东、江苏、浙江、江西等区域库存,none,0.0,,,MISSING,no_match,,no_match,N/A,N/A,N/A,
THS-CU-4.3,CU,4.3,社会库存、电解铜现货成交量,none,0.0,,,MISSING,no_match,,no_match,N/A,N/A,N/A,
THS-CU-4.3,CU,4.3,社会库存、SHFE铜仓单,fuzzy_name,0.632,i2,a10157130,FILLED,v1:fuzzy_name | fallback_variety=PB,SHFE铅仓单,indicators_v1[i2],CLEAN,NO,NO,
THS-CU-4.4,CU,4.4,LME-approved warehouses,zhiji_search,0.7,,FU00103249,VALID,search score=0.7 | zhiji=LME：非仓单库存：欧洲（日）,LME：非仓单库存：欧洲（日）,zhiji_note,CLEAN,NO,NO,
THS-CU-4.4,CU,4.4,Cancelled warrants,fuzzy_key,0.545,al_3_lme_warrant,FU00014315,FILLED,v1:fuzzy_key | fallback_variety=al,LME：铝：注册仓单（日）,indicators_v1[al_3_lme_warrant],CLEAN,NO,NO,
THS-CU-4.4,CU,4.4,上海保税区铜库存、广东保税区铜库存,none,0.0,,,MISSING,no_match,,no_match,N/A,N/A,N/A,
THS-CU-4.4,CU,4.4,保税区库存、沪伦进口盈亏或COMEX-LME价差,none,0.0,,,MISSING,no_match,,no_match,N/A,N/A,N/A,
THS-CU-4.4,CU,4.4,上海、广东等保税区库存,none,0.0,,,MISSING,no_match,,no_match,N/A,N/A,N/A,
THS-CU-4.4,CU,4.4,在途海运铜库存估算,none,0.0,,,MISSING,no_match,,no_match,N/A,N/A,N/A,
THS-CU-4.4,CU,4.4,保税区库存、进口利润、精废价差,none,0.0,,,MISSING,no_match,,no_match,N/A,N/A,N/A,
THS-CU-4.5,CU,4.5,精铜杆企业原料库存,none,0.0,,,MISSING,no_match,,no_match,N/A,N/A,N/A,
THS-CU-4.5,CU,4.5,精铜杆企业成品库存,none,0.0,,,MISSING,no_match,,no_match,N/A,N/A,N/A,
THS-CU-4.5,CU,4.5,再生铜杆企业原料库存,fuzzy_name,0.632,i15,a12810628,FILLED,v1:fuzzy_name | fallback_variety=PB,再生铅原料库存天数,indicators_v1[i15],CLEAN,NO,NO,
THS-CU-4.5,CU,4.5,黄铜棒企业原料库存,none,0.0,,,MISSING,no_match,,no_match,N/A,N/A,N/A,
THS-CU-4.5,CU,4.5,铜线缆企业原料库存、漆包线企业原料库存,none,0.0,,,MISSING,no_match,,no_match,N/A,N/A,N/A,
THS-CU-4.5,CU,4.5,精铜杆、再生铜杆、线缆、铜管等成品库存,none,0.0,,,MISSING,no_match,,no_match,N/A,N/A,N/A,
THS-LI-2.1,LI,2.1,期货主力合约收盘价（元/吨）,fuzzy_name,0.857,li_21_close_front_futures,a10172975,FILLED,v1:fuzzy_name | fallback_variety=LI,碳酸锂期货主力合约收盘价,indicators_v1[li_21_close_front_futures],CLEAN,NO,NO,
THS-LI-2.1,LI,2.1,持仓量（手）,fuzzy_name,0.667,wr171,a10177562,FILLED,v1:fuzzy_name | fallback_variety=SN,沪锡总持仓量,indicators_v1[wr171],CLEAN,NO,NO,
THS-LI-2.1,LI,2.1,成交量（手）,fuzzy_name,0.667,pb_21_aux_10,FU00033061,FILLED,v1:fuzzy_name | fallback_variety=PB,成交量(日),indicators_v1[pb_21_aux_10],CLEAN,NO,NO,
THS-LI-2.1,LI,2.1,多空持仓比（%）,zhiji_search,0.7,,FU00108771,VALID,search score=0.7 | zhiji=CME：木材：期货：所有多头净持仓占比集中度：前4家及以下交易者（周）,CME：木材：期货：所有多头净持仓占比集中度：前4家及以下交易者（周）,zhiji_note,CLEAN,NO,NO,
THS-LI-2.1,LI,2.1,基差（元/吨）,fuzzy_name,0.571,si_22_basis,a12841761,FILLED,v1:fuzzy_name | fallback_variety=SI,工业硅基差,indicators_v1[si_22_basis],CLEAN,NO,NO,
THS-LI-2.1,LI,2.1,现货升贴水（元/吨）,fuzzy_name,0.625,li_22_premium_battery_lc,a12751985,FILLED,v1:fuzzy_name | fallback_variety=LI,电池级碳酸锂现货升贴水,indicators_v1[li_22_premium_battery_lc],CLEAN,NO,NO,
THS-LI-2.1,LI,2.1,期限结构（元/吨）,fuzzy_name,0.615,li_24_futures_struct,FU00050048,FILLED,v1:fuzzy_name | fallback_variety=LI,碳酸锂期货期限结构,indicators_v1[li_24_futures_struct],CLEAN,NO,NO,
THS-LI-2.1,LI,2.1,月差（元/吨）,zhiji_search,0.7,,CM00908649,VALID,search score=0.7 | zhiji=中国：标准债券远期合约：成交笔数与前值差（月）,中国：标准债券远期合约：成交笔数与前值差（月）,zhiji_note,CLEAN,NO,NO,
THS-LI-2.1,LI,2.1,仓单注册量（手）,zhiji_search,0.7,,GM00192208,VALID,search score=0.7 | zhiji=老挝：货车：注册量（年）,老挝：货车：注册量（年）,zhiji_note,CLEAN,NO,NO,
THS-LI-2.1,LI,2.1,近3年同月收盘价均值（元/吨）,fuzzy_name,0.588,li_24_close_near_2,a12841695,FILLED,v1:fuzzy_name | fallback_variety=LI,近月合约收盘价,indicators_v1[li_24_close_near_2],CLEAN,NO,NO,
THS-LI-2.1,LI,2.1,近3年同月收盘价标准差（元/吨）,fuzzy_name,0.556,li_24_close_near_2,a12841695,FILLED,v1:fuzzy_name | fallback_variety=LI,近月合约收盘价,indicators_v1[li_24_close_near_2],CLEAN,NO,NO,
THS-LI-2.1,LI,2.1,近3年同月持仓量均值（手）,zhiji_search,0.7,,FU00105152,VALID,search score=0.7 | zhiji=中国金融期货交易所：30年国债：单边交易：持仓量（日）,中国金融期货交易所：30年国债：单边交易：持仓量（日）,zhiji_note,CLEAN,NO,NO,
THS-LI-2.1,LI,2.1,近3年同月持仓量标准差（手）,zhiji_search,0.7,,FU00029905,VALID,search score=0.7 | zhiji=SHFE：标准胶：03合约：单边交易：夜盘持仓量（日）,SHFE：标准胶：03合约：单边交易：夜盘持仓量（日）,zhiji_note,CLEAN,NO,NO,
THS-LI-2.2,LI,2.2,电池级碳酸锂现货升贴水（元/吨）,exact_name,1.0,li_22_premium_battery_lc,a12751985,FILLED,v1:exact_name | fallback_variety=LI,电池级碳酸锂现货升贴水,indicators_v1[li_22_premium_battery_lc],CLEAN,NO,NO,
THS-LI-2.2,LI,2.2,电池级碳酸锂基差（元/吨）,fuzzy_name,0.75,li_35_battery_lc_output,a12715549,FILLED,v1:fuzzy_name | fallback_variety=LI,电池级碳酸锂产量,indicators_v1[li_35_battery_lc_output],CLEAN,NO,NO,
THS-LI-2.2,LI,2.2,工业级碳酸锂现货升贴水（元/吨）,exact_name,1.0,li_22_premium_spot,ID01922204,FILLED,v1:exact_name | fallback_variety=LI,工业级碳酸锂现货升贴水,indicators_v1[li_22_premium_spot],CLEAN,NO,NO,
THS-LI-2.2,LI,2.2,氢氧化锂现货升贴水（元/吨）,fuzzy_name,0.6,li_22_premium_battery_lc,a12751985,FILLED,v1:fuzzy_name | fallback_variety=LI,电池级碳酸锂现货升贴水,indicators_v1[li_22_premium_battery_lc],CLEAN,NO,NO,
THS-LI-2.2,LI,2.2,仓单注册量（手）,zhiji_search,0.7,,GM00192208,VALID,search score=0.7 | zhiji=老挝：货车：注册量（年）,老挝：货车：注册量（年）,zhiji_note,CLEAN,NO,NO,
THS-LI-2.2,LI,2.2,期货主力合约收盘价（元/吨）,fuzzy_name,0.857,li_21_close_front_futures,a10172975,FILLED,v1:fuzzy_name | fallback_variety=LI,碳酸锂期货主力合约收盘价,indicators_v1[li_21_close_front_futures],CLEAN,NO,NO,
THS-LI-2.2,LI,2.2,月差（元/吨）,zhiji_search,0.7,,CM00908649,VALID,search score=0.7 | zhiji=中国：标准债券远期合约：成交笔数与前值差（月）,中国：标准债券远期合约：成交笔数与前值差（月）,zhiji_note,CLEAN,NO,NO,
THS-LI-2.2,LI,2.2,期限结构（元/吨）,fuzzy_name,0.615,li_24_futures_struct,FU00050048,FILLED,v1:fuzzy_name | fallback_variety=LI,碳酸锂期货期限结构,indicators_v1[li_24_futures_struct],CLEAN,NO,NO,
THS-LI-2.2,LI,2.2,近3年同月升贴水均值（元/吨）,zhiji_search,0.7,,ID01207369,VALID,search score=0.7 | zhiji=大豆：巴西产：CNF升贴水：3月交货（日）,大豆：巴西产：CNF升贴水：3月交货（日）,zhiji_note,CLEAN,NO,NO,
THS-LI-2.2,LI,2.2,近3年同月升贴水标准差（元/吨）,zhiji_search,0.7,,ID01207369,VALID,search score=0.7 | zhiji=大豆：巴西产：CNF升贴水：3月交货（日）,大豆：巴西产：CNF升贴水：3月交货（日）,zhiji_note,CLEAN,NO,NO,
THS-LI-2.2,LI,2.2,基差（元/吨）,fuzzy_name,0.571,si_22_basis,a12841761,FILLED,v1:fuzzy_name | fallback_variety=SI,工业硅基差,indicators_v1[si_22_basis],CLEAN,NO,NO,
THS-LI-2.2,LI,2.2,电池级碳酸锂升贴水占比（%）,fuzzy_name,0.818,li_22_premium_battery_lc,a12751985,FILLED,v1:fuzzy_name | fallback_variety=LI,电池级碳酸锂现货升贴水,indicators_v1[li_22_premium_battery_lc],CLEAN,NO,NO,
THS-LI-2.2,LI,2.2,工业级碳酸锂升贴水占比（%）,fuzzy_name,0.818,li_22_premium_spot,ID01922204,FILLED,v1:fuzzy_name | fallback_variety=LI,工业级碳酸锂现货升贴水,indicators_v1[li_22_premium_spot],CLEAN,NO,NO,
THS-LI-2.2,LI,2.2,氢氧化锂升贴水占比（%）,none,0.0,,,MISSING,no_match,,no_match,N/A,N/A,N/A,
THS-LI-2.3,LI,2.3,LME锂价（美元/吨）,fuzzy_name,0.615,wr167,a10147859,FILLED,v1:fuzzy_name | fallback_variety=SN,LME官方三月价,indicators_v1[wr167],CLEAN,NO,NO,
THS-LI-2.3,LI,2.3,COMEX锂价（美元/吨）,fuzzy_key,0.556,zn_23_comex,FU00078777,FILLED,v1:fuzzy_key | fallback_variety=ZN,COMEX：锌：期货库存（日）,indicators_v1[zn_23_comex],CLEAN,NO,NO,
THS-LI-2.3,LI,2.3,沪伦比（元/吨）,fuzzy_name,0.857,wr173,ID01895225,FILLED,v1:fuzzy_name | fallback_variety=SN,锡沪伦比,indicators_v1[wr173],CLEAN,NO,NO,
THS-LI-2.3,LI,2.3,进口盈亏（元/吨）,fuzzy_name,0.615,cu_21_import,ID01030232,FILLED,v1:fuzzy_name | fallback_variety=CU,铜：进口盈亏（日）,indicators_v1[cu_21_import],CLEAN,NO,NO,
THS-LI-2.3,LI,2.3,海外现货升贴水（美元/吨）,fuzzy_name,0.667,j22_premium,a10017061,FILLED,v1:fuzzy_name | fallback_variety=PB,SMM 上海铅现货升贴水,indicators_v1[j22_premium],CLEAN,NO,NO,
THS-LI-2.3,LI,2.3,LME仓单（手）,fuzzy_name,0.769,i7,a10193711,FILLED,v1:fuzzy_name | fallback_variety=PB,LME铅注销仓单,indicators_v1[i7],CLEAN,NO,NO,
THS-LI-2.3,LI,2.3,现金价（美元/吨）,none,0.0,,,MISSING,no_match,,no_match,N/A,N/A,N/A,
THS-LI-2.3,LI,2.3,近3年同月价格均值（美元/吨）,none,0.0,,,MISSING,no_match,,no_match,N/A,N/A,N/A,
THS-LI-2.3,LI,2.3,近3年同月价格标准差（美元/吨）,none,0.0,,,MISSING,no_match,,no_match,N/A,N/A,N/A,
THS-LI-2.3,LI,2.3,近3年同月沪伦比均值（元/吨）,none,0.0,,,MISSING,no_match,,no_match,N/A,N/A,N/A,
THS-LI-2.3,LI,2.3,近3年同月沪伦比标准差（元/吨）,none,0.0,,,MISSING,no_match,,no_match,N/A,N/A,N/A,
THS-LI-2.3,LI,2.3,COMEX仓单（手）,fuzzy_key,0.556,zn_23_comex,FU00078777,FILLED,v1:fuzzy_key | fallback_variety=ZN,COMEX：锌：期货库存（日）,indicators_v1[zn_23_comex],CLEAN,NO,NO,
THS-LI-2.4,LI,2.4,月差（元/吨）,zhiji_search,0.7,,CM00908649,VALID,search score=0.7 | zhiji=中国：标准债券远期合约：成交笔数与前值差（月）,中国：标准债券远期合约：成交笔数与前值差（月）,zhiji_note,CLEAN,NO,NO,
THS-LI-2.4,LI,2.4,期限结构（元/吨）,fuzzy_name,0.615,li_24_futures_struct,FU00050048,FILLED,v1:fuzzy_name | fallback_variety=LI,碳酸锂期货期限结构,indicators_v1[li_24_futures_struct],CLEAN,NO,NO,
THS-LI-2.4,LI,2.4,近月合约收盘价（元/吨）,exact_name,1.0,li_24_close_near_2,a12841695,FILLED,v1:exact_name | fallback_variety=LI,近月合约收盘价,indicators_v1[li_24_close_near_2],CLEAN,NO,NO,
THS-LI-2.4,LI,2.4,远月合约收盘价（元/吨）,fuzzy_name,0.857,li_24_close_near_2,a12841695,FILLED,v1:fuzzy_name | fallback_variety=LI,近月合约收盘价,indicators_v1[li_24_close_near_2],CLEAN,NO,NO,
THS-LI-2.4,LI,2.4,基差（元/吨）,fuzzy_name,0.571,si_22_basis,a12841761,FILLED,v1:fuzzy_name | fallback_variety=SI,工业硅基差,indicators_v1[si_22_basis],CLEAN,NO,NO,
THS-LI-2.4,LI,2.4,仓单注册量（手）,zhiji_search,0.7,,GM00192208,VALID,search score=0.7 | zhiji=老挝：货车：注册量（年）,老挝：货车：注册量（年）,zhiji_note,CLEAN,NO,NO,
THS-LI-2.4,LI,2.4,近3年同月均值（元/吨）,zhiji_search,0.7,,ID00180030,VALID,search score=0.7 | zhiji=干胶：RSS3：近月合约：国际市场：市场价：新加坡（年）,干胶：RSS3：近月合约：国际市场：市场价：新加坡（年）,zhiji_note,CLEAN,NO,NO,
THS-LI-2.4,LI,2.4,近3年同月标准差（元/吨）,zhiji_search,0.7,,CM00908664,VALID,search score=0.7 | zhiji=中国：3年期标准国开债远期合约：成交额（月）,中国：3年期标准国开债远期合约：成交额（月）,zhiji_note,CLEAN,NO,NO,
THS-LI-2.4,LI,2.4,期货主力合约收盘价（元/吨）,fuzzy_name,0.857,li_21_close_front_futures,a10172975,FILLED,v1:fuzzy_name | fallback_variety=LI,碳酸锂期货主力合约收盘价,indicators_v1[li_21_close_front_futures],CLEAN,NO,NO,
THS-LI-2.4,LI,2.4,持仓量（手）,fuzzy_name,0.667,wr171,a10177562,FILLED,v1:fuzzy_name | fallback_variety=SN,沪锡总持仓量,indicators_v1[wr171],CLEAN,NO,NO,
THS-LI-2.5,LI,2.5,估值分位（%）,none,0.0,,,MISSING,no_match,,no_match,N/A,N/A,N/A,
THS-LI-2.5,LI,2.5,期货主力合约收盘价（元/吨）,fuzzy_name,0.857,li_21_close_front_futures,a10172975,FILLED,v1:fuzzy_name | fallback_variety=LI,碳酸锂期货主力合约收盘价,indicators_v1[li_21_close_front_futures],CLEAN,NO,NO,
THS-LI-2.5,LI,2.5,冶炼利润（元/吨）,fuzzy_name,0.727,si_25_profit_smelt_2,ID01528163,FILLED,v1:fuzzy_name | fallback_variety=SI,工业硅冶炼利润,indicators_v1[si_25_profit_smelt_2],CLEAN,NO,NO,
THS-LI-2.5,LI,2.5,碳酸锂冶炼利润（元/吨）,fuzzy_name,0.667,li_25_profit_smelt,a12763812,FILLED,v1:fuzzy_name | fallback_variety=LI,氢氧化锂冶炼利润,indicators_v1[li_25_profit_smelt],CLEAN,NO,NO,
THS-LI-2.5,LI,2.5,氢氧化锂冶炼利润（元/吨）,exact_name,1.0,li_25_profit_smelt,a12763812,FILLED,v1:exact_name | fallback_variety=LI,氢氧化锂冶炼利润,indicators_v1[li_25_profit_smelt],CLEAN,NO,NO,
THS-LI-2.5,LI,2.5,盐湖提锂利润（元/吨）,fuzzy_name,0.667,li_32_output,a12723867,FILLED,v1:fuzzy_name | fallback_variety=LI,盐湖提锂产量,indicators_v1[li_32_output],WARNING,NO,YES,BL-016
THS-LI-2.5,LI,2.5,锂云母/锂辉石利润（元/吨）,none,0.0,,,MISSING,no_match,,no_match,N/A,N/A,N/A,
THS-LI-2.5,LI,2.5,工业级碳酸锂利润（元/吨）,fuzzy_name,0.75,li_35_industrial_lc_output,a12715548,FILLED,v1:fuzzy_name | fallback_variety=LI,工业级碳酸锂产量,indicators_v1[li_35_industrial_lc_output],WARNING,NO,YES,BL-016
THS-LI-2.5,LI,2.5,近3年同月分位均值（%）,none,0.0,,,MISSING,no_match,,no_match,N/A,N/A,N/A,
THS-LI-2.5,LI,2.5,近3年同月分位标准差（%）,none,0.0,,,MISSING,no_match,,no_match,N/A,N/A,N/A,
THS-LI-2.5,LI,2.5,近3年同月利润均值（元/吨）,zhiji_search,0.7,,ID00180030,VALID,search score=0.7 | zhiji=干胶：RSS3：近月合约：国际市场：市场价：新加坡（年）,干胶：RSS3：近月合约：国际市场：市场价：新加坡（年）,zhiji_note,CLEAN,NO,NO,
THS-LI-2.5,LI,2.5,近3年同月利润标准差（元/吨）,zhiji_search,0.7,,LC00110187,VALID,search score=0.7 | zhiji=罗莱生活：分产品：标准套件：利润率（半年）,罗莱生活：分产品：标准套件：利润率（半年）,zhiji_note,CLEAN,NO,NO,
THS-LI-2.5,LI,2.5,电池级碳酸锂利润（元/吨）,fuzzy_name,0.75,li_35_battery_lc_output,a12715549,FILLED,v1:fuzzy_name | fallback_variety=LI,电池级碳酸锂产量,indicators_v1[li_35_battery_lc_output],WARNING,NO,YES,BL-016
THS-LI-2.6,LI,2.6,多头前20持仓量（手）,exact_name,1.0,li_26_openinterest_top20_long_3,FU00085331,FILLED,v1:exact_name | fallback_variety=LI,多头前20持仓量,indicators_v1[li_26_openinterest_top20_long_3],CLEAN,NO,NO,
THS-LI-2.6,LI,2.6,空头前20持仓量（手）,exact_name,1.0,li_26_openinterest_top20_short_2,FU00058209,FILLED,v1:exact_name | fallback_variety=LI,空头前20持仓量,indicators_v1[li_26_openinterest_top20_short_2],CLEAN,NO,NO,
THS-LI-2.6,LI,2.6,多空持仓比（%）,zhiji_search,0.7,,FU00108771,VALID,search score=0.7 | zhiji=CME：木材：期货：所有多头净持仓占比集中度：前4家及以下交易者（周）,CME：木材：期货：所有多头净持仓占比集中度：前4家及以下交易者（周）,zhiji_note,CLEAN,NO,NO,
THS-LI-2.6,LI,2.6,期货主力合约收盘价（元/吨）,fuzzy_name,0.857,li_21_close_front_futures,a10172975,FILLED,v1:fuzzy_name | fallback_variety=LI,碳酸锂期货主力合约收盘价,indicators_v1[li_21_close_front_futures],CLEAN,NO,NO,
THS-LI-2.6,LI,2.6,前20多头净持仓（手）,fuzzy_name,0.625,li_26_openinterest_top20_short_2,FU00058209,FILLED,v1:fuzzy_name | fallback_variety=LI,空头前20持仓量,indicators_v1[li_26_openinterest_top20_short_2],CLEAN,NO,NO,
THS-LI-2.6,LI,2.6,成交量（手）,fuzzy_name,0.667,pb_21_aux_10,FU00033061,FILLED,v1:fuzzy_name | fallback_variety=PB,成交量(日),indicators_v1[pb_21_aux_10],CLEAN,NO,NO,
THS-LI-2.6,LI,2.6,前20空头净持仓（手）,fuzzy_name,0.625,li_26_openinterest_top20_short_2,FU00058209,FILLED,v1:fuzzy_name | fallback_variety=LI,空头前20持仓量,indicators_v1[li_26_openinterest_top20_short_2],CLEAN,NO,NO,
THS-LI-2.6,LI,2.6,持仓量（手）,fuzzy_name,0.667,wr171,a10177562,FILLED,v1:fuzzy_name | fallback_variety=SN,沪锡总持仓量,indicators_v1[wr171],CLEAN,NO,NO,
THS-LI-2.6,LI,2.6,近3年同月多空持仓比均值（%）,zhiji_search,0.7,,CM00911071,VALID,search score=0.7 | zhiji=中国：3年港元隐含利率曲线：FR007：收盘/即期询价均值（日）,中国：3年港元隐含利率曲线：FR007：收盘/即期询价均值（日）,zhiji_note,CLEAN,NO,NO,
THS-LI-2.6,LI,2.6,近3年同月多空持仓比标准差（%）,zhiji_search,0.7,,CM00908674,VALID,search score=0.7 | zhiji=中国：3年期标准国开债远期合约：占总成交比（月）,中国：3年期标准国开债远期合约：占总成交比（月）,zhiji_note,CLEAN,NO,NO,
THS-LI-2.6,LI,2.6,前20席位总持仓（手）,fuzzy_name,0.625,li_26_openinterest_top20_short_2,FU00058209,FILLED,v1:fuzzy_name | fallback_variety=LI,空头前20持仓量,indicators_v1[li_26_openinterest_top20_short_2],CLEAN,NO,NO,
THS-LI-2.6,LI,2.6,近3年同月总持仓均值（手）,none,0.0,,,MISSING,no_match,,no_match,N/A,N/A,N/A,
THS-LI-2.6,LI,2.6,近3年同月总持仓标准差（手）,none,0.0,,,MISSING,no_match,,no_match,N/A,N/A,N/A,
THS-LI-3.1.1,LI,3.1.1,海外锂矿产量（万吨LCE）,fuzzy_name,0.6,li_31_capacity,a12715541,FILLED,v1:fuzzy_name | fallback_variety=LI,海外产能,indicators_v1[li_31_capacity],CLEAN,NO,NO,
THS-LI-3.1.1,LI,3.1.1,海外精炼产量（万吨LCE）,fuzzy_name,0.8,精炼产量,a10006555,VALID,v1:fuzzy_name→LC | zhiji=None,None,zhiji_note,CLEAN,NO,NO,
THS-LI-3.1.1,LI,3.1.1,海外产能（万吨LCE）,exact_name,1.0,li_31_capacity,a12715541,FILLED,v1:exact_name | fallback_variety=LI,海外产能,indicators_v1[li_31_capacity],CLEAN,NO,NO,
THS-LI-3.1.1,LI,3.1.1,海外开工率（%）,fuzzy_name,0.75,开工率,a10001859,VALID,v1:fuzzy_name→LC | zhiji=None,None,zhiji_note,CLEAN,NO,NO,
THS-LI-3.1.1,LI,3.1.1,海外产能利用率（%）,fuzzy_name,0.727,li_31_capacity,a12715541,FILLED,v1:fuzzy_name | fallback_variety=LI,海外产能,indicators_v1[li_31_capacity],CLEAN,NO,NO,
THS-LI-3.1.1,LI,3.1.1,海外检修量（万吨LCE）,none,0.0,,,MISSING,no_match,,no_match,N/A,N/A,N/A,
THS-LI-3.1.1,LI,3.1.1,海外加工费TC（元/吨）,none,0.0,,,MISSING,no_match,,no_match,N/A,N/A,N/A,
THS-LI-3.1.1,LI,3.1.1,海外进口量（万吨LCE）,fuzzy_name,0.6,wr275,CM0000138647,FILLED,v1:fuzzy_name | fallback_variety=NI,镍铁进口量,indicators_v1[wr275],CLEAN,NO,NO,
THS-LI-3.1.1,LI,3.1.1,近3年同季均值（万吨LCE）,none,0.0,,,MISSING,no_match,,no_match,N/A,N/A,N/A,
THS-LI-3.1.1,LI,3.1.1,近3年同季标准差（万吨LCE）,none,0.0,,,MISSING,no_match,,no_match,N/A,N/A,N/A,
THS-LI-3.1.1,LI,3.1.1,海外进口量分国别（万吨LCE）,fuzzy_name,0.706,si_61_by_country_import,CM0000287714,FILLED,v1:fuzzy_name | fallback_variety=SI,工业硅进口量分国别,indicators_v1[si_61_by_country_import],CLEAN,NO,NO,
THS-LI-3.1.2,LI,3.1.2,澳大利亚锂矿产量（万吨LCE）,none,0.0,,,MISSING,no_match,,no_match,N/A,N/A,N/A,
THS-LI-3.1.2,LI,3.1.2,非洲锂矿产量（万吨LCE）,fuzzy_name,0.667,li_31_output_lithium_ore_au_2,a12814168,FILLED,v1:fuzzy_name | fallback_variety=LI,澳洲/巴西/非洲锂矿产量,indicators_v1[li_31_output_lithium_ore_au_2],CLEAN,NO,NO,
THS-LI-3.1.2,LI,3.1.2,南美锂矿产量（万吨LCE）,none,0.0,,,MISSING,no_match,,no_match,N/A,N/A,N/A,
THS-LI-3.1.2,LI,3.1.2,亚洲锂矿产量（万吨LCE）,fuzzy_name,0.556,li_31_output_lithium_ore_au_2,a12814168,FILLED,v1:fuzzy_name | fallback_variety=LI,澳洲/巴西/非洲锂矿产量,indicators_v1[li_31_output_lithium_ore_au_2],CLEAN,NO,NO,
THS-LI-3.1.2,LI,3.1.2,海外锂矿进口量分国别（万吨LCE）,fuzzy_name,0.778,li_61_by_country_import_conc_3,ID02038530,INVALID,v1:fuzzy_name | fallback_invalid,锂精矿进口分国别,indicators_v1[li_61_by_country_import_conc_3],CLEAN,NO,NO,
THS-LI-3.1.2,LI,3.1.2,海外锂矿出口量分国别（万吨LCE）,fuzzy_name,0.667,li_61_by_country_import_conc_3,ID02038530,INVALID,v1:fuzzy_name | fallback_invalid,锂精矿进口分国别,indicators_v1[li_61_by_country_import_conc_3],CLEAN,NO,NO,
THS-LI-3.1.2,LI,3.1.2,海外锂矿库存分国别（万吨LCE）,fuzzy_name,0.588,li_61_by_country_import_conc_3,ID02038530,INVALID,v1:fuzzy_name | fallback_invalid,锂精矿进口分国别,indicators_v1[li_61_by_country_import_conc_3],CLEAN,NO,NO,
THS-LI-3.1.2,LI,3.1.2,海外锂矿产能分国别（万吨LCE）,fuzzy_name,0.615,li_31_capacity,a12715541,FILLED,v1:fuzzy_name | fallback_variety=LI,海外产能,indicators_v1[li_31_capacity],CLEAN,NO,NO,
THS-LI-3.1.2,LI,3.1.2,近3年同月均值（万吨LCE）,zhiji_search,0.7,,ID00180030,VALID,search score=0.7 | zhiji=干胶：RSS3：近月合约：国际市场：市场价：新加坡（年）,干胶：RSS3：近月合约：国际市场：市场价：新加坡（年）,zhiji_note,CLEAN,NO,NO,
THS-LI-3.1.2,LI,3.1.2,近3年同月标准差（万吨LCE）,zhiji_search,0.7,,CM00908664,VALID,search score=0.7 | zhiji=中国：3年期标准国开债远期合约：成交额（月）,中国：3年期标准国开债远期合约：成交额（月）,zhiji_note,CLEAN,NO,NO,
THS-LI-3.1.3,LI,3.1.3,锂云母产量（万吨LCE）,exact_name,1.0,li_32_lepid_output,a12756591,FILLED,v1:exact_name | fallback_variety=LI,锂云母产量,indicators_v1[li_32_lepid_output],CLEAN,NO,NO,
THS-LI-3.1.3,LI,3.1.3,锂辉石产量（万吨LCE）,fuzzy_name,0.714,wr123,ID01707140,FILLED,v1:fuzzy_name | fallback_variety=LI,碳酸锂 锂辉石总产量,indicators_v1[wr123],CLEAN,NO,NO,
THS-LI-3.1.3,LI,3.1.3,国内锂矿产量（万吨LCE）,fuzzy_name,0.833,wr187,ID00299777,FILLED,v1:fuzzy_name | fallback_variety=SN,国内锡矿产量,indicators_v1[wr187],CLEAN,NO,NO,
THS-LI-3.1.3,LI,3.1.3,盐湖提锂产量（万吨LCE）,exact_name,1.0,li_32_output,a12723867,FILLED,v1:exact_name | fallback_variety=LI,盐湖提锂产量,indicators_v1[li_32_output],CLEAN,NO,NO,
THS-LI-3.1.3,LI,3.1.3,国内锂矿产能（万吨LCE）,fuzzy_name,0.667,wr187,ID00299777,FILLED,v1:fuzzy_name | fallback_variety=SN,国内锡矿产量,indicators_v1[wr187],CLEAN,NO,NO,
THS-LI-3.1.3,LI,3.1.3,国内锂矿开工率（%）,fuzzy_name,0.769,wr197,a10113278,FILLED,v1:fuzzy_name | fallback_variety=SN,国内锡开工率,indicators_v1[wr197],CLEAN,NO,NO,
THS-LI-3.1.3,LI,3.1.3,国内锂矿产能利用率（%）,fuzzy_name,0.632,si_313_util_capacity,ID01445977,FILLED,v1:fuzzy_name | fallback_variety=SI,中国工业硅产能利用率,indicators_v1[si_313_util_capacity],CLEAN,NO,NO,
THS-LI-3.1.3,LI,3.1.3,国内锂矿检修量（万吨LCE）,fuzzy_name,0.615,wr187,ID00299777,FILLED,v1:fuzzy_name | fallback_variety=SN,国内锡矿产量,indicators_v1[wr187],CLEAN,NO,NO,
THS-LI-3.1.3,LI,3.1.3,近3年同月均值（万吨LCE）,zhiji_search,0.7,,ID00180030,VALID,search score=0.7 | zhiji=干胶：RSS3：近月合约：国际市场：市场价：新加坡（年）,干胶：RSS3：近月合约：国际市场：市场价：新加坡（年）,zhiji_note,CLEAN,NO,NO,
THS-LI-3.1.3,LI,3.1.3,近3年同月标准差（万吨LCE）,zhiji_search,0.7,,CM00908664,VALID,search score=0.7 | zhiji=中国：3年期标准国开债远期合约：成交额（月）,中国：3年期标准国开债远期合约：成交额（月）,zhiji_note,CLEAN,NO,NO,
THS-LI-3.1.3,LI,3.1.3,近3年同月均值（%）,zhiji_search,0.7,,ID00180030,VALID,search score=0.7 | zhiji=干胶：RSS3：近月合约：国际市场：市场价：新加坡（年）,干胶：RSS3：近月合约：国际市场：市场价：新加坡（年）,zhiji_note,CLEAN,NO,NO,
THS-LI-3.1.3,LI,3.1.3,近3年同月标准差（%）,zhiji_search,0.7,,CM00908664,VALID,search score=0.7 | zhiji=中国：3年期标准国开债远期合约：成交额（月）,中国：3年期标准国开债远期合约：成交额（月）,zhiji_note,CLEAN,NO,NO,
THS-LI-3.1.4,LI,3.1.4,锂矿进口总量（万吨LCE）,fuzzy_name,0.714,wr87,a10016324,FILLED,v1:fuzzy_name | fallback_variety=AL-AX,铝土矿进口-总量,indicators_v1[wr87],CLEAN,NO,NO,
THS-LI-3.1.4,LI,3.1.4,锂辉石进口量（万吨LCE）,fuzzy_name,0.667,li_61_import_2,a12715657,FILLED,v1:fuzzy_name | fallback_variety=LI,碳酸锂进口量,indicators_v1[li_61_import_2],CLEAN,NO,NO,
THS-LI-3.1.4,LI,3.1.4,澳大利亚进口量（万吨LCE）,fuzzy_name,0.571,pb_311_aux,ID01655553,FILLED,v1:fuzzy_name | fallback_variety=PB,澳大利亚(季),indicators_v1[pb_311_aux],CLEAN,NO,NO,
THS-LI-3.1.4,LI,3.1.4,非洲进口量（万吨LCE）,fuzzy_name,0.6,wr275,CM0000138647,FILLED,v1:fuzzy_name | fallback_variety=NI,镍铁进口量,indicators_v1[wr275],CLEAN,NO,NO,
THS-LI-3.1.4,LI,3.1.4,南美进口量（万吨LCE）,fuzzy_name,0.667,wr192,a12840346,FILLED,v1:fuzzy_name | fallback_variety=SN,美国锡净进口量,indicators_v1[wr192],CLEAN,NO,NO,
THS-LI-3.1.4,LI,3.1.4,澳大利亚进口占比（%）,none,0.0,,,MISSING,no_match,,no_match,N/A,N/A,N/A,
THS-LI-3.1.4,LI,3.1.4,非洲进口占比（%）,none,0.0,,,MISSING,no_match,,no_match,N/A,N/A,N/A,
THS-LI-3.1.4,LI,3.1.4,南美进口占比（%）,none,0.0,,,MISSING,no_match,,no_match,N/A,N/A,N/A,
THS-LI-3.1.4,LI,3.1.4,锂矿进口均价（元/吨）,exact_name,1.0,li_33_import_avg_price,a12852994,FILLED,v1:exact_name | fallback_variety=LI,锂矿进口均价,indicators_v1[li_33_import_avg_price],CLEAN,NO,NO,
THS-LI-3.1.4,LI,3.1.4,锂矿进口盈亏（元/吨）,fuzzy_name,0.667,li_33_import_avg_price,a12852994,FILLED,v1:fuzzy_name | fallback_variety=LI,锂矿进口均价,indicators_v1[li_33_import_avg_price],CLEAN,NO,NO,
THS-LI-3.1.4,LI,3.1.4,锂矿进口量（万吨LCE）,fuzzy_name,0.727,li_33_import_avg_price,a12852994,FILLED,v1:fuzzy_name | fallback_variety=LI,锂矿进口均价,indicators_v1[li_33_import_avg_price],CLEAN,NO,NO,
THS-LI-3.1.4,LI,3.1.4,近3年同月均值（万吨LCE）,zhiji_search,0.7,,ID00180030,VALID,search score=0.7 | zhiji=干胶：RSS3：近月合约：国际市场：市场价：新加坡（年）,干胶：RSS3：近月合约：国际市场：市场价：新加坡（年）,zhiji_note,CLEAN,NO,NO,
THS-LI-3.1.4,LI,3.1.4,近3年同月标准差（万吨LCE）,zhiji_search,0.7,,CM00908664,VALID,search score=0.7 | zhiji=中国：3年期标准国开债远期合约：成交额（月）,中国：3年期标准国开债远期合约：成交额（月）,zhiji_note,CLEAN,NO,NO,
THS-LI-3.1.4,LI,3.1.4,锂矿进口仓单量（万吨LCE）,fuzzy_name,0.615,li_33_import_avg_price,a12852994,FILLED,v1:fuzzy_name | fallback_variety=LI,锂矿进口均价,indicators_v1[li_33_import_avg_price],CLEAN,NO,NO,
THS-LI-3.1.4,LI,3.1.4,锂云母进口量（万吨LCE）,fuzzy_name,0.727,li_32_lepid_output,a12756591,FILLED,v1:fuzzy_name | fallback_variety=LI,锂云母产量,indicators_v1[li_32_lepid_output],CLEAN,NO,NO,
THS-LI-3.1.5,LI,3.1.5,锂矿TC（元/吨）,fuzzy_key,0.667,TC,ID01154994,FILLED,v1:fuzzy_key | fallback_variety=CU,TC加工费,indicators_v1[TC],CLEAN,NO,NO,
THS-LI-3.1.5,LI,3.1.5,锂辉石TC（元/吨）,fuzzy_key,0.571,TC,ID01154994,FILLED,v1:fuzzy_key | fallback_variety=CU,TC加工费,indicators_v1[TC],CLEAN,NO,NO,
THS-LI-3.1.5,LI,3.1.5,锂矿进口盈亏（元/吨）,fuzzy_name,0.667,li_33_import_avg_price,a12852994,FILLED,v1:fuzzy_name | fallback_variety=LI,锂矿进口均价,indicators_v1[li_33_import_avg_price],CLEAN,NO,NO,
THS-LI-3.1.5,LI,3.1.5,澳大利亚TC（元/吨）,fuzzy_name,0.615,pb_311_aux,ID01655553,FILLED,v1:fuzzy_name | fallback_variety=PB,澳大利亚(季),indicators_v1[pb_311_aux],CLEAN,NO,NO,
THS-LI-3.1.5,LI,3.1.5,非洲TC（元/吨）,fuzzy_key,0.667,TC,ID01154994,FILLED,v1:fuzzy_key | fallback_variety=CU,TC加工费,indicators_v1[TC],CLEAN,NO,NO,
THS-LI-3.1.5,LI,3.1.5,南美TC（元/吨）,fuzzy_key,0.667,TC,ID01154994,FILLED,v1:fuzzy_key | fallback_variety=CU,TC加工费,indicators_v1[TC],CLEAN,NO,NO,
THS-LI-3.1.5,LI,3.1.5,锂云母TC（元/吨）,fuzzy_name,0.6,li_71_lepid_price_2,ID01702750,FILLED,v1:fuzzy_name | fallback_variety=LI,锂云母价格,indicators_v1[li_71_lepid_price_2],CLEAN,NO,NO,
THS-LI-3.1.5,LI,3.1.5,盐湖提锂TC（元/吨）,fuzzy_name,0.667,li_32_output,a12723867,FILLED,v1:fuzzy_name | fallback_variety=LI,盐湖提锂产量,indicators_v1[li_32_output],CLEAN,NO,NO,
THS-LI-3.1.5,LI,3.1.5,近3年同月均值（元/吨）,zhiji_search,0.7,,ID00180030,VALID,search score=0.7 | zhiji=干胶：RSS3：近月合约：国际市场：市场价：新加坡（年）,干胶：RSS3：近月合约：国际市场：市场价：新加坡（年）,zhiji_note,CLEAN,NO,NO,
THS-LI-3.1.5,LI,3.1.5,近3年同月标准差（元/吨）,zhiji_search,0.7,,CM00908664,VALID,search score=0.7 | zhiji=中国：3年期标准国开债远期合约：成交额（月）,中国：3年期标准国开债远期合约：成交额（月）,zhiji_note,CLEAN,NO,NO,
THS-LI-3.1.5,LI,3.1.5,冶炼开工率（%）,fuzzy_name,0.75,开工率,a10001859,VALID,v1:fuzzy_name→LC | zhiji=None,None,zhiji_note,CLEAN,NO,NO,
THS-LI-3.2.1,LI,3.2.1,电池级碳酸锂产量（万吨LCE）,exact_name,1.0,li_35_battery_lc_output,a12715549,FILLED,v1:exact_name | fallback_variety=LI,电池级碳酸锂产量,indicators_v1[li_35_battery_lc_output],CLEAN,NO,NO,
THS-LI-3.2.1,LI,3.2.1,工业级碳酸锂产量（万吨LCE）,exact_name,1.0,li_35_industrial_lc_output,a12715548,FILLED,v1:exact_name | fallback_variety=LI,工业级碳酸锂产量,indicators_v1[li_35_industrial_lc_output],CLEAN,NO,NO,
THS-LI-3.2.1,LI,3.2.1,氢氧化锂产量（万吨LCE）,exact_name,1.0,li_35_output,a10001934,FILLED,v1:exact_name | fallback_variety=LI,氢氧化锂产量,indicators_v1[li_35_output],CLEAN,NO,NO,
THS-LI-3.2.1,LI,3.2.1,碳酸锂产量（万吨LCE）,fuzzy_name,0.769,wr122,ID01707134,FILLED,v1:fuzzy_name | fallback_variety=LI,碳酸锂 锂云母产量,indicators_v1[wr122],CLEAN,NO,NO,
THS-LI-3.2.1,LI,3.2.1,盐湖提锂精炼产量（万吨LCE）,fuzzy_name,0.857,li_32_output,a12723867,FILLED,v1:fuzzy_name | fallback_variety=LI,盐湖提锂产量,indicators_v1[li_32_output],CLEAN,NO,NO,
THS-LI-3.2.1,LI,3.2.1,锂云母精炼产量（万吨LCE）,fuzzy_name,0.833,li_32_lepid_output,a12756591,FILLED,v1:fuzzy_name | fallback_variety=LI,锂云母产量,indicators_v1[li_32_lepid_output],CLEAN,NO,NO,
THS-LI-3.2.1,LI,3.2.1,国内锂盐精炼产能（万吨LCE）,fuzzy_name,0.706,li_35_util_2,a12715874,FILLED,v1:fuzzy_name | fallback_variety=LI,国内锂盐精炼开工率,indicators_v1[li_35_util_2],CLEAN,NO,NO,
THS-LI-3.2.1,LI,3.2.1,国内锂盐精炼开工率（%）,exact_name,1.0,li_35_util_2,a12715874,FILLED,v1:exact_name | fallback_variety=LI,国内锂盐精炼开工率,indicators_v1[li_35_util_2],CLEAN,NO,NO,
THS-LI-3.2.1,LI,3.2.1,近3年同月均值（万吨LCE）,zhiji_search,0.7,,ID00180030,VALID,search score=0.7 | zhiji=干胶：RSS3：近月合约：国际市场：市场价：新加坡（年）,干胶：RSS3：近月合约：国际市场：市场价：新加坡（年）,zhiji_note,CLEAN,NO,NO,
THS-LI-3.2.1,LI,3.2.1,近3年同月标准差（万吨LCE）,zhiji_search,0.7,,CM00908664,VALID,search score=0.7 | zhiji=中国：3年期标准国开债远期合约：成交额（月）,中国：3年期标准国开债远期合约：成交额（月）,zhiji_note,CLEAN,NO,NO,
THS-LI-3.2.1,LI,3.2.1,国内锂盐精炼产能利用率（%）,fuzzy_name,0.7,li_35_util_2,a12715874,FILLED,v1:fuzzy_name | fallback_variety=LI,国内锂盐精炼开工率,indicators_v1[li_35_util_2],CLEAN,NO,NO,
THS-LI-3.2.1,LI,3.2.1,国内锂盐检修量（万吨LCE）,zhiji_search,0.7,,ID01717435,VALID,search score=0.7 | zhiji=锂：金属盐回收产量：中国（月）,锂：金属盐回收产量：中国（月）,zhiji_note,CLEAN,NO,NO,
THS-LI-3.2.1,LI,3.2.1,锂辉石精炼产量（万吨LCE）,fuzzy_name,0.727,精炼产量,a10006555,VALID,v1:fuzzy_name→LC | zhiji=None,None,zhiji_note,CLEAN,NO,NO,
THS-LI-3.2.2,LI,3.2.2,国内锂盐精炼开工率（%）,exact_name,1.0,li_35_util_2,a12715874,FILLED,v1:exact_name | fallback_variety=LI,国内锂盐精炼开工率,indicators_v1[li_35_util_2],CLEAN,NO,NO,
THS-LI-3.2.2,LI,3.2.2,国内锂盐检修量（万吨LCE）,zhiji_search,0.7,,ID01717435,VALID,search score=0.7 | zhiji=锂：金属盐回收产量：中国（月）,锂：金属盐回收产量：中国（月）,zhiji_note,CLEAN,NO,NO,
THS-LI-3.2.2,LI,3.2.2,电池级碳酸锂开工率（%）,fuzzy_name,0.706,li_35_battery_lc_output,a12715549,FILLED,v1:fuzzy_name | fallback_variety=LI,电池级碳酸锂产量,indicators_v1[li_35_battery_lc_output],CLEAN,NO,NO,
THS-LI-3.2.2,LI,3.2.2,氢氧化锂开工率（%）,exact_name,1.0,li_35_util,a10167884,FILLED,v1:exact_name | fallback_variety=LI,氢氧化锂开工率,indicators_v1[li_35_util],CLEAN,NO,NO,
THS-LI-3.2.2,LI,3.2.2,国内锂盐产能利用率（%）,fuzzy_name,0.632,si_313_util_capacity,ID01445977,FILLED,v1:fuzzy_name | fallback_variety=SI,中国工业硅产能利用率,indicators_v1[si_313_util_capacity],CLEAN,NO,NO,
THS-LI-3.2.2,LI,3.2.2,盐湖提锂开工率（%）,fuzzy_name,0.615,li_32_output,a12723867,FILLED,v1:fuzzy_name | fallback_variety=LI,盐湖提锂产量,indicators_v1[li_32_output],CLEAN,NO,NO,
THS-LI-3.2.2,LI,3.2.2,锂云母精炼开工率（%）,fuzzy_name,0.706,li_35_util_2,a12715874,FILLED,v1:fuzzy_name | fallback_variety=LI,国内锂盐精炼开工率,indicators_v1[li_35_util_2],CLEAN,NO,NO,
THS-LI-3.2.2,LI,3.2.2,国内锂盐开工率（%）,fuzzy_name,0.875,li_35_util_2,a12715874,FILLED,v1:fuzzy_name | fallback_variety=LI,国内锂盐精炼开工率,indicators_v1[li_35_util_2],CLEAN,NO,NO,
THS-LI-3.2.2,LI,3.2.2,近3年同月均值（%）,zhiji_search,0.7,,ID00180030,VALID,search score=0.7 | zhiji=干胶：RSS3：近月合约：国际市场：市场价：新加坡（年）,干胶：RSS3：近月合约：国际市场：市场价：新加坡（年）,zhiji_note,CLEAN,NO,NO,
THS-LI-3.2.2,LI,3.2.2,近3年同月标准差（%）,zhiji_search,0.7,,CM00908664,VALID,search score=0.7 | zhiji=中国：3年期标准国开债远期合约：成交额（月）,中国：3年期标准国开债远期合约：成交额（月）,zhiji_note,CLEAN,NO,NO,
THS-LI-3.2.2,LI,3.2.2,近3年同月均值（万吨LCE）,zhiji_search,0.7,,ID00180030,VALID,search score=0.7 | zhiji=干胶：RSS3：近月合约：国际市场：市场价：新加坡（年）,干胶：RSS3：近月合约：国际市场：市场价：新加坡（年）,zhiji_note,CLEAN,NO,NO,
THS-LI-3.2.2,LI,3.2.2,近3年同月标准差（万吨LCE）,zhiji_search,0.7,,CM00908664,VALID,search score=0.7 | zhiji=中国：3年期标准国开债远期合约：成交额（月）,中国：3年期标准国开债远期合约：成交额（月）,zhiji_note,CLEAN,NO,NO,
THS-LI-3.2.2,LI,3.2.2,国内锂盐开工天数（天）,fuzzy_name,0.706,li_35_util_2,a12715874,FILLED,v1:fuzzy_name | fallback_variety=LI,国内锂盐精炼开工率,indicators_v1[li_35_util_2],CLEAN,NO,NO,
THS-LI-3.2.2,LI,3.2.2,国内锂盐产能（万吨LCE）,none,0.0,,,MISSING,no_match,,no_match,N/A,N/A,N/A,
THS-LI-3.2.3,LI,3.2.3,再生碳酸锂产量（万吨LCE）,fuzzy_name,0.667,wr122,ID01707134,FILLED,v1:fuzzy_name | fallback_variety=LI,碳酸锂 锂云母产量,indicators_v1[wr122],CLEAN,NO,NO,
THS-LI-3.2.3,LI,3.2.3,再生氢氧化锂产量（万吨LCE）,fuzzy_name,0.857,li_35_output,a10001934,FILLED,v1:fuzzy_name | fallback_variety=LI,氢氧化锂产量,indicators_v1[li_35_output],CLEAN,NO,NO,
THS-LI-3.2.3,LI,3.2.3,回收企业产量（万吨LCE）,none,0.0,,,MISSING,no_match,,no_match,N/A,N/A,N/A,
THS-LI-3.2.3,LI,3.2.3,回收企业产能（万吨LCE）,none,0.0,,,MISSING,no_match,,no_match,N/A,N/A,N/A,
THS-LI-3.2.3,LI,3.2.3,回收企业开工率（%）,fuzzy_name,0.6,开工率,a10001859,VALID,v1:fuzzy_name→LC | zhiji=None,None,zhiji_note,CLEAN,NO,NO,
THS-LI-3.2.3,LI,3.2.3,回收企业检修量（万吨LCE）,none,0.0,,,MISSING,no_match,,no_match,N/A,N/A,N/A,
THS-LI-3.2.3,LI,3.2.3,回收企业产能利用率（%）,fuzzy_name,0.632,si_313_util_capacity,ID01445977,FILLED,v1:fuzzy_name | fallback_variety=SI,中国工业硅产能利用率,indicators_v1[si_313_util_capacity],CLEAN,NO,NO,
THS-LI-3.2.3,LI,3.2.3,回收企业开工天数（天）,none,0.0,,,MISSING,no_match,,no_match,N/A,N/A,N/A,
THS-LI-3.2.3,LI,3.2.3,近3年同月均值（万吨LCE）,zhiji_search,0.7,,ID00180030,VALID,search score=0.7 | zhiji=干胶：RSS3：近月合约：国际市场：市场价：新加坡（年）,干胶：RSS3：近月合约：国际市场：市场价：新加坡（年）,zhiji_note,CLEAN,NO,NO,
THS-LI-3.2.3,LI,3.2.3,近3年同月标准差（万吨LCE）,zhiji_search,0.7,,CM00908664,VALID,search score=0.7 | zhiji=中国：3年期标准国开债远期合约：成交额（月）,中国：3年期标准国开债远期合约：成交额（月）,zhiji_note,CLEAN,NO,NO,
THS-LI-3.2.3,LI,3.2.3,近3年同月均值（%）,zhiji_search,0.7,,ID00180030,VALID,search score=0.7 | zhiji=干胶：RSS3：近月合约：国际市场：市场价：新加坡（年）,干胶：RSS3：近月合约：国际市场：市场价：新加坡（年）,zhiji_note,CLEAN,NO,NO,
THS-LI-3.2.3,LI,3.2.3,近3年同月标准差（%）,zhiji_search,0.7,,CM00908664,VALID,search score=0.7 | zhiji=中国：3年期标准国开债远期合约：成交额（月）,中国：3年期标准国开债远期合约：成交额（月）,zhiji_note,CLEAN,NO,NO,
THS-LI-3.2.4,LI,3.2.4,电池级碳酸锂冶炼利润（元/吨）,fuzzy_name,0.667,li_35_battery_lc_output,a12715549,FILLED,v1:fuzzy_name | fallback_variety=LI,电池级碳酸锂产量,indicators_v1[li_35_battery_lc_output],WARNING,NO,YES,BL-016
THS-LI-3.2.4,LI,3.2.4,工业级碳酸锂冶炼利润（元/吨）,fuzzy_name,0.706,si_25_profit_smelt_2,ID01528163,FILLED,v1:fuzzy_name | fallback_variety=SI,工业硅冶炼利润,indicators_v1[si_25_profit_smelt_2],CLEAN,NO,NO,
THS-LI-3.2.4,LI,3.2.4,氢氧化锂冶炼利润（元/吨）,exact_name,1.0,li_25_profit_smelt,a12763812,FILLED,v1:exact_name | fallback_variety=LI,氢氧化锂冶炼利润,indicators_v1[li_25_profit_smelt],CLEAN,NO,NO,
THS-LI-3.2.4,LI,3.2.4,碳酸锂冶炼利润（元/吨）,fuzzy_name,0.667,li_25_profit_smelt,a12763812,FILLED,v1:fuzzy_name | fallback_variety=LI,氢氧化锂冶炼利润,indicators_v1[li_25_profit_smelt],CLEAN,NO,NO,
THS-LI-3.2.4,LI,3.2.4,盐湖提锂冶炼利润（元/吨）,fuzzy_name,0.625,li_25_profit_smelt,a12763812,FILLED,v1:fuzzy_name | fallback_variety=LI,氢氧化锂冶炼利润,indicators_v1[li_25_profit_smelt],CLEAN,NO,NO,
THS-LI-3.2.4,LI,3.2.4,锂云母冶炼利润（元/吨）,fuzzy_name,0.667,li_25_profit_smelt,a12763812,FILLED,v1:fuzzy_name | fallback_variety=LI,氢氧化锂冶炼利润,indicators_v1[li_25_profit_smelt],CLEAN,NO,NO,
THS-LI-3.2.4,LI,3.2.4,锂辉石冶炼利润（元/吨）,fuzzy_name,0.667,li_25_profit_smelt,a12763812,FILLED,v1:fuzzy_name | fallback_variety=LI,氢氧化锂冶炼利润,indicators_v1[li_25_profit_smelt],CLEAN,NO,NO,
THS-LI-3.2.4,LI,3.2.4,锂矿TC（元/吨）,fuzzy_key,0.667,TC,ID01154994,FILLED,v1:fuzzy_key | fallback_variety=CU,TC加工费,indicators_v1[TC],CLEAN,NO,NO,
THS-LI-3.2.4,LI,3.2.4,近3年同月均值（元/吨）,zhiji_search,0.7,,ID00180030,VALID,search score=0.7 | zhiji=干胶：RSS3：近月合约：国际市场：市场价：新加坡（年）,干胶：RSS3：近月合约：国际市场：市场价：新加坡（年）,zhiji_note,CLEAN,NO,NO,
THS-LI-3.2.4,LI,3.2.4,近3年同月标准差（元/吨）,zhiji_search,0.7,,CM00908664,VALID,search score=0.7 | zhiji=中国：3年期标准国开债远期合约：成交额（月）,中国：3年期标准国开债远期合约：成交额（月）,zhiji_note,CLEAN,NO,NO,
THS-LI-3.2.4,LI,3.2.4,冶炼产能利用率（%）,fuzzy_name,0.588,si_313_util_capacity,ID01445977,FILLED,v1:fuzzy_name | fallback_variety=SI,中国工业硅产能利用率,indicators_v1[si_313_util_capacity],CLEAN,NO,NO,
THS-LI-3.2.4,LI,3.2.4,冶炼检修量（万吨LCE）,none,0.0,,,MISSING,no_match,,no_match,N/A,N/A,N/A,
THS-LI-3.2.4,LI,3.2.4,冶炼利润（元/吨）,fuzzy_name,0.727,si_25_profit_smelt_2,ID01528163,FILLED,v1:fuzzy_name | fallback_variety=SI,工业硅冶炼利润,indicators_v1[si_25_profit_smelt_2],CLEAN,NO,NO,
THS-LI-3.2.4,LI,3.2.4,冶炼产能（万吨LCE）,none,0.0,,,MISSING,no_match,,no_match,N/A,N/A,N/A,
THS-LI-4.1,LI,4.1,碳酸锂交易所库存（万吨LCE）,fuzzy_name,0.667,li_22_social_inv,a12795935,FILLED,v1:fuzzy_name | fallback_variety=LI,碳酸锂社会库存,indicators_v1[li_22_social_inv],CLEAN,NO,NO,
THS-LI-4.1,LI,4.1,氢氧化锂交易所库存（万吨LCE）,none,0.0,,,MISSING,no_match,,no_match,N/A,N/A,N/A,
THS-LI-4.1,LI,4.1,电池级碳酸锂交易所库存（万吨LCE）,fuzzy_name,0.632,li_35_battery_lc_output,a12715549,FILLED,v1:fuzzy_name | fallback_variety=LI,电池级碳酸锂产量,indicators_v1[li_35_battery_lc_output],CLEAN,NO,NO,
THS-LI-4.1,LI,4.1,工业级碳酸锂交易所库存（万吨LCE）,fuzzy_name,0.632,li_35_industrial_lc_output,a12715548,FILLED,v1:fuzzy_name | fallback_variety=LI,工业级碳酸锂产量,indicators_v1[li_35_industrial_lc_output],CLEAN,NO,NO,
THS-LI-4.1,LI,4.1,仓单数量（万吨LCE）,fuzzy_name,0.6,wr124,FU00058091,FILLED,v1:fuzzy_name | fallback_variety=LI,碳酸锂 仓单量,indicators_v1[wr124],CLEAN,NO,NO,
THS-LI-4.1,LI,4.1,注销仓单数量（万吨LCE）,fuzzy_name,0.615,pb_22_aux_7,FU00015208,FILLED,v1:fuzzy_name | fallback_variety=PB,注销仓单(日),indicators_v1[pb_22_aux_7],CLEAN,NO,NO,
THS-LI-4.1,LI,4.1,在途库存（万吨LCE）,fuzzy_name,0.667,wr152,ID02093014,FILLED,v1:fuzzy_name | fallback_variety=LI,锂矿 外采 在途库存,indicators_v1[wr152],CLEAN,NO,NO,
THS-LI-4.1,LI,4.1,隐性库存（万吨LCE）,zhiji_search,0.7,,ID00317750,VALID,search score=0.7 | zhiji=普钢：库存：日本（季）,普钢：库存：日本（季）,zhiji_note,CLEAN,NO,NO,
THS-LI-4.1,LI,4.1,近3年同月均值（万吨LCE）,zhiji_search,0.7,,ID00180030,VALID,search score=0.7 | zhiji=干胶：RSS3：近月合约：国际市场：市场价：新加坡（年）,干胶：RSS3：近月合约：国际市场：市场价：新加坡（年）,zhiji_note,CLEAN,NO,NO,
THS-LI-4.1,LI,4.1,近3年同月标准差（万吨LCE）,zhiji_search,0.7,,CM00908664,VALID,search score=0.7 | zhiji=中国：3年期标准国开债远期合约：成交额（月）,中国：3年期标准国开债远期合约：成交额（月）,zhiji_note,CLEAN,NO,NO,
THS-LI-4.2,LI,4.2,碳酸锂仓单数量（万吨LCE）,fuzzy_name,0.923,wr124,FU00058091,FILLED,v1:fuzzy_name | fallback_variety=LI,碳酸锂 仓单量,indicators_v1[wr124],CLEAN,NO,NO,
THS-LI-4.2,LI,4.2,氢氧化锂仓单数量（万吨LCE）,fuzzy_name,0.714,li_35_output,a10001934,FILLED,v1:fuzzy_name | fallback_variety=LI,氢氧化锂产量,indicators_v1[li_35_output],CLEAN,NO,NO,
THS-LI-4.2,LI,4.2,电池级碳酸锂仓单数量（万吨LCE）,fuzzy_name,0.778,li_35_battery_lc_output,a12715549,FILLED,v1:fuzzy_name | fallback_variety=LI,电池级碳酸锂产量,indicators_v1[li_35_battery_lc_output],CLEAN,NO,NO,
THS-LI-4.2,LI,4.2,工业级碳酸锂仓单数量（万吨LCE）,fuzzy_name,0.778,li_35_industrial_lc_output,a12715548,FILLED,v1:fuzzy_name | fallback_variety=LI,工业级碳酸锂产量,indicators_v1[li_35_industrial_lc_output],CLEAN,NO,NO,
THS-LI-4.2,LI,4.2,注销仓单数量（万吨LCE）,fuzzy_name,0.615,pb_22_aux_7,FU00015208,FILLED,v1:fuzzy_name | fallback_variety=PB,注销仓单(日),indicators_v1[pb_22_aux_7],CLEAN,NO,NO,
THS-LI-4.2,LI,4.2,仓单数量（万吨LCE）,fuzzy_name,0.6,wr124,FU00058091,FILLED,v1:fuzzy_name | fallback_variety=LI,碳酸锂 仓单量,indicators_v1[wr124],CLEAN,NO,NO,
THS-LI-4.2,LI,4.2,仓单注销占比（%）,fuzzy_name,0.615,pb_41_aux_8,FU00023838,FILLED,v1:fuzzy_name | fallback_variety=PB,注销占比(日),indicators_v1[pb_41_aux_8],CLEAN,NO,NO,
THS-LI-4.2,LI,4.2,近3年同月均值（万吨LCE）,zhiji_search,0.7,,ID00180030,VALID,search score=0.7 | zhiji=干胶：RSS3：近月合约：国际市场：市场价：新加坡（年）,干胶：RSS3：近月合约：国际市场：市场价：新加坡（年）,zhiji_note,CLEAN,NO,NO,
THS-LI-4.2,LI,4.2,近3年同月标准差（万吨LCE）,zhiji_search,0.7,,CM00908664,VALID,search score=0.7 | zhiji=中国：3年期标准国开债远期合约：成交额（月）,中国：3年期标准国开债远期合约：成交额（月）,zhiji_note,CLEAN,NO,NO,
THS-LI-4.2,LI,4.2,仓单库存天数（天）,none,0.0,,,MISSING,no_match,,no_match,N/A,N/A,N/A,
THS-LI-4.2,LI,4.2,碳酸锂交易所库存（万吨LCE）,fuzzy_name,0.667,li_22_social_inv,a12795935,FILLED,v1:fuzzy_name | fallback_variety=LI,碳酸锂社会库存,indicators_v1[li_22_social_inv],CLEAN,NO,NO,
THS-LI-4.3,LI,4.3,碳酸锂社会库存（万吨LCE）,exact_name,1.0,li_22_social_inv,a12795935,FILLED,v1:exact_name | fallback_variety=LI,碳酸锂社会库存,indicators_v1[li_22_social_inv],CLEAN,NO,NO,
THS-LI-4.3,LI,4.3,氢氧化锂社会库存（万吨LCE）,fuzzy_name,0.667,社库,ID01002500,INVALID,v1:fuzzy_name→LC | meta_err:HTTP 500,社会库存,indicators_v1[社库],CLEAN,NO,NO,
THS-LI-4.3,LI,4.3,电池级碳酸锂社会库存（万吨LCE）,fuzzy_name,0.824,li_22_social_inv,a12795935,FILLED,v1:fuzzy_name | fallback_variety=LI,碳酸锂社会库存,indicators_v1[li_22_social_inv],CLEAN,NO,NO,
THS-LI-4.3,LI,4.3,工业级碳酸锂社会库存（万吨LCE）,fuzzy_name,0.824,li_22_social_inv,a12795935,FILLED,v1:fuzzy_name | fallback_variety=LI,碳酸锂社会库存,indicators_v1[li_22_social_inv],CLEAN,NO,NO,
THS-LI-4.3,LI,4.3,厂内库存（万吨LCE）,fuzzy_name,0.667,wr151,ID02069945,FILLED,v1:fuzzy_name | fallback_variety=LI,锂矿 外采 厂内库存,indicators_v1[wr151],CLEAN,NO,NO,
THS-LI-4.3,LI,4.3,在途库存（万吨LCE）,fuzzy_name,0.667,wr152,ID02093014,FILLED,v1:fuzzy_name | fallback_variety=LI,锂矿 外采 在途库存,indicators_v1[wr152],CLEAN,NO,NO,
THS-LI-4.3,LI,4.3,隐性库存（万吨LCE）,zhiji_search,0.7,,ID00317750,VALID,search score=0.7 | zhiji=普钢：库存：日本（季）,普钢：库存：日本（季）,zhiji_note,CLEAN,NO,NO,
THS-LI-4.3,LI,4.3,近3年同月均值（万吨LCE）,zhiji_search,0.7,,ID00180030,VALID,search score=0.7 | zhiji=干胶：RSS3：近月合约：国际市场：市场价：新加坡（年）,干胶：RSS3：近月合约：国际市场：市场价：新加坡（年）,zhiji_note,CLEAN,NO,NO,
THS-LI-4.3,LI,4.3,近3年同月标准差（万吨LCE）,zhiji_search,0.7,,CM00908664,VALID,search score=0.7 | zhiji=中国：3年期标准国开债远期合约：成交额（月）,中国：3年期标准国开债远期合约：成交额（月）,zhiji_note,CLEAN,NO,NO,
THS-LI-4.3,LI,4.3,库存天数（天）,fuzzy_name,0.615,li_44_inv,a12805120,FILLED,v1:fuzzy_name | fallback_variety=LI,碳酸锂工厂库存天数,indicators_v1[li_44_inv],WARNING,NO,YES,BL-012
THS-LI-4.4,LI,4.4,碳酸锂工厂库存（万吨LCE）,exact_name,1.0,wr130,ID01865189,FILLED,v1:exact_name | fallback_variety=LI,碳酸锂 工厂库存,indicators_v1[wr130],CLEAN,NO,NO,
THS-LI-4.4,LI,4.4,氢氧化锂工厂库存（万吨LCE）,fuzzy_name,0.667,wr130,ID01865189,FILLED,v1:fuzzy_name | fallback_variety=LI,碳酸锂 工厂库存,indicators_v1[wr130],CLEAN,NO,NO,
THS-LI-4.4,LI,4.4,电池级碳酸锂工厂库存（万吨LCE）,fuzzy_name,0.824,wr130,ID01865189,FILLED,v1:fuzzy_name | fallback_variety=LI,碳酸锂 工厂库存,indicators_v1[wr130],CLEAN,NO,NO,
THS-LI-4.4,LI,4.4,工业级碳酸锂工厂库存（万吨LCE）,fuzzy_name,0.824,wr130,ID01865189,FILLED,v1:fuzzy_name | fallback_variety=LI,碳酸锂 工厂库存,indicators_v1[wr130],CLEAN,NO,NO,
THS-LI-4.4,LI,4.4,厂内库存天数（天）,fuzzy_name,0.667,li_44_inv,a12805120,FILLED,v1:fuzzy_name | fallback_variety=LI,碳酸锂工厂库存天数,indicators_v1[li_44_inv],WARNING,NO,YES,BL-012
THS-LI-4.4,LI,4.4,近3年同月均值（万吨LCE）,zhiji_search,0.7,,ID00180030,VALID,search score=0.7 | zhiji=干胶：RSS3：近月合约：国际市场：市场价：新加坡（年）,干胶：RSS3：近月合约：国际市场：市场价：新加坡（年）,zhiji_note,CLEAN,NO,NO,
THS-LI-4.4,LI,4.4,近3年同月标准差（万吨LCE）,zhiji_search,0.7,,CM00908664,VALID,search score=0.7 | zhiji=中国：3年期标准国开债远期合约：成交额（月）,中国：3年期标准国开债远期合约：成交额（月）,zhiji_note,CLEAN,NO,NO,
THS-LI-4.4,LI,4.4,厂内库存分地区（万吨LCE）,none,0.0,,,MISSING,no_match,,no_match,N/A,N/A,N/A,
THS-LI-4.4,LI,4.4,厂内库存持有者（万吨LCE）,none,0.0,,,MISSING,no_match,,no_match,N/A,N/A,N/A,
THS-LI-4.4,LI,4.4,厂内库存在途量（万吨LCE）,fuzzy_name,0.571,li_44_inv_smelt,a10097626,FILLED,v1:fuzzy_name | fallback_variety=LI,冶炼厂库存总量,indicators_v1[li_44_inv_smelt],CLEAN,NO,NO,
THS-NI-2.1,NI,2.1,沪镍主力合约收盘价（元/吨）,fuzzy_name,0.737,wr115,FU00050085,FILLED,v1:fuzzy_name | fallback_variety=LI,碳酸锂 主力合约 收盘价,indicators_v1[wr115],CLEAN,NO,NO,
THS-NI-2.1,NI,2.1,沪镍主力合约成交量（手）,fuzzy_name,0.737,si_21_volume_front,a10154413,FILLED,v1:fuzzy_name | fallback_variety=SI,工业硅主力合约成交量,indicators_v1[si_21_volume_front],CLEAN,NO,NO,
THS-NI-2.1,NI,2.1,沪镍主力合约持仓量（手）,fuzzy_name,0.737,si_21_openinterest_front,a10154412,FILLED,v1:fuzzy_name | fallback_variety=SI,工业硅主力合约持仓量,indicators_v1[si_21_openinterest_front],CLEAN,NO,NO,
THS-NI-2.1,NI,2.1,前20名多头持仓量,fuzzy_name,0.706,li_26_openinterest_top20_short_2,FU00058209,FILLED,v1:fuzzy_name | fallback_variety=LI,空头前20持仓量,indicators_v1[li_26_openinterest_top20_short_2],CLEAN,NO,NO,
THS-NI-2.1,NI,2.1,前20名空头持仓量,fuzzy_name,0.706,li_26_openinterest_top20_short_2,FU00058209,FILLED,v1:fuzzy_name | fallback_variety=LI,空头前20持仓量,indicators_v1[li_26_openinterest_top20_short_2],CLEAN,NO,NO,
THS-NI-2.1,NI,2.1,沪镍近月合约价格,fuzzy_name,0.667,li_24_close_near_2,a12841695,FILLED,v1:fuzzy_name | fallback_variety=LI,近月合约收盘价,indicators_v1[li_24_close_near_2],CLEAN,NO,NO,
THS-NI-2.1,NI,2.1,沪镍远月合约价格,none,0.0,,,MISSING,no_match,,no_match,N/A,N/A,N/A,
THS-NI-2.1,NI,2.1,月差（近月-远月）,none,0.0,,,MISSING,no_match,,no_match,N/A,N/A,N/A,
THS-NI-2.1,NI,2.1,镍现货升贴水（元/吨）,fuzzy_name,0.588,li_22_premium_battery_lc,a12751985,FILLED,v1:fuzzy_name | fallback_variety=LI,电池级碳酸锂现货升贴水,indicators_v1[li_22_premium_battery_lc],CLEAN,NO,NO,
THS-NI-2.1,NI,2.1,镍期货仓单数量（吨）,zhiji_search,0.7,,FU00017220,VALID,search score=0.7 | zhiji=CZCE：苹果：仓单数量（日）,CZCE：苹果：仓单数量（日）,zhiji_note,CLEAN,NO,NO,
THS-NI-2.1,NI,2.1,仓单注册量变化（吨）,zhiji_search,0.7,,GM00192208,VALID,search score=0.7 | zhiji=老挝：货车：注册量（年）,老挝：货车：注册量（年）,zhiji_note,CLEAN,NO,NO,
THS-NI-2.1,NI,2.1,沪镍主力合约价格（元/吨）,fuzzy_name,0.556,wr115,FU00050085,FILLED,v1:fuzzy_name | fallback_variety=LI,碳酸锂 主力合约 收盘价,indicators_v1[wr115],CLEAN,NO,NO,
THS-NI-2.1,NI,2.1,LME镍现货价格（美元/吨）,fuzzy_name,0.706,j23_lme_cash,a10193708,FILLED,v1:fuzzy_name | fallback_variety=PB,LME 铅现货结算价,indicators_v1[j23_lme_cash],CLEAN,NO,NO,
THS-NI-2.1,NI,2.1,汇率（USD/CNY）,zhiji_search,0.7,,CM00904695,VALID,search score=0.7 | zhiji=汇率：即期汇率：美元兑人民币（离岸人民币）（日）,汇率：即期汇率：美元兑人民币（离岸人民币）（日）,zhiji_note,CLEAN,NO,NO,
THS-NI-2.1,NI,2.1,沪镍前20名期货公司席位成交量（手）,none,0.0,,,MISSING,no_match,,no_match,N/A,N/A,N/A,
THS-NI-2.1,NI,2.1,近1年持仓量分位（%）,none,0.0,,,MISSING,no_match,,no_match,N/A,N/A,N/A,
THS-NI-2.1,NI,2.1,沪镍主力合约收盘价、沪镍主力合约成交量,none,0.0,,,MISSING,no_match,,no_match,N/A,N/A,N/A,
THS-NI-2.1,NI,2.1,沪镍主力合约持仓量、前20名多头持仓量、前20名空头持仓量,none,0.0,,,MISSING,no_match,,no_match,N/A,N/A,N/A,
THS-NI-2.1,NI,2.1,沪镍近月合约价格、沪镍远月合约价格、月差（近月-远月）,none,0.0,,,MISSING,no_match,,no_match,N/A,N/A,N/A,
THS-NI-2.1,NI,2.1,沪镍近月合约价格、沪镍远月合约价格、月差,none,0.0,,,MISSING,no_match,,no_match,N/A,N/A,N/A,
THS-NI-2.1,NI,2.1,镍现货升贴水（元/吨）、沪镍主力合约收盘价（元/吨）,fuzzy_name,0.571,li_21_close_front_futures,a10172975,FILLED,v1:fuzzy_name | fallback_variety=LI,碳酸锂期货主力合约收盘价,indicators_v1[li_21_close_front_futures],CLEAN,NO,NO,
THS-NI-2.1,NI,2.1,SMM1#电解镍升贴水,zhiji_search,0.7,,ID00302593,VALID,search score=0.7 | zhiji=电解镍：Ni≥99.96%：甘肃产：升贴水：中国：金川（日）,电解镍：Ni≥99.96%：甘肃产：升贴水：中国：金川（日）,zhiji_note,CLEAN,NO,NO,
THS-NI-2.1,NI,2.1,镍现货升贴水,fuzzy_name,0.588,li_22_premium_battery_lc,a12751985,FILLED,v1:fuzzy_name | fallback_variety=LI,电池级碳酸锂现货升贴水,indicators_v1[li_22_premium_battery_lc],CLEAN,NO,NO,
THS-NI-2.1,NI,2.1,镍期货仓单数量（吨）、仓单注册量变化（吨）,none,0.0,,,MISSING,no_match,,no_match,N/A,N/A,N/A,
THS-NI-2.1,NI,2.1,沪镍期货仓单数量、仓单注册量变化,none,0.0,,,MISSING,no_match,,no_match,N/A,N/A,N/A,
THS-NI-2.2,NI,2.2,镍现货升贴水（元/吨）,fuzzy_name,0.588,li_22_premium_battery_lc,a12751985,FILLED,v1:fuzzy_name | fallback_variety=LI,电池级碳酸锂现货升贴水,indicators_v1[li_22_premium_battery_lc],CLEAN,NO,NO,
THS-NI-2.2,NI,2.2,沪镍主力合约收盘价（元/吨）,fuzzy_name,0.737,wr115,FU00050085,FILLED,v1:fuzzy_name | fallback_variety=LI,碳酸锂 主力合约 收盘价,indicators_v1[wr115],CLEAN,NO,NO,
THS-NI-2.2,NI,2.2,镍现货价格（元/吨）,fuzzy_name,0.6,li_73_spot_fwd_3,ID02194392,FILLED,v1:fuzzy_name | fallback_variety=LI,远期现货价,indicators_v1[li_73_spot_fwd_3],CLEAN,NO,NO,
THS-NI-2.2,NI,2.2,基差（现货-期货,none,0.0,,,MISSING,no_match,,no_match,N/A,N/A,N/A,
THS-NI-2.2,NI,2.2,元/吨）,zhiji_search,0.7,,ID01214586,VALID,search score=0.7 | zhiji=干胶：STR20：生产毛利：泰国：元/吨（日）,干胶：STR20：生产毛利：泰国：元/吨（日）,zhiji_note,CLEAN,NO,NO,
THS-NI-2.2,NI,2.2,电解镍现货价格（元/吨）,fuzzy_name,0.588,wr114,ID01551919,FILLED,v1:fuzzy_name | fallback_variety=LI,电池级碳酸锂 现货价格,indicators_v1[wr114],CLEAN,NO,NO,
THS-NI-2.2,NI,2.2,镍生铁NPI现货价格（元/吨）,zhiji_search,0.7,,ID01294972,VALID,search score=0.7 | zhiji=镍生铁：13%＞Ni＞10%：印尼产：远期现货价格：中国主要港口（日）,镍生铁：13%＞Ni＞10%：印尼产：远期现货价格：中国主要港口（日）,zhiji_note,CLEAN,NO,NO,
THS-NI-2.2,NI,2.2,高冰镍现货价格（元/吨）,zhiji_search,0.7,,ID02433774,VALID,search score=0.7 | zhiji=高冰镍：Ni≥65%，Co≥1%：钴远期现货价格：中国主要港口（日）,高冰镍：Ni≥65%，Co≥1%：钴远期现货价格：中国主要港口（日）,zhiji_note,CLEAN,NO,NO,
THS-NI-2.2,NI,2.2,沪镍主力合约价格（元/吨）,fuzzy_name,0.556,wr115,FU00050085,FILLED,v1:fuzzy_name | fallback_variety=LI,碳酸锂 主力合约 收盘价,indicators_v1[wr115],CLEAN,NO,NO,
THS-NI-2.2,NI,2.2,LME镍现货价格（美元/吨）,fuzzy_name,0.706,j23_lme_cash,a10193708,FILLED,v1:fuzzy_name | fallback_variety=PB,LME 铅现货结算价,indicators_v1[j23_lme_cash],CLEAN,NO,NO,
THS-NI-2.2,NI,2.2,汇率（USD/CNY）,zhiji_search,0.7,,CM00904695,VALID,search score=0.7 | zhiji=汇率：即期汇率：美元兑人民币（离岸人民币）（日）,汇率：即期汇率：美元兑人民币（离岸人民币）（日）,zhiji_note,CLEAN,NO,NO,
THS-NI-2.2,NI,2.2,进口费用（元/吨）,zhiji_search,0.7,,ID02302434,VALID,search score=0.7 | zhiji=锑矿石和精矿：一般进口费用：印度→美国（月）,锑矿石和精矿：一般进口费用：印度→美国（月）,zhiji_note,CLEAN,NO,NO,
THS-NI-2.2,NI,2.2,镍期货仓单数量（吨）,zhiji_search,0.7,,FU00017220,VALID,search score=0.7 | zhiji=CZCE：苹果：仓单数量（日）,CZCE：苹果：仓单数量（日）,zhiji_note,CLEAN,NO,NO,
THS-NI-2.2,NI,2.2,仓单注册量变化（吨）,zhiji_search,0.7,,GM00192208,VALID,search score=0.7 | zhiji=老挝：货车：注册量（年）,老挝：货车：注册量（年）,zhiji_note,CLEAN,NO,NO,
THS-NI-2.2,NI,2.2,近1年升贴水分位（%）,none,0.0,,,MISSING,no_match,,no_match,N/A,N/A,N/A,
THS-NI-2.2,NI,2.2,价差（电解镍-NPI,none,0.0,,,MISSING,no_match,,no_match,N/A,N/A,N/A,
THS-NI-2.2,NI,2.2,近3年同月升贴水均值（元/吨）,zhiji_search,0.7,,ID01207369,VALID,search score=0.7 | zhiji=大豆：巴西产：CNF升贴水：3月交货（日）,大豆：巴西产：CNF升贴水：3月交货（日）,zhiji_note,CLEAN,NO,NO,
THS-NI-2.2,NI,2.2,近3年同月升贴水标准差（元/吨）,zhiji_search,0.7,,ID01207369,VALID,search score=0.7 | zhiji=大豆：巴西产：CNF升贴水：3月交货（日）,大豆：巴西产：CNF升贴水：3月交货（日）,zhiji_note,CLEAN,NO,NO,
THS-NI-2.2,NI,2.2,镍现货升贴水（元/吨）、沪镍主力合约收盘价（元/吨）,fuzzy_name,0.571,li_21_close_front_futures,a10172975,FILLED,v1:fuzzy_name | fallback_variety=LI,碳酸锂期货主力合约收盘价,indicators_v1[li_21_close_front_futures],CLEAN,NO,NO,
THS-NI-2.2,NI,2.2,SMM1#电解镍升贴水,zhiji_search,0.7,,ID00302593,VALID,search score=0.7 | zhiji=电解镍：Ni≥99.96%：甘肃产：升贴水：中国：金川（日）,电解镍：Ni≥99.96%：甘肃产：升贴水：中国：金川（日）,zhiji_note,CLEAN,NO,NO,
THS-NI-2.2,NI,2.2,镍现货升贴水,fuzzy_name,0.588,li_22_premium_battery_lc,a12751985,FILLED,v1:fuzzy_name | fallback_variety=LI,电池级碳酸锂现货升贴水,indicators_v1[li_22_premium_battery_lc],CLEAN,NO,NO,
THS-NI-2.2,NI,2.2,SMM1#电解镍基差,zhiji_search,0.7,,FU00024318,VALID,search score=0.7 | zhiji=SHFE：镍：基差（日）,SHFE：镍：基差（日）,zhiji_note,CLEAN,NO,NO,
THS-NI-2.2,NI,2.2,镍基差,zhiji_search,0.7,,FU00024318,VALID,search score=0.7 | zhiji=SHFE：镍：基差（日）,SHFE：镍：基差（日）,zhiji_note,CLEAN,NO,NO,
THS-NI-2.2,NI,2.2,电解镍现货价格（元/吨）、镍生铁NPI现货价格（元/吨）、高冰镍现货价格（元/吨）,zhiji_search,0.7,,ID01532829,VALID,search score=0.7 | zhiji=高冰镍：Ni≥65%，Co≥1%：镍远期现货价格：中国主要港口（日）,高冰镍：Ni≥65%，Co≥1%：镍远期现货价格：中国主要港口（日）,zhiji_note,CLEAN,NO,NO,
THS-NI-2.2,NI,2.2,SMM1#电解镍价格、SMM8-12%高镍生铁价格、SMM高冰镍价格,zhiji_search,0.7,,ID00185673,VALID,search score=0.7 | zhiji=电解镍：1#：汇总价格：上海（日）,电解镍：1#：汇总价格：上海（日）,zhiji_note,CLEAN,NO,NO,
THS-NI-2.2,NI,2.2,电解镍现货价格、镍生铁NPI现货价格、高冰镍现货价格,zhiji_search,0.7,,ID01532829,VALID,search score=0.7 | zhiji=高冰镍：Ni≥65%，Co≥1%：镍远期现货价格：中国主要港口（日）,高冰镍：Ni≥65%，Co≥1%：镍远期现货价格：中国主要港口（日）,zhiji_note,CLEAN,NO,NO,
THS-NI-2.2,NI,2.2,沪镍主力合约价格（元/吨）、LME镍现货价格（美元/吨）、汇率（USD/CNY）、进口费用（元/吨）,none,0.0,,,MISSING,no_match,,no_match,N/A,N/A,N/A,
THS-NI-2.2,NI,2.2,镍进口盈亏,fuzzy_name,0.667,ni_62_import,ID00408378,VALID,v1:fuzzy_name→NI | zhiji=镍豆：进口盈亏（日）,镍豆：进口盈亏（日）,zhiji_note,CLEAN,NO,NO,
THS-NI-2.2,NI,2.2,LME镍现货价格（美元/吨）、LME镍3个月期货价格（美元/吨）、升贴水（美元/吨）,zhiji_search,0.7,,ID00265478,VALID,search score=0.7 | zhiji=LME：电解镍：调期费：3个月合约（日）,LME：电解镍：调期费：3个月合约（日）,zhiji_note,CLEAN,NO,NO,
THS-NI-2.2,NI,2.2,LME镍0-3升贴水,fuzzy_name,0.857,j23_lme_0to3,a10021406,FILLED,v1:fuzzy_name | fallback_variety=PB,LME 铅0-3月升贴水,indicators_v1[j23_lme_0to3],CLEAN,NO,NO,
THS-NI-2.2,NI,2.2,LME Cash-3M spread,fuzzy_key,0.562,al_24_lme_spread,FU00014308,FILLED,v1:fuzzy_key | fallback_variety=AL,LME：铝：3个月合约：结算价（日）· 月差参考锚,indicators_v1[al_24_lme_spread],CLEAN,NO,NO,
THS-NI-2.3,NI,2.3,LME镍主力合约收盘价（美元/吨）,fuzzy_name,0.667,wr115,FU00050085,FILLED,v1:fuzzy_name | fallback_variety=LI,碳酸锂 主力合约 收盘价,indicators_v1[wr115],CLEAN,NO,NO,
THS-NI-2.3,NI,2.3,LME镍主力合约持仓量（手）,fuzzy_name,0.667,si_21_openinterest_front,a10154412,FILLED,v1:fuzzy_name | fallback_variety=SI,工业硅主力合约持仓量,indicators_v1[si_21_openinterest_front],CLEAN,NO,NO,
THS-NI-2.3,NI,2.3,沪镍主力合约价格（元/吨）,fuzzy_name,0.556,wr115,FU00050085,FILLED,v1:fuzzy_name | fallback_variety=LI,碳酸锂 主力合约 收盘价,indicators_v1[wr115],CLEAN,NO,NO,
THS-NI-2.3,NI,2.3,LME镍现货价格（美元/吨）,fuzzy_name,0.706,j23_lme_cash,a10193708,FILLED,v1:fuzzy_name | fallback_variety=PB,LME 铅现货结算价,indicators_v1[j23_lme_cash],CLEAN,NO,NO,
THS-NI-2.3,NI,2.3,汇率（USD/CNY）,zhiji_search,0.7,,CM00904695,VALID,search score=0.7 | zhiji=汇率：即期汇率：美元兑人民币（离岸人民币）（日）,汇率：即期汇率：美元兑人民币（离岸人民币）（日）,zhiji_note,CLEAN,NO,NO,
THS-NI-2.3,NI,2.3,LME镍仓单数量（吨）,fuzzy_name,0.625,i7,a10193711,FILLED,v1:fuzzy_name | fallback_variety=PB,LME铅注销仓单,indicators_v1[i7],CLEAN,NO,NO,
THS-NI-2.3,NI,2.3,LME镍仓单注册量变化（吨）,zhiji_search,0.7,,FU00014817,VALID,search score=0.7 | zhiji=LME：镍：注册仓单（日）,LME：镍：注册仓单（日）,zhiji_note,CLEAN,NO,NO,
THS-NI-2.3,NI,2.3,LME镍近月合约价格（美元/吨）,fuzzy_name,0.588,li_24_close_near_2,a12841695,FILLED,v1:fuzzy_name | fallback_variety=LI,近月合约收盘价,indicators_v1[li_24_close_near_2],CLEAN,NO,NO,
THS-NI-2.3,NI,2.3,LME镍远月合约价格（美元/吨）,fuzzy_name,0.556,wr167,a10147859,FILLED,v1:fuzzy_name | fallback_variety=SN,LME官方三月价,indicators_v1[wr167],CLEAN,NO,NO,
THS-NI-2.3,NI,2.3,月差（近月-远月,zhiji_search,0.7,,ID01238061,VALID,search score=0.7 | zhiji=压榨厂：豆粕：远月成交量：中国（日）,压榨厂：豆粕：远月成交量：中国（日）,zhiji_note,CLEAN,NO,NO,
THS-NI-2.3,NI,2.3,美元/吨）,zhiji_search,0.7,,ID01734357,VALID,search score=0.7 | zhiji=餐厨废油：国际市场：DAP价：中国（美元/吨）（日）,餐厨废油：国际市场：DAP价：中国（美元/吨）（日）,zhiji_note,CLEAN,NO,NO,
THS-NI-2.3,NI,2.3,COMEX镍期货收盘价（美元/磅）,zhiji_search,0.7,,FU00107723,VALID,search score=0.7 | zhiji=上期所镍期货价格指数：收盘价（日）,上期所镍期货价格指数：收盘价（日）,zhiji_note,CLEAN,NO,NO,
THS-NI-2.3,NI,2.3,COMEX镍持仓量（手）,fuzzy_name,0.571,cu_23_comex_openinterest,FU00015536,FILLED,v1:fuzzy_name | fallback_variety=CU,COMEX：铜：主力合约：持仓量（日）,indicators_v1[cu_23_comex_openinterest],P0_CONFLICT,YES,NO,BL-022
THS-NI-2.3,NI,2.3,LME镍现金价格（美元/吨）,fuzzy_name,0.588,j23_lme_cash,a10193708,FILLED,v1:fuzzy_name | fallback_variety=PB,LME 铅现货结算价,indicators_v1[j23_lme_cash],CLEAN,NO,NO,
THS-NI-2.3,NI,2.3,LME镍3个月期货价格（美元/吨）,zhiji_search,0.7,,FU00014809,VALID,search score=0.7 | zhiji=LME：镍：3个月合约：成交量（日）,LME：镍：3个月合约：成交量（日）,zhiji_note,CLEAN,NO,NO,
THS-NI-2.3,NI,2.3,现金-3个月月差（美元/吨）,none,0.0,,,MISSING,no_match,,no_match,N/A,N/A,N/A,
THS-NI-2.3,NI,2.3,进口费用（元/吨）,zhiji_search,0.7,,ID02302434,VALID,search score=0.7 | zhiji=锑矿石和精矿：一般进口费用：印度→美国（月）,锑矿石和精矿：一般进口费用：印度→美国（月）,zhiji_note,CLEAN,NO,NO,
THS-NI-2.3,NI,2.3,升贴水（美元/吨）,fuzzy_name,0.6,wr169,ID01668719,FILLED,v1:fuzzy_name | fallback_variety=SN,国内品牌升贴水,indicators_v1[wr169],CLEAN,NO,NO,
THS-NI-2.3,NI,2.3,LME镍主力合约收盘价（美元/吨）、LME镍主力合约持仓量（手）,zhiji_search,0.7,,FU00014997,VALID,search score=0.7 | zhiji=SHFE：镍：主力合约：收盘价（日）,SHFE：镍：主力合约：收盘价（日）,zhiji_note,CLEAN,NO,NO,
THS-NI-2.3,NI,2.3,LME镍主力合约收盘价、LME镍主力合约持仓量,zhiji_search,0.7,,FU00014997,VALID,search score=0.7 | zhiji=SHFE：镍：主力合约：收盘价（日）,SHFE：镍：主力合约：收盘价（日）,zhiji_note,CLEAN,NO,NO,
THS-NI-2.3,NI,2.3,沪镍主力合约价格（元/吨）、LME镍现货价格（美元/吨）、汇率（USD/CNY）,none,0.0,,,MISSING,no_match,,no_match,N/A,N/A,N/A,
THS-NI-2.3,NI,2.3,沪伦镍比价,fuzzy_name,0.667,wr173,ID01895225,FILLED,v1:fuzzy_name | fallback_variety=SN,锡沪伦比,indicators_v1[wr173],CLEAN,NO,NO,
THS-NI-2.3,NI,2.3,LME镍仓单数量（吨）、LME镍仓单注册量变化（吨）,zhiji_search,0.7,,FU00014817,VALID,search score=0.7 | zhiji=LME：镍：注册仓单（日）,LME：镍：注册仓单（日）,zhiji_note,CLEAN,NO,NO,
THS-NI-2.3,NI,2.3,LME镍仓单数量、LME镍仓单注册量变化,zhiji_search,0.7,,FU00014817,VALID,search score=0.7 | zhiji=LME：镍：注册仓单（日）,LME：镍：注册仓单（日）,zhiji_note,CLEAN,NO,NO,
THS-NI-2.3,NI,2.3,LME warranted stocks,fuzzy_key,0.588,al_3_lme_warrant,FU00014315,FILLED,v1:fuzzy_key | fallback_variety=al,LME：铝：注册仓单（日）,indicators_v1[al_3_lme_warrant],CLEAN,NO,NO,
THS-NI-2.3,NI,2.3,LME镍月差,fuzzy_name,0.667,wr260,a12764445,VALID,v1:fuzzy_name→NI | zhiji=None,None,zhiji_note,CLEAN,NO,NO,
THS-NI-2.3,NI,2.3,LME镍现金价格（美元/吨）、LME镍3个月期货价格（美元/吨）、现金-3个月月差（美元/吨）,zhiji_search,0.7,,ID00303182,VALID,search score=0.7 | zhiji=LME：铜：期货价格：全球（月）,LME：铜：期货价格：全球（月）,zhiji_note,P0_CONFLICT,YES,NO,BL-022
THS-NI-2.3,NI,2.3,LME镍现金-3个月月差,zhiji_search,0.7,,FU00014816,VALID,search score=0.7 | zhiji=LME：镍：3个月合约：持仓量（日）,LME：镍：3个月合约：持仓量（日）,zhiji_note,CLEAN,NO,NO,
THS-NI-2.3,NI,2.3,LME Cash-3M spread,fuzzy_key,0.562,al_24_lme_spread,FU00014308,FILLED,v1:fuzzy_key | fallback_variety=AL,LME：铝：3个月合约：结算价（日）· 月差参考锚,indicators_v1[al_24_lme_spread],CLEAN,NO,NO,
THS-NI-2.3,NI,2.3,LME镍仓单数量（吨）、LME镍月差（美元/吨）,zhiji_search,0.7,,FU00103606,VALID,search score=0.7 | zhiji=LME：镍：非仓单库存：欧洲（月）,LME：镍：非仓单库存：欧洲（月）,zhiji_note,CLEAN,NO,NO,
THS-NI-2.3,NI,2.3,LME镍仓单数量、LME镍月差,zhiji_search,0.7,,FU00103606,VALID,search score=0.7 | zhiji=LME：镍：非仓单库存：欧洲（月）,LME：镍：非仓单库存：欧洲（月）,zhiji_note,CLEAN,NO,NO,
THS-NI-2.4,NI,2.4,沪镍近月合约价格（元/吨）,fuzzy_name,0.667,li_24_close_near_2,a12841695,FILLED,v1:fuzzy_name | fallback_variety=LI,近月合约收盘价,indicators_v1[li_24_close_near_2],CLEAN,NO,NO,
THS-NI-2.4,NI,2.4,沪镍远月合约价格（元/吨）,none,0.0,,,MISSING,no_match,,no_match,N/A,N/A,N/A,
THS-NI-2.4,NI,2.4,月差（近月-远月,zhiji_search,0.7,,ID01238061,VALID,search score=0.7 | zhiji=压榨厂：豆粕：远月成交量：中国（日）,压榨厂：豆粕：远月成交量：中国（日）,zhiji_note,CLEAN,NO,NO,
THS-NI-2.4,NI,2.4,元/吨）,zhiji_search,0.7,,ID01214586,VALID,search score=0.7 | zhiji=干胶：STR20：生产毛利：泰国：元/吨（日）,干胶：STR20：生产毛利：泰国：元/吨（日）,zhiji_note,CLEAN,NO,NO,
THS-NI-2.4,NI,2.4,LME镍近月合约价格（美元/吨）,fuzzy_name,0.588,li_24_close_near_2,a12841695,FILLED,v1:fuzzy_name | fallback_variety=LI,近月合约收盘价,indicators_v1[li_24_close_near_2],CLEAN,NO,NO,
THS-NI-2.4,NI,2.4,LME镍远月合约价格（美元/吨）,fuzzy_name,0.556,wr167,a10147859,FILLED,v1:fuzzy_name | fallback_variety=SN,LME官方三月价,indicators_v1[wr167],CLEAN,NO,NO,
THS-NI-2.4,NI,2.4,美元/吨）,zhiji_search,0.7,,ID01734357,VALID,search score=0.7 | zhiji=餐厨废油：国际市场：DAP价：中国（美元/吨）（日）,餐厨废油：国际市场：DAP价：中国（美元/吨）（日）,zhiji_note,CLEAN,NO,NO,
THS-NI-2.4,NI,2.4,沪镍近月-远月价差（元/吨）,none,0.0,,,MISSING,no_match,,no_match,N/A,N/A,N/A,
THS-NI-2.4,NI,2.4,LME镍近月-远月价差（美元/吨）,zhiji_search,0.7,,FU00103606,VALID,search score=0.7 | zhiji=LME：镍：非仓单库存：欧洲（月）,LME：镍：非仓单库存：欧洲（月）,zhiji_note,CLEAN,NO,NO,
THS-NI-2.4,NI,2.4,汇率（USD/CNY）,zhiji_search,0.7,,CM00904695,VALID,search score=0.7 | zhiji=汇率：即期汇率：美元兑人民币（离岸人民币）（日）,汇率：即期汇率：美元兑人民币（离岸人民币）（日）,zhiji_note,CLEAN,NO,NO,
THS-NI-2.4,NI,2.4,沪镍现金价格（元/吨）,none,0.0,,,MISSING,no_match,,no_match,N/A,N/A,N/A,
THS-NI-2.4,NI,2.4,沪镍3个月期货价格（元/吨）,none,0.0,,,MISSING,no_match,,no_match,N/A,N/A,N/A,
THS-NI-2.4,NI,2.4,现金-3个月月差（元/吨）,none,0.0,,,MISSING,no_match,,no_match,N/A,N/A,N/A,
THS-NI-2.4,NI,2.4,电解镍现货价格（元/吨）,fuzzy_name,0.588,wr114,ID01551919,FILLED,v1:fuzzy_name | fallback_variety=LI,电池级碳酸锂 现货价格,indicators_v1[wr114],CLEAN,NO,NO,
THS-NI-2.4,NI,2.4,镍生铁NPI现货价格（元/吨）,zhiji_search,0.7,,ID01294972,VALID,search score=0.7 | zhiji=镍生铁：13%＞Ni＞10%：印尼产：远期现货价格：中国主要港口（日）,镍生铁：13%＞Ni＞10%：印尼产：远期现货价格：中国主要港口（日）,zhiji_note,CLEAN,NO,NO,
THS-NI-2.4,NI,2.4,高冰镍现货价格（元/吨）,zhiji_search,0.7,,ID02433774,VALID,search score=0.7 | zhiji=高冰镍：Ni≥65%，Co≥1%：钴远期现货价格：中国主要港口（日）,高冰镍：Ni≥65%，Co≥1%：钴远期现货价格：中国主要港口（日）,zhiji_note,CLEAN,NO,NO,
THS-NI-2.4,NI,2.4,沪镍月差（元/吨）,none,0.0,,,MISSING,no_match,,no_match,N/A,N/A,N/A,
THS-NI-2.4,NI,2.4,近3年同月月差均值（元/吨）,zhiji_search,0.7,,CM00908669,VALID,search score=0.7 | zhiji=中国：3年期标准国开债远期合约：成交额与前值差（月）,中国：3年期标准国开债远期合约：成交额与前值差（月）,zhiji_note,CLEAN,NO,NO,
THS-NI-2.4,NI,2.4,近3年同月月差标准差（元/吨）,zhiji_search,0.7,,CM00908669,VALID,search score=0.7 | zhiji=中国：3年期标准国开债远期合约：成交额与前值差（月）,中国：3年期标准国开债远期合约：成交额与前值差（月）,zhiji_note,CLEAN,NO,NO,
THS-NI-2.4,NI,2.4,LME镍仓单数量（吨）,fuzzy_name,0.625,i7,a10193711,FILLED,v1:fuzzy_name | fallback_variety=PB,LME铅注销仓单,indicators_v1[i7],CLEAN,NO,NO,
THS-NI-2.4,NI,2.4,LME镍月差（美元/吨）,fuzzy_name,0.667,wr260,a12764445,VALID,v1:fuzzy_name→NI | zhiji=None,None,zhiji_note,CLEAN,NO,NO,
THS-NI-2.4,NI,2.4,近1年月差分位（%）,none,0.0,,,MISSING,no_match,,no_match,N/A,N/A,N/A,
THS-NI-2.4,NI,2.4,沪镍月差,none,0.0,,,MISSING,no_match,,no_match,N/A,N/A,N/A,
THS-NI-2.4,NI,2.4,LME镍月差,fuzzy_name,0.667,wr260,a12764445,VALID,v1:fuzzy_name→NI | zhiji=None,None,zhiji_note,CLEAN,NO,NO,
THS-NI-2.4,NI,2.4,沪镍近月-远月价差（元/吨）、LME镍近月-远月价差（美元/吨）、汇率（USD/CNY）,none,0.0,,,MISSING,no_match,,no_match,N/A,N/A,N/A,
THS-NI-2.4,NI,2.4,沪伦月差比价,fuzzy_name,0.6,wr173,ID01895225,FILLED,v1:fuzzy_name | fallback_variety=SN,锡沪伦比,indicators_v1[wr173],CLEAN,NO,NO,
THS-NI-2.4,NI,2.4,沪镍现金价格（元/吨）、沪镍3个月期货价格（元/吨）、现金-3个月月差（元/吨）,none,0.0,,,MISSING,no_match,,no_match,N/A,N/A,N/A,
THS-NI-2.4,NI,2.4,沪镍现金-3个月月差,none,0.0,,,MISSING,no_match,,no_match,N/A,N/A,N/A,
THS-NI-2.4,NI,2.4,电解镍现货价格（元/吨）、镍生铁NPI现货价格（元/吨）、高冰镍现货价格（元/吨）,zhiji_search,0.7,,ID01532829,VALID,search score=0.7 | zhiji=高冰镍：Ni≥65%，Co≥1%：镍远期现货价格：中国主要港口（日）,高冰镍：Ni≥65%，Co≥1%：镍远期现货价格：中国主要港口（日）,zhiji_note,CLEAN,NO,NO,
THS-NI-2.4,NI,2.4,SMM1#电解镍价格、SMM8-12%高镍生铁价格、SMM高冰镍价格,zhiji_search,0.7,,ID00185673,VALID,search score=0.7 | zhiji=电解镍：1#：汇总价格：上海（日）,电解镍：1#：汇总价格：上海（日）,zhiji_note,CLEAN,NO,NO,
THS-NI-2.4,NI,2.4,电解镍现货价格、镍生铁NPI现货价格、高冰镍现货价格,zhiji_search,0.7,,ID01532829,VALID,search score=0.7 | zhiji=高冰镍：Ni≥65%，Co≥1%：镍远期现货价格：中国主要港口（日）,高冰镍：Ni≥65%，Co≥1%：镍远期现货价格：中国主要港口（日）,zhiji_note,CLEAN,NO,NO,
THS-NI-2.4,NI,2.4,SMM1#电解镍基差,zhiji_search,0.7,,FU00024318,VALID,search score=0.7 | zhiji=SHFE：镍：基差（日）,SHFE：镍：基差（日）,zhiji_note,CLEAN,NO,NO,
THS-NI-2.4,NI,2.4,镍基差,zhiji_search,0.7,,FU00024318,VALID,search score=0.7 | zhiji=SHFE：镍：基差（日）,SHFE：镍：基差（日）,zhiji_note,CLEAN,NO,NO,
THS-NI-2.5,NI,2.5,沪镍主力合约收盘价（元/吨）,fuzzy_name,0.737,wr115,FU00050085,FILLED,v1:fuzzy_name | fallback_variety=LI,碳酸锂 主力合约 收盘价,indicators_v1[wr115],CLEAN,NO,NO,
THS-NI-2.5,NI,2.5,近1年沪镍价格分位（%）,none,0.0,,,MISSING,no_match,,no_match,N/A,N/A,N/A,
THS-NI-2.5,NI,2.5,镍生铁NPI现货价格（元/吨）,zhiji_search,0.7,,ID01294972,VALID,search score=0.7 | zhiji=镍生铁：13%＞Ni＞10%：印尼产：远期现货价格：中国主要港口（日）,镍生铁：13%＞Ni＞10%：印尼产：远期现货价格：中国主要港口（日）,zhiji_note,CLEAN,NO,NO,
THS-NI-2.5,NI,2.5,电解镍现货价格（元/吨）,fuzzy_name,0.588,wr114,ID01551919,FILLED,v1:fuzzy_name | fallback_variety=LI,电池级碳酸锂 现货价格,indicators_v1[wr114],CLEAN,NO,NO,
THS-NI-2.5,NI,2.5,NPI冶炼利润（元/吨）,fuzzy_name,0.571,si_25_profit_smelt_2,ID01528163,FILLED,v1:fuzzy_name | fallback_variety=SI,工业硅冶炼利润,indicators_v1[si_25_profit_smelt_2],CLEAN,NO,NO,
THS-NI-2.5,NI,2.5,高冰镍现货价格（元/吨）,zhiji_search,0.7,,ID02433774,VALID,search score=0.7 | zhiji=高冰镍：Ni≥65%，Co≥1%：钴远期现货价格：中国主要港口（日）,高冰镍：Ni≥65%，Co≥1%：钴远期现货价格：中国主要港口（日）,zhiji_note,CLEAN,NO,NO,
THS-NI-2.5,NI,2.5,高冰镍冶炼利润（元/吨）,fuzzy_name,0.571,si_25_profit_smelt_2,ID01528163,FILLED,v1:fuzzy_name | fallback_variety=SI,工业硅冶炼利润,indicators_v1[si_25_profit_smelt_2],CLEAN,NO,NO,
THS-NI-2.5,NI,2.5,电解镍冶炼完全成本（元/吨）,none,0.0,,,MISSING,no_match,,no_match,N/A,N/A,N/A,
THS-NI-2.5,NI,2.5,电解镍冶炼利润（元/吨）,fuzzy_name,0.571,si_25_profit_smelt_2,ID01528163,FILLED,v1:fuzzy_name | fallback_variety=SI,工业硅冶炼利润,indicators_v1[si_25_profit_smelt_2],CLEAN,NO,NO,
THS-NI-2.5,NI,2.5,近3年同月沪镍价格分位（%）,none,0.0,,,MISSING,no_match,,no_match,N/A,N/A,N/A,
THS-NI-2.5,NI,2.5,近3年同月沪镍价格均值（元/吨）,none,0.0,,,MISSING,no_match,,no_match,N/A,N/A,N/A,
THS-NI-2.5,NI,2.5,近1年电解镍冶炼利润分位（%）,zhiji_search,0.7,,ID00185673,VALID,search score=0.7 | zhiji=电解镍：1#：汇总价格：上海（日）,电解镍：1#：汇总价格：上海（日）,zhiji_note,CLEAN,NO,NO,
THS-NI-2.5,NI,2.5,镍铁一体化利润（元/吨）,none,0.0,,,MISSING,no_match,,no_match,N/A,N/A,N/A,
THS-NI-2.5,NI,2.5,沪镍主力合约收盘价（元/吨）、近1年沪镍价格分位（%）,none,0.0,,,MISSING,no_match,,no_match,N/A,N/A,N/A,
THS-NI-2.5,NI,2.5,沪镍主力合约收盘价,fuzzy_name,0.737,wr115,FU00050085,FILLED,v1:fuzzy_name | fallback_variety=LI,碳酸锂 主力合约 收盘价,indicators_v1[wr115],CLEAN,NO,NO,
THS-NI-2.5,NI,2.5,镍生铁NPI现货价格（元/吨）、电解镍现货价格（元/吨）、NPI冶炼利润（元/吨）,none,0.0,,,MISSING,no_match,,no_match,N/A,N/A,N/A,
THS-NI-2.5,NI,2.5,SMM8-12%高镍生铁价格、SMM1#电解镍价格、NPI冶炼利润,none,0.0,,,MISSING,no_match,,no_match,N/A,N/A,N/A,
THS-NI-2.5,NI,2.5,镍生铁NPI现货价格、电解镍现货价格、NPI冶炼利润,none,0.0,,,MISSING,no_match,,no_match,N/A,N/A,N/A,
THS-NI-2.5,NI,2.5,高冰镍现货价格（元/吨）、电解镍现货价格（元/吨）、高冰镍冶炼利润（元/吨）,none,0.0,,,MISSING,no_match,,no_match,N/A,N/A,N/A,
THS-NI-2.5,NI,2.5,SMM高冰镍价格、SMM1#电解镍价格、高冰镍冶炼利润,none,0.0,,,MISSING,no_match,,no_match,N/A,N/A,N/A,
THS-NI-2.5,NI,2.5,高冰镍现货价格、电解镍现货价格、高冰镍冶炼利润,none,0.0,,,MISSING,no_match,,no_match,N/A,N/A,N/A,
THS-NI-2.5,NI,2.5,电解镍现货价格（元/吨）、电解镍冶炼完全成本（元/吨）、电解镍冶炼利润（元/吨）,none,0.0,,,MISSING,no_match,,no_match,N/A,N/A,N/A,
THS-NI-2.5,NI,2.5,SMM1#电解镍价格、电解镍冶炼完全成本、电解镍冶炼利润,none,0.0,,,MISSING,no_match,,no_match,N/A,N/A,N/A,
THS-NI-2.5,NI,2.5,电解镍现货价格、电解镍冶炼完全成本、电解镍冶炼利润,none,0.0,,,MISSING,no_match,,no_match,N/A,N/A,N/A,
THS-NI-2.5,NI,2.5,电解镍冶炼利润（元/吨）、NPI冶炼利润（元/吨）、高冰镍冶炼利润（元/吨）,none,0.0,,,MISSING,no_match,,no_match,N/A,N/A,N/A,
THS-NI-2.5,NI,2.5,SMM1#电解镍价格、SMM8-12%高镍生铁价格、SMM高冰镍价格、冶炼利润,zhiji_search,0.7,,ID00185673,VALID,search score=0.7 | zhiji=电解镍：1#：汇总价格：上海（日）,电解镍：1#：汇总价格：上海（日）,zhiji_note,CLEAN,NO,NO,
THS-NI-2.5,NI,2.5,电解镍冶炼利润、NPI冶炼利润、高冰镍冶炼利润,none,0.0,,,MISSING,no_match,,no_match,N/A,N/A,N/A,
THS-NI-2.5,NI,2.5,印尼高冰镍完全成本（元/吨）、印尼高冰镍现金成本（元/吨）、印尼高冰镍利润（元/吨）,none,0.0,,,MISSING,no_match,,no_match,N/A,N/A,N/A,
THS-NI-2.5,NI,2.5,印尼高冰镍完全成本（周度）、印尼高冰镍现金成本（周度）、印尼高冰镍利润（周度）,none,0.0,,,MISSING,no_match,,no_match,N/A,N/A,N/A,
THS-NI-2.5,NI,2.5,印尼高冰镍完全成本、印尼高冰镍现金成本、印尼高冰镍利润,none,0.0,,,MISSING,no_match,,no_match,N/A,N/A,N/A,
THS-NI-2.6,NI,2.6,沪镍主力合约前20名多头持仓量（手）,fuzzy_name,0.56,si_21_openinterest_front,a10154412,FILLED,v1:fuzzy_name | fallback_variety=SI,工业硅主力合约持仓量,indicators_v1[si_21_openinterest_front],CLEAN,NO,NO,
THS-NI-2.6,NI,2.6,沪镍主力合约前20名空头持仓量（手）,fuzzy_name,0.56,si_21_openinterest_front,a10154412,FILLED,v1:fuzzy_name | fallback_variety=SI,工业硅主力合约持仓量,indicators_v1[si_21_openinterest_front],CLEAN,NO,NO,
THS-NI-2.6,NI,2.6,沪镍主力合约前20名净持仓量（手）= 多头持仓量 - 空头持仓量,none,0.0,,,MISSING,no_match,,no_match,N/A,N/A,N/A,
THS-NI-2.6,NI,2.6,前20名持仓总量（手）,fuzzy_name,0.75,li_26_openinterest_top20_short_2,FU00058209,FILLED,v1:fuzzy_name | fallback_variety=LI,空头前20持仓量,indicators_v1[li_26_openinterest_top20_short_2],CLEAN,NO,NO,
THS-NI-2.6,NI,2.6,前20名持仓集中度（%）,fuzzy_name,0.588,li_26_openinterest_top20_short_2,FU00058209,FILLED,v1:fuzzy_name | fallback_variety=LI,空头前20持仓量,indicators_v1[li_26_openinterest_top20_short_2],CLEAN,NO,NO,
THS-NI-2.6,NI,2.6,多空持仓比（多头/空头）,none,0.0,,,MISSING,no_match,,no_match,N/A,N/A,N/A,
THS-NI-2.6,NI,2.6,前20名席位轮动方向（多头增加/空头增加/双增/双减）,none,0.0,,,MISSING,no_match,,no_match,N/A,N/A,N/A,
THS-NI-2.6,NI,2.6,沪镍主力合约前20名持仓总量（手）,fuzzy_name,0.583,si_21_openinterest_front,a10154412,FILLED,v1:fuzzy_name | fallback_variety=SI,工业硅主力合约持仓量,indicators_v1[si_21_openinterest_front],CLEAN,NO,NO,
THS-NI-2.6,NI,2.6,近1年前20名持仓量分位（%）,fuzzy_name,0.6,li_26_openinterest_top20_short_2,FU00058209,FILLED,v1:fuzzy_name | fallback_variety=LI,空头前20持仓量,indicators_v1[li_26_openinterest_top20_short_2],CLEAN,NO,NO,
THS-NI-2.6,NI,2.6,近3年同月持仓总量均值（手）,none,0.0,,,MISSING,no_match,,no_match,N/A,N/A,N/A,
THS-NI-2.6,NI,2.6,近3年同月持仓总量标准差（手）,none,0.0,,,MISSING,no_match,,no_match,N/A,N/A,N/A,
THS-NI-2.6,NI,2.6,沪镍主力合约前20名净持仓量（手）,fuzzy_name,0.583,si_21_openinterest_front,a10154412,FILLED,v1:fuzzy_name | fallback_variety=SI,工业硅主力合约持仓量,indicators_v1[si_21_openinterest_front],CLEAN,NO,NO,
THS-NI-2.6,NI,2.6,LME镍前20名净持仓量（手）,fuzzy_name,0.6,li_26_openinterest_top20_short_2,FU00058209,FILLED,v1:fuzzy_name | fallback_variety=LI,空头前20持仓量,indicators_v1[li_26_openinterest_top20_short_2],CLEAN,NO,NO,
THS-NI-2.6,NI,2.6,汇率（USD/CNY）,zhiji_search,0.7,,CM00904695,VALID,search score=0.7 | zhiji=汇率：即期汇率：美元兑人民币（离岸人民币）（日）,汇率：即期汇率：美元兑人民币（离岸人民币）（日）,zhiji_note,CLEAN,NO,NO,
THS-NI-2.6,NI,2.6,沪镍主力合约前20名多头持仓量（手）、沪镍主力合约前20名空头持仓量（手）,none,0.0,,,MISSING,no_match,,no_match,N/A,N/A,N/A,
THS-NI-2.6,NI,2.6,沪镍前20名多头持仓量、沪镍前20名空头持仓量,none,0.0,,,MISSING,no_match,,no_match,N/A,N/A,N/A,
THS-NI-2.6,NI,2.6,沪镍前20名净持仓量,fuzzy_name,0.667,li_26_openinterest_top20_short_2,FU00058209,FILLED,v1:fuzzy_name | fallback_variety=LI,空头前20持仓量,indicators_v1[li_26_openinterest_top20_short_2],CLEAN,NO,NO,
THS-NI-2.6,NI,2.6,沪镍主力合约前20名多头持仓量（手）、沪镍主力合约前20名空头持仓量（手）、前20名持仓总量（手）、,none,0.0,,,MISSING,no_match,,no_match,N/A,N/A,N/A,
THS-NI-2.6,NI,2.6,沪镍前20名持仓集中度,none,0.0,,,MISSING,no_match,,no_match,N/A,N/A,N/A,
THS-NI-2.6,NI,2.6,沪镍主力合约前20名多头持仓量（手）、沪镍主力合约前20名空头持仓量（手）、多空持仓比（多头/空头）,none,0.0,,,MISSING,no_match,,no_match,N/A,N/A,N/A,
THS-NI-2.6,NI,2.6,沪镍前20名多空持仓比,none,0.0,,,MISSING,no_match,,no_match,N/A,N/A,N/A,
THS-NI-2.6,NI,2.6,沪镍主力合约前20名多头持仓量（手）、沪镍主力合约前20名空头持仓量（手）、前20名席位轮动方向（多,none,0.0,,,MISSING,no_match,,no_match,N/A,N/A,N/A,
THS-NI-2.6,NI,2.6,沪镍前20名席位轮动方向,none,0.0,,,MISSING,no_match,,no_match,N/A,N/A,N/A,
THS-NI-3.1,NI,3.1,印尼镍矿产量,fuzzy_name,0.833,wr248,ID01651125,VALID,v1:fuzzy_name→NI | zhiji=镍铁：产量（未审计）：印尼国有矿业（季）,镍铁：产量（未审计）：印尼国有矿业（季）,zhiji_note,CLEAN,NO,NO,
THS-NI-3.1,NI,3.1,印尼镍矿产量（万吨）,fuzzy_name,0.833,wr248,ID01651125,VALID,v1:fuzzy_name→NI | zhiji=镍铁：产量（未审计）：印尼国有矿业（季）,镍铁：产量（未审计）：印尼国有矿业（季）,zhiji_note,CLEAN,NO,NO,
THS-NI-3.1,NI,3.1,菲律宾镍矿产量,none,0.0,,,MISSING,no_match,,no_match,N/A,N/A,N/A,
THS-NI-3.1,NI,3.1,菲律宾镍矿产量（万吨）,zhiji_search,0.7,,ID00301914,VALID,search score=0.7 | zhiji=USGS：镍：储量：菲律宾（年）,USGS：镍：储量：菲律宾（年）,zhiji_note,CLEAN,NO,NO,
THS-NI-3.1,NI,3.1,印尼镍精炼产量,fuzzy_name,0.857,wr247,a12870400,VALID,v1:fuzzy_name→NI | zhiji=None,None,zhiji_note,CLEAN,NO,NO,
THS-NI-3.1,NI,3.1,印尼镍精炼产量（万吨）,fuzzy_name,0.857,wr247,a12870400,VALID,v1:fuzzy_name→NI | zhiji=None,None,zhiji_note,CLEAN,NO,NO,
THS-NI-3.1,NI,3.1,印尼镍矿RKAB配额,none,0.0,,,MISSING,no_match,,no_match,N/A,N/A,N/A,
THS-NI-3.1,NI,3.1,印尼镍矿RKAB配额（万吨）,none,0.0,,,MISSING,no_match,,no_match,N/A,N/A,N/A,
THS-NI-3.1,NI,3.1,印尼镍矿配额利用率,none,0.0,,,MISSING,no_match,,no_match,N/A,N/A,N/A,
THS-NI-3.1,NI,3.1,印尼镍矿配额利用率（%）,none,0.0,,,MISSING,no_match,,no_match,N/A,N/A,N/A,
THS-NI-3.1,NI,3.1,澳大利亚镍矿产量,none,0.0,,,MISSING,no_match,,no_match,N/A,N/A,N/A,
THS-NI-3.1,NI,3.1,澳大利亚镍矿产量（万吨）,zhiji_search,0.7,,ID01655717,VALID,search score=0.7 | zhiji=镍：矿山产量：澳大利亚（季）,镍：矿山产量：澳大利亚（季）,zhiji_note,CLEAN,NO,NO,
THS-NI-3.1,NI,3.1,海外镍矿产量分国别占比,none,0.0,,,MISSING,no_match,,no_match,N/A,N/A,N/A,
THS-NI-3.1,NI,3.1,海外镍矿产量分国别占比（%）,none,0.0,,,MISSING,no_match,,no_match,N/A,N/A,N/A,
THS-NI-3.1,NI,3.1,国内镍矿产量,fuzzy_name,0.833,wr187,ID00299777,FILLED,v1:fuzzy_name | fallback_variety=SN,国内锡矿产量,indicators_v1[wr187],CLEAN,NO,NO,
THS-NI-3.1,NI,3.1,国内镍矿产量（万吨）,fuzzy_name,0.833,wr187,ID00299777,FILLED,v1:fuzzy_name | fallback_variety=SN,国内锡矿产量,indicators_v1[wr187],CLEAN,NO,NO,
THS-NI-3.1,NI,3.1,国内镍精炼产量,fuzzy_name,0.727,精炼产量,a10018516,VALID,v1:fuzzy_name→NI | zhiji=None,None,zhiji_note,CLEAN,NO,NO,
THS-NI-3.1,NI,3.1,国内镍精炼产量（万吨）,fuzzy_name,0.727,精炼产量,a10018516,VALID,v1:fuzzy_name→NI | zhiji=None,None,zhiji_note,CLEAN,NO,NO,
THS-NI-3.1,NI,3.1,国内镍矿进口量,fuzzy_name,0.857,wr188,a10003098,FILLED,v1:fuzzy_name | fallback_variety=SN,国内锡矿进口量,indicators_v1[wr188],CLEAN,NO,NO,
THS-NI-3.1,NI,3.1,国内镍矿进口量（万吨）,fuzzy_name,0.857,wr188,a10003098,FILLED,v1:fuzzy_name | fallback_variety=SN,国内锡矿进口量,indicators_v1[wr188],CLEAN,NO,NO,
THS-NI-3.1,NI,3.1,国内镍矿进口依赖度,fuzzy_name,0.625,wr188,a10003098,FILLED,v1:fuzzy_name | fallback_variety=SN,国内锡矿进口量,indicators_v1[wr188],CLEAN,NO,NO,
THS-NI-3.1,NI,3.1,国内镍矿进口依赖度（%）,fuzzy_name,0.625,wr188,a10003098,FILLED,v1:fuzzy_name | fallback_variety=SN,国内锡矿进口量,indicators_v1[wr188],CLEAN,NO,NO,
THS-NI-3.1,NI,3.1,国内镍矿-精炼产量比,fuzzy_name,0.625,wr187,ID00299777,FILLED,v1:fuzzy_name | fallback_variety=SN,国内锡矿产量,indicators_v1[wr187],CLEAN,NO,NO,
THS-NI-3.1,NI,3.1,国内镍矿-精炼产量比（倍）,fuzzy_name,0.625,wr187,ID00299777,FILLED,v1:fuzzy_name | fallback_variety=SN,国内锡矿产量,indicators_v1[wr187],CLEAN,NO,NO,
THS-NI-3.1,NI,3.1,镍精矿进口总量,fuzzy_name,0.667,wr275,CM0000138647,VALID,v1:fuzzy_name→NI | zhiji=镍铁：进口数量合计：中国（月）,镍铁：进口数量合计：中国（月）,zhiji_note,CLEAN,NO,NO,
THS-NI-3.1,NI,3.1,镍精矿进口总量（万吨）,fuzzy_name,0.667,wr275,CM0000138647,VALID,v1:fuzzy_name→NI | zhiji=镍铁：进口数量合计：中国（月）,镍铁：进口数量合计：中国（月）,zhiji_note,CLEAN,NO,NO,
THS-NI-3.1,NI,3.1,印尼镍精矿进口量,fuzzy_name,0.615,wr275,CM0000138647,VALID,v1:fuzzy_name→NI | zhiji=镍铁：进口数量合计：中国（月）,镍铁：进口数量合计：中国（月）,zhiji_note,CLEAN,NO,NO,
THS-NI-3.1,NI,3.1,印尼镍精矿进口量（万吨）,fuzzy_name,0.615,wr275,CM0000138647,VALID,v1:fuzzy_name→NI | zhiji=镍铁：进口数量合计：中国（月）,镍铁：进口数量合计：中国（月）,zhiji_note,CLEAN,NO,NO,
THS-NI-3.1,NI,3.1,菲律宾镍精矿进口量,fuzzy_name,0.571,wr275,CM0000138647,VALID,v1:fuzzy_name→NI | zhiji=镍铁：进口数量合计：中国（月）,镍铁：进口数量合计：中国（月）,zhiji_note,CLEAN,NO,NO,
THS-NI-3.1,NI,3.1,菲律宾镍精矿进口量（万吨）,fuzzy_name,0.571,wr275,CM0000138647,VALID,v1:fuzzy_name→NI | zhiji=镍铁：进口数量合计：中国（月）,镍铁：进口数量合计：中国（月）,zhiji_note,CLEAN,NO,NO,
THS-NI-3.1,NI,3.1,镍精矿进口到港量,fuzzy_name,0.615,wr275,CM0000138647,VALID,v1:fuzzy_name→NI | zhiji=镍铁：进口数量合计：中国（月）,镍铁：进口数量合计：中国（月）,zhiji_note,CLEAN,NO,NO,
THS-NI-3.1,NI,3.1,镍精矿进口到港量（万吨）,fuzzy_name,0.615,wr275,CM0000138647,VALID,v1:fuzzy_name→NI | zhiji=镍铁：进口数量合计：中国（月）,镍铁：进口数量合计：中国（月）,zhiji_note,CLEAN,NO,NO,
THS-NI-3.1,NI,3.1,镍精矿进口分国别占比,fuzzy_name,0.778,li_61_by_country_import_conc_3,ID02038530,INVALID,v1:fuzzy_name | fallback_invalid,锂精矿进口分国别,indicators_v1[li_61_by_country_import_conc_3],CLEAN,NO,NO,
THS-NI-3.1,NI,3.1,镍精矿进口分国别占比（%）,fuzzy_name,0.778,li_61_by_country_import_conc_3,ID02038530,INVALID,v1:fuzzy_name | fallback_invalid,锂精矿进口分国别,indicators_v1[li_61_by_country_import_conc_3],CLEAN,NO,NO,
THS-NI-3.1,NI,3.1,镍精矿TC,fuzzy_key,0.571,TC,ID01002200,INVALID,v1:fuzzy_key→NI | meta_err:<urlopen error _ssl.c:993: The handshake operation timed out>,TC加工费,indicators_v1[TC],CLEAN,NO,NO,
THS-NI-3.1,NI,3.1,镍精矿TC（美元/吨干矿）,fuzzy_key,0.571,TC,ID01002200,INVALID,v1:fuzzy_key→NI | meta_err:<urlopen error _ssl.c:993: The handshake operation timed out>,TC加工费,indicators_v1[TC],CLEAN,NO,NO,
THS-NI-3.1,NI,3.1,Nickel concentrate TC,zhiji_search,0.7,,ID00299281,VALID,search score=0.7 | zhiji=镍：产量：必和必拓Nickel West矿区（季）,镍：产量：必和必拓Nickel West矿区（季）,zhiji_note,CLEAN,NO,NO,
THS-NI-3.1,NI,3.1,印尼镍精矿TC,none,0.0,,,MISSING,no_match,,no_match,N/A,N/A,N/A,
THS-NI-3.1,NI,3.1,印尼镍精矿TC（美元/吨干矿）,zhiji_search,0.7,,ID01307265,VALID,search score=0.7 | zhiji=铜精矿：长单TC价（年）,铜精矿：长单TC价（年）,zhiji_note,P0_CONFLICT,YES,NO,BL-022
THS-NI-3.1,NI,3.1,菲律宾镍精矿TC,none,0.0,,,MISSING,no_match,,no_match,N/A,N/A,N/A,
THS-NI-3.1,NI,3.1,菲律宾镍精矿TC（美元/吨干矿）,zhiji_search,0.7,,ID01307265,VALID,search score=0.7 | zhiji=铜精矿：长单TC价（年）,铜精矿：长单TC价（年）,zhiji_note,P0_CONFLICT,YES,NO,BL-022
THS-NI-3.1,NI,3.1,印尼镍矿HPM基准价,fuzzy_name,0.56,wr253,s22793258,VALID,v1:fuzzy_name→NI | zhiji=None,None,zhiji_note,CLEAN,NO,NO,
THS-NI-3.1,NI,3.1,印尼镍矿HPM基准价（美元/湿吨）,fuzzy_name,0.56,wr253,s22793258,VALID,v1:fuzzy_name→NI | zhiji=None,None,zhiji_note,CLEAN,NO,NO,
THS-NI-3.1,NI,3.1,镍精矿TC（美元/吨干矿）、电解镍冶炼利润（元/吨）、镍铁冶炼利润（元/吨）,none,0.0,,,MISSING,no_match,,no_match,N/A,N/A,N/A,
THS-NI-3.1.1,NI,3.1.1,印尼镍矿产量（万吨）,fuzzy_name,0.833,wr248,ID01651125,VALID,v1:fuzzy_name→NI | zhiji=镍铁：产量（未审计）：印尼国有矿业（季）,镍铁：产量（未审计）：印尼国有矿业（季）,zhiji_note,CLEAN,NO,NO,
THS-NI-3.1.1,NI,3.1.1,菲律宾镍矿产量（万吨）,zhiji_search,0.7,,ID00301914,VALID,search score=0.7 | zhiji=USGS：镍：储量：菲律宾（年）,USGS：镍：储量：菲律宾（年）,zhiji_note,CLEAN,NO,NO,
THS-NI-3.1.1,NI,3.1.1,新喀里多尼亚镍矿产量（万吨）,zhiji_search,0.7,,ID01537319,INVALID,search | meta_err,,unresolved,UNRESOLVED,N/A,N/A,
THS-NI-3.1.1,NI,3.1.1,中国从印尼进口镍精矿量（万吨）,fuzzy_name,0.556,wr271,ID01364207,VALID,v1:fuzzy_name→NI | zhiji=冰镍：进口金额合计：中国（月）,冰镍：进口金额合计：中国（月）,zhiji_note,CLEAN,NO,NO,
THS-NI-3.1.1,NI,3.1.1,中国从菲律宾进口镍精矿量（万吨）,zhiji_search,0.7,,CM0000450165,VALID,search score=0.7 | zhiji=镍：进口数量：菲律宾→中国（月）,镍：进口数量：菲律宾→中国（月）,zhiji_note,CLEAN,NO,NO,
THS-NI-3.1.1,NI,3.1.1,中国从新喀里多尼亚进口镍精矿量（万吨）,zhiji_search,0.7,,CM0000450193,VALID,search score=0.7 | zhiji=镍：进口数量：新喀里多尼亚→中国（月）,镍：进口数量：新喀里多尼亚→中国（月）,zhiji_note,CLEAN,NO,NO,
THS-NI-3.1.1,NI,3.1.1,印尼镍精炼产量（万吨）,fuzzy_name,0.857,wr247,a12870400,VALID,v1:fuzzy_name→NI | zhiji=None,None,zhiji_note,CLEAN,NO,NO,
THS-NI-3.1.1,NI,3.1.1,菲律宾镍精炼产量（万吨）,fuzzy_name,0.667,精炼产量,a10018516,VALID,v1:fuzzy_name→NI | zhiji=None,None,zhiji_note,CLEAN,NO,NO,
THS-NI-3.1.1,NI,3.1.1,新喀里多尼亚镍精炼产量（万吨）,fuzzy_name,0.556,wr247,a12870400,VALID,v1:fuzzy_name→NI | zhiji=None,None,zhiji_note,CLEAN,NO,NO,
THS-NI-3.1.1,NI,3.1.1,印尼镍矿产能利用率（%）,none,0.0,,,MISSING,no_match,,no_match,N/A,N/A,N/A,
THS-NI-3.1.1,NI,3.1.1,菲律宾镍矿产能利用率（%）,none,0.0,,,MISSING,no_match,,no_match,N/A,N/A,N/A,
THS-NI-3.1.1,NI,3.1.1,新喀里多尼亚镍矿产能利用率（%）,none,0.0,,,MISSING,no_match,,no_match,N/A,N/A,N/A,
THS-NI-3.1.1,NI,3.1.1,印尼镍矿检修量（万吨）,fuzzy_name,0.615,wr248,ID01651125,VALID,v1:fuzzy_name→NI | zhiji=镍铁：产量（未审计）：印尼国有矿业（季）,镍铁：产量（未审计）：印尼国有矿业（季）,zhiji_note,CLEAN,NO,NO,
THS-NI-3.1.1,NI,3.1.1,菲律宾镍矿检修量（万吨）,none,0.0,,,MISSING,no_match,,no_match,N/A,N/A,N/A,
THS-NI-3.1.1,NI,3.1.1,新喀里多尼亚镍矿检修量（万吨）,none,0.0,,,MISSING,no_match,,no_match,N/A,N/A,N/A,
THS-NI-3.1.1,NI,3.1.1,印尼镍精炼产能（万吨/年）,fuzzy_name,0.714,wr247,a12870400,VALID,v1:fuzzy_name→NI | zhiji=None,None,zhiji_note,CLEAN,NO,NO,
THS-NI-3.1.1,NI,3.1.1,菲律宾镍精炼产能（万吨/年）,none,0.0,,,MISSING,no_match,,no_match,N/A,N/A,N/A,
THS-NI-3.1.1,NI,3.1.1,新喀里多尼亚镍精炼产能（万吨/年）,none,0.0,,,MISSING,no_match,,no_match,N/A,N/A,N/A,
THS-NI-3.1.1,NI,3.1.1,印尼镍矿开工天数（天/季度）,zhiji_search,0.7,,ID02026188,VALID,search score=0.7 | zhiji=精炼镍：开工率：印尼（月）,精炼镍：开工率：印尼（月）,zhiji_note,CLEAN,NO,NO,
THS-NI-3.1.1,NI,3.1.1,菲律宾镍矿开工天数（天/季度）,zhiji_search,0.7,,ID01001375,VALID,search score=0.7 | zhiji=镍矿：菲律宾产：生产成本（季）,镍矿：菲律宾产：生产成本（季）,zhiji_note,CLEAN,NO,NO,
THS-NI-3.1.1,NI,3.1.1,新喀里多尼亚镍矿开工天数（天/季度）,zhiji_search,0.7,,ID01537319,INVALID,search | meta_err,,unresolved,UNRESOLVED,N/A,N/A,
THS-NI-3.1.1,NI,3.1.1,印尼镍矿-精炼产量比（倍）,fuzzy_name,0.706,wr247,a12870400,VALID,v1:fuzzy_name→NI | zhiji=None,None,zhiji_note,CLEAN,NO,NO,
THS-NI-3.1.2,NI,3.1.2,印尼镍矿产量（万吨）,fuzzy_name,0.833,wr248,ID01651125,VALID,v1:fuzzy_name→NI | zhiji=镍铁：产量（未审计）：印尼国有矿业（季）,镍铁：产量（未审计）：印尼国有矿业（季）,zhiji_note,CLEAN,NO,NO,
THS-NI-3.1.2,NI,3.1.2,印尼镍精炼产量（万吨）,fuzzy_name,0.857,wr247,a12870400,VALID,v1:fuzzy_name→NI | zhiji=None,None,zhiji_note,CLEAN,NO,NO,
THS-NI-3.1.2,NI,3.1.2,菲律宾镍矿产量（万吨）,zhiji_search,0.7,,ID00301914,VALID,search score=0.7 | zhiji=USGS：镍：储量：菲律宾（年）,USGS：镍：储量：菲律宾（年）,zhiji_note,CLEAN,NO,NO,
THS-NI-3.1.2,NI,3.1.2,菲律宾镍精炼产量（万吨）,fuzzy_name,0.667,精炼产量,a10018516,VALID,v1:fuzzy_name→NI | zhiji=None,None,zhiji_note,CLEAN,NO,NO,
THS-NI-3.1.2,NI,3.1.2,新喀里多尼亚镍矿产量（万吨）,zhiji_search,0.7,,ID01537319,INVALID,search | meta_err,,unresolved,UNRESOLVED,N/A,N/A,
THS-NI-3.1.2,NI,3.1.2,新喀里多尼亚镍精炼产量（万吨）,fuzzy_name,0.556,wr247,a12870400,VALID,v1:fuzzy_name→NI | zhiji=None,None,zhiji_note,CLEAN,NO,NO,
THS-NI-3.1.2,NI,3.1.2,澳大利亚镍矿产量（万吨）,zhiji_search,0.7,,ID01655717,VALID,search score=0.7 | zhiji=镍：矿山产量：澳大利亚（季）,镍：矿山产量：澳大利亚（季）,zhiji_note,CLEAN,NO,NO,
THS-NI-3.1.2,NI,3.1.2,澳大利亚镍精炼产量（万吨）,fuzzy_name,0.615,精炼产量,a10018516,VALID,v1:fuzzy_name→NI | zhiji=None,None,zhiji_note,CLEAN,NO,NO,
THS-NI-3.1.2,NI,3.1.2,印尼镍矿产能（万吨/年）,fuzzy_name,0.667,wr248,ID01651125,VALID,v1:fuzzy_name→NI | zhiji=镍铁：产量（未审计）：印尼国有矿业（季）,镍铁：产量（未审计）：印尼国有矿业（季）,zhiji_note,CLEAN,NO,NO,
THS-NI-3.1.2,NI,3.1.2,菲律宾镍矿产能（万吨/年）,none,0.0,,,MISSING,no_match,,no_match,N/A,N/A,N/A,
THS-NI-3.1.2,NI,3.1.2,新喀里多尼亚镍矿产能（万吨/年）,none,0.0,,,MISSING,no_match,,no_match,N/A,N/A,N/A,
THS-NI-3.1.2,NI,3.1.2,澳大利亚镍矿产能（万吨/年）,none,0.0,,,MISSING,no_match,,no_match,N/A,N/A,N/A,
THS-NI-3.1.2,NI,3.1.2,印尼镍矿开工天数（天/季度）,zhiji_search,0.7,,ID02026188,VALID,search score=0.7 | zhiji=精炼镍：开工率：印尼（月）,精炼镍：开工率：印尼（月）,zhiji_note,CLEAN,NO,NO,
THS-NI-3.1.2,NI,3.1.2,菲律宾镍矿开工天数（天/季度）,zhiji_search,0.7,,ID01001375,VALID,search score=0.7 | zhiji=镍矿：菲律宾产：生产成本（季）,镍矿：菲律宾产：生产成本（季）,zhiji_note,CLEAN,NO,NO,
THS-NI-3.1.2,NI,3.1.2,新喀里多尼亚镍矿开工天数（天/季度）,zhiji_search,0.7,,ID01537319,INVALID,search | meta_err,,unresolved,UNRESOLVED,N/A,N/A,
THS-NI-3.1.2,NI,3.1.2,澳大利亚镍矿开工天数（天/季度）,none,0.0,,,MISSING,no_match,,no_match,N/A,N/A,N/A,
THS-NI-3.1.2,NI,3.1.2,印尼矿-精炼产量比（倍）,fuzzy_name,0.75,wr247,a12870400,VALID,v1:fuzzy_name→NI | zhiji=None,None,zhiji_note,CLEAN,NO,NO,
THS-NI-3.1.2,NI,3.1.2,菲律宾矿-精炼产量比（倍）,fuzzy_name,0.571,精炼产量,a10018516,VALID,v1:fuzzy_name→NI | zhiji=None,None,zhiji_note,CLEAN,NO,NO,
THS-NI-3.1.3,NI,3.1.3,甘肃镍矿产量（万吨）,none,0.0,,,MISSING,no_match,,no_match,N/A,N/A,N/A,
THS-NI-3.1.3,NI,3.1.3,四川镍矿产量（万吨）,none,0.0,,,MISSING,no_match,,no_match,N/A,N/A,N/A,
THS-NI-3.1.3,NI,3.1.3,云南镍矿产量（万吨）,fuzzy_name,0.615,wr212,ID02036182,FILLED,v1:fuzzy_name | fallback_variety=SI,多晶硅云南产量,indicators_v1[wr212],CLEAN,NO,NO,
THS-NI-3.1.3,NI,3.1.3,国内镍精炼产量（万吨）,fuzzy_name,0.727,精炼产量,a10018516,VALID,v1:fuzzy_name→NI | zhiji=None,None,zhiji_note,CLEAN,NO,NO,
THS-NI-3.1.3,NI,3.1.3,电解镍产量（万吨）,zhiji_search,0.7,,ID01450118,VALID,search score=0.7 | zhiji=镍板：产量：国外（季）,镍板：产量：国外（季）,zhiji_note,CLEAN,NO,NO,
THS-NI-3.1.3,NI,3.1.3,镍铁产量（万吨）,fuzzy_name,0.8,wr248,ID01651125,VALID,v1:fuzzy_name→NI | zhiji=镍铁：产量（未审计）：印尼国有矿业（季）,镍铁：产量（未审计）：印尼国有矿业（季）,zhiji_note,CLEAN,NO,NO,
THS-NI-3.1.3,NI,3.1.3,国内镍矿产量（万吨）,fuzzy_name,0.833,wr187,ID00299777,FILLED,v1:fuzzy_name | fallback_variety=SN,国内锡矿产量,indicators_v1[wr187],CLEAN,NO,NO,
THS-NI-3.1.3,NI,3.1.3,矿-精炼产量比（倍）,fuzzy_name,0.727,精炼产量,a10018516,VALID,v1:fuzzy_name→NI | zhiji=None,None,zhiji_note,CLEAN,NO,NO,
THS-NI-3.1.3,NI,3.1.3,甘肃镍矿产能利用率（%）,none,0.0,,,MISSING,no_match,,no_match,N/A,N/A,N/A,
THS-NI-3.1.3,NI,3.1.3,四川镍矿产能利用率（%）,none,0.0,,,MISSING,no_match,,no_match,N/A,N/A,N/A,
THS-NI-3.1.3,NI,3.1.3,云南镍矿产能利用率（%）,none,0.0,,,MISSING,no_match,,no_match,N/A,N/A,N/A,
THS-NI-3.1.3,NI,3.1.3,甘肃镍矿开工天数（天/月）,none,0.0,,,MISSING,no_match,,no_match,N/A,N/A,N/A,
THS-NI-3.1.3,NI,3.1.3,四川镍矿开工天数（天/月）,none,0.0,,,MISSING,no_match,,no_match,N/A,N/A,N/A,
THS-NI-3.1.3,NI,3.1.3,云南镍矿开工天数（天/月）,none,0.0,,,MISSING,no_match,,no_match,N/A,N/A,N/A,
THS-NI-3.1.3,NI,3.1.3,甘肃镍矿检修量（万吨）,none,0.0,,,MISSING,no_match,,no_match,N/A,N/A,N/A,
THS-NI-3.1.3,NI,3.1.3,四川镍矿检修量（万吨）,none,0.0,,,MISSING,no_match,,no_match,N/A,N/A,N/A,
THS-NI-3.1.3,NI,3.1.3,云南镍矿检修量（万吨）,none,0.0,,,MISSING,no_match,,no_match,N/A,N/A,N/A,
THS-NI-3.1.3,NI,3.1.3,近3年同月镍矿产量均值（万吨）,none,0.0,,,MISSING,no_match,,no_match,N/A,N/A,N/A,
THS-NI-3.1.3,NI,3.1.3,近3年同月镍矿产量标准差（万吨）,none,0.0,,,MISSING,no_match,,no_match,N/A,N/A,N/A,
THS-NI-3.1.3,NI,3.1.3,镍精矿进口量（万吨）,fuzzy_name,0.727,wr275,CM0000138647,VALID,v1:fuzzy_name→NI | zhiji=镍铁：进口数量合计：中国（月）,镍铁：进口数量合计：中国（月）,zhiji_note,CLEAN,NO,NO,
THS-NI-3.1.3,NI,3.1.3,进口依赖度（%）,zhiji_search,0.7,,ID01862244,VALID,search score=0.7 | zhiji=花生：进口依存度：中国（年）,花生：进口依存度：中国（年）,zhiji_note,CLEAN,NO,NO,
THS-NI-3.1.4,NI,3.1.4,镍精矿进口总量（万吨）,fuzzy_name,0.667,wr275,CM0000138647,VALID,v1:fuzzy_name→NI | zhiji=镍铁：进口数量合计：中国（月）,镍铁：进口数量合计：中国（月）,zhiji_note,CLEAN,NO,NO,
THS-NI-3.1.4,NI,3.1.4,镍精矿进口量（吨）,fuzzy_name,0.727,wr275,CM0000138647,VALID,v1:fuzzy_name→NI | zhiji=镍铁：进口数量合计：中国（月）,镍铁：进口数量合计：中国（月）,zhiji_note,CLEAN,NO,NO,
THS-NI-3.1.4,NI,3.1.4,中国从印尼进口镍精矿量（万吨）,fuzzy_name,0.556,wr271,ID01364207,VALID,v1:fuzzy_name→NI | zhiji=冰镍：进口金额合计：中国（月）,冰镍：进口金额合计：中国（月）,zhiji_note,CLEAN,NO,NO,
THS-NI-3.1.4,NI,3.1.4,印尼进口占比（%）,none,0.0,,,MISSING,no_match,,no_match,N/A,N/A,N/A,
THS-NI-3.1.4,NI,3.1.4,中国从菲律宾进口镍精矿量（万吨）,zhiji_search,0.7,,CM0000450165,VALID,search score=0.7 | zhiji=镍：进口数量：菲律宾→中国（月）,镍：进口数量：菲律宾→中国（月）,zhiji_note,CLEAN,NO,NO,
THS-NI-3.1.4,NI,3.1.4,菲律宾进口占比（%）,none,0.0,,,MISSING,no_match,,no_match,N/A,N/A,N/A,
THS-NI-3.1.4,NI,3.1.4,中国从新喀里多尼亚进口镍精矿量（万吨）,zhiji_search,0.7,,CM0000450193,VALID,search score=0.7 | zhiji=镍：进口数量：新喀里多尼亚→中国（月）,镍：进口数量：新喀里多尼亚→中国（月）,zhiji_note,CLEAN,NO,NO,
THS-NI-3.1.4,NI,3.1.4,新喀里多尼亚进口占比（%）,none,0.0,,,MISSING,no_match,,no_match,N/A,N/A,N/A,
THS-NI-3.1.4,NI,3.1.4,印尼进口量（万吨）,fuzzy_name,0.667,wr190,a12840355,FILLED,v1:fuzzy_name | fallback_variety=SN,印度锡净进口量,indicators_v1[wr190],CLEAN,NO,NO,
THS-NI-3.1.4,NI,3.1.4,菲律宾进口量（万吨）,none,0.0,,,MISSING,no_match,,no_match,N/A,N/A,N/A,
THS-NI-3.1.4,NI,3.1.4,新喀里多尼亚进口量（万吨）,none,0.0,,,MISSING,no_match,,no_match,N/A,N/A,N/A,
THS-NI-3.1.4,NI,3.1.4,澳大利亚进口量（万吨）,fuzzy_name,0.571,pb_311_aux,ID01655553,FILLED,v1:fuzzy_name | fallback_variety=PB,澳大利亚(季),indicators_v1[pb_311_aux],CLEAN,NO,NO,
THS-NI-3.1.4,NI,3.1.4,国内镍精炼产量（万吨）,fuzzy_name,0.727,精炼产量,a10018516,VALID,v1:fuzzy_name→NI | zhiji=None,None,zhiji_note,CLEAN,NO,NO,
THS-NI-3.1.4,NI,3.1.4,镍精矿进口量（万吨）,fuzzy_name,0.727,wr275,CM0000138647,VALID,v1:fuzzy_name→NI | zhiji=镍铁：进口数量合计：中国（月）,镍铁：进口数量合计：中国（月）,zhiji_note,CLEAN,NO,NO,
THS-NI-3.1.4,NI,3.1.4,进口依赖度（%）,zhiji_search,0.7,,ID01862244,VALID,search score=0.7 | zhiji=花生：进口依存度：中国（年）,花生：进口依存度：中国（年）,zhiji_note,CLEAN,NO,NO,
THS-NI-3.1.4,NI,3.1.4,近3年同月进口总量均值（万吨）,none,0.0,,,MISSING,no_match,,no_match,N/A,N/A,N/A,
THS-NI-3.1.4,NI,3.1.4,近3年同月进口总量标准差（万吨）,none,0.0,,,MISSING,no_match,,no_match,N/A,N/A,N/A,
THS-NI-3.1.4,NI,3.1.4,印尼镍精矿进口量（万吨）,fuzzy_name,0.615,wr275,CM0000138647,VALID,v1:fuzzy_name→NI | zhiji=镍铁：进口数量合计：中国（月）,镍铁：进口数量合计：中国（月）,zhiji_note,CLEAN,NO,NO,
THS-NI-3.1.4,NI,3.1.4,菲律宾镍精矿进口量（万吨）,fuzzy_name,0.571,wr275,CM0000138647,VALID,v1:fuzzy_name→NI | zhiji=镍铁：进口数量合计：中国（月）,镍铁：进口数量合计：中国（月）,zhiji_note,CLEAN,NO,NO,
THS-NI-3.1.4,NI,3.1.4,印尼-菲律宾进口量比（倍）,none,0.0,,,MISSING,no_match,,no_match,N/A,N/A,N/A,
THS-NI-3.1.5,NI,3.1.5,镍精矿TC（美元/吨干矿）,fuzzy_key,0.571,TC,ID01002200,INVALID,v1:fuzzy_key→NI | meta_err:<urlopen error _ssl.c:993: The handshake operation timed out>,TC加工费,indicators_v1[TC],CLEAN,NO,NO,
THS-NI-3.1.5,NI,3.1.5,镍精矿TC分位（%）,none,0.0,,,MISSING,no_match,,no_match,N/A,N/A,N/A,
THS-NI-3.1.5,NI,3.1.5,印尼镍精矿TC（美元/吨干矿）,zhiji_search,0.7,,ID01307265,VALID,search score=0.7 | zhiji=铜精矿：长单TC价（年）,铜精矿：长单TC价（年）,zhiji_note,P0_CONFLICT,YES,NO,BL-022
THS-NI-3.1.5,NI,3.1.5,印尼镍精矿进口量（万吨）,fuzzy_name,0.615,wr275,CM0000138647,VALID,v1:fuzzy_name→NI | zhiji=镍铁：进口数量合计：中国（月）,镍铁：进口数量合计：中国（月）,zhiji_note,CLEAN,NO,NO,
THS-NI-3.1.5,NI,3.1.5,菲律宾镍精矿TC（美元/吨干矿）,zhiji_search,0.7,,ID01307265,VALID,search score=0.7 | zhiji=铜精矿：长单TC价（年）,铜精矿：长单TC价（年）,zhiji_note,P0_CONFLICT,YES,NO,BL-022
THS-NI-3.1.5,NI,3.1.5,菲律宾镍精矿进口量（万吨）,fuzzy_name,0.571,wr275,CM0000138647,VALID,v1:fuzzy_name→NI | zhiji=镍铁：进口数量合计：中国（月）,镍铁：进口数量合计：中国（月）,zhiji_note,CLEAN,NO,NO,
THS-NI-3.1.5,NI,3.1.5,近3年同月TC均值（美元/吨干矿）,zhiji_search,0.7,,ID00180030,VALID,search score=0.7 | zhiji=干胶：RSS3：近月合约：国际市场：市场价：新加坡（年）,干胶：RSS3：近月合约：国际市场：市场价：新加坡（年）,zhiji_note,CLEAN,NO,NO,
THS-NI-3.1.5,NI,3.1.5,近3年同月TC标准差（美元/吨干矿）,zhiji_search,0.7,,CM00908664,VALID,search score=0.7 | zhiji=中国：3年期标准国开债远期合约：成交额（月）,中国：3年期标准国开债远期合约：成交额（月）,zhiji_note,CLEAN,NO,NO,
THS-NI-3.1.5,NI,3.1.5,沪镍主力合约收盘价（元/吨）,fuzzy_name,0.737,wr115,FU00050085,FILLED,v1:fuzzy_name | fallback_variety=LI,碳酸锂 主力合约 收盘价,indicators_v1[wr115],CLEAN,NO,NO,
THS-NI-3.1.5,NI,3.1.5,新喀里多尼亚镍精矿TC（美元/吨干矿）,none,0.0,,,MISSING,no_match,,no_match,N/A,N/A,N/A,
THS-NI-3.1.5,NI,3.1.5,电解镍冶炼利润（元/吨）,fuzzy_name,0.571,si_25_profit_smelt_2,ID01528163,FILLED,v1:fuzzy_name | fallback_variety=SI,工业硅冶炼利润,indicators_v1[si_25_profit_smelt_2],CLEAN,NO,NO,
THS-NI-3.1.5,NI,3.1.5,镍铁冶炼利润（元/吨）,fuzzy_name,0.615,si_25_profit_smelt_2,ID01528163,FILLED,v1:fuzzy_name | fallback_variety=SI,工业硅冶炼利润,indicators_v1[si_25_profit_smelt_2],CLEAN,NO,NO,
THS-NI-3.1.5,NI,3.1.5,近1年TC分位（%）,none,0.0,,,MISSING,no_match,,no_match,N/A,N/A,N/A,
THS-NI-3.2,NI,3.2,电解镍产量,none,0.0,,,MISSING,no_match,,no_match,N/A,N/A,N/A,
THS-NI-3.2,NI,3.2,电解镍产量（万吨）,zhiji_search,0.7,,ID01450118,VALID,search score=0.7 | zhiji=镍板：产量：国外（季）,镍板：产量：国外（季）,zhiji_note,CLEAN,NO,NO,
THS-NI-3.2,NI,3.2,Electrolytic nickel production,zhiji_search,0.7,,ID00299281,VALID,search score=0.7 | zhiji=镍：产量：必和必拓Nickel West矿区（季）,镍：产量：必和必拓Nickel West矿区（季）,zhiji_note,CLEAN,NO,NO,
THS-NI-3.2,NI,3.2,镍铁产量,fuzzy_name,0.8,wr248,ID01651125,VALID,v1:fuzzy_name→NI | zhiji=镍铁：产量（未审计）：印尼国有矿业（季）,镍铁：产量（未审计）：印尼国有矿业（季）,zhiji_note,CLEAN,NO,NO,
THS-NI-3.2,NI,3.2,镍铁产量（万吨）,fuzzy_name,0.8,wr248,ID01651125,VALID,v1:fuzzy_name→NI | zhiji=镍铁：产量（未审计）：印尼国有矿业（季）,镍铁：产量（未审计）：印尼国有矿业（季）,zhiji_note,CLEAN,NO,NO,
THS-NI-3.2,NI,3.2,高冰镍产量,none,0.0,,,MISSING,no_match,,no_match,N/A,N/A,N/A,
THS-NI-3.2,NI,3.2,高冰镍产量（万吨）,zhiji_search,0.7,,ID01360686,VALID,search score=0.7 | zhiji=硫酸镍：产品生产工序：高冰镍（以金属量计）：需求量：中国（月）,硫酸镍：产品生产工序：高冰镍（以金属量计）：需求量：中国（月）,zhiji_note,CLEAN,NO,NO,
THS-NI-3.2,NI,3.2,Matte nickel production,zhiji_search,0.7,,ID00299281,VALID,search score=0.7 | zhiji=镍：产量：必和必拓Nickel West矿区（季）,镍：产量：必和必拓Nickel West矿区（季）,zhiji_note,CLEAN,NO,NO,
THS-NI-3.2,NI,3.2,精炼镍产量,fuzzy_name,0.889,精炼产量,a10018516,VALID,v1:fuzzy_name→NI | zhiji=None,None,zhiji_note,CLEAN,NO,NO,
THS-NI-3.2,NI,3.2,精炼镍产量（万吨）,fuzzy_name,0.889,精炼产量,a10018516,VALID,v1:fuzzy_name→NI | zhiji=None,None,zhiji_note,CLEAN,NO,NO,
THS-NI-3.2,NI,3.2,Refined nickel production,zhiji_search,0.7,,ID00299281,VALID,search score=0.7 | zhiji=镍：产量：必和必拓Nickel West矿区（季）,镍：产量：必和必拓Nickel West矿区（季）,zhiji_note,CLEAN,NO,NO,
THS-NI-3.2,NI,3.2,LME镍注册仓单,fuzzy_name,0.875,i6,a10193710,FILLED,v1:fuzzy_name | fallback_variety=PB,LME铅注册仓单,indicators_v1[i6],CLEAN,NO,NO,
THS-NI-3.2,NI,3.2,LME镍注册仓单（吨）,fuzzy_name,0.875,i6,a10193710,FILLED,v1:fuzzy_name | fallback_variety=PB,LME铅注册仓单,indicators_v1[i6],CLEAN,NO,NO,
THS-NI-3.2,NI,3.2,电解镍开工率,fuzzy_name,0.667,开工率,a10019689,VALID,v1:fuzzy_name→NI | zhiji=None,None,zhiji_note,CLEAN,NO,NO,
THS-NI-3.2,NI,3.2,电解镍开工率（%）,fuzzy_name,0.667,开工率,a10019689,VALID,v1:fuzzy_name→NI | zhiji=None,None,zhiji_note,CLEAN,NO,NO,
THS-NI-3.2,NI,3.2,镍铁开工率,fuzzy_name,0.75,开工率,a10019689,VALID,v1:fuzzy_name→NI | zhiji=None,None,zhiji_note,CLEAN,NO,NO,
THS-NI-3.2,NI,3.2,镍铁开工率（%）,fuzzy_name,0.75,开工率,a10019689,VALID,v1:fuzzy_name→NI | zhiji=None,None,zhiji_note,CLEAN,NO,NO,
THS-NI-3.2,NI,3.2,高冰镍开工率,fuzzy_name,0.667,开工率,a10019689,VALID,v1:fuzzy_name→NI | zhiji=None,None,zhiji_note,CLEAN,NO,NO,
THS-NI-3.2,NI,3.2,高冰镍开工率（%）,fuzzy_name,0.667,开工率,a10019689,VALID,v1:fuzzy_name→NI | zhiji=None,None,zhiji_note,CLEAN,NO,NO,
THS-NI-3.2,NI,3.2,精炼镍开工率,fuzzy_name,0.667,开工率,a10019689,VALID,v1:fuzzy_name→NI | zhiji=None,None,zhiji_note,CLEAN,NO,NO,
THS-NI-3.2,NI,3.2,精炼镍开工率（%）,fuzzy_name,0.667,开工率,a10019689,VALID,v1:fuzzy_name→NI | zhiji=None,None,zhiji_note,CLEAN,NO,NO,
THS-NI-3.2,NI,3.2,印尼镍铁冶炼项目样本投产条数,none,0.0,,,MISSING,no_match,,no_match,N/A,N/A,N/A,
THS-NI-3.2,NI,3.2,再生镍产量,fuzzy_name,0.667,wr196,a12731582,FILLED,v1:fuzzy_name | fallback_variety=SN,国内再生锡产量,indicators_v1[wr196],CLEAN,NO,NO,
THS-NI-3.2,NI,3.2,再生镍产量（万吨）,fuzzy_name,0.667,wr196,a12731582,FILLED,v1:fuzzy_name | fallback_variety=SN,国内再生锡产量,indicators_v1[wr196],CLEAN,NO,NO,
THS-NI-3.2,NI,3.2,Recycled nickel production,zhiji_search,0.7,,ID00299281,VALID,search score=0.7 | zhiji=镍：产量：必和必拓Nickel West矿区（季）,镍：产量：必和必拓Nickel West矿区（季）,zhiji_note,CLEAN,NO,NO,
THS-NI-3.2,NI,3.2,不锈钢废料再生镍量,none,0.0,,,MISSING,no_match,,no_match,N/A,N/A,N/A,
THS-NI-3.2,NI,3.2,不锈钢废料再生镍量（万吨）,zhiji_search,0.7,,GM00194606,VALID,search score=0.7 | zhiji=不锈钢废料及碎料：进口数量：日本→菲律宾（月）,不锈钢废料及碎料：进口数量：日本→菲律宾（月）,zhiji_note,CLEAN,NO,NO,
THS-NI-3.2,NI,3.2,电池级镍回收量,none,0.0,,,MISSING,no_match,,no_match,N/A,N/A,N/A,
THS-NI-3.2,NI,3.2,电池级镍回收量（万吨）,zhiji_search,0.7,,ID01360692,VALID,search score=0.7 | zhiji=硫酸镍：电池级：以金属量计：产量：中国（月）,硫酸镍：电池级：以金属量计：产量：中国（月）,zhiji_note,CLEAN,NO,NO,
THS-NI-3.2,NI,3.2,高冰镍再生量,none,0.0,,,MISSING,no_match,,no_match,N/A,N/A,N/A,
THS-NI-3.2,NI,3.2,高冰镍再生量（万吨）,zhiji_search,0.7,,ID01525679,VALID,search score=0.7 | zhiji=高冰镍：以金属量计：产量：印尼：老口径（月）,高冰镍：以金属量计：产量：印尼：老口径（月）,zhiji_note,CLEAN,NO,NO,
THS-NI-3.2,NI,3.2,硫酸镍产量,fuzzy_name,0.833,wr241,ID01002132,INVALID,v1:fuzzy_name→NI | meta_err:timeout,中国硫酸镍产量,indicators_v1[wr241],CLEAN,NO,NO,
THS-NI-3.2,NI,3.2,硫酸镍产量（万吨）,fuzzy_name,0.833,wr241,ID01002132,INVALID,v1:fuzzy_name→NI | meta_err:timeout,中国硫酸镍产量,indicators_v1[wr241],CLEAN,NO,NO,
THS-NI-3.2,NI,3.2,Nickel sulfate production,zhiji_search,0.7,,ID00299281,VALID,search score=0.7 | zhiji=镍：产量：必和必拓Nickel West矿区（季）,镍：产量：必和必拓Nickel West矿区（季）,zhiji_note,CLEAN,NO,NO,
THS-NI-3.2,NI,3.2,电解镍冶炼利润,fuzzy_name,0.571,si_25_profit_smelt_2,ID01528163,FILLED,v1:fuzzy_name | fallback_variety=SI,工业硅冶炼利润,indicators_v1[si_25_profit_smelt_2],CLEAN,NO,NO,
THS-NI-3.2,NI,3.2,电解镍冶炼利润（元/吨）,fuzzy_name,0.571,si_25_profit_smelt_2,ID01528163,FILLED,v1:fuzzy_name | fallback_variety=SI,工业硅冶炼利润,indicators_v1[si_25_profit_smelt_2],CLEAN,NO,NO,
THS-NI-3.2,NI,3.2,镍铁冶炼利润,fuzzy_name,0.615,si_25_profit_smelt_2,ID01528163,FILLED,v1:fuzzy_name | fallback_variety=SI,工业硅冶炼利润,indicators_v1[si_25_profit_smelt_2],CLEAN,NO,NO,
THS-NI-3.2,NI,3.2,镍铁冶炼利润（元/吨）,fuzzy_name,0.615,si_25_profit_smelt_2,ID01528163,FILLED,v1:fuzzy_name | fallback_variety=SI,工业硅冶炼利润,indicators_v1[si_25_profit_smelt_2],CLEAN,NO,NO,
THS-NI-3.2,NI,3.2,高冰镍冶炼利润,fuzzy_name,0.571,si_25_profit_smelt_2,ID01528163,FILLED,v1:fuzzy_name | fallback_variety=SI,工业硅冶炼利润,indicators_v1[si_25_profit_smelt_2],CLEAN,NO,NO,
THS-NI-3.2,NI,3.2,高冰镍冶炼利润（元/吨）,fuzzy_name,0.571,si_25_profit_smelt_2,ID01528163,FILLED,v1:fuzzy_name | fallback_variety=SI,工业硅冶炼利润,indicators_v1[si_25_profit_smelt_2],CLEAN,NO,NO,
THS-NI-3.2,NI,3.2,沪镍主力合约收盘价,fuzzy_name,0.737,wr115,FU00050085,FILLED,v1:fuzzy_name | fallback_variety=LI,碳酸锂 主力合约 收盘价,indicators_v1[wr115],CLEAN,NO,NO,
THS-NI-3.2,NI,3.2,沪镍主力合约收盘价（元/吨）,fuzzy_name,0.737,wr115,FU00050085,FILLED,v1:fuzzy_name | fallback_variety=LI,碳酸锂 主力合约 收盘价,indicators_v1[wr115],CLEAN,NO,NO,
THS-NI-3.2,NI,3.2,电解镍冶炼利润（元/吨）、沪镍主力合约收盘价（元/吨）,none,0.0,,,MISSING,no_match,,no_match,N/A,N/A,N/A,
THS-NI-3.2.1,NI,3.2.1,电解镍产量（万吨）,zhiji_search,0.7,,ID01450118,VALID,search score=0.7 | zhiji=镍板：产量：国外（季）,镍板：产量：国外（季）,zhiji_note,CLEAN,NO,NO,
THS-NI-3.2.1,NI,3.2.1,电解镍产能利用率（%）,fuzzy_name,0.556,si_313_util_capacity,ID01445977,FILLED,v1:fuzzy_name | fallback_variety=SI,中国工业硅产能利用率,indicators_v1[si_313_util_capacity],CLEAN,NO,NO,
THS-NI-3.2.1,NI,3.2.1,镍铁产量（万吨）,fuzzy_name,0.8,wr248,ID01651125,VALID,v1:fuzzy_name→NI | zhiji=镍铁：产量（未审计）：印尼国有矿业（季）,镍铁：产量（未审计）：印尼国有矿业（季）,zhiji_note,CLEAN,NO,NO,
THS-NI-3.2.1,NI,3.2.1,镍铁产能利用率（%）,fuzzy_name,0.588,si_313_util_capacity,ID01445977,FILLED,v1:fuzzy_name | fallback_variety=SI,中国工业硅产能利用率,indicators_v1[si_313_util_capacity],CLEAN,NO,NO,
THS-NI-3.2.1,NI,3.2.1,高冰镍产量（万吨）,zhiji_search,0.7,,ID01360686,VALID,search score=0.7 | zhiji=硫酸镍：产品生产工序：高冰镍（以金属量计）：需求量：中国（月）,硫酸镍：产品生产工序：高冰镍（以金属量计）：需求量：中国（月）,zhiji_note,CLEAN,NO,NO,
THS-NI-3.2.1,NI,3.2.1,高冰镍产能利用率（%）,fuzzy_name,0.556,si_313_util_capacity,ID01445977,FILLED,v1:fuzzy_name | fallback_variety=SI,中国工业硅产能利用率,indicators_v1[si_313_util_capacity],CLEAN,NO,NO,
THS-NI-3.2.1,NI,3.2.1,精炼镍产量（万吨）,fuzzy_name,0.889,精炼产量,a10018516,VALID,v1:fuzzy_name→NI | zhiji=None,None,zhiji_note,CLEAN,NO,NO,
THS-NI-3.2.1,NI,3.2.1,精炼镍产能利用率（%）,fuzzy_name,0.696,ni_321_capacity_util,ID01002083,VALID,v1:fuzzy_name→NI | zhiji=精炼镍：产能利用率：中国（月）,精炼镍：产能利用率：中国（月）,zhiji_note,CLEAN,NO,NO,
THS-NI-3.2.1,NI,3.2.1,镍精炼产量（万吨）,fuzzy_name,0.889,精炼产量,a10018516,VALID,v1:fuzzy_name→NI | zhiji=None,None,zhiji_note,CLEAN,NO,NO,
THS-NI-3.2.1,NI,3.2.1,近3年同月镍精炼产量均值（万吨）,none,0.0,,,MISSING,no_match,,no_match,N/A,N/A,N/A,
THS-NI-3.2.1,NI,3.2.1,近3年同月镍精炼产量标准差（万吨）,none,0.0,,,MISSING,no_match,,no_match,N/A,N/A,N/A,
THS-NI-3.2.1,NI,3.2.1,镍精矿TC（美元/吨干矿）,fuzzy_key,0.571,TC,ID01002200,INVALID,v1:fuzzy_key→NI | meta_err:<urlopen error _ssl.c:993: The handshake operation timed out>,TC加工费,indicators_v1[TC],CLEAN,NO,NO,
THS-NI-3.2.2,NI,3.2.2,电解镍开工率（%）,fuzzy_name,0.667,开工率,a10019689,VALID,v1:fuzzy_name→NI | zhiji=None,None,zhiji_note,CLEAN,NO,NO,
THS-NI-3.2.2,NI,3.2.2,电解镍检修量（万吨）,none,0.0,,,MISSING,no_match,,no_match,N/A,N/A,N/A,
THS-NI-3.2.2,NI,3.2.2,镍铁开工率（%）,fuzzy_name,0.75,开工率,a10019689,VALID,v1:fuzzy_name→NI | zhiji=None,None,zhiji_note,CLEAN,NO,NO,
THS-NI-3.2.2,NI,3.2.2,镍铁检修量（万吨）,fuzzy_name,0.6,wr275,CM0000138647,VALID,v1:fuzzy_name→NI | zhiji=镍铁：进口数量合计：中国（月）,镍铁：进口数量合计：中国（月）,zhiji_note,CLEAN,NO,NO,
THS-NI-3.2.2,NI,3.2.2,高冰镍开工率（%）,fuzzy_name,0.667,开工率,a10019689,VALID,v1:fuzzy_name→NI | zhiji=None,None,zhiji_note,CLEAN,NO,NO,
THS-NI-3.2.2,NI,3.2.2,高冰镍检修量（万吨）,none,0.0,,,MISSING,no_match,,no_match,N/A,N/A,N/A,
THS-NI-3.2.2,NI,3.2.2,精炼镍开工率（%）,fuzzy_name,0.667,开工率,a10019689,VALID,v1:fuzzy_name→NI | zhiji=None,None,zhiji_note,CLEAN,NO,NO,
THS-NI-3.2.2,NI,3.2.2,精炼镍检修量（万吨）,fuzzy_name,0.615,wr247,a12870400,VALID,v1:fuzzy_name→NI | zhiji=None,None,zhiji_note,CLEAN,NO,NO,
THS-NI-3.2.2,NI,3.2.2,镍精炼开工率（%）,fuzzy_name,0.667,开工率,a10019689,VALID,v1:fuzzy_name→NI | zhiji=None,None,zhiji_note,CLEAN,NO,NO,
THS-NI-3.2.2,NI,3.2.2,近3年同月开工率均值（%）,zhiji_search,0.7,,ID01442722,VALID,search score=0.7 | zhiji=产业在线：HFC-32：开工率：中国（年）,产业在线：HFC-32：开工率：中国（年）,zhiji_note,CLEAN,NO,NO,
THS-NI-3.2.2,NI,3.2.2,近3年同月开工率标准差（%）,zhiji_search,0.7,,ID01442722,VALID,search score=0.7 | zhiji=产业在线：HFC-32：开工率：中国（年）,产业在线：HFC-32：开工率：中国（年）,zhiji_note,CLEAN,NO,NO,
THS-NI-3.2.2,NI,3.2.2,镍精矿TC（美元/吨干矿）,fuzzy_key,0.571,TC,ID01002200,INVALID,v1:fuzzy_key→NI | meta_err:<urlopen error _ssl.c:993: The handshake operation timed out>,TC加工费,indicators_v1[TC],CLEAN,NO,NO,
THS-NI-3.2.3,NI,3.2.3,再生镍产量（万吨）,fuzzy_name,0.667,wr196,a12731582,FILLED,v1:fuzzy_name | fallback_variety=SN,国内再生锡产量,indicators_v1[wr196],CLEAN,NO,NO,
THS-NI-3.2.3,NI,3.2.3,再生镍占比（%）,none,0.0,,,MISSING,no_match,,no_match,N/A,N/A,N/A,
THS-NI-3.2.3,NI,3.2.3,不锈钢废料再生镍量（万吨）,zhiji_search,0.7,,GM00194606,VALID,search score=0.7 | zhiji=不锈钢废料及碎料：进口数量：日本→菲律宾（月）,不锈钢废料及碎料：进口数量：日本→菲律宾（月）,zhiji_note,CLEAN,NO,NO,
THS-NI-3.2.3,NI,3.2.3,不锈钢废料进口量（万吨）,fuzzy_name,0.857,wr270,a10018706,VALID,v1:fuzzy_name→NI | zhiji=None,None,zhiji_note,CLEAN,NO,NO,
THS-NI-3.2.3,NI,3.2.3,电池级镍回收量（万吨）,zhiji_search,0.7,,ID01360692,VALID,search score=0.7 | zhiji=硫酸镍：电池级：以金属量计：产量：中国（月）,硫酸镍：电池级：以金属量计：产量：中国（月）,zhiji_note,CLEAN,NO,NO,
THS-NI-3.2.3,NI,3.2.3,动力电池废料进口量（万吨）,fuzzy_name,0.625,li_52_idx,ID01660879,FILLED,v1:fuzzy_name | fallback_variety=LI,动力电池装车量,indicators_v1[li_52_idx],CLEAN,NO,NO,
THS-NI-3.2.3,NI,3.2.3,高冰镍再生量（万吨）,zhiji_search,0.7,,ID01525679,VALID,search score=0.7 | zhiji=高冰镍：以金属量计：产量：印尼：老口径（月）,高冰镍：以金属量计：产量：印尼：老口径（月）,zhiji_note,CLEAN,NO,NO,
THS-NI-3.2.3,NI,3.2.3,高冰镍进口量（万吨）,fuzzy_name,0.769,wr271,ID01364207,VALID,v1:fuzzy_name→NI | zhiji=冰镍：进口金额合计：中国（月）,冰镍：进口金额合计：中国（月）,zhiji_note,CLEAN,NO,NO,
THS-NI-3.2.3,NI,3.2.3,近3年同月再生镍产量均值（万吨）,none,0.0,,,MISSING,no_match,,no_match,N/A,N/A,N/A,
THS-NI-3.2.3,NI,3.2.3,近3年同月再生镍产量标准差（万吨）,none,0.0,,,MISSING,no_match,,no_match,N/A,N/A,N/A,
THS-NI-3.2.3,NI,3.2.3,镍精矿TC（美元/吨干矿）,fuzzy_key,0.571,TC,ID01002200,INVALID,v1:fuzzy_key→NI | meta_err:<urlopen error _ssl.c:993: The handshake operation timed out>,TC加工费,indicators_v1[TC],CLEAN,NO,NO,
THS-NI-3.2.3,NI,3.2.3,电解镍产量（万吨）,zhiji_search,0.7,,ID01450118,VALID,search score=0.7 | zhiji=镍板：产量：国外（季）,镍板：产量：国外（季）,zhiji_note,CLEAN,NO,NO,
THS-NI-3.2.3,NI,3.2.3,再生镍-电解镍产量比（倍）,none,0.0,,,MISSING,no_match,,no_match,N/A,N/A,N/A,
THS-NI-3.2.4,NI,3.2.4,电解镍冶炼利润（元/吨）,fuzzy_name,0.571,si_25_profit_smelt_2,ID01528163,FILLED,v1:fuzzy_name | fallback_variety=SI,工业硅冶炼利润,indicators_v1[si_25_profit_smelt_2],CLEAN,NO,NO,
THS-NI-3.2.4,NI,3.2.4,电解镍完全成本（元/吨）,fuzzy_name,0.571,li_71_total_cost,ID01835358,FILLED,v1:fuzzy_name | fallback_variety=LI,分路线完全成本,indicators_v1[li_71_total_cost],CLEAN,NO,NO,
THS-NI-3.2.4,NI,3.2.4,镍铁冶炼利润（元/吨）,fuzzy_name,0.615,si_25_profit_smelt_2,ID01528163,FILLED,v1:fuzzy_name | fallback_variety=SI,工业硅冶炼利润,indicators_v1[si_25_profit_smelt_2],CLEAN,NO,NO,
THS-NI-3.2.4,NI,3.2.4,镍铁完全成本（元/吨）,fuzzy_name,0.615,li_71_total_cost,ID01835358,FILLED,v1:fuzzy_name | fallback_variety=LI,分路线完全成本,indicators_v1[li_71_total_cost],CLEAN,NO,NO,
THS-NI-3.2.4,NI,3.2.4,高冰镍冶炼利润（元/吨）,fuzzy_name,0.571,si_25_profit_smelt_2,ID01528163,FILLED,v1:fuzzy_name | fallback_variety=SI,工业硅冶炼利润,indicators_v1[si_25_profit_smelt_2],CLEAN,NO,NO,
THS-NI-3.2.4,NI,3.2.4,高冰镍完全成本（元/吨）,fuzzy_name,0.571,li_71_total_cost,ID01835358,FILLED,v1:fuzzy_name | fallback_variety=LI,分路线完全成本,indicators_v1[li_71_total_cost],CLEAN,NO,NO,
THS-NI-3.2.4,NI,3.2.4,近1年电解镍冶炼利润分位（%）,zhiji_search,0.7,,ID00185673,VALID,search score=0.7 | zhiji=电解镍：1#：汇总价格：上海（日）,电解镍：1#：汇总价格：上海（日）,zhiji_note,CLEAN,NO,NO,
THS-NI-3.2.4,NI,3.2.4,电解镍开工率（%）,fuzzy_name,0.667,开工率,a10019689,VALID,v1:fuzzy_name→NI | zhiji=None,None,zhiji_note,CLEAN,NO,NO,
THS-NI-3.2.4,NI,3.2.4,镍精矿TC（美元/吨干矿）,fuzzy_key,0.571,TC,ID01002200,INVALID,v1:fuzzy_key→NI | meta_err:<urlopen error _ssl.c:993: The handshake operation timed out>,TC加工费,indicators_v1[TC],CLEAN,NO,NO,
THS-NI-3.2.4,NI,3.2.4,近3年同月电解镍冶炼利润均值（元/吨）,none,0.0,,,MISSING,no_match,,no_match,N/A,N/A,N/A,
THS-NI-3.2.4,NI,3.2.4,近3年同月电解镍冶炼利润标准差（元/吨）,none,0.0,,,MISSING,no_match,,no_match,N/A,N/A,N/A,
THS-NI-3.2.4,NI,3.2.4,沪镍主力合约收盘价（元/吨）,fuzzy_name,0.737,wr115,FU00050085,FILLED,v1:fuzzy_name | fallback_variety=LI,碳酸锂 主力合约 收盘价,indicators_v1[wr115],CLEAN,NO,NO,
THS-NI-4.1,NI,4.1,上期所镍仓单量（手）,zhiji_search,0.7,,FU00112558,VALID,search score=0.7 | zhiji=中国期货协会：镍：成交量：上期所（月）,中国期货协会：镍：成交量：上期所（月）,zhiji_note,CLEAN,NO,NO,
THS-NI-4.1,NI,4.1,上期所镍注销仓单量（手）,zhiji_search,0.7,,FU00014818,VALID,search score=0.7 | zhiji=LME：镍：注销仓单（日）,LME：镍：注销仓单（日）,zhiji_note,CLEAN,NO,NO,
THS-NI-4.1,NI,4.1,上海地区仓单量（手）,zhiji_search,0.7,,FU00058092,VALID,search score=0.7 | zhiji=GFEX：碳酸锂：仓单数量：建发上海库（日）,GFEX：碳酸锂：仓单数量：建发上海库（日）,zhiji_note,CLEAN,NO,NO,
THS-NI-4.1,NI,4.1,广东地区仓单量（手）,zhiji_search,0.7,,FU00048147,VALID,search score=0.7 | zhiji=CZCE：白糖：仓单数量：广东北部湾库（日）,CZCE：白糖：仓单数量：广东北部湾库（日）,zhiji_note,CLEAN,NO,NO,
THS-NI-4.1,NI,4.1,浙江地区仓单量（手）,zhiji_search,0.7,,FU00092633,VALID,search score=0.7 | zhiji=CZCE：白糖：仓单数量：浙江甘泽库（日）,CZCE：白糖：仓单数量：浙江甘泽库（日）,zhiji_note,CLEAN,NO,NO,
THS-NI-4.1,NI,4.1,近3年同月仓单量均值（手）,zhiji_search,0.7,,CM00911071,VALID,search score=0.7 | zhiji=中国：3年港元隐含利率曲线：FR007：收盘/即期询价均值（日）,中国：3年港元隐含利率曲线：FR007：收盘/即期询价均值（日）,zhiji_note,CLEAN,NO,NO,
THS-NI-4.1,NI,4.1,近3年同月仓单量标准差（手）,zhiji_search,0.7,,CM0000861896,VALID,search score=0.7 | zhiji=山东：标准化实验项目：数量：聊城（年）,山东：标准化实验项目：数量：聊城（年）,zhiji_note,CLEAN,NO,NO,
THS-NI-4.1,NI,4.1,沪镍主力合约收盘价（元/吨）,fuzzy_name,0.737,wr115,FU00050085,FILLED,v1:fuzzy_name | fallback_variety=LI,碳酸锂 主力合约 收盘价,indicators_v1[wr115],CLEAN,NO,NO,
THS-NI-4.1,NI,4.1,近1年仓单量分位（%）,zhiji_search,0.7,,ID01367554,VALID,"search score=0.7 | zhiji=1,4-丁二醇：检修减损量：中国（年）","1,4-丁二醇：检修减损量：中国（年）",zhiji_note,CLEAN,NO,NO,
THS-NI-4.1,NI,4.1,镍现货升贴水（元/吨）,fuzzy_name,0.588,li_22_premium_battery_lc,a12751985,FILLED,v1:fuzzy_name | fallback_variety=LI,电池级碳酸锂现货升贴水,indicators_v1[li_22_premium_battery_lc],CLEAN,NO,NO,
THS-NI-4.1,NI,4.1,镍进口盈亏（元/吨）,fuzzy_name,0.667,ni_62_import,ID00408378,VALID,v1:fuzzy_name→NI | zhiji=镍豆：进口盈亏（日）,镍豆：进口盈亏（日）,zhiji_note,CLEAN,NO,NO,
THS-NI-4.1,NI,4.1,LME镍库存（手）,exact_name,1.0,wr260,a12764445,VALID,v1:exact_name→NI | zhiji=None,None,zhiji_note,CLEAN,NO,NO,
THS-NI-4.1,NI,4.1,上期所镍仓单量,none,0.0,,,MISSING,no_match,,no_match,N/A,N/A,N/A,
THS-NI-4.1,NI,4.1,SMM纯镍社会库存:上期所,fuzzy_name,0.621,sn_43_inv_2,a10020743,FILLED,v1:fuzzy_name | fallback_variety=SN,SMM: 锡锭社会库存: 上海: 周度,indicators_v1[sn_43_inv_2],CLEAN,NO,NO,
THS-NI-4.1,NI,4.1,中国精炼镍仓单库存,fuzzy_name,0.625,wr242,ID01002085,VALID,v1:fuzzy_name→NI | zhiji=精炼镍：产量：中国（月）,精炼镍：产量：中国（月）,zhiji_note,CLEAN,NO,NO,
THS-NI-4.1,NI,4.1,LME镍库存（LME Nickel Stock）,exact_name,1.0,wr260,a12764445,VALID,v1:exact_name→NI | zhiji=None,None,zhiji_note,CLEAN,NO,NO,
THS-NI-4.1,NI,4.1,上海地区仓单量、广东地区仓单量、浙江地区仓单量,none,0.0,,,MISSING,no_match,,no_match,N/A,N/A,N/A,
THS-NI-4.1,NI,4.1,SMM纯镍社会库存:上海/广东/浙江,fuzzy_name,0.588,sn_43_inv_2,a10020743,FILLED,v1:fuzzy_name | fallback_variety=SN,SMM: 锡锭社会库存: 上海: 周度,indicators_v1[sn_43_inv_2],CLEAN,NO,NO,
THS-NI-4.1,NI,4.1,沪镍主力合约收盘价,fuzzy_name,0.737,wr115,FU00050085,FILLED,v1:fuzzy_name | fallback_variety=LI,碳酸锂 主力合约 收盘价,indicators_v1[wr115],CLEAN,NO,NO,
THS-NI-4.1,NI,4.1,镍现货升贴水,fuzzy_name,0.588,li_22_premium_battery_lc,a12751985,FILLED,v1:fuzzy_name | fallback_variety=LI,电池级碳酸锂现货升贴水,indicators_v1[li_22_premium_battery_lc],CLEAN,NO,NO,
THS-NI-4.1,NI,4.1,SMM纯镍现货升贴水,fuzzy_name,0.762,j22_premium,a10017061,FILLED,v1:fuzzy_name | fallback_variety=PB,SMM 上海铅现货升贴水,indicators_v1[j22_premium],CLEAN,NO,NO,
THS-NI-4.1,NI,4.1,Mysteel纯镍现货升贴水,zhiji_search,0.7,,ID00265540,VALID,search score=0.7 | zhiji=电解镍：Ni≥99.96%：俄罗斯产：现货到岸升贴水：中国（日）,电解镍：Ni≥99.96%：俄罗斯产：现货到岸升贴水：中国（日）,zhiji_note,CLEAN,NO,NO,
THS-NI-4.1,NI,4.1,LME镍升贴水0-3（LME Nickel Premium/Discount 0-3）,fuzzy_name,0.706,wr168,j02797784,FILLED,v1:fuzzy_name | fallback_variety=SN,LME锡升贴水,indicators_v1[wr168],CLEAN,NO,NO,
THS-NI-4.1,NI,4.1,镍进口盈亏,fuzzy_name,0.667,ni_62_import,ID00408378,VALID,v1:fuzzy_name→NI | zhiji=镍豆：进口盈亏（日）,镍豆：进口盈亏（日）,zhiji_note,CLEAN,NO,NO,
THS-NI-4.1,NI,4.1,SMM镍进口盈亏,fuzzy_name,0.667,j23_imp_profit,a12759796,FILLED,v1:fuzzy_name | fallback_variety=PB,SMM 进口盈亏 铅 现货 盈亏额,indicators_v1[j23_imp_profit],CLEAN,NO,NO,
THS-NI-4.1,NI,4.1,Mysteel镍豆进口盈亏,zhiji_search,0.7,,ID00408378,VALID,search score=0.7 | zhiji=镍豆：进口盈亏（日）,镍豆：进口盈亏（日）,zhiji_note,CLEAN,NO,NO,
THS-NI-4.1,NI,4.1,LME镍库存,exact_name,1.0,wr260,a12764445,VALID,v1:exact_name→NI | zhiji=None,None,zhiji_note,CLEAN,NO,NO,
THS-NI-4.1,NI,4.1,SMM LME镍库存,fuzzy_name,0.8,wr260,a12764445,VALID,v1:fuzzy_name→NI | zhiji=None,None,zhiji_note,CLEAN,NO,NO,
THS-NI-4.1,NI,4.1,Mysteel LME镍库存,fuzzy_name,0.632,wr260,a12764445,VALID,v1:fuzzy_name→NI | zhiji=None,None,zhiji_note,CLEAN,NO,NO,
THS-NI-4.1,NI,4.1,LME Nickel Stock（吨）,zhiji_search,0.7,,FU00103249,VALID,search score=0.7 | zhiji=LME：非仓单库存：欧洲（日）,LME：非仓单库存：欧洲（日）,zhiji_note,CLEAN,NO,NO,
THS-NI-4.2,NI,4.2,上期所镍仓单量（手）,zhiji_search,0.7,,FU00112558,VALID,search score=0.7 | zhiji=中国期货协会：镍：成交量：上期所（月）,中国期货协会：镍：成交量：上期所（月）,zhiji_note,CLEAN,NO,NO,
THS-NI-4.2,NI,4.2,上期所镍注销仓单量（手）,zhiji_search,0.7,,FU00014818,VALID,search score=0.7 | zhiji=LME：镍：注销仓单（日）,LME：镍：注销仓单（日）,zhiji_note,CLEAN,NO,NO,
THS-NI-4.2,NI,4.2,上海地区仓单量（手）,zhiji_search,0.7,,FU00058092,VALID,search score=0.7 | zhiji=GFEX：碳酸锂：仓单数量：建发上海库（日）,GFEX：碳酸锂：仓单数量：建发上海库（日）,zhiji_note,CLEAN,NO,NO,
THS-NI-4.2,NI,4.2,广东地区仓单量（手）,zhiji_search,0.7,,FU00048147,VALID,search score=0.7 | zhiji=CZCE：白糖：仓单数量：广东北部湾库（日）,CZCE：白糖：仓单数量：广东北部湾库（日）,zhiji_note,CLEAN,NO,NO,
THS-NI-4.2,NI,4.2,浙江地区仓单量（手）,zhiji_search,0.7,,FU00092633,VALID,search score=0.7 | zhiji=CZCE：白糖：仓单数量：浙江甘泽库（日）,CZCE：白糖：仓单数量：浙江甘泽库（日）,zhiji_note,CLEAN,NO,NO,
THS-NI-4.2,NI,4.2,近3年同月仓单量均值（手）,zhiji_search,0.7,,CM00911071,VALID,search score=0.7 | zhiji=中国：3年港元隐含利率曲线：FR007：收盘/即期询价均值（日）,中国：3年港元隐含利率曲线：FR007：收盘/即期询价均值（日）,zhiji_note,CLEAN,NO,NO,
THS-NI-4.2,NI,4.2,近3年同月仓单量标准差（手）,zhiji_search,0.7,,CM0000861896,VALID,search score=0.7 | zhiji=山东：标准化实验项目：数量：聊城（年）,山东：标准化实验项目：数量：聊城（年）,zhiji_note,CLEAN,NO,NO,
THS-NI-4.2,NI,4.2,近1年仓单量分位（%）,zhiji_search,0.7,,ID01367554,VALID,"search score=0.7 | zhiji=1,4-丁二醇：检修减损量：中国（年）","1,4-丁二醇：检修减损量：中国（年）",zhiji_note,CLEAN,NO,NO,
THS-NI-4.2,NI,4.2,LME镍库存（手）,exact_name,1.0,wr260,a12764445,VALID,v1:exact_name→NI | zhiji=None,None,zhiji_note,CLEAN,NO,NO,
THS-NI-4.2,NI,4.2,注销占比（%）,fuzzy_name,0.727,pb_41_aux_8,FU00023838,FILLED,v1:fuzzy_name | fallback_variety=PB,注销占比(日),indicators_v1[pb_41_aux_8],CLEAN,NO,NO,
THS-NI-4.2,NI,4.2,镍现货升贴水（元/吨）,fuzzy_name,0.588,li_22_premium_battery_lc,a12751985,FILLED,v1:fuzzy_name | fallback_variety=LI,电池级碳酸锂现货升贴水,indicators_v1[li_22_premium_battery_lc],CLEAN,NO,NO,
THS-NI-4.2,NI,4.2,沪镍主力合约收盘价（元/吨）,fuzzy_name,0.737,wr115,FU00050085,FILLED,v1:fuzzy_name | fallback_variety=LI,碳酸锂 主力合约 收盘价,indicators_v1[wr115],CLEAN,NO,NO,
THS-NI-4.2,NI,4.2,上期所镍仓单量、上期所镍注销仓单量,none,0.0,,,MISSING,no_match,,no_match,N/A,N/A,N/A,
THS-NI-4.2,NI,4.2,SMM纯镍社会库存:上期所（含注销仓单）,fuzzy_name,0.621,sn_43_inv_2,a10020743,FILLED,v1:fuzzy_name | fallback_variety=SN,SMM: 锡锭社会库存: 上海: 周度,indicators_v1[sn_43_inv_2],CLEAN,NO,NO,
THS-NI-4.2,NI,4.2,Mysteel精炼镍仓单库存、注销仓单,zhiji_search,0.7,,FU00014818,VALID,search score=0.7 | zhiji=LME：镍：注销仓单（日）,LME：镍：注销仓单（日）,zhiji_note,CLEAN,NO,NO,
THS-NI-4.2,NI,4.2,LME镍注册仓单（LME Nickel Registered Stock）、LME镍注销仓单（LME,zhiji_search,0.7,,FU00014818,VALID,search score=0.7 | zhiji=LME：镍：注销仓单（日）,LME：镍：注销仓单（日）,zhiji_note,CLEAN,NO,NO,
THS-NI-4.2,NI,4.2,上期所镍仓单量、上期所镍注销仓单量、注销占比,none,0.0,,,MISSING,no_match,,no_match,N/A,N/A,N/A,
THS-NI-4.2,NI,4.2,Mysteel精炼镍仓单注销占比,zhiji_search,0.7,,FU00023801,VALID,search score=0.7 | zhiji=LME：镍：注销占比（日）,LME：镍：注销占比（日）,zhiji_note,CLEAN,NO,NO,
THS-NI-4.2,NI,4.2,LME镍注销仓单占比（LME Nickel Unregistered Stock Ratio）,fuzzy_name,0.778,i7,a10193711,FILLED,v1:fuzzy_name | fallback_variety=PB,LME铅注销仓单,indicators_v1[i7],CLEAN,NO,NO,
THS-NI-4.2,NI,4.2,上期所镍仓单量、LME镍库存,fuzzy_name,0.6,wr260,a12764445,VALID,v1:fuzzy_name→NI | zhiji=None,None,zhiji_note,CLEAN,NO,NO,
THS-NI-4.2,NI,4.2,SMM纯镍社会库存:上期所、LME镍库存,none,0.0,,,MISSING,no_match,,no_match,N/A,N/A,N/A,
THS-NI-4.2,NI,4.2,Mysteel精炼镍仓单库存、LME镍库存,zhiji_search,0.7,,FU00103248,VALID,search score=0.7 | zhiji=LME：镍：非仓单库存：欧洲（日）,LME：镍：非仓单库存：欧洲（日）,zhiji_note,CLEAN,NO,NO,
THS-NI-4.2,NI,4.2,LME Nickel Stock,zhiji_search,0.7,,FU00103249,VALID,search score=0.7 | zhiji=LME：非仓单库存：欧洲（日）,LME：非仓单库存：欧洲（日）,zhiji_note,CLEAN,NO,NO,
THS-NI-4.2,NI,4.2,上期所镍仓单量、镍现货升贴水,none,0.0,,,MISSING,no_match,,no_match,N/A,N/A,N/A,
THS-NI-4.2,NI,4.2,SMM纯镍社会库存:上期所、SMM纯镍现货升贴水,none,0.0,,,MISSING,no_match,,no_match,N/A,N/A,N/A,
THS-NI-4.2,NI,4.2,Mysteel精炼镍仓单库存、Mysteel纯镍现货升贴水,zhiji_search,0.7,,FU00103248,VALID,search score=0.7 | zhiji=LME：镍：非仓单库存：欧洲（日）,LME：镍：非仓单库存：欧洲（日）,zhiji_note,CLEAN,NO,NO,
THS-NI-4.2,NI,4.2,LME镍升贴水0-3,fuzzy_name,0.706,wr168,j02797784,FILLED,v1:fuzzy_name | fallback_variety=SN,LME锡升贴水,indicators_v1[wr168],CLEAN,NO,NO,
THS-NI-4.2,NI,4.2,上期所镍仓单量、沪镍主力合约收盘价,fuzzy_name,0.552,li_21_close_front_futures,a10172975,FILLED,v1:fuzzy_name | fallback_variety=LI,碳酸锂期货主力合约收盘价,indicators_v1[li_21_close_front_futures],CLEAN,NO,NO,
THS-NI-4.2,NI,4.2,SMM纯镍社会库存:上期所、沪镍主力合约收盘价,none,0.0,,,MISSING,no_match,,no_match,N/A,N/A,N/A,
THS-NI-4.2,NI,4.2,Mysteel精炼镍仓单库存、沪镍主力合约收盘价,zhiji_search,0.7,,FU00103248,VALID,search score=0.7 | zhiji=LME：镍：非仓单库存：欧洲（日）,LME：镍：非仓单库存：欧洲（日）,zhiji_note,CLEAN,NO,NO,
THS-NI-4.3,NI,4.3,镍社会库存总量（万吨）,fuzzy_name,0.727,社库,ID00185743,VALID,v1:fuzzy_name→NI | zhiji=镍生铁：库存合计：中国：实物量（月）,镍生铁：库存合计：中国：实物量（月）,zhiji_note,CLEAN,NO,NO,
THS-NI-4.3,NI,4.3,厂内库存（万吨）,fuzzy_name,0.667,wr151,ID02069945,FILLED,v1:fuzzy_name | fallback_variety=LI,锂矿 外采 厂内库存,indicators_v1[wr151],CLEAN,NO,NO,
THS-NI-4.3,NI,4.3,厂外库存（万吨）,none,0.0,,,MISSING,no_match,,no_match,N/A,N/A,N/A,
THS-NI-4.3,NI,4.3,上海地区社会库存（万吨）,fuzzy_name,0.667,社库,ID00185743,VALID,v1:fuzzy_name→NI | zhiji=镍生铁：库存合计：中国：实物量（月）,镍生铁：库存合计：中国：实物量（月）,zhiji_note,CLEAN,NO,NO,
THS-NI-4.3,NI,4.3,广东地区社会库存（万吨）,fuzzy_name,0.667,社库,ID00185743,VALID,v1:fuzzy_name→NI | zhiji=镍生铁：库存合计：中国：实物量（月）,镍生铁：库存合计：中国：实物量（月）,zhiji_note,CLEAN,NO,NO,
THS-NI-4.3,NI,4.3,浙江地区社会库存（万吨）,fuzzy_name,0.667,社库,ID00185743,VALID,v1:fuzzy_name→NI | zhiji=镍生铁：库存合计：中国：实物量（月）,镍生铁：库存合计：中国：实物量（月）,zhiji_note,CLEAN,NO,NO,
THS-NI-4.3,NI,4.3,近3年同月社会库存均值（万吨）,none,0.0,,,MISSING,no_match,,no_match,N/A,N/A,N/A,
THS-NI-4.3,NI,4.3,近3年同月社会库存标准差（万吨）,none,0.0,,,MISSING,no_match,,no_match,N/A,N/A,N/A,
THS-NI-4.3,NI,4.3,近1年社会库存分位（%）,fuzzy_name,0.615,社库,ID00185743,VALID,v1:fuzzy_name→NI | zhiji=镍生铁：库存合计：中国：实物量（月）,镍生铁：库存合计：中国：实物量（月）,zhiji_note,CLEAN,NO,NO,
THS-NI-4.3,NI,4.3,上期所镍仓单量（手）,zhiji_search,0.7,,FU00112558,VALID,search score=0.7 | zhiji=中国期货协会：镍：成交量：上期所（月）,中国期货协会：镍：成交量：上期所（月）,zhiji_note,CLEAN,NO,NO,
THS-NI-4.3,NI,4.3,镍精矿TC（美元/吨干矿）,fuzzy_key,0.571,TC,ID01002200,INVALID,v1:fuzzy_key→NI | meta_err:<urlopen error _ssl.c:993: The handshake operation timed out>,TC加工费,indicators_v1[TC],CLEAN,NO,NO,
THS-NI-4.3,NI,4.3,沪镍主力合约收盘价（元/吨）,fuzzy_name,0.737,wr115,FU00050085,FILLED,v1:fuzzy_name | fallback_variety=LI,碳酸锂 主力合约 收盘价,indicators_v1[wr115],CLEAN,NO,NO,
THS-NI-4.3,NI,4.3,在途库存（万吨）,fuzzy_name,0.667,wr152,ID02093014,FILLED,v1:fuzzy_name | fallback_variety=LI,锂矿 外采 在途库存,indicators_v1[wr152],CLEAN,NO,NO,
THS-NI-4.3,NI,4.3,隐性库存（万吨）,zhiji_search,0.7,,ID00317750,VALID,search score=0.7 | zhiji=普钢：库存：日本（季）,普钢：库存：日本（季）,zhiji_note,CLEAN,NO,NO,
THS-NI-4.3,NI,4.3,镍社会库存总量（含上期所、南储、隐性）,fuzzy_name,0.727,社库,ID00185743,VALID,v1:fuzzy_name→NI | zhiji=镍生铁：库存合计：中国：实物量（月）,镍生铁：库存合计：中国：实物量（月）,zhiji_note,CLEAN,NO,NO,
THS-NI-4.3,NI,4.3,SMM纯镍社会库存:三地总量,none,0.0,,,MISSING,no_match,,no_match,N/A,N/A,N/A,
THS-NI-4.3,NI,4.3,Mysteel中国精炼镍27库社会库存,zhiji_search,0.7,,ID01490913,VALID,search score=0.7 | zhiji=精炼镍：库存：中国：27家样本仓库（周）,精炼镍：库存：中国：27家样本仓库（周）,zhiji_note,CLEAN,NO,NO,
THS-NI-4.3,NI,4.3,上海地区社会库存、广东地区社会库存、浙江地区社会库存,none,0.0,,,MISSING,no_match,,no_match,N/A,N/A,N/A,
THS-NI-4.3,NI,4.3,SMM纯镍社会库存:上海/广东/浙江,fuzzy_name,0.588,sn_43_inv_2,a10020743,FILLED,v1:fuzzy_name | fallback_variety=SN,SMM: 锡锭社会库存: 上海: 周度,indicators_v1[sn_43_inv_2],CLEAN,NO,NO,
THS-NI-4.3,NI,4.3,Mysteel中国精炼镍社会库存:上海/广东/浙江,zhiji_search,0.7,,ID01001673,VALID,search score=0.7 | zhiji=精炼镍：库存：中国：18家样本仓库（周）,精炼镍：库存：中国：18家样本仓库（周）,zhiji_note,CLEAN,NO,NO,
THS-NI-4.3,NI,4.3,镍社会库存总量、上期所镍仓单量,none,0.0,,,MISSING,no_match,,no_match,N/A,N/A,N/A,
THS-NI-4.3,NI,4.3,SMM纯镍社会库存:三地总量、SMM纯镍社会库存:上期所,none,0.0,,,MISSING,no_match,,no_match,N/A,N/A,N/A,
THS-NI-4.3,NI,4.3,Mysteel中国精炼镍27库社会库存、Mysteel精炼镍仓单库存,zhiji_search,0.7,,ID01490913,VALID,search score=0.7 | zhiji=精炼镍：库存：中国：27家样本仓库（周）,精炼镍：库存：中国：27家样本仓库（周）,zhiji_note,CLEAN,NO,NO,
THS-NI-4.3,NI,4.3,镍社会库存总量、沪镍主力合约收盘价,none,0.0,,,MISSING,no_match,,no_match,N/A,N/A,N/A,
THS-NI-4.3,NI,4.3,SMM纯镍社会库存:三地总量、沪镍主力合约收盘价,none,0.0,,,MISSING,no_match,,no_match,N/A,N/A,N/A,
THS-NI-4.3,NI,4.3,Mysteel中国精炼镍27库社会库存、沪镍主力合约收盘价,zhiji_search,0.7,,ID01490913,VALID,search score=0.7 | zhiji=精炼镍：库存：中国：27家样本仓库（周）,精炼镍：库存：中国：27家样本仓库（周）,zhiji_note,CLEAN,NO,NO,
THS-NI-4.3,NI,4.3,在途库存、隐性库存,none,0.0,,,MISSING,no_match,,no_match,N/A,N/A,N/A,
THS-NI-4.3,NI,4.3,SMM纯镍社会库存:在途/隐性,none,0.0,,,MISSING,no_match,,no_match,N/A,N/A,N/A,
THS-NI-4.3,NI,4.3,Mysteel中国精炼镍在途库存、隐性库存,zhiji_search,0.7,,ID01721692,VALID,search score=0.7 | zhiji=氧化铝：站台/在途库存：中国（周）,氧化铝：站台/在途库存：中国（周）,zhiji_note,CLEAN,NO,NO,
THS-NI-4.3,NI,4.3,镍社会库存总量、LME镍库存,fuzzy_name,0.6,wr260,a12764445,VALID,v1:fuzzy_name→NI | zhiji=None,None,zhiji_note,CLEAN,NO,NO,
THS-NI-4.3,NI,4.3,SMM纯镍社会库存:三地总量、LME镍库存,none,0.0,,,MISSING,no_match,,no_match,N/A,N/A,N/A,
THS-NI-4.3,NI,4.3,Mysteel中国精炼镍27库社会库存、LME镍库存,zhiji_search,0.7,,ID01490913,VALID,search score=0.7 | zhiji=精炼镍：库存：中国：27家样本仓库（周）,精炼镍：库存：中国：27家样本仓库（周）,zhiji_note,CLEAN,NO,NO,
THS-NI-4.3,NI,4.3,LME Nickel Stock,zhiji_search,0.7,,FU00103249,VALID,search score=0.7 | zhiji=LME：非仓单库存：欧洲（日）,LME：非仓单库存：欧洲（日）,zhiji_note,CLEAN,NO,NO,
THS-NI-4.4,NI,4.4,电解镍厂库存（万吨）,fuzzy_name,0.6,wr267,a12854683,VALID,v1:fuzzy_name→NI | zhiji=None,None,zhiji_note,CLEAN,NO,NO,
THS-NI-4.4,NI,4.4,电解镍厂库存天数（天）,fuzzy_name,0.588,li_44_inv,a12805120,FILLED,v1:fuzzy_name | fallback_variety=LI,碳酸锂工厂库存天数,indicators_v1[li_44_inv],WARNING,NO,YES,BL-012
THS-NI-4.4,NI,4.4,镍铁厂库存（万吨）,fuzzy_name,0.889,wr267,a12854683,VALID,v1:fuzzy_name→NI | zhiji=None,None,zhiji_note,CLEAN,NO,NO,
THS-NI-4.4,NI,4.4,镍铁厂库存天数（天）,fuzzy_name,0.727,wr267,a12854683,VALID,v1:fuzzy_name→NI | zhiji=None,None,zhiji_note,CLEAN,NO,NO,
THS-NI-4.4,NI,4.4,高冰镍厂库存（万吨）,fuzzy_name,0.6,wr267,a12854683,VALID,v1:fuzzy_name→NI | zhiji=None,None,zhiji_note,CLEAN,NO,NO,
THS-NI-4.4,NI,4.4,高冰镍厂库存天数（天）,fuzzy_name,0.588,li_44_inv,a12805120,FILLED,v1:fuzzy_name | fallback_variety=LI,碳酸锂工厂库存天数,indicators_v1[li_44_inv],WARNING,NO,YES,BL-012
THS-NI-4.4,NI,4.4,精炼镍厂库存（万吨）,fuzzy_name,0.615,li_44_inv_smelt,a10097626,FILLED,v1:fuzzy_name | fallback_variety=LI,冶炼厂库存总量,indicators_v1[li_44_inv_smelt],CLEAN,NO,NO,
THS-NI-4.4,NI,4.4,镍厂库存总量（万吨）,fuzzy_name,0.769,li_44_inv_smelt,a10097626,FILLED,v1:fuzzy_name | fallback_variety=LI,冶炼厂库存总量,indicators_v1[li_44_inv_smelt],CLEAN,NO,NO,
THS-NI-4.4,NI,4.4,近3年同月厂库存均值（万吨）,none,0.0,,,MISSING,no_match,,no_match,N/A,N/A,N/A,
THS-NI-4.4,NI,4.4,近3年同月厂库存标准差（万吨）,none,0.0,,,MISSING,no_match,,no_match,N/A,N/A,N/A,
THS-NI-4.4,NI,4.4,近1年厂库存分位（%）,none,0.0,,,MISSING,no_match,,no_match,N/A,N/A,N/A,
THS-NI-4.4,NI,4.4,镍精矿TC（美元/吨干矿）,fuzzy_key,0.571,TC,ID01002200,INVALID,v1:fuzzy_key→NI | meta_err:<urlopen error _ssl.c:993: The handshake operation timed out>,TC加工费,indicators_v1[TC],CLEAN,NO,NO,
THS-NI-4.4,NI,4.4,沪镍主力合约收盘价（元/吨）,fuzzy_name,0.737,wr115,FU00050085,FILLED,v1:fuzzy_name | fallback_variety=LI,碳酸锂 主力合约 收盘价,indicators_v1[wr115],CLEAN,NO,NO,
THS-NI-4.4,NI,4.4,电解镍厂库存、电解镍厂库存天数,none,0.0,,,MISSING,no_match,,no_match,N/A,N/A,N/A,
THS-NI-4.4,NI,4.4,SMM电解镍厂库存,fuzzy_name,0.64,al_43_inv_plant,a12820686,FILLED,v1:fuzzy_name | fallback_variety=AL,SMM: 国内电解铝厂内库存: 周度,indicators_v1[al_43_inv_plant],CLEAN,NO,NO,
THS-NI-4.4,NI,4.4,Mysteel电解镍厂库存,zhiji_search,0.7,,ID01002072,VALID,search score=0.7 | zhiji=电解铝：厂内库存：中国（日）,电解铝：厂内库存：中国（日）,zhiji_note,CLEAN,NO,NO,
THS-NI-4.4,NI,4.4,镍铁厂库存、镍铁厂库存天数,none,0.0,,,MISSING,no_match,,no_match,N/A,N/A,N/A,
THS-NI-4.4,NI,4.4,SMM镍铁厂库存,fuzzy_name,0.667,wr267,a12854683,VALID,v1:fuzzy_name→NI | zhiji=None,None,zhiji_note,CLEAN,NO,NO,
THS-NI-4.4,NI,4.4,Mysteel镍铁厂库存,zhiji_search,0.7,,ID01601680,VALID,search score=0.7 | zhiji=镍：期末库存：全球（年）,镍：期末库存：全球（年）,zhiji_note,CLEAN,NO,NO,
THS-NI-4.4,NI,4.4,高冰镍厂库存、高冰镍厂库存天数,none,0.0,,,MISSING,no_match,,no_match,N/A,N/A,N/A,
THS-NI-4.4,NI,4.4,SMM高冰镍厂库存,fuzzy_name,0.556,wr149,a12871069,FILLED,v1:fuzzy_name | fallback_variety=LI,SMM 锂矿港口库存,indicators_v1[wr149],CLEAN,NO,NO,
THS-NI-4.4,NI,4.4,Mysteel高冰镍厂库存,zhiji_search,0.7,,ID01601680,VALID,search score=0.7 | zhiji=镍：期末库存：全球（年）,镍：期末库存：全球（年）,zhiji_note,CLEAN,NO,NO,
THS-NI-4.4,NI,4.4,电解镍厂库存、镍铁厂库存、高冰镍厂库存、精炼镍厂库存,none,0.0,,,MISSING,no_match,,no_match,N/A,N/A,N/A,
THS-NI-4.4,NI,4.4,SMM精炼镍厂库存:分工艺,fuzzy_name,0.6,zn_22_plant_inv,a10001841,FILLED,v1:fuzzy_name | fallback_variety=ZN,SMM: 精炼锌冶炼厂成品库存: 月度,indicators_v1[zn_22_plant_inv],CLEAN,NO,NO,
THS-NI-4.4,NI,4.4,Mysteel精炼镍厂库存:分工艺,zhiji_search,0.7,,ID01001673,VALID,search score=0.7 | zhiji=精炼镍：库存：中国：18家样本仓库（周）,精炼镍：库存：中国：18家样本仓库（周）,zhiji_note,CLEAN,NO,NO,
THS-NI-4.4,NI,4.4,镍厂库存总量、镍精矿TC,none,0.0,,,MISSING,no_match,,no_match,N/A,N/A,N/A,
THS-NI-4.4,NI,4.4,SMM镍精矿TC、SMM镍厂库存总量,none,0.0,,,MISSING,no_match,,no_match,N/A,N/A,N/A,
THS-NI-4.4,NI,4.4,Mysteel镍精矿TC、Mysteel镍厂库存总量,zhiji_search,0.7,,ID01307265,VALID,search score=0.7 | zhiji=铜精矿：长单TC价（年）,铜精矿：长单TC价（年）,zhiji_note,P0_CONFLICT,YES,NO,BL-022
THS-NI-4.5,NI,4.5,镍在途库存总量（万吨）,fuzzy_name,0.571,li_44_inv_smelt,a10097626,FILLED,v1:fuzzy_name | fallback_variety=LI,冶炼厂库存总量,indicators_v1[li_44_inv_smelt],CLEAN,NO,NO,
THS-NI-4.5,NI,4.5,进口在途量（万吨）,fuzzy_name,0.6,wr275,CM0000138647,VALID,v1:fuzzy_name→NI | zhiji=镍铁：进口数量合计：中国（月）,镍铁：进口数量合计：中国（月）,zhiji_note,CLEAN,NO,NO,
THS-NI-4.5,NI,4.5,船货在途量（万吨）,none,0.0,,,MISSING,no_match,,no_match,N/A,N/A,N/A,
THS-NI-4.5,NI,4.5,镍隐性库存总量（万吨）,fuzzy_name,0.571,li_44_inv_smelt,a10097626,FILLED,v1:fuzzy_name | fallback_variety=LI,冶炼厂库存总量,indicators_v1[li_44_inv_smelt],CLEAN,NO,NO,
THS-NI-4.5,NI,4.5,隐性库存占比（%）,zhiji_search,0.7,,ID01545528,VALID,search score=0.7 | zhiji=电动卡车：库存占比：英国（年）,电动卡车：库存占比：英国（年）,zhiji_note,CLEAN,NO,NO,
THS-NI-4.5,NI,4.5,印尼进口在途量（万吨）,fuzzy_name,0.571,wr190,a12840355,FILLED,v1:fuzzy_name | fallback_variety=SN,印度锡净进口量,indicators_v1[wr190],CLEAN,NO,NO,
THS-NI-4.5,NI,4.5,菲律宾进口在途量（万吨）,none,0.0,,,MISSING,no_match,,no_match,N/A,N/A,N/A,
THS-NI-4.5,NI,4.5,新喀里多尼亚进口在途量（万吨）,none,0.0,,,MISSING,no_match,,no_match,N/A,N/A,N/A,
THS-NI-4.5,NI,4.5,近3年同月隐性库存均值（万吨）,none,0.0,,,MISSING,no_match,,no_match,N/A,N/A,N/A,
THS-NI-4.5,NI,4.5,近3年同月隐性库存标准差（万吨）,none,0.0,,,MISSING,no_match,,no_match,N/A,N/A,N/A,
THS-NI-4.5,NI,4.5,镍精矿TC（美元/吨干矿）,fuzzy_key,0.571,TC,ID01002200,INVALID,v1:fuzzy_key→NI | meta_err:<urlopen error _ssl.c:993: The handshake operation timed out>,TC加工费,indicators_v1[TC],CLEAN,NO,NO,
THS-NI-4.5,NI,4.5,上期所镍仓单量（手）,zhiji_search,0.7,,FU00112558,VALID,search score=0.7 | zhiji=中国期货协会：镍：成交量：上期所（月）,中国期货协会：镍：成交量：上期所（月）,zhiji_note,CLEAN,NO,NO,
THS-NI-4.5,NI,4.5,沪镍主力合约收盘价（元/吨）,fuzzy_name,0.737,wr115,FU00050085,FILLED,v1:fuzzy_name | fallback_variety=LI,碳酸锂 主力合约 收盘价,indicators_v1[wr115],CLEAN,NO,NO,
THS-NI-4.5,NI,4.5,近1年隐性库存分位（%）,none,0.0,,,MISSING,no_match,,no_match,N/A,N/A,N/A,
THS-NI-4.5,NI,4.5,镍在途库存总量、进口在途量、船货在途量,none,0.0,,,MISSING,no_match,,no_match,N/A,N/A,N/A,
THS-NI-4.5,NI,4.5,SMM纯镍社会库存:在途,fuzzy_name,0.571,sn_43_inv_2,a10020743,FILLED,v1:fuzzy_name | fallback_variety=SN,SMM: 锡锭社会库存: 上海: 周度,indicators_v1[sn_43_inv_2],CLEAN,NO,NO,
THS-NI-4.5,NI,4.5,Mysteel中国精炼镍在途库存,fuzzy_name,0.562,j323_native_output,ID01001562,FILLED,v1:fuzzy_name | fallback_variety=PB,Mysteel 原生铅产量(中国),indicators_v1[j323_native_output],CLEAN,NO,NO,
THS-NI-4.5,NI,4.5,镍隐性库存总量、隐性库存占比,none,0.0,,,MISSING,no_match,,no_match,N/A,N/A,N/A,
THS-NI-4.5,NI,4.5,SMM纯镍社会库存:隐性,fuzzy_name,0.571,sn_43_inv_2,a10020743,FILLED,v1:fuzzy_name | fallback_variety=SN,SMM: 锡锭社会库存: 上海: 周度,indicators_v1[sn_43_inv_2],CLEAN,NO,NO,
THS-NI-4.5,NI,4.5,Mysteel中国精炼镍隐性库存,fuzzy_name,0.562,j323_native_output,ID01001562,FILLED,v1:fuzzy_name | fallback_variety=PB,Mysteel 原生铅产量(中国),indicators_v1[j323_native_output],CLEAN,NO,NO,
THS-NI-4.5,NI,4.5,印尼进口在途量、菲律宾进口在途量、新喀里多尼亚进口在途量,none,0.0,,,MISSING,no_match,,no_match,N/A,N/A,N/A,
THS-NI-4.5,NI,4.5,SMM进口镍在途量:分国别,none,0.0,,,MISSING,no_match,,no_match,N/A,N/A,N/A,
THS-NI-4.5,NI,4.5,Mysteel进口镍在途量:分国别,zhiji_search,0.7,,CM0000463015,VALID,search score=0.7 | zhiji=镍：进口金额：国别（地区）不详→中国（月）,镍：进口金额：国别（地区）不详→中国（月）,zhiji_note,CLEAN,NO,NO,
THS-NI-4.5,NI,4.5,镍在途库存总量、镍精矿TC,none,0.0,,,MISSING,no_match,,no_match,N/A,N/A,N/A,
THS-NI-4.5,NI,4.5,SMM镍精矿TC、SMM纯镍社会库存:在途,none,0.0,,,MISSING,no_match,,no_match,N/A,N/A,N/A,
THS-NI-4.5,NI,4.5,Mysteel镍精矿TC、Mysteel中国精炼镍在途库存,zhiji_search,0.7,,ID01307265,VALID,search score=0.7 | zhiji=铜精矿：长单TC价（年）,铜精矿：长单TC价（年）,zhiji_note,P0_CONFLICT,YES,NO,BL-022
THS-NI-4.5,NI,4.5,镍隐性库存总量、上期所镍仓单量,none,0.0,,,MISSING,no_match,,no_match,N/A,N/A,N/A,
THS-NI-4.5,NI,4.5,SMM纯镍社会库存:隐性、SMM纯镍社会库存:上期所,none,0.0,,,MISSING,no_match,,no_match,N/A,N/A,N/A,
THS-NI-4.5,NI,4.5,Mysteel中国精炼镍隐性库存、Mysteel精炼镍仓单库存,zhiji_search,0.7,,ID01001673,VALID,search score=0.7 | zhiji=精炼镍：库存：中国：18家样本仓库（周）,精炼镍：库存：中国：18家样本仓库（周）,zhiji_note,CLEAN,NO,NO,
THS-NI-4.5,NI,4.5,镍在途库存总量、沪镍主力合约收盘价,none,0.0,,,MISSING,no_match,,no_match,N/A,N/A,N/A,
THS-NI-4.5,NI,4.5,SMM纯镍社会库存:在途、沪镍主力合约收盘价,none,0.0,,,MISSING,no_match,,no_match,N/A,N/A,N/A,
THS-NI-4.5,NI,4.5,Mysteel中国精炼镍在途库存、沪镍主力合约收盘价,zhiji_search,0.7,,ID01721692,VALID,search score=0.7 | zhiji=氧化铝：站台/在途库存：中国（周）,氧化铝：站台/在途库存：中国（周）,zhiji_note,CLEAN,NO,NO,
THS-NI-4.5,NI,4.5,具体执行,none,0.0,,,MISSING,no_match,,no_match,N/A,N/A,N/A,
THS-NI-5.1,NI,5.1,不锈钢开工率（%）,fuzzy_name,0.667,开工率,a10019689,VALID,v1:fuzzy_name→NI | zhiji=None,None,zhiji_note,CLEAN,NO,NO,
THS-NI-5.1,NI,5.1,不锈钢排产计划（万吨）,zhiji_search,0.7,,ID01706384,VALID,search score=0.7 | zhiji=冷轧不锈钢：排产：中国（月）,冷轧不锈钢：排产：中国（月）,zhiji_note,CLEAN,NO,NO,
THS-NI-5.1,NI,5.1,电池级镍开工率（%）,fuzzy_name,0.6,开工率,a10019689,VALID,v1:fuzzy_name→NI | zhiji=None,None,zhiji_note,CLEAN,NO,NO,
THS-NI-5.1,NI,5.1,动力电池排产计划（万吨）,zhiji_search,0.7,,ID01464616,VALID,search score=0.7 | zhiji=动力电池：产量：中国（月）,动力电池：产量：中国（月）,zhiji_note,CLEAN,NO,NO,
THS-NI-5.1,NI,5.1,电镀镍开工率（%）,fuzzy_name,0.667,开工率,a10019689,VALID,v1:fuzzy_name→NI | zhiji=None,None,zhiji_note,CLEAN,NO,NO,
THS-NI-5.1,NI,5.1,电镀镍排产计划（万吨）,zhiji_search,0.7,,ID01360695,VALID,search score=0.7 | zhiji=硫酸镍：电镀级：以金属量计：产量：中国（月）,硫酸镍：电镀级：以金属量计：产量：中国（月）,zhiji_note,CLEAN,NO,NO,
THS-NI-5.1,NI,5.1,镍合金开工率（%）,fuzzy_name,0.714,wr15,a12799405,FILLED,v1:fuzzy_name | fallback_variety=AL,原生铝合金开工率,indicators_v1[wr15],CLEAN,NO,NO,
THS-NI-5.1,NI,5.1,镍合金排产计划（万吨）,zhiji_search,0.7,,ID02093091,VALID,search score=0.7 | zhiji=镍合金：消费量：中国（月）,镍合金：消费量：中国（月）,zhiji_note,CLEAN,NO,NO,
THS-NI-5.1,NI,5.1,镍初级消费开工率（%）,none,0.0,,,MISSING,no_match,,no_match,N/A,N/A,N/A,
THS-NI-5.1,NI,5.1,近3年同月开工率均值（%）,zhiji_search,0.7,,ID01442722,VALID,search score=0.7 | zhiji=产业在线：HFC-32：开工率：中国（年）,产业在线：HFC-32：开工率：中国（年）,zhiji_note,CLEAN,NO,NO,
THS-NI-5.1,NI,5.1,近3年同月开工率标准差（%）,zhiji_search,0.7,,ID01442722,VALID,search score=0.7 | zhiji=产业在线：HFC-32：开工率：中国（年）,产业在线：HFC-32：开工率：中国（年）,zhiji_note,CLEAN,NO,NO,
THS-NI-5.1,NI,5.1,沪镍主力合约收盘价（元/吨）,fuzzy_name,0.737,wr115,FU00050085,FILLED,v1:fuzzy_name | fallback_variety=LI,碳酸锂 主力合约 收盘价,indicators_v1[wr115],CLEAN,NO,NO,
THS-NI-5.1,NI,5.1,镍精矿TC（美元/吨干矿）,fuzzy_key,0.571,TC,ID01002200,INVALID,v1:fuzzy_key→NI | meta_err:<urlopen error _ssl.c:993: The handshake operation timed out>,TC加工费,indicators_v1[TC],CLEAN,NO,NO,
THS-NI-5.1,NI,5.1,精炼镍开工率,fuzzy_name,0.667,开工率,a10019689,VALID,v1:fuzzy_name→NI | zhiji=None,None,zhiji_note,CLEAN,NO,NO,
THS-NI-5.1,NI,5.1,精炼镍产量,fuzzy_name,0.889,精炼产量,a10018516,VALID,v1:fuzzy_name→NI | zhiji=None,None,zhiji_note,CLEAN,NO,NO,
THS-NI-5.1,NI,5.1,不锈钢开工率,fuzzy_name,0.667,开工率,a10019689,VALID,v1:fuzzy_name→NI | zhiji=None,None,zhiji_note,CLEAN,NO,NO,
THS-NI-5.1,NI,5.1,精炼镍开工率、精炼镍产量,none,0.0,,,MISSING,no_match,,no_match,N/A,N/A,N/A,
THS-NI-5.1,NI,5.1,精炼镍开工率、沪镍主力合约收盘价,fuzzy_name,0.615,si_21_close_front,a10154400,FILLED,v1:fuzzy_name | fallback_variety=SI,工业硅主力合约收盘价,indicators_v1[si_21_close_front],CLEAN,NO,NO,
THS-NI-5.2,NI,5.2,不锈钢终端产量（万吨）,fuzzy_name,0.615,wr270,a10018706,VALID,v1:fuzzy_name→NI | zhiji=None,None,zhiji_note,CLEAN,NO,NO,
THS-NI-5.2,NI,5.2,不锈钢表观消费（万吨）,fuzzy_name,0.727,表观消费,ID01001570,VALID,v1:fuzzy_name→NI | zhiji=精炼镍：表观消费量：中国（月）,精炼镍：表观消费量：中国（月）,zhiji_note,CLEAN,NO,NO,
THS-NI-5.2,NI,5.2,动力电池排产计划（万吨）,zhiji_search,0.7,,ID01464616,VALID,search score=0.7 | zhiji=动力电池：产量：中国（月）,动力电池：产量：中国（月）,zhiji_note,CLEAN,NO,NO,
THS-NI-5.2,NI,5.2,动力电池终端产量（万吨）,fuzzy_name,0.667,li_52_idx,ID01660879,FILLED,v1:fuzzy_name | fallback_variety=LI,动力电池装车量,indicators_v1[li_52_idx],CLEAN,NO,NO,
THS-NI-5.2,NI,5.2,电镀镍终端消费量（万吨）,fuzzy_name,0.625,si_52_cons,a12715181,FILLED,v1:fuzzy_name | fallback_variety=SI,工业硅终端消费量,indicators_v1[si_52_cons],CLEAN,NO,NO,
THS-NI-5.2,NI,5.2,电镀镍排产计划（万吨）,zhiji_search,0.7,,ID01360695,VALID,search score=0.7 | zhiji=硫酸镍：电镀级：以金属量计：产量：中国（月）,硫酸镍：电镀级：以金属量计：产量：中国（月）,zhiji_note,CLEAN,NO,NO,
THS-NI-5.2,NI,5.2,镍合金终端产量（万吨）,none,0.0,,,MISSING,no_match,,no_match,N/A,N/A,N/A,
THS-NI-5.2,NI,5.2,镍合金排产计划（万吨）,zhiji_search,0.7,,ID02093091,VALID,search score=0.7 | zhiji=镍合金：消费量：中国（月）,镍合金：消费量：中国（月）,zhiji_note,CLEAN,NO,NO,
THS-NI-5.2,NI,5.2,镍终端消费总量（万吨）,fuzzy_name,0.667,si_52_cons,a12715181,FILLED,v1:fuzzy_name | fallback_variety=SI,工业硅终端消费量,indicators_v1[si_52_cons],CLEAN,NO,NO,
THS-NI-5.2,NI,5.2,近3年同月终端消费均值（万吨）,none,0.0,,,MISSING,no_match,,no_match,N/A,N/A,N/A,
THS-NI-5.2,NI,5.2,近3年同月终端消费标准差（万吨）,none,0.0,,,MISSING,no_match,,no_match,N/A,N/A,N/A,
THS-NI-5.2,NI,5.2,沪镍主力合约收盘价（元/吨）,fuzzy_name,0.737,wr115,FU00050085,FILLED,v1:fuzzy_name | fallback_variety=LI,碳酸锂 主力合约 收盘价,indicators_v1[wr115],CLEAN,NO,NO,
THS-NI-5.2,NI,5.2,镍精矿TC（美元/吨干矿）,fuzzy_key,0.571,TC,ID01002200,INVALID,v1:fuzzy_key→NI | meta_err:<urlopen error _ssl.c:993: The handshake operation timed out>,TC加工费,indicators_v1[TC],CLEAN,NO,NO,
THS-NI-5.2,NI,5.2,不锈钢表观消费量,fuzzy_name,0.696,ni_52_cons_steel,ID01002056,FILLED,v1:fuzzy_name | fallback_variety=ni,不锈钢：表观消费量：中国（月）,indicators_v1[ni_52_cons_steel],CLEAN,NO,NO,
THS-NI-5.2,NI,5.2,三元电池排产,none,0.0,,,MISSING,no_match,,no_match,N/A,N/A,N/A,
THS-NI-5.2,NI,5.2,不锈钢表观消费量、三元电池排产,none,0.0,,,MISSING,no_match,,no_match,N/A,N/A,N/A,
THS-NI-5.2,NI,5.2,不锈钢表观消费量、沪镍主力合约收盘价,none,0.0,,,MISSING,no_match,,no_match,N/A,N/A,N/A,
THS-NI-5.2,NI,5.2,三元电池排产、沪镍主力合约收盘价,none,0.0,,,MISSING,no_match,,no_match,N/A,N/A,N/A,
THS-NI-5.3,NI,5.3,不锈钢排产计划（万吨）,zhiji_search,0.7,,ID01706384,VALID,search score=0.7 | zhiji=冷轧不锈钢：排产：中国（月）,冷轧不锈钢：排产：中国（月）,zhiji_note,CLEAN,NO,NO,
THS-NI-5.3,NI,5.3,不锈钢开工率（%）,fuzzy_name,0.667,开工率,a10019689,VALID,v1:fuzzy_name→NI | zhiji=None,None,zhiji_note,CLEAN,NO,NO,
THS-NI-5.3,NI,5.3,动力电池排产计划（万吨）,zhiji_search,0.7,,ID01464616,VALID,search score=0.7 | zhiji=动力电池：产量：中国（月）,动力电池：产量：中国（月）,zhiji_note,CLEAN,NO,NO,
THS-NI-5.3,NI,5.3,动力电池开工率（%）,fuzzy_name,0.6,开工率,a10019689,VALID,v1:fuzzy_name→NI | zhiji=None,None,zhiji_note,CLEAN,NO,NO,
THS-NI-5.3,NI,5.3,电镀镍订单量（万吨）,none,0.0,,,MISSING,no_match,,no_match,N/A,N/A,N/A,
THS-NI-5.3,NI,5.3,电镀镍开工率（%）,fuzzy_name,0.667,开工率,a10019689,VALID,v1:fuzzy_name→NI | zhiji=None,None,zhiji_note,CLEAN,NO,NO,
THS-NI-5.3,NI,5.3,镍合金排产计划（万吨）,zhiji_search,0.7,,ID02093091,VALID,search score=0.7 | zhiji=镍合金：消费量：中国（月）,镍合金：消费量：中国（月）,zhiji_note,CLEAN,NO,NO,
THS-NI-5.3,NI,5.3,镍合金开工率（%）,fuzzy_name,0.714,wr15,a12799405,FILLED,v1:fuzzy_name | fallback_variety=AL,原生铝合金开工率,indicators_v1[wr15],CLEAN,NO,NO,
THS-NI-5.3,NI,5.3,镍需求先行指标总量（万吨）,none,0.0,,,MISSING,no_match,,no_match,N/A,N/A,N/A,
THS-NI-5.3,NI,5.3,近3年同月先行指标均值（万吨）,none,0.0,,,MISSING,no_match,,no_match,N/A,N/A,N/A,
THS-NI-5.3,NI,5.3,近3年同月先行指标标准差（万吨）,none,0.0,,,MISSING,no_match,,no_match,N/A,N/A,N/A,
THS-NI-5.3,NI,5.3,镍进口量（万吨）,fuzzy_name,0.889,wr275,CM0000138647,VALID,v1:fuzzy_name→NI | zhiji=镍铁：进口数量合计：中国（月）,镍铁：进口数量合计：中国（月）,zhiji_note,CLEAN,NO,NO,
THS-NI-5.3,NI,5.3,镍进口盈亏（元/吨）,fuzzy_name,0.667,ni_62_import,ID00408378,VALID,v1:fuzzy_name→NI | zhiji=镍豆：进口盈亏（日）,镍豆：进口盈亏（日）,zhiji_note,CLEAN,NO,NO,
THS-NI-5.3,NI,5.3,LME镍库存（手）,exact_name,1.0,wr260,a12764445,VALID,v1:exact_name→NI | zhiji=None,None,zhiji_note,CLEAN,NO,NO,
THS-NI-5.3,NI,5.3,上期所镍仓单量（手）,zhiji_search,0.7,,FU00112558,VALID,search score=0.7 | zhiji=中国期货协会：镍：成交量：上期所（月）,中国期货协会：镍：成交量：上期所（月）,zhiji_note,CLEAN,NO,NO,
THS-NI-5.3,NI,5.3,LME镍库存,exact_name,1.0,wr260,a12764445,VALID,v1:exact_name→NI | zhiji=None,None,zhiji_note,CLEAN,NO,NO,
THS-NI-5.3,NI,5.3,LME镍库存（LME镍库存）,exact_name,1.0,wr260,a12764445,VALID,v1:exact_name→NI | zhiji=None,None,zhiji_note,CLEAN,NO,NO,
THS-NI-5.3,NI,5.3,LME镍注册仓单,fuzzy_name,0.875,i6,a10193710,FILLED,v1:fuzzy_name | fallback_variety=PB,LME铅注册仓单,indicators_v1[i6],CLEAN,NO,NO,
THS-NI-5.3,NI,5.3,LME镍注册仓单（LME镍注册仓单）,fuzzy_name,0.875,i6,a10193710,FILLED,v1:fuzzy_name | fallback_variety=PB,LME铅注册仓单,indicators_v1[i6],CLEAN,NO,NO,
THS-NI-5.3,NI,5.3,LME镍注销仓单,fuzzy_name,0.875,i7,a10193711,FILLED,v1:fuzzy_name | fallback_variety=PB,LME铅注销仓单,indicators_v1[i7],CLEAN,NO,NO,
THS-NI-5.3,NI,5.3,LME镍注销仓单（LME镍注销仓单）,fuzzy_name,0.875,i7,a10193711,FILLED,v1:fuzzy_name | fallback_variety=PB,LME铅注销仓单,indicators_v1[i7],CLEAN,NO,NO,
THS-NI-5.3,NI,5.3,镍进口量,fuzzy_name,0.889,wr275,CM0000138647,VALID,v1:fuzzy_name→NI | zhiji=镍铁：进口数量合计：中国（月）,镍铁：进口数量合计：中国（月）,zhiji_note,CLEAN,NO,NO,
THS-NI-5.3,NI,5.3,LME镍库存、镍进口量,fuzzy_name,0.706,wr260,a12764445,VALID,v1:fuzzy_name→NI | zhiji=None,None,zhiji_note,CLEAN,NO,NO,
THS-NI-5.3,NI,5.3,LME镍库存、沪镍主力合约收盘价,zhiji_search,0.7,,FU00014997,VALID,search score=0.7 | zhiji=SHFE：镍：主力合约：收盘价（日）,SHFE：镍：主力合约：收盘价（日）,zhiji_note,CLEAN,NO,NO,
THS-NI-6.1,NI,6.1,镍矿进口量（万吨）,fuzzy_name,0.8,wr275,CM0000138647,VALID,v1:fuzzy_name→NI | zhiji=镍铁：进口数量合计：中国（月）,镍铁：进口数量合计：中国（月）,zhiji_note,CLEAN,NO,NO,
THS-NI-6.1,NI,6.1,镍矿进口盈亏（元/吨）,fuzzy_name,0.625,ni_62_import,ID00408378,VALID,v1:fuzzy_name→NI | zhiji=镍豆：进口盈亏（日）,镍豆：进口盈亏（日）,zhiji_note,CLEAN,NO,NO,
THS-NI-6.1,NI,6.1,镍生铁/NPI进口量（万吨）,fuzzy_name,0.667,wr275,CM0000138647,VALID,v1:fuzzy_name→NI | zhiji=镍铁：进口数量合计：中国（月）,镍铁：进口数量合计：中国（月）,zhiji_note,CLEAN,NO,NO,
THS-NI-6.1,NI,6.1,镍生铁/NPI进口盈亏（元/吨）,none,0.0,,,MISSING,no_match,,no_match,N/A,N/A,N/A,
THS-NI-6.1,NI,6.1,高冰镍进口量（万吨）,fuzzy_name,0.769,wr271,ID01364207,VALID,v1:fuzzy_name→NI | zhiji=冰镍：进口金额合计：中国（月）,冰镍：进口金额合计：中国（月）,zhiji_note,CLEAN,NO,NO,
THS-NI-6.1,NI,6.1,高冰镍进口盈亏（元/吨）,fuzzy_name,0.588,ni_62_import,ID00408378,VALID,v1:fuzzy_name→NI | zhiji=镍豆：进口盈亏（日）,镍豆：进口盈亏（日）,zhiji_note,CLEAN,NO,NO,
THS-NI-6.1,NI,6.1,电解镍进口量（万吨）,fuzzy_name,0.727,wr275,CM0000138647,VALID,v1:fuzzy_name→NI | zhiji=镍铁：进口数量合计：中国（月）,镍铁：进口数量合计：中国（月）,zhiji_note,CLEAN,NO,NO,
THS-NI-6.1,NI,6.1,电解镍进口盈亏（元/吨）,fuzzy_name,0.588,ni_62_import,ID00408378,VALID,v1:fuzzy_name→NI | zhiji=镍豆：进口盈亏（日）,镍豆：进口盈亏（日）,zhiji_note,CLEAN,NO,NO,
THS-NI-6.1,NI,6.1,印尼镍矿进口量（万吨）,fuzzy_name,0.667,wr275,CM0000138647,VALID,v1:fuzzy_name→NI | zhiji=镍铁：进口数量合计：中国（月）,镍铁：进口数量合计：中国（月）,zhiji_note,CLEAN,NO,NO,
THS-NI-6.1,NI,6.1,菲律宾镍矿进口量（万吨）,fuzzy_name,0.615,wr275,CM0000138647,VALID,v1:fuzzy_name→NI | zhiji=镍铁：进口数量合计：中国（月）,镍铁：进口数量合计：中国（月）,zhiji_note,CLEAN,NO,NO,
THS-NI-6.1,NI,6.1,新喀里多尼亚镍矿进口量（万吨）,none,0.0,,,MISSING,no_match,,no_match,N/A,N/A,N/A,
THS-NI-6.1,NI,6.1,镍原料进口总量（万吨）,fuzzy_name,0.667,wr275,CM0000138647,VALID,v1:fuzzy_name→NI | zhiji=镍铁：进口数量合计：中国（月）,镍铁：进口数量合计：中国（月）,zhiji_note,CLEAN,NO,NO,
THS-NI-6.1,NI,6.1,近3年同月进口量均值（万吨）,zhiji_search,0.7,,ID01552196,VALID,search score=0.7 | zhiji=USGS：铌：消费进口量：美国（年）,USGS：铌：消费进口量：美国（年）,zhiji_note,CLEAN,NO,NO,
THS-NI-6.1,NI,6.1,近3年同月进口量标准差（万吨）,zhiji_search,0.7,,ID01552196,VALID,search score=0.7 | zhiji=USGS：铌：消费进口量：美国（年）,USGS：铌：消费进口量：美国（年）,zhiji_note,CLEAN,NO,NO,
THS-NI-6.1,NI,6.1,镍精矿TC（美元/吨干矿）,fuzzy_key,0.571,TC,ID01002200,INVALID,v1:fuzzy_key→NI | meta_err:<urlopen error _ssl.c:993: The handshake operation timed out>,TC加工费,indicators_v1[TC],CLEAN,NO,NO,
THS-NI-6.1,NI,6.1,沪镍主力合约收盘价（元/吨）,fuzzy_name,0.737,wr115,FU00050085,FILLED,v1:fuzzy_name | fallback_variety=LI,碳酸锂 主力合约 收盘价,indicators_v1[wr115],CLEAN,NO,NO,
THS-NI-6.2,NI,6.2,电解镍进口量（万吨）,fuzzy_name,0.727,wr275,CM0000138647,VALID,v1:fuzzy_name→NI | zhiji=镍铁：进口数量合计：中国（月）,镍铁：进口数量合计：中国（月）,zhiji_note,CLEAN,NO,NO,
THS-NI-6.2,NI,6.2,电解镍进口盈亏（元/吨）,fuzzy_name,0.588,ni_62_import,ID00408378,VALID,v1:fuzzy_name→NI | zhiji=镍豆：进口盈亏（日）,镍豆：进口盈亏（日）,zhiji_note,CLEAN,NO,NO,
THS-NI-6.2,NI,6.2,电解镍出口量（万吨）,fuzzy_name,0.6,ni_63_export_2,a10000647,VALID,v1:fuzzy_name→NI | zhiji=None,None,zhiji_note,CLEAN,NO,NO,
THS-NI-6.2,NI,6.2,电解镍出口盈亏（元/吨）,zhiji_search,0.7,,ID00408378,VALID,search score=0.7 | zhiji=镍豆：进口盈亏（日）,镍豆：进口盈亏（日）,zhiji_note,CLEAN,NO,NO,
THS-NI-6.2,NI,6.2,精炼镍进口量（万吨）,fuzzy_name,0.727,wr275,CM0000138647,VALID,v1:fuzzy_name→NI | zhiji=镍铁：进口数量合计：中国（月）,镍铁：进口数量合计：中国（月）,zhiji_note,CLEAN,NO,NO,
THS-NI-6.2,NI,6.2,精炼镍进口盈亏（元/吨）,fuzzy_name,0.588,ni_62_import,ID00408378,VALID,v1:fuzzy_name→NI | zhiji=镍豆：进口盈亏（日）,镍豆：进口盈亏（日）,zhiji_note,CLEAN,NO,NO,
THS-NI-6.2,NI,6.2,高冰镍进口量（万吨）,fuzzy_name,0.769,wr271,ID01364207,VALID,v1:fuzzy_name→NI | zhiji=冰镍：进口金额合计：中国（月）,冰镍：进口金额合计：中国（月）,zhiji_note,CLEAN,NO,NO,
THS-NI-6.2,NI,6.2,高冰镍进口盈亏（元/吨）,fuzzy_name,0.588,ni_62_import,ID00408378,VALID,v1:fuzzy_name→NI | zhiji=镍豆：进口盈亏（日）,镍豆：进口盈亏（日）,zhiji_note,CLEAN,NO,NO,
THS-NI-6.2,NI,6.2,印尼电解镍进口量（万吨）,fuzzy_name,0.615,wr275,CM0000138647,VALID,v1:fuzzy_name→NI | zhiji=镍铁：进口数量合计：中国（月）,镍铁：进口数量合计：中国（月）,zhiji_note,CLEAN,NO,NO,
THS-NI-6.2,NI,6.2,菲律宾电解镍进口量（万吨）,fuzzy_name,0.571,wr275,CM0000138647,VALID,v1:fuzzy_name→NI | zhiji=镍铁：进口数量合计：中国（月）,镍铁：进口数量合计：中国（月）,zhiji_note,CLEAN,NO,NO,
THS-NI-6.2,NI,6.2,新喀里多尼亚电解镍进口量（万吨）,none,0.0,,,MISSING,no_match,,no_match,N/A,N/A,N/A,
THS-NI-6.2,NI,6.2,镍精炼金属进口总量（万吨）,fuzzy_name,0.571,wr275,CM0000138647,VALID,v1:fuzzy_name→NI | zhiji=镍铁：进口数量合计：中国（月）,镍铁：进口数量合计：中国（月）,zhiji_note,CLEAN,NO,NO,
THS-NI-6.2,NI,6.2,近3年同月进口量均值（万吨）,zhiji_search,0.7,,ID01552196,VALID,search score=0.7 | zhiji=USGS：铌：消费进口量：美国（年）,USGS：铌：消费进口量：美国（年）,zhiji_note,CLEAN,NO,NO,
THS-NI-6.2,NI,6.2,近3年同月进口量标准差（万吨）,zhiji_search,0.7,,ID01552196,VALID,search score=0.7 | zhiji=USGS：铌：消费进口量：美国（年）,USGS：铌：消费进口量：美国（年）,zhiji_note,CLEAN,NO,NO,
THS-NI-6.2,NI,6.2,镍精矿TC（美元/吨干矿）,fuzzy_key,0.571,TC,ID01002200,INVALID,v1:fuzzy_key→NI | meta_err:<urlopen error _ssl.c:993: The handshake operation timed out>,TC加工费,indicators_v1[TC],CLEAN,NO,NO,
THS-NI-6.2,NI,6.2,沪镍主力合约收盘价（元/吨）,fuzzy_name,0.737,wr115,FU00050085,FILLED,v1:fuzzy_name | fallback_variety=LI,碳酸锂 主力合约 收盘价,indicators_v1[wr115],CLEAN,NO,NO,
THS-NI-6.3,NI,6.3,不锈钢出口量（万吨）,exact_name,1.0,wr269,a12820603,VALID,v1:exact_name→NI | zhiji=None,None,zhiji_note,CLEAN,NO,NO,
THS-NI-6.3,NI,6.3,不锈钢出口金额（亿美元）,fuzzy_name,0.769,wr269,a12820603,VALID,v1:fuzzy_name→NI | zhiji=None,None,zhiji_note,CLEAN,NO,NO,
THS-NI-6.3,NI,6.3,电池级镍制品出口量（万吨）,none,0.0,,,MISSING,no_match,,no_match,N/A,N/A,N/A,
THS-NI-6.3,NI,6.3,电池级镍制品出口金额（亿美元）,none,0.0,,,MISSING,no_match,,no_match,N/A,N/A,N/A,
THS-NI-6.3,NI,6.3,电镀镍制品出口量（万吨）,none,0.0,,,MISSING,no_match,,no_match,N/A,N/A,N/A,
THS-NI-6.3,NI,6.3,电镀镍制品出口金额（亿美元）,none,0.0,,,MISSING,no_match,,no_match,N/A,N/A,N/A,
THS-NI-6.3,NI,6.3,镍合金出口量（万吨）,fuzzy_name,0.667,wr27,ID01114281,FILLED,v1:fuzzy_name | fallback_variety=AL,铝合金进口量,indicators_v1[wr27],CLEAN,NO,NO,
THS-NI-6.3,NI,6.3,镍合金出口金额（亿美元）,none,0.0,,,MISSING,no_match,,no_match,N/A,N/A,N/A,
THS-NI-6.3,NI,6.3,印尼不锈钢出口量（万吨）,fuzzy_name,0.857,wr269,a12820603,VALID,v1:fuzzy_name→NI | zhiji=None,None,zhiji_note,CLEAN,NO,NO,
THS-NI-6.3,NI,6.3,越南不锈钢出口量（万吨）,fuzzy_name,0.857,wr269,a12820603,VALID,v1:fuzzy_name→NI | zhiji=None,None,zhiji_note,CLEAN,NO,NO,
THS-NI-6.3,NI,6.3,泰国不锈钢出口量（万吨）,fuzzy_name,0.857,wr269,a12820603,VALID,v1:fuzzy_name→NI | zhiji=None,None,zhiji_note,CLEAN,NO,NO,
THS-NI-6.3,NI,6.3,镍制品出口总量（万吨）,fuzzy_name,0.571,wr7,a10096868,FILLED,v1:fuzzy_name | fallback_variety=AL,铝材出口-总量,indicators_v1[wr7],CLEAN,NO,NO,
THS-NI-6.3,NI,6.3,近3年同月出口量均值（万吨）,zhiji_search,0.7,,ID00295172,VALID,search score=0.7 | zhiji=船用高速柴油机：功率出口量：中国（年）,船用高速柴油机：功率出口量：中国（年）,zhiji_note,CLEAN,NO,NO,
THS-NI-6.3,NI,6.3,近3年同月出口量标准差（万吨）,zhiji_search,0.7,,ID00295172,VALID,search score=0.7 | zhiji=船用高速柴油机：功率出口量：中国（年）,船用高速柴油机：功率出口量：中国（年）,zhiji_note,CLEAN,NO,NO,
THS-NI-6.3,NI,6.3,沪镍主力合约收盘价（元/吨）,fuzzy_name,0.737,wr115,FU00050085,FILLED,v1:fuzzy_name | fallback_variety=LI,碳酸锂 主力合约 收盘价,indicators_v1[wr115],CLEAN,NO,NO,
THS-NI-6.3,NI,6.3,镍精矿TC（美元/吨干矿）,fuzzy_key,0.571,TC,ID01002200,INVALID,v1:fuzzy_key→NI | meta_err:<urlopen error _ssl.c:993: The handshake operation timed out>,TC加工费,indicators_v1[TC],CLEAN,NO,NO,
THS-NI-6.4,NI,6.4,印尼镍矿对华发运量（万吨）,none,0.0,,,MISSING,no_match,,no_match,N/A,N/A,N/A,
THS-NI-6.4,NI,6.4,印尼镍矿发运天数（天）,none,0.0,,,MISSING,no_match,,no_match,N/A,N/A,N/A,
THS-NI-6.4,NI,6.4,菲律宾镍矿对华发运量（万吨）,none,0.0,,,MISSING,no_match,,no_match,N/A,N/A,N/A,
THS-NI-6.4,NI,6.4,菲律宾镍矿发运天数（天）,none,0.0,,,MISSING,no_match,,no_match,N/A,N/A,N/A,
THS-NI-6.4,NI,6.4,印尼镍生铁/NPI对华发运量（万吨）,none,0.0,,,MISSING,no_match,,no_match,N/A,N/A,N/A,
THS-NI-6.4,NI,6.4,印尼镍生铁/NPI发运天数（天）,none,0.0,,,MISSING,no_match,,no_match,N/A,N/A,N/A,
THS-NI-6.4,NI,6.4,高冰镍对华发运量（万吨）,none,0.0,,,MISSING,no_match,,no_match,N/A,N/A,N/A,
THS-NI-6.4,NI,6.4,高冰镍发运天数（天）,none,0.0,,,MISSING,no_match,,no_match,N/A,N/A,N/A,
THS-NI-6.4,NI,6.4,电解镍对华发运量（万吨）,none,0.0,,,MISSING,no_match,,no_match,N/A,N/A,N/A,
THS-NI-6.4,NI,6.4,电解镍发运天数（天）,none,0.0,,,MISSING,no_match,,no_match,N/A,N/A,N/A,
THS-NI-6.4,NI,6.4,海外对华发运总量（万吨）,none,0.0,,,MISSING,no_match,,no_match,N/A,N/A,N/A,
THS-NI-6.4,NI,6.4,近3年同月发运量均值（万吨）,none,0.0,,,MISSING,no_match,,no_match,N/A,N/A,N/A,
THS-NI-6.4,NI,6.4,近3年同月发运量标准差（万吨）,zhiji_search,0.7,,GM00182684,VALID,search score=0.7 | zhiji=加州空气资源委员会：未来年份碳配额：价格标准差（季）,加州空气资源委员会：未来年份碳配额：价格标准差（季）,zhiji_note,CLEAN,NO,NO,
THS-NI-6.4,NI,6.4,镍精矿TC（美元/吨干矿）,fuzzy_key,0.571,TC,ID01002200,INVALID,v1:fuzzy_key→NI | meta_err:<urlopen error _ssl.c:993: The handshake operation timed out>,TC加工费,indicators_v1[TC],CLEAN,NO,NO,
THS-NI-6.4,NI,6.4,LME镍库存（手）,exact_name,1.0,wr260,a12764445,VALID,v1:exact_name→NI | zhiji=None,None,zhiji_note,CLEAN,NO,NO,
THS-NI-7.1,NI,7.1,电解镍现金成本（元/吨）,fuzzy_name,0.571,si_71_cost_cash,ID02313934,FILLED,v1:fuzzy_name | fallback_variety=SI,工业硅现金成本,indicators_v1[si_71_cost_cash],CLEAN,NO,NO,
THS-NI-7.1,NI,7.1,镍矿成本（元/吨）,zhiji_search,0.7,,ID01675320,VALID,search score=0.7 | zhiji=Ramu镍钴矿：镍：实际现金成本：镍28公司（季）,Ramu镍钴矿：镍：实际现金成本：镍28公司（季）,zhiji_note,CLEAN,NO,NO,
THS-NI-7.1,NI,7.1,电价（元/度）,fuzzy_name,0.571,si_71_power_4,ID01857551,FILLED,v1:fuzzy_name | fallback_variety=SI,工业硅电价,indicators_v1[si_71_power_4],CLEAN,NO,NO,
THS-NI-7.1,NI,7.1,镍铁一体化成本（元/吨）,none,0.0,,,MISSING,no_match,,no_match,N/A,N/A,N/A,
THS-NI-7.1,NI,7.1,TC（美元/吨干矿）,exact_key,1.0,TC,ID01002200,INVALID,v1:exact_key→NI | meta_err:<urlopen error _ssl.c:993: The handshake operation timed out>,TC加工费,indicators_v1[TC],CLEAN,NO,NO,
THS-NI-7.1,NI,7.1,高冰镍成本（元/吨）,zhiji_search,0.7,,ID01959851,VALID,search score=0.7 | zhiji=精炼镍：生产成本：中国：外采：高冰镍加工工艺（日）,精炼镍：生产成本：中国：外采：高冰镍加工工艺（日）,zhiji_note,CLEAN,NO,NO,
THS-NI-7.1,NI,7.1,加工费（元/吨）,fuzzy_name,0.75,TC,ID01002200,INVALID,v1:fuzzy_name→NI | meta_err:<urlopen error _ssl.c:993: The handshake operation timed out>,TC加工费,indicators_v1[TC],CLEAN,NO,NO,
THS-NI-7.1,NI,7.1,镍冶炼成本分位（%）,fuzzy_name,0.571,si_25_cost_smelt_2,ID01523500,FILLED,v1:fuzzy_name | fallback_variety=SI,工业硅冶炼成本,indicators_v1[si_25_cost_smelt_2],CLEAN,NO,NO,
THS-NI-7.1,NI,7.1,镍价（元/吨）,fuzzy_name,0.571,wr257,ID01878121,VALID,v1:fuzzy_name→NI | zhiji=镍铁：到厂价格指数（日）,镍铁：到厂价格指数（日）,zhiji_note,CLEAN,NO,NO,
THS-NI-7.1,NI,7.1,精炼镍成本（元/吨）,fuzzy_name,0.571,sn_71_cost_3,ID02105843,FILLED,v1:fuzzy_name | fallback_variety=SN,精炼锡：成本（日）,indicators_v1[sn_71_cost_3],CLEAN,NO,NO,
THS-NI-7.1,NI,7.1,镍冶炼成本总量（元/吨）,fuzzy_name,0.571,si_25_cost_smelt_2,ID01523500,FILLED,v1:fuzzy_name | fallback_variety=SI,工业硅冶炼成本,indicators_v1[si_25_cost_smelt_2],CLEAN,NO,NO,
THS-NI-7.1,NI,7.1,近3年同季成本均值（元/吨）,zhiji_search,0.7,,ID00180030,VALID,search score=0.7 | zhiji=干胶：RSS3：近月合约：国际市场：市场价：新加坡（年）,干胶：RSS3：近月合约：国际市场：市场价：新加坡（年）,zhiji_note,CLEAN,NO,NO,
THS-NI-7.1,NI,7.1,近3年同季成本标准差（元/吨）,zhiji_search,0.7,,CM00908664,VALID,search score=0.7 | zhiji=中国：3年期标准国开债远期合约：成交额（月）,中国：3年期标准国开债远期合约：成交额（月）,zhiji_note,CLEAN,NO,NO,
THS-NI-7.1,NI,7.1,镍冶炼成本（元/吨）,fuzzy_name,0.667,si_25_cost_smelt_2,ID01523500,FILLED,v1:fuzzy_name | fallback_variety=SI,工业硅冶炼成本,indicators_v1[si_25_cost_smelt_2],CLEAN,NO,NO,
THS-NI-7.1,NI,7.1,沪镍主力合约收盘价（元/吨）,fuzzy_name,0.737,wr115,FU00050085,FILLED,v1:fuzzy_name | fallback_variety=LI,碳酸锂 主力合约 收盘价,indicators_v1[wr115],CLEAN,NO,NO,
THS-NI-7.1,NI,7.1,镍精矿TC（美元/吨干矿）,fuzzy_key,0.571,TC,ID01002200,INVALID,v1:fuzzy_key→NI | meta_err:<urlopen error _ssl.c:993: The handshake operation timed out>,TC加工费,indicators_v1[TC],CLEAN,NO,NO,
THS-NI-7.1,NI,7.1,镍矿CIF价格（美元/湿吨）、镍矿FOB价格（美元/湿吨）,none,0.0,,,MISSING,no_match,,no_match,N/A,N/A,N/A,
THS-NI-7.1,NI,7.1,菲律宾镍矿CIF价格（美元/湿吨）、菲律宾镍矿FOB价格（美元/湿吨）,none,0.0,,,MISSING,no_match,,no_match,N/A,N/A,N/A,
THS-NI-7.1,NI,7.1,菲律宾镍矿CIF价格（美元/湿吨）,none,0.0,,,MISSING,no_match,,no_match,N/A,N/A,N/A,
THS-NI-7.1,NI,7.1,镍铁RKEF成本（元/镍点）,none,0.0,,,MISSING,no_match,,no_match,N/A,N/A,N/A,
THS-NI-7.1,NI,7.1,镍铁一体化成本（元/吨）、镍精矿TC（美元/吨干矿）,none,0.0,,,MISSING,no_match,,no_match,N/A,N/A,N/A,
THS-NI-7.1,NI,7.1,高冰镍成本（元/吨）、镍矿成本（元/吨）、加工费（元/吨）,none,0.0,,,MISSING,no_match,,no_match,N/A,N/A,N/A,
THS-NI-7.1,NI,7.1,印尼高冰镍完全成本（美元/镍吨）、印尼高冰镍现金成本（美元/镍吨）,none,0.0,,,MISSING,no_match,,no_match,N/A,N/A,N/A,
THS-NI-7.1,NI,7.1,日度分原料硫酸镍完全成本（元/镍吨）（MHP/高冰镍/镍豆）,none,0.0,,,MISSING,no_match,,no_match,N/A,N/A,N/A,
THS-NI-7.1,NI,7.1,分原料硫酸镍完全成本（元/镍吨）,fuzzy_name,0.588,li_71_total_cost,ID01835358,FILLED,v1:fuzzy_name | fallback_variety=LI,分路线完全成本,indicators_v1[li_71_total_cost],CLEAN,NO,NO,
THS-NI-7.1,NI,7.1,日度分原料硫酸镍完全成本（元/镍吨）,none,0.0,,,MISSING,no_match,,no_match,N/A,N/A,N/A,
THS-NI-7.2,NI,7.2,电解镍日度利润（元/吨）,none,0.0,,,MISSING,no_match,,no_match,N/A,N/A,N/A,
THS-NI-7.2,NI,7.2,沪镍主力合约收盘价（元/吨）,fuzzy_name,0.737,wr115,FU00050085,FILLED,v1:fuzzy_name | fallback_variety=LI,碳酸锂 主力合约 收盘价,indicators_v1[wr115],CLEAN,NO,NO,
THS-NI-7.2,NI,7.2,电解镍现金成本（元/吨）,fuzzy_name,0.571,si_71_cost_cash,ID02313934,FILLED,v1:fuzzy_name | fallback_variety=SI,工业硅现金成本,indicators_v1[si_71_cost_cash],CLEAN,NO,NO,
THS-NI-7.2,NI,7.2,镍铁一体化日度利润（元/吨）,none,0.0,,,MISSING,no_match,,no_match,N/A,N/A,N/A,
THS-NI-7.2,NI,7.2,镍矿成本（元/吨）,zhiji_search,0.7,,ID01675320,VALID,search score=0.7 | zhiji=Ramu镍钴矿：镍：实际现金成本：镍28公司（季）,Ramu镍钴矿：镍：实际现金成本：镍28公司（季）,zhiji_note,CLEAN,NO,NO,
THS-NI-7.2,NI,7.2,TC（美元/吨干矿）,exact_key,1.0,TC,ID01002200,INVALID,v1:exact_key→NI | meta_err:<urlopen error _ssl.c:993: The handshake operation timed out>,TC加工费,indicators_v1[TC],CLEAN,NO,NO,
THS-NI-7.2,NI,7.2,高冰镍日度利润（元/吨）,none,0.0,,,MISSING,no_match,,no_match,N/A,N/A,N/A,
THS-NI-7.2,NI,7.2,加工费（元/吨）,fuzzy_name,0.75,TC,ID01002200,INVALID,v1:fuzzy_name→NI | meta_err:<urlopen error _ssl.c:993: The handshake operation timed out>,TC加工费,indicators_v1[TC],CLEAN,NO,NO,
THS-NI-7.2,NI,7.2,精炼镍日度利润（元/吨）,none,0.0,,,MISSING,no_match,,no_match,N/A,N/A,N/A,
THS-NI-7.2,NI,7.2,镍冶炼日度利润分位（%）,none,0.0,,,MISSING,no_match,,no_match,N/A,N/A,N/A,
THS-NI-7.2,NI,7.2,镍价（元/吨）,fuzzy_name,0.571,wr257,ID01878121,VALID,v1:fuzzy_name→NI | zhiji=镍铁：到厂价格指数（日）,镍铁：到厂价格指数（日）,zhiji_note,CLEAN,NO,NO,
THS-NI-7.2,NI,7.2,镍冶炼日度利润（元/吨）,fuzzy_name,0.571,si_25_profit_smelt_2,ID01528163,FILLED,v1:fuzzy_name | fallback_variety=SI,工业硅冶炼利润,indicators_v1[si_25_profit_smelt_2],CLEAN,NO,NO,
THS-NI-7.2,NI,7.2,近3年同日利润均值（元/吨）,none,0.0,,,MISSING,no_match,,no_match,N/A,N/A,N/A,
THS-NI-7.2,NI,7.2,近3年同日利润标准差（元/吨）,none,0.0,,,MISSING,no_match,,no_match,N/A,N/A,N/A,
THS-NI-7.2,NI,7.2,镍精矿TC（美元/吨干矿）,fuzzy_key,0.571,TC,ID01002200,INVALID,v1:fuzzy_key→NI | meta_err:<urlopen error _ssl.c:993: The handshake operation timed out>,TC加工费,indicators_v1[TC],CLEAN,NO,NO,
THS-NI-7.2,NI,7.2,电解镍日度利润（元/吨）、沪镍主力合约收盘价（元/吨）、电解镍现金成本（元/吨）,none,0.0,,,MISSING,no_match,,no_match,N/A,N/A,N/A,
THS-NI-7.2,NI,7.2,镍铁一体化日度利润（元/吨）、镍矿成本（元/吨）、TC（美元/吨干矿）,none,0.0,,,MISSING,no_match,,no_match,N/A,N/A,N/A,
THS-NI-7.2,NI,7.2,高冰镍日度利润（元/吨）、镍矿成本（元/吨）、加工费（元/吨）,none,0.0,,,MISSING,no_match,,no_match,N/A,N/A,N/A,
THS-NI-7.2,NI,7.2,印尼高冰镍完全成本：利润（周度）,none,0.0,,,MISSING,no_match,,no_match,N/A,N/A,N/A,
THS-NI-7.2,NI,7.2,分原料硫酸镍利润（元/镍吨）（MHP/高冰镍/镍豆）,none,0.0,,,MISSING,no_match,,no_match,N/A,N/A,N/A,
THS-NI-7.2,NI,7.2,分原料硫酸镍利润（元/镍吨）,none,0.0,,,MISSING,no_match,,no_match,N/A,N/A,N/A,
THS-NI-7.2,NI,7.2,镍进口盈亏（元/吨）,fuzzy_name,0.667,ni_62_import,ID00408378,VALID,v1:fuzzy_name→NI | zhiji=镍豆：进口盈亏（日）,镍豆：进口盈亏（日）,zhiji_note,CLEAN,NO,NO,
THS-NI-7.2,NI,7.2,电解镍进口盈亏（元/吨）,fuzzy_name,0.588,ni_62_import,ID00408378,VALID,v1:fuzzy_name→NI | zhiji=镍豆：进口盈亏（日）,镍豆：进口盈亏（日）,zhiji_note,CLEAN,NO,NO,
THS-NI-7.2,NI,7.2,镍出口盈亏（元/吨）,none,0.0,,,MISSING,no_match,,no_match,N/A,N/A,N/A,
THS-NI-7.2,NI,7.2,电解镍出口盈亏（元/吨）,zhiji_search,0.7,,ID00408378,VALID,search score=0.7 | zhiji=镍豆：进口盈亏（日）,镍豆：进口盈亏（日）,zhiji_note,CLEAN,NO,NO,
THS-NI-7.3,NI,7.3,电价（元/度）,fuzzy_name,0.571,si_71_power_4,ID01857551,FILLED,v1:fuzzy_name | fallback_variety=SI,工业硅电价,indicators_v1[si_71_power_4],CLEAN,NO,NO,
THS-NI-7.3,NI,7.3,电解镍现金成本（元/吨）,fuzzy_name,0.571,si_71_cost_cash,ID02313934,FILLED,v1:fuzzy_name | fallback_variety=SI,工业硅现金成本,indicators_v1[si_71_cost_cash],CLEAN,NO,NO,
THS-NI-7.3,NI,7.3,镍矿成本（元/吨）,zhiji_search,0.7,,ID01675320,VALID,search score=0.7 | zhiji=Ramu镍钴矿：镍：实际现金成本：镍28公司（季）,Ramu镍钴矿：镍：实际现金成本：镍28公司（季）,zhiji_note,CLEAN,NO,NO,
THS-NI-7.3,NI,7.3,镍精矿TC（美元/吨干矿）,fuzzy_key,0.571,TC,ID01002200,INVALID,v1:fuzzy_key→NI | meta_err:<urlopen error _ssl.c:993: The handshake operation timed out>,TC加工费,indicators_v1[TC],CLEAN,NO,NO,
THS-NI-7.3,NI,7.3,镍生铁/NPI成本（元/吨）,none,0.0,,,MISSING,no_match,,no_match,N/A,N/A,N/A,
THS-NI-7.3,NI,7.3,TC（美元/吨干矿）,exact_key,1.0,TC,ID01002200,INVALID,v1:exact_key→NI | meta_err:<urlopen error _ssl.c:993: The handshake operation timed out>,TC加工费,indicators_v1[TC],CLEAN,NO,NO,
THS-NI-7.3,NI,7.3,高冰镍成本（元/吨）,zhiji_search,0.7,,ID01959851,VALID,search score=0.7 | zhiji=精炼镍：生产成本：中国：外采：高冰镍加工工艺（日）,精炼镍：生产成本：中国：外采：高冰镍加工工艺（日）,zhiji_note,CLEAN,NO,NO,
THS-NI-7.3,NI,7.3,加工费（元/吨）,fuzzy_name,0.75,TC,ID01002200,INVALID,v1:fuzzy_name→NI | meta_err:<urlopen error _ssl.c:993: The handshake operation timed out>,TC加工费,indicators_v1[TC],CLEAN,NO,NO,
THS-NI-7.3,NI,7.3,精炼镍成本（元/吨）,fuzzy_name,0.571,sn_71_cost_3,ID02105843,FILLED,v1:fuzzy_name | fallback_variety=SN,精炼锡：成本（日）,indicators_v1[sn_71_cost_3],CLEAN,NO,NO,
THS-NI-7.3,NI,7.3,能源/原料成本总量（元/吨）,none,0.0,,,MISSING,no_match,,no_match,N/A,N/A,N/A,
THS-NI-7.3,NI,7.3,近3年同月成本均值（元/吨）,none,0.0,,,MISSING,no_match,,no_match,N/A,N/A,N/A,
THS-NI-7.3,NI,7.3,近3年同月成本标准差（元/吨）,none,0.0,,,MISSING,no_match,,no_match,N/A,N/A,N/A,
THS-NI-7.3,NI,7.3,沪镍主力合约收盘价（元/吨）,fuzzy_name,0.737,wr115,FU00050085,FILLED,v1:fuzzy_name | fallback_variety=LI,碳酸锂 主力合约 收盘价,indicators_v1[wr115],CLEAN,NO,NO,
THS-NI-7.3,NI,7.3,印尼镍矿HPM基准价（美元/湿吨）,fuzzy_name,0.56,wr253,s22793258,VALID,v1:fuzzy_name→NI | zhiji=None,None,zhiji_note,CLEAN,NO,NO,
THS-NI-7.3,NI,7.3,菲律宾镍矿离港量（万吨）,none,0.0,,,MISSING,no_match,,no_match,N/A,N/A,N/A,
THS-NI-7.3,NI,7.3,镍矿港口库存（万吨）,fuzzy_name,0.667,i5,ID01167590,FILLED,v1:fuzzy_name | fallback_variety=PB,进口铅精矿港口库存,indicators_v1[i5],CLEAN,NO,NO,
THS-NI-7.3,NI,7.3,菲律宾至中国海运费（美元/湿吨）,none,0.0,,,MISSING,no_match,,no_match,N/A,N/A,N/A,
THS-NI-7.3,NI,7.3,中国镍矿到港量（万吨）,fuzzy_name,0.615,wr243,ID01002124,VALID,v1:fuzzy_name→NI | zhiji=低镍生铁：产量：中国：实物量（月）,低镍生铁：产量：中国：实物量（月）,zhiji_note,CLEAN,NO,NO,
THS-NI-7.3,NI,7.3,原图数,none,0.0,,,MISSING,no_match,,no_match,N/A,N/A,N/A,
THS-NI-7.3,NI,7.3,删除图数,none,0.0,,,MISSING,no_match,,no_match,N/A,N/A,N/A,
THS-NI-7.3,NI,7.3,新增图数,none,0.0,,,MISSING,no_match,,no_match,N/A,N/A,N/A,
THS-NI-7.3,NI,7.3,最终图数,none,0.0,,,MISSING,no_match,,no_match,N/A,N/A,N/A,
THS-SI-2.1,SI,2.1,工业硅期货主力合约收盘价（元/吨）,fuzzy_name,0.909,si_21_close_front,a10154400,VALID,v1:fuzzy_name→SI | zhiji=None,None,zhiji_note,CLEAN,NO,NO,
THS-SI-2.1,SI,2.1,工业硅期货持仓量（手）,fuzzy_name,0.667,si_23_spread_futures,FU00039384,VALID,v1:fuzzy_name→SI | zhiji=GFEX：工业硅：10合约：收盘价（日）,GFEX：工业硅：10合约：收盘价（日）,zhiji_note,CLEAN,NO,NO,
THS-SI-2.1,SI,2.1,工业硅期货日度成交量（手）,fuzzy_name,0.6,si_21_volume_front,a10154413,VALID,v1:fuzzy_name→SI | zhiji=None,None,zhiji_note,CLEAN,NO,NO,
THS-SI-2.1,SI,2.1,工业硅期货日度持仓量（手）,fuzzy_name,0.6,si_21_openinterest_front,a10154412,VALID,v1:fuzzy_name→SI | zhiji=None,None,zhiji_note,CLEAN,NO,NO,
THS-SI-2.1,SI,2.1,工业硅期货日度持仓量分位（%）,none,0.0,,,MISSING,no_match,,no_match,N/A,N/A,N/A,
THS-SI-2.1,SI,2.1,工业硅期货日度多空持仓比（%）,none,0.0,,,MISSING,no_match,,no_match,N/A,N/A,N/A,
THS-SI-2.1,SI,2.1,工业硅期货日度基差（元/吨）,fuzzy_name,0.75,si_23_spread_futures,FU00039384,VALID,v1:fuzzy_name→SI | zhiji=GFEX：工业硅：10合约：收盘价（日）,GFEX：工业硅：10合约：收盘价（日）,zhiji_note,CLEAN,NO,NO,
THS-SI-2.1,SI,2.1,工业硅期货日度仓单注册量（吨）,none,0.0,,,MISSING,no_match,,no_match,N/A,N/A,N/A,
THS-SI-2.1,SI,2.1,工业硅期货日度月差（元/吨）,fuzzy_name,0.875,si_23_spread_futures,FU00039384,VALID,v1:fuzzy_name→SI | zhiji=GFEX：工业硅：10合约：收盘价（日）,GFEX：工业硅：10合约：收盘价（日）,zhiji_note,CLEAN,NO,NO,
THS-SI-2.1,SI,2.1,近3年同日持仓量均值（手）,none,0.0,,,MISSING,no_match,,no_match,N/A,N/A,N/A,
THS-SI-2.1,SI,2.1,近3年同日持仓量标准差（手）,none,0.0,,,MISSING,no_match,,no_match,N/A,N/A,N/A,
THS-SI-2.2,SI,2.2,工业硅现货升贴水（元/吨）,fuzzy_name,0.737,li_22_premium_spot,ID01922204,FILLED,v1:fuzzy_name | fallback_variety=LI,工业级碳酸锂现货升贴水,indicators_v1[li_22_premium_spot],CLEAN,NO,NO,
THS-SI-2.2,SI,2.2,工业硅期货主力合约收盘价（元/吨）,fuzzy_name,0.909,si_21_close_front,a10154400,VALID,v1:fuzzy_name→SI | zhiji=None,None,zhiji_note,CLEAN,NO,NO,
THS-SI-2.2,SI,2.2,工业硅基差（元/吨）,exact_name,1.0,si_22_basis,a12841761,VALID,v1:exact_name→SI | zhiji=None,None,zhiji_note,CLEAN,NO,NO,
THS-SI-2.2,SI,2.2,工业硅现货价格（元/吨）,fuzzy_name,0.706,wr110,ID01666072,FILLED,v1:fuzzy_name | fallback_variety=LI,工业级碳酸锂 现货价格,indicators_v1[wr110],CLEAN,NO,NO,
THS-SI-2.2,SI,2.2,工业硅仓单注册量（吨）,fuzzy_name,0.632,si_41_warrant_total,a10175359,VALID,v1:fuzzy_name→SI | zhiji=None,None,zhiji_note,CLEAN,NO,NO,
THS-SI-2.2,SI,2.2,工业硅进口盈亏（元/吨）,fuzzy_name,0.769,si_61_import_3,CM0000287718,VALID,v1:fuzzy_name→SI | zhiji=工业硅：Si＜99.99%：进口数量：日本→中国（月）,工业硅：Si＜99.99%：进口数量：日本→中国（月）,zhiji_note,CLEAN,NO,NO,
THS-SI-2.2,SI,2.2,工业硅沪伦比（倍）,fuzzy_name,0.6,wr173,ID01895225,FILLED,v1:fuzzy_name | fallback_variety=SN,锡沪伦比,indicators_v1[wr173],CLEAN,NO,NO,
THS-SI-2.2,SI,2.2,工业硅月差（元/吨）,fuzzy_name,0.833,si_23_spread_futures,FU00039384,VALID,v1:fuzzy_name→SI | zhiji=GFEX：工业硅：10合约：收盘价（日）,GFEX：工业硅：10合约：收盘价（日）,zhiji_note,CLEAN,NO,NO,
THS-SI-2.2,SI,2.2,近3年同日升贴水均值（元/吨）,none,0.0,,,MISSING,no_match,,no_match,N/A,N/A,N/A,
THS-SI-2.2,SI,2.2,近3年同日升贴水标准差（元/吨）,none,0.0,,,MISSING,no_match,,no_match,N/A,N/A,N/A,
THS-SI-2.3,SI,2.3,LME工业硅收盘价（美元/吨）,fuzzy_name,0.632,si_21_close_front,a10154400,VALID,v1:fuzzy_name→SI | zhiji=None,None,zhiji_note,CLEAN,NO,NO,
THS-SI-2.3,SI,2.3,LME工业硅持仓量（手）,fuzzy_name,0.632,si_21_openinterest_front,a10154412,VALID,v1:fuzzy_name→SI | zhiji=None,None,zhiji_note,CLEAN,NO,NO,
THS-SI-2.3,SI,2.3,COMEX工业硅收盘价（美元/磅）,fuzzy_name,0.571,si_21_close_front,a10154400,VALID,v1:fuzzy_name→SI | zhiji=None,None,zhiji_note,CLEAN,NO,NO,
THS-SI-2.3,SI,2.3,COMEX工业硅持仓量（手）,fuzzy_name,0.636,si_41_warrant_total,a10175359,VALID,v1:fuzzy_name→SI | zhiji=None,None,zhiji_note,CLEAN,NO,NO,
THS-SI-2.3,SI,2.3,沪伦比（倍）,fuzzy_name,0.857,wr173,ID01895225,FILLED,v1:fuzzy_name | fallback_variety=SN,锡沪伦比,indicators_v1[wr173],CLEAN,NO,NO,
THS-SI-2.3,SI,2.3,工业硅进口盈亏（元/吨）,fuzzy_name,0.769,si_61_import_3,CM0000287718,VALID,v1:fuzzy_name→SI | zhiji=工业硅：Si＜99.99%：进口数量：日本→中国（月）,工业硅：Si＜99.99%：进口数量：日本→中国（月）,zhiji_note,CLEAN,NO,NO,
THS-SI-2.3,SI,2.3,LME工业硅现货升贴水（美元/吨）,fuzzy_name,0.667,wr168,j02797784,FILLED,v1:fuzzy_name | fallback_variety=SN,LME锡升贴水,indicators_v1[wr168],CLEAN,NO,NO,
THS-SI-2.3,SI,2.3,COMEX工业硅现货升贴水（美元/磅）,fuzzy_name,0.583,li_22_premium_spot,ID01922204,FILLED,v1:fuzzy_name | fallback_variety=LI,工业级碳酸锂现货升贴水,indicators_v1[li_22_premium_spot],CLEAN,NO,NO,
THS-SI-2.3,SI,2.3,LME工业硅现金价格（美元/吨）,fuzzy_name,0.588,si_71_cost_cash,ID02313934,VALID,v1:fuzzy_name→SI | zhiji=工业硅：421#：现金成本：新疆（周）,工业硅：421#：现金成本：新疆（周）,zhiji_note,CLEAN,NO,NO,
THS-SI-2.3,SI,2.3,LME工业硅3个月期货收盘价（美元/吨）,fuzzy_name,0.562,sn_23_lme_close,FU00080251,FILLED,v1:fuzzy_name | fallback_variety=SN,LME：锡：3个月合约：收盘价（日）,indicators_v1[sn_23_lme_close],CLEAN,NO,NO,
THS-SI-2.3,SI,2.3,近3年同日收盘价均值（美元/吨）,none,0.0,,,MISSING,no_match,,no_match,N/A,N/A,N/A,
THS-SI-2.3,SI,2.3,近3年同日收盘价标准差（美元/吨）,none,0.0,,,MISSING,no_match,,no_match,N/A,N/A,N/A,
THS-SI-2.4,SI,2.4,工业硅期货月差（元/吨）,exact_name,1.0,si_23_spread_futures,FU00039384,VALID,v1:exact_name→SI | zhiji=GFEX：工业硅：10合约：收盘价（日）,GFEX：工业硅：10合约：收盘价（日）,zhiji_note,CLEAN,NO,NO,
THS-SI-2.4,SI,2.4,工业硅期货主力合约收盘价（元/吨）,fuzzy_name,0.909,si_21_close_front,a10154400,VALID,v1:fuzzy_name→SI | zhiji=None,None,zhiji_note,CLEAN,NO,NO,
THS-SI-2.4,SI,2.4,工业硅期货近月合约收盘价（元/吨）,fuzzy_name,0.737,li_24_close_near_2,a12841695,FILLED,v1:fuzzy_name | fallback_variety=LI,近月合约收盘价,indicators_v1[li_24_close_near_2],CLEAN,NO,NO,
THS-SI-2.4,SI,2.4,工业硅期货远月合约收盘价（元/吨）,fuzzy_name,0.727,si_21_close_front,a10154400,VALID,v1:fuzzy_name→SI | zhiji=None,None,zhiji_note,CLEAN,NO,NO,
THS-SI-2.4,SI,2.4,工业硅期货仓单注册量（吨）,fuzzy_name,0.588,si_23_spread_futures,FU00039384,VALID,v1:fuzzy_name→SI | zhiji=GFEX：工业硅：10合约：收盘价（日）,GFEX：工业硅：10合约：收盘价（日）,zhiji_note,CLEAN,NO,NO,
THS-SI-2.4,SI,2.4,工业硅期货持仓量（手）,fuzzy_name,0.667,si_23_spread_futures,FU00039384,VALID,v1:fuzzy_name→SI | zhiji=GFEX：工业硅：10合约：收盘价（日）,GFEX：工业硅：10合约：收盘价（日）,zhiji_note,CLEAN,NO,NO,
THS-SI-2.4,SI,2.4,工业硅期货基差（元/吨）,fuzzy_name,0.857,si_23_spread_futures,FU00039384,VALID,v1:fuzzy_name→SI | zhiji=GFEX：工业硅：10合约：收盘价（日）,GFEX：工业硅：10合约：收盘价（日）,zhiji_note,CLEAN,NO,NO,
THS-SI-2.4,SI,2.4,近3年同日月差均值（元/吨）,none,0.0,,,MISSING,no_match,,no_match,N/A,N/A,N/A,
THS-SI-2.4,SI,2.4,近3年同日月差标准差（元/吨）,none,0.0,,,MISSING,no_match,,no_match,N/A,N/A,N/A,
THS-SI-2.5,SI,2.5,工业硅冶炼利润（元/吨）,exact_name,1.0,si_25_profit_smelt_2,ID01528163,VALID,v1:exact_name→SI | zhiji=工业硅：421#：利润：四川（周）,工业硅：421#：利润：四川（周）,zhiji_note,CLEAN,NO,NO,
THS-SI-2.5,SI,2.5,工业硅期货主力合约收盘价（元/吨）,fuzzy_name,0.909,si_21_close_front,a10154400,VALID,v1:fuzzy_name→SI | zhiji=None,None,zhiji_note,CLEAN,NO,NO,
THS-SI-2.5,SI,2.5,多晶硅冶炼利润（元/吨）,fuzzy_name,0.714,si_25_profit_smelt_2,ID01528163,VALID,v1:fuzzy_name→SI | zhiji=工业硅：421#：利润：四川（周）,工业硅：421#：利润：四川（周）,zhiji_note,CLEAN,NO,NO,
THS-SI-2.5,SI,2.5,多晶硅期货主力合约收盘价（元/吨）,fuzzy_name,0.75,li_21_close_front_futures,a10172975,FILLED,v1:fuzzy_name | fallback_variety=LI,碳酸锂期货主力合约收盘价,indicators_v1[li_21_close_front_futures],CLEAN,NO,NO,
THS-SI-2.5,SI,2.5,工业硅估值分位（%）,none,0.0,,,MISSING,no_match,,no_match,N/A,N/A,N/A,
THS-SI-2.5,SI,2.5,多晶硅估值分位（%）,none,0.0,,,MISSING,no_match,,no_match,N/A,N/A,N/A,
THS-SI-2.5,SI,2.5,工业硅冶炼成本（元/吨）,exact_name,1.0,si_25_cost_smelt_2,ID01523500,VALID,v1:exact_name→SI | zhiji=工业硅：421#：成本：四川（周）,工业硅：421#：成本：四川（周）,zhiji_note,CLEAN,NO,NO,
THS-SI-2.5,SI,2.5,多晶硅冶炼成本（元/吨）,fuzzy_name,0.714,si_25_cost_smelt_2,ID01523500,VALID,v1:fuzzy_name→SI | zhiji=工业硅：421#：成本：四川（周）,工业硅：421#：成本：四川（周）,zhiji_note,CLEAN,NO,NO,
THS-SI-2.5,SI,2.5,近3年同月冶炼利润均值（元/吨）,zhiji_search,0.7,,LC00158095,VALID,search score=0.7 | zhiji=株洲冶炼集团：汇总指标：净利润（年）,株洲冶炼集团：汇总指标：净利润（年）,zhiji_note,CLEAN,NO,NO,
THS-SI-2.5,SI,2.5,近3年同月冶炼利润标准差（元/吨）,zhiji_search,0.7,,LC00158095,VALID,search score=0.7 | zhiji=株洲冶炼集团：汇总指标：净利润（年）,株洲冶炼集团：汇总指标：净利润（年）,zhiji_note,CLEAN,NO,NO,
THS-SI-2.5,SI,2.5,工业硅冶炼利润分位（%）,fuzzy_name,0.875,si_25_profit_smelt_2,ID01528163,VALID,v1:fuzzy_name→SI | zhiji=工业硅：421#：利润：四川（周）,工业硅：421#：利润：四川（周）,zhiji_note,CLEAN,NO,NO,
THS-SI-2.6,SI,2.6,工业硅期货多头前20持仓量（手）,fuzzy_name,0.917,si_26_openinterest_top20_long_3,FU00085351,VALID,v1:fuzzy_name→SI | zhiji=GFEX：工业硅：10合约：持买单量合计：前20期货公司（日）,GFEX：工业硅：10合约：持买单量合计：前20期货公司（日）,zhiji_note,CLEAN,NO,NO,
THS-SI-2.6,SI,2.6,工业硅期货空头前20持仓量（手）,fuzzy_name,0.917,si_26_openinterest_top20_short_2,FU00085350,VALID,v1:fuzzy_name→SI | zhiji=GFEX：工业硅：09合约：持卖单量合计：前20期货公司（日）,GFEX：工业硅：09合约：持卖单量合计：前20期货公司（日）,zhiji_note,CLEAN,NO,NO,
THS-SI-2.6,SI,2.6,工业硅期货多空前20净持仓（手）,fuzzy_name,0.75,si_26_openinterest_top20_short_2,FU00085350,VALID,v1:fuzzy_name→SI | zhiji=GFEX：工业硅：09合约：持卖单量合计：前20期货公司（日）,GFEX：工业硅：09合约：持卖单量合计：前20期货公司（日）,zhiji_note,CLEAN,NO,NO,
THS-SI-2.6,SI,2.6,工业硅期货主力合约收盘价（元/吨）,fuzzy_name,0.909,si_21_close_front,a10154400,VALID,v1:fuzzy_name→SI | zhiji=None,None,zhiji_note,CLEAN,NO,NO,
THS-SI-2.6,SI,2.6,工业硅期货多空持仓比（%）,fuzzy_name,0.588,si_23_spread_futures,FU00039384,VALID,v1:fuzzy_name→SI | zhiji=GFEX：工业硅：10合约：收盘价（日）,GFEX：工业硅：10合约：收盘价（日）,zhiji_note,CLEAN,NO,NO,
THS-SI-2.6,SI,2.6,工业硅期货持仓量分位（%）,fuzzy_name,0.6,si_21_openinterest_front,a10154412,VALID,v1:fuzzy_name→SI | zhiji=None,None,zhiji_note,CLEAN,NO,NO,
THS-SI-2.6,SI,2.6,工业硅期货成交量（手）,fuzzy_name,0.667,si_23_spread_futures,FU00039384,VALID,v1:fuzzy_name→SI | zhiji=GFEX：工业硅：10合约：收盘价（日）,GFEX：工业硅：10合约：收盘价（日）,zhiji_note,CLEAN,NO,NO,
THS-SI-2.6,SI,2.6,工业硅期货仓单注册量（吨）,fuzzy_name,0.588,si_23_spread_futures,FU00039384,VALID,v1:fuzzy_name→SI | zhiji=GFEX：工业硅：10合约：收盘价（日）,GFEX：工业硅：10合约：收盘价（日）,zhiji_note,CLEAN,NO,NO,
THS-SI-2.6,SI,2.6,工业硅期货多空前20持仓量（手）,fuzzy_name,0.833,si_26_openinterest_top20_short_2,FU00085350,VALID,v1:fuzzy_name→SI | zhiji=GFEX：工业硅：09合约：持卖单量合计：前20期货公司（日）,GFEX：工业硅：09合约：持卖单量合计：前20期货公司（日）,zhiji_note,CLEAN,NO,NO,
THS-SI-2.6,SI,2.6,近3年同日多头前20持仓量均值（手）,fuzzy_name,0.696,li_26_openinterest_top20_long_3,FU00085331,FILLED,v1:fuzzy_name | fallback_variety=LI,多头前20持仓量,indicators_v1[li_26_openinterest_top20_long_3],CLEAN,NO,NO,
THS-SI-2.6,SI,2.6,近3年同日多头前20持仓量标准差（手）,fuzzy_name,0.667,li_26_openinterest_top20_long_3,FU00085331,FILLED,v1:fuzzy_name | fallback_variety=LI,多头前20持仓量,indicators_v1[li_26_openinterest_top20_long_3],CLEAN,NO,NO,
THS-SI-3.1.1,SI,3.1.1,海外硅矿季度产量（万吨）,fuzzy_name,0.571,wr234,a10169478,VALID,v1:fuzzy_name→SI | zhiji=None,None,zhiji_note,CLEAN,NO,NO,
THS-SI-3.1.1,SI,3.1.1,海外硅矿季度产能（万吨）,fuzzy_name,0.667,li_31_capacity,a12715541,FILLED,v1:fuzzy_name | fallback_variety=LI,海外产能,indicators_v1[li_31_capacity],CLEAN,NO,NO,
THS-SI-3.1.1,SI,3.1.1,海外硅矿季度开工率（%）,fuzzy_name,0.571,wr235,a10169445,VALID,v1:fuzzy_name→SI | zhiji=None,None,zhiji_note,CLEAN,NO,NO,
THS-SI-3.1.1,SI,3.1.1,海外硅矿季度产能利用率（%）,fuzzy_name,0.571,si_313_util_capacity,ID01445977,VALID,v1:fuzzy_name→SI | zhiji=工业硅：产能利用率：重庆（月）,工业硅：产能利用率：重庆（月）,zhiji_note,CLEAN,NO,NO,
THS-SI-3.1.1,SI,3.1.1,海外硅矿季度检修量（万吨）,none,0.0,,,MISSING,no_match,,no_match,N/A,N/A,N/A,
THS-SI-3.1.1,SI,3.1.1,海外硅矿季度进口量（万吨）,none,0.0,,,MISSING,no_match,,no_match,N/A,N/A,N/A,
THS-SI-3.1.1,SI,3.1.1,海外硅矿季度再生产量（万吨）,fuzzy_name,0.556,si_323_output_recycle,a12715177,VALID,v1:fuzzy_name→SI | zhiji=None,None,zhiji_note,CLEAN,NO,NO,
THS-SI-3.1.1,SI,3.1.1,海外硅矿季度加工费TC（元/吨）,none,0.0,,,MISSING,no_match,,no_match,N/A,N/A,N/A,
THS-SI-3.1.1,SI,3.1.1,近3年同季产量均值（万吨）,none,0.0,,,MISSING,no_match,,no_match,N/A,N/A,N/A,
THS-SI-3.1.1,SI,3.1.1,近3年同季产量标准差（万吨）,zhiji_search,0.7,,ID00317315,VALID,search score=0.7 | zhiji=热轧普碳钢：标准轨道钢：产量：日本（年）,热轧普碳钢：标准轨道钢：产量：日本（年）,zhiji_note,CLEAN,NO,NO,
THS-SI-3.1.2,SI,3.1.2,中国硅矿月产量（万吨）,fuzzy_name,0.8,si_312_output_3,a10123701,VALID,v1:fuzzy_name→SI | zhiji=None,None,zhiji_note,CLEAN,NO,NO,
THS-SI-3.1.2,SI,3.1.2,美国硅矿月产量（万吨）,fuzzy_name,0.714,si_312_output,ID01552216,VALID,v1:fuzzy_name→SI | zhiji=USGS：硅铁及金属硅：产量：美国（年）,USGS：硅铁及金属硅：产量：美国（年）,zhiji_note,CLEAN,NO,NO,
THS-SI-3.1.2,SI,3.1.2,巴西硅矿月产量（万吨）,none,0.0,,,MISSING,no_match,,no_match,N/A,N/A,N/A,
THS-SI-3.1.2,SI,3.1.2,中国硅矿月产能（万吨）,fuzzy_name,0.667,si_312_output_3,a10123701,VALID,v1:fuzzy_name→SI | zhiji=None,None,zhiji_note,CLEAN,NO,NO,
THS-SI-3.1.2,SI,3.1.2,美国硅矿月产能（万吨）,fuzzy_name,0.571,si_312_output,ID01552216,VALID,v1:fuzzy_name→SI | zhiji=USGS：硅铁及金属硅：产量：美国（年）,USGS：硅铁及金属硅：产量：美国（年）,zhiji_note,CLEAN,NO,NO,
THS-SI-3.1.2,SI,3.1.2,巴西硅矿月产能（万吨）,none,0.0,,,MISSING,no_match,,no_match,N/A,N/A,N/A,
THS-SI-3.1.2,SI,3.1.2,中国硅矿月开工率（%）,fuzzy_name,0.75,si_312_util_4,a10123444,VALID,v1:fuzzy_name→SI | zhiji=None,None,zhiji_note,CLEAN,NO,NO,
THS-SI-3.1.2,SI,3.1.2,美国硅矿月开工率（%）,fuzzy_name,0.625,si_312_util_4,a10123444,VALID,v1:fuzzy_name→SI | zhiji=None,None,zhiji_note,CLEAN,NO,NO,
THS-SI-3.1.2,SI,3.1.2,巴西硅矿月开工率（%）,fuzzy_name,0.615,wr235,a10169445,VALID,v1:fuzzy_name→SI | zhiji=None,None,zhiji_note,CLEAN,NO,NO,
THS-SI-3.1.2,SI,3.1.2,中国硅矿月进口量（万吨）,fuzzy_name,0.667,wr188,a10003098,FILLED,v1:fuzzy_name | fallback_variety=SN,国内锡矿进口量,indicators_v1[wr188],CLEAN,NO,NO,
THS-SI-3.1.2,SI,3.1.2,美国硅矿月进口量（万吨）,fuzzy_name,0.667,wr192,a12840346,FILLED,v1:fuzzy_name | fallback_variety=SN,美国锡净进口量,indicators_v1[wr192],CLEAN,NO,NO,
THS-SI-3.1.2,SI,3.1.2,巴西硅矿月进口量（万吨）,fuzzy_name,0.588,wr185,a12764410,FILLED,v1:fuzzy_name | fallback_variety=SN,马来西亚锡矿进口量,indicators_v1[wr185],CLEAN,NO,NO,
THS-SI-3.1.2,SI,3.1.2,中国硅矿月再生产量（万吨）,fuzzy_name,0.706,si_312_output_3,a10123701,VALID,v1:fuzzy_name→SI | zhiji=None,None,zhiji_note,CLEAN,NO,NO,
THS-SI-3.1.2,SI,3.1.2,美国硅矿月再生产量（万吨）,fuzzy_name,0.625,si_312_output,ID01552216,VALID,v1:fuzzy_name→SI | zhiji=USGS：硅铁及金属硅：产量：美国（年）,USGS：硅铁及金属硅：产量：美国（年）,zhiji_note,CLEAN,NO,NO,
THS-SI-3.1.2,SI,3.1.2,巴西硅矿月再生产量（万吨）,fuzzy_name,0.588,si_323_output_recycle,a12715177,VALID,v1:fuzzy_name→SI | zhiji=None,None,zhiji_note,CLEAN,NO,NO,
THS-SI-3.1.2,SI,3.1.2,中国硅矿月加工费TC（元/吨）,none,0.0,,,MISSING,no_match,,no_match,N/A,N/A,N/A,
THS-SI-3.1.2,SI,3.1.2,美国硅矿月加工费TC（元/吨）,none,0.0,,,MISSING,no_match,,no_match,N/A,N/A,N/A,
THS-SI-3.1.2,SI,3.1.2,巴西硅矿月加工费TC（元/吨）,none,0.0,,,MISSING,no_match,,no_match,N/A,N/A,N/A,
THS-SI-3.1.2,SI,3.1.2,近3年同月产量均值（万吨）,zhiji_search,0.7,,ID00180030,VALID,search score=0.7 | zhiji=干胶：RSS3：近月合约：国际市场：市场价：新加坡（年）,干胶：RSS3：近月合约：国际市场：市场价：新加坡（年）,zhiji_note,CLEAN,NO,NO,
THS-SI-3.1.2,SI,3.1.2,近3年同月产量标准差（万吨）,zhiji_search,0.7,,ID00317315,VALID,search score=0.7 | zhiji=热轧普碳钢：标准轨道钢：产量：日本（年）,热轧普碳钢：标准轨道钢：产量：日本（年）,zhiji_note,CLEAN,NO,NO,
THS-SI-3.1.2,SI,3.1.2,中国硅矿月产能利用率（%）,fuzzy_name,0.8,si_313_util_capacity,ID01445977,VALID,v1:fuzzy_name→SI | zhiji=工业硅：产能利用率：重庆（月）,工业硅：产能利用率：重庆（月）,zhiji_note,CLEAN,NO,NO,
THS-SI-3.1.2,SI,3.1.2,美国硅矿月产能利用率（%）,fuzzy_name,0.7,si_313_util_capacity,ID01445977,VALID,v1:fuzzy_name→SI | zhiji=工业硅：产能利用率：重庆（月）,工业硅：产能利用率：重庆（月）,zhiji_note,CLEAN,NO,NO,
THS-SI-3.1.2,SI,3.1.2,巴西硅矿月产能利用率（%）,fuzzy_name,0.6,si_313_util_capacity,ID01445977,VALID,v1:fuzzy_name→SI | zhiji=工业硅：产能利用率：重庆（月）,工业硅：产能利用率：重庆（月）,zhiji_note,CLEAN,NO,NO,
THS-SI-3.1.3,SI,3.1.3,国内硅矿月产量（万吨）,fuzzy_name,0.769,wr187,ID00299777,FILLED,v1:fuzzy_name | fallback_variety=SN,国内锡矿产量,indicators_v1[wr187],CLEAN,NO,NO,
THS-SI-3.1.3,SI,3.1.3,国内硅矿月产能（万吨）,fuzzy_name,0.615,wr187,ID00299777,FILLED,v1:fuzzy_name | fallback_variety=SN,国内锡矿产量,indicators_v1[wr187],CLEAN,NO,NO,
THS-SI-3.1.3,SI,3.1.3,国内硅矿月开工率（%）,fuzzy_name,0.714,wr197,a10113278,FILLED,v1:fuzzy_name | fallback_variety=SN,国内锡开工率,indicators_v1[wr197],CLEAN,NO,NO,
THS-SI-3.1.3,SI,3.1.3,国内硅矿月产能利用率（%）,fuzzy_name,0.7,si_313_util_capacity,ID01445977,VALID,v1:fuzzy_name→SI | zhiji=工业硅：产能利用率：重庆（月）,工业硅：产能利用率：重庆（月）,zhiji_note,CLEAN,NO,NO,
THS-SI-3.1.3,SI,3.1.3,国内硅矿月检修量（万吨）,fuzzy_name,0.571,wr187,ID00299777,FILLED,v1:fuzzy_name | fallback_variety=SN,国内锡矿产量,indicators_v1[wr187],CLEAN,NO,NO,
THS-SI-3.1.3,SI,3.1.3,国内硅矿月进口量（万吨）,fuzzy_name,0.8,wr188,a10003098,FILLED,v1:fuzzy_name | fallback_variety=SN,国内锡矿进口量,indicators_v1[wr188],CLEAN,NO,NO,
THS-SI-3.1.3,SI,3.1.3,国内硅矿月再生产量（万吨）,fuzzy_name,0.75,wr196,a12731582,FILLED,v1:fuzzy_name | fallback_variety=SN,国内再生锡产量,indicators_v1[wr196],CLEAN,NO,NO,
THS-SI-3.1.3,SI,3.1.3,国内硅矿月加工费TC（元/吨）,zhiji_search,0.7,,ID00275412,VALID,search score=0.7 | zhiji=铜管：H62：加工费：安徽（月）,铜管：H62：加工费：安徽（月）,zhiji_note,P0_CONFLICT,YES,NO,BL-019
THS-SI-3.1.3,SI,3.1.3,近3年同月产量均值（万吨）,zhiji_search,0.7,,ID00180030,VALID,search score=0.7 | zhiji=干胶：RSS3：近月合约：国际市场：市场价：新加坡（年）,干胶：RSS3：近月合约：国际市场：市场价：新加坡（年）,zhiji_note,CLEAN,NO,NO,
THS-SI-3.1.3,SI,3.1.3,近3年同月产量标准差（万吨）,zhiji_search,0.7,,ID00317315,VALID,search score=0.7 | zhiji=热轧普碳钢：标准轨道钢：产量：日本（年）,热轧普碳钢：标准轨道钢：产量：日本（年）,zhiji_note,CLEAN,NO,NO,
THS-SI-3.1.4,SI,3.1.4,国内硅矿月进口总量（万吨）,fuzzy_name,0.75,wr188,a10003098,FILLED,v1:fuzzy_name | fallback_variety=SN,国内锡矿进口量,indicators_v1[wr188],CLEAN,NO,NO,
THS-SI-3.1.4,SI,3.1.4,国内硅矿月产量（万吨）,fuzzy_name,0.769,wr187,ID00299777,FILLED,v1:fuzzy_name | fallback_variety=SN,国内锡矿产量,indicators_v1[wr187],CLEAN,NO,NO,
THS-SI-3.1.4,SI,3.1.4,中国硅矿月进口量分国别（万吨）,fuzzy_name,0.762,si_314_by_country_import_2,ID01517912,VALID,v1:fuzzy_name→SI | zhiji=工业硅：Si＜99.99%：进口数量：俄罗斯→中国（月）,工业硅：Si＜99.99%：进口数量：俄罗斯→中国（月）,zhiji_note,CLEAN,NO,NO,
THS-SI-3.1.4,SI,3.1.4,中国硅矿月进口总量（万吨）,fuzzy_name,0.632,i40,a10017055,FILLED,v1:fuzzy_name | fallback_variety=PB,中国海关铅精矿进口量,indicators_v1[i40],CLEAN,NO,NO,
THS-SI-3.1.4,SI,3.1.4,国内硅矿月进口盈亏（元/吨）,fuzzy_name,0.625,wr188,a10003098,FILLED,v1:fuzzy_name | fallback_variety=SN,国内锡矿进口量,indicators_v1[wr188],CLEAN,NO,NO,
THS-SI-3.1.4,SI,3.1.4,LME工业硅收盘价（美元/吨）,fuzzy_name,0.632,si_21_close_front,a10154400,VALID,v1:fuzzy_name→SI | zhiji=None,None,zhiji_note,CLEAN,NO,NO,
THS-SI-3.1.4,SI,3.1.4,国内硅矿月沪伦比（倍）,none,0.0,,,MISSING,no_match,,no_match,N/A,N/A,N/A,
THS-SI-3.1.4,SI,3.1.4,国内硅矿月仓单注册量（吨）,none,0.0,,,MISSING,no_match,,no_match,N/A,N/A,N/A,
THS-SI-3.1.4,SI,3.1.4,国内硅矿月加工费TC（元/吨）,zhiji_search,0.7,,ID00275412,VALID,search score=0.7 | zhiji=铜管：H62：加工费：安徽（月）,铜管：H62：加工费：安徽（月）,zhiji_note,P0_CONFLICT,YES,NO,BL-019
THS-SI-3.1.4,SI,3.1.4,国内硅矿月进口量（万吨）,fuzzy_name,0.8,wr188,a10003098,FILLED,v1:fuzzy_name | fallback_variety=SN,国内锡矿进口量,indicators_v1[wr188],CLEAN,NO,NO,
THS-SI-3.1.4,SI,3.1.4,近3年同月进口量均值（万吨）,zhiji_search,0.7,,ID01552196,VALID,search score=0.7 | zhiji=USGS：铌：消费进口量：美国（年）,USGS：铌：消费进口量：美国（年）,zhiji_note,CLEAN,NO,NO,
THS-SI-3.1.4,SI,3.1.4,近3年同月进口量标准差（万吨）,zhiji_search,0.7,,ID01552196,VALID,search score=0.7 | zhiji=USGS：铌：消费进口量：美国（年）,USGS：铌：消费进口量：美国（年）,zhiji_note,CLEAN,NO,NO,
THS-SI-3.1.4,SI,3.1.4,国内硅矿月进口量分国别占比（%）,fuzzy_name,0.696,si_314_by_country_import_2,ID01517912,VALID,v1:fuzzy_name→SI | zhiji=工业硅：Si＜99.99%：进口数量：俄罗斯→中国（月）,工业硅：Si＜99.99%：进口数量：俄罗斯→中国（月）,zhiji_note,CLEAN,NO,NO,
THS-SI-3.1.5,SI,3.1.5,工业硅矿端TC加工费（元/吨）,fuzzy_name,0.667,TC,ID01154994,FILLED,v1:fuzzy_name | fallback_variety=CU,TC加工费,indicators_v1[TC],CLEAN,NO,NO,
THS-SI-3.1.5,SI,3.1.5,工业硅期货主力合约收盘价（元/吨）,fuzzy_name,0.909,si_21_close_front,a10154400,VALID,v1:fuzzy_name→SI | zhiji=None,None,zhiji_note,CLEAN,NO,NO,
THS-SI-3.1.5,SI,3.1.5,工业硅冶炼利润（元/吨）,exact_name,1.0,si_25_profit_smelt_2,ID01528163,VALID,v1:exact_name→SI | zhiji=工业硅：421#：利润：四川（周）,工业硅：421#：利润：四川（周）,zhiji_note,CLEAN,NO,NO,
THS-SI-3.1.5,SI,3.1.5,工业硅冶炼厂开工率（%）,fuzzy_name,0.706,si_312_util_4,a10123444,VALID,v1:fuzzy_name→SI | zhiji=None,None,zhiji_note,CLEAN,NO,NO,
THS-SI-3.1.5,SI,3.1.5,工业硅冶炼厂产能利用率（%）,fuzzy_name,0.762,si_313_util_capacity,ID01445977,VALID,v1:fuzzy_name→SI | zhiji=工业硅：产能利用率：重庆（月）,工业硅：产能利用率：重庆（月）,zhiji_note,CLEAN,NO,NO,
THS-SI-3.1.5,SI,3.1.5,工业硅冶炼厂检修量（万吨）,fuzzy_name,0.625,si_25_cost_smelt_2,ID01523500,VALID,v1:fuzzy_name→SI | zhiji=工业硅：421#：成本：四川（周）,工业硅：421#：成本：四川（周）,zhiji_note,CLEAN,NO,NO,
THS-SI-3.1.5,SI,3.1.5,工业硅冶炼厂进口量（万吨）,fuzzy_name,0.8,si_61_import_3,CM0000287718,VALID,v1:fuzzy_name→SI | zhiji=工业硅：Si＜99.99%：进口数量：日本→中国（月）,工业硅：Si＜99.99%：进口数量：日本→中国（月）,zhiji_note,CLEAN,NO,NO,
THS-SI-3.1.5,SI,3.1.5,近3年同日TC加工费均值（元/吨）,fuzzy_name,0.588,TC,ID01154994,FILLED,v1:fuzzy_name | fallback_variety=CU,TC加工费,indicators_v1[TC],CLEAN,NO,NO,
THS-SI-3.1.5,SI,3.1.5,近3年同日TC加工费标准差（元/吨）,fuzzy_name,0.556,TC,ID01154994,FILLED,v1:fuzzy_name | fallback_variety=CU,TC加工费,indicators_v1[TC],CLEAN,NO,NO,
THS-SI-3.1.5,SI,3.1.5,工业硅矿端TC加工费分位（%）,fuzzy_name,0.588,TC,ID01154994,FILLED,v1:fuzzy_name | fallback_variety=CU,TC加工费,indicators_v1[TC],CLEAN,NO,NO,
THS-SI-3.2.1,SI,3.2.1,工业硅精炼月产量（万吨）,exact_name,1.0,si_321_output,a12715175,VALID,v1:exact_name→SI | zhiji=None,None,zhiji_note,CLEAN,NO,NO,
THS-SI-3.2.1,SI,3.2.1,工业硅精炼月产能（万吨）,exact_name,1.0,si_321_capacity_2,a12750402,VALID,v1:exact_name→SI | zhiji=None,None,zhiji_note,CLEAN,NO,NO,
THS-SI-3.2.1,SI,3.2.1,多晶硅精炼月产量（万吨）,fuzzy_name,0.769,wr214,a12853285,VALID,v1:fuzzy_name→SI | zhiji=None,None,zhiji_note,CLEAN,NO,NO,
THS-SI-3.2.1,SI,3.2.1,多晶硅精炼月产能（万吨）,fuzzy_name,0.769,wr213,j02799420,VALID,v1:fuzzy_name→SI | zhiji=None,None,zhiji_note,CLEAN,NO,NO,
THS-SI-3.2.1,SI,3.2.1,金属硅精炼月产量（万吨）,fuzzy_name,0.75,si_321_output,a12715175,VALID,v1:fuzzy_name→SI | zhiji=None,None,zhiji_note,CLEAN,NO,NO,
THS-SI-3.2.1,SI,3.2.1,金属硅精炼月产能（万吨）,fuzzy_name,0.75,si_321_capacity_2,a12750402,VALID,v1:fuzzy_name→SI | zhiji=None,None,zhiji_note,CLEAN,NO,NO,
THS-SI-3.2.1,SI,3.2.1,工业硅精炼月开工率（%）,fuzzy_name,0.706,si_321_output,a12715175,VALID,v1:fuzzy_name→SI | zhiji=None,None,zhiji_note,CLEAN,NO,NO,
THS-SI-3.2.1,SI,3.2.1,多晶硅精炼月开工率（%）,fuzzy_name,0.8,wr217,a10155018,VALID,v1:fuzzy_name→SI | zhiji=None,None,zhiji_note,CLEAN,NO,NO,
THS-SI-3.2.1,SI,3.2.1,工业硅精炼月产能利用率（%）,fuzzy_name,0.842,si_321_capacity_2,a12750402,VALID,v1:fuzzy_name→SI | zhiji=None,None,zhiji_note,CLEAN,NO,NO,
THS-SI-3.2.1,SI,3.2.1,工业硅精炼月检修量（万吨）,fuzzy_name,0.824,si_321_output,a12715175,VALID,v1:fuzzy_name→SI | zhiji=None,None,zhiji_note,CLEAN,NO,NO,
THS-SI-3.2.1,SI,3.2.1,近3年同月产量均值（万吨）,zhiji_search,0.7,,ID00180030,VALID,search score=0.7 | zhiji=干胶：RSS3：近月合约：国际市场：市场价：新加坡（年）,干胶：RSS3：近月合约：国际市场：市场价：新加坡（年）,zhiji_note,CLEAN,NO,NO,
THS-SI-3.2.1,SI,3.2.1,近3年同月产量标准差（万吨）,zhiji_search,0.7,,ID00317315,VALID,search score=0.7 | zhiji=热轧普碳钢：标准轨道钢：产量：日本（年）,热轧普碳钢：标准轨道钢：产量：日本（年）,zhiji_note,CLEAN,NO,NO,
THS-SI-3.2.2,SI,3.2.2,工业硅精炼月开工率（%）,fuzzy_name,0.706,si_321_output,a12715175,VALID,v1:fuzzy_name→SI | zhiji=None,None,zhiji_note,CLEAN,NO,NO,
THS-SI-3.2.2,SI,3.2.2,工业硅精炼月检修量（万吨）,fuzzy_name,0.824,si_321_output,a12715175,VALID,v1:fuzzy_name→SI | zhiji=None,None,zhiji_note,CLEAN,NO,NO,
THS-SI-3.2.2,SI,3.2.2,多晶硅精炼月开工率（%）,fuzzy_name,0.8,wr217,a10155018,VALID,v1:fuzzy_name→SI | zhiji=None,None,zhiji_note,CLEAN,NO,NO,
THS-SI-3.2.2,SI,3.2.2,多晶硅精炼月检修量（万吨）,fuzzy_name,0.588,si_321_output,a12715175,VALID,v1:fuzzy_name→SI | zhiji=None,None,zhiji_note,CLEAN,NO,NO,
THS-SI-3.2.2,SI,3.2.2,金属硅精炼月开工率（%）,fuzzy_name,0.571,wr235,a10169445,VALID,v1:fuzzy_name→SI | zhiji=None,None,zhiji_note,CLEAN,NO,NO,
THS-SI-3.2.2,SI,3.2.2,金属硅精炼月检修量（万吨）,fuzzy_name,0.588,si_321_output,a12715175,VALID,v1:fuzzy_name→SI | zhiji=None,None,zhiji_note,CLEAN,NO,NO,
THS-SI-3.2.2,SI,3.2.2,工业硅精炼月产能利用率（%）,fuzzy_name,0.842,si_321_capacity_2,a12750402,VALID,v1:fuzzy_name→SI | zhiji=None,None,zhiji_note,CLEAN,NO,NO,
THS-SI-3.2.2,SI,3.2.2,工业硅精炼月产量（万吨）,exact_name,1.0,si_321_output,a12715175,VALID,v1:exact_name→SI | zhiji=None,None,zhiji_note,CLEAN,NO,NO,
THS-SI-3.2.2,SI,3.2.2,工业硅精炼月开工天数（天）,fuzzy_name,0.667,si_321_output,a12715175,VALID,v1:fuzzy_name→SI | zhiji=None,None,zhiji_note,CLEAN,NO,NO,
THS-SI-3.2.2,SI,3.2.2,近3年同月开工率均值（%）,zhiji_search,0.7,,ID01442722,VALID,search score=0.7 | zhiji=产业在线：HFC-32：开工率：中国（年）,产业在线：HFC-32：开工率：中国（年）,zhiji_note,CLEAN,NO,NO,
THS-SI-3.2.2,SI,3.2.2,近3年同月开工率标准差（%）,zhiji_search,0.7,,ID01442722,VALID,search score=0.7 | zhiji=产业在线：HFC-32：开工率：中国（年）,产业在线：HFC-32：开工率：中国（年）,zhiji_note,CLEAN,NO,NO,
THS-SI-3.2.2,SI,3.2.2,近3年同月检修量均值（万吨）,zhiji_search,0.7,,ID01367631,VALID,search score=0.7 | zhiji=PP：检修减损量：中国（年）,PP：检修减损量：中国（年）,zhiji_note,CLEAN,NO,NO,
THS-SI-3.2.2,SI,3.2.2,近3年同月检修量标准差（万吨）,zhiji_search,0.7,,ID01367631,VALID,search score=0.7 | zhiji=PP：检修减损量：中国（年）,PP：检修减损量：中国（年）,zhiji_note,CLEAN,NO,NO,
THS-SI-3.2.3,SI,3.2.3,工业硅再生月产量（万吨）,exact_name,1.0,si_323_output_recycle,a12715177,VALID,v1:exact_name→SI | zhiji=None,None,zhiji_note,CLEAN,NO,NO,
THS-SI-3.2.3,SI,3.2.3,工业硅再生月产能（万吨）,fuzzy_name,0.875,si_323_output_recycle,a12715177,VALID,v1:fuzzy_name→SI | zhiji=None,None,zhiji_note,CLEAN,NO,NO,
THS-SI-3.2.3,SI,3.2.3,多晶硅再生月产量（万吨）,fuzzy_name,0.769,wr214,a12853285,VALID,v1:fuzzy_name→SI | zhiji=None,None,zhiji_note,CLEAN,NO,NO,
THS-SI-3.2.3,SI,3.2.3,多晶硅再生月产能（万吨）,fuzzy_name,0.769,wr213,j02799420,VALID,v1:fuzzy_name→SI | zhiji=None,None,zhiji_note,CLEAN,NO,NO,
THS-SI-3.2.3,SI,3.2.3,金属硅再生月产量（万吨）,fuzzy_name,0.75,si_323_output_recycle,a12715177,VALID,v1:fuzzy_name→SI | zhiji=None,None,zhiji_note,CLEAN,NO,NO,
THS-SI-3.2.3,SI,3.2.3,金属硅再生月产能（万吨）,fuzzy_name,0.625,si_323_output_recycle,a12715177,VALID,v1:fuzzy_name→SI | zhiji=None,None,zhiji_note,CLEAN,NO,NO,
THS-SI-3.2.3,SI,3.2.3,工业硅再生月开工率（%）,fuzzy_name,0.706,si_323_output_recycle,a12715177,VALID,v1:fuzzy_name→SI | zhiji=None,None,zhiji_note,CLEAN,NO,NO,
THS-SI-3.2.3,SI,3.2.3,多晶硅再生月开工率（%）,fuzzy_name,0.8,wr217,a10155018,VALID,v1:fuzzy_name→SI | zhiji=None,None,zhiji_note,CLEAN,NO,NO,
THS-SI-3.2.3,SI,3.2.3,工业硅再生月产能利用率（%）,fuzzy_name,0.762,si_313_util_capacity,ID01445977,VALID,v1:fuzzy_name→SI | zhiji=工业硅：产能利用率：重庆（月）,工业硅：产能利用率：重庆（月）,zhiji_note,CLEAN,NO,NO,
THS-SI-3.2.3,SI,3.2.3,工业硅再生月检修量（万吨）,fuzzy_name,0.824,si_323_output_recycle,a12715177,VALID,v1:fuzzy_name→SI | zhiji=None,None,zhiji_note,CLEAN,NO,NO,
THS-SI-3.2.3,SI,3.2.3,近3年同月产量均值（万吨）,zhiji_search,0.7,,ID00180030,VALID,search score=0.7 | zhiji=干胶：RSS3：近月合约：国际市场：市场价：新加坡（年）,干胶：RSS3：近月合约：国际市场：市场价：新加坡（年）,zhiji_note,CLEAN,NO,NO,
THS-SI-3.2.3,SI,3.2.3,近3年同月产量标准差（万吨）,zhiji_search,0.7,,ID00317315,VALID,search score=0.7 | zhiji=热轧普碳钢：标准轨道钢：产量：日本（年）,热轧普碳钢：标准轨道钢：产量：日本（年）,zhiji_note,CLEAN,NO,NO,
THS-SI-3.2.4,SI,3.2.4,工业硅冶炼利润（元/吨）,exact_name,1.0,si_25_profit_smelt_2,ID01528163,VALID,v1:exact_name→SI | zhiji=工业硅：421#：利润：四川（周）,工业硅：421#：利润：四川（周）,zhiji_note,CLEAN,NO,NO,
THS-SI-3.2.4,SI,3.2.4,工业硅期货主力合约收盘价（元/吨）,fuzzy_name,0.909,si_21_close_front,a10154400,VALID,v1:fuzzy_name→SI | zhiji=None,None,zhiji_note,CLEAN,NO,NO,
THS-SI-3.2.4,SI,3.2.4,多晶硅冶炼利润（元/吨）,fuzzy_name,0.714,si_25_profit_smelt_2,ID01528163,VALID,v1:fuzzy_name→SI | zhiji=工业硅：421#：利润：四川（周）,工业硅：421#：利润：四川（周）,zhiji_note,CLEAN,NO,NO,
THS-SI-3.2.4,SI,3.2.4,多晶硅期货主力合约收盘价（元/吨）,fuzzy_name,0.75,li_21_close_front_futures,a10172975,FILLED,v1:fuzzy_name | fallback_variety=LI,碳酸锂期货主力合约收盘价,indicators_v1[li_21_close_front_futures],CLEAN,NO,NO,
THS-SI-3.2.4,SI,3.2.4,工业硅冶炼利润分位（%）,fuzzy_name,0.875,si_25_profit_smelt_2,ID01528163,VALID,v1:fuzzy_name→SI | zhiji=工业硅：421#：利润：四川（周）,工业硅：421#：利润：四川（周）,zhiji_note,CLEAN,NO,NO,
THS-SI-3.2.4,SI,3.2.4,近3年同日冶炼利润均值（元/吨）,none,0.0,,,MISSING,no_match,,no_match,N/A,N/A,N/A,
THS-SI-3.2.4,SI,3.2.4,近3年同日冶炼利润标准差（元/吨）,none,0.0,,,MISSING,no_match,,no_match,N/A,N/A,N/A,
THS-SI-3.2.4,SI,3.2.4,工业硅TC加工费（元/吨）,fuzzy_name,0.769,TC,ID01154994,FILLED,v1:fuzzy_name | fallback_variety=CU,TC加工费,indicators_v1[TC],CLEAN,NO,NO,
THS-SI-3.2.4,SI,3.2.4,工业硅冶炼厂开工率（%）,fuzzy_name,0.706,si_312_util_4,a10123444,VALID,v1:fuzzy_name→SI | zhiji=None,None,zhiji_note,CLEAN,NO,NO,
THS-SI-3.2.4,SI,3.2.4,工业硅冶炼厂检修量（万吨）,fuzzy_name,0.625,si_25_cost_smelt_2,ID01523500,VALID,v1:fuzzy_name→SI | zhiji=工业硅：421#：成本：四川（周）,工业硅：421#：成本：四川（周）,zhiji_note,CLEAN,NO,NO,
THS-SI-3.2.4,SI,3.2.4,工业硅冶炼厂产能利用率（%）,fuzzy_name,0.762,si_313_util_capacity,ID01445977,VALID,v1:fuzzy_name→SI | zhiji=工业硅：产能利用率：重庆（月）,工业硅：产能利用率：重庆（月）,zhiji_note,CLEAN,NO,NO,
THS-SI-4.1,SI,4.1,工业硅交易所库存总量（吨）,fuzzy_name,0.737,si_43_inv,a12811428,VALID,v1:fuzzy_name→SI | zhiji=None,None,zhiji_note,CLEAN,NO,NO,
THS-SI-4.1,SI,4.1,工业硅期货主力合约收盘价（元/吨）,fuzzy_name,0.909,si_21_close_front,a10154400,VALID,v1:fuzzy_name→SI | zhiji=None,None,zhiji_note,CLEAN,NO,NO,
THS-SI-4.1,SI,4.1,多晶硅交易所库存总量（吨）,fuzzy_name,0.588,wr216,a12862948,VALID,v1:fuzzy_name→SI | zhiji=None,None,zhiji_note,CLEAN,NO,NO,
THS-SI-4.1,SI,4.1,多晶硅期货主力合约收盘价（元/吨）,fuzzy_name,0.75,li_21_close_front_futures,a10172975,FILLED,v1:fuzzy_name | fallback_variety=LI,碳酸锂期货主力合约收盘价,indicators_v1[li_21_close_front_futures],CLEAN,NO,NO,
THS-SI-4.1,SI,4.1,工业硅仓单注册量（吨）,fuzzy_name,0.632,si_41_warrant_total,a10175359,VALID,v1:fuzzy_name→SI | zhiji=None,None,zhiji_note,CLEAN,NO,NO,
THS-SI-4.1,SI,4.1,工业硅注销仓单量（吨）,fuzzy_name,0.632,si_41_warrant_total,a10175359,VALID,v1:fuzzy_name→SI | zhiji=None,None,zhiji_note,CLEAN,NO,NO,
THS-SI-4.1,SI,4.1,工业硅在途库存（吨）,fuzzy_name,0.714,si_313_inv_social,a10020032,VALID,v1:fuzzy_name→SI | zhiji=None,None,zhiji_note,CLEAN,NO,NO,
THS-SI-4.1,SI,4.1,工业硅隐性库存（吨）,fuzzy_name,0.8,wr226,a12862942,VALID,v1:fuzzy_name→SI | zhiji=None,None,zhiji_note,CLEAN,NO,NO,
THS-SI-4.1,SI,4.1,工业硅库存天数（天）,fuzzy_name,0.714,si_313_inv_social,a10020032,VALID,v1:fuzzy_name→SI | zhiji=None,None,zhiji_note,CLEAN,NO,NO,
THS-SI-4.1,SI,4.1,工业硅注销仓单占比（%）,zhiji_search,0.7,,FU00111212,VALID,search score=0.7 | zhiji=中国期货协会：工业硅：成交额占比：广州期货（月）,中国期货协会：工业硅：成交额占比：广州期货（月）,zhiji_note,CLEAN,NO,NO,
THS-SI-4.2,SI,4.2,工业硅仓单注册量（吨）,fuzzy_name,0.632,si_41_warrant_total,a10175359,VALID,v1:fuzzy_name→SI | zhiji=None,None,zhiji_note,CLEAN,NO,NO,
THS-SI-4.2,SI,4.2,工业硅期货主力合约收盘价（元/吨）,fuzzy_name,0.909,si_21_close_front,a10154400,VALID,v1:fuzzy_name→SI | zhiji=None,None,zhiji_note,CLEAN,NO,NO,
THS-SI-4.2,SI,4.2,多晶硅仓单注册量（吨）,fuzzy_name,0.615,wr214,a12853285,VALID,v1:fuzzy_name→SI | zhiji=None,None,zhiji_note,CLEAN,NO,NO,
THS-SI-4.2,SI,4.2,多晶硅期货主力合约收盘价（元/吨）,fuzzy_name,0.75,li_21_close_front_futures,a10172975,FILLED,v1:fuzzy_name | fallback_variety=LI,碳酸锂期货主力合约收盘价,indicators_v1[li_21_close_front_futures],CLEAN,NO,NO,
THS-SI-4.2,SI,4.2,工业硅注销仓单量（吨）,fuzzy_name,0.632,si_41_warrant_total,a10175359,VALID,v1:fuzzy_name→SI | zhiji=None,None,zhiji_note,CLEAN,NO,NO,
THS-SI-4.2,SI,4.2,多晶硅注销仓单量（吨）,fuzzy_name,0.615,wr214,a12853285,VALID,v1:fuzzy_name→SI | zhiji=None,None,zhiji_note,CLEAN,NO,NO,
THS-SI-4.2,SI,4.2,工业硅仓单占比（%）,fuzzy_name,0.556,si_41_warrant_total,a10175359,VALID,v1:fuzzy_name→SI | zhiji=None,None,zhiji_note,CLEAN,NO,NO,
THS-SI-4.2,SI,4.2,工业硅仓单分地区量（吨）,fuzzy_name,0.6,si_41_warrant_total,a10175359,VALID,v1:fuzzy_name→SI | zhiji=None,None,zhiji_note,CLEAN,NO,NO,
THS-SI-4.2,SI,4.2,近3年同日仓单注册量均值（吨）,none,0.0,,,MISSING,no_match,,no_match,N/A,N/A,N/A,
THS-SI-4.2,SI,4.2,近3年同日仓单注册量标准差（吨）,none,0.0,,,MISSING,no_match,,no_match,N/A,N/A,N/A,
THS-SI-4.2,SI,4.2,工业硅注销仓单占比（%）,zhiji_search,0.7,,FU00111212,VALID,search score=0.7 | zhiji=中国期货协会：工业硅：成交额占比：广州期货（月）,中国期货协会：工业硅：成交额占比：广州期货（月）,zhiji_note,CLEAN,NO,NO,
THS-SI-4.3,SI,4.3,工业硅社会库存总量（万吨）,fuzzy_name,0.875,si_313_inv_social,a10020032,VALID,v1:fuzzy_name→SI | zhiji=None,None,zhiji_note,CLEAN,NO,NO,
THS-SI-4.3,SI,4.3,工业硅期货主力合约收盘价（元/吨）,fuzzy_name,0.909,si_21_close_front,a10154400,VALID,v1:fuzzy_name→SI | zhiji=None,None,zhiji_note,CLEAN,NO,NO,
THS-SI-4.3,SI,4.3,多晶硅社会库存总量（万吨）,fuzzy_name,0.625,si_313_inv_social,a10020032,VALID,v1:fuzzy_name→SI | zhiji=None,None,zhiji_note,CLEAN,NO,NO,
THS-SI-4.3,SI,4.3,多晶硅期货主力合约收盘价（元/吨）,fuzzy_name,0.75,li_21_close_front_futures,a10172975,FILLED,v1:fuzzy_name | fallback_variety=LI,碳酸锂期货主力合约收盘价,indicators_v1[li_21_close_front_futures],CLEAN,NO,NO,
THS-SI-4.3,SI,4.3,工业硅社会库存分地区量（万吨）,fuzzy_name,0.778,si_313_inv_social,a10020032,VALID,v1:fuzzy_name→SI | zhiji=None,None,zhiji_note,CLEAN,NO,NO,
THS-SI-4.3,SI,4.3,工业硅社会库存天数（天）,fuzzy_name,0.875,si_313_inv_social,a10020032,VALID,v1:fuzzy_name→SI | zhiji=None,None,zhiji_note,CLEAN,NO,NO,
THS-SI-4.3,SI,4.3,工业硅社会库存隐性库存（万吨）,fuzzy_name,0.778,si_313_inv_social,a10020032,VALID,v1:fuzzy_name→SI | zhiji=None,None,zhiji_note,CLEAN,NO,NO,
THS-SI-4.3,SI,4.3,工业硅社会库存在途库存（万吨）,fuzzy_name,0.778,si_313_inv_social,a10020032,VALID,v1:fuzzy_name→SI | zhiji=None,None,zhiji_note,CLEAN,NO,NO,
THS-SI-4.3,SI,4.3,工业硅社会库存厂内库存（万吨）,fuzzy_name,0.778,si_313_inv_social,a10020032,VALID,v1:fuzzy_name→SI | zhiji=None,None,zhiji_note,CLEAN,NO,NO,
THS-SI-4.3,SI,4.3,近3年同周库存量均值（万吨）,none,0.0,,,MISSING,no_match,,no_match,N/A,N/A,N/A,
THS-SI-4.3,SI,4.3,近3年同周库存量标准差（万吨）,none,0.0,,,MISSING,no_match,,no_match,N/A,N/A,N/A,
THS-SI-4.4,SI,4.4,工业硅工厂库存总量（万吨）,exact_name,1.0,si_43_inv,a12811428,VALID,v1:exact_name→SI | zhiji=None,None,zhiji_note,CLEAN,NO,NO,
THS-SI-4.4,SI,4.4,工业硅工厂库存天数（天）,fuzzy_name,0.778,si_43_inv,a12811428,VALID,v1:fuzzy_name→SI | zhiji=None,None,zhiji_note,CLEAN,NO,NO,
THS-SI-4.4,SI,4.4,多晶硅工厂库存总量（万吨）,fuzzy_name,0.778,si_43_inv,a12811428,VALID,v1:fuzzy_name→SI | zhiji=None,None,zhiji_note,CLEAN,NO,NO,
THS-SI-4.4,SI,4.4,多晶硅工厂库存天数（天）,fuzzy_name,0.667,li_44_inv,a12805120,FILLED,v1:fuzzy_name | fallback_variety=LI,碳酸锂工厂库存天数,indicators_v1[li_44_inv],WARNING,NO,YES,BL-012
THS-SI-4.4,SI,4.4,金属硅工厂库存总量（万吨）,fuzzy_name,0.778,si_43_inv,a12811428,VALID,v1:fuzzy_name→SI | zhiji=None,None,zhiji_note,CLEAN,NO,NO,
THS-SI-4.4,SI,4.4,金属硅工厂库存天数（天）,fuzzy_name,0.667,li_44_inv,a12805120,FILLED,v1:fuzzy_name | fallback_variety=LI,碳酸锂工厂库存天数,indicators_v1[li_44_inv],WARNING,NO,YES,BL-012
THS-SI-4.4,SI,4.4,工业硅工厂库存分地区量（万吨）,fuzzy_name,0.8,si_43_inv,a12811428,VALID,v1:fuzzy_name→SI | zhiji=None,None,zhiji_note,CLEAN,NO,NO,
THS-SI-4.4,SI,4.4,工业硅工厂库存分持有者量（万吨）,fuzzy_name,0.762,si_43_inv,a12811428,VALID,v1:fuzzy_name→SI | zhiji=None,None,zhiji_note,CLEAN,NO,NO,
THS-SI-4.4,SI,4.4,工业硅工厂库存在途库存（万吨）,fuzzy_name,0.7,si_43_inv,a12811428,VALID,v1:fuzzy_name→SI | zhiji=None,None,zhiji_note,CLEAN,NO,NO,
THS-SI-4.4,SI,4.4,工业硅工厂库存隐性库存（万吨）,fuzzy_name,0.7,si_43_inv,a12811428,VALID,v1:fuzzy_name→SI | zhiji=None,None,zhiji_note,CLEAN,NO,NO,
THS-SI-4.4,SI,4.4,近3年同月库存量均值（万吨）,none,0.0,,,MISSING,no_match,,no_match,N/A,N/A,N/A,
THS-SI-4.4,SI,4.4,近3年同月库存量标准差（万吨）,none,0.0,,,MISSING,no_match,,no_match,N/A,N/A,N/A,
THS-SI-4.5,SI,4.5,工业硅隐性库存总量（万吨）,fuzzy_name,0.778,si_43_inv,a12811428,VALID,v1:fuzzy_name→SI | zhiji=None,None,zhiji_note,CLEAN,NO,NO,
THS-SI-4.5,SI,4.5,工业硅社会库存总量（万吨）,fuzzy_name,0.875,si_313_inv_social,a10020032,VALID,v1:fuzzy_name→SI | zhiji=None,None,zhiji_note,CLEAN,NO,NO,
THS-SI-4.5,SI,4.5,多晶硅隐性库存总量（万吨）,fuzzy_name,0.625,wr216,a12862948,VALID,v1:fuzzy_name→SI | zhiji=None,None,zhiji_note,CLEAN,NO,NO,
THS-SI-4.5,SI,4.5,多晶硅社会库存总量（万吨）,fuzzy_name,0.625,si_313_inv_social,a10020032,VALID,v1:fuzzy_name→SI | zhiji=None,None,zhiji_note,CLEAN,NO,NO,
THS-SI-4.5,SI,4.5,工业硅在途库存总量（万吨）,fuzzy_name,0.778,si_43_inv,a12811428,VALID,v1:fuzzy_name→SI | zhiji=None,None,zhiji_note,CLEAN,NO,NO,
THS-SI-4.5,SI,4.5,多晶硅在途库存总量（万吨）,fuzzy_name,0.625,wr216,a12862948,VALID,v1:fuzzy_name→SI | zhiji=None,None,zhiji_note,CLEAN,NO,NO,
THS-SI-4.5,SI,4.5,工业硅隐性库存分地区量（万吨）,fuzzy_name,0.632,wr226,a12862942,VALID,v1:fuzzy_name→SI | zhiji=None,None,zhiji_note,CLEAN,NO,NO,
THS-SI-4.5,SI,4.5,工业硅在途库存分地区量（万吨）,fuzzy_name,0.6,si_43_inv,a12811428,VALID,v1:fuzzy_name→SI | zhiji=None,None,zhiji_note,CLEAN,NO,NO,
THS-SI-4.5,SI,4.5,工业硅隐性库存分持有者量（万吨）,fuzzy_name,0.6,wr226,a12862942,VALID,v1:fuzzy_name→SI | zhiji=None,None,zhiji_note,CLEAN,NO,NO,
THS-SI-4.5,SI,4.5,近3年同周在途库存均值（万吨）,none,0.0,,,MISSING,no_match,,no_match,N/A,N/A,N/A,
THS-SI-4.5,SI,4.5,近3年同周在途库存标准差（万吨）,none,0.0,,,MISSING,no_match,,no_match,N/A,N/A,N/A,
THS-SI-5.1,SI,5.1,工业硅下游开工率（%）,fuzzy_name,0.75,si_312_util_4,a10123444,VALID,v1:fuzzy_name→SI | zhiji=None,None,zhiji_note,CLEAN,NO,NO,
THS-SI-5.1,SI,5.1,工业硅表观消费量（万吨）,exact_name,1.0,si_51_cons_apparent,a12715180,VALID,v1:exact_name→SI | zhiji=None,None,zhiji_note,CLEAN,NO,NO,
THS-SI-5.1,SI,5.1,多晶硅下游开工率（%）,fuzzy_name,0.857,wr217,a10155018,VALID,v1:fuzzy_name→SI | zhiji=None,None,zhiji_note,CLEAN,NO,NO,
THS-SI-5.1,SI,5.1,多晶硅表观消费量（万吨）,fuzzy_name,0.75,si_51_apparent_cons,a12857251,VALID,v1:fuzzy_name→SI | zhiji=None,None,zhiji_note,CLEAN,NO,NO,
THS-SI-5.1,SI,5.1,金属硅下游开工率（%）,fuzzy_name,0.615,wr235,a10169445,VALID,v1:fuzzy_name→SI | zhiji=None,None,zhiji_note,CLEAN,NO,NO,
THS-SI-5.1,SI,5.1,金属硅表观消费量（万吨）,fuzzy_name,0.75,si_51_apparent_cons,a12857251,VALID,v1:fuzzy_name→SI | zhiji=None,None,zhiji_note,CLEAN,NO,NO,
THS-SI-5.1,SI,5.1,工业硅产量（万吨）,fuzzy_name,0.833,si_312_output,ID01552216,VALID,v1:fuzzy_name→SI | zhiji=USGS：硅铁及金属硅：产量：美国（年）,USGS：硅铁及金属硅：产量：美国（年）,zhiji_note,CLEAN,NO,NO,
THS-SI-5.1,SI,5.1,工业硅终端产量（万吨）,fuzzy_name,0.8,si_52_cons,a12715181,VALID,v1:fuzzy_name→SI | zhiji=None,None,zhiji_note,CLEAN,NO,NO,
THS-SI-5.1,SI,5.1,工业硅排产计划量（万吨）,fuzzy_name,0.667,si_312_output,ID01552216,VALID,v1:fuzzy_name→SI | zhiji=USGS：硅铁及金属硅：产量：美国（年）,USGS：硅铁及金属硅：产量：美国（年）,zhiji_note,CLEAN,NO,NO,
THS-SI-5.1,SI,5.1,近3年同月开工率均值（%）,zhiji_search,0.7,,ID01442722,VALID,search score=0.7 | zhiji=产业在线：HFC-32：开工率：中国（年）,产业在线：HFC-32：开工率：中国（年）,zhiji_note,CLEAN,NO,NO,
THS-SI-5.1,SI,5.1,近3年同月开工率标准差（%）,zhiji_search,0.7,,ID01442722,VALID,search score=0.7 | zhiji=产业在线：HFC-32：开工率：中国（年）,产业在线：HFC-32：开工率：中国（年）,zhiji_note,CLEAN,NO,NO,
THS-SI-5.1,SI,5.1,多晶硅终端产量（万吨）,fuzzy_name,0.833,wr214,a12853285,VALID,v1:fuzzy_name→SI | zhiji=None,None,zhiji_note,CLEAN,NO,NO,
THS-SI-5.2,SI,5.2,工业硅下游终端产量（万吨）,fuzzy_name,0.706,si_52_cons,a12715181,VALID,v1:fuzzy_name→SI | zhiji=None,None,zhiji_note,CLEAN,NO,NO,
THS-SI-5.2,SI,5.2,工业硅下游消费占比（%）,fuzzy_name,0.588,si_51_cons_apparent,a12715180,VALID,v1:fuzzy_name→SI | zhiji=None,None,zhiji_note,CLEAN,NO,NO,
THS-SI-5.2,SI,5.2,多晶硅下游终端产量（万吨）,fuzzy_name,0.714,wr214,a12853285,VALID,v1:fuzzy_name→SI | zhiji=None,None,zhiji_note,CLEAN,NO,NO,
THS-SI-5.2,SI,5.2,多晶硅下游消费占比（%）,none,0.0,,,MISSING,no_match,,no_match,N/A,N/A,N/A,
THS-SI-5.2,SI,5.2,金属硅下游终端产量（万吨）,none,0.0,,,MISSING,no_match,,no_match,N/A,N/A,N/A,
THS-SI-5.2,SI,5.2,金属硅下游消费占比（%）,none,0.0,,,MISSING,no_match,,no_match,N/A,N/A,N/A,
THS-SI-5.2,SI,5.2,工业硅下游订单量（万吨）,fuzzy_name,0.571,si_61_import_3,CM0000287718,VALID,v1:fuzzy_name→SI | zhiji=工业硅：Si＜99.99%：进口数量：日本→中国（月）,工业硅：Si＜99.99%：进口数量：日本→中国（月）,zhiji_note,CLEAN,NO,NO,
THS-SI-5.2,SI,5.2,多晶硅下游订单量（万吨）,fuzzy_name,0.615,wr214,a12853285,VALID,v1:fuzzy_name→SI | zhiji=None,None,zhiji_note,CLEAN,NO,NO,
THS-SI-5.2,SI,5.2,近3年同月消费占比均值（%）,none,0.0,,,MISSING,no_match,,no_match,N/A,N/A,N/A,
THS-SI-5.2,SI,5.2,近3年同月消费占比标准差（%）,none,0.0,,,MISSING,no_match,,no_match,N/A,N/A,N/A,
THS-SI-5.2,SI,5.2,工业硅下游消费增速（%）,fuzzy_name,0.588,si_51_cons_apparent,a12715180,VALID,v1:fuzzy_name→SI | zhiji=None,None,zhiji_note,CLEAN,NO,NO,
THS-SI-5.3,SI,5.3,工业硅下游排产计划量（万吨）,fuzzy_name,0.588,si_312_output,ID01552216,VALID,v1:fuzzy_name→SI | zhiji=USGS：硅铁及金属硅：产量：美国（年）,USGS：硅铁及金属硅：产量：美国（年）,zhiji_note,CLEAN,NO,NO,
THS-SI-5.3,SI,5.3,工业硅下游订单量（万吨）,fuzzy_name,0.571,si_61_import_3,CM0000287718,VALID,v1:fuzzy_name→SI | zhiji=工业硅：Si＜99.99%：进口数量：日本→中国（月）,工业硅：Si＜99.99%：进口数量：日本→中国（月）,zhiji_note,CLEAN,NO,NO,
THS-SI-5.3,SI,5.3,多晶硅下游排产计划量（万吨）,fuzzy_name,0.667,wr214,a12853285,VALID,v1:fuzzy_name→SI | zhiji=None,None,zhiji_note,CLEAN,NO,NO,
THS-SI-5.3,SI,5.3,多晶硅下游订单量（万吨）,fuzzy_name,0.615,wr214,a12853285,VALID,v1:fuzzy_name→SI | zhiji=None,None,zhiji_note,CLEAN,NO,NO,
THS-SI-5.3,SI,5.3,工业硅下游采购量（万吨）,fuzzy_name,0.571,si_61_import_3,CM0000287718,VALID,v1:fuzzy_name→SI | zhiji=工业硅：Si＜99.99%：进口数量：日本→中国（月）,工业硅：Si＜99.99%：进口数量：日本→中国（月）,zhiji_note,CLEAN,NO,NO,
THS-SI-5.3,SI,5.3,工业硅下游预付款（亿元）,none,0.0,,,MISSING,no_match,,no_match,N/A,N/A,N/A,
THS-SI-5.3,SI,5.3,近3年同月排产计划量均值（万吨）,none,0.0,,,MISSING,no_match,,no_match,N/A,N/A,N/A,
THS-SI-5.3,SI,5.3,近3年同月排产计划量标准差（万吨）,none,0.0,,,MISSING,no_match,,no_match,N/A,N/A,N/A,
THS-SI-5.3,SI,5.3,多晶硅下游预付款（亿元）,fuzzy_name,0.588,wr211,a12731896,VALID,v1:fuzzy_name→SI | zhiji=None,None,zhiji_note,CLEAN,NO,NO,
THS-SI-5.3,SI,5.3,多晶硅下游采购量（万吨）,fuzzy_name,0.615,wr214,a12853285,VALID,v1:fuzzy_name→SI | zhiji=None,None,zhiji_note,CLEAN,NO,NO,
THS-SI-6.1,SI,6.1,工业硅进口量（万吨）,exact_name,1.0,si_61_import_3,CM0000287718,VALID,v1:exact_name→SI | zhiji=工业硅：Si＜99.99%：进口数量：日本→中国（月）,工业硅：Si＜99.99%：进口数量：日本→中国（月）,zhiji_note,CLEAN,NO,NO,
THS-SI-6.1,SI,6.1,工业硅净进口量（万吨）,fuzzy_name,0.923,si_61_import_3,CM0000287718,VALID,v1:fuzzy_name→SI | zhiji=工业硅：Si＜99.99%：进口数量：日本→中国（月）,工业硅：Si＜99.99%：进口数量：日本→中国（月）,zhiji_note,CLEAN,NO,NO,
THS-SI-6.1,SI,6.1,多晶硅进口量（万吨）,fuzzy_name,0.727,wr214,a12853285,VALID,v1:fuzzy_name→SI | zhiji=None,None,zhiji_note,CLEAN,NO,NO,
THS-SI-6.1,SI,6.1,多晶硅净进口量（万吨）,fuzzy_name,0.667,wr214,a12853285,VALID,v1:fuzzy_name→SI | zhiji=None,None,zhiji_note,CLEAN,NO,NO,
THS-SI-6.1,SI,6.1,金属硅进口量（万吨）,fuzzy_name,0.667,wr27,ID01114281,FILLED,v1:fuzzy_name | fallback_variety=AL,铝合金进口量,indicators_v1[wr27],CLEAN,NO,NO,
THS-SI-6.1,SI,6.1,金属硅净进口量（万吨）,fuzzy_name,0.615,wr27,ID01114281,FILLED,v1:fuzzy_name | fallback_variety=AL,铝合金进口量,indicators_v1[wr27],CLEAN,NO,NO,
THS-SI-6.1,SI,6.1,工业硅进口分国别量（万吨）,fuzzy_name,0.889,si_61_by_country_import,CM0000287714,VALID,v1:fuzzy_name→SI | zhiji=工业硅：Si＜99.99%：进口数量：韩国→中国（月）,工业硅：Si＜99.99%：进口数量：韩国→中国（月）,zhiji_note,CLEAN,NO,NO,
THS-SI-6.1,SI,6.1,工业硅进口总量（万吨）,fuzzy_name,0.923,si_61_import_3,CM0000287718,VALID,v1:fuzzy_name→SI | zhiji=工业硅：Si＜99.99%：进口数量：日本→中国（月）,工业硅：Si＜99.99%：进口数量：日本→中国（月）,zhiji_note,CLEAN,NO,NO,
THS-SI-6.1,SI,6.1,工业硅保税区库存（万吨）,fuzzy_name,0.667,si_313_inv_social,a10020032,VALID,v1:fuzzy_name→SI | zhiji=None,None,zhiji_note,CLEAN,NO,NO,
THS-SI-6.1,SI,6.1,工业硅进口关税税率（%）,fuzzy_name,0.667,si_61_import_3,CM0000287718,VALID,v1:fuzzy_name→SI | zhiji=工业硅：Si＜99.99%：进口数量：日本→中国（月）,工业硅：Si＜99.99%：进口数量：日本→中国（月）,zhiji_note,CLEAN,NO,NO,
THS-SI-6.1,SI,6.1,近3年同月进口量均值（万吨）,zhiji_search,0.7,,ID01552196,VALID,search score=0.7 | zhiji=USGS：铌：消费进口量：美国（年）,USGS：铌：消费进口量：美国（年）,zhiji_note,CLEAN,NO,NO,
THS-SI-6.1,SI,6.1,近3年同月进口量标准差（万吨）,zhiji_search,0.7,,ID01552196,VALID,search score=0.7 | zhiji=USGS：铌：消费进口量：美国（年）,USGS：铌：消费进口量：美国（年）,zhiji_note,CLEAN,NO,NO,
THS-SI-6.1,SI,6.1,工业硅进口发运天数（天）,fuzzy_name,0.667,si_61_import_3,CM0000287718,VALID,v1:fuzzy_name→SI | zhiji=工业硅：Si＜99.99%：进口数量：日本→中国（月）,工业硅：Si＜99.99%：进口数量：日本→中国（月）,zhiji_note,CLEAN,NO,NO,
THS-SI-6.2,SI,6.2,工业硅出口量（万吨）,exact_name,1.0,si_62_export_2,a12715179,VALID,v1:exact_name→SI | zhiji=None,None,zhiji_note,CLEAN,NO,NO,
THS-SI-6.2,SI,6.2,工业硅净出口量（万吨）,fuzzy_name,0.923,si_62_export_2,a12715179,VALID,v1:fuzzy_name→SI | zhiji=None,None,zhiji_note,CLEAN,NO,NO,
THS-SI-6.2,SI,6.2,多晶硅出口量（万吨）,fuzzy_name,0.727,wr214,a12853285,VALID,v1:fuzzy_name→SI | zhiji=None,None,zhiji_note,CLEAN,NO,NO,
THS-SI-6.2,SI,6.2,多晶硅净出口量（万吨）,fuzzy_name,0.667,wr214,a12853285,VALID,v1:fuzzy_name→SI | zhiji=None,None,zhiji_note,CLEAN,NO,NO,
THS-SI-6.2,SI,6.2,金属硅出口量（万吨）,fuzzy_name,0.667,si_62_export_2,a12715179,VALID,v1:fuzzy_name→SI | zhiji=None,None,zhiji_note,CLEAN,NO,NO,
THS-SI-6.2,SI,6.2,金属硅净出口量（万吨）,fuzzy_name,0.615,si_62_export_2,a12715179,VALID,v1:fuzzy_name→SI | zhiji=None,None,zhiji_note,CLEAN,NO,NO,
THS-SI-6.2,SI,6.2,工业硅出口分国别量（万吨）,fuzzy_name,0.889,si_62_by_country_export,CM0000287763,VALID,v1:fuzzy_name→SI | zhiji=工业硅：Si＜99.99%：出口数量：中国→韩国（月）,工业硅：Si＜99.99%：出口数量：中国→韩国（月）,zhiji_note,CLEAN,NO,NO,
THS-SI-6.2,SI,6.2,工业硅出口总量（万吨）,fuzzy_name,0.923,si_62_export_2,a12715179,VALID,v1:fuzzy_name→SI | zhiji=None,None,zhiji_note,CLEAN,NO,NO,
THS-SI-6.2,SI,6.2,工业硅保税区仓单（万吨）,none,0.0,,,MISSING,no_match,,no_match,N/A,N/A,N/A,
THS-SI-6.2,SI,6.2,工业硅出口关税税率（%）,fuzzy_name,0.667,si_62_export_2,a12715179,VALID,v1:fuzzy_name→SI | zhiji=None,None,zhiji_note,CLEAN,NO,NO,
THS-SI-6.2,SI,6.2,近3年同月出口量均值（万吨）,zhiji_search,0.7,,ID00295172,VALID,search score=0.7 | zhiji=船用高速柴油机：功率出口量：中国（年）,船用高速柴油机：功率出口量：中国（年）,zhiji_note,CLEAN,NO,NO,
THS-SI-6.2,SI,6.2,近3年同月出口量标准差（万吨）,zhiji_search,0.7,,ID00295172,VALID,search score=0.7 | zhiji=船用高速柴油机：功率出口量：中国（年）,船用高速柴油机：功率出口量：中国（年）,zhiji_note,CLEAN,NO,NO,
THS-SI-6.2,SI,6.2,工业硅出口发运天数（天）,fuzzy_name,0.667,si_62_export_2,a12715179,VALID,v1:fuzzy_name→SI | zhiji=None,None,zhiji_note,CLEAN,NO,NO,
THS-SI-6.3,SI,6.3,工业硅制品出口量（万吨）,fuzzy_name,0.857,si_62_export_2,a12715179,VALID,v1:fuzzy_name→SI | zhiji=None,None,zhiji_note,CLEAN,NO,NO,
THS-SI-6.3,SI,6.3,工业硅制品净出口量（万吨）,fuzzy_name,0.8,si_62_export_2,a12715179,VALID,v1:fuzzy_name→SI | zhiji=None,None,zhiji_note,CLEAN,NO,NO,
THS-SI-6.3,SI,6.3,多晶硅制品出口量（万吨）,fuzzy_name,0.615,wr214,a12853285,VALID,v1:fuzzy_name→SI | zhiji=None,None,zhiji_note,CLEAN,NO,NO,
THS-SI-6.3,SI,6.3,多晶硅制品净出口量（万吨）,fuzzy_name,0.571,wr214,a12853285,VALID,v1:fuzzy_name→SI | zhiji=None,None,zhiji_note,CLEAN,NO,NO,
THS-SI-6.3,SI,6.3,金属硅制品出口量（万吨）,fuzzy_name,0.571,si_62_export_2,a12715179,VALID,v1:fuzzy_name→SI | zhiji=None,None,zhiji_note,CLEAN,NO,NO,
THS-SI-6.3,SI,6.3,金属硅制品净出口量（万吨）,none,0.0,,,MISSING,no_match,,no_match,N/A,N/A,N/A,
THS-SI-6.3,SI,6.3,工业硅制品出口分国别量（万吨）,fuzzy_name,0.8,si_62_by_country_export,CM0000287763,VALID,v1:fuzzy_name→SI | zhiji=工业硅：Si＜99.99%：出口数量：中国→韩国（月）,工业硅：Si＜99.99%：出口数量：中国→韩国（月）,zhiji_note,CLEAN,NO,NO,
THS-SI-6.3,SI,6.3,工业硅制品出口总量（万吨）,fuzzy_name,0.8,si_62_export_2,a12715179,VALID,v1:fuzzy_name→SI | zhiji=None,None,zhiji_note,CLEAN,NO,NO,
THS-SI-6.3,SI,6.3,工业硅制品保税区仓单（万吨）,none,0.0,,,MISSING,no_match,,no_match,N/A,N/A,N/A,
THS-SI-6.3,SI,6.3,工业硅制品出口关税税率（%）,fuzzy_name,0.588,si_62_export_2,a12715179,VALID,v1:fuzzy_name→SI | zhiji=None,None,zhiji_note,CLEAN,NO,NO,
THS-SI-6.3,SI,6.3,近3年同月出口量均值（万吨）,zhiji_search,0.7,,ID00295172,VALID,search score=0.7 | zhiji=船用高速柴油机：功率出口量：中国（年）,船用高速柴油机：功率出口量：中国（年）,zhiji_note,CLEAN,NO,NO,
THS-SI-6.3,SI,6.3,近3年同月出口量标准差（万吨）,zhiji_search,0.7,,ID00295172,VALID,search score=0.7 | zhiji=船用高速柴油机：功率出口量：中国（年）,船用高速柴油机：功率出口量：中国（年）,zhiji_note,CLEAN,NO,NO,
THS-SI-6.3,SI,6.3,工业硅制品出口发运天数（天）,fuzzy_name,0.588,si_62_export_2,a12715179,VALID,v1:fuzzy_name→SI | zhiji=None,None,zhiji_note,CLEAN,NO,NO,
THS-SI-6.4,SI,6.4,工业硅海外发运量（万吨）,fuzzy_name,0.571,si_61_import_3,CM0000287718,VALID,v1:fuzzy_name→SI | zhiji=工业硅：Si＜99.99%：进口数量：日本→中国（月）,工业硅：Si＜99.99%：进口数量：日本→中国（月）,zhiji_note,CLEAN,NO,NO,
THS-SI-6.4,SI,6.4,工业硅进口量（万吨）,exact_name,1.0,si_61_import_3,CM0000287718,VALID,v1:exact_name→SI | zhiji=工业硅：Si＜99.99%：进口数量：日本→中国（月）,工业硅：Si＜99.99%：进口数量：日本→中国（月）,zhiji_note,CLEAN,NO,NO,
THS-SI-6.4,SI,6.4,多晶硅海外发运量（万吨）,fuzzy_name,0.667,wr218,ID02036185,VALID,v1:fuzzy_name→SI | zhiji=多晶硅：产量：青海（月）,多晶硅：产量：青海（月）,zhiji_note,CLEAN,NO,NO,
THS-SI-6.4,SI,6.4,多晶硅进口量（万吨）,fuzzy_name,0.727,wr214,a12853285,VALID,v1:fuzzy_name→SI | zhiji=None,None,zhiji_note,CLEAN,NO,NO,
THS-SI-6.4,SI,6.4,金属硅海外发运量（万吨）,none,0.0,,,MISSING,no_match,,no_match,N/A,N/A,N/A,
THS-SI-6.4,SI,6.4,金属硅进口量（万吨）,fuzzy_name,0.667,wr27,ID01114281,FILLED,v1:fuzzy_name | fallback_variety=AL,铝合金进口量,indicators_v1[wr27],CLEAN,NO,NO,
THS-SI-6.4,SI,6.4,工业硅海外发运分国别量（万吨）,fuzzy_name,0.6,si_61_by_country_import,CM0000287714,VALID,v1:fuzzy_name→SI | zhiji=工业硅：Si＜99.99%：进口数量：韩国→中国（月）,工业硅：Si＜99.99%：进口数量：韩国→中国（月）,zhiji_note,CLEAN,NO,NO,
THS-SI-6.4,SI,6.4,工业硅海外发运总量（万吨）,fuzzy_name,0.556,si_43_inv,a12811428,VALID,v1:fuzzy_name→SI | zhiji=None,None,zhiji_note,CLEAN,NO,NO,
THS-SI-6.4,SI,6.4,工业硅海外发运发运天数（天）,none,0.0,,,MISSING,no_match,,no_match,N/A,N/A,N/A,
THS-SI-6.4,SI,6.4,工业硅海外发运保税区仓单（万吨）,none,0.0,,,MISSING,no_match,,no_match,N/A,N/A,N/A,
THS-SI-6.4,SI,6.4,工业硅海外发运发运金额（亿元）,none,0.0,,,MISSING,no_match,,no_match,N/A,N/A,N/A,
THS-SI-6.4,SI,6.4,近3年同月发运量均值（万吨）,none,0.0,,,MISSING,no_match,,no_match,N/A,N/A,N/A,
THS-SI-6.4,SI,6.4,近3年同月发运量标准差（万吨）,zhiji_search,0.7,,GM00182684,VALID,search score=0.7 | zhiji=加州空气资源委员会：未来年份碳配额：价格标准差（季）,加州空气资源委员会：未来年份碳配额：价格标准差（季）,zhiji_note,CLEAN,NO,NO,
THS-SI-7.1,SI,7.1,工业硅冶炼成本（元/吨）,exact_name,1.0,si_25_cost_smelt_2,ID01523500,VALID,v1:exact_name→SI | zhiji=工业硅：421#：成本：四川（周）,工业硅：421#：成本：四川（周）,zhiji_note,CLEAN,NO,NO,
THS-SI-7.1,SI,7.1,工业硅期货主力合约收盘价（元/吨）,fuzzy_name,0.909,si_21_close_front,a10154400,VALID,v1:fuzzy_name→SI | zhiji=None,None,zhiji_note,CLEAN,NO,NO,
THS-SI-7.1,SI,7.1,多晶硅冶炼成本（元/吨）,fuzzy_name,0.714,si_25_cost_smelt_2,ID01523500,VALID,v1:fuzzy_name→SI | zhiji=工业硅：421#：成本：四川（周）,工业硅：421#：成本：四川（周）,zhiji_note,CLEAN,NO,NO,
THS-SI-7.1,SI,7.1,多晶硅期货主力合约收盘价（元/吨）,fuzzy_name,0.75,li_21_close_front_futures,a10172975,FILLED,v1:fuzzy_name | fallback_variety=LI,碳酸锂期货主力合约收盘价,indicators_v1[li_21_close_front_futures],CLEAN,NO,NO,
THS-SI-7.1,SI,7.1,金属硅冶炼成本（元/吨）,fuzzy_name,0.714,si_25_cost_smelt_2,ID01523500,VALID,v1:fuzzy_name→SI | zhiji=工业硅：421#：成本：四川（周）,工业硅：421#：成本：四川（周）,zhiji_note,CLEAN,NO,NO,
THS-SI-7.1,SI,7.1,金属硅期货主力合约收盘价（元/吨）,fuzzy_name,0.75,li_21_close_front_futures,a10172975,FILLED,v1:fuzzy_name | fallback_variety=LI,碳酸锂期货主力合约收盘价,indicators_v1[li_21_close_front_futures],CLEAN,NO,NO,
THS-SI-7.1,SI,7.1,工业硅现金成本（元/吨）,exact_name,1.0,si_71_cost_cash,ID02313934,VALID,v1:exact_name→SI | zhiji=工业硅：421#：现金成本：新疆（周）,工业硅：421#：现金成本：新疆（周）,zhiji_note,CLEAN,NO,NO,
THS-SI-7.1,SI,7.1,工业硅冶炼成本分位（%）,fuzzy_name,0.875,si_25_cost_smelt_2,ID01523500,VALID,v1:fuzzy_name→SI | zhiji=工业硅：421#：成本：四川（周）,工业硅：421#：成本：四川（周）,zhiji_note,CLEAN,NO,NO,
THS-SI-7.1,SI,7.1,工业硅能源成本（元/吨）,fuzzy_name,0.833,wr232,ID01523500,VALID,v1:fuzzy_name→SI | zhiji=工业硅：421#：成本：四川（周）,工业硅：421#：成本：四川（周）,zhiji_note,CLEAN,NO,NO,
THS-SI-7.1,SI,7.1,工业硅电价（元/度）,exact_name,1.0,si_71_power_4,ID01857551,VALID,v1:exact_name→SI | zhiji=工业硅：生产企业：电价：四川（日）,工业硅：生产企业：电价：四川（日）,zhiji_note,CLEAN,NO,NO,
THS-SI-7.1,SI,7.1,工业硅原料成本（元/吨）,fuzzy_name,0.833,wr232,ID01523500,VALID,v1:fuzzy_name→SI | zhiji=工业硅：421#：成本：四川（周）,工业硅：421#：成本：四川（周）,zhiji_note,CLEAN,NO,NO,
THS-SI-7.1,SI,7.1,近3年同季冶炼成本均值（元/吨）,none,0.0,,,MISSING,no_match,,no_match,N/A,N/A,N/A,
THS-SI-7.1,SI,7.1,近3年同季冶炼成本标准差（元/吨）,none,0.0,,,MISSING,no_match,,no_match,N/A,N/A,N/A,
THS-SI-7.2,SI,7.2,工业硅冶炼利润（元/吨）,exact_name,1.0,si_25_profit_smelt_2,ID01528163,VALID,v1:exact_name→SI | zhiji=工业硅：421#：利润：四川（周）,工业硅：421#：利润：四川（周）,zhiji_note,CLEAN,NO,NO,
THS-SI-7.2,SI,7.2,工业硅期货主力合约收盘价（元/吨）,fuzzy_name,0.909,si_21_close_front,a10154400,VALID,v1:fuzzy_name→SI | zhiji=None,None,zhiji_note,CLEAN,NO,NO,
THS-SI-7.2,SI,7.2,多晶硅冶炼利润（元/吨）,fuzzy_name,0.714,si_25_profit_smelt_2,ID01528163,VALID,v1:fuzzy_name→SI | zhiji=工业硅：421#：利润：四川（周）,工业硅：421#：利润：四川（周）,zhiji_note,CLEAN,NO,NO,
THS-SI-7.2,SI,7.2,多晶硅期货主力合约收盘价（元/吨）,fuzzy_name,0.75,li_21_close_front_futures,a10172975,FILLED,v1:fuzzy_name | fallback_variety=LI,碳酸锂期货主力合约收盘价,indicators_v1[li_21_close_front_futures],CLEAN,NO,NO,
THS-SI-7.2,SI,7.2,金属硅冶炼利润（元/吨）,fuzzy_name,0.714,si_25_profit_smelt_2,ID01528163,VALID,v1:fuzzy_name→SI | zhiji=工业硅：421#：利润：四川（周）,工业硅：421#：利润：四川（周）,zhiji_note,CLEAN,NO,NO,
THS-SI-7.2,SI,7.2,金属硅期货主力合约收盘价（元/吨）,fuzzy_name,0.75,li_21_close_front_futures,a10172975,FILLED,v1:fuzzy_name | fallback_variety=LI,碳酸锂期货主力合约收盘价,indicators_v1[li_21_close_front_futures],CLEAN,NO,NO,
THS-SI-7.2,SI,7.2,工业硅现金利润（元/吨）,fuzzy_name,0.714,si_71_cost_cash,ID02313934,VALID,v1:fuzzy_name→SI | zhiji=工业硅：421#：现金成本：新疆（周）,工业硅：421#：现金成本：新疆（周）,zhiji_note,CLEAN,NO,NO,
THS-SI-7.2,SI,7.2,工业硅加工费（元/吨）,fuzzy_name,0.571,si_51_cons_apparent,a12715180,VALID,v1:fuzzy_name→SI | zhiji=None,None,zhiji_note,CLEAN,NO,NO,
THS-SI-7.2,SI,7.2,工业硅能源成本（元/吨）,fuzzy_name,0.833,wr232,ID01523500,VALID,v1:fuzzy_name→SI | zhiji=工业硅：421#：成本：四川（周）,工业硅：421#：成本：四川（周）,zhiji_note,CLEAN,NO,NO,
THS-SI-7.2,SI,7.2,近3年同季冶炼利润均值（元/吨）,none,0.0,,,MISSING,no_match,,no_match,N/A,N/A,N/A,
THS-SI-7.2,SI,7.2,近3年同季冶炼利润标准差（元/吨）,none,0.0,,,MISSING,no_match,,no_match,N/A,N/A,N/A,
THS-SI-7.2,SI,7.2,多晶硅现金利润（元/吨）,none,0.0,,,MISSING,no_match,,no_match,N/A,N/A,N/A,
THS-SN-2.1,SN,2.1,沪锡主力合约收盘价（元/吨）,fuzzy_name,0.737,wr115,FU00050085,FILLED,v1:fuzzy_name | fallback_variety=LI,碳酸锂 主力合约 收盘价,indicators_v1[wr115],CLEAN,NO,NO,
THS-SN-2.1,SN,2.1,持仓量（手）,fuzzy_name,0.667,wr171,a10177562,VALID,v1:fuzzy_name→SN | zhiji=None,None,zhiji_note,CLEAN,NO,NO,
THS-SN-2.1,SN,2.1,成交量（手）,fuzzy_name,0.667,pb_21_aux_10,FU00033061,FILLED,v1:fuzzy_name | fallback_variety=PB,成交量(日),indicators_v1[pb_21_aux_10],CLEAN,NO,NO,
THS-SN-2.1,SN,2.1,沪锡基差（元/吨）,none,0.0,,,MISSING,no_match,,no_match,N/A,N/A,N/A,
THS-SN-2.1,SN,2.1,现货升贴水（元/吨）,fuzzy_name,0.625,li_22_premium_battery_lc,a12751985,FILLED,v1:fuzzy_name | fallback_variety=LI,电池级碳酸锂现货升贴水,indicators_v1[li_22_premium_battery_lc],CLEAN,NO,NO,
THS-SN-2.1,SN,2.1,多空持仓比（%）,zhiji_search,0.7,,FU00108771,VALID,search score=0.7 | zhiji=CME：木材：期货：所有多头净持仓占比集中度：前4家及以下交易者（周）,CME：木材：期货：所有多头净持仓占比集中度：前4家及以下交易者（周）,zhiji_note,CLEAN,NO,NO,
THS-SN-2.1,SN,2.1,仓单注册量（吨）,none,0.0,,,MISSING,no_match,,no_match,N/A,N/A,N/A,
THS-SN-2.1,SN,2.1,月差（元/吨）,zhiji_search,0.7,,CM00908649,VALID,search score=0.7 | zhiji=中国：标准债券远期合约：成交笔数与前值差（月）,中国：标准债券远期合约：成交笔数与前值差（月）,zhiji_note,CLEAN,NO,NO,
THS-SN-2.1,SN,2.1,近3年同月收盘价均值（元/吨）,fuzzy_name,0.588,li_24_close_near_2,a12841695,FILLED,v1:fuzzy_name | fallback_variety=LI,近月合约收盘价,indicators_v1[li_24_close_near_2],CLEAN,NO,NO,
THS-SN-2.1,SN,2.1,近3年同月收盘价标准差（元/吨）,fuzzy_name,0.556,li_24_close_near_2,a12841695,FILLED,v1:fuzzy_name | fallback_variety=LI,近月合约收盘价,indicators_v1[li_24_close_near_2],CLEAN,NO,NO,
THS-SN-2.1,SN,2.1,沪锡持仓量（手）,fuzzy_name,0.909,wr171,a10177562,VALID,v1:fuzzy_name→SN | zhiji=None,None,zhiji_note,CLEAN,NO,NO,
THS-SN-2.1,SN,2.1,近3年同月持仓量均值（手）,zhiji_search,0.7,,FU00105152,VALID,search score=0.7 | zhiji=中国金融期货交易所：30年国债：单边交易：持仓量（日）,中国金融期货交易所：30年国债：单边交易：持仓量（日）,zhiji_note,CLEAN,NO,NO,
THS-SN-2.1,SN,2.1,近3年同月持仓量标准差（手）,zhiji_search,0.7,,FU00029905,VALID,search score=0.7 | zhiji=SHFE：标准胶：03合约：单边交易：夜盘持仓量（日）,SHFE：标准胶：03合约：单边交易：夜盘持仓量（日）,zhiji_note,CLEAN,NO,NO,
THS-SN-2.1,SN,2.1,沪锡主力收盘价时序图,fuzzy_name,0.632,j21_close,kline:PB:D,INVALID,v1:fuzzy_name | fallback_invalid,沪铅主力连续收盘价,indicators_v1[j21_close],CLEAN,NO,NO,
THS-SN-2.1,SN,2.1,沪锡社会库存时序图,fuzzy_name,0.615,社库,ID01517441,VALID,v1:fuzzy_name→SN | zhiji=锡锭：库存：中国（周）,锡锭：库存：中国（周）,zhiji_note,CLEAN,NO,NO,
THS-SN-2.1,SN,2.1,沪锡仓单注册量时序图,zhiji_search,0.7,,FU00015901,VALID,search score=0.7 | zhiji=LME：锡：注册仓单（日）,LME：锡：注册仓单（日）,zhiji_note,CLEAN,NO,NO,
THS-SN-2.1,SN,2.1,沪锡主力合约持仓量时序图,fuzzy_name,0.636,si_21_openinterest_front,a10154412,FILLED,v1:fuzzy_name | fallback_variety=SI,工业硅主力合约持仓量,indicators_v1[si_21_openinterest_front],CLEAN,NO,NO,
THS-SN-2.1,SN,2.1,沪锡主力合约成交量时序图,fuzzy_name,0.636,si_21_volume_front,a10154413,FILLED,v1:fuzzy_name | fallback_variety=SI,工业硅主力合约成交量,indicators_v1[si_21_volume_front],CLEAN,NO,NO,
THS-SN-2.2,SN,2.2,锡锭现货升贴水（元/吨）,fuzzy_name,0.571,wr168,j02797784,VALID,v1:fuzzy_name→SN | zhiji=None,None,zhiji_note,CLEAN,NO,NO,
THS-SN-2.2,SN,2.2,锡锭基差（元/吨）,none,0.0,,,MISSING,no_match,,no_match,N/A,N/A,N/A,
THS-SN-2.2,SN,2.2,锡锭现货价格（元/吨）,zhiji_search,0.7,,ID01590826,VALID,search score=0.7 | zhiji=锡锭：现货：进口盈亏（日）,锡锭：现货：进口盈亏（日）,zhiji_note,CLEAN,NO,NO,
THS-SN-2.2,SN,2.2,锡锭进口盈亏（元/吨）,fuzzy_name,0.667,wr174,ID01590826,VALID,v1:fuzzy_name→SN | zhiji=锡锭：现货：进口盈亏（日）,锡锭：现货：进口盈亏（日）,zhiji_note,CLEAN,NO,NO,
THS-SN-2.2,SN,2.2,沪伦比（%）,fuzzy_name,0.857,wr173,ID01895225,VALID,v1:fuzzy_name→SN | zhiji=锡锭：沪伦比值（日）,锡锭：沪伦比值（日）,zhiji_note,CLEAN,NO,NO,
THS-SN-2.2,SN,2.2,锡锭仓单注册量（吨）,none,0.0,,,MISSING,no_match,,no_match,N/A,N/A,N/A,
THS-SN-2.2,SN,2.2,锡锭月差（元/吨）,none,0.0,,,MISSING,no_match,,no_match,N/A,N/A,N/A,
THS-SN-2.2,SN,2.2,锡锭现货升贴水分地区（元/吨）,none,0.0,,,MISSING,no_match,,no_match,N/A,N/A,N/A,
THS-SN-2.2,SN,2.2,近3年同月升贴水均值（元/吨）,zhiji_search,0.7,,ID01207369,VALID,search score=0.7 | zhiji=大豆：巴西产：CNF升贴水：3月交货（日）,大豆：巴西产：CNF升贴水：3月交货（日）,zhiji_note,CLEAN,NO,NO,
THS-SN-2.2,SN,2.2,近3年同月升贴水标准差（元/吨）,zhiji_search,0.7,,ID01207369,VALID,search score=0.7 | zhiji=大豆：巴西产：CNF升贴水：3月交货（日）,大豆：巴西产：CNF升贴水：3月交货（日）,zhiji_note,CLEAN,NO,NO,
THS-SN-2.2,SN,2.2,锡锭现货升贴水时序图,none,0.0,,,MISSING,no_match,,no_match,N/A,N/A,N/A,
THS-SN-2.2,SN,2.2,锡锭现货价格时序图,none,0.0,,,MISSING,no_match,,no_match,N/A,N/A,N/A,
THS-SN-2.2,SN,2.2,锡锭基差时序图,none,0.0,,,MISSING,no_match,,no_match,N/A,N/A,N/A,
THS-SN-2.2,SN,2.2,锡锭进口盈亏时序图,none,0.0,,,MISSING,no_match,,no_match,N/A,N/A,N/A,
THS-SN-2.2,SN,2.2,沪伦比时序图,fuzzy_name,0.6,wr173,ID01895225,VALID,v1:fuzzy_name→SN | zhiji=锡锭：沪伦比值（日）,锡锭：沪伦比值（日）,zhiji_note,CLEAN,NO,NO,
THS-SN-2.3,SN,2.3,LME锡期货收盘价（美元/吨）,fuzzy_name,0.556,j23_lme_cash,a10193708,FILLED,v1:fuzzy_name | fallback_variety=PB,LME 铅现货结算价,indicators_v1[j23_lme_cash],CLEAN,NO,NO,
THS-SN-2.3,SN,2.3,COMEX锡期货收盘价（美元/吨）,zhiji_search,0.7,,FU00015896,VALID,search score=0.7 | zhiji=锡：3个月合约：收盘价（日）,锡：3个月合约：收盘价（日）,zhiji_note,CLEAN,NO,NO,
THS-SN-2.3,SN,2.3,LME锡现货现金价（美元/吨）,fuzzy_name,0.667,j23_lme_cash,a10193708,FILLED,v1:fuzzy_name | fallback_variety=PB,LME 铅现货结算价,indicators_v1[j23_lme_cash],CLEAN,NO,NO,
THS-SN-2.3,SN,2.3,LME锡仓单注册量（吨）,fuzzy_name,0.588,i7,a10193711,FILLED,v1:fuzzy_name | fallback_variety=PB,LME铅注销仓单,indicators_v1[i7],CLEAN,NO,NO,
THS-SN-2.3,SN,2.3,LME锡库存（吨）,fuzzy_name,0.909,LME库存,FU00014817,VALID,v1:fuzzy_name→SN | zhiji=LME：镍：注册仓单（日）,LME：镍：注册仓单（日）,zhiji_note,P0_CONFLICT,YES,NO,BL-018
THS-SN-2.3,SN,2.3,沪伦比（%）,fuzzy_name,0.857,wr173,ID01895225,VALID,v1:fuzzy_name→SN | zhiji=锡锭：沪伦比值（日）,锡锭：沪伦比值（日）,zhiji_note,CLEAN,NO,NO,
THS-SN-2.3,SN,2.3,进口盈亏（元/吨）,fuzzy_name,0.615,cu_21_import,ID01030232,FILLED,v1:fuzzy_name | fallback_variety=CU,铜：进口盈亏（日）,indicators_v1[cu_21_import],CLEAN,NO,NO,
THS-SN-2.3,SN,2.3,近3年同月收盘价均值（美元/吨）,fuzzy_name,0.588,li_24_close_near_2,a12841695,FILLED,v1:fuzzy_name | fallback_variety=LI,近月合约收盘价,indicators_v1[li_24_close_near_2],CLEAN,NO,NO,
THS-SN-2.3,SN,2.3,近3年同月收盘价标准差（美元/吨）,fuzzy_name,0.556,li_24_close_near_2,a12841695,FILLED,v1:fuzzy_name | fallback_variety=LI,近月合约收盘价,indicators_v1[li_24_close_near_2],CLEAN,NO,NO,
THS-SN-2.3,SN,2.3,近3年同月库存均值（吨）,none,0.0,,,MISSING,no_match,,no_match,N/A,N/A,N/A,
THS-SN-2.3,SN,2.3,近3年同月库存标准差（吨）,none,0.0,,,MISSING,no_match,,no_match,N/A,N/A,N/A,
THS-SN-2.3,SN,2.3,LME锡期货收盘价时序图,zhiji_search,0.7,,FU00080251,VALID,search score=0.7 | zhiji=LME：锡：3个月合约：收盘价（日）,LME：锡：3个月合约：收盘价（日）,zhiji_note,CLEAN,NO,NO,
THS-SN-2.3,SN,2.3,LME锡库存时序图,fuzzy_name,0.714,LME库存,FU00014817,VALID,v1:fuzzy_name→SN | zhiji=LME：镍：注册仓单（日）,LME：镍：注册仓单（日）,zhiji_note,P0_CONFLICT,YES,NO,BL-018
THS-SN-2.3,SN,2.3,LME锡注销仓单占比时序图,fuzzy_name,0.667,i7,a10193711,FILLED,v1:fuzzy_name | fallback_variety=PB,LME铅注销仓单,indicators_v1[i7],CLEAN,NO,NO,
THS-SN-2.3,SN,2.3,LME锡现货结算价时序图,fuzzy_name,0.762,j23_lme_cash,a10193708,FILLED,v1:fuzzy_name | fallback_variety=PB,LME 铅现货结算价,indicators_v1[j23_lme_cash],CLEAN,NO,NO,
THS-SN-2.3,SN,2.3,LME锡现货现金价时序图,fuzzy_name,0.571,j23_lme_cash,a10193708,FILLED,v1:fuzzy_name | fallback_variety=PB,LME 铅现货结算价,indicators_v1[j23_lme_cash],CLEAN,NO,NO,
THS-SN-2.4,SN,2.4,沪锡月差（元/吨）,fuzzy_name,0.615,wr172,a12841510,VALID,v1:fuzzy_name→SN | zhiji=None,None,zhiji_note,CLEAN,NO,NO,
THS-SN-2.4,SN,2.4,沪锡主力合约收盘价（元/吨）,fuzzy_name,0.737,wr115,FU00050085,FILLED,v1:fuzzy_name | fallback_variety=LI,碳酸锂 主力合约 收盘价,indicators_v1[wr115],CLEAN,NO,NO,
THS-SN-2.4,SN,2.4,LME锡月差（美元/吨）,fuzzy_name,0.615,wr168,j02797784,VALID,v1:fuzzy_name→SN | zhiji=None,None,zhiji_note,CLEAN,NO,NO,
THS-SN-2.4,SN,2.4,LME锡期货收盘价（美元/吨）,fuzzy_name,0.556,j23_lme_cash,a10193708,FILLED,v1:fuzzy_name | fallback_variety=PB,LME 铅现货结算价,indicators_v1[j23_lme_cash],CLEAN,NO,NO,
THS-SN-2.4,SN,2.4,沪锡期限结构（元/吨）,none,0.0,,,MISSING,no_match,,no_match,N/A,N/A,N/A,
THS-SN-2.4,SN,2.4,LME锡期限结构（美元/吨）,zhiji_search,0.7,,FU00033043,VALID,search score=0.7 | zhiji=LME：锡：持仓量（日）,LME：锡：持仓量（日）,zhiji_note,CLEAN,NO,NO,
THS-SN-2.4,SN,2.4,沪锡近远月价差（元/吨）,fuzzy_name,0.625,wr172,a12841510,VALID,v1:fuzzy_name→SN | zhiji=None,None,zhiji_note,CLEAN,NO,NO,
THS-SN-2.4,SN,2.4,LME锡近远月价差（美元/吨）,fuzzy_name,0.588,wr167,a10147859,VALID,v1:fuzzy_name→SN | zhiji=None,None,zhiji_note,CLEAN,NO,NO,
THS-SN-2.4,SN,2.4,近3年同月月差均值（元/吨）,zhiji_search,0.7,,CM00908669,VALID,search score=0.7 | zhiji=中国：3年期标准国开债远期合约：成交额与前值差（月）,中国：3年期标准国开债远期合约：成交额与前值差（月）,zhiji_note,CLEAN,NO,NO,
THS-SN-2.4,SN,2.4,近3年同月月差标准差（元/吨）,zhiji_search,0.7,,CM00908669,VALID,search score=0.7 | zhiji=中国：3年期标准国开债远期合约：成交额与前值差（月）,中国：3年期标准国开债远期合约：成交额与前值差（月）,zhiji_note,CLEAN,NO,NO,
THS-SN-2.4,SN,2.4,近3年同月月差均值（美元/吨）,none,0.0,,,MISSING,no_match,,no_match,N/A,N/A,N/A,
THS-SN-2.4,SN,2.4,近3年同月月差标准差（美元/吨）,none,0.0,,,MISSING,no_match,,no_match,N/A,N/A,N/A,
THS-SN-2.4,SN,2.4,沪锡月差时序图,none,0.0,,,MISSING,no_match,,no_match,N/A,N/A,N/A,
THS-SN-2.4,SN,2.4,LME锡月差时序图,zhiji_search,0.7,,ID02226171,VALID,search score=0.7 | zhiji=LME：锡：原产国库存：埃及（月）,LME：锡：原产国库存：埃及（月）,zhiji_note,CLEAN,NO,NO,
THS-SN-2.4,SN,2.4,沪锡期限结构时序图,none,0.0,,,MISSING,no_match,,no_match,N/A,N/A,N/A,
THS-SN-2.4,SN,2.4,LME锡期限结构时序图,zhiji_search,0.7,,FU00033043,VALID,search score=0.7 | zhiji=LME：锡：持仓量（日）,LME：锡：持仓量（日）,zhiji_note,CLEAN,NO,NO,
THS-SN-2.4,SN,2.4,沪锡近远月价差时序图,none,0.0,,,MISSING,no_match,,no_match,N/A,N/A,N/A,
THS-SN-2.5,SN,2.5,沪锡估值分位（%）,none,0.0,,,MISSING,no_match,,no_match,N/A,N/A,N/A,
THS-SN-2.5,SN,2.5,沪锡主力合约收盘价（元/吨）,fuzzy_name,0.737,wr115,FU00050085,FILLED,v1:fuzzy_name | fallback_variety=LI,碳酸锂 主力合约 收盘价,indicators_v1[wr115],CLEAN,NO,NO,
THS-SN-2.5,SN,2.5,LME锡估值分位（%）,zhiji_search,0.7,,FU00033043,VALID,search score=0.7 | zhiji=LME：锡：持仓量（日）,LME：锡：持仓量（日）,zhiji_note,CLEAN,NO,NO,
THS-SN-2.5,SN,2.5,LME锡期货收盘价（美元/吨）,fuzzy_name,0.556,j23_lme_cash,a10193708,FILLED,v1:fuzzy_name | fallback_variety=PB,LME 铅现货结算价,indicators_v1[j23_lme_cash],CLEAN,NO,NO,
THS-SN-2.5,SN,2.5,锡锭冶炼利润（元/吨）,fuzzy_name,0.667,wr174,ID01590826,VALID,v1:fuzzy_name→SN | zhiji=锡锭：现货：进口盈亏（日）,锡锭：现货：进口盈亏（日）,zhiji_note,CLEAN,NO,NO,
THS-SN-2.5,SN,2.5,锡锭现货价格（元/吨）,zhiji_search,0.7,,ID01590826,VALID,search score=0.7 | zhiji=锡锭：现货：进口盈亏（日）,锡锭：现货：进口盈亏（日）,zhiji_note,CLEAN,NO,NO,
THS-SN-2.5,SN,2.5,锡精矿冶炼利润（元/吨）,fuzzy_name,0.571,si_25_profit_smelt_2,ID01528163,FILLED,v1:fuzzy_name | fallback_variety=SI,工业硅冶炼利润,indicators_v1[si_25_profit_smelt_2],CLEAN,NO,NO,
THS-SN-2.5,SN,2.5,锡精矿价格（元/吨）,fuzzy_name,0.667,li_71_spod_price_conc,ID01294969,FILLED,v1:fuzzy_name | fallback_variety=LI,锂辉石精矿价格,indicators_v1[li_71_spod_price_conc],CLEAN,NO,NO,
THS-SN-2.5,SN,2.5,再生锡冶炼利润（元/吨）,fuzzy_name,0.571,si_25_profit_smelt_2,ID01528163,FILLED,v1:fuzzy_name | fallback_variety=SI,工业硅冶炼利润,indicators_v1[si_25_profit_smelt_2],CLEAN,NO,NO,
THS-SN-2.5,SN,2.5,再生锡价格（元/吨）,zhiji_search,0.7,,ID00303956,VALID,search score=0.7 | zhiji=锡：绝对价格指数：中国（周）,锡：绝对价格指数：中国（周）,zhiji_note,CLEAN,NO,NO,
THS-SN-2.5,SN,2.5,焊锡冶炼利润（元/吨）,fuzzy_name,0.615,si_25_profit_smelt_2,ID01528163,FILLED,v1:fuzzy_name | fallback_variety=SI,工业硅冶炼利润,indicators_v1[si_25_profit_smelt_2],CLEAN,NO,NO,
THS-SN-2.5,SN,2.5,焊锡价格（元/吨）,fuzzy_name,0.6,wr170,a12841487,VALID,v1:fuzzy_name→SN | zhiji=None,None,zhiji_note,CLEAN,NO,NO,
THS-SN-2.5,SN,2.5,近3年同月冶炼利润均值（元/吨）,zhiji_search,0.7,,LC00158095,VALID,search score=0.7 | zhiji=株洲冶炼集团：汇总指标：净利润（年）,株洲冶炼集团：汇总指标：净利润（年）,zhiji_note,CLEAN,NO,NO,
THS-SN-2.5,SN,2.5,近3年同月冶炼利润标准差（元/吨）,zhiji_search,0.7,,LC00158095,VALID,search score=0.7 | zhiji=株洲冶炼集团：汇总指标：净利润（年）,株洲冶炼集团：汇总指标：净利润（年）,zhiji_note,CLEAN,NO,NO,
THS-SN-2.5,SN,2.5,近3年同月估值分位均值（%）,none,0.0,,,MISSING,no_match,,no_match,N/A,N/A,N/A,
THS-SN-2.5,SN,2.5,近3年同月估值分位标准差（%）,none,0.0,,,MISSING,no_match,,no_match,N/A,N/A,N/A,
THS-SN-2.5,SN,2.5,锡锭冶炼利润时序图,zhiji_search,0.7,,LC00157805,VALID,search score=0.7 | zhiji=株洲冶炼集团：净利润（季）,株洲冶炼集团：净利润（季）,zhiji_note,CLEAN,NO,NO,
THS-SN-2.5,SN,2.5,锡精矿冶炼利润时序图,none,0.0,,,MISSING,no_match,,no_match,N/A,N/A,N/A,
THS-SN-2.5,SN,2.5,再生锡冶炼利润时序图,zhiji_search,0.7,,ID02105841,VALID,search score=0.7 | zhiji=冶炼锡：毛利（日）,冶炼锡：毛利（日）,zhiji_note,CLEAN,NO,NO,
THS-SN-2.5,SN,2.5,锡精矿加工费时序图,none,0.0,,,MISSING,no_match,,no_match,N/A,N/A,N/A,
THS-SN-2.5,SN,2.5,沪锡主力合约收盘价时序图,fuzzy_name,0.636,wr115,FU00050085,FILLED,v1:fuzzy_name | fallback_variety=LI,碳酸锂 主力合约 收盘价,indicators_v1[wr115],CLEAN,NO,NO,
THS-SN-2.6,SN,2.6,多头前20持仓量（手）,exact_name,1.0,li_26_openinterest_top20_long_3,FU00085331,FILLED,v1:exact_name | fallback_variety=LI,多头前20持仓量,indicators_v1[li_26_openinterest_top20_long_3],CLEAN,NO,NO,
THS-SN-2.6,SN,2.6,空头前20持仓量（手）,exact_name,1.0,li_26_openinterest_top20_short_2,FU00058209,FILLED,v1:exact_name | fallback_variety=LI,空头前20持仓量,indicators_v1[li_26_openinterest_top20_short_2],CLEAN,NO,NO,
THS-SN-2.6,SN,2.6,多头前20持仓占比（%）,fuzzy_name,0.824,li_26_openinterest_top20_long_3,FU00085331,FILLED,v1:fuzzy_name | fallback_variety=LI,多头前20持仓量,indicators_v1[li_26_openinterest_top20_long_3],CLEAN,NO,NO,
THS-SN-2.6,SN,2.6,空头前20持仓占比（%）,fuzzy_name,0.824,li_26_openinterest_top20_short_2,FU00058209,FILLED,v1:fuzzy_name | fallback_variety=LI,空头前20持仓量,indicators_v1[li_26_openinterest_top20_short_2],CLEAN,NO,NO,
THS-SN-2.6,SN,2.6,多空持仓比（%）,zhiji_search,0.7,,FU00108771,VALID,search score=0.7 | zhiji=CME：木材：期货：所有多头净持仓占比集中度：前4家及以下交易者（周）,CME：木材：期货：所有多头净持仓占比集中度：前4家及以下交易者（周）,zhiji_note,CLEAN,NO,NO,
THS-SN-2.6,SN,2.6,沪锡主力合约收盘价（元/吨）,fuzzy_name,0.737,wr115,FU00050085,FILLED,v1:fuzzy_name | fallback_variety=LI,碳酸锂 主力合约 收盘价,indicators_v1[wr115],CLEAN,NO,NO,
THS-SN-2.6,SN,2.6,多头前20净持仓（手）,fuzzy_name,0.875,li_26_openinterest_top20_long_3,FU00085331,FILLED,v1:fuzzy_name | fallback_variety=LI,多头前20持仓量,indicators_v1[li_26_openinterest_top20_long_3],CLEAN,NO,NO,
THS-SN-2.6,SN,2.6,空头前20净持仓（手）,fuzzy_name,0.875,li_26_openinterest_top20_short_2,FU00058209,FILLED,v1:fuzzy_name | fallback_variety=LI,空头前20持仓量,indicators_v1[li_26_openinterest_top20_short_2],CLEAN,NO,NO,
THS-SN-2.6,SN,2.6,前20总持仓量（手）,fuzzy_name,0.8,li_26_openinterest_top20_short_2,FU00058209,FILLED,v1:fuzzy_name | fallback_variety=LI,空头前20持仓量,indicators_v1[li_26_openinterest_top20_short_2],CLEAN,NO,NO,
THS-SN-2.6,SN,2.6,近3年同月多空持仓比均值（%）,zhiji_search,0.7,,CM00911071,VALID,search score=0.7 | zhiji=中国：3年港元隐含利率曲线：FR007：收盘/即期询价均值（日）,中国：3年港元隐含利率曲线：FR007：收盘/即期询价均值（日）,zhiji_note,CLEAN,NO,NO,
THS-SN-2.6,SN,2.6,近3年同月多空持仓比标准差（%）,zhiji_search,0.7,,CM00908674,VALID,search score=0.7 | zhiji=中国：3年期标准国开债远期合约：占总成交比（月）,中国：3年期标准国开债远期合约：占总成交比（月）,zhiji_note,CLEAN,NO,NO,
THS-SN-2.6,SN,2.6,近3年同月前20总持仓量均值（手）,none,0.0,,,MISSING,no_match,,no_match,N/A,N/A,N/A,
THS-SN-2.6,SN,2.6,近3年同月前20总持仓量标准差（手）,none,0.0,,,MISSING,no_match,,no_match,N/A,N/A,N/A,
THS-SN-2.6,SN,2.6,沪锡多头前20持仓量时序图,fuzzy_name,0.762,li_26_openinterest_top20_long_3,FU00085331,FILLED,v1:fuzzy_name | fallback_variety=LI,多头前20持仓量,indicators_v1[li_26_openinterest_top20_long_3],CLEAN,NO,NO,
THS-SN-2.6,SN,2.6,沪锡空头前20持仓量时序图,fuzzy_name,0.762,li_26_openinterest_top20_short_2,FU00058209,FILLED,v1:fuzzy_name | fallback_variety=LI,空头前20持仓量,indicators_v1[li_26_openinterest_top20_short_2],CLEAN,NO,NO,
THS-SN-2.6,SN,2.6,沪锡多空持仓比时序图,none,0.0,,,MISSING,no_match,,no_match,N/A,N/A,N/A,
THS-SN-2.6,SN,2.6,沪锡前20净持仓时序图,none,0.0,,,MISSING,no_match,,no_match,N/A,N/A,N/A,
THS-SN-2.6,SN,2.6,沪锡前20总持仓量时序图,fuzzy_name,0.667,wr171,a10177562,VALID,v1:fuzzy_name→SN | zhiji=None,None,zhiji_note,CLEAN,NO,NO,
THS-SN-3.1.1,SN,3.1.1,缅甸锡矿产量（万吨）,fuzzy_name,0.667,wr187,ID00299777,VALID,v1:fuzzy_name→SN | zhiji=USGS：锡矿：含锡：产量：中国（年）,USGS：锡矿：含锡：产量：中国（年）,zhiji_note,CLEAN,NO,NO,
THS-SN-3.1.1,SN,3.1.1,海外锡精矿产量（万吨）,fuzzy_name,0.615,wr187,ID00299777,VALID,v1:fuzzy_name→SN | zhiji=USGS：锡矿：含锡：产量：中国（年）,USGS：锡矿：含锡：产量：中国（年）,zhiji_note,CLEAN,NO,NO,
THS-SN-3.1.1,SN,3.1.1,海外精炼锡产量（万吨）,fuzzy_name,0.727,精炼产量,a10003083,VALID,v1:fuzzy_name→SN | zhiji=None,None,zhiji_note,CLEAN,NO,NO,
THS-SN-3.1.1,SN,3.1.1,海外锡矿开工率（%）,fuzzy_name,0.615,wr197,a10113278,VALID,v1:fuzzy_name→SN | zhiji=None,None,zhiji_note,CLEAN,NO,NO,
THS-SN-3.1.1,SN,3.1.1,海外锡矿产量（万吨）,fuzzy_name,0.667,wr187,ID00299777,VALID,v1:fuzzy_name→SN | zhiji=USGS：锡矿：含锡：产量：中国（年）,USGS：锡矿：含锡：产量：中国（年）,zhiji_note,CLEAN,NO,NO,
THS-SN-3.1.1,SN,3.1.1,海外锡矿产能利用率（%）,fuzzy_name,0.615,li_31_capacity,a12715541,FILLED,v1:fuzzy_name | fallback_variety=LI,海外产能,indicators_v1[li_31_capacity],CLEAN,NO,NO,
THS-SN-3.1.1,SN,3.1.1,海外锡矿加工费TC（美元/吨）,none,0.0,,,MISSING,no_match,,no_match,N/A,N/A,N/A,
THS-SN-3.1.1,SN,3.1.1,海外锡矿进口量（万吨）,fuzzy_name,0.714,wr188,a10003098,VALID,v1:fuzzy_name→SN | zhiji=None,None,zhiji_note,CLEAN,NO,NO,
THS-SN-3.1.1,SN,3.1.1,近3年同季产量均值（万吨）,none,0.0,,,MISSING,no_match,,no_match,N/A,N/A,N/A,
THS-SN-3.1.1,SN,3.1.1,近3年同季产量标准差（万吨）,zhiji_search,0.7,,ID00317315,VALID,search score=0.7 | zhiji=热轧普碳钢：标准轨道钢：产量：日本（年）,热轧普碳钢：标准轨道钢：产量：日本（年）,zhiji_note,CLEAN,NO,NO,
THS-SN-3.1.1,SN,3.1.1,缅甸锡矿产量时序图,none,0.0,,,MISSING,no_match,,no_match,N/A,N/A,N/A,
THS-SN-3.1.1,SN,3.1.1,海外锡精矿产量时序图,none,0.0,,,MISSING,no_match,,no_match,N/A,N/A,N/A,
THS-SN-3.1.1,SN,3.1.1,海外精炼锡产量时序图,fuzzy_name,0.571,精炼产量,a10003083,VALID,v1:fuzzy_name→SN | zhiji=None,None,zhiji_note,CLEAN,NO,NO,
THS-SN-3.1.1,SN,3.1.1,海外锡矿开工率时序图,none,0.0,,,MISSING,no_match,,no_match,N/A,N/A,N/A,
THS-SN-3.1.1,SN,3.1.1,海外锡矿产能利用率时序图,none,0.0,,,MISSING,no_match,,no_match,N/A,N/A,N/A,
THS-SN-3.1.2,SN,3.1.2,缅甸锡矿产量（万吨）,fuzzy_name,0.667,wr187,ID00299777,VALID,v1:fuzzy_name→SN | zhiji=USGS：锡矿：含锡：产量：中国（年）,USGS：锡矿：含锡：产量：中国（年）,zhiji_note,CLEAN,NO,NO,
THS-SN-3.1.2,SN,3.1.2,海外锡精矿产量（万吨）,fuzzy_name,0.615,wr187,ID00299777,VALID,v1:fuzzy_name→SN | zhiji=USGS：锡矿：含锡：产量：中国（年）,USGS：锡矿：含锡：产量：中国（年）,zhiji_note,CLEAN,NO,NO,
THS-SN-3.1.2,SN,3.1.2,印尼锡精矿产量（万吨）,fuzzy_name,0.714,wr247,a12870400,FILLED,v1:fuzzy_name | fallback_variety=NI,印尼精炼镍产量,indicators_v1[wr247],P0_CONFLICT,YES,NO,BL-018
THS-SN-3.1.2,SN,3.1.2,俄罗斯锡精矿产量（万吨）,fuzzy_name,0.571,wr187,ID00299777,VALID,v1:fuzzy_name→SN | zhiji=USGS：锡矿：含锡：产量：中国（年）,USGS：锡矿：含锡：产量：中国（年）,zhiji_note,CLEAN,NO,NO,
THS-SN-3.1.2,SN,3.1.2,澳大利亚锡精矿产量（万吨）,none,0.0,,,MISSING,no_match,,no_match,N/A,N/A,N/A,
THS-SN-3.1.2,SN,3.1.2,缅甸锡精矿产量占比（%）,none,0.0,,,MISSING,no_match,,no_match,N/A,N/A,N/A,
THS-SN-3.1.2,SN,3.1.2,印尼锡精矿产量占比（%）,fuzzy_name,0.625,wr247,a12870400,FILLED,v1:fuzzy_name | fallback_variety=NI,印尼精炼镍产量,indicators_v1[wr247],P0_CONFLICT,YES,NO,BL-018
THS-SN-3.1.2,SN,3.1.2,俄罗斯锡精矿产量占比（%）,none,0.0,,,MISSING,no_match,,no_match,N/A,N/A,N/A,
THS-SN-3.1.2,SN,3.1.2,近3年同月产量均值（万吨）,zhiji_search,0.7,,ID00180030,VALID,search score=0.7 | zhiji=干胶：RSS3：近月合约：国际市场：市场价：新加坡（年）,干胶：RSS3：近月合约：国际市场：市场价：新加坡（年）,zhiji_note,CLEAN,NO,NO,
THS-SN-3.1.2,SN,3.1.2,近3年同月产量标准差（万吨）,zhiji_search,0.7,,ID00317315,VALID,search score=0.7 | zhiji=热轧普碳钢：标准轨道钢：产量：日本（年）,热轧普碳钢：标准轨道钢：产量：日本（年）,zhiji_note,CLEAN,NO,NO,
THS-SN-3.1.2,SN,3.1.2,海外锡精矿产量总量（万吨）,none,0.0,,,MISSING,no_match,,no_match,N/A,N/A,N/A,
THS-SN-3.1.2,SN,3.1.2,缅甸锡精矿产量（万吨）,fuzzy_name,0.615,wr187,ID00299777,VALID,v1:fuzzy_name→SN | zhiji=USGS：锡矿：含锡：产量：中国（年）,USGS：锡矿：含锡：产量：中国（年）,zhiji_note,CLEAN,NO,NO,
THS-SN-3.1.2,SN,3.1.2,缅甸锡精矿产量时序图,none,0.0,,,MISSING,no_match,,no_match,N/A,N/A,N/A,
THS-SN-3.1.2,SN,3.1.2,印尼锡精矿产量时序图,fuzzy_name,0.588,wr247,a12870400,FILLED,v1:fuzzy_name | fallback_variety=NI,印尼精炼镍产量,indicators_v1[wr247],P0_CONFLICT,YES,NO,BL-018
THS-SN-3.1.2,SN,3.1.2,俄罗斯锡精矿产量时序图,none,0.0,,,MISSING,no_match,,no_match,N/A,N/A,N/A,
THS-SN-3.1.2,SN,3.1.2,澳大利亚锡精矿产量时序图,none,0.0,,,MISSING,no_match,,no_match,N/A,N/A,N/A,
THS-SN-3.1.2,SN,3.1.2,分国别锡精矿产量结构占比时序图,none,0.0,,,MISSING,no_match,,no_match,N/A,N/A,N/A,
THS-SN-3.1.3,SN,3.1.3,国内锡精矿产量（万吨）,fuzzy_name,0.923,wr187,ID00299777,VALID,v1:fuzzy_name→SN | zhiji=USGS：锡矿：含锡：产量：中国（年）,USGS：锡矿：含锡：产量：中国（年）,zhiji_note,CLEAN,NO,NO,
THS-SN-3.1.3,SN,3.1.3,国内锡矿产量（万吨）,exact_name,1.0,wr187,ID00299777,VALID,v1:exact_name→SN | zhiji=USGS：锡矿：含锡：产量：中国（年）,USGS：锡矿：含锡：产量：中国（年）,zhiji_note,CLEAN,NO,NO,
THS-SN-3.1.3,SN,3.1.3,国内锡矿开工率（%）,fuzzy_name,0.923,wr197,a10113278,VALID,v1:fuzzy_name→SN | zhiji=None,None,zhiji_note,CLEAN,NO,NO,
THS-SN-3.1.3,SN,3.1.3,国内锡矿产能利用率（%）,fuzzy_name,0.667,wr187,ID00299777,VALID,v1:fuzzy_name→SN | zhiji=USGS：锡矿：含锡：产量：中国（年）,USGS：锡矿：含锡：产量：中国（年）,zhiji_note,CLEAN,NO,NO,
THS-SN-3.1.3,SN,3.1.3,国内锡矿加工费TC（美元/吨）,zhiji_search,0.7,,ID01150770,VALID,search score=0.7 | zhiji=粗铜：进口：长单加工费（周）,粗铜：进口：长单加工费（周）,zhiji_note,CLEAN,NO,NO,
THS-SN-3.1.3,SN,3.1.3,国内锡矿进口量（万吨）,exact_name,1.0,wr188,a10003098,VALID,v1:exact_name→SN | zhiji=None,None,zhiji_note,CLEAN,NO,NO,
THS-SN-3.1.3,SN,3.1.3,国内锡矿检修量（万吨）,fuzzy_name,0.769,wr187,ID00299777,VALID,v1:fuzzy_name→SN | zhiji=USGS：锡矿：含锡：产量：中国（年）,USGS：锡矿：含锡：产量：中国（年）,zhiji_note,CLEAN,NO,NO,
THS-SN-3.1.3,SN,3.1.3,近3年同月产量均值（万吨）,zhiji_search,0.7,,ID00180030,VALID,search score=0.7 | zhiji=干胶：RSS3：近月合约：国际市场：市场价：新加坡（年）,干胶：RSS3：近月合约：国际市场：市场价：新加坡（年）,zhiji_note,CLEAN,NO,NO,
THS-SN-3.1.3,SN,3.1.3,近3年同月产量标准差（万吨）,zhiji_search,0.7,,ID00317315,VALID,search score=0.7 | zhiji=热轧普碳钢：标准轨道钢：产量：日本（年）,热轧普碳钢：标准轨道钢：产量：日本（年）,zhiji_note,CLEAN,NO,NO,
THS-SN-3.1.3,SN,3.1.3,近3年同月加工费TC均值（美元/吨）,zhiji_search,0.7,,ID02082003,VALID,search score=0.7 | zhiji=HTE铜箔：35μm：加工费：中国（日）,HTE铜箔：35μm：加工费：中国（日）,zhiji_note,CLEAN,NO,NO,
THS-SN-3.1.3,SN,3.1.3,近3年同月加工费TC标准差（美元/吨）,zhiji_search,0.7,,ID02082003,VALID,search score=0.7 | zhiji=HTE铜箔：35μm：加工费：中国（日）,HTE铜箔：35μm：加工费：中国（日）,zhiji_note,CLEAN,NO,NO,
THS-SN-3.1.3,SN,3.1.3,国内锡精矿产量时序图,fuzzy_name,0.75,wr187,ID00299777,VALID,v1:fuzzy_name→SN | zhiji=USGS：锡矿：含锡：产量：中国（年）,USGS：锡矿：含锡：产量：中国（年）,zhiji_note,CLEAN,NO,NO,
THS-SN-3.1.3,SN,3.1.3,国内锡矿开工率时序图,fuzzy_name,0.75,wr197,a10113278,VALID,v1:fuzzy_name→SN | zhiji=None,None,zhiji_note,CLEAN,NO,NO,
THS-SN-3.1.3,SN,3.1.3,国内锡矿产能利用率时序图,fuzzy_name,0.556,wr187,ID00299777,VALID,v1:fuzzy_name→SN | zhiji=USGS：锡矿：含锡：产量：中国（年）,USGS：锡矿：含锡：产量：中国（年）,zhiji_note,CLEAN,NO,NO,
THS-SN-3.1.3,SN,3.1.3,国内锡矿检修量时序图,fuzzy_name,0.625,wr187,ID00299777,VALID,v1:fuzzy_name→SN | zhiji=USGS：锡矿：含锡：产量：中国（年）,USGS：锡矿：含锡：产量：中国（年）,zhiji_note,CLEAN,NO,NO,
THS-SN-3.1.3,SN,3.1.3,国内锡矿社会库存时序图,fuzzy_name,0.632,wr177,a10020743,VALID,v1:fuzzy_name→SN | zhiji=None,None,zhiji_note,CLEAN,NO,NO,
THS-SN-3.1.4,SN,3.1.4,缅甸锡矿进口量（万吨）,fuzzy_name,0.714,wr188,a10003098,VALID,v1:fuzzy_name→SN | zhiji=None,None,zhiji_note,CLEAN,NO,NO,
THS-SN-3.1.4,SN,3.1.4,总进口量（万吨）,fuzzy_name,0.667,wr275,CM0000138647,FILLED,v1:fuzzy_name | fallback_variety=NI,镍铁进口量,indicators_v1[wr275],CLEAN,NO,NO,
THS-SN-3.1.4,SN,3.1.4,印尼锡矿进口量（万吨）,fuzzy_name,0.714,wr188,a10003098,VALID,v1:fuzzy_name→SN | zhiji=None,None,zhiji_note,CLEAN,NO,NO,
THS-SN-3.1.4,SN,3.1.4,缅甸锡矿进口量占比（%）,fuzzy_name,0.625,wr188,a10003098,VALID,v1:fuzzy_name→SN | zhiji=None,None,zhiji_note,CLEAN,NO,NO,
THS-SN-3.1.4,SN,3.1.4,印尼锡矿进口量占比（%）,fuzzy_name,0.625,wr188,a10003098,VALID,v1:fuzzy_name→SN | zhiji=None,None,zhiji_note,CLEAN,NO,NO,
THS-SN-3.1.4,SN,3.1.4,俄罗斯锡矿进口量占比（%）,fuzzy_name,0.588,wr188,a10003098,VALID,v1:fuzzy_name→SN | zhiji=None,None,zhiji_note,CLEAN,NO,NO,
THS-SN-3.1.4,SN,3.1.4,俄罗斯锡矿进口量（万吨）,fuzzy_name,0.667,wr188,a10003098,VALID,v1:fuzzy_name→SN | zhiji=None,None,zhiji_note,CLEAN,NO,NO,
THS-SN-3.1.4,SN,3.1.4,澳大利亚锡矿进口量（万吨）,fuzzy_name,0.667,wr185,a12764410,VALID,v1:fuzzy_name→SN | zhiji=None,None,zhiji_note,CLEAN,NO,NO,
THS-SN-3.1.4,SN,3.1.4,锡矿总进口量（万吨）,fuzzy_name,0.769,wr188,a10003098,VALID,v1:fuzzy_name→SN | zhiji=None,None,zhiji_note,CLEAN,NO,NO,
THS-SN-3.1.4,SN,3.1.4,近3年同月进口量均值（万吨）,zhiji_search,0.7,,ID01552196,VALID,search score=0.7 | zhiji=USGS：铌：消费进口量：美国（年）,USGS：铌：消费进口量：美国（年）,zhiji_note,CLEAN,NO,NO,
THS-SN-3.1.4,SN,3.1.4,近3年同月进口量标准差（万吨）,zhiji_search,0.7,,ID01552196,VALID,search score=0.7 | zhiji=USGS：铌：消费进口量：美国（年）,USGS：铌：消费进口量：美国（年）,zhiji_note,CLEAN,NO,NO,
THS-SN-3.1.4,SN,3.1.4,近3年同月总进口量均值（万吨）,none,0.0,,,MISSING,no_match,,no_match,N/A,N/A,N/A,
THS-SN-3.1.4,SN,3.1.4,近3年同月总进口量标准差（万吨）,none,0.0,,,MISSING,no_match,,no_match,N/A,N/A,N/A,
THS-SN-3.1.4,SN,3.1.4,缅甸锡矿进口量时序图,fuzzy_name,0.588,wr188,a10003098,VALID,v1:fuzzy_name→SN | zhiji=None,None,zhiji_note,CLEAN,NO,NO,
THS-SN-3.1.4,SN,3.1.4,印尼锡矿进口量时序图,fuzzy_name,0.588,wr188,a10003098,VALID,v1:fuzzy_name→SN | zhiji=None,None,zhiji_note,CLEAN,NO,NO,
THS-SN-3.1.4,SN,3.1.4,俄罗斯锡矿进口量时序图,fuzzy_name,0.556,wr188,a10003098,VALID,v1:fuzzy_name→SN | zhiji=None,None,zhiji_note,CLEAN,NO,NO,
THS-SN-3.1.4,SN,3.1.4,锡矿总进口量时序图,fuzzy_name,0.625,wr188,a10003098,VALID,v1:fuzzy_name→SN | zhiji=None,None,zhiji_note,CLEAN,NO,NO,
THS-SN-3.1.4,SN,3.1.4,印尼锡矿出口量时序图,fuzzy_name,0.6,wr182,a12820786,VALID,v1:fuzzy_name→SN | zhiji=None,None,zhiji_note,CLEAN,NO,NO,
THS-SN-3.1.5,SN,3.1.5,国内锡矿加工费TC（美元/吨）,zhiji_search,0.7,,ID01150770,VALID,search score=0.7 | zhiji=粗铜：进口：长单加工费（周）,粗铜：进口：长单加工费（周）,zhiji_note,CLEAN,NO,NO,
THS-SN-3.1.5,SN,3.1.5,国内锡精矿产量（万吨）,fuzzy_name,0.923,wr187,ID00299777,VALID,v1:fuzzy_name→SN | zhiji=USGS：锡矿：含锡：产量：中国（年）,USGS：锡矿：含锡：产量：中国（年）,zhiji_note,CLEAN,NO,NO,
THS-SN-3.1.5,SN,3.1.5,海外锡矿加工费TC（美元/吨）,none,0.0,,,MISSING,no_match,,no_match,N/A,N/A,N/A,
THS-SN-3.1.5,SN,3.1.5,海外锡精矿产量（万吨）,fuzzy_name,0.615,wr187,ID00299777,VALID,v1:fuzzy_name→SN | zhiji=USGS：锡矿：含锡：产量：中国（年）,USGS：锡矿：含锡：产量：中国（年）,zhiji_note,CLEAN,NO,NO,
THS-SN-3.1.5,SN,3.1.5,缅甸锡矿加工费TC（美元/吨）,zhiji_search,0.7,,ID01150770,VALID,search score=0.7 | zhiji=粗铜：进口：长单加工费（周）,粗铜：进口：长单加工费（周）,zhiji_note,CLEAN,NO,NO,
THS-SN-3.1.5,SN,3.1.5,印尼锡矿加工费TC（美元/吨）,none,0.0,,,MISSING,no_match,,no_match,N/A,N/A,N/A,
THS-SN-3.1.5,SN,3.1.5,俄罗斯锡矿加工费TC（美元/吨）,none,0.0,,,MISSING,no_match,,no_match,N/A,N/A,N/A,
THS-SN-3.1.5,SN,3.1.5,澳大利亚锡矿加工费TC（美元/吨）,none,0.0,,,MISSING,no_match,,no_match,N/A,N/A,N/A,
THS-SN-3.1.5,SN,3.1.5,近3年同月加工费TC均值（美元/吨）,zhiji_search,0.7,,ID02082003,VALID,search score=0.7 | zhiji=HTE铜箔：35μm：加工费：中国（日）,HTE铜箔：35μm：加工费：中国（日）,zhiji_note,CLEAN,NO,NO,
THS-SN-3.1.5,SN,3.1.5,近3年同月加工费TC标准差（美元/吨）,zhiji_search,0.7,,ID02082003,VALID,search score=0.7 | zhiji=HTE铜箔：35μm：加工费：中国（日）,HTE铜箔：35μm：加工费：中国（日）,zhiji_note,CLEAN,NO,NO,
THS-SN-3.1.5,SN,3.1.5,锡矿加工费TC估值分位（%）,none,0.0,,,MISSING,no_match,,no_match,N/A,N/A,N/A,
THS-SN-3.1.5,SN,3.1.5,缅甸锡矿进口量（万吨）,fuzzy_name,0.714,wr188,a10003098,VALID,v1:fuzzy_name→SN | zhiji=None,None,zhiji_note,CLEAN,NO,NO,
THS-SN-3.1.5,SN,3.1.5,国内锡矿加工费TC时序图,none,0.0,,,MISSING,no_match,,no_match,N/A,N/A,N/A,
THS-SN-3.1.5,SN,3.1.5,海外锡矿加工费TC时序图,none,0.0,,,MISSING,no_match,,no_match,N/A,N/A,N/A,
THS-SN-3.1.5,SN,3.1.5,分国别锡矿加工费TC时序图,none,0.0,,,MISSING,no_match,,no_match,N/A,N/A,N/A,
THS-SN-3.1.5,SN,3.1.5,锡矿加工费TC分地区时序图,none,0.0,,,MISSING,no_match,,no_match,N/A,N/A,N/A,
THS-SN-3.1.5,SN,3.1.5,缅甸锡矿加工费TC时序图,zhiji_search,0.7,,ID01150770,VALID,search score=0.7 | zhiji=粗铜：进口：长单加工费（周）,粗铜：进口：长单加工费（周）,zhiji_note,CLEAN,NO,NO,
THS-SN-3.2.1,SN,3.2.1,国内精炼锡产量（万吨）,fuzzy_name,0.769,wr198,a12731583,VALID,v1:fuzzy_name→SN | zhiji=None,None,zhiji_note,CLEAN,NO,NO,
THS-SN-3.2.1,SN,3.2.1,国内锡精矿产量（万吨）,fuzzy_name,0.923,wr187,ID00299777,VALID,v1:fuzzy_name→SN | zhiji=USGS：锡矿：含锡：产量：中国（年）,USGS：锡矿：含锡：产量：中国（年）,zhiji_note,CLEAN,NO,NO,
THS-SN-3.2.1,SN,3.2.1,海外精炼锡产量（万吨）,fuzzy_name,0.727,精炼产量,a10003083,VALID,v1:fuzzy_name→SN | zhiji=None,None,zhiji_note,CLEAN,NO,NO,
THS-SN-3.2.1,SN,3.2.1,海外锡精矿产量（万吨）,fuzzy_name,0.615,wr187,ID00299777,VALID,v1:fuzzy_name→SN | zhiji=USGS：锡矿：含锡：产量：中国（年）,USGS：锡矿：含锡：产量：中国（年）,zhiji_note,CLEAN,NO,NO,
THS-SN-3.2.1,SN,3.2.1,国内精炼锡开工率（%）,fuzzy_name,0.857,wr197,a10113278,VALID,v1:fuzzy_name→SN | zhiji=None,None,zhiji_note,CLEAN,NO,NO,
THS-SN-3.2.1,SN,3.2.1,国内精炼锡产能利用率（%）,fuzzy_name,0.6,si_313_util_capacity,ID01445977,FILLED,v1:fuzzy_name | fallback_variety=SI,中国工业硅产能利用率,indicators_v1[si_313_util_capacity],CLEAN,NO,NO,
THS-SN-3.2.1,SN,3.2.1,国内精炼锡检修量（万吨）,fuzzy_name,0.571,wr198,a12731583,VALID,v1:fuzzy_name→SN | zhiji=None,None,zhiji_note,CLEAN,NO,NO,
THS-SN-3.2.1,SN,3.2.1,国内精炼锡进口量（万吨）,fuzzy_name,0.8,wr188,a10003098,VALID,v1:fuzzy_name→SN | zhiji=None,None,zhiji_note,CLEAN,NO,NO,
THS-SN-3.2.1,SN,3.2.1,近3年同月产量均值（万吨）,zhiji_search,0.7,,ID00180030,VALID,search score=0.7 | zhiji=干胶：RSS3：近月合约：国际市场：市场价：新加坡（年）,干胶：RSS3：近月合约：国际市场：市场价：新加坡（年）,zhiji_note,CLEAN,NO,NO,
THS-SN-3.2.1,SN,3.2.1,近3年同月产量标准差（万吨）,zhiji_search,0.7,,ID00317315,VALID,search score=0.7 | zhiji=热轧普碳钢：标准轨道钢：产量：日本（年）,热轧普碳钢：标准轨道钢：产量：日本（年）,zhiji_note,CLEAN,NO,NO,
THS-SN-3.2.1,SN,3.2.1,近3年同月开工率均值（%）,zhiji_search,0.7,,ID01442722,VALID,search score=0.7 | zhiji=产业在线：HFC-32：开工率：中国（年）,产业在线：HFC-32：开工率：中国（年）,zhiji_note,CLEAN,NO,NO,
THS-SN-3.2.1,SN,3.2.1,近3年同月开工率标准差（%）,zhiji_search,0.7,,ID01442722,VALID,search score=0.7 | zhiji=产业在线：HFC-32：开工率：中国（年）,产业在线：HFC-32：开工率：中国（年）,zhiji_note,CLEAN,NO,NO,
THS-SN-3.2.1,SN,3.2.1,国内精炼锡产量时序图,fuzzy_name,0.625,wr198,a12731583,VALID,v1:fuzzy_name→SN | zhiji=None,None,zhiji_note,CLEAN,NO,NO,
THS-SN-3.2.1,SN,3.2.1,海外精炼锡产量时序图,fuzzy_name,0.571,精炼产量,a10003083,VALID,v1:fuzzy_name→SN | zhiji=None,None,zhiji_note,CLEAN,NO,NO,
THS-SN-3.2.1,SN,3.2.1,国内精炼锡开工率时序图,fuzzy_name,0.706,wr197,a10113278,VALID,v1:fuzzy_name→SN | zhiji=None,None,zhiji_note,CLEAN,NO,NO,
THS-SN-3.2.1,SN,3.2.1,国内精炼锡产能利用率时序图,none,0.0,,,MISSING,no_match,,no_match,N/A,N/A,N/A,
THS-SN-3.2.1,SN,3.2.1,国内精炼锡社会库存时序图,fuzzy_name,0.6,wr177,a10020743,VALID,v1:fuzzy_name→SN | zhiji=None,None,zhiji_note,CLEAN,NO,NO,
THS-SN-3.2.2,SN,3.2.2,国内精炼锡开工率（%）,fuzzy_name,0.857,wr197,a10113278,VALID,v1:fuzzy_name→SN | zhiji=None,None,zhiji_note,CLEAN,NO,NO,
THS-SN-3.2.2,SN,3.2.2,国内精炼锡检修量（万吨）,fuzzy_name,0.571,wr198,a12731583,VALID,v1:fuzzy_name→SN | zhiji=None,None,zhiji_note,CLEAN,NO,NO,
THS-SN-3.2.2,SN,3.2.2,国内精炼锡产能利用率（%）,fuzzy_name,0.6,si_313_util_capacity,ID01445977,FILLED,v1:fuzzy_name | fallback_variety=SI,中国工业硅产能利用率,indicators_v1[si_313_util_capacity],CLEAN,NO,NO,
THS-SN-3.2.2,SN,3.2.2,国内精炼锡开工天数（天）,fuzzy_name,0.667,wr197,a10113278,VALID,v1:fuzzy_name→SN | zhiji=None,None,zhiji_note,CLEAN,NO,NO,
THS-SN-3.2.2,SN,3.2.2,海外精炼锡开工率（%）,fuzzy_name,0.588,li_35_util_2,a12715874,FILLED,v1:fuzzy_name | fallback_variety=LI,国内锂盐精炼开工率,indicators_v1[li_35_util_2],CLEAN,NO,NO,
THS-SN-3.2.2,SN,3.2.2,海外精炼锡检修量（万吨）,none,0.0,,,MISSING,no_match,,no_match,N/A,N/A,N/A,
THS-SN-3.2.2,SN,3.2.2,国内精炼锡产能（万吨）,fuzzy_name,0.615,wr198,a12731583,VALID,v1:fuzzy_name→SN | zhiji=None,None,zhiji_note,CLEAN,NO,NO,
THS-SN-3.2.2,SN,3.2.2,近3年同月开工率均值（%）,zhiji_search,0.7,,ID01442722,VALID,search score=0.7 | zhiji=产业在线：HFC-32：开工率：中国（年）,产业在线：HFC-32：开工率：中国（年）,zhiji_note,CLEAN,NO,NO,
THS-SN-3.2.2,SN,3.2.2,近3年同月开工率标准差（%）,zhiji_search,0.7,,ID01442722,VALID,search score=0.7 | zhiji=产业在线：HFC-32：开工率：中国（年）,产业在线：HFC-32：开工率：中国（年）,zhiji_note,CLEAN,NO,NO,
THS-SN-3.2.2,SN,3.2.2,近3年同月检修量均值（万吨）,zhiji_search,0.7,,ID01367631,VALID,search score=0.7 | zhiji=PP：检修减损量：中国（年）,PP：检修减损量：中国（年）,zhiji_note,CLEAN,NO,NO,
THS-SN-3.2.2,SN,3.2.2,近3年同月检修量标准差（万吨）,zhiji_search,0.7,,ID01367631,VALID,search score=0.7 | zhiji=PP：检修减损量：中国（年）,PP：检修减损量：中国（年）,zhiji_note,CLEAN,NO,NO,
THS-SN-3.2.2,SN,3.2.2,缅甸精炼锡开工率（%）,fuzzy_name,0.588,li_35_util_2,a12715874,FILLED,v1:fuzzy_name | fallback_variety=LI,国内锂盐精炼开工率,indicators_v1[li_35_util_2],CLEAN,NO,NO,
THS-SN-3.2.2,SN,3.2.2,印尼精炼锡开工率（%）,fuzzy_name,0.588,li_35_util_2,a12715874,FILLED,v1:fuzzy_name | fallback_variety=LI,国内锂盐精炼开工率,indicators_v1[li_35_util_2],CLEAN,NO,NO,
THS-SN-3.2.2,SN,3.2.2,俄罗斯精炼锡开工率（%）,fuzzy_name,0.556,li_35_util_2,a12715874,FILLED,v1:fuzzy_name | fallback_variety=LI,国内锂盐精炼开工率,indicators_v1[li_35_util_2],CLEAN,NO,NO,
THS-SN-3.2.2,SN,3.2.2,国内精炼锡检修量时序图,none,0.0,,,MISSING,no_match,,no_match,N/A,N/A,N/A,
THS-SN-3.2.2,SN,3.2.2,海外精炼锡开工率时序图,none,0.0,,,MISSING,no_match,,no_match,N/A,N/A,N/A,
THS-SN-3.2.2,SN,3.2.2,海外精炼锡检修量时序图,none,0.0,,,MISSING,no_match,,no_match,N/A,N/A,N/A,
THS-SN-3.2.2,SN,3.2.2,国内精炼锡开工天数时序图,fuzzy_name,0.571,li_35_util_2,a12715874,FILLED,v1:fuzzy_name | fallback_variety=LI,国内锂盐精炼开工率,indicators_v1[li_35_util_2],CLEAN,NO,NO,
THS-SN-3.2.2,SN,3.2.2,国内精炼锡产能时序图,none,0.0,,,MISSING,no_match,,no_match,N/A,N/A,N/A,
THS-SN-3.2.3,SN,3.2.3,再生锡产量（万吨）,fuzzy_name,0.833,wr196,a12731582,VALID,v1:fuzzy_name→SN | zhiji=None,None,zhiji_note,CLEAN,NO,NO,
THS-SN-3.2.3,SN,3.2.3,再生锡进口量（万吨）,fuzzy_name,0.615,wr193,a10173520,VALID,v1:fuzzy_name→SN | zhiji=None,None,zhiji_note,CLEAN,NO,NO,
THS-SN-3.2.3,SN,3.2.3,再生锡开工率（%）,fuzzy_name,0.714,wr14,a10148951,FILLED,v1:fuzzy_name | fallback_variety=AL,再生铝合金开工率,indicators_v1[wr14],CLEAN,NO,NO,
THS-SN-3.2.3,SN,3.2.3,再生锡检修量（万吨）,fuzzy_name,0.615,wr196,a12731582,VALID,v1:fuzzy_name→SN | zhiji=None,None,zhiji_note,CLEAN,NO,NO,
THS-SN-3.2.3,SN,3.2.3,再生锡产能利用率（%）,fuzzy_name,0.556,si_313_util_capacity,ID01445977,FILLED,v1:fuzzy_name | fallback_variety=SI,中国工业硅产能利用率,indicators_v1[si_313_util_capacity],CLEAN,NO,NO,
THS-SN-3.2.3,SN,3.2.3,再生锡开工天数（天）,none,0.0,,,MISSING,no_match,,no_match,N/A,N/A,N/A,
THS-SN-3.2.3,SN,3.2.3,缅甸再生锡产能（万吨）,fuzzy_name,0.571,wr196,a12731582,VALID,v1:fuzzy_name→SN | zhiji=None,None,zhiji_note,CLEAN,NO,NO,
THS-SN-3.2.3,SN,3.2.3,印尼再生锡产能（万吨）,fuzzy_name,0.571,wr196,a12731582,VALID,v1:fuzzy_name→SN | zhiji=None,None,zhiji_note,CLEAN,NO,NO,
THS-SN-3.2.3,SN,3.2.3,国内再生锡产能（万吨）,fuzzy_name,0.857,wr196,a12731582,VALID,v1:fuzzy_name→SN | zhiji=None,None,zhiji_note,CLEAN,NO,NO,
THS-SN-3.2.3,SN,3.2.3,近3年同月产量均值（万吨）,zhiji_search,0.7,,ID00180030,VALID,search score=0.7 | zhiji=干胶：RSS3：近月合约：国际市场：市场价：新加坡（年）,干胶：RSS3：近月合约：国际市场：市场价：新加坡（年）,zhiji_note,CLEAN,NO,NO,
THS-SN-3.2.3,SN,3.2.3,近3年同月产量标准差（万吨）,zhiji_search,0.7,,ID00317315,VALID,search score=0.7 | zhiji=热轧普碳钢：标准轨道钢：产量：日本（年）,热轧普碳钢：标准轨道钢：产量：日本（年）,zhiji_note,CLEAN,NO,NO,
THS-SN-3.2.3,SN,3.2.3,近3年同月开工率均值（%）,zhiji_search,0.7,,ID01442722,VALID,search score=0.7 | zhiji=产业在线：HFC-32：开工率：中国（年）,产业在线：HFC-32：开工率：中国（年）,zhiji_note,CLEAN,NO,NO,
THS-SN-3.2.3,SN,3.2.3,近3年同月开工率标准差（%）,zhiji_search,0.7,,ID01442722,VALID,search score=0.7 | zhiji=产业在线：HFC-32：开工率：中国（年）,产业在线：HFC-32：开工率：中国（年）,zhiji_note,CLEAN,NO,NO,
THS-SN-3.2.3,SN,3.2.3,近3年同月进口量均值（万吨）,zhiji_search,0.7,,ID01552196,VALID,search score=0.7 | zhiji=USGS：铌：消费进口量：美国（年）,USGS：铌：消费进口量：美国（年）,zhiji_note,CLEAN,NO,NO,
THS-SN-3.2.3,SN,3.2.3,近3年同月进口量标准差（万吨）,zhiji_search,0.7,,ID01552196,VALID,search score=0.7 | zhiji=USGS：铌：消费进口量：美国（年）,USGS：铌：消费进口量：美国（年）,zhiji_note,CLEAN,NO,NO,
THS-SN-3.2.3,SN,3.2.3,缅甸再生锡产量（万吨）,fuzzy_name,0.714,wr196,a12731582,VALID,v1:fuzzy_name→SN | zhiji=None,None,zhiji_note,CLEAN,NO,NO,
THS-SN-3.2.3,SN,3.2.3,印尼再生锡产量（万吨）,fuzzy_name,0.714,wr196,a12731582,VALID,v1:fuzzy_name→SN | zhiji=None,None,zhiji_note,CLEAN,NO,NO,
THS-SN-3.2.3,SN,3.2.3,国内再生锡产量（万吨）,exact_name,1.0,wr196,a12731582,VALID,v1:exact_name→SN | zhiji=None,None,zhiji_note,CLEAN,NO,NO,
THS-SN-3.2.3,SN,3.2.3,再生锡产量时序图,fuzzy_name,0.667,wr196,a12731582,VALID,v1:fuzzy_name→SN | zhiji=None,None,zhiji_note,CLEAN,NO,NO,
THS-SN-3.2.3,SN,3.2.3,再生锡进口量时序图,zhiji_search,0.7,,GM00229591,VALID,search score=0.7 | zhiji=巴西：进口数量：锡（周）,巴西：进口数量：锡（周）,zhiji_note,CLEAN,NO,NO,
THS-SN-3.2.3,SN,3.2.3,再生锡开工率时序图,fuzzy_name,0.588,wr14,a10148951,FILLED,v1:fuzzy_name | fallback_variety=AL,再生铝合金开工率,indicators_v1[wr14],CLEAN,NO,NO,
THS-SN-3.2.3,SN,3.2.3,再生锡检修量时序图,none,0.0,,,MISSING,no_match,,no_match,N/A,N/A,N/A,
THS-SN-3.2.3,SN,3.2.3,再生锡产能利用率时序图,none,0.0,,,MISSING,no_match,,no_match,N/A,N/A,N/A,
THS-SN-3.2.4,SN,3.2.4,国内精炼锡冶炼利润（元/吨）,none,0.0,,,MISSING,no_match,,no_match,N/A,N/A,N/A,
THS-SN-3.2.4,SN,3.2.4,国内精炼锡开工率（%）,fuzzy_name,0.857,wr197,a10113278,VALID,v1:fuzzy_name→SN | zhiji=None,None,zhiji_note,CLEAN,NO,NO,
THS-SN-3.2.4,SN,3.2.4,海外精炼锡冶炼利润（元/吨）,none,0.0,,,MISSING,no_match,,no_match,N/A,N/A,N/A,
THS-SN-3.2.4,SN,3.2.4,海外精炼锡开工率（%）,fuzzy_name,0.588,li_35_util_2,a12715874,FILLED,v1:fuzzy_name | fallback_variety=LI,国内锂盐精炼开工率,indicators_v1[li_35_util_2],CLEAN,NO,NO,
THS-SN-3.2.4,SN,3.2.4,缅甸锡矿冶炼利润（元/吨）,none,0.0,,,MISSING,no_match,,no_match,N/A,N/A,N/A,
THS-SN-3.2.4,SN,3.2.4,缅甸锡矿加工费TC（美元/吨）,zhiji_search,0.7,,ID01150770,VALID,search score=0.7 | zhiji=粗铜：进口：长单加工费（周）,粗铜：进口：长单加工费（周）,zhiji_note,CLEAN,NO,NO,
THS-SN-3.2.4,SN,3.2.4,缅甸精炼锡冶炼利润（元/吨）,none,0.0,,,MISSING,no_match,,no_match,N/A,N/A,N/A,
THS-SN-3.2.4,SN,3.2.4,印尼精炼锡冶炼利润（元/吨）,none,0.0,,,MISSING,no_match,,no_match,N/A,N/A,N/A,
THS-SN-3.2.4,SN,3.2.4,近3年同月冶炼利润均值（元/吨）,zhiji_search,0.7,,LC00158095,VALID,search score=0.7 | zhiji=株洲冶炼集团：汇总指标：净利润（年）,株洲冶炼集团：汇总指标：净利润（年）,zhiji_note,CLEAN,NO,NO,
THS-SN-3.2.4,SN,3.2.4,近3年同月冶炼利润标准差（元/吨）,zhiji_search,0.7,,LC00158095,VALID,search score=0.7 | zhiji=株洲冶炼集团：汇总指标：净利润（年）,株洲冶炼集团：汇总指标：净利润（年）,zhiji_note,CLEAN,NO,NO,
THS-SN-3.2.4,SN,3.2.4,锡锭冶炼利润（元/吨）,fuzzy_name,0.667,wr174,ID01590826,VALID,v1:fuzzy_name→SN | zhiji=锡锭：现货：进口盈亏（日）,锡锭：现货：进口盈亏（日）,zhiji_note,CLEAN,NO,NO,
THS-SN-3.2.4,SN,3.2.4,再生锡冶炼利润（元/吨）,fuzzy_name,0.571,si_25_profit_smelt_2,ID01528163,FILLED,v1:fuzzy_name | fallback_variety=SI,工业硅冶炼利润,indicators_v1[si_25_profit_smelt_2],CLEAN,NO,NO,
THS-SN-3.2.4,SN,3.2.4,国内精炼锡冶炼利润估值分位（%）,none,0.0,,,MISSING,no_match,,no_match,N/A,N/A,N/A,
THS-SN-3.2.4,SN,3.2.4,国内精炼锡冶炼利润时序图,none,0.0,,,MISSING,no_match,,no_match,N/A,N/A,N/A,
THS-SN-3.2.4,SN,3.2.4,海外精炼锡冶炼利润时序图,none,0.0,,,MISSING,no_match,,no_match,N/A,N/A,N/A,
THS-SN-3.2.4,SN,3.2.4,锡锭冶炼利润时序图,zhiji_search,0.7,,LC00157805,VALID,search score=0.7 | zhiji=株洲冶炼集团：净利润（季）,株洲冶炼集团：净利润（季）,zhiji_note,CLEAN,NO,NO,
THS-SN-3.2.4,SN,3.2.4,再生锡冶炼利润时序图,zhiji_search,0.7,,ID02105841,VALID,search score=0.7 | zhiji=冶炼锡：毛利（日）,冶炼锡：毛利（日）,zhiji_note,CLEAN,NO,NO,
THS-SN-3.2.4,SN,3.2.4,缅甸锡矿冶炼利润时序图,none,0.0,,,MISSING,no_match,,no_match,N/A,N/A,N/A,
THS-SN-4.1,SN,4.1,沪锡交易所库存（手）,none,0.0,,,MISSING,no_match,,no_match,N/A,N/A,N/A,
THS-SN-4.1,SN,4.1,LME锡交易所库存（手）,fuzzy_name,0.714,LME库存,FU00014817,VALID,v1:fuzzy_name→SN | zhiji=LME：镍：注册仓单（日）,LME：镍：注册仓单（日）,zhiji_note,P0_CONFLICT,YES,NO,BL-018
THS-SN-4.1,SN,4.1,沪锡仓单注册量（手）,fuzzy_name,0.615,wr171,a10177562,VALID,v1:fuzzy_name→SN | zhiji=None,None,zhiji_note,CLEAN,NO,NO,
THS-SN-4.1,SN,4.1,沪锡注销仓单量（手）,fuzzy_name,0.615,wr171,a10177562,VALID,v1:fuzzy_name→SN | zhiji=None,None,zhiji_note,CLEAN,NO,NO,
THS-SN-4.1,SN,4.1,沪锡主力合约收盘价（元/吨）,fuzzy_name,0.737,wr115,FU00050085,FILLED,v1:fuzzy_name | fallback_variety=LI,碳酸锂 主力合约 收盘价,indicators_v1[wr115],CLEAN,NO,NO,
THS-SN-4.1,SN,4.1,沪锡仓单总量（手）,fuzzy_name,0.667,wr171,a10177562,VALID,v1:fuzzy_name→SN | zhiji=None,None,zhiji_note,CLEAN,NO,NO,
THS-SN-4.1,SN,4.1,近3年同月库存均值（手）,none,0.0,,,MISSING,no_match,,no_match,N/A,N/A,N/A,
THS-SN-4.1,SN,4.1,近3年同月库存标准差（手）,none,0.0,,,MISSING,no_match,,no_match,N/A,N/A,N/A,
THS-SN-4.1,SN,4.1,沪锡在途库存（手）,fuzzy_name,0.571,wr152,ID02093014,FILLED,v1:fuzzy_name | fallback_variety=LI,锂矿 外采 在途库存,indicators_v1[wr152],CLEAN,NO,NO,
THS-SN-4.1,SN,4.1,沪锡隐性库存（手）,none,0.0,,,MISSING,no_match,,no_match,N/A,N/A,N/A,
THS-SN-4.1,SN,4.1,沪锡库存天数（天）,none,0.0,,,MISSING,no_match,,no_match,N/A,N/A,N/A,
THS-SN-4.1,SN,4.1,沪锡交易所库存时序图,none,0.0,,,MISSING,no_match,,no_match,N/A,N/A,N/A,
THS-SN-4.1,SN,4.1,LME锡交易所库存时序图,fuzzy_name,0.588,LME库存,FU00014817,VALID,v1:fuzzy_name→SN | zhiji=LME：镍：注册仓单（日）,LME：镍：注册仓单（日）,zhiji_note,P0_CONFLICT,YES,NO,BL-018
THS-SN-4.1,SN,4.1,沪锡仓单注册量时序图,zhiji_search,0.7,,FU00015901,VALID,search score=0.7 | zhiji=LME：锡：注册仓单（日）,LME：锡：注册仓单（日）,zhiji_note,CLEAN,NO,NO,
THS-SN-4.1,SN,4.1,沪锡仓单总量时序图,zhiji_search,0.7,,ID01895225,VALID,search score=0.7 | zhiji=锡锭：沪伦比值（日）,锡锭：沪伦比值（日）,zhiji_note,CLEAN,NO,NO,
THS-SN-4.1,SN,4.1,沪锡仓单注册量与LME锡仓单总量时序图,none,0.0,,,MISSING,no_match,,no_match,N/A,N/A,N/A,
THS-SN-4.2,SN,4.2,沪锡仓单总量（手）,fuzzy_name,0.667,wr171,a10177562,VALID,v1:fuzzy_name→SN | zhiji=None,None,zhiji_note,CLEAN,NO,NO,
THS-SN-4.2,SN,4.2,沪锡注销仓单量（手）,fuzzy_name,0.615,wr171,a10177562,VALID,v1:fuzzy_name→SN | zhiji=None,None,zhiji_note,CLEAN,NO,NO,
THS-SN-4.2,SN,4.2,沪锡注销占比（%）,fuzzy_name,0.615,pb_41_aux_8,FU00023838,FILLED,v1:fuzzy_name | fallback_variety=PB,注销占比(日),indicators_v1[pb_41_aux_8],CLEAN,NO,NO,
THS-SN-4.2,SN,4.2,沪锡仓单注册量（手）,fuzzy_name,0.615,wr171,a10177562,VALID,v1:fuzzy_name→SN | zhiji=None,None,zhiji_note,CLEAN,NO,NO,
THS-SN-4.2,SN,4.2,LME锡仓单总量（手）,fuzzy_name,0.625,i7,a10193711,FILLED,v1:fuzzy_name | fallback_variety=PB,LME铅注销仓单,indicators_v1[i7],CLEAN,NO,NO,
THS-SN-4.2,SN,4.2,沪锡在途仓单（手）,none,0.0,,,MISSING,no_match,,no_match,N/A,N/A,N/A,
THS-SN-4.2,SN,4.2,沪锡隐性仓单（手）,none,0.0,,,MISSING,no_match,,no_match,N/A,N/A,N/A,
THS-SN-4.2,SN,4.2,近3年同月仓单均值（手）,none,0.0,,,MISSING,no_match,,no_match,N/A,N/A,N/A,
THS-SN-4.2,SN,4.2,近3年同月仓单标准差（手）,none,0.0,,,MISSING,no_match,,no_match,N/A,N/A,N/A,
THS-SN-4.2,SN,4.2,沪锡主力合约收盘价（元/吨）,fuzzy_name,0.737,wr115,FU00050085,FILLED,v1:fuzzy_name | fallback_variety=LI,碳酸锂 主力合约 收盘价,indicators_v1[wr115],CLEAN,NO,NO,
THS-SN-4.2,SN,4.2,沪锡注销仓单量时序图,none,0.0,,,MISSING,no_match,,no_match,N/A,N/A,N/A,
THS-SN-4.2,SN,4.2,沪锡注销占比时序图,none,0.0,,,MISSING,no_match,,no_match,N/A,N/A,N/A,
THS-SN-4.2,SN,4.2,LME锡注销仓单量时序图,fuzzy_name,0.7,i7,a10193711,FILLED,v1:fuzzy_name | fallback_variety=PB,LME铅注销仓单,indicators_v1[i7],CLEAN,NO,NO,
THS-SN-4.2,SN,4.2,LME锡注销仓单占比时序图,fuzzy_name,0.667,i7,a10193711,FILLED,v1:fuzzy_name | fallback_variety=PB,LME铅注销仓单,indicators_v1[i7],CLEAN,NO,NO,
THS-SN-4.2,SN,4.2,沪锡仓单总量时序图,zhiji_search,0.7,,ID01895225,VALID,search score=0.7 | zhiji=锡锭：沪伦比值（日）,锡锭：沪伦比值（日）,zhiji_note,CLEAN,NO,NO,
THS-SN-4.3,SN,4.3,国内社会库存总量（万吨）,fuzzy_name,0.667,社库,ID01517441,VALID,v1:fuzzy_name→SN | zhiji=锡锭：库存：中国（周）,锡锭：库存：中国（周）,zhiji_note,CLEAN,NO,NO,
THS-SN-4.3,SN,4.3,厂内库存（万吨）,fuzzy_name,0.667,wr151,ID02069945,FILLED,v1:fuzzy_name | fallback_variety=LI,锂矿 外采 厂内库存,indicators_v1[wr151],CLEAN,NO,NO,
THS-SN-4.3,SN,4.3,缅甸社会库存占比（%）,fuzzy_name,0.667,社库,ID01517441,VALID,v1:fuzzy_name→SN | zhiji=锡锭：库存：中国（周）,锡锭：库存：中国（周）,zhiji_note,CLEAN,NO,NO,
THS-SN-4.3,SN,4.3,印尼社会库存占比（%）,fuzzy_name,0.667,社库,ID01517441,VALID,v1:fuzzy_name→SN | zhiji=锡锭：库存：中国（周）,锡锭：库存：中国（周）,zhiji_note,CLEAN,NO,NO,
THS-SN-4.3,SN,4.3,国内社会库存占比（%）,fuzzy_name,0.667,社库,ID01517441,VALID,v1:fuzzy_name→SN | zhiji=锡锭：库存：中国（周）,锡锭：库存：中国（周）,zhiji_note,CLEAN,NO,NO,
THS-SN-4.3,SN,4.3,在途库存（万吨）,fuzzy_name,0.667,wr152,ID02093014,FILLED,v1:fuzzy_name | fallback_variety=LI,锂矿 外采 在途库存,indicators_v1[wr152],CLEAN,NO,NO,
THS-SN-4.3,SN,4.3,隐性库存（万吨）,zhiji_search,0.7,,ID00317750,VALID,search score=0.7 | zhiji=普钢：库存：日本（季）,普钢：库存：日本（季）,zhiji_note,CLEAN,NO,NO,
THS-SN-4.3,SN,4.3,社会库存天数（天）,fuzzy_name,0.8,社库,ID01517441,VALID,v1:fuzzy_name→SN | zhiji=锡锭：库存：中国（周）,锡锭：库存：中国（周）,zhiji_note,WARNING,NO,YES,BL-012
THS-SN-4.3,SN,4.3,注销占比（%）,fuzzy_name,0.727,pb_41_aux_8,FU00023838,FILLED,v1:fuzzy_name | fallback_variety=PB,注销占比(日),indicators_v1[pb_41_aux_8],CLEAN,NO,NO,
THS-SN-4.3,SN,4.3,近3年同周库存均值（万吨）,zhiji_search,0.7,,ID00180030,VALID,search score=0.7 | zhiji=干胶：RSS3：近月合约：国际市场：市场价：新加坡（年）,干胶：RSS3：近月合约：国际市场：市场价：新加坡（年）,zhiji_note,CLEAN,NO,NO,
THS-SN-4.3,SN,4.3,近3年同周库存标准差（万吨）,zhiji_search,0.7,,CM00908664,VALID,search score=0.7 | zhiji=中国：3年期标准国开债远期合约：成交额（月）,中国：3年期标准国开债远期合约：成交额（月）,zhiji_note,CLEAN,NO,NO,
THS-SN-4.3,SN,4.3,沪锡主力合约收盘价（元/吨）,fuzzy_name,0.737,wr115,FU00050085,FILLED,v1:fuzzy_name | fallback_variety=LI,碳酸锂 主力合约 收盘价,indicators_v1[wr115],CLEAN,NO,NO,
THS-SN-4.3,SN,4.3,缅甸社会库存（万吨）,fuzzy_name,0.8,社库,ID01517441,VALID,v1:fuzzy_name→SN | zhiji=锡锭：库存：中国（周）,锡锭：库存：中国（周）,zhiji_note,CLEAN,NO,NO,
THS-SN-4.3,SN,4.3,印尼社会库存（万吨）,fuzzy_name,0.8,社库,ID01517441,VALID,v1:fuzzy_name→SN | zhiji=锡锭：库存：中国（周）,锡锭：库存：中国（周）,zhiji_note,CLEAN,NO,NO,
THS-SN-4.3,SN,4.3,国内社会库存（万吨）,fuzzy_name,0.8,社库,ID01517441,VALID,v1:fuzzy_name→SN | zhiji=锡锭：库存：中国（周）,锡锭：库存：中国（周）,zhiji_note,CLEAN,NO,NO,
THS-SN-4.3,SN,4.3,国内社会库存总量时序图,none,0.0,,,MISSING,no_match,,no_match,N/A,N/A,N/A,
THS-SN-4.3,SN,4.3,厂内库存时序图,zhiji_search,0.7,,ID01167598,VALID,search score=0.7 | zhiji=铅锭：厂内库存：济源（周）,铅锭：厂内库存：济源（周）,zhiji_note,CLEAN,NO,NO,
THS-SN-4.3,SN,4.3,国内社会库存分地区时序图,none,0.0,,,MISSING,no_match,,no_match,N/A,N/A,N/A,
THS-SN-4.3,SN,4.3,国内社会库存与沪锡主力合约收盘价时序图,none,0.0,,,MISSING,no_match,,no_match,N/A,N/A,N/A,
THS-SN-4.3,SN,4.3,国内社会库存天数时序图,none,0.0,,,MISSING,no_match,,no_match,N/A,N/A,N/A,
THS-SN-4.4,SN,4.4,国内工厂库存总量（万吨）,fuzzy_name,0.706,li_44_lc_inv_plant,a12715574,FILLED,v1:fuzzy_name | fallback_variety=LI,碳酸锂工厂库存总量,indicators_v1[li_44_lc_inv_plant],CLEAN,NO,NO,
THS-SN-4.4,SN,4.4,厂内库存（万吨）,fuzzy_name,0.667,wr151,ID02069945,FILLED,v1:fuzzy_name | fallback_variety=LI,锂矿 外采 厂内库存,indicators_v1[wr151],CLEAN,NO,NO,
THS-SN-4.4,SN,4.4,缅甸厂内库存占比（%）,none,0.0,,,MISSING,no_match,,no_match,N/A,N/A,N/A,
THS-SN-4.4,SN,4.4,印尼厂内库存占比（%）,none,0.0,,,MISSING,no_match,,no_match,N/A,N/A,N/A,
THS-SN-4.4,SN,4.4,国内厂内库存占比（%）,none,0.0,,,MISSING,no_match,,no_match,N/A,N/A,N/A,
THS-SN-4.4,SN,4.4,在途库存（万吨）,fuzzy_name,0.667,wr152,ID02093014,FILLED,v1:fuzzy_name | fallback_variety=LI,锂矿 外采 在途库存,indicators_v1[wr152],CLEAN,NO,NO,
THS-SN-4.4,SN,4.4,隐性库存（万吨）,zhiji_search,0.7,,ID00317750,VALID,search score=0.7 | zhiji=普钢：库存：日本（季）,普钢：库存：日本（季）,zhiji_note,CLEAN,NO,NO,
THS-SN-4.4,SN,4.4,工厂库存天数（天）,fuzzy_name,0.8,li_44_inv,a12805120,FILLED,v1:fuzzy_name | fallback_variety=LI,碳酸锂工厂库存天数,indicators_v1[li_44_inv],WARNING,NO,YES,BL-012
THS-SN-4.4,SN,4.4,注销占比（%）,fuzzy_name,0.727,pb_41_aux_8,FU00023838,FILLED,v1:fuzzy_name | fallback_variety=PB,注销占比(日),indicators_v1[pb_41_aux_8],CLEAN,NO,NO,
THS-SN-4.4,SN,4.4,近3年同月库存均值（万吨）,zhiji_search,0.7,,ID00180030,VALID,search score=0.7 | zhiji=干胶：RSS3：近月合约：国际市场：市场价：新加坡（年）,干胶：RSS3：近月合约：国际市场：市场价：新加坡（年）,zhiji_note,CLEAN,NO,NO,
THS-SN-4.4,SN,4.4,近3年同月库存标准差（万吨）,zhiji_search,0.7,,CM00908664,VALID,search score=0.7 | zhiji=中国：3年期标准国开债远期合约：成交额（月）,中国：3年期标准国开债远期合约：成交额（月）,zhiji_note,CLEAN,NO,NO,
THS-SN-4.4,SN,4.4,沪锡主力合约收盘价（元/吨）,fuzzy_name,0.737,wr115,FU00050085,FILLED,v1:fuzzy_name | fallback_variety=LI,碳酸锂 主力合约 收盘价,indicators_v1[wr115],CLEAN,NO,NO,
THS-SN-4.4,SN,4.4,缅甸厂内库存（万吨）,fuzzy_name,0.571,wr151,ID02069945,FILLED,v1:fuzzy_name | fallback_variety=LI,锂矿 外采 厂内库存,indicators_v1[wr151],CLEAN,NO,NO,
THS-SN-4.4,SN,4.4,印尼厂内库存（万吨）,fuzzy_name,0.571,wr151,ID02069945,FILLED,v1:fuzzy_name | fallback_variety=LI,锂矿 外采 厂内库存,indicators_v1[wr151],CLEAN,NO,NO,
THS-SN-4.4,SN,4.4,国内厂内库存（万吨）,fuzzy_name,0.571,wr151,ID02069945,FILLED,v1:fuzzy_name | fallback_variety=LI,锂矿 外采 厂内库存,indicators_v1[wr151],CLEAN,NO,NO,
THS-SN-4.4,SN,4.4,厂内库存时序图,zhiji_search,0.7,,ID01167598,VALID,search score=0.7 | zhiji=铅锭：厂内库存：济源（周）,铅锭：厂内库存：济源（周）,zhiji_note,CLEAN,NO,NO,
THS-SN-4.4,SN,4.4,工厂库存总量与沪锡主力合约收盘价时序图,fuzzy_name,0.552,si_21_close_front,a10154400,FILLED,v1:fuzzy_name | fallback_variety=SI,工业硅主力合约收盘价,indicators_v1[si_21_close_front],CLEAN,NO,NO,
THS-SN-4.4,SN,4.4,工厂库存天数时序图,fuzzy_name,0.667,li_44_inv,a12805120,FILLED,v1:fuzzy_name | fallback_variety=LI,碳酸锂工厂库存天数,indicators_v1[li_44_inv],WARNING,NO,YES,BL-012
THS-SN-4.5,SN,4.5,隐性库存总量（万吨）,fuzzy_name,0.615,li_44_inv_smelt,a10097626,FILLED,v1:fuzzy_name | fallback_variety=LI,冶炼厂库存总量,indicators_v1[li_44_inv_smelt],CLEAN,NO,NO,
THS-SN-4.5,SN,4.5,在途库存总量（万吨）,fuzzy_name,0.615,li_44_inv_smelt,a10097626,FILLED,v1:fuzzy_name | fallback_variety=LI,冶炼厂库存总量,indicators_v1[li_44_inv_smelt],CLEAN,NO,NO,
THS-SN-4.5,SN,4.5,缅甸隐性库存占比（%）,none,0.0,,,MISSING,no_match,,no_match,N/A,N/A,N/A,
THS-SN-4.5,SN,4.5,印尼隐性库存占比（%）,none,0.0,,,MISSING,no_match,,no_match,N/A,N/A,N/A,
THS-SN-4.5,SN,4.5,国内隐性库存占比（%）,fuzzy_name,0.625,wr178,a10167095,VALID,v1:fuzzy_name→SN | zhiji=None,None,zhiji_note,CLEAN,NO,NO,
THS-SN-4.5,SN,4.5,缅甸在途库存占比（%）,none,0.0,,,MISSING,no_match,,no_match,N/A,N/A,N/A,
THS-SN-4.5,SN,4.5,印尼在途库存占比（%）,none,0.0,,,MISSING,no_match,,no_match,N/A,N/A,N/A,
THS-SN-4.5,SN,4.5,国内在途库存占比（%）,none,0.0,,,MISSING,no_match,,no_match,N/A,N/A,N/A,
THS-SN-4.5,SN,4.5,隐性库存占比（%）,zhiji_search,0.7,,ID01545528,VALID,search score=0.7 | zhiji=电动卡车：库存占比：英国（年）,电动卡车：库存占比：英国（年）,zhiji_note,CLEAN,NO,NO,
THS-SN-4.5,SN,4.5,在途库存占比（%）,fuzzy_name,0.571,wr152,ID02093014,FILLED,v1:fuzzy_name | fallback_variety=LI,锂矿 外采 在途库存,indicators_v1[wr152],CLEAN,NO,NO,
THS-SN-4.5,SN,4.5,近3年同月库存均值（万吨）,zhiji_search,0.7,,ID00180030,VALID,search score=0.7 | zhiji=干胶：RSS3：近月合约：国际市场：市场价：新加坡（年）,干胶：RSS3：近月合约：国际市场：市场价：新加坡（年）,zhiji_note,CLEAN,NO,NO,
THS-SN-4.5,SN,4.5,近3年同月库存标准差（万吨）,zhiji_search,0.7,,CM00908664,VALID,search score=0.7 | zhiji=中国：3年期标准国开债远期合约：成交额（月）,中国：3年期标准国开债远期合约：成交额（月）,zhiji_note,CLEAN,NO,NO,
THS-SN-4.5,SN,4.5,隐性库存天数（天）,none,0.0,,,MISSING,no_match,,no_match,N/A,N/A,N/A,
THS-SN-4.5,SN,4.5,在途库存天数（天）,fuzzy_name,0.571,wr152,ID02093014,FILLED,v1:fuzzy_name | fallback_variety=LI,锂矿 外采 在途库存,indicators_v1[wr152],WARNING,NO,YES,BL-012
THS-SN-4.5,SN,4.5,隐性/在途库存总量（万吨）,none,0.0,,,MISSING,no_match,,no_match,N/A,N/A,N/A,
THS-SN-4.5,SN,4.5,沪锡主力合约收盘价（元/吨）,fuzzy_name,0.737,wr115,FU00050085,FILLED,v1:fuzzy_name | fallback_variety=LI,碳酸锂 主力合约 收盘价,indicators_v1[wr115],CLEAN,NO,NO,
THS-SN-4.5,SN,4.5,隐性库存占比时序图,none,0.0,,,MISSING,no_match,,no_match,N/A,N/A,N/A,
THS-SN-4.5,SN,4.5,在途库存占比时序图,none,0.0,,,MISSING,no_match,,no_match,N/A,N/A,N/A,
THS-SN-5.1,SN,5.1,焊锡/锡焊料开工率（%）,none,0.0,,,MISSING,no_match,,no_match,N/A,N/A,N/A,
THS-SN-5.1,SN,5.1,锡表观消费量（万吨）,fuzzy_name,0.8,表观消费,ID00187499,VALID,v1:fuzzy_name→SN | zhiji=镀锌板卷：钢铁企业：产量：中国（周）,镀锌板卷：钢铁企业：产量：中国（周）,zhiji_note,P0_CONFLICT,YES,NO,BL-025
THS-SN-5.1,SN,5.1,锡化工开工率（%）,fuzzy_name,0.667,wr57,a12731491,FILLED,v1:fuzzy_name | fallback_variety=AL-AX,氧化铝开工率,indicators_v1[wr57],CLEAN,NO,NO,
THS-SN-5.1,SN,5.1,电子级锡开工率（%）,fuzzy_name,0.615,wr197,a10113278,VALID,v1:fuzzy_name→SN | zhiji=None,None,zhiji_note,CLEAN,NO,NO,
THS-SN-5.1,SN,5.1,终端产量（万吨）,zhiji_search,0.7,,RE00033227,VALID,search score=0.7 | zhiji=石脑油：产量：中国（年）,石脑油：产量：中国（年）,zhiji_note,CLEAN,NO,NO,
THS-SN-5.1,SN,5.1,排产计划（万吨）,zhiji_search,0.7,,ID01691372,VALID,search score=0.7 | zhiji=电解液：排产：中国（月）,电解液：排产：中国（月）,zhiji_note,CLEAN,NO,NO,
THS-SN-5.1,SN,5.1,缅甸消费占比（%）,none,0.0,,,MISSING,no_match,,no_match,N/A,N/A,N/A,
THS-SN-5.1,SN,5.1,印尼消费占比（%）,none,0.0,,,MISSING,no_match,,no_match,N/A,N/A,N/A,
THS-SN-5.1,SN,5.1,国内消费占比（%）,none,0.0,,,MISSING,no_match,,no_match,N/A,N/A,N/A,
THS-SN-5.1,SN,5.1,近3年同月开工率均值（%）,zhiji_search,0.7,,ID01442722,VALID,search score=0.7 | zhiji=产业在线：HFC-32：开工率：中国（年）,产业在线：HFC-32：开工率：中国（年）,zhiji_note,CLEAN,NO,NO,
THS-SN-5.1,SN,5.1,近3年同月开工率标准差（%）,zhiji_search,0.7,,ID01442722,VALID,search score=0.7 | zhiji=产业在线：HFC-32：开工率：中国（年）,产业在线：HFC-32：开工率：中国（年）,zhiji_note,CLEAN,NO,NO,
THS-SN-5.1,SN,5.1,沪锡主力合约收盘价（元/吨）,fuzzy_name,0.737,wr115,FU00050085,FILLED,v1:fuzzy_name | fallback_variety=LI,碳酸锂 主力合约 收盘价,indicators_v1[wr115],CLEAN,NO,NO,
THS-SN-5.1,SN,5.1,库存天数（天）,fuzzy_name,0.615,li_44_inv,a12805120,FILLED,v1:fuzzy_name | fallback_variety=LI,碳酸锂工厂库存天数,indicators_v1[li_44_inv],WARNING,NO,YES,BL-012
THS-SN-5.1,SN,5.1,消费占比（%）,zhiji_search,0.7,,ID01719823,VALID,search score=0.7 | zhiji=国际咖啡组织：咖啡：消费量占比：非洲（年）,国际咖啡组织：咖啡：消费量占比：非洲（年）,zhiji_note,CLEAN,NO,NO,
THS-SN-5.1,SN,5.1,焊锡开工率时序图,fuzzy_name,0.571,wr197,a10113278,VALID,v1:fuzzy_name→SN | zhiji=None,None,zhiji_note,CLEAN,NO,NO,
THS-SN-5.1,SN,5.1,锡化工开工率时序图,none,0.0,,,MISSING,no_match,,no_match,N/A,N/A,N/A,
THS-SN-5.1,SN,5.1,焊锡表观消费量时序图,fuzzy_name,0.571,表观消费,ID00187499,VALID,v1:fuzzy_name→SN | zhiji=镀锌板卷：钢铁企业：产量：中国（周）,镀锌板卷：钢铁企业：产量：中国（周）,zhiji_note,P0_CONFLICT,YES,NO,BL-025
THS-SN-5.1,SN,5.1,锡化工表观消费量时序图,fuzzy_name,0.632,si_51_cons_apparent,a12715180,FILLED,v1:fuzzy_name | fallback_variety=SI,工业硅表观消费量,indicators_v1[si_51_cons_apparent],CLEAN,NO,NO,
THS-SN-5.1,SN,5.1,焊锡/锡化工开工率时序图,none,0.0,,,MISSING,no_match,,no_match,N/A,N/A,N/A,
THS-SN-5.2,SN,5.2,焊锡/锡焊料终端产量（万吨）,none,0.0,,,MISSING,no_match,,no_match,N/A,N/A,N/A,
THS-SN-5.2,SN,5.2,焊锡/锡焊料终端订单量（万吨）,none,0.0,,,MISSING,no_match,,no_match,N/A,N/A,N/A,
THS-SN-5.2,SN,5.2,锡化工终端产量（万吨）,none,0.0,,,MISSING,no_match,,no_match,N/A,N/A,N/A,
THS-SN-5.2,SN,5.2,电子级锡终端产量（万吨）,none,0.0,,,MISSING,no_match,,no_match,N/A,N/A,N/A,
THS-SN-5.2,SN,5.2,终端排产计划（万吨）,none,0.0,,,MISSING,no_match,,no_match,N/A,N/A,N/A,
THS-SN-5.2,SN,5.2,终端消费占比（%）,fuzzy_name,0.571,si_52_cons,a12715181,FILLED,v1:fuzzy_name | fallback_variety=SI,工业硅终端消费量,indicators_v1[si_52_cons],CLEAN,NO,NO,
THS-SN-5.2,SN,5.2,缅甸终端消费占比（%）,none,0.0,,,MISSING,no_match,,no_match,N/A,N/A,N/A,
THS-SN-5.2,SN,5.2,印尼终端消费占比（%）,none,0.0,,,MISSING,no_match,,no_match,N/A,N/A,N/A,
THS-SN-5.2,SN,5.2,国内终端消费占比（%）,none,0.0,,,MISSING,no_match,,no_match,N/A,N/A,N/A,
THS-SN-5.2,SN,5.2,近3年同月终端产量均值（万吨）,none,0.0,,,MISSING,no_match,,no_match,N/A,N/A,N/A,
THS-SN-5.2,SN,5.2,近3年同月终端产量标准差（万吨）,none,0.0,,,MISSING,no_match,,no_match,N/A,N/A,N/A,
THS-SN-5.2,SN,5.2,终端库存天数（天）,none,0.0,,,MISSING,no_match,,no_match,N/A,N/A,N/A,
THS-SN-5.2,SN,5.2,终端消费增速（%）,fuzzy_name,0.571,si_52_cons,a12715181,FILLED,v1:fuzzy_name | fallback_variety=SI,工业硅终端消费量,indicators_v1[si_52_cons],CLEAN,NO,NO,
THS-SN-5.2,SN,5.2,终端产量（万吨）,zhiji_search,0.7,,RE00033227,VALID,search score=0.7 | zhiji=石脑油：产量：中国（年）,石脑油：产量：中国（年）,zhiji_note,CLEAN,NO,NO,
THS-SN-5.2,SN,5.2,沪锡主力合约收盘价（元/吨）,fuzzy_name,0.737,wr115,FU00050085,FILLED,v1:fuzzy_name | fallback_variety=LI,碳酸锂 主力合约 收盘价,indicators_v1[wr115],CLEAN,NO,NO,
THS-SN-5.2,SN,5.2,焊锡终端产量时序图,none,0.0,,,MISSING,no_match,,no_match,N/A,N/A,N/A,
THS-SN-5.2,SN,5.2,锡化工终端产量时序图,none,0.0,,,MISSING,no_match,,no_match,N/A,N/A,N/A,
THS-SN-5.2,SN,5.2,焊锡终端库存时序图,none,0.0,,,MISSING,no_match,,no_match,N/A,N/A,N/A,
THS-SN-5.2,SN,5.2,锡化工终端库存时序图,none,0.0,,,MISSING,no_match,,no_match,N/A,N/A,N/A,
THS-SN-5.2,SN,5.2,焊锡/锡化工终端产量时序图,none,0.0,,,MISSING,no_match,,no_match,N/A,N/A,N/A,
THS-SN-5.3,SN,5.3,焊锡/锡焊料订单量（万吨）,none,0.0,,,MISSING,no_match,,no_match,N/A,N/A,N/A,
THS-SN-5.3,SN,5.3,焊锡/锡焊料排产计划（万吨）,none,0.0,,,MISSING,no_match,,no_match,N/A,N/A,N/A,
THS-SN-5.3,SN,5.3,锡化工订单量（万吨）,none,0.0,,,MISSING,no_match,,no_match,N/A,N/A,N/A,
THS-SN-5.3,SN,5.3,电子级锡订单量（万吨）,none,0.0,,,MISSING,no_match,,no_match,N/A,N/A,N/A,
THS-SN-5.3,SN,5.3,排产计划（万吨）,zhiji_search,0.7,,ID01691372,VALID,search score=0.7 | zhiji=电解液：排产：中国（月）,电解液：排产：中国（月）,zhiji_note,CLEAN,NO,NO,
THS-SN-5.3,SN,5.3,消费占比（%）,zhiji_search,0.7,,ID01719823,VALID,search score=0.7 | zhiji=国际咖啡组织：咖啡：消费量占比：非洲（年）,国际咖啡组织：咖啡：消费量占比：非洲（年）,zhiji_note,CLEAN,NO,NO,
THS-SN-5.3,SN,5.3,缅甸需求增速（%）,none,0.0,,,MISSING,no_match,,no_match,N/A,N/A,N/A,
THS-SN-5.3,SN,5.3,印尼需求增速（%）,none,0.0,,,MISSING,no_match,,no_match,N/A,N/A,N/A,
THS-SN-5.3,SN,5.3,国内需求增速（%）,none,0.0,,,MISSING,no_match,,no_match,N/A,N/A,N/A,
THS-SN-5.3,SN,5.3,近3年同月订单量均值（万吨）,none,0.0,,,MISSING,no_match,,no_match,N/A,N/A,N/A,
THS-SN-5.3,SN,5.3,近3年同月订单量标准差（万吨）,none,0.0,,,MISSING,no_match,,no_match,N/A,N/A,N/A,
THS-SN-5.3,SN,5.3,沪锡主力合约收盘价（元/吨）,fuzzy_name,0.737,wr115,FU00050085,FILLED,v1:fuzzy_name | fallback_variety=LI,碳酸锂 主力合约 收盘价,indicators_v1[wr115],CLEAN,NO,NO,
THS-SN-5.3,SN,5.3,库存天数（天）,fuzzy_name,0.615,li_44_inv,a12805120,FILLED,v1:fuzzy_name | fallback_variety=LI,碳酸锂工厂库存天数,indicators_v1[li_44_inv],WARNING,NO,YES,BL-012
THS-SN-5.3,SN,5.3,需求增速（%）,none,0.0,,,MISSING,no_match,,no_match,N/A,N/A,N/A,
THS-SN-5.3,SN,5.3,焊锡订单量时序图,none,0.0,,,MISSING,no_match,,no_match,N/A,N/A,N/A,
THS-SN-5.3,SN,5.3,排产计划时序图,none,0.0,,,MISSING,no_match,,no_match,N/A,N/A,N/A,
THS-SN-5.3,SN,5.3,焊锡订单量同比增速时序图,none,0.0,,,MISSING,no_match,,no_match,N/A,N/A,N/A,
THS-SN-5.3,SN,5.3,锡化工订单量同比增速时序图,none,0.0,,,MISSING,no_match,,no_match,N/A,N/A,N/A,
THS-SN-6.1,SN,6.1,锡精矿进口量（万吨）,fuzzy_name,0.769,wr188,a10003098,VALID,v1:fuzzy_name→SN | zhiji=None,None,zhiji_note,CLEAN,NO,NO,
THS-SN-6.1,SN,6.1,再生锡进口量（万吨）,fuzzy_name,0.615,wr193,a10173520,VALID,v1:fuzzy_name→SN | zhiji=None,None,zhiji_note,CLEAN,NO,NO,
THS-SN-6.1,SN,6.1,缅甸锡精矿进口量（万吨）,fuzzy_name,0.667,wr188,a10003098,VALID,v1:fuzzy_name→SN | zhiji=None,None,zhiji_note,CLEAN,NO,NO,
THS-SN-6.1,SN,6.1,印尼锡精矿进口量（万吨）,fuzzy_name,0.667,wr188,a10003098,VALID,v1:fuzzy_name→SN | zhiji=None,None,zhiji_note,CLEAN,NO,NO,
THS-SN-6.1,SN,6.1,俄罗斯锡精矿进口量（万吨）,fuzzy_name,0.625,wr188,a10003098,VALID,v1:fuzzy_name→SN | zhiji=None,None,zhiji_note,CLEAN,NO,NO,
THS-SN-6.1,SN,6.1,缅甸再生锡进口量（万吨）,fuzzy_name,0.556,wr189,a10154831,VALID,v1:fuzzy_name→SN | zhiji=None,None,zhiji_note,CLEAN,NO,NO,
THS-SN-6.1,SN,6.1,印尼再生锡进口量（万吨）,fuzzy_name,0.667,wr190,a12840355,VALID,v1:fuzzy_name→SN | zhiji=None,None,zhiji_note,CLEAN,NO,NO,
THS-SN-6.1,SN,6.1,国内再生锡进口量（万吨）,fuzzy_name,0.8,wr188,a10003098,VALID,v1:fuzzy_name→SN | zhiji=None,None,zhiji_note,CLEAN,NO,NO,
THS-SN-6.1,SN,6.1,锡锭进口量（万吨）,fuzzy_name,0.727,wr174,ID01590826,VALID,v1:fuzzy_name→SN | zhiji=锡锭：现货：进口盈亏（日）,锡锭：现货：进口盈亏（日）,zhiji_note,CLEAN,NO,NO,
THS-SN-6.1,SN,6.1,锡锭净进口量（万吨）,fuzzy_name,0.769,wr193,a10173520,VALID,v1:fuzzy_name→SN | zhiji=None,None,zhiji_note,CLEAN,NO,NO,
THS-SN-6.1,SN,6.1,近3年同月进口量均值（万吨）,zhiji_search,0.7,,ID01552196,VALID,search score=0.7 | zhiji=USGS：铌：消费进口量：美国（年）,USGS：铌：消费进口量：美国（年）,zhiji_note,CLEAN,NO,NO,
THS-SN-6.1,SN,6.1,近3年同月进口量标准差（万吨）,zhiji_search,0.7,,ID01552196,VALID,search score=0.7 | zhiji=USGS：铌：消费进口量：美国（年）,USGS：铌：消费进口量：美国（年）,zhiji_note,CLEAN,NO,NO,
THS-SN-6.1,SN,6.1,保税区库存（万吨）,none,0.0,,,MISSING,no_match,,no_match,N/A,N/A,N/A,
THS-SN-6.1,SN,6.1,保税区仓单（手）,zhiji_search,0.7,,ID01510878,VALID,search score=0.7 | zhiji=电解钴：库存：保税区（周）,电解钴：库存：保税区（周）,zhiji_note,CLEAN,NO,NO,
THS-SN-6.1,SN,6.1,海外发运量（万吨）,none,0.0,,,MISSING,no_match,,no_match,N/A,N/A,N/A,
THS-SN-6.1,SN,6.1,发运天数（天）,zhiji_search,0.7,,LC00090036,VALID,search score=0.7 | zhiji=万科：存货周转天数（季）,万科：存货周转天数（季）,zhiji_note,CLEAN,NO,NO,
THS-SN-6.1,SN,6.1,锡精矿进口量时序图,fuzzy_name,0.625,wr188,a10003098,VALID,v1:fuzzy_name→SN | zhiji=None,None,zhiji_note,CLEAN,NO,NO,
THS-SN-6.1,SN,6.1,再生锡进口量时序图,zhiji_search,0.7,,GM00229591,VALID,search score=0.7 | zhiji=巴西：进口数量：锡（周）,巴西：进口数量：锡（周）,zhiji_note,CLEAN,NO,NO,
THS-SN-6.1,SN,6.1,锡精矿进口量分国别时序图,fuzzy_name,0.7,li_61_by_country_import_conc_3,ID02038530,INVALID,v1:fuzzy_name | fallback_invalid,锂精矿进口分国别,indicators_v1[li_61_by_country_import_conc_3],CLEAN,NO,NO,
THS-SN-6.1,SN,6.1,再生锡进口量分国别时序图,fuzzy_name,0.571,si_61_by_country_import,CM0000287714,FILLED,v1:fuzzy_name | fallback_variety=SI,工业硅进口量分国别,indicators_v1[si_61_by_country_import],CLEAN,NO,NO,
THS-SN-6.1,SN,6.1,锡精矿与再生锡进口量时序图,none,0.0,,,MISSING,no_match,,no_match,N/A,N/A,N/A,
THS-SN-6.2,SN,6.2,精炼锡进口量（万吨）,fuzzy_name,0.75,wr195,a12749487,VALID,v1:fuzzy_name→SN | zhiji=None,None,zhiji_note,CLEAN,NO,NO,
THS-SN-6.2,SN,6.2,精炼锡出口量（万吨）,fuzzy_name,0.857,wr183,a12840345,VALID,v1:fuzzy_name→SN | zhiji=None,None,zhiji_note,CLEAN,NO,NO,
THS-SN-6.2,SN,6.2,精炼锡净进口量（万吨）,fuzzy_name,0.714,wr193,a10173520,VALID,v1:fuzzy_name→SN | zhiji=None,None,zhiji_note,CLEAN,NO,NO,
THS-SN-6.2,SN,6.2,关税税率（%）,zhiji_search,0.7,,ID01369418,VALID,search score=0.7 | zhiji=纯苯：关税：税率：中国（年）,纯苯：关税：税率：中国（年）,zhiji_note,CLEAN,NO,NO,
THS-SN-6.2,SN,6.2,缅甸锡锭进口量（万吨）,fuzzy_name,0.615,wr174,ID01590826,VALID,v1:fuzzy_name→SN | zhiji=锡锭：现货：进口盈亏（日）,锡锭：现货：进口盈亏（日）,zhiji_note,CLEAN,NO,NO,
THS-SN-6.2,SN,6.2,印尼锡锭进口量（万吨）,fuzzy_name,0.714,wr190,a12840355,VALID,v1:fuzzy_name→SN | zhiji=None,None,zhiji_note,CLEAN,NO,NO,
THS-SN-6.2,SN,6.2,俄罗斯锡锭进口量（万吨）,fuzzy_name,0.571,wr174,ID01590826,VALID,v1:fuzzy_name→SN | zhiji=锡锭：现货：进口盈亏（日）,锡锭：现货：进口盈亏（日）,zhiji_note,CLEAN,NO,NO,
THS-SN-6.2,SN,6.2,缅甸锡锭出口量（万吨）,none,0.0,,,MISSING,no_match,,no_match,N/A,N/A,N/A,
THS-SN-6.2,SN,6.2,印尼锡锭出口量（万吨）,fuzzy_name,0.706,wr182,a12820786,VALID,v1:fuzzy_name→SN | zhiji=None,None,zhiji_note,CLEAN,NO,NO,
THS-SN-6.2,SN,6.2,俄罗斯锡锭出口量（万吨）,none,0.0,,,MISSING,no_match,,no_match,N/A,N/A,N/A,
THS-SN-6.2,SN,6.2,近3年同月进口量均值（万吨）,zhiji_search,0.7,,ID01552196,VALID,search score=0.7 | zhiji=USGS：铌：消费进口量：美国（年）,USGS：铌：消费进口量：美国（年）,zhiji_note,CLEAN,NO,NO,
THS-SN-6.2,SN,6.2,近3年同月进口量标准差（万吨）,zhiji_search,0.7,,ID01552196,VALID,search score=0.7 | zhiji=USGS：铌：消费进口量：美国（年）,USGS：铌：消费进口量：美国（年）,zhiji_note,CLEAN,NO,NO,
THS-SN-6.2,SN,6.2,近3年同月出口量均值（万吨）,zhiji_search,0.7,,ID00295172,VALID,search score=0.7 | zhiji=船用高速柴油机：功率出口量：中国（年）,船用高速柴油机：功率出口量：中国（年）,zhiji_note,CLEAN,NO,NO,
THS-SN-6.2,SN,6.2,近3年同月出口量标准差（万吨）,zhiji_search,0.7,,ID00295172,VALID,search score=0.7 | zhiji=船用高速柴油机：功率出口量：中国（年）,船用高速柴油机：功率出口量：中国（年）,zhiji_note,CLEAN,NO,NO,
THS-SN-6.2,SN,6.2,保税区仓单（手）,zhiji_search,0.7,,ID01510878,VALID,search score=0.7 | zhiji=电解钴：库存：保税区（周）,电解钴：库存：保税区（周）,zhiji_note,CLEAN,NO,NO,
THS-SN-6.2,SN,6.2,进出口金额（亿元）,zhiji_search,0.7,,CM0000165456,VALID,search score=0.7 | zhiji=中国：进出口金额：机床工具（年）,中国：进出口金额：机床工具（年）,zhiji_note,CLEAN,NO,NO,
THS-SN-6.2,SN,6.2,沪锡主力合约收盘价（元/吨）,fuzzy_name,0.737,wr115,FU00050085,FILLED,v1:fuzzy_name | fallback_variety=LI,碳酸锂 主力合约 收盘价,indicators_v1[wr115],CLEAN,NO,NO,
THS-SN-6.2,SN,6.2,精炼锡进口量时序图,fuzzy_name,0.632,wr195,a12749487,VALID,v1:fuzzy_name→SN | zhiji=None,None,zhiji_note,CLEAN,NO,NO,
THS-SN-6.2,SN,6.2,精炼锡出口量时序图,fuzzy_name,0.706,wr183,a12840345,VALID,v1:fuzzy_name→SN | zhiji=None,None,zhiji_note,CLEAN,NO,NO,
THS-SN-6.2,SN,6.2,精炼锡净进口量时序图,fuzzy_name,0.6,wr195,a12749487,VALID,v1:fuzzy_name→SN | zhiji=None,None,zhiji_note,CLEAN,NO,NO,
THS-SN-6.2,SN,6.2,保税区仓单时序图,none,0.0,,,MISSING,no_match,,no_match,N/A,N/A,N/A,
THS-SN-6.2,SN,6.2,精炼锡进口量分国别时序图,fuzzy_name,0.6,li_61_by_country_import_conc_3,ID02038530,INVALID,v1:fuzzy_name | fallback_invalid,锂精矿进口分国别,indicators_v1[li_61_by_country_import_conc_3],CLEAN,NO,NO,
THS-SN-6.3,SN,6.3,锡焊料/焊锡出口量（万吨）,none,0.0,,,MISSING,no_match,,no_match,N/A,N/A,N/A,
THS-SN-6.3,SN,6.3,锡化工出口量（万吨）,fuzzy_name,0.667,si_62_export_2,a12715179,FILLED,v1:fuzzy_name | fallback_variety=SI,工业硅出口量,indicators_v1[si_62_export_2],CLEAN,NO,NO,
THS-SN-6.3,SN,6.3,电子级锡出口量（万吨）,none,0.0,,,MISSING,no_match,,no_match,N/A,N/A,N/A,
THS-SN-6.3,SN,6.3,缅甸电子级锡出口量（万吨）,none,0.0,,,MISSING,no_match,,no_match,N/A,N/A,N/A,
THS-SN-6.3,SN,6.3,印尼电子级锡出口量（万吨）,fuzzy_name,0.632,wr182,a12820786,VALID,v1:fuzzy_name→SN | zhiji=None,None,zhiji_note,CLEAN,NO,NO,
THS-SN-6.3,SN,6.3,保税区仓单（手）,zhiji_search,0.7,,ID01510878,VALID,search score=0.7 | zhiji=电解钴：库存：保税区（周）,电解钴：库存：保税区（周）,zhiji_note,CLEAN,NO,NO,
THS-SN-6.3,SN,6.3,进出口金额（亿元）,zhiji_search,0.7,,CM0000165456,VALID,search score=0.7 | zhiji=中国：进出口金额：机床工具（年）,中国：进出口金额：机床工具（年）,zhiji_note,CLEAN,NO,NO,
THS-SN-6.3,SN,6.3,锡制品出口量（万吨）,fuzzy_name,0.571,wr183,a12840345,VALID,v1:fuzzy_name→SN | zhiji=None,None,zhiji_note,CLEAN,NO,NO,
THS-SN-6.3,SN,6.3,近3年同月出口量均值（万吨）,zhiji_search,0.7,,ID00295172,VALID,search score=0.7 | zhiji=船用高速柴油机：功率出口量：中国（年）,船用高速柴油机：功率出口量：中国（年）,zhiji_note,CLEAN,NO,NO,
THS-SN-6.3,SN,6.3,近3年同月出口量标准差（万吨）,zhiji_search,0.7,,ID00295172,VALID,search score=0.7 | zhiji=船用高速柴油机：功率出口量：中国（年）,船用高速柴油机：功率出口量：中国（年）,zhiji_note,CLEAN,NO,NO,
THS-SN-6.3,SN,6.3,关税税率（%）,zhiji_search,0.7,,ID01369418,VALID,search score=0.7 | zhiji=纯苯：关税：税率：中国（年）,纯苯：关税：税率：中国（年）,zhiji_note,CLEAN,NO,NO,
THS-SN-6.3,SN,6.3,沪锡主力合约收盘价（元/吨）,fuzzy_name,0.737,wr115,FU00050085,FILLED,v1:fuzzy_name | fallback_variety=LI,碳酸锂 主力合约 收盘价,indicators_v1[wr115],CLEAN,NO,NO,
THS-SN-6.3,SN,6.3,缅甸出口占比（%）,none,0.0,,,MISSING,no_match,,no_match,N/A,N/A,N/A,
THS-SN-6.3,SN,6.3,印尼出口占比（%）,none,0.0,,,MISSING,no_match,,no_match,N/A,N/A,N/A,
THS-SN-6.3,SN,6.3,国内出口占比（%）,none,0.0,,,MISSING,no_match,,no_match,N/A,N/A,N/A,
THS-SN-6.3,SN,6.3,锡焊料/焊锡出口量时序图,none,0.0,,,MISSING,no_match,,no_match,N/A,N/A,N/A,
THS-SN-6.3,SN,6.3,锡化工出口量时序图,none,0.0,,,MISSING,no_match,,no_match,N/A,N/A,N/A,
THS-SN-6.3,SN,6.3,锡焊料/焊锡出口量分国别时序图,none,0.0,,,MISSING,no_match,,no_match,N/A,N/A,N/A,
THS-SN-6.3,SN,6.3,锡化工出口量分国别时序图,fuzzy_name,0.667,si_62_by_country_export,CM0000287763,FILLED,v1:fuzzy_name | fallback_variety=SI,工业硅出口量分国别,indicators_v1[si_62_by_country_export],CLEAN,NO,NO,
THS-SN-6.3,SN,6.3,锡焊料/焊锡与锡化工出口量时序图,none,0.0,,,MISSING,no_match,,no_match,N/A,N/A,N/A,
THS-SN-6.4,SN,6.4,海外发运量（万吨）,none,0.0,,,MISSING,no_match,,no_match,N/A,N/A,N/A,
THS-SN-6.4,SN,6.4,发运天数（天）,zhiji_search,0.7,,LC00090036,VALID,search score=0.7 | zhiji=万科：存货周转天数（季）,万科：存货周转天数（季）,zhiji_note,CLEAN,NO,NO,
THS-SN-6.4,SN,6.4,缅甸发运量（万吨）,none,0.0,,,MISSING,no_match,,no_match,N/A,N/A,N/A,
THS-SN-6.4,SN,6.4,印尼发运量（万吨）,none,0.0,,,MISSING,no_match,,no_match,N/A,N/A,N/A,
THS-SN-6.4,SN,6.4,俄罗斯发运量（万吨）,none,0.0,,,MISSING,no_match,,no_match,N/A,N/A,N/A,
THS-SN-6.4,SN,6.4,保税区仓单（手）,zhiji_search,0.7,,ID01510878,VALID,search score=0.7 | zhiji=电解钴：库存：保税区（周）,电解钴：库存：保税区（周）,zhiji_note,CLEAN,NO,NO,
THS-SN-6.4,SN,6.4,进出口金额（亿元）,zhiji_search,0.7,,CM0000165456,VALID,search score=0.7 | zhiji=中国：进出口金额：机床工具（年）,中国：进出口金额：机床工具（年）,zhiji_note,CLEAN,NO,NO,
THS-SN-6.4,SN,6.4,近3年同月发运量均值（万吨）,none,0.0,,,MISSING,no_match,,no_match,N/A,N/A,N/A,
THS-SN-6.4,SN,6.4,近3年同月发运量标准差（万吨）,zhiji_search,0.7,,GM00182684,VALID,search score=0.7 | zhiji=加州空气资源委员会：未来年份碳配额：价格标准差（季）,加州空气资源委员会：未来年份碳配额：价格标准差（季）,zhiji_note,CLEAN,NO,NO,
THS-SN-6.4,SN,6.4,关税税率（%）,zhiji_search,0.7,,ID01369418,VALID,search score=0.7 | zhiji=纯苯：关税：税率：中国（年）,纯苯：关税：税率：中国（年）,zhiji_note,CLEAN,NO,NO,
THS-SN-6.4,SN,6.4,沪锡主力合约收盘价（元/吨）,fuzzy_name,0.737,wr115,FU00050085,FILLED,v1:fuzzy_name | fallback_variety=LI,碳酸锂 主力合约 收盘价,indicators_v1[wr115],CLEAN,NO,NO,
THS-SN-6.4,SN,6.4,缅甸发运占比（%）,none,0.0,,,MISSING,no_match,,no_match,N/A,N/A,N/A,
THS-SN-6.4,SN,6.4,印尼发运占比（%）,none,0.0,,,MISSING,no_match,,no_match,N/A,N/A,N/A,
THS-SN-6.4,SN,6.4,俄罗斯发运占比（%）,none,0.0,,,MISSING,no_match,,no_match,N/A,N/A,N/A,
THS-SN-6.4,SN,6.4,海外发运量时序图,none,0.0,,,MISSING,no_match,,no_match,N/A,N/A,N/A,
THS-SN-6.4,SN,6.4,海外发运量分国别时序图,none,0.0,,,MISSING,no_match,,no_match,N/A,N/A,N/A,
THS-SN-6.4,SN,6.4,发运天数时序图,none,0.0,,,MISSING,no_match,,no_match,N/A,N/A,N/A,
THS-SN-6.4,SN,6.4,发运量分国别结构占比时序图,none,0.0,,,MISSING,no_match,,no_match,N/A,N/A,N/A,
THS-SN-6.4,SN,6.4,海外发运量与发运天数时序图,none,0.0,,,MISSING,no_match,,no_match,N/A,N/A,N/A,
THS-SN-7.1,SN,7.1,冶炼成本（元/吨）,fuzzy_name,0.727,si_25_cost_smelt_2,ID01523500,FILLED,v1:fuzzy_name | fallback_variety=SI,工业硅冶炼成本,indicators_v1[si_25_cost_smelt_2],CLEAN,NO,NO,
THS-SN-7.1,SN,7.1,现金成本（元/吨）,fuzzy_name,0.727,si_71_cost_cash,ID02313934,FILLED,v1:fuzzy_name | fallback_variety=SI,工业硅现金成本,indicators_v1[si_71_cost_cash],CLEAN,NO,NO,
THS-SN-7.1,SN,7.1,加工费（元/吨）,fuzzy_name,0.75,TC,ID01001800,INVALID,v1:fuzzy_name→SN | meta_err:The read operation timed out,TC加工费,indicators_v1[TC],CLEAN,NO,NO,
THS-SN-7.1,SN,7.1,原料成本（元/吨）,zhiji_search,0.7,,ID01317632,VALID,search score=0.7 | zhiji=PTA：生产成本：中国（日）,PTA：生产成本：中国（日）,zhiji_note,CLEAN,NO,NO,
THS-SN-7.1,SN,7.1,电价（元/度）,fuzzy_name,0.571,si_71_power_4,ID01857551,FILLED,v1:fuzzy_name | fallback_variety=SI,工业硅电价,indicators_v1[si_71_power_4],CLEAN,NO,NO,
THS-SN-7.1,SN,7.1,能源成本（元/吨）,zhiji_search,0.7,,ID01317409,VALID,search score=0.7 | zhiji=LNG：生产成本：山西（周）,LNG：生产成本：山西（周）,zhiji_note,CLEAN,NO,NO,
THS-SN-7.1,SN,7.1,冶炼利润（元/吨）,fuzzy_name,0.727,si_25_profit_smelt_2,ID01528163,FILLED,v1:fuzzy_name | fallback_variety=SI,工业硅冶炼利润,indicators_v1[si_25_profit_smelt_2],CLEAN,NO,NO,
THS-SN-7.1,SN,7.1,分位成本（元/吨）,zhiji_search,0.7,,ID02373081,VALID,search score=0.7 | zhiji=斑块划痕：成本：芬兰（年）,斑块划痕：成本：芬兰（年）,zhiji_note,CLEAN,NO,NO,
THS-SN-7.1,SN,7.1,近3年同季成本均值（元/吨）,zhiji_search,0.7,,ID00180030,VALID,search score=0.7 | zhiji=干胶：RSS3：近月合约：国际市场：市场价：新加坡（年）,干胶：RSS3：近月合约：国际市场：市场价：新加坡（年）,zhiji_note,CLEAN,NO,NO,
THS-SN-7.1,SN,7.1,近3年同季成本标准差（元/吨）,zhiji_search,0.7,,CM00908664,VALID,search score=0.7 | zhiji=中国：3年期标准国开债远期合约：成交额（月）,中国：3年期标准国开债远期合约：成交额（月）,zhiji_note,CLEAN,NO,NO,
THS-SN-7.1,SN,7.1,近3年同季加工费均值（元/吨）,none,0.0,,,MISSING,no_match,,no_match,N/A,N/A,N/A,
THS-SN-7.1,SN,7.1,近3年同季加工费标准差（元/吨）,none,0.0,,,MISSING,no_match,,no_match,N/A,N/A,N/A,
THS-SN-7.1,SN,7.1,沪锡主力合约收盘价（元/吨）,fuzzy_name,0.737,wr115,FU00050085,FILLED,v1:fuzzy_name | fallback_variety=LI,碳酸锂 主力合约 收盘价,indicators_v1[wr115],CLEAN,NO,NO,
THS-SN-7.1,SN,7.1,现金成本时序图,fuzzy_name,0.571,si_71_cost_cash,ID02313934,FILLED,v1:fuzzy_name | fallback_variety=SI,工业硅现金成本,indicators_v1[si_71_cost_cash],CLEAN,NO,NO,
THS-SN-7.1,SN,7.1,冶炼利润时序图,fuzzy_name,0.571,si_25_profit_smelt_2,ID01528163,FILLED,v1:fuzzy_name | fallback_variety=SI,工业硅冶炼利润,indicators_v1[si_25_profit_smelt_2],CLEAN,NO,NO,
THS-SN-7.2,SN,7.2,冶炼利润（元/吨）,fuzzy_name,0.727,si_25_profit_smelt_2,ID01528163,FILLED,v1:fuzzy_name | fallback_variety=SI,工业硅冶炼利润,indicators_v1[si_25_profit_smelt_2],CLEAN,NO,NO,
THS-SN-7.2,SN,7.2,加工费（元/吨）,fuzzy_name,0.75,TC,ID01001800,INVALID,v1:fuzzy_name→SN | meta_err:The read operation timed out,TC加工费,indicators_v1[TC],CLEAN,NO,NO,
THS-SN-7.2,SN,7.2,原料成本（元/吨）,zhiji_search,0.7,,ID01317632,VALID,search score=0.7 | zhiji=PTA：生产成本：中国（日）,PTA：生产成本：中国（日）,zhiji_note,CLEAN,NO,NO,
THS-SN-7.2,SN,7.2,电价（元/度）,fuzzy_name,0.571,si_71_power_4,ID01857551,FILLED,v1:fuzzy_name | fallback_variety=SI,工业硅电价,indicators_v1[si_71_power_4],CLEAN,NO,NO,
THS-SN-7.2,SN,7.2,现金成本（元/吨）,fuzzy_name,0.727,si_71_cost_cash,ID02313934,FILLED,v1:fuzzy_name | fallback_variety=SI,工业硅现金成本,indicators_v1[si_71_cost_cash],CLEAN,NO,NO,
THS-SN-7.2,SN,7.2,分位成本（元/吨）,zhiji_search,0.7,,ID02373081,VALID,search score=0.7 | zhiji=斑块划痕：成本：芬兰（年）,斑块划痕：成本：芬兰（年）,zhiji_note,CLEAN,NO,NO,
THS-SN-7.2,SN,7.2,冶炼成本（元/吨）,fuzzy_name,0.727,si_25_cost_smelt_2,ID01523500,FILLED,v1:fuzzy_name | fallback_variety=SI,工业硅冶炼成本,indicators_v1[si_25_cost_smelt_2],CLEAN,NO,NO,
THS-SN-7.2,SN,7.2,能源成本（元/吨）,zhiji_search,0.7,,ID01317409,VALID,search score=0.7 | zhiji=LNG：生产成本：山西（周）,LNG：生产成本：山西（周）,zhiji_note,CLEAN,NO,NO,
THS-SN-7.2,SN,7.2,沪锡主力合约收盘价（元/吨）,fuzzy_name,0.737,wr115,FU00050085,FILLED,v1:fuzzy_name | fallback_variety=LI,碳酸锂 主力合约 收盘价,indicators_v1[wr115],CLEAN,NO,NO,
THS-SN-7.2,SN,7.2,近3年同月加工费均值（元/吨）,none,0.0,,,MISSING,no_match,,no_match,N/A,N/A,N/A,
THS-SN-7.2,SN,7.2,近3年同月加工费标准差（元/吨）,none,0.0,,,MISSING,no_match,,no_match,N/A,N/A,N/A,
THS-SN-7.2,SN,7.2,近3年同月冶炼成本均值（元/吨）,none,0.0,,,MISSING,no_match,,no_match,N/A,N/A,N/A,
THS-SN-7.2,SN,7.2,近3年同月冶炼成本标准差（元/吨）,none,0.0,,,MISSING,no_match,,no_match,N/A,N/A,N/A,
THS-SN-7.2,SN,7.2,冶炼利润时序图,fuzzy_name,0.571,si_25_profit_smelt_2,ID01528163,FILLED,v1:fuzzy_name | fallback_variety=SI,工业硅冶炼利润,indicators_v1[si_25_profit_smelt_2],CLEAN,NO,NO,
THS-SN-7.2,SN,7.2,锡锭冶炼利润时序图,zhiji_search,0.7,,LC00157805,VALID,search score=0.7 | zhiji=株洲冶炼集团：净利润（季）,株洲冶炼集团：净利润（季）,zhiji_note,CLEAN,NO,NO,
THS-SN-7.2,SN,7.2,现金成本时序图,fuzzy_name,0.571,si_71_cost_cash,ID02313934,FILLED,v1:fuzzy_name | fallback_variety=SI,工业硅现金成本,indicators_v1[si_71_cost_cash],CLEAN,NO,NO,
THS-SN-7.3,SN,7.3,电价（元/度）,fuzzy_name,0.571,si_71_power_4,ID01857551,FILLED,v1:fuzzy_name | fallback_variety=SI,工业硅电价,indicators_v1[si_71_power_4],CLEAN,NO,NO,
THS-SN-7.3,SN,7.3,煤价（元/吨）,none,0.0,,,MISSING,no_match,,no_match,N/A,N/A,N/A,
THS-SN-7.3,SN,7.3,锡精矿价格（元/吨）,fuzzy_name,0.667,li_71_spod_price_conc,ID01294969,FILLED,v1:fuzzy_name | fallback_variety=LI,锂辉石精矿价格,indicators_v1[li_71_spod_price_conc],CLEAN,NO,NO,
THS-SN-7.3,SN,7.3,再生锡价格（元/吨）,zhiji_search,0.7,,ID00303956,VALID,search score=0.7 | zhiji=锡：绝对价格指数：中国（周）,锡：绝对价格指数：中国（周）,zhiji_note,CLEAN,NO,NO,
THS-SN-7.3,SN,7.3,缅甸锡矿价格（元/吨）,none,0.0,,,MISSING,no_match,,no_match,N/A,N/A,N/A,
THS-SN-7.3,SN,7.3,加工费（元/吨）,fuzzy_name,0.75,TC,ID01001800,INVALID,v1:fuzzy_name→SN | meta_err:The read operation timed out,TC加工费,indicators_v1[TC],CLEAN,NO,NO,
THS-SN-7.3,SN,7.3,原料成本（元/吨）,zhiji_search,0.7,,ID01317632,VALID,search score=0.7 | zhiji=PTA：生产成本：中国（日）,PTA：生产成本：中国（日）,zhiji_note,CLEAN,NO,NO,
THS-SN-7.3,SN,7.3,能源成本（元/吨）,zhiji_search,0.7,,ID01317409,VALID,search score=0.7 | zhiji=LNG：生产成本：山西（周）,LNG：生产成本：山西（周）,zhiji_note,CLEAN,NO,NO,
THS-SN-7.3,SN,7.3,近3年同月价格均值（元/吨）,none,0.0,,,MISSING,no_match,,no_match,N/A,N/A,N/A,
THS-SN-7.3,SN,7.3,近3年同月价格标准差（元/吨）,none,0.0,,,MISSING,no_match,,no_match,N/A,N/A,N/A,
THS-SN-7.3,SN,7.3,沪锡主力合约收盘价（元/吨）,fuzzy_name,0.737,wr115,FU00050085,FILLED,v1:fuzzy_name | fallback_variety=LI,碳酸锂 主力合约 收盘价,indicators_v1[wr115],CLEAN,NO,NO,
THS-SN-7.3,SN,7.3,冶炼利润（元/吨）,fuzzy_name,0.727,si_25_profit_smelt_2,ID01528163,FILLED,v1:fuzzy_name | fallback_variety=SI,工业硅冶炼利润,indicators_v1[si_25_profit_smelt_2],CLEAN,NO,NO,
THS-SN-7.3,SN,7.3,电价时序图,none,0.0,,,MISSING,no_match,,no_match,N/A,N/A,N/A,
THS-SN-7.3,SN,7.3,锡精矿价格时序图,none,0.0,,,MISSING,no_match,,no_match,N/A,N/A,N/A,
THS-SN-7.3,SN,7.3,再生锡价格时序图,none,0.0,,,MISSING,no_match,,no_match,N/A,N/A,N/A,
THS-SN-7.3,SN,7.3,原料成本时序图,none,0.0,,,MISSING,no_match,,no_match,N/A,N/A,N/A,
THS-SN-7.3,SN,7.3,能源成本时序图,none,0.0,,,MISSING,no_match,,no_match,N/A,N/A,N/A,
THS-SN-7.3,SN,7.3,缅甸锡矿价格时序图,none,0.0,,,MISSING,no_match,,no_match,N/A,N/A,N/A,
THS-SN-7.3,SN,7.3,缅甸锡矿加工费TC时序图,zhiji_search,0.7,,ID01150770,VALID,search score=0.7 | zhiji=粗铜：进口：长单加工费（周）,粗铜：进口：长单加工费（周）,zhiji_note,CLEAN,NO,NO,
THS-ZN-2.1,ZN,2.1,锌主力合约收盘价（元/吨）,fuzzy_name,0.778,wr115,FU00050085,FILLED,v1:fuzzy_name | fallback_variety=LI,碳酸锂 主力合约 收盘价,indicators_v1[wr115],CLEAN,NO,NO,
THS-ZN-2.1,ZN,2.1,持仓量（手）,fuzzy_name,0.667,wr171,a10177562,FILLED,v1:fuzzy_name | fallback_variety=SN,沪锡总持仓量,indicators_v1[wr171],CLEAN,NO,NO,
THS-ZN-2.1,ZN,2.1,成交量（手）,fuzzy_name,0.667,pb_21_aux_10,FU00033061,FILLED,v1:fuzzy_name | fallback_variety=PB,成交量(日),indicators_v1[pb_21_aux_10],CLEAN,NO,NO,
THS-ZN-2.1,ZN,2.1,锌基差（元/吨）,zhiji_search,0.7,,FU00024317,VALID,search score=0.7 | zhiji=SHFE：锌：基差（日）,SHFE：锌：基差（日）,zhiji_note,CLEAN,NO,NO,
THS-ZN-2.1,ZN,2.1,现货升贴水（元/吨）,fuzzy_name,0.625,li_22_premium_battery_lc,a12751985,FILLED,v1:fuzzy_name | fallback_variety=LI,电池级碳酸锂现货升贴水,indicators_v1[li_22_premium_battery_lc],CLEAN,NO,NO,
THS-ZN-2.1,ZN,2.1,锌近月合约收盘价（元/吨）,fuzzy_name,0.933,li_24_close_near_2,a12841695,FILLED,v1:fuzzy_name | fallback_variety=LI,近月合约收盘价,indicators_v1[li_24_close_near_2],CLEAN,NO,NO,
THS-ZN-2.1,ZN,2.1,锌远月合约收盘价（元/吨）,fuzzy_name,0.8,li_24_close_near_2,a12841695,FILLED,v1:fuzzy_name | fallback_variety=LI,近月合约收盘价,indicators_v1[li_24_close_near_2],CLEAN,NO,NO,
THS-ZN-2.1,ZN,2.1,月差（元/吨）,zhiji_search,0.7,,CM00908649,VALID,search score=0.7 | zhiji=中国：标准债券远期合约：成交笔数与前值差（月）,中国：标准债券远期合约：成交笔数与前值差（月）,zhiji_note,CLEAN,NO,NO,
THS-ZN-2.1,ZN,2.1,锌仓单注册量（手）,zhiji_search,0.7,,FU00016165,VALID,search score=0.7 | zhiji=LME：锌：注册仓单（日）,LME：锌：注册仓单（日）,zhiji_note,CLEAN,NO,NO,
THS-ZN-2.1,ZN,2.1,上期所锌仓单量（手）,zhiji_search,0.7,,FU00120966,VALID,search score=0.7 | zhiji=证监会：锌：成交量同比：上期所（周）,证监会：锌：成交量同比：上期所（周）,zhiji_note,CLEAN,NO,NO,
THS-ZN-2.1,ZN,2.1,多空持仓比（%）,zhiji_search,0.7,,FU00108771,VALID,search score=0.7 | zhiji=CME：木材：期货：所有多头净持仓占比集中度：前4家及以下交易者（周）,CME：木材：期货：所有多头净持仓占比集中度：前4家及以下交易者（周）,zhiji_note,CLEAN,NO,NO,
THS-ZN-2.1,ZN,2.1,前20大多头持仓量（手）,fuzzy_name,0.706,li_26_openinterest_top20_short_2,FU00058209,FILLED,v1:fuzzy_name | fallback_variety=LI,空头前20持仓量,indicators_v1[li_26_openinterest_top20_short_2],CLEAN,NO,NO,
THS-ZN-2.1,ZN,2.1,前20大空头持仓量（手）,fuzzy_name,0.706,li_26_openinterest_top20_short_2,FU00058209,FILLED,v1:fuzzy_name | fallback_variety=LI,空头前20持仓量,indicators_v1[li_26_openinterest_top20_short_2],CLEAN,NO,NO,
THS-ZN-2.1,ZN,2.1,近3年同月收盘价均值（元/吨）,fuzzy_name,0.588,li_24_close_near_2,a12841695,FILLED,v1:fuzzy_name | fallback_variety=LI,近月合约收盘价,indicators_v1[li_24_close_near_2],CLEAN,NO,NO,
THS-ZN-2.1,ZN,2.1,近3年同月收盘价标准差（元/吨）,fuzzy_name,0.556,li_24_close_near_2,a12841695,FILLED,v1:fuzzy_name | fallback_variety=LI,近月合约收盘价,indicators_v1[li_24_close_near_2],CLEAN,NO,NO,
THS-ZN-2.1,ZN,2.1,锌进口盈亏（元/吨）,fuzzy_name,0.571,cu_21_import,ID01030232,FILLED,v1:fuzzy_name | fallback_variety=CU,铜：进口盈亏（日）,indicators_v1[cu_21_import],CLEAN,NO,NO,
THS-ZN-2.1,ZN,2.1,沪伦比（元/吨）,fuzzy_name,0.857,wr173,ID01895225,FILLED,v1:fuzzy_name | fallback_variety=SN,锡沪伦比,indicators_v1[wr173],CLEAN,NO,NO,
THS-ZN-2.2,ZN,2.2,锌基差（元/吨）,zhiji_search,0.7,,FU00024317,VALID,search score=0.7 | zhiji=SHFE：锌：基差（日）,SHFE：锌：基差（日）,zhiji_note,CLEAN,NO,NO,
THS-ZN-2.2,ZN,2.2,现货升贴水（元/吨）,fuzzy_name,0.625,li_22_premium_battery_lc,a12751985,FILLED,v1:fuzzy_name | fallback_variety=LI,电池级碳酸锂现货升贴水,indicators_v1[li_22_premium_battery_lc],CLEAN,NO,NO,
THS-ZN-2.2,ZN,2.2,锌近月合约收盘价（元/吨）,fuzzy_name,0.933,li_24_close_near_2,a12841695,FILLED,v1:fuzzy_name | fallback_variety=LI,近月合约收盘价,indicators_v1[li_24_close_near_2],CLEAN,NO,NO,
THS-ZN-2.2,ZN,2.2,锌远月合约收盘价（元/吨）,fuzzy_name,0.8,li_24_close_near_2,a12841695,FILLED,v1:fuzzy_name | fallback_variety=LI,近月合约收盘价,indicators_v1[li_24_close_near_2],CLEAN,NO,NO,
THS-ZN-2.2,ZN,2.2,月差（元/吨）,zhiji_search,0.7,,CM00908649,VALID,search score=0.7 | zhiji=中国：标准债券远期合约：成交笔数与前值差（月）,中国：标准债券远期合约：成交笔数与前值差（月）,zhiji_note,CLEAN,NO,NO,
THS-ZN-2.2,ZN,2.2,锌进口盈亏（元/吨）,fuzzy_name,0.571,cu_21_import,ID01030232,FILLED,v1:fuzzy_name | fallback_variety=CU,铜：进口盈亏（日）,indicators_v1[cu_21_import],CLEAN,NO,NO,
THS-ZN-2.2,ZN,2.2,沪伦比（元/吨）,fuzzy_name,0.857,wr173,ID01895225,FILLED,v1:fuzzy_name | fallback_variety=SN,锡沪伦比,indicators_v1[wr173],CLEAN,NO,NO,
THS-ZN-2.2,ZN,2.2,锌仓单注册量（手）,zhiji_search,0.7,,FU00016165,VALID,search score=0.7 | zhiji=LME：锌：注册仓单（日）,LME：锌：注册仓单（日）,zhiji_note,CLEAN,NO,NO,
THS-ZN-2.2,ZN,2.2,上期所锌仓单量（手）,zhiji_search,0.7,,FU00120966,VALID,search score=0.7 | zhiji=证监会：锌：成交量同比：上期所（周）,证监会：锌：成交量同比：上期所（周）,zhiji_note,CLEAN,NO,NO,
THS-ZN-2.2,ZN,2.2,上海锌现货升贴水（元/吨）,fuzzy_name,0.737,j22_premium,a10017061,FILLED,v1:fuzzy_name | fallback_variety=PB,SMM 上海铅现货升贴水,indicators_v1[j22_premium],CLEAN,NO,NO,
THS-ZN-2.2,ZN,2.2,广东锌现货升贴水（元/吨）,none,0.0,,,MISSING,no_match,,no_match,N/A,N/A,N/A,
THS-ZN-2.2,ZN,2.2,天津锌现货升贴水（元/吨）,none,0.0,,,MISSING,no_match,,no_match,N/A,N/A,N/A,
THS-ZN-2.2,ZN,2.2,锌现货升贴水（元/吨）,fuzzy_name,0.588,li_22_premium_battery_lc,a12751985,FILLED,v1:fuzzy_name | fallback_variety=LI,电池级碳酸锂现货升贴水,indicators_v1[li_22_premium_battery_lc],CLEAN,NO,NO,
THS-ZN-2.2,ZN,2.2,近3年同月升贴水均值（元/吨）,zhiji_search,0.7,,ID01207369,VALID,search score=0.7 | zhiji=大豆：巴西产：CNF升贴水：3月交货（日）,大豆：巴西产：CNF升贴水：3月交货（日）,zhiji_note,CLEAN,NO,NO,
THS-ZN-2.2,ZN,2.2,近3年同月升贴水标准差（元/吨）,zhiji_search,0.7,,ID01207369,VALID,search score=0.7 | zhiji=大豆：巴西产：CNF升贴水：3月交货（日）,大豆：巴西产：CNF升贴水：3月交货（日）,zhiji_note,CLEAN,NO,NO,
THS-ZN-2.2,ZN,2.2,锌主力合约收盘价（元/吨）,fuzzy_name,0.778,wr115,FU00050085,FILLED,v1:fuzzy_name | fallback_variety=LI,碳酸锂 主力合约 收盘价,indicators_v1[wr115],CLEAN,NO,NO,
THS-ZN-2.2,ZN,2.2,LME锌库存（手）,fuzzy_name,0.909,LME库存,FU00014815,VALID,v1:fuzzy_name→ZN | zhiji=LME：镍：期货库存（日）,LME：镍：期货库存（日）,zhiji_note,CLEAN,NO,NO,
THS-ZN-2.3,ZN,2.3,LME锌收盘价（美元/吨）,fuzzy_name,0.7,zn_23_lme_3m,a10017942,VALID,v1:fuzzy_name→ZN | zhiji=None,None,zhiji_note,CLEAN,NO,NO,
THS-ZN-2.3,ZN,2.3,COMEX锌收盘价（美元/吨）,fuzzy_name,0.571,cu_24_comex_close_far,FU00015546,FILLED,v1:fuzzy_name | fallback_variety=CU,COMEX：铜：主力合约：收盘价（日）,indicators_v1[cu_24_comex_close_far],CLEAN,NO,NO,
THS-ZN-2.3,ZN,2.3,沪伦比（元/吨）,fuzzy_name,0.857,wr173,ID01895225,FILLED,v1:fuzzy_name | fallback_variety=SN,锡沪伦比,indicators_v1[wr173],CLEAN,NO,NO,
THS-ZN-2.3,ZN,2.3,锌主力合约收盘价（元/吨）,fuzzy_name,0.778,wr115,FU00050085,FILLED,v1:fuzzy_name | fallback_variety=LI,碳酸锂 主力合约 收盘价,indicators_v1[wr115],CLEAN,NO,NO,
THS-ZN-2.3,ZN,2.3,锌进口盈亏（元/吨）,fuzzy_name,0.571,cu_21_import,ID01030232,FILLED,v1:fuzzy_name | fallback_variety=CU,铜：进口盈亏（日）,indicators_v1[cu_21_import],CLEAN,NO,NO,
THS-ZN-2.3,ZN,2.3,LME锌库存（手）,fuzzy_name,0.909,LME库存,FU00014815,VALID,v1:fuzzy_name→ZN | zhiji=LME：镍：期货库存（日）,LME：镍：期货库存（日）,zhiji_note,CLEAN,NO,NO,
THS-ZN-2.3,ZN,2.3,LME锌仓单注册量（手）,fuzzy_name,0.588,i7,a10193711,FILLED,v1:fuzzy_name | fallback_variety=PB,LME铅注销仓单,indicators_v1[i7],CLEAN,NO,NO,
THS-ZN-2.3,ZN,2.3,LME锌现货升贴水（美元/吨）,fuzzy_name,0.75,wr168,j02797784,FILLED,v1:fuzzy_name | fallback_variety=SN,LME锡升贴水,indicators_v1[wr168],CLEAN,NO,NO,
THS-ZN-2.3,ZN,2.3,近3年同月收盘价均值（美元/吨）,fuzzy_name,0.588,li_24_close_near_2,a12841695,FILLED,v1:fuzzy_name | fallback_variety=LI,近月合约收盘价,indicators_v1[li_24_close_near_2],CLEAN,NO,NO,
THS-ZN-2.3,ZN,2.3,近3年同月收盘价标准差（美元/吨）,fuzzy_name,0.556,li_24_close_near_2,a12841695,FILLED,v1:fuzzy_name | fallback_variety=LI,近月合约收盘价,indicators_v1[li_24_close_near_2],CLEAN,NO,NO,
THS-ZN-2.3,ZN,2.3,沪锌主力合约收盘价（元/吨）,fuzzy_name,0.737,wr115,FU00050085,FILLED,v1:fuzzy_name | fallback_variety=LI,碳酸锂 主力合约 收盘价,indicators_v1[wr115],CLEAN,NO,NO,
THS-ZN-2.4,ZN,2.4,锌近月合约收盘价（元/吨）,fuzzy_name,0.933,li_24_close_near_2,a12841695,FILLED,v1:fuzzy_name | fallback_variety=LI,近月合约收盘价,indicators_v1[li_24_close_near_2],CLEAN,NO,NO,
THS-ZN-2.4,ZN,2.4,锌远月合约收盘价（元/吨）,fuzzy_name,0.8,li_24_close_near_2,a12841695,FILLED,v1:fuzzy_name | fallback_variety=LI,近月合约收盘价,indicators_v1[li_24_close_near_2],CLEAN,NO,NO,
THS-ZN-2.4,ZN,2.4,月差（元/吨）,zhiji_search,0.7,,CM00908649,VALID,search score=0.7 | zhiji=中国：标准债券远期合约：成交笔数与前值差（月）,中国：标准债券远期合约：成交笔数与前值差（月）,zhiji_note,CLEAN,NO,NO,
THS-ZN-2.4,ZN,2.4,锌次近月合约收盘价（元/吨）,fuzzy_name,0.875,li_24_close_near_2,a12841695,FILLED,v1:fuzzy_name | fallback_variety=LI,近月合约收盘价,indicators_v1[li_24_close_near_2],CLEAN,NO,NO,
THS-ZN-2.4,ZN,2.4,期限结构斜率（元/吨/月）,none,0.0,,,MISSING,no_match,,no_match,N/A,N/A,N/A,
THS-ZN-2.4,ZN,2.4,锌仓单注册量（手）,zhiji_search,0.7,,FU00016165,VALID,search score=0.7 | zhiji=LME：锌：注册仓单（日）,LME：锌：注册仓单（日）,zhiji_note,CLEAN,NO,NO,
THS-ZN-2.4,ZN,2.4,LME锌库存（手）,fuzzy_name,0.909,LME库存,FU00014815,VALID,v1:fuzzy_name→ZN | zhiji=LME：镍：期货库存（日）,LME：镍：期货库存（日）,zhiji_note,CLEAN,NO,NO,
THS-ZN-2.4,ZN,2.4,锌月差（元/吨）,none,0.0,,,MISSING,no_match,,no_match,N/A,N/A,N/A,
THS-ZN-2.4,ZN,2.4,沪伦比（元/吨）,fuzzy_name,0.857,wr173,ID01895225,FILLED,v1:fuzzy_name | fallback_variety=SN,锡沪伦比,indicators_v1[wr173],CLEAN,NO,NO,
THS-ZN-2.4,ZN,2.4,锌进口盈亏（元/吨）,fuzzy_name,0.571,cu_21_import,ID01030232,FILLED,v1:fuzzy_name | fallback_variety=CU,铜：进口盈亏（日）,indicators_v1[cu_21_import],CLEAN,NO,NO,
THS-ZN-2.4,ZN,2.4,近3年同月月差均值（元/吨）,zhiji_search,0.7,,CM00908669,VALID,search score=0.7 | zhiji=中国：3年期标准国开债远期合约：成交额与前值差（月）,中国：3年期标准国开债远期合约：成交额与前值差（月）,zhiji_note,CLEAN,NO,NO,
THS-ZN-2.4,ZN,2.4,近3年同月月差标准差（元/吨）,zhiji_search,0.7,,CM00908669,VALID,search score=0.7 | zhiji=中国：3年期标准国开债远期合约：成交额与前值差（月）,中国：3年期标准国开债远期合约：成交额与前值差（月）,zhiji_note,CLEAN,NO,NO,
THS-ZN-2.4,ZN,2.4,锌期限结构斜率（元/吨/月）,none,0.0,,,MISSING,no_match,,no_match,N/A,N/A,N/A,
THS-ZN-2.4,ZN,2.4,近3年同期斜率分位（%）,none,0.0,,,MISSING,no_match,,no_match,N/A,N/A,N/A,
THS-ZN-2.5,ZN,2.5,电解锌冶炼利润（元/吨）,fuzzy_name,0.571,si_25_profit_smelt_2,ID01528163,FILLED,v1:fuzzy_name | fallback_variety=SI,工业硅冶炼利润,indicators_v1[si_25_profit_smelt_2],CLEAN,NO,NO,
THS-ZN-2.5,ZN,2.5,沪锌主力合约收盘价（元/吨）,fuzzy_name,0.737,wr115,FU00050085,FILLED,v1:fuzzy_name | fallback_variety=LI,碳酸锂 主力合约 收盘价,indicators_v1[wr115],CLEAN,NO,NO,
THS-ZN-2.5,ZN,2.5,锌精矿成本（元/吨）,none,0.0,,,MISSING,no_match,,no_match,N/A,N/A,N/A,
THS-ZN-2.5,ZN,2.5,锌精矿加工费（元/吨）,none,0.0,,,MISSING,no_match,,no_match,N/A,N/A,N/A,
THS-ZN-2.5,ZN,2.5,锌精矿TC（美元/吨干矿）,fuzzy_key,0.571,TC,ID01320080,VALID,v1:fuzzy_key→ZN | zhiji=锌精矿：50%Zn：加工费：昆明（日）,锌精矿：50%Zn：加工费：昆明（日）,zhiji_note,CLEAN,NO,NO,
THS-ZN-2.5,ZN,2.5,锌冶炼估值分位（%）,zhiji_search,0.7,,ID01167306,VALID,search score=0.7 | zhiji=锌：冶炼厂：成品库存：中国（周）,锌：冶炼厂：成品库存：中国（周）,zhiji_note,CLEAN,NO,NO,
THS-ZN-2.5,ZN,2.5,电解锌现金成本（元/吨）,fuzzy_name,0.571,si_71_cost_cash,ID02313934,FILLED,v1:fuzzy_name | fallback_variety=SI,工业硅现金成本,indicators_v1[si_71_cost_cash],CLEAN,NO,NO,
THS-ZN-2.5,ZN,2.5,锌冶炼利润分位（%）,fuzzy_name,0.571,si_25_profit_smelt_2,ID01528163,FILLED,v1:fuzzy_name | fallback_variety=SI,工业硅冶炼利润,indicators_v1[si_25_profit_smelt_2],CLEAN,NO,NO,
THS-ZN-2.5,ZN,2.5,近3年同期利润均值（元/吨）,zhiji_search,0.7,,ID00180030,VALID,search score=0.7 | zhiji=干胶：RSS3：近月合约：国际市场：市场价：新加坡（年）,干胶：RSS3：近月合约：国际市场：市场价：新加坡（年）,zhiji_note,CLEAN,NO,NO,
THS-ZN-2.5,ZN,2.5,再生锌冶炼利润（元/吨）,fuzzy_name,0.571,si_25_profit_smelt_2,ID01528163,FILLED,v1:fuzzy_name | fallback_variety=SI,工业硅冶炼利润,indicators_v1[si_25_profit_smelt_2],CLEAN,NO,NO,
THS-ZN-2.5,ZN,2.5,锌合金冶炼利润（元/吨）,fuzzy_name,0.571,si_25_profit_smelt_2,ID01528163,FILLED,v1:fuzzy_name | fallback_variety=SI,工业硅冶炼利润,indicators_v1[si_25_profit_smelt_2],CLEAN,NO,NO,
THS-ZN-2.5,ZN,2.5,近3年同月利润均值（元/吨）,zhiji_search,0.7,,ID00180030,VALID,search score=0.7 | zhiji=干胶：RSS3：近月合约：国际市场：市场价：新加坡（年）,干胶：RSS3：近月合约：国际市场：市场价：新加坡（年）,zhiji_note,CLEAN,NO,NO,
THS-ZN-2.5,ZN,2.5,近3年同月利润标准差（元/吨）,zhiji_search,0.7,,LC00110187,VALID,search score=0.7 | zhiji=罗莱生活：分产品：标准套件：利润率（半年）,罗莱生活：分产品：标准套件：利润率（半年）,zhiji_note,CLEAN,NO,NO,
THS-ZN-2.6,ZN,2.6,前20大多头持仓量（手）,fuzzy_name,0.706,li_26_openinterest_top20_short_2,FU00058209,FILLED,v1:fuzzy_name | fallback_variety=LI,空头前20持仓量,indicators_v1[li_26_openinterest_top20_short_2],CLEAN,NO,NO,
THS-ZN-2.6,ZN,2.6,前20大空头持仓量（手）,fuzzy_name,0.706,li_26_openinterest_top20_short_2,FU00058209,FILLED,v1:fuzzy_name | fallback_variety=LI,空头前20持仓量,indicators_v1[li_26_openinterest_top20_short_2],CLEAN,NO,NO,
THS-ZN-2.6,ZN,2.6,多空持仓比（%）,zhiji_search,0.7,,FU00108771,VALID,search score=0.7 | zhiji=CME：木材：期货：所有多头净持仓占比集中度：前4家及以下交易者（周）,CME：木材：期货：所有多头净持仓占比集中度：前4家及以下交易者（周）,zhiji_note,CLEAN,NO,NO,
THS-ZN-2.6,ZN,2.6,前20大净持仓量（手）,fuzzy_name,0.75,li_26_openinterest_top20_short_2,FU00058209,FILLED,v1:fuzzy_name | fallback_variety=LI,空头前20持仓量,indicators_v1[li_26_openinterest_top20_short_2],CLEAN,NO,NO,
THS-ZN-2.6,ZN,2.6,沪锌主力合约收盘价（元/吨）,fuzzy_name,0.737,wr115,FU00050085,FILLED,v1:fuzzy_name | fallback_variety=LI,碳酸锂 主力合约 收盘价,indicators_v1[wr115],CLEAN,NO,NO,
THS-ZN-2.6,ZN,2.6,近3年同月净持仓量均值（手）,none,0.0,,,MISSING,no_match,,no_match,N/A,N/A,N/A,
THS-ZN-2.6,ZN,2.6,近3年同月净持仓量标准差（手）,none,0.0,,,MISSING,no_match,,no_match,N/A,N/A,N/A,
THS-ZN-2.6,ZN,2.6,锌冶炼估值分位（%）,zhiji_search,0.7,,ID01167306,VALID,search score=0.7 | zhiji=锌：冶炼厂：成品库存：中国（周）,锌：冶炼厂：成品库存：中国（周）,zhiji_note,CLEAN,NO,NO,
THS-ZN-2.6,ZN,2.6,总持仓量（手）,fuzzy_name,0.8,wr171,a10177562,FILLED,v1:fuzzy_name | fallback_variety=SN,沪锡总持仓量,indicators_v1[wr171],CLEAN,NO,NO,
THS-ZN-2.6,ZN,2.6,成交量（手）,fuzzy_name,0.667,pb_21_aux_10,FU00033061,FILLED,v1:fuzzy_name | fallback_variety=PB,成交量(日),indicators_v1[pb_21_aux_10],CLEAN,NO,NO,
THS-ZN-2.6,ZN,2.6,LME锌库存（手）,fuzzy_name,0.909,LME库存,FU00014815,VALID,v1:fuzzy_name→ZN | zhiji=LME：镍：期货库存（日）,LME：镍：期货库存（日）,zhiji_note,CLEAN,NO,NO,
THS-ZN-3.1.1,ZN,3.1.1,海外锌矿产量（万吨）,fuzzy_name,0.6,li_31_capacity,a12715541,FILLED,v1:fuzzy_name | fallback_variety=LI,海外产能,indicators_v1[li_31_capacity],CLEAN,NO,NO,
THS-ZN-3.1.1,ZN,3.1.1,海外锌矿加工费TC（美元/吨干矿）,none,0.0,,,MISSING,no_match,,no_match,N/A,N/A,N/A,
THS-ZN-3.1.1,ZN,3.1.1,海外锌精炼产量（万吨）,fuzzy_name,0.727,精炼产量,ID01510883,VALID,v1:fuzzy_name→ZN | zhiji=精炼锌：产量：中国（月）,精炼锌：产量：中国（月）,zhiji_note,CLEAN,NO,NO,
THS-ZN-3.1.1,ZN,3.1.1,海外锌矿开工率（%）,fuzzy_name,0.6,开工率,a10097188,VALID,v1:fuzzy_name→ZN | zhiji=None,None,zhiji_note,CLEAN,NO,NO,
THS-ZN-3.1.1,ZN,3.1.1,海外锌矿产能利用率（%）,fuzzy_name,0.615,li_31_capacity,a12715541,FILLED,v1:fuzzy_name | fallback_variety=LI,海外产能,indicators_v1[li_31_capacity],CLEAN,NO,NO,
THS-ZN-3.1.1,ZN,3.1.1,海外锌矿产能（万吨）,fuzzy_name,0.8,li_31_capacity,a12715541,FILLED,v1:fuzzy_name | fallback_variety=LI,海外产能,indicators_v1[li_31_capacity],CLEAN,NO,NO,
THS-ZN-3.1.1,ZN,3.1.1,海外锌矿检修量（万吨）,none,0.0,,,MISSING,no_match,,no_match,N/A,N/A,N/A,
THS-ZN-3.1.1,ZN,3.1.1,海外锌矿进口量（万吨）,fuzzy_name,0.588,i40,a10017055,FILLED,v1:fuzzy_name | fallback_variety=PB,中国海关铅精矿进口量,indicators_v1[i40],CLEAN,NO,NO,
THS-ZN-3.1.1,ZN,3.1.1,海外锌矿进口量分国别（万吨）,fuzzy_name,0.667,li_61_by_country_import_conc_3,ID02038530,INVALID,v1:fuzzy_name | fallback_invalid,锂精矿进口分国别,indicators_v1[li_61_by_country_import_conc_3],CLEAN,NO,NO,
THS-ZN-3.1.1,ZN,3.1.1,海外锌矿再生产量（万吨）,none,0.0,,,MISSING,no_match,,no_match,N/A,N/A,N/A,
THS-ZN-3.1.1,ZN,3.1.1,近3年同季产量均值（万吨）,none,0.0,,,MISSING,no_match,,no_match,N/A,N/A,N/A,
THS-ZN-3.1.1,ZN,3.1.1,近3年同季产量标准差（万吨）,zhiji_search,0.7,,ID00317315,VALID,search score=0.7 | zhiji=热轧普碳钢：标准轨道钢：产量：日本（年）,热轧普碳钢：标准轨道钢：产量：日本（年）,zhiji_note,CLEAN,NO,NO,
THS-ZN-3.1.2,ZN,3.1.2,秘鲁锌矿产量（万吨）,none,0.0,,,MISSING,no_match,,no_match,N/A,N/A,N/A,
THS-ZN-3.1.2,ZN,3.1.2,澳大利亚锌矿产量（万吨）,none,0.0,,,MISSING,no_match,,no_match,N/A,N/A,N/A,
THS-ZN-3.1.2,ZN,3.1.2,印度锌矿产量（万吨）,none,0.0,,,MISSING,no_match,,no_match,N/A,N/A,N/A,
THS-ZN-3.1.2,ZN,3.1.2,南非锌矿产量（万吨）,none,0.0,,,MISSING,no_match,,no_match,N/A,N/A,N/A,
THS-ZN-3.1.2,ZN,3.1.2,秘鲁锌精炼产量（万吨）,fuzzy_name,0.727,精炼产量,ID01510883,VALID,v1:fuzzy_name→ZN | zhiji=精炼锌：产量：中国（月）,精炼锌：产量：中国（月）,zhiji_note,CLEAN,NO,NO,
THS-ZN-3.1.2,ZN,3.1.2,澳大利亚锌精炼产量（万吨）,fuzzy_name,0.615,精炼产量,ID01510883,VALID,v1:fuzzy_name→ZN | zhiji=精炼锌：产量：中国（月）,精炼锌：产量：中国（月）,zhiji_note,CLEAN,NO,NO,
THS-ZN-3.1.2,ZN,3.1.2,印度锌精炼产量（万吨）,fuzzy_name,0.727,精炼产量,ID01510883,VALID,v1:fuzzy_name→ZN | zhiji=精炼锌：产量：中国（月）,精炼锌：产量：中国（月）,zhiji_note,CLEAN,NO,NO,
THS-ZN-3.1.2,ZN,3.1.2,南非锌精炼产量（万吨）,fuzzy_name,0.727,精炼产量,ID01510883,VALID,v1:fuzzy_name→ZN | zhiji=精炼锌：产量：中国（月）,精炼锌：产量：中国（月）,zhiji_note,CLEAN,NO,NO,
THS-ZN-3.1.2,ZN,3.1.2,秘鲁锌矿开工率（%）,fuzzy_name,0.6,开工率,a10097188,VALID,v1:fuzzy_name→ZN | zhiji=None,None,zhiji_note,CLEAN,NO,NO,
THS-ZN-3.1.2,ZN,3.1.2,澳大利亚锌矿开工率（%）,none,0.0,,,MISSING,no_match,,no_match,N/A,N/A,N/A,
THS-ZN-3.1.2,ZN,3.1.2,印度锌矿开工率（%）,fuzzy_name,0.6,开工率,a10097188,VALID,v1:fuzzy_name→ZN | zhiji=None,None,zhiji_note,CLEAN,NO,NO,
THS-ZN-3.1.2,ZN,3.1.2,南非锌矿开工率（%）,fuzzy_name,0.6,开工率,a10097188,VALID,v1:fuzzy_name→ZN | zhiji=None,None,zhiji_note,CLEAN,NO,NO,
THS-ZN-3.1.2,ZN,3.1.2,秘鲁锌矿产能利用率（%）,none,0.0,,,MISSING,no_match,,no_match,N/A,N/A,N/A,
THS-ZN-3.1.2,ZN,3.1.2,澳大利亚锌矿产能利用率（%）,none,0.0,,,MISSING,no_match,,no_match,N/A,N/A,N/A,
THS-ZN-3.1.2,ZN,3.1.2,印度锌矿产能利用率（%）,none,0.0,,,MISSING,no_match,,no_match,N/A,N/A,N/A,
THS-ZN-3.1.2,ZN,3.1.2,南非锌矿产能利用率（%）,none,0.0,,,MISSING,no_match,,no_match,N/A,N/A,N/A,
THS-ZN-3.1.2,ZN,3.1.2,秘鲁锌矿检修量（万吨）,none,0.0,,,MISSING,no_match,,no_match,N/A,N/A,N/A,
THS-ZN-3.1.2,ZN,3.1.2,澳大利亚锌矿检修量（万吨）,none,0.0,,,MISSING,no_match,,no_match,N/A,N/A,N/A,
THS-ZN-3.1.2,ZN,3.1.2,印度锌矿检修量（万吨）,none,0.0,,,MISSING,no_match,,no_match,N/A,N/A,N/A,
THS-ZN-3.1.2,ZN,3.1.2,南非锌矿检修量（万吨）,none,0.0,,,MISSING,no_match,,no_match,N/A,N/A,N/A,
THS-ZN-3.1.2,ZN,3.1.2,秘鲁锌矿进口量（万吨）,fuzzy_name,0.571,wr188,a10003098,FILLED,v1:fuzzy_name | fallback_variety=SN,国内锡矿进口量,indicators_v1[wr188],CLEAN,NO,NO,
THS-ZN-3.1.2,ZN,3.1.2,澳大利亚锌矿进口量（万吨）,fuzzy_name,0.556,wr185,a12764410,FILLED,v1:fuzzy_name | fallback_variety=SN,马来西亚锡矿进口量,indicators_v1[wr185],CLEAN,NO,NO,
THS-ZN-3.1.2,ZN,3.1.2,印度锌矿进口量（万吨）,fuzzy_name,0.714,wr190,a12840355,FILLED,v1:fuzzy_name | fallback_variety=SN,印度锡净进口量,indicators_v1[wr190],CLEAN,NO,NO,
THS-ZN-3.1.2,ZN,3.1.2,南非锌矿进口量（万吨）,fuzzy_name,0.571,wr188,a10003098,FILLED,v1:fuzzy_name | fallback_variety=SN,国内锡矿进口量,indicators_v1[wr188],CLEAN,NO,NO,
THS-ZN-3.1.2,ZN,3.1.2,秘鲁锌矿再生产量（万吨）,none,0.0,,,MISSING,no_match,,no_match,N/A,N/A,N/A,
THS-ZN-3.1.2,ZN,3.1.2,澳大利亚锌矿再生产量（万吨）,none,0.0,,,MISSING,no_match,,no_match,N/A,N/A,N/A,
THS-ZN-3.1.2,ZN,3.1.2,印度锌矿再生产量（万吨）,none,0.0,,,MISSING,no_match,,no_match,N/A,N/A,N/A,
THS-ZN-3.1.2,ZN,3.1.2,南非锌矿再生产量（万吨）,none,0.0,,,MISSING,no_match,,no_match,N/A,N/A,N/A,
THS-ZN-3.1.2,ZN,3.1.2,近3年同月秘鲁产量均值（万吨）,none,0.0,,,MISSING,no_match,,no_match,N/A,N/A,N/A,
THS-ZN-3.1.2,ZN,3.1.2,近3年同月秘鲁产量标准差（万吨）,none,0.0,,,MISSING,no_match,,no_match,N/A,N/A,N/A,
THS-ZN-3.1.3,ZN,3.1.3,国内锌矿产量（万吨）,fuzzy_name,0.833,wr187,ID00299777,FILLED,v1:fuzzy_name | fallback_variety=SN,国内锡矿产量,indicators_v1[wr187],CLEAN,NO,NO,
THS-ZN-3.1.3,ZN,3.1.3,国内锌矿加工费TC（美元/吨干矿）,none,0.0,,,MISSING,no_match,,no_match,N/A,N/A,N/A,
THS-ZN-3.1.3,ZN,3.1.3,国内锌矿开工率（%）,fuzzy_name,0.769,wr197,a10113278,FILLED,v1:fuzzy_name | fallback_variety=SN,国内锡开工率,indicators_v1[wr197],CLEAN,NO,NO,
THS-ZN-3.1.3,ZN,3.1.3,国内锌矿产能利用率（%）,fuzzy_name,0.632,si_313_util_capacity,ID01445977,FILLED,v1:fuzzy_name | fallback_variety=SI,中国工业硅产能利用率,indicators_v1[si_313_util_capacity],CLEAN,NO,NO,
THS-ZN-3.1.3,ZN,3.1.3,国内锌矿产能（万吨）,fuzzy_name,0.667,wr187,ID00299777,FILLED,v1:fuzzy_name | fallback_variety=SN,国内锡矿产量,indicators_v1[wr187],CLEAN,NO,NO,
THS-ZN-3.1.3,ZN,3.1.3,国内锌矿检修量（万吨）,fuzzy_name,0.615,wr187,ID00299777,FILLED,v1:fuzzy_name | fallback_variety=SN,国内锡矿产量,indicators_v1[wr187],CLEAN,NO,NO,
THS-ZN-3.1.3,ZN,3.1.3,国内锌矿进口量（万吨）,fuzzy_name,0.857,wr188,a10003098,FILLED,v1:fuzzy_name | fallback_variety=SN,国内锡矿进口量,indicators_v1[wr188],CLEAN,NO,NO,
THS-ZN-3.1.3,ZN,3.1.3,国内锌矿进口量分国别（万吨）,fuzzy_name,0.706,wr188,a10003098,FILLED,v1:fuzzy_name | fallback_variety=SN,国内锡矿进口量,indicators_v1[wr188],CLEAN,NO,NO,
THS-ZN-3.1.3,ZN,3.1.3,国内锌矿再生产量（万吨）,fuzzy_name,0.8,wr196,a12731582,FILLED,v1:fuzzy_name | fallback_variety=SN,国内再生锡产量,indicators_v1[wr196],CLEAN,NO,NO,
THS-ZN-3.1.3,ZN,3.1.3,近3年同月产量均值（万吨）,zhiji_search,0.7,,ID00180030,VALID,search score=0.7 | zhiji=干胶：RSS3：近月合约：国际市场：市场价：新加坡（年）,干胶：RSS3：近月合约：国际市场：市场价：新加坡（年）,zhiji_note,CLEAN,NO,NO,
THS-ZN-3.1.3,ZN,3.1.3,近3年同月产量标准差（万吨）,zhiji_search,0.7,,ID00317315,VALID,search score=0.7 | zhiji=热轧普碳钢：标准轨道钢：产量：日本（年）,热轧普碳钢：标准轨道钢：产量：日本（年）,zhiji_note,CLEAN,NO,NO,
THS-ZN-3.1.3,ZN,3.1.3,国内锌矿TC（美元/吨干矿）,none,0.0,,,MISSING,no_match,,no_match,N/A,N/A,N/A,
THS-ZN-3.1.4,ZN,3.1.4,国内锌矿进口总量（万吨）,fuzzy_name,0.8,wr188,a10003098,FILLED,v1:fuzzy_name | fallback_variety=SN,国内锡矿进口量,indicators_v1[wr188],CLEAN,NO,NO,
THS-ZN-3.1.4,ZN,3.1.4,锌矿TC（美元/吨干矿）,fuzzy_key,0.667,TC,ID01320080,VALID,v1:fuzzy_key→ZN | zhiji=锌精矿：50%Zn：加工费：昆明（日）,锌精矿：50%Zn：加工费：昆明（日）,zhiji_note,CLEAN,NO,NO,
THS-ZN-3.1.4,ZN,3.1.4,秘鲁锌矿进口量（万吨）,fuzzy_name,0.571,wr188,a10003098,FILLED,v1:fuzzy_name | fallback_variety=SN,国内锡矿进口量,indicators_v1[wr188],CLEAN,NO,NO,
THS-ZN-3.1.4,ZN,3.1.4,澳大利亚锌矿进口量（万吨）,fuzzy_name,0.556,wr185,a12764410,FILLED,v1:fuzzy_name | fallback_variety=SN,马来西亚锡矿进口量,indicators_v1[wr185],CLEAN,NO,NO,
THS-ZN-3.1.4,ZN,3.1.4,印度锌矿进口量（万吨）,fuzzy_name,0.714,wr190,a12840355,FILLED,v1:fuzzy_name | fallback_variety=SN,印度锡净进口量,indicators_v1[wr190],CLEAN,NO,NO,
THS-ZN-3.1.4,ZN,3.1.4,南非锌矿进口量（万吨）,fuzzy_name,0.571,wr188,a10003098,FILLED,v1:fuzzy_name | fallback_variety=SN,国内锡矿进口量,indicators_v1[wr188],CLEAN,NO,NO,
THS-ZN-3.1.4,ZN,3.1.4,锌矿进口盈亏（元/吨）,zhiji_search,0.7,,ID01030232,VALID,search score=0.7 | zhiji=铜：进口盈亏（日）,铜：进口盈亏（日）,zhiji_note,CLEAN,NO,NO,
THS-ZN-3.1.4,ZN,3.1.4,沪伦比（元/吨）,fuzzy_name,0.857,wr173,ID01895225,FILLED,v1:fuzzy_name | fallback_variety=SN,锡沪伦比,indicators_v1[wr173],CLEAN,NO,NO,
THS-ZN-3.1.4,ZN,3.1.4,锌矿进口量（万吨）,fuzzy_name,0.667,wr188,a10003098,FILLED,v1:fuzzy_name | fallback_variety=SN,国内锡矿进口量,indicators_v1[wr188],CLEAN,NO,NO,
THS-ZN-3.1.4,ZN,3.1.4,LME锌库存（手）,fuzzy_name,0.909,LME库存,FU00014815,VALID,v1:fuzzy_name→ZN | zhiji=LME：镍：期货库存（日）,LME：镍：期货库存（日）,zhiji_note,CLEAN,NO,NO,
THS-ZN-3.1.4,ZN,3.1.4,近3年同月进口量均值（万吨）,zhiji_search,0.7,,ID01552196,VALID,search score=0.7 | zhiji=USGS：铌：消费进口量：美国（年）,USGS：铌：消费进口量：美国（年）,zhiji_note,CLEAN,NO,NO,
THS-ZN-3.1.4,ZN,3.1.4,近3年同月进口量标准差（万吨）,zhiji_search,0.7,,ID01552196,VALID,search score=0.7 | zhiji=USGS：铌：消费进口量：美国（年）,USGS：铌：消费进口量：美国（年）,zhiji_note,CLEAN,NO,NO,
THS-ZN-3.1.4,ZN,3.1.4,上期所锌仓单注册量（手）,zhiji_search,0.7,,FU00016165,VALID,search score=0.7 | zhiji=LME：锌：注册仓单（日）,LME：锌：注册仓单（日）,zhiji_note,CLEAN,NO,NO,
THS-ZN-3.1.4,ZN,3.1.4,近3年同月秘鲁进口量均值（万吨）,none,0.0,,,MISSING,no_match,,no_match,N/A,N/A,N/A,
THS-ZN-3.1.4,ZN,3.1.4,近3年同月秘鲁进口量标准差（万吨）,none,0.0,,,MISSING,no_match,,no_match,N/A,N/A,N/A,
THS-ZN-3.1.5,ZN,3.1.5,锌精矿TC（美元/吨干矿）,fuzzy_key,0.571,TC,ID01320080,VALID,v1:fuzzy_key→ZN | zhiji=锌精矿：50%Zn：加工费：昆明（日）,锌精矿：50%Zn：加工费：昆明（日）,zhiji_note,CLEAN,NO,NO,
THS-ZN-3.1.5,ZN,3.1.5,电解锌冶炼利润（元/吨）,fuzzy_name,0.571,si_25_profit_smelt_2,ID01528163,FILLED,v1:fuzzy_name | fallback_variety=SI,工业硅冶炼利润,indicators_v1[si_25_profit_smelt_2],CLEAN,NO,NO,
THS-ZN-3.1.5,ZN,3.1.5,近3年同期TC分位（%）,none,0.0,,,MISSING,no_match,,no_match,N/A,N/A,N/A,
THS-ZN-3.1.5,ZN,3.1.5,锌矿进口盈亏（元/吨）,zhiji_search,0.7,,ID01030232,VALID,search score=0.7 | zhiji=铜：进口盈亏（日）,铜：进口盈亏（日）,zhiji_note,CLEAN,NO,NO,
THS-ZN-3.1.5,ZN,3.1.5,沪伦比（元/吨）,fuzzy_name,0.857,wr173,ID01895225,FILLED,v1:fuzzy_name | fallback_variety=SN,锡沪伦比,indicators_v1[wr173],CLEAN,NO,NO,
THS-ZN-3.1.5,ZN,3.1.5,近3年同月TC均值（美元/吨干矿）,zhiji_search,0.7,,ID00180030,VALID,search score=0.7 | zhiji=干胶：RSS3：近月合约：国际市场：市场价：新加坡（年）,干胶：RSS3：近月合约：国际市场：市场价：新加坡（年）,zhiji_note,CLEAN,NO,NO,
THS-ZN-3.1.5,ZN,3.1.5,近3年同月TC标准差（美元/吨干矿）,zhiji_search,0.7,,CM00908664,VALID,search score=0.7 | zhiji=中国：3年期标准国开债远期合约：成交额（月）,中国：3年期标准国开债远期合约：成交额（月）,zhiji_note,CLEAN,NO,NO,
THS-ZN-3.1.5,ZN,3.1.5,上期所锌仓单注册量（手）,zhiji_search,0.7,,FU00016165,VALID,search score=0.7 | zhiji=LME：锌：注册仓单（日）,LME：锌：注册仓单（日）,zhiji_note,CLEAN,NO,NO,
THS-ZN-3.1.5,ZN,3.1.5,LME锌库存（手）,fuzzy_name,0.909,LME库存,FU00014815,VALID,v1:fuzzy_name→ZN | zhiji=LME：镍：期货库存（日）,LME：镍：期货库存（日）,zhiji_note,CLEAN,NO,NO,
THS-ZN-3.1.5,ZN,3.1.5,锌冶炼利润分位（%）,fuzzy_name,0.571,si_25_profit_smelt_2,ID01528163,FILLED,v1:fuzzy_name | fallback_variety=SI,工业硅冶炼利润,indicators_v1[si_25_profit_smelt_2],CLEAN,NO,NO,
THS-ZN-3.2.1,ZN,3.2.1,国内锌精炼产量（万吨）,fuzzy_name,0.727,精炼产量,ID01510883,VALID,v1:fuzzy_name→ZN | zhiji=精炼锌：产量：中国（月）,精炼锌：产量：中国（月）,zhiji_note,CLEAN,NO,NO,
THS-ZN-3.2.1,ZN,3.2.1,电解锌冶炼利润（元/吨）,fuzzy_name,0.571,si_25_profit_smelt_2,ID01528163,FILLED,v1:fuzzy_name | fallback_variety=SI,工业硅冶炼利润,indicators_v1[si_25_profit_smelt_2],CLEAN,NO,NO,
THS-ZN-3.2.1,ZN,3.2.1,国内锌精炼开工率（%）,fuzzy_name,0.824,li_35_util_2,a12715874,FILLED,v1:fuzzy_name | fallback_variety=LI,国内锂盐精炼开工率,indicators_v1[li_35_util_2],CLEAN,NO,NO,
THS-ZN-3.2.1,ZN,3.2.1,国内锌精炼产能利用率（%）,fuzzy_name,0.6,si_313_util_capacity,ID01445977,FILLED,v1:fuzzy_name | fallback_variety=SI,中国工业硅产能利用率,indicators_v1[si_313_util_capacity],CLEAN,NO,NO,
THS-ZN-3.2.1,ZN,3.2.1,国内锌精炼产能（万吨）,fuzzy_name,0.571,wr242,ID01002085,FILLED,v1:fuzzy_name | fallback_variety=NI,中国精炼镍产量,indicators_v1[wr242],CLEAN,NO,NO,
THS-ZN-3.2.1,ZN,3.2.1,国内锌精炼检修量（万吨）,zhiji_search,0.7,,ID01510883,VALID,search score=0.7 | zhiji=精炼锌：产量：中国（月）,精炼锌：产量：中国（月）,zhiji_note,CLEAN,NO,NO,
THS-ZN-3.2.1,ZN,3.2.1,国内锌精炼进口量（万吨）,fuzzy_name,0.667,wr188,a10003098,FILLED,v1:fuzzy_name | fallback_variety=SN,国内锡矿进口量,indicators_v1[wr188],CLEAN,NO,NO,
THS-ZN-3.2.1,ZN,3.2.1,国内锌精炼进口量分国别（万吨）,fuzzy_name,0.632,li_61_by_country_import_conc_3,ID02038530,INVALID,v1:fuzzy_name | fallback_invalid,锂精矿进口分国别,indicators_v1[li_61_by_country_import_conc_3],CLEAN,NO,NO,
THS-ZN-3.2.1,ZN,3.2.1,国内锌精炼再生产量（万吨）,fuzzy_name,0.75,wr196,a12731582,FILLED,v1:fuzzy_name | fallback_variety=SN,国内再生锡产量,indicators_v1[wr196],CLEAN,NO,NO,
THS-ZN-3.2.1,ZN,3.2.1,近3年同月产量均值（万吨）,zhiji_search,0.7,,ID00180030,VALID,search score=0.7 | zhiji=干胶：RSS3：近月合约：国际市场：市场价：新加坡（年）,干胶：RSS3：近月合约：国际市场：市场价：新加坡（年）,zhiji_note,CLEAN,NO,NO,
THS-ZN-3.2.1,ZN,3.2.1,近3年同月产量标准差（万吨）,zhiji_search,0.7,,ID00317315,VALID,search score=0.7 | zhiji=热轧普碳钢：标准轨道钢：产量：日本（年）,热轧普碳钢：标准轨道钢：产量：日本（年）,zhiji_note,CLEAN,NO,NO,
THS-ZN-3.2.1,ZN,3.2.1,锌精矿TC（美元/吨干矿）,fuzzy_key,0.571,TC,ID01320080,VALID,v1:fuzzy_key→ZN | zhiji=锌精矿：50%Zn：加工费：昆明（日）,锌精矿：50%Zn：加工费：昆明（日）,zhiji_note,CLEAN,NO,NO,
THS-ZN-3.2.2,ZN,3.2.2,国内锌精炼开工率（%）,fuzzy_name,0.824,li_35_util_2,a12715874,FILLED,v1:fuzzy_name | fallback_variety=LI,国内锂盐精炼开工率,indicators_v1[li_35_util_2],CLEAN,NO,NO,
THS-ZN-3.2.2,ZN,3.2.2,国内锌精炼产量（万吨）,fuzzy_name,0.727,精炼产量,ID01510883,VALID,v1:fuzzy_name→ZN | zhiji=精炼锌：产量：中国（月）,精炼锌：产量：中国（月）,zhiji_note,CLEAN,NO,NO,
THS-ZN-3.2.2,ZN,3.2.2,国内锌精炼检修量（万吨）,zhiji_search,0.7,,ID01510883,VALID,search score=0.7 | zhiji=精炼锌：产量：中国（月）,精炼锌：产量：中国（月）,zhiji_note,CLEAN,NO,NO,
THS-ZN-3.2.2,ZN,3.2.2,国内锌精炼开工天数（天）,fuzzy_name,0.667,li_35_util_2,a12715874,FILLED,v1:fuzzy_name | fallback_variety=LI,国内锂盐精炼开工率,indicators_v1[li_35_util_2],CLEAN,NO,NO,
THS-ZN-3.2.2,ZN,3.2.2,国内锌精炼产能（万吨）,fuzzy_name,0.571,wr242,ID01002085,FILLED,v1:fuzzy_name | fallback_variety=NI,中国精炼镍产量,indicators_v1[wr242],CLEAN,NO,NO,
THS-ZN-3.2.2,ZN,3.2.2,国内锌精炼产能利用率（%）,fuzzy_name,0.6,si_313_util_capacity,ID01445977,FILLED,v1:fuzzy_name | fallback_variety=SI,中国工业硅产能利用率,indicators_v1[si_313_util_capacity],CLEAN,NO,NO,
THS-ZN-3.2.2,ZN,3.2.2,锌精矿TC（美元/吨干矿）,fuzzy_key,0.571,TC,ID01320080,VALID,v1:fuzzy_key→ZN | zhiji=锌精矿：50%Zn：加工费：昆明（日）,锌精矿：50%Zn：加工费：昆明（日）,zhiji_note,CLEAN,NO,NO,
THS-ZN-3.2.2,ZN,3.2.2,近3年同月检修量均值（万吨）,zhiji_search,0.7,,ID01367631,VALID,search score=0.7 | zhiji=PP：检修减损量：中国（年）,PP：检修减损量：中国（年）,zhiji_note,CLEAN,NO,NO,
THS-ZN-3.2.2,ZN,3.2.2,近3年同月检修量标准差（万吨）,zhiji_search,0.7,,ID01367631,VALID,search score=0.7 | zhiji=PP：检修减损量：中国（年）,PP：检修减损量：中国（年）,zhiji_note,CLEAN,NO,NO,
THS-ZN-3.2.2,ZN,3.2.2,电解锌冶炼利润（元/吨）,fuzzy_name,0.571,si_25_profit_smelt_2,ID01528163,FILLED,v1:fuzzy_name | fallback_variety=SI,工业硅冶炼利润,indicators_v1[si_25_profit_smelt_2],CLEAN,NO,NO,
THS-ZN-3.2.2,ZN,3.2.2,国内锌精炼进口量（万吨）,fuzzy_name,0.667,wr188,a10003098,FILLED,v1:fuzzy_name | fallback_variety=SN,国内锡矿进口量,indicators_v1[wr188],CLEAN,NO,NO,
THS-ZN-3.2.3,ZN,3.2.3,国内再生锌产量（万吨）,fuzzy_name,0.857,wr196,a12731582,FILLED,v1:fuzzy_name | fallback_variety=SN,国内再生锡产量,indicators_v1[wr196],CLEAN,NO,NO,
THS-ZN-3.2.3,ZN,3.2.3,国内锌精炼产量（万吨）,fuzzy_name,0.727,精炼产量,ID01510883,VALID,v1:fuzzy_name→ZN | zhiji=精炼锌：产量：中国（月）,精炼锌：产量：中国（月）,zhiji_note,CLEAN,NO,NO,
THS-ZN-3.2.3,ZN,3.2.3,再生锌进口量（万吨）,none,0.0,,,MISSING,no_match,,no_match,N/A,N/A,N/A,
THS-ZN-3.2.3,ZN,3.2.3,再生锌进口量分国别（万吨）,fuzzy_name,0.667,si_61_by_country_import,CM0000287714,FILLED,v1:fuzzy_name | fallback_variety=SI,工业硅进口量分国别,indicators_v1[si_61_by_country_import],CLEAN,NO,NO,
THS-ZN-3.2.3,ZN,3.2.3,再生锌开工率（%）,fuzzy_name,0.714,wr14,a10148951,FILLED,v1:fuzzy_name | fallback_variety=AL,再生铝合金开工率,indicators_v1[wr14],CLEAN,NO,NO,
THS-ZN-3.2.3,ZN,3.2.3,再生锌产能利用率（%）,fuzzy_name,0.556,si_313_util_capacity,ID01445977,FILLED,v1:fuzzy_name | fallback_variety=SI,中国工业硅产能利用率,indicators_v1[si_313_util_capacity],CLEAN,NO,NO,
THS-ZN-3.2.3,ZN,3.2.3,再生锌产能（万吨）,none,0.0,,,MISSING,no_match,,no_match,N/A,N/A,N/A,
THS-ZN-3.2.3,ZN,3.2.3,再生锌检修量（万吨）,none,0.0,,,MISSING,no_match,,no_match,N/A,N/A,N/A,
THS-ZN-3.2.3,ZN,3.2.3,再生锌进口盈亏（元/吨）,none,0.0,,,MISSING,no_match,,no_match,N/A,N/A,N/A,
THS-ZN-3.2.3,ZN,3.2.3,沪伦比（元/吨）,fuzzy_name,0.857,wr173,ID01895225,FILLED,v1:fuzzy_name | fallback_variety=SN,锡沪伦比,indicators_v1[wr173],CLEAN,NO,NO,
THS-ZN-3.2.3,ZN,3.2.3,近3年同月产量均值（万吨）,zhiji_search,0.7,,ID00180030,VALID,search score=0.7 | zhiji=干胶：RSS3：近月合约：国际市场：市场价：新加坡（年）,干胶：RSS3：近月合约：国际市场：市场价：新加坡（年）,zhiji_note,CLEAN,NO,NO,
THS-ZN-3.2.3,ZN,3.2.3,近3年同月产量标准差（万吨）,zhiji_search,0.7,,ID00317315,VALID,search score=0.7 | zhiji=热轧普碳钢：标准轨道钢：产量：日本（年）,热轧普碳钢：标准轨道钢：产量：日本（年）,zhiji_note,CLEAN,NO,NO,
THS-ZN-3.2.3,ZN,3.2.3,锌合金产量（万吨）,fuzzy_name,0.588,zn_63_output,ID01001564,VALID,v1:fuzzy_name→ZN | zhiji=锌合金：产量：中国（月）,锌合金：产量：中国（月）,zhiji_note,CLEAN,NO,NO,
THS-ZN-3.2.4,ZN,3.2.4,电解锌冶炼利润（元/吨）,fuzzy_name,0.571,si_25_profit_smelt_2,ID01528163,FILLED,v1:fuzzy_name | fallback_variety=SI,工业硅冶炼利润,indicators_v1[si_25_profit_smelt_2],CLEAN,NO,NO,
THS-ZN-3.2.4,ZN,3.2.4,锌精矿TC（美元/吨干矿）,fuzzy_key,0.571,TC,ID01320080,VALID,v1:fuzzy_key→ZN | zhiji=锌精矿：50%Zn：加工费：昆明（日）,锌精矿：50%Zn：加工费：昆明（日）,zhiji_note,CLEAN,NO,NO,
THS-ZN-3.2.4,ZN,3.2.4,电解锌冶炼利润分位（%）,none,0.0,,,MISSING,no_match,,no_match,N/A,N/A,N/A,
THS-ZN-3.2.4,ZN,3.2.4,近3年同期利润均值（元/吨）,zhiji_search,0.7,,ID00180030,VALID,search score=0.7 | zhiji=干胶：RSS3：近月合约：国际市场：市场价：新加坡（年）,干胶：RSS3：近月合约：国际市场：市场价：新加坡（年）,zhiji_note,CLEAN,NO,NO,
THS-ZN-3.2.4,ZN,3.2.4,锌矿进口盈亏（元/吨）,zhiji_search,0.7,,ID01030232,VALID,search score=0.7 | zhiji=铜：进口盈亏（日）,铜：进口盈亏（日）,zhiji_note,CLEAN,NO,NO,
THS-ZN-3.2.4,ZN,3.2.4,沪伦比（元/吨）,fuzzy_name,0.857,wr173,ID01895225,FILLED,v1:fuzzy_name | fallback_variety=SN,锡沪伦比,indicators_v1[wr173],CLEAN,NO,NO,
THS-ZN-3.2.4,ZN,3.2.4,近3年同月利润均值（元/吨）,zhiji_search,0.7,,ID00180030,VALID,search score=0.7 | zhiji=干胶：RSS3：近月合约：国际市场：市场价：新加坡（年）,干胶：RSS3：近月合约：国际市场：市场价：新加坡（年）,zhiji_note,CLEAN,NO,NO,
THS-ZN-3.2.4,ZN,3.2.4,近3年同月利润标准差（元/吨）,zhiji_search,0.7,,LC00110187,VALID,search score=0.7 | zhiji=罗莱生活：分产品：标准套件：利润率（半年）,罗莱生活：分产品：标准套件：利润率（半年）,zhiji_note,CLEAN,NO,NO,
THS-ZN-3.2.4,ZN,3.2.4,LME锌库存（手）,fuzzy_name,0.909,LME库存,FU00014815,VALID,v1:fuzzy_name→ZN | zhiji=LME：镍：期货库存（日）,LME：镍：期货库存（日）,zhiji_note,CLEAN,NO,NO,
THS-ZN-3.2.4,ZN,3.2.4,上期所锌仓单注册量（手）,zhiji_search,0.7,,FU00016165,VALID,search score=0.7 | zhiji=LME：锌：注册仓单（日）,LME：锌：注册仓单（日）,zhiji_note,CLEAN,NO,NO,
THS-ZN-3.2.4,ZN,3.2.4,锌合金冶炼利润（元/吨）,fuzzy_name,0.571,si_25_profit_smelt_2,ID01528163,FILLED,v1:fuzzy_name | fallback_variety=SI,工业硅冶炼利润,indicators_v1[si_25_profit_smelt_2],CLEAN,NO,NO,
THS-ZN-4.1,ZN,4.1,上期所锌库存（手）,fuzzy_name,0.909,SHFE库存,FU00014947,VALID,v1:fuzzy_name→ZN | zhiji=SHFE：镍：交割库库存：上海：添马行松江（周）,SHFE：镍：交割库库存：上海：添马行松江（周）,zhiji_note,CLEAN,NO,NO,
THS-ZN-4.1,ZN,4.1,上期所锌仓单注册量（手）,zhiji_search,0.7,,FU00016165,VALID,search score=0.7 | zhiji=LME：锌：注册仓单（日）,LME：锌：注册仓单（日）,zhiji_note,CLEAN,NO,NO,
THS-ZN-4.1,ZN,4.1,LME锌库存（手）,fuzzy_name,0.909,LME库存,FU00014815,VALID,v1:fuzzy_name→ZN | zhiji=LME：镍：期货库存（日）,LME：镍：期货库存（日）,zhiji_note,CLEAN,NO,NO,
THS-ZN-4.1,ZN,4.1,LME锌注销仓单（手）,fuzzy_name,0.875,i7,a10193711,FILLED,v1:fuzzy_name | fallback_variety=PB,LME铅注销仓单,indicators_v1[i7],CLEAN,NO,NO,
THS-ZN-4.1,ZN,4.1,近3年同日库存均值（手）,none,0.0,,,MISSING,no_match,,no_match,N/A,N/A,N/A,
THS-ZN-4.1,ZN,4.1,近3年同日库存标准差（手）,none,0.0,,,MISSING,no_match,,no_match,N/A,N/A,N/A,
THS-ZN-4.1,ZN,4.1,上期所锌注销仓单（手）,zhiji_search,0.7,,FU00016166,VALID,search score=0.7 | zhiji=LME：锌：注销仓单（日）,LME：锌：注销仓单（日）,zhiji_note,CLEAN,NO,NO,
THS-ZN-4.1,ZN,4.1,沪锌主力合约收盘价（元/吨）,fuzzy_name,0.737,wr115,FU00050085,FILLED,v1:fuzzy_name | fallback_variety=LI,碳酸锂 主力合约 收盘价,indicators_v1[wr115],CLEAN,NO,NO,
THS-ZN-4.1,ZN,4.1,上期所锌库存分地区（手）,fuzzy_name,0.714,SHFE库存,FU00014947,VALID,v1:fuzzy_name→ZN | zhiji=SHFE：镍：交割库库存：上海：添马行松江（周）,SHFE：镍：交割库库存：上海：添马行松江（周）,zhiji_note,CLEAN,NO,NO,
THS-ZN-4.1,ZN,4.1,在途库存（手）,fuzzy_name,0.667,wr152,ID02093014,FILLED,v1:fuzzy_name | fallback_variety=LI,锂矿 外采 在途库存,indicators_v1[wr152],CLEAN,NO,NO,
THS-ZN-4.2,ZN,4.2,上期所锌仓单注册量（手）,zhiji_search,0.7,,FU00016165,VALID,search score=0.7 | zhiji=LME：锌：注册仓单（日）,LME：锌：注册仓单（日）,zhiji_note,CLEAN,NO,NO,
THS-ZN-4.2,ZN,4.2,上期所锌注销仓单（手）,zhiji_search,0.7,,FU00016166,VALID,search score=0.7 | zhiji=LME：锌：注销仓单（日）,LME：锌：注销仓单（日）,zhiji_note,CLEAN,NO,NO,
THS-ZN-4.2,ZN,4.2,LME锌注销仓单（手）,fuzzy_name,0.875,i7,a10193711,FILLED,v1:fuzzy_name | fallback_variety=PB,LME铅注销仓单,indicators_v1[i7],CLEAN,NO,NO,
THS-ZN-4.2,ZN,4.2,LME锌库存（手）,fuzzy_name,0.909,LME库存,FU00014815,VALID,v1:fuzzy_name→ZN | zhiji=LME：镍：期货库存（日）,LME：镍：期货库存（日）,zhiji_note,CLEAN,NO,NO,
THS-ZN-4.2,ZN,4.2,近3年同日仓单均值（手）,none,0.0,,,MISSING,no_match,,no_match,N/A,N/A,N/A,
THS-ZN-4.2,ZN,4.2,近3年同日仓单标准差（手）,none,0.0,,,MISSING,no_match,,no_match,N/A,N/A,N/A,
THS-ZN-4.2,ZN,4.2,在途库存（手）,fuzzy_name,0.667,wr152,ID02093014,FILLED,v1:fuzzy_name | fallback_variety=LI,锂矿 外采 在途库存,indicators_v1[wr152],CLEAN,NO,NO,
THS-ZN-4.2,ZN,4.2,隐性库存（手）,none,0.0,,,MISSING,no_match,,no_match,N/A,N/A,N/A,
THS-ZN-4.2,ZN,4.2,上期所锌仓单分地区（手）,none,0.0,,,MISSING,no_match,,no_match,N/A,N/A,N/A,
THS-ZN-4.2,ZN,4.2,上期所锌仓单持有天数（天）,none,0.0,,,MISSING,no_match,,no_match,N/A,N/A,N/A,
THS-ZN-4.3,ZN,4.3,国内锌社会库存总量（万吨）,fuzzy_name,0.615,社库,ID00188329,VALID,v1:fuzzy_name→ZN | zhiji=锌锭：现货库存：中国（日）,锌锭：现货库存：中国（日）,zhiji_note,CLEAN,NO,NO,
THS-ZN-4.3,ZN,4.3,上期所锌库存（手）,fuzzy_name,0.909,SHFE库存,FU00014947,VALID,v1:fuzzy_name→ZN | zhiji=SHFE：镍：交割库库存：上海：添马行松江（周）,SHFE：镍：交割库库存：上海：添马行松江（周）,zhiji_note,CLEAN,NO,NO,
THS-ZN-4.3,ZN,4.3,国内锌厂内库存（万吨）,none,0.0,,,MISSING,no_match,,no_match,N/A,N/A,N/A,
THS-ZN-4.3,ZN,4.3,国内锌在途库存（万吨）,none,0.0,,,MISSING,no_match,,no_match,N/A,N/A,N/A,
THS-ZN-4.3,ZN,4.3,国内锌隐性库存（万吨）,fuzzy_name,0.667,wr178,a10167095,FILLED,v1:fuzzy_name | fallback_variety=SN,国内隐形库存拟合,indicators_v1[wr178],CLEAN,NO,NO,
THS-ZN-4.3,ZN,4.3,近3年同周库存均值（万吨）,zhiji_search,0.7,,ID00180030,VALID,search score=0.7 | zhiji=干胶：RSS3：近月合约：国际市场：市场价：新加坡（年）,干胶：RSS3：近月合约：国际市场：市场价：新加坡（年）,zhiji_note,CLEAN,NO,NO,
THS-ZN-4.3,ZN,4.3,近3年同周库存标准差（万吨）,zhiji_search,0.7,,CM00908664,VALID,search score=0.7 | zhiji=中国：3年期标准国开债远期合约：成交额（月）,中国：3年期标准国开债远期合约：成交额（月）,zhiji_note,CLEAN,NO,NO,
THS-ZN-4.3,ZN,4.3,沪锌主力合约收盘价（元/吨）,fuzzy_name,0.737,wr115,FU00050085,FILLED,v1:fuzzy_name | fallback_variety=LI,碳酸锂 主力合约 收盘价,indicators_v1[wr115],CLEAN,NO,NO,
THS-ZN-4.3,ZN,4.3,国内锌社会库存分地区（万吨）,fuzzy_name,0.571,社库,ID00188329,VALID,v1:fuzzy_name→ZN | zhiji=锌锭：现货库存：中国（日）,锌锭：现货库存：中国（日）,zhiji_note,CLEAN,NO,NO,
THS-ZN-4.3,ZN,4.3,锌锭现货升贴水（元/吨）,fuzzy_name,0.556,li_22_premium_battery_lc,a12751985,FILLED,v1:fuzzy_name | fallback_variety=LI,电池级碳酸锂现货升贴水,indicators_v1[li_22_premium_battery_lc],CLEAN,NO,NO,
THS-ZN-4.4,ZN,4.4,国内锌厂内锌锭库存（万吨）,none,0.0,,,MISSING,no_match,,no_match,N/A,N/A,N/A,
THS-ZN-4.4,ZN,4.4,国内锌社会库存总量（万吨）,fuzzy_name,0.615,社库,ID00188329,VALID,v1:fuzzy_name→ZN | zhiji=锌锭：现货库存：中国（日）,锌锭：现货库存：中国（日）,zhiji_note,CLEAN,NO,NO,
THS-ZN-4.4,ZN,4.4,国内锌厂内锌合金库存（万吨）,none,0.0,,,MISSING,no_match,,no_match,N/A,N/A,N/A,
THS-ZN-4.4,ZN,4.4,国内锌厂内库存占比（%）,none,0.0,,,MISSING,no_match,,no_match,N/A,N/A,N/A,
THS-ZN-4.4,ZN,4.4,国内锌厂内库存天数（天）,fuzzy_name,0.556,li_44_inv,a12805120,FILLED,v1:fuzzy_name | fallback_variety=LI,碳酸锂工厂库存天数,indicators_v1[li_44_inv],WARNING,NO,YES,BL-012
THS-ZN-4.4,ZN,4.4,近3年同月/同周库存均值（万吨）,none,0.0,,,MISSING,no_match,,no_match,N/A,N/A,N/A,
THS-ZN-4.4,ZN,4.4,近3年同月/同周库存标准差（万吨）,none,0.0,,,MISSING,no_match,,no_match,N/A,N/A,N/A,
THS-ZN-4.4,ZN,4.4,上期所锌仓单注册量（手）,zhiji_search,0.7,,FU00016165,VALID,search score=0.7 | zhiji=LME：锌：注册仓单（日）,LME：锌：注册仓单（日）,zhiji_note,CLEAN,NO,NO,
THS-ZN-4.4,ZN,4.4,国内锌厂内锌锭库存分地区（万吨）,none,0.0,,,MISSING,no_match,,no_match,N/A,N/A,N/A,
THS-ZN-4.4,ZN,4.4,锌锭现货升贴水（元/吨）,fuzzy_name,0.556,li_22_premium_battery_lc,a12751985,FILLED,v1:fuzzy_name | fallback_variety=LI,电池级碳酸锂现货升贴水,indicators_v1[li_22_premium_battery_lc],CLEAN,NO,NO,
THS-ZN-4.5,ZN,4.5,国内锌隐性库存总量（万吨）,fuzzy_name,0.588,wr178,a10167095,FILLED,v1:fuzzy_name | fallback_variety=SN,国内隐形库存拟合,indicators_v1[wr178],CLEAN,NO,NO,
THS-ZN-4.5,ZN,4.5,国内锌社会库存总量（万吨）,fuzzy_name,0.615,社库,ID00188329,VALID,v1:fuzzy_name→ZN | zhiji=锌锭：现货库存：中国（日）,锌锭：现货库存：中国（日）,zhiji_note,CLEAN,NO,NO,
THS-ZN-4.5,ZN,4.5,国内锌在途库存总量（万吨）,none,0.0,,,MISSING,no_match,,no_match,N/A,N/A,N/A,
THS-ZN-4.5,ZN,4.5,国内锌隐性库存占比（%）,fuzzy_name,0.588,wr178,a10167095,FILLED,v1:fuzzy_name | fallback_variety=SN,国内隐形库存拟合,indicators_v1[wr178],CLEAN,NO,NO,
THS-ZN-4.5,ZN,4.5,国内锌在途库存占比（%）,none,0.0,,,MISSING,no_match,,no_match,N/A,N/A,N/A,
THS-ZN-4.5,ZN,4.5,近3年同月/同周均值（万吨）,none,0.0,,,MISSING,no_match,,no_match,N/A,N/A,N/A,
THS-ZN-4.5,ZN,4.5,国内锌隐性库存分地区（万吨）,fuzzy_name,0.556,wr178,a10167095,FILLED,v1:fuzzy_name | fallback_variety=SN,国内隐形库存拟合,indicators_v1[wr178],CLEAN,NO,NO,
THS-ZN-4.5,ZN,4.5,锌锭现货升贴水（元/吨）,fuzzy_name,0.556,li_22_premium_battery_lc,a12751985,FILLED,v1:fuzzy_name | fallback_variety=LI,电池级碳酸锂现货升贴水,indicators_v1[li_22_premium_battery_lc],CLEAN,NO,NO,
THS-ZN-5.1,ZN,5.1,国内锌表观消费量（万吨）,fuzzy_name,0.667,表观消费,ID01510893,VALID,v1:fuzzy_name→ZN | zhiji=硬线：热轧：70#：Φ6.5：市场价：杭州：杭钢股份：杭钢（日）,硬线：热轧：70#：Φ6.5：市场价：杭州：杭钢股份：杭钢（日）,zhiji_note,CLEAN,NO,NO,
THS-ZN-5.1,ZN,5.1,国内锌精炼产量（万吨）,fuzzy_name,0.727,精炼产量,ID01510883,VALID,v1:fuzzy_name→ZN | zhiji=精炼锌：产量：中国（月）,精炼锌：产量：中国（月）,zhiji_note,CLEAN,NO,NO,
THS-ZN-5.1,ZN,5.1,国内锌冶炼开工率（%）,fuzzy_name,0.714,wr197,a10113278,FILLED,v1:fuzzy_name | fallback_variety=SN,国内锡开工率,indicators_v1[wr197],CLEAN,NO,NO,
THS-ZN-5.1,ZN,5.1,国内锌冶炼产量（万吨）,fuzzy_name,0.615,wr198,a12731583,FILLED,v1:fuzzy_name | fallback_variety=SN,国内锡锭产量,indicators_v1[wr198],CLEAN,NO,NO,
THS-ZN-5.1,ZN,5.1,国内锌社会库存总量（万吨）,fuzzy_name,0.615,社库,ID00188329,VALID,v1:fuzzy_name→ZN | zhiji=锌锭：现货库存：中国（日）,锌锭：现货库存：中国（日）,zhiji_note,CLEAN,NO,NO,
THS-ZN-5.1,ZN,5.1,国内锌冶炼订单量（万吨）,none,0.0,,,MISSING,no_match,,no_match,N/A,N/A,N/A,
THS-ZN-5.1,ZN,5.1,国内锌冶炼排产计划（万吨）,none,0.0,,,MISSING,no_match,,no_match,N/A,N/A,N/A,
THS-ZN-5.1,ZN,5.1,国内锌冶炼需求增速（%）,none,0.0,,,MISSING,no_match,,no_match,N/A,N/A,N/A,
THS-ZN-5.1,ZN,5.1,国内锌冶炼消费占比（%）,none,0.0,,,MISSING,no_match,,no_match,N/A,N/A,N/A,
THS-ZN-5.1,ZN,5.1,国内锌冶炼表观消费量（万吨）,fuzzy_name,0.571,表观消费,ID01510893,VALID,v1:fuzzy_name→ZN | zhiji=硬线：热轧：70#：Φ6.5：市场价：杭州：杭钢股份：杭钢（日）,硬线：热轧：70#：Φ6.5：市场价：杭州：杭钢股份：杭钢（日）,zhiji_note,CLEAN,NO,NO,
THS-ZN-5.1,ZN,5.1,近3年同月表观消费量均值（万吨）,zhiji_search,0.7,,ID00315955,VALID,search score=0.7 | zhiji=WSA：粗钢：表观消费量：全球（年）,WSA：粗钢：表观消费量：全球（年）,zhiji_note,CLEAN,NO,NO,
THS-ZN-5.1,ZN,5.1,近3年同月表观消费量标准差（万吨）,zhiji_search,0.7,,ID00315955,VALID,search score=0.7 | zhiji=WSA：粗钢：表观消费量：全球（年）,WSA：粗钢：表观消费量：全球（年）,zhiji_note,CLEAN,NO,NO,
THS-ZN-5.2,ZN,5.2,国内镀锌板产量（万吨）,fuzzy_name,0.615,wr198,a12731583,FILLED,v1:fuzzy_name | fallback_variety=SN,国内锡锭产量,indicators_v1[wr198],CLEAN,NO,NO,
THS-ZN-5.2,ZN,5.2,国内锌锭消费量（万吨）,fuzzy_name,0.615,wr198,a12731583,FILLED,v1:fuzzy_name | fallback_variety=SN,国内锡锭产量,indicators_v1[wr198],P0_CONFLICT,YES,NO,BL-025
THS-ZN-5.2,ZN,5.2,国内氧化锌产量（万吨）,fuzzy_name,0.615,li_35_output,a10001934,FILLED,v1:fuzzy_name | fallback_variety=LI,氢氧化锂产量,indicators_v1[li_35_output],CLEAN,NO,NO,
THS-ZN-5.2,ZN,5.2,国内压铸合金产量（万吨）,fuzzy_name,0.571,wr198,a12731583,FILLED,v1:fuzzy_name | fallback_variety=SN,国内锡锭产量,indicators_v1[wr198],CLEAN,NO,NO,
THS-ZN-5.2,ZN,5.2,国内电池级锌产量（万吨）,fuzzy_name,0.625,li_35_battery_lc_output,a12715549,FILLED,v1:fuzzy_name | fallback_variety=LI,电池级碳酸锂产量,indicators_v1[li_35_battery_lc_output],CLEAN,NO,NO,
THS-ZN-5.2,ZN,5.2,国内镀锌板开工率（%）,fuzzy_name,0.714,wr197,a10113278,FILLED,v1:fuzzy_name | fallback_variety=SN,国内锡开工率,indicators_v1[wr197],CLEAN,NO,NO,
THS-ZN-5.2,ZN,5.2,国内氧化锌开工率（%）,fuzzy_name,0.714,wr57,a12731491,FILLED,v1:fuzzy_name | fallback_variety=AL-AX,氧化铝开工率,indicators_v1[wr57],CLEAN,NO,NO,
THS-ZN-5.2,ZN,5.2,近3年同月产量均值（万吨）,zhiji_search,0.7,,ID00180030,VALID,search score=0.7 | zhiji=干胶：RSS3：近月合约：国际市场：市场价：新加坡（年）,干胶：RSS3：近月合约：国际市场：市场价：新加坡（年）,zhiji_note,CLEAN,NO,NO,
THS-ZN-5.2,ZN,5.2,近3年同月产量标准差（万吨）,zhiji_search,0.7,,ID00317315,VALID,search score=0.7 | zhiji=热轧普碳钢：标准轨道钢：产量：日本（年）,热轧普碳钢：标准轨道钢：产量：日本（年）,zhiji_note,CLEAN,NO,NO,
THS-ZN-5.2,ZN,5.2,国内镀锌板/热镀锌消费量（万吨）,none,0.0,,,MISSING,no_match,,no_match,N/A,N/A,N/A,
THS-ZN-5.3,ZN,5.3,国内镀锌板订单量（万吨）,none,0.0,,,MISSING,no_match,,no_match,N/A,N/A,N/A,
THS-ZN-5.3,ZN,5.3,国内镀锌板排产计划（万吨）,none,0.0,,,MISSING,no_match,,no_match,N/A,N/A,N/A,
THS-ZN-5.3,ZN,5.3,国内锌出口量（万吨）,fuzzy_name,0.615,wr188,a10003098,FILLED,v1:fuzzy_name | fallback_variety=SN,国内锡矿进口量,indicators_v1[wr188],CLEAN,NO,NO,
THS-ZN-5.3,ZN,5.3,国内锌精炼产量（万吨）,fuzzy_name,0.727,精炼产量,ID01510883,VALID,v1:fuzzy_name→ZN | zhiji=精炼锌：产量：中国（月）,精炼锌：产量：中国（月）,zhiji_note,CLEAN,NO,NO,
THS-ZN-5.3,ZN,5.3,国内制造业PMI（%）,none,0.0,,,MISSING,no_match,,no_match,N/A,N/A,N/A,
THS-ZN-5.3,ZN,5.3,国内锌表观消费量（万吨）,fuzzy_name,0.667,表观消费,ID01510893,VALID,v1:fuzzy_name→ZN | zhiji=硬线：热轧：70#：Φ6.5：市场价：杭州：杭钢股份：杭钢（日）,硬线：热轧：70#：Φ6.5：市场价：杭州：杭钢股份：杭钢（日）,zhiji_note,CLEAN,NO,NO,
THS-ZN-5.3,ZN,5.3,LME锌库存（手）,fuzzy_name,0.909,LME库存,FU00014815,VALID,v1:fuzzy_name→ZN | zhiji=LME：镍：期货库存（日）,LME：镍：期货库存（日）,zhiji_note,CLEAN,NO,NO,
THS-ZN-5.3,ZN,5.3,LME锌注销仓单（手）,fuzzy_name,0.875,i7,a10193711,FILLED,v1:fuzzy_name | fallback_variety=PB,LME铅注销仓单,indicators_v1[i7],CLEAN,NO,NO,
THS-ZN-5.3,ZN,5.3,沪锌主力合约收盘价（元/吨）,fuzzy_name,0.737,wr115,FU00050085,FILLED,v1:fuzzy_name | fallback_variety=LI,碳酸锂 主力合约 收盘价,indicators_v1[wr115],CLEAN,NO,NO,
THS-ZN-5.3,ZN,5.3,LME锌收盘价（美元/吨）,fuzzy_name,0.7,zn_23_lme_3m,a10017942,VALID,v1:fuzzy_name→ZN | zhiji=None,None,zhiji_note,CLEAN,NO,NO,
THS-ZN-5.3,ZN,5.3,沪伦比（元/吨）,fuzzy_name,0.857,wr173,ID01895225,FILLED,v1:fuzzy_name | fallback_variety=SN,锡沪伦比,indicators_v1[wr173],CLEAN,NO,NO,
THS-ZN-5.3,ZN,5.3,国内电池级锌订单量（万吨）,none,0.0,,,MISSING,no_match,,no_match,N/A,N/A,N/A,
THS-ZN-5.3,ZN,5.3,国内电池级锌产量（万吨）,fuzzy_name,0.625,li_35_battery_lc_output,a12715549,FILLED,v1:fuzzy_name | fallback_variety=LI,电池级碳酸锂产量,indicators_v1[li_35_battery_lc_output],CLEAN,NO,NO,
THS-ZN-5.3,ZN,5.3,近3年同月表观消费量均值（万吨）,zhiji_search,0.7,,ID00315955,VALID,search score=0.7 | zhiji=WSA：粗钢：表观消费量：全球（年）,WSA：粗钢：表观消费量：全球（年）,zhiji_note,CLEAN,NO,NO,
THS-ZN-5.3,ZN,5.3,近3年同月表观消费量标准差（万吨）,zhiji_search,0.7,,ID00315955,VALID,search score=0.7 | zhiji=WSA：粗钢：表观消费量：全球（年）,WSA：粗钢：表观消费量：全球（年）,zhiji_note,CLEAN,NO,NO,
THS-ZN-6.1,ZN,6.1,国内锌精矿进口量（万吨）,fuzzy_name,0.8,wr188,a10003098,FILLED,v1:fuzzy_name | fallback_variety=SN,国内锡矿进口量,indicators_v1[wr188],CLEAN,NO,NO,
THS-ZN-6.1,ZN,6.1,国内锌精炼产量（万吨）,fuzzy_name,0.727,精炼产量,ID01510883,VALID,v1:fuzzy_name→ZN | zhiji=精炼锌：产量：中国（月）,精炼锌：产量：中国（月）,zhiji_note,CLEAN,NO,NO,
THS-ZN-6.1,ZN,6.1,国内再生锌进口量（万吨）,fuzzy_name,0.667,wr188,a10003098,FILLED,v1:fuzzy_name | fallback_variety=SN,国内锡矿进口量,indicators_v1[wr188],CLEAN,NO,NO,
THS-ZN-6.1,ZN,6.1,国内再生锌产量（万吨）,fuzzy_name,0.857,wr196,a12731582,FILLED,v1:fuzzy_name | fallback_variety=SN,国内再生锡产量,indicators_v1[wr196],CLEAN,NO,NO,
THS-ZN-6.1,ZN,6.1,国内锌精矿进口量分国别（万吨）,fuzzy_name,0.737,li_61_by_country_import_conc_3,ID02038530,INVALID,v1:fuzzy_name | fallback_invalid,锂精矿进口分国别,indicators_v1[li_61_by_country_import_conc_3],CLEAN,NO,NO,
THS-ZN-6.1,ZN,6.1,国内锌精矿进口量总量（万吨）,fuzzy_name,0.706,wr188,a10003098,FILLED,v1:fuzzy_name | fallback_variety=SN,国内锡矿进口量,indicators_v1[wr188],CLEAN,NO,NO,
THS-ZN-6.1,ZN,6.1,国内锌精矿保税区库存（万吨）,none,0.0,,,MISSING,no_match,,no_match,N/A,N/A,N/A,
THS-ZN-6.1,ZN,6.1,国内锌精矿进口盈亏（元/吨）,fuzzy_name,0.625,wr188,a10003098,FILLED,v1:fuzzy_name | fallback_variety=SN,国内锡矿进口量,indicators_v1[wr188],CLEAN,NO,NO,
THS-ZN-6.1,ZN,6.1,沪伦比（元/吨）,fuzzy_name,0.857,wr173,ID01895225,FILLED,v1:fuzzy_name | fallback_variety=SN,锡沪伦比,indicators_v1[wr173],CLEAN,NO,NO,
THS-ZN-6.1,ZN,6.1,国内锌精矿发运量（万吨）,fuzzy_name,0.571,wr187,ID00299777,FILLED,v1:fuzzy_name | fallback_variety=SN,国内锡矿产量,indicators_v1[wr187],CLEAN,NO,NO,
THS-ZN-6.1,ZN,6.1,近3年同月进口量均值（万吨）,zhiji_search,0.7,,ID01552196,VALID,search score=0.7 | zhiji=USGS：铌：消费进口量：美国（年）,USGS：铌：消费进口量：美国（年）,zhiji_note,CLEAN,NO,NO,
THS-ZN-6.1,ZN,6.1,近3年同月进口量标准差（万吨）,zhiji_search,0.7,,ID01552196,VALID,search score=0.7 | zhiji=USGS：铌：消费进口量：美国（年）,USGS：铌：消费进口量：美国（年）,zhiji_note,CLEAN,NO,NO,
THS-ZN-6.1,ZN,6.1,国内锌精矿关税税率（%）,none,0.0,,,MISSING,no_match,,no_match,N/A,N/A,N/A,
THS-ZN-6.2,ZN,6.2,国内电锌进口量（万吨）,fuzzy_name,0.714,wr188,a10003098,FILLED,v1:fuzzy_name | fallback_variety=SN,国内锡矿进口量,indicators_v1[wr188],CLEAN,NO,NO,
THS-ZN-6.2,ZN,6.2,国内电锌出口量（万吨）,fuzzy_name,0.571,wr188,a10003098,FILLED,v1:fuzzy_name | fallback_variety=SN,国内锡矿进口量,indicators_v1[wr188],CLEAN,NO,NO,
THS-ZN-6.2,ZN,6.2,国内电锌净进口量（万吨）,fuzzy_name,0.667,wr193,a10173520,FILLED,v1:fuzzy_name | fallback_variety=SN,韩国锡净进口量,indicators_v1[wr193],CLEAN,NO,NO,
THS-ZN-6.2,ZN,6.2,国内电锌进口量分国别（万吨）,fuzzy_name,0.632,si_61_by_country_import,CM0000287714,FILLED,v1:fuzzy_name | fallback_variety=SI,工业硅进口量分国别,indicators_v1[si_61_by_country_import],CLEAN,NO,NO,
THS-ZN-6.2,ZN,6.2,国内电锌进口量总量（万吨）,fuzzy_name,0.625,wr188,a10003098,FILLED,v1:fuzzy_name | fallback_variety=SN,国内锡矿进口量,indicators_v1[wr188],CLEAN,NO,NO,
THS-ZN-6.2,ZN,6.2,国内电锌保税区库存（万吨）,none,0.0,,,MISSING,no_match,,no_match,N/A,N/A,N/A,
THS-ZN-6.2,ZN,6.2,国内电锌保税区仓单（手）,none,0.0,,,MISSING,no_match,,no_match,N/A,N/A,N/A,
THS-ZN-6.2,ZN,6.2,近3年同月出口量均值（万吨）,zhiji_search,0.7,,ID00295172,VALID,search score=0.7 | zhiji=船用高速柴油机：功率出口量：中国（年）,船用高速柴油机：功率出口量：中国（年）,zhiji_note,CLEAN,NO,NO,
THS-ZN-6.2,ZN,6.2,近3年同月出口量标准差（万吨）,zhiji_search,0.7,,ID00295172,VALID,search score=0.7 | zhiji=船用高速柴油机：功率出口量：中国（年）,船用高速柴油机：功率出口量：中国（年）,zhiji_note,CLEAN,NO,NO,
THS-ZN-6.2,ZN,6.2,国内电锌进出口金额（亿美元）,none,0.0,,,MISSING,no_match,,no_match,N/A,N/A,N/A,
THS-ZN-6.2,ZN,6.2,国内电锌关税税率（%）,none,0.0,,,MISSING,no_match,,no_match,N/A,N/A,N/A,
THS-ZN-6.3,ZN,6.3,国内镀锌板出口量（万吨）,fuzzy_name,0.636,zn_63_coated_export,a12803961,VALID,v1:fuzzy_name→ZN | zhiji=None,None,zhiji_note,CLEAN,NO,NO,
THS-ZN-6.3,ZN,6.3,国内镀锌板产量（万吨）,fuzzy_name,0.615,wr198,a12731583,FILLED,v1:fuzzy_name | fallback_variety=SN,国内锡锭产量,indicators_v1[wr198],CLEAN,NO,NO,
THS-ZN-6.3,ZN,6.3,国内锌合金出口量（万吨）,fuzzy_name,0.636,zn_53_alloy_export,a10018028,VALID,v1:fuzzy_name→ZN | zhiji=None,None,zhiji_note,CLEAN,NO,NO,
THS-ZN-6.3,ZN,6.3,国内锌合金产量（万吨）,fuzzy_name,0.615,wr198,a12731583,FILLED,v1:fuzzy_name | fallback_variety=SN,国内锡锭产量,indicators_v1[wr198],CLEAN,NO,NO,
THS-ZN-6.3,ZN,6.3,国内氧化锌出口量（万吨）,fuzzy_name,0.667,li_62_export_2,ID02005048,FILLED,v1:fuzzy_name | fallback_variety=LI,氢氧化锂出口量,indicators_v1[li_62_export_2],CLEAN,NO,NO,
THS-ZN-6.3,ZN,6.3,国内氧化锌产量（万吨）,fuzzy_name,0.615,li_35_output,a10001934,FILLED,v1:fuzzy_name | fallback_variety=LI,氢氧化锂产量,indicators_v1[li_35_output],CLEAN,NO,NO,
THS-ZN-6.3,ZN,6.3,国内压铸合金出口量（万吨）,none,0.0,,,MISSING,no_match,,no_match,N/A,N/A,N/A,
THS-ZN-6.3,ZN,6.3,国内压铸合金产量（万吨）,fuzzy_name,0.571,wr198,a12731583,FILLED,v1:fuzzy_name | fallback_variety=SN,国内锡锭产量,indicators_v1[wr198],CLEAN,NO,NO,
THS-ZN-6.3,ZN,6.3,国内锌制品出口金额（亿美元）,none,0.0,,,MISSING,no_match,,no_match,N/A,N/A,N/A,
THS-ZN-6.3,ZN,6.3,国内锌制品出口量（万吨）,none,0.0,,,MISSING,no_match,,no_match,N/A,N/A,N/A,
THS-ZN-6.3,ZN,6.3,国内锌制品出口量分国别（万吨）,fuzzy_name,0.6,si_62_by_country_export,CM0000287763,FILLED,v1:fuzzy_name | fallback_variety=SI,工业硅出口量分国别,indicators_v1[si_62_by_country_export],CLEAN,NO,NO,
THS-ZN-6.3,ZN,6.3,国内锌制品出口量总量（万吨）,none,0.0,,,MISSING,no_match,,no_match,N/A,N/A,N/A,
THS-ZN-6.3,ZN,6.3,近3年同月出口量均值（万吨）,zhiji_search,0.7,,ID00295172,VALID,search score=0.7 | zhiji=船用高速柴油机：功率出口量：中国（年）,船用高速柴油机：功率出口量：中国（年）,zhiji_note,CLEAN,NO,NO,
THS-ZN-6.3,ZN,6.3,近3年同月出口量标准差（万吨）,zhiji_search,0.7,,ID00295172,VALID,search score=0.7 | zhiji=船用高速柴油机：功率出口量：中国（年）,船用高速柴油机：功率出口量：中国（年）,zhiji_note,CLEAN,NO,NO,
THS-ZN-6.3,ZN,6.3,沪锌主力合约收盘价（元/吨）,fuzzy_name,0.737,wr115,FU00050085,FILLED,v1:fuzzy_name | fallback_variety=LI,碳酸锂 主力合约 收盘价,indicators_v1[wr115],CLEAN,NO,NO,
THS-ZN-6.4,ZN,6.4,海外对华锌精矿发运量（万吨）,none,0.0,,,MISSING,no_match,,no_match,N/A,N/A,N/A,
THS-ZN-6.4,ZN,6.4,国内锌精矿进口量（万吨）,fuzzy_name,0.8,wr188,a10003098,FILLED,v1:fuzzy_name | fallback_variety=SN,国内锡矿进口量,indicators_v1[wr188],CLEAN,NO,NO,
THS-ZN-6.4,ZN,6.4,海外对华电锌发运量（万吨）,none,0.0,,,MISSING,no_match,,no_match,N/A,N/A,N/A,
THS-ZN-6.4,ZN,6.4,国内电锌进口量（万吨）,fuzzy_name,0.714,wr188,a10003098,FILLED,v1:fuzzy_name | fallback_variety=SN,国内锡矿进口量,indicators_v1[wr188],CLEAN,NO,NO,
THS-ZN-6.4,ZN,6.4,海外对华锌发运天数（天）,none,0.0,,,MISSING,no_match,,no_match,N/A,N/A,N/A,
THS-ZN-6.4,ZN,6.4,海外对华锌发运量（万吨）,none,0.0,,,MISSING,no_match,,no_match,N/A,N/A,N/A,
THS-ZN-6.4,ZN,6.4,海外对华锌发运量分国别（万吨）,none,0.0,,,MISSING,no_match,,no_match,N/A,N/A,N/A,
THS-ZN-6.4,ZN,6.4,海外对华锌发运量总量（万吨）,none,0.0,,,MISSING,no_match,,no_match,N/A,N/A,N/A,
THS-ZN-6.4,ZN,6.4,海外对华锌保税区库存（万吨）,none,0.0,,,MISSING,no_match,,no_match,N/A,N/A,N/A,
THS-ZN-6.4,ZN,6.4,海外对华锌保税区仓单（手）,none,0.0,,,MISSING,no_match,,no_match,N/A,N/A,N/A,
THS-ZN-6.4,ZN,6.4,近3年同月发运量均值（万吨）,none,0.0,,,MISSING,no_match,,no_match,N/A,N/A,N/A,
THS-ZN-6.4,ZN,6.4,近3年同月发运量标准差（万吨）,zhiji_search,0.7,,GM00182684,VALID,search score=0.7 | zhiji=加州空气资源委员会：未来年份碳配额：价格标准差（季）,加州空气资源委员会：未来年份碳配额：价格标准差（季）,zhiji_note,CLEAN,NO,NO,
THS-ZN-6.4,ZN,6.4,海外对华锌发运盈亏（元/吨）,none,0.0,,,MISSING,no_match,,no_match,N/A,N/A,N/A,
THS-ZN-6.4,ZN,6.4,沪伦比（元/吨）,fuzzy_name,0.857,wr173,ID01895225,FILLED,v1:fuzzy_name | fallback_variety=SN,锡沪伦比,indicators_v1[wr173],CLEAN,NO,NO,
THS-ZN-7.1,ZN,7.1,国内锌冶炼成本（元/吨）,fuzzy_name,0.571,si_25_cost_smelt_2,ID01523500,FILLED,v1:fuzzy_name | fallback_variety=SI,工业硅冶炼成本,indicators_v1[si_25_cost_smelt_2],CLEAN,NO,NO,
THS-ZN-7.1,ZN,7.1,国内锌冶炼成本分位（%）,none,0.0,,,MISSING,no_match,,no_match,N/A,N/A,N/A,
THS-ZN-7.1,ZN,7.1,国内锌精炼产量（万吨）,fuzzy_name,0.727,精炼产量,ID01510883,VALID,v1:fuzzy_name→ZN | zhiji=精炼锌：产量：中国（月）,精炼锌：产量：中国（月）,zhiji_note,CLEAN,NO,NO,
THS-ZN-7.1,ZN,7.1,国内锌冶炼加工费（元/吨）,fuzzy_name,0.667,wr199,a10000748,FILLED,v1:fuzzy_name | fallback_variety=SN,锡冶炼厂加工费,indicators_v1[wr199],CLEAN,NO,NO,
THS-ZN-7.1,ZN,7.1,国内锌电解成本（元/吨）,none,0.0,,,MISSING,no_match,,no_match,N/A,N/A,N/A,
THS-ZN-7.1,ZN,7.1,国内锌现金成本（元/吨）,fuzzy_name,0.571,si_71_cost_cash,ID02313934,FILLED,v1:fuzzy_name | fallback_variety=SI,工业硅现金成本,indicators_v1[si_71_cost_cash],CLEAN,NO,NO,
THS-ZN-7.1,ZN,7.1,国内锌冶炼利润（元/吨）,fuzzy_name,0.571,si_25_profit_smelt_2,ID01528163,FILLED,v1:fuzzy_name | fallback_variety=SI,工业硅冶炼利润,indicators_v1[si_25_profit_smelt_2],CLEAN,NO,NO,
THS-ZN-7.1,ZN,7.1,国内锌电价（元/度）,none,0.0,,,MISSING,no_match,,no_match,N/A,N/A,N/A,
THS-ZN-7.1,ZN,7.1,国内锌原料成本（元/吨）,none,0.0,,,MISSING,no_match,,no_match,N/A,N/A,N/A,
THS-ZN-7.1,ZN,7.1,近3年同季成本均值（元/吨）,zhiji_search,0.7,,ID00180030,VALID,search score=0.7 | zhiji=干胶：RSS3：近月合约：国际市场：市场价：新加坡（年）,干胶：RSS3：近月合约：国际市场：市场价：新加坡（年）,zhiji_note,CLEAN,NO,NO,
THS-ZN-7.1,ZN,7.1,近3年同季成本标准差（元/吨）,zhiji_search,0.7,,CM00908664,VALID,search score=0.7 | zhiji=中国：3年期标准国开债远期合约：成交额（月）,中国：3年期标准国开债远期合约：成交额（月）,zhiji_note,CLEAN,NO,NO,
THS-ZN-7.2,ZN,7.2,国内锌冶炼日度利润（元/吨）,none,0.0,,,MISSING,no_match,,no_match,N/A,N/A,N/A,
THS-ZN-7.2,ZN,7.2,国内锌精炼日度产量（吨）,fuzzy_name,0.625,wr242,ID01002085,FILLED,v1:fuzzy_name | fallback_variety=NI,中国精炼镍产量,indicators_v1[wr242],CLEAN,NO,NO,
THS-ZN-7.2,ZN,7.2,国内锌电解日度利润（元/吨）,none,0.0,,,MISSING,no_match,,no_match,N/A,N/A,N/A,
THS-ZN-7.2,ZN,7.2,国内锌冶炼日度加工费（元/吨）,fuzzy_name,0.588,wr199,a10000748,FILLED,v1:fuzzy_name | fallback_variety=SN,锡冶炼厂加工费,indicators_v1[wr199],CLEAN,NO,NO,
THS-ZN-7.2,ZN,7.2,国内锌冶炼日度原料成本（元/吨）,none,0.0,,,MISSING,no_match,,no_match,N/A,N/A,N/A,
THS-ZN-7.2,ZN,7.2,国内锌冶炼日度电价（元/度）,none,0.0,,,MISSING,no_match,,no_match,N/A,N/A,N/A,
THS-ZN-7.2,ZN,7.2,国内锌冶炼日度现金成本（元/吨）,none,0.0,,,MISSING,no_match,,no_match,N/A,N/A,N/A,
THS-ZN-7.2,ZN,7.2,国内锌冶炼日度分位成本（%）,none,0.0,,,MISSING,no_match,,no_match,N/A,N/A,N/A,
THS-ZN-7.2,ZN,7.2,近3年同日产量均值（吨）,none,0.0,,,MISSING,no_match,,no_match,N/A,N/A,N/A,
THS-ZN-7.2,ZN,7.2,近3年同日产量标准差（吨）,none,0.0,,,MISSING,no_match,,no_match,N/A,N/A,N/A,
THS-ZN-7.3,ZN,7.3,国内锌冶炼月电价（元/度）,none,0.0,,,MISSING,no_match,,no_match,N/A,N/A,N/A,
THS-ZN-7.3,ZN,7.3,国内锌电解月成本（元/吨）,none,0.0,,,MISSING,no_match,,no_match,N/A,N/A,N/A,
THS-ZN-7.3,ZN,7.3,国内锌冶炼月煤炭成本（元/吨）,none,0.0,,,MISSING,no_match,,no_match,N/A,N/A,N/A,
THS-ZN-7.3,ZN,7.3,国内锌冶炼月成本（元/吨）,none,0.0,,,MISSING,no_match,,no_match,N/A,N/A,N/A,
THS-ZN-7.3,ZN,7.3,国内锌冶炼月柴油成本（元/吨）,none,0.0,,,MISSING,no_match,,no_match,N/A,N/A,N/A,
THS-ZN-7.3,ZN,7.3,国内锌冶炼月天然气成本（元/吨）,none,0.0,,,MISSING,no_match,,no_match,N/A,N/A,N/A,
THS-ZN-7.3,ZN,7.3,国内锌精矿月成本（元/吨）,none,0.0,,,MISSING,no_match,,no_match,N/A,N/A,N/A,
THS-ZN-7.3,ZN,7.3,国内锌精矿进口量（万吨）,fuzzy_name,0.8,wr188,a10003098,FILLED,v1:fuzzy_name | fallback_variety=SN,国内锡矿进口量,indicators_v1[wr188],CLEAN,NO,NO,
THS-ZN-7.3,ZN,7.3,国内锌冶炼月硫酸成本（元/吨）,none,0.0,,,MISSING,no_match,,no_match,N/A,N/A,N/A,
THS-ZN-7.3,ZN,7.3,国内锌冶炼月能源成本分结构（元/吨）,none,0.0,,,MISSING,no_match,,no_match,N/A,N/A,N/A,
THS-ZN-7.3,ZN,7.3,国内锌冶炼月能源成本（元/吨）,none,0.0,,,MISSING,no_match,,no_match,N/A,N/A,N/A,
THS-ZN-7.3,ZN,7.3,近3年同月能源成本均值（元/吨）,none,0.0,,,MISSING,no_match,,no_match,N/A,N/A,N/A,
THS-ZN-7.3,ZN,7.3,近3年同月能源成本标准差（元/吨）,none,0.0,,,MISSING,no_match,,no_match,N/A,N/A,N/A,
