ths_chart_id,variety,series_index,original_ths_name,candidate_indicator_ids,best_match_name,best_match_score,best_match_zhiji_id,manual_zhiji_id
THS-AL-3.1,AL,1,A00铝现货均价,wr42|wr43|si_22_price_industrial_si|al_22_spot|al_25_warrant_premium_avg_price,氧化铝(河南)平均价,55.72,a12767887,
THS-AL-3.1,AL,3,行业理论盈利,wr259|si_25_profit_smelt|si_25_profit_smelt_2|zn_71_cost|zn_71_cost_2,镍铁理论利润（RKEF 山东）,50.0,a10020849,
THS-AL-3.1,AL,4,盈利运行产能占比,wr29|ni_311_capacity|al_2_capacity_aluminum|li_31_capacity|wr213,氧化铝运行产能,53.33,a12839459,
THS-AL-3.1,AL,5,亏损产量占比,精炼产量|li_32_lepid_output|wr214|li_32_output|li_35_output,精炼产量,40.0,a10124317,
THS-AL-3.1,AL,6,最低完全成本,li_71_total_cost|wr58|ni_73_cost|ni_324_cost|al_71_cost_aluminum,分路线完全成本,61.54,ID01835358,
THS-AL-3.1,AL,7,最高完全成本,li_71_total_cost|wr58|al_71_cost_aluminum|al_7_3_cost|al_7_3_cost_2,分路线完全成本,61.54,ID01835358,
THS-AL-3.1,AL,8,中位成本,wr232|sn_71_cost|sn_71_cost_percentile|sn_71_cost_2|sn_71_cost_3,工业硅成本,44.44,ID01523500,
THS-AL-3.1,AL,9,铝价指数,wr3|wr4|wr42|al_25_warrant_premium_avg_price|wr83,铝棒价格-广东,52.0,j00182087,
THS-AL-3.1,AL,10,完全成本指数,li_71_total_cost|wr58|al_71_cost_aluminum|al_7_3_cost|al_7_3_cost_2,分路线完全成本,61.54,ID01835358,
THS-AL-3.2,AL,2,综合使用电价,si_71_power|si_71_power_2|si_71_power_3|si_71_power_4|li_24_close_near_2,工业硅电价,36.36,ID01857527,
THS-AL-3.2,AL,3,吨铝电力成本,wr58|wr59|al_324_cost|al_71_cost|al_71_cost_aluminum,氧化铝(河南)完全成本,59.99,a12767886,
THS-AL-3.2,AL,4,预焙阳极均价,al_73_anode_price_gx|li_33_import_avg_price|wr35|wr36|wr37,预焙阳极：TY-1：市场价：广西（日）,47.62,ID00260226,
THS-AL-3.2,AL,5,单吨阳极成本,wr232|sn_71_cost|sn_71_cost_percentile|sn_71_cost_2|sn_71_cost_3,工业硅成本,36.36,ID01523500,
THS-AL-3.2,AL,7,冰晶石现货价,li_73_spot|li_73_spot_fwd|li_73_spot_fwd_2|li_73_spot_fwd_3|j23_lme_cash,远期现货价,54.55,ID02194399,
THS-AL-3.2,AL,8,估算辅料成本,wr232|sn_71_cost|sn_71_cost_percentile|sn_71_cost_2|sn_71_cost_3,工业硅成本,36.36,ID01523500,
THS-AL-3.2,AL,9,氧化铝、电力、阳极、其他成本占比,wr58|wr59|al_324_cost|wr28|wr45,氧化铝(河南)完全成本,56.52,a12767886,
THS-AL-3.2,AL,10,自备电价、网电价差、区域吨铝成本差,al_71_cost|al_71_cost_aluminum|al_7_3_cost|al_7_3_cost_2|al_7_3_cost_3,电解铝：生产现金成本：中国（月）,34.67,ID01001779,
THS-AL-3.3,AL,0,动力煤价格指数,li_26_price_spot|si_315_price_silica|si_315_price_silica_2|si_315_price_silica_3|si_315_price_silica_4,碳酸锂现货价格指数,50.0,ID01720084,
THS-AL-3.3,AL,1,自备电厂成本/自备电价,si_72_cost|si_72_cost_power|si_72_cost_power_2|al_7_3_cost_5|si_71_power,电力成本分项,37.5,ID02313973,
THS-AL-3.3,AL,2,石油焦价格,si_315_price_silica|si_315_price_silica_2|si_315_price_silica_3|si_315_price_silica_4|li_71_conc_price,硅石价格,66.67,ID01857528,
THS-AL-3.3,AL,3,煤沥青价格,si_315_price_silica|si_315_price_silica_2|si_315_price_silica_3|si_315_price_silica_4|wr255,硅石价格,44.44,ID01857528,
THS-AL-3.3,AL,4,预焙阳极价格,al_73_anode_price_gx|si_315_price_silica|si_315_price_silica_2|si_315_price_silica_3|si_315_price_silica_4,预焙阳极：TY-1：市场价：广西（日）,47.62,ID00260226,
THS-AL-3.3,AL,8,国内主流消费地电解铝库存,al_43_inv_plant|al_4_inv_aluminum|al_4_inv_aluminum_2|wr8|al_25_profit,SMM: 国内电解铝厂内库存: 周度,65.0,a12820686,
THS-AL-3.3,AL,10,A00现货价,li_73_spot|li_73_spot_fwd|li_73_spot_fwd_2|li_73_spot_fwd_3|wr1,远期现货价,54.55,ID02194399,
THS-AL-3.3,AL,11,基差,si_22_basis|wr252|al_00_basis|zn_21_basis|ni_22_basis,工业硅基差,40.0,a12841761,
THS-AL-4.1,AL,0,上期所沪铝期货仓单,al_25_warrant_premium_avg_price|al_41_lme_warrant|al_41_warrant|al_41_warrant_ratio|al_3_lme_warrant,铝：仓单溢价均价（日）,52.0,ID01172779,
THS-AL-4.1,AL,2,沪铝主力价格,wr3|wr4|al_00_close_front|al_53_close_front|al_00_settle_front,铝棒价格-广东,65.0,j00182087,
THS-AL-4.2,AL,0,中国主要地区/市场电解铝社会库存,al_323_inv_scrap|al_43_inv_plant|al_4_inv_aluminum|al_4_inv_aluminum_2|al_2_inv,废铝：社会库存：中国（月）,52.0,ID01001944,
THS-AL-4.2,AL,1,SMM周度铝锭库存 / 国内主流消费地电解铝锭库存,al_43_inv_plant|al_2_inv_alumina_aluminum|wr55|al_51_util|al_51_util_week,SMM: 国内电解铝厂内库存: 周度,68.42,a12820686,
THS-AL-4.2,AL,2,无锡、佛山、巩义、上海、重庆、天津等区域库存,wr177|wr179|sn_23_shfe_inv|sn_43_inv_plant|sn_23_lme_inv,中国锡锭社会库存,26.9,a10020743,
THS-AL-4.2,AL,3,Mysteel/SMM社会库存,j323_native_output|al_62_lunlun|pb_23_lunlun|j323_regen_util|j323_regen_util_w,Mysteel 原生铅产量(中国),53.85,ID01001562,
THS-AL-4.2,AL,4,沪铝主力价格,wr3|wr4|al_00_close_front|al_53_close_front|al_00_settle_front,铝棒价格-广东,65.0,j00182087,
THS-AL-4.2,AL,5,Mysteel社会库存,j323_native_output|al_62_lunlun|pb_23_lunlun|j323_regen_util|j323_regen_util_w,Mysteel 原生铅产量(中国),60.87,ID01001562,
THS-AL-4.2,AL,6,上期所沪铝期货仓单,al_25_warrant_premium_avg_price|al_41_lme_warrant|al_41_warrant|al_41_warrant_ratio|al_3_lme_warrant,铝：仓单溢价均价（日）,52.0,ID01172779,
THS-AL-4.3,AL,1,中国主要地区电解铝社会库存,al_323_inv_scrap|al_4_inv_aluminum|al_4_inv_aluminum_2|al_43_inv_plant|al_2_inv,废铝：社会库存：中国（月）,56.52,ID01001944,
THS-AL-4.3,AL,3,电解铝社会库存、电解铝厂内库存、电解铝出库量,al_4_inv_aluminum_2|wr55|wr8|al_43_inv_plant|al_2_inv_alumina_aluminum,电解铝：厂内库存：中国（日）,55.15,ID01002072,
THS-AL-4.3,AL,4,国内铝棒社会库存 / 主要市场铝棒库存,al_323_inv_scrap|al_2_inv|al_43_inv_plant|wr55|wr56,废铝：社会库存：中国（月）,50.0,ID01001944,
THS-AL-4.3,AL,5,SMM国内铝水比例,al_43_inv_plant|wr31|wr30|wr32|al_321_molten_ratio,SMM: 国内电解铝厂内库存: 周度,62.4,a12820686,
THS-AL-4.3,AL,8,铝棒加工费,wr12|wr13|al_315_tc_tc|al_315_tc_tc_percentile|sn_313_tc_tc,1A60铝杆加工费-内蒙,65.0,s20016761,
THS-AL-6.1,AL,1,废铝进口来源国数量/占比,al_323_import_scrap|wr27|al_3_import_alumina|al_314_alumina_net_imp|wr46,废铝：进口数量终值：中国（月）,67.82,CM0000173848,
THS-AL-6.1,AL,4,周到港量、港口库存、氧化铝厂库存天数,wr52|wr48|wr53|wr56|al_41_inv,氧化铝厂内库存(除新疆)-钢联,57.77,ID01721655,
THS-AL-6.3,AL,1,铝板带/铝箔/铝挤压材出口量,wr11|wr7|al_3_output|wr6|wr10,铝板带出口利润,68.42,a10015974,
THS-AL-6.3,AL,3,铝制结构件/容器/车轮/绞线出口量,wr7|al_63_export|wr90|wr6|wr10,铝材出口-总量,43.33,a10096868,
THS-AL-6.3,AL,4,出口金额、出口均价,sn_62_export_5|al_63_export|li_63_export_value|li_33_import_avg_price|ni_63_export_steel,锡：出口金额合计：关别（月）,44.44,CM0000629636,
THS-CU-2.3,CU,0,沪铜主力/连续收盘价,cu_23_comex_close|cu_24_comex_close_far|cu_22_close_front|cu_24_shfe_close_near|cu_24_shfe_close_far,COMEX：铜：主力合约：收盘价（日）,65.0,FU00015546,
THS-CU-2.3,CU,1,LME Copper Cash/3M,wr249|j23_lme_3m|al_2_lme_settle|pb_23_aux_2|zn_23_lme_3m,LME C-3M升贴水,50.0,j02797787,
THS-CU-2.3,CU,2,COMEX Copper活跃合约,cu_23_comex_close|cu_23_comex_volume|cu_23_comex_openinterest|cu_24_comex_close_far|al_00_comex_inv,COMEX：铜：主力合约：收盘价（日）,41.38,FU00015546,
THS-CU-2.3,CU,3,SHFE/LME比价,i2|wr21|wr167|j23_lme_cash|al_00_basis,SHFE铅仓单,50.0,a10157130,
THS-CU-2.3,CU,4,COMEX活跃价折算美元/吨相对LME 3M溢价,j23_lme_3m|zn_23_lme_3m|wr249|cu_23_comex_close|cu_24_comex_close_far,LME 铅官方3M卖价,41.38,a10193707,
THS-CU-2.3,CU,6,COME,LME库存|i1|wr260|j23_lme_sp3|wr19,LME库存,44.44,FU00014813,
THS-CU-2.3,CU,7,SMM 1#电解铜现货均价,cu_23_inv|cu_43_stock_gd|cu_43_stock_js|cu_25_profit|cu_324_profit,电解铜：现货库存：中国（日）,56.52,ID01168763,
THS-CU-2.3,CU,9,SMM 1#电解铜升贴水,cu_42_premium_1|cu_22_premium|cu_53_premium|cu_5_2_consumption|cu_5_2_consumption_2,电解铜：1#：升贴水：上海（日）,65.0,ID01677008,
THS-CU-2.3,CU,11,升水铜升贴水,cu_22_premium|cu_53_premium|cu_42_premium_1|cu_21_import|cu_53_output_copper_rod,电解铜：平水铜：升贴水：上海（日）,65.0,ID00302614,
THS-CU-2.3,CU,12,湿法铜升贴水,cu_42_premium_1|cu_22_premium|cu_53_premium|cu_21_import|cu_53_output_copper_rod,电解铜：1#：升贴水：上海（日）,54.74,ID01677008,
THS-CU-2.3,CU,13,SMM EQ-A铜升贴水,cu_42_premium_1|cu_22_premium|cu_53_premium|cu_42_warrant_reg|cu_42_warrant_cancel,电解铜：1#：升贴水：上海（日）,45.21,ID01677008,
THS-CU-4.1,CU,0,LME铜库存、上期所铜库存、COMEX铜库存,cu_41_comex_inv|cu_41_lme_inv|cu_23_comex_close|cu_23_comex_volume|cu_23_comex_openinterest,COMEX：铜：期货库存（日）,65.0,ID00188286,
THS-CU-4.2,CU,0,SHFE铜仓单、沪铜主力价格、现货升贴水,cu_22_close_front|cu_24_shfe_close_near|cu_24_shfe_close_far|cu_53_premium|cu_41_shfe_bc_inv,SHFE：电解铜：主力合约：收盘价（日）,57.77,FU00015764,
THS-CU-4.2,CU,1,电解铜仓单、国际铜仓单,cu_23_inv|cu_22_premium|cu_51_apparent_cons|cu_51_actual_cons|cu_44_bonded,电解铜：现货库存：中国（日）,47.27,ID01168763,
THS-CU-4.2,CU,2,仓单注册量、仓单注销量、仓单总量,wr124|si_21_warrant_industrial_si|si_22_warrant_industrial_si|si_24_warrant_industrial_si|si_42_warrant_polysilicon,碳酸锂 仓单量,30.0,FU00058091,
THS-CU-4.2,CU,3,上海、江苏、广东、浙江等仓单数量,si_21_warrant_industrial_si|si_22_warrant_industrial_si|si_24_warrant_industrial_si|si_42_warrant_polysilicon|si_42_warrant_ratio_industrial_si,GFEX：工业硅：仓单数量（日）,28.57,FU00050831,
THS-CU-4.3,CU,0,SMM中国主流地区电解铜社会库存,cu_43_social_stock|cu_23_inv|cu_43_stock_gd|cu_43_stock_js|cu_43_social_stock_ec,铜杆：社会库存：中国（日）,50.0,ID02041075,
THS-CU-4.3,CU,1,Mysteel国内市场电解铜现货库存,cu_23_inv|cu_43_stock_gd|cu_43_stock_js|cu_44_bonded|cu_41_lme_inv,电解铜：现货库存：中国（日）,62.76,ID01168763,
THS-CU-4.3,CU,2,上海库存、广东库存、江苏库存,cu_43_stock_gd|cu_43_stock_js|wr49|wr50|i32,电解铜：现货库存：广东（日）,32.0,ID00188316,
THS-CU-4.3,CU,3,上海、广东、江苏、浙江、江西等区域库存,wr216|zn_44_inv_plant|wr73|cu_42_shfe_sh_week|SHFE库存,多晶硅区域库存,32.0,a12862948,
THS-CU-4.3,CU,4,社会库存、电解铜现货成交量,cu_23_inv|cu_43_stock_gd|cu_43_stock_js|cu_44_bonded|cu_43_social_stock,电解铜：现货库存：中国（日）,54.17,ID01168763,
THS-CU-4.3,CU,5,社会库存、SHFE铜仓单,cu_24_openinterest_volume|cu_41_shfe_bc_inv|cu_42_warrant_reg|cu_42_warrant_cancel|cu_43_social_stock,SHFE：铜（BC）：年成交量（日）,56.52,FU00107602,
THS-CU-4.4,CU,0,LME-approved warehouses,LME库存|i1|wr260|j23_lme_sp3|wr19,LME库存,23.08,FU00014813,
THS-CU-4.4,CU,1,Cancelled warrants,ni_313_output_nickel_ore|ni_313_output_nickel_ore_2|ni_313_output_nickel_ore_3|ni_313_output_nickel_ore_4|ni_313_output_3,硫化镍矿：产量：伦丁矿业：Eagle矿区（季）,16.22,ID01591506,
THS-CU-4.4,CU,2,上海保税区铜库存、广东保税区铜库存,cu_43_stock_gd|cu_43_social_stock_ec|cu_46_inv_scrap|cu_52_inv|cu_43_social_stock,电解铜：现货库存：广东（日）,46.42,ID00188316,
THS-CU-4.4,CU,3,保税区库存、沪伦进口盈亏或COMEX-LME价差,ni_21_lme_price|sn_22_price|pb_23_aux_3|pb_23_aux_4|cu_23_comex_close,SMM: 进口盈亏: 镍: 现货: LME价格: 日度,35.56,a12760049,
THS-CU-4.4,CU,4,上海、广东等保税区库存,zn_44_inv_plant|wr216|SHFE库存|社库|li_43_inv_struct,锌锭：库存：上海保税区（周）,47.62,ID01030219,
THS-CU-4.4,CU,5,在途海运铜库存估算,cu_46_inv_scrap|cu_52_inv|cu_43_social_stock|cu_41_lme_inv|cu_23_inv,废铜：小样本：库存（周）,43.33,ID01676110,
THS-CU-4.4,CU,6,保税区库存、进口利润、精废价差,wr174|j24_refine_spread|li_33_import_avg_price|wr10|cu_46_spread_scrap,锡锭进口利润,38.1,ID01590826,
THS-CU-4.5,CU,0,精铜杆企业原料库存,cu_51_capacity_copper_rod|cu_43_social_stock|cu_43_social_stock_ec|cu_53_inv|cu_46_inv_scrap,精铜杆企业：产能：样本企业（月）,59.09,ID01001459,
THS-CU-4.5,CU,1,精铜杆企业成品库存,cu_51_capacity_copper_rod|cu_43_social_stock|cu_43_social_stock_ec|cu_53_inv|cu_46_inv_scrap,精铜杆企业：产能：样本企业（月）,59.09,ID01001459,
THS-CU-4.5,CU,2,再生铜杆企业原料库存,cu_323_inv_recycle|cu_323_output_recycle|cu_46_output_recycle|cu_43_social_stock|cu_43_social_stock_ec,美国铜发展协会：再生铜废料：库存（年）,59.99,ID02014256,
THS-CU-4.5,CU,3,黄铜棒企业原料库存,cu_46_inv_scrap|cu_52_inv|cu_323_inv_recycle|cu_43_social_stock|cu_41_lme_inv,废铜：小样本：库存（周）,43.33,ID01676110,
THS-CU-4.5,CU,4,铜线缆企业原料库存、漆包线企业原料库存,cu_51_capacity_copper_rod|cu_52_inv|cu_42_shfe_sh_week|cu_323_inv_recycle|cu_46_inv_scrap,精铜杆企业：产能：样本企业（月）,40.62,ID01001459,
THS-CU-4.5,CU,5,精铜杆、再生铜杆、线缆、铜管等成品库存,cu_323_inv_recycle|cu_52_inv|cu_43_social_stock|cu_43_social_stock_ec|cu_53_inv,美国铜发展协会：再生铜废料：库存（年）,45.88,ID02014256,
THS-LI-2.1,LI,1,持仓量（手）,wr171|wr124|wr19|li_21_openinterest_futures|li_26_top20_openinterest,沪锡总持仓量,50.0,a10177562,
THS-LI-2.1,LI,2,成交量（手）,j21_volume|zn_21_volume|si_21_volume_front|wr119|wr181,沪铅主力连续成交量,33.33,kline:PB:D,
THS-LI-2.1,LI,3,多空持仓比（%）,li_26_top20_openinterest|li_26_openinterest_top20_long|li_26_openinterest_top20_long_2|li_26_openinterest_top20_long_3|li_26_openinterest_top20_short,空头前20持仓量,46.15,FU00085347,
THS-LI-2.1,LI,4,基差（元/吨）,si_22_basis|wr252|al_00_basis|zn_21_basis|ni_22_basis,工业硅基差,40.0,a12841761,
THS-LI-2.1,LI,5,现货升贴水（元/吨）,j23_lme_sp3|wr168|wr169|wr1|wr2,LME 铅(现货/三个月)升贴水,50.0,j02797772,
THS-LI-2.1,LI,6,期限结构（元/吨）,li_43_inv_struct|li_43_inv_struct_2|li_24_futures_struct|主连|li_53_cons_struct,库存结构,50.0,ID01865203,
THS-LI-2.1,LI,7,月差（元/吨）,si_22_basis|si_23_spread_futures|li_24_spread_futures|li_24_lc_spread|wr252,工业硅基差,28.57,a12841761,
THS-LI-2.1,LI,8,仓单注册量（手）,wr124|wr263|wr171|i2|si_21_warrant_industrial_si,碳酸锂 仓单量,54.55,FU00058091,
THS-LI-2.1,LI,9,近3年同月收盘价均值（元/吨）,li_24_close_near_2|sn_23_lme_close_3m|cu_24_lme_close|cu_25_lme_close_front|al_00_lme_close,近月合约收盘价,62.5,a12841695,
THS-LI-2.1,LI,10,近3年同月收盘价标准差（元/吨）,li_24_close_near_2|sn_23_lme_close_3m|cu_24_lme_close|cu_25_lme_close_front|al_00_lme_close,近月合约收盘价,58.82,a12841695,
THS-LI-2.1,LI,11,近3年同月持仓量均值（手）,al_23_lme_oi|wr171|li_21_openinterest_futures|li_26_top20_openinterest|li_26_openinterest_top20_long,LME：铝：3个月合约：持仓量（日）,41.67,FU00014314,
THS-LI-2.1,LI,12,近3年同月持仓量标准差（手）,al_23_lme_oi|wr172|wr171|li_21_openinterest_futures|li_26_top20_openinterest,LME：铝：3个月合约：持仓量（日）,40.0,FU00014314,
THS-LI-2.2,LI,4,仓单注册量（手）,wr124|wr263|wr171|i2|si_21_warrant_industrial_si,碳酸锂 仓单量,54.55,FU00058091,
THS-LI-2.2,LI,6,月差（元/吨）,si_22_basis|si_23_spread_futures|li_24_spread_futures|li_24_lc_spread|wr252,工业硅基差,28.57,a12841761,
THS-LI-2.2,LI,7,期限结构（元/吨）,li_43_inv_struct|li_43_inv_struct_2|li_24_futures_struct|主连|li_53_cons_struct,库存结构,50.0,ID01865203,
THS-LI-2.2,LI,8,近3年同月升贴水均值（元/吨）,j23_lme_0to3|wr249|j23_lme_sp3|wr168|wr169,LME 铅0-3月升贴水,50.0,a10021406,
THS-LI-2.2,LI,9,近3年同月升贴水标准差（元/吨）,j23_lme_0to3|wr172|wr249|j23_lme_sp3|zn_21_lme_03,LME 铅0-3月升贴水,47.62,a10021406,
THS-LI-2.2,LI,10,基差（元/吨）,si_22_basis|wr252|al_00_basis|zn_21_basis|ni_22_basis,工业硅基差,40.0,a12841761,
THS-LI-2.2,LI,13,氢氧化锂升贴水占比（%）,li_35_output|li_35_util|li_62_export_2|li_25_profit_smelt|wr118,氢氧化锂产量,69.33,a10001934,
THS-LI-2.3,LI,0,LME锂价（美元/吨）,li_71_price|li_71_lepid_price|li_71_lepid_price_2|li_33_import_avg_price|li_71_conc_price,锂云母价格,52.0,ID01702776,
THS-LI-2.3,LI,1,COMEX锂价（美元/吨）,li_41_warrant_3|li_21_close_front|li_21_close|li_21_close_2|li_24_close_near,GFEX碳酸锂仓单总量,48.75,a12723883,
THS-LI-2.3,LI,3,进口盈亏（元/吨）,cu_21_import|ni_41_import|ni_61_import_3|ni_62_import|pb_23_aux_5,铜：进口盈亏（日）,66.67,ID01030232,
THS-LI-2.3,LI,4,海外现货升贴水（美元/吨）,j22_premium|li_22_premium_spot|li_22_premium_battery_lc|zn_22_aux|cu_53_premium,SMM 上海铅现货升贴水,66.67,a10017061,
THS-LI-2.3,LI,6,现金价（美元/吨）,li_73_spot|li_73_spot_fwd|li_73_spot_fwd_2|li_73_spot_fwd_3|si_71_cash_cost,远期现货价,50.0,ID02194399,
THS-LI-2.3,LI,7,近3年同月价格均值（美元/吨）,li_24_close_near_2|wr172|sn_23_lme_close_3m|si_315_price_silica|si_315_price_silica_2,近月合约收盘价,40.0,a12841695,
THS-LI-2.3,LI,8,近3年同月价格标准差（美元/吨）,wr172|li_24_close_near_2|sn_23_lme_close_3m|si_315_price_silica|si_315_price_silica_2,沪锡近半年月差变化,42.11,a12841510,
THS-LI-2.3,LI,9,近3年同月沪伦比均值（元/吨）,wr173|j22_shfe_ratio|wr21|al_62_lunlun|pb_23_lunlun,锡沪伦比,42.86,ID01895225,
THS-LI-2.3,LI,10,近3年同月沪伦比标准差（元/吨）,wr172|wr173|wr21|j22_shfe_ratio|al_62_lunlun,沪锡近半年月差变化,40.0,a12841510,
THS-LI-2.3,LI,11,COMEX仓单（手）,cu_23_comex_openinterest|i6|i7|wr17|al_00_comex_inv,COMEX：铜：主力合约：持仓量（日）,54.55,FU00015536,
THS-LI-2.4,LI,0,月差（元/吨）,si_22_basis|si_23_spread_futures|li_24_spread_futures|li_24_lc_spread|wr252,工业硅基差,28.57,a12841761,
THS-LI-2.4,LI,1,期限结构（元/吨）,li_43_inv_struct|li_43_inv_struct_2|li_24_futures_struct|主连|li_53_cons_struct,库存结构,50.0,ID01865203,
THS-LI-2.4,LI,4,基差（元/吨）,si_22_basis|wr252|al_00_basis|zn_21_basis|ni_22_basis,工业硅基差,40.0,a12841761,
THS-LI-2.4,LI,5,仓单注册量（手）,wr124|wr263|wr171|i2|si_21_warrant_industrial_si,碳酸锂 仓单量,54.55,FU00058091,
THS-LI-2.4,LI,6,近3年同月均值（元/吨）,wr172|wr21|li_24_close_near_2|j23_lme_0to3|sn_23_lme_close_3m,沪锡近半年月差变化,37.5,a12841510,
THS-LI-2.4,LI,7,近3年同月标准差（元/吨）,wr172|wr21|li_24_close_near_2|si_23_spread_futures|li_24_spread_futures,沪锡近半年月差变化,47.06,a12841510,
THS-LI-2.4,LI,9,持仓量（手）,wr171|wr124|wr19|li_21_openinterest_futures|li_26_top20_openinterest,沪锡总持仓量,50.0,a10177562,
THS-LI-2.5,LI,0,估值分位（%）,li_25_profit_5|li_25_by_route_profit|li_25_by_route_profit_2|si_72_cost|si_72_cost_power,分路线利润,22.22,a12795960,
THS-LI-2.5,LI,2,冶炼利润（元/吨）,sn_72_idx|si_25_profit_smelt|si_25_profit_smelt_2|li_25_profit_smelt|li_25_profit_5,冶炼锡：毛利（日）,60.0,ID02105841,
THS-LI-2.5,LI,8,近3年同月分位均值（%）,wr172|wr21|al_25_lme_quantile|li_24_close_near_2|j23_lme_0to3,沪锡近半年月差变化,33.33,a12841510,
THS-LI-2.5,LI,9,近3年同月分位标准差（%）,wr172|wr21|al_25_lme_quantile|li_24_close_near_2|si_23_spread_futures,沪锡近半年月差变化,42.11,a12841510,
THS-LI-2.5,LI,10,近3年同月利润均值（元/吨）,wr172|wr21|li_25_profit_5|li_25_by_route_profit|li_25_by_route_profit_2,沪锡近半年月差变化,33.33,a12841510,
THS-LI-2.5,LI,11,近3年同月利润标准差（元/吨）,wr172|wr21|li_25_profit_5|li_25_by_route_profit|li_25_by_route_profit_2,沪锡近半年月差变化,42.11,a12841510,
THS-LI-2.6,LI,2,多空持仓比（%）,li_26_top20_openinterest|li_26_openinterest_top20_long|li_26_openinterest_top20_long_2|li_26_openinterest_top20_long_3|li_26_openinterest_top20_short,空头前20持仓量,46.15,FU00085347,
THS-LI-2.6,LI,4,前20多头净持仓（手）,li_26_top20_openinterest|li_26_openinterest_top20_long|li_26_openinterest_top20_long_2|li_26_openinterest_top20_long_3|li_26_openinterest_top20_short,空头前20持仓量,62.5,FU00085347,
THS-LI-2.6,LI,5,成交量（手）,j21_volume|zn_21_volume|si_21_volume_front|wr119|wr181,沪铅主力连续成交量,33.33,kline:PB:D,
THS-LI-2.6,LI,6,前20空头净持仓（手）,li_26_top20_openinterest|li_26_openinterest_top20_long|li_26_openinterest_top20_long_2|li_26_openinterest_top20_long_3|li_26_openinterest_top20_short,空头前20持仓量,62.5,FU00085347,
THS-LI-2.6,LI,7,持仓量（手）,wr171|wr124|wr19|li_21_openinterest_futures|li_26_top20_openinterest,沪锡总持仓量,50.0,a10177562,
THS-LI-2.6,LI,8,近3年同月多空持仓比均值（%）,wr21|al_23_lme_oi|li_26_top20_openinterest|li_26_openinterest_top20_long|li_26_openinterest_top20_long_2,SHFE铝近3月虚实比,34.78,a12852880,
THS-LI-2.6,LI,9,近3年同月多空持仓比标准差（%）,wr172|wr21|al_23_lme_oi|li_26_top20_openinterest|li_26_openinterest_top20_long,沪锡近半年月差变化,36.36,a12841510,
THS-LI-2.6,LI,10,前20席位总持仓（手）,li_26_top20_openinterest|li_26_openinterest_top20_long|li_26_openinterest_top20_long_2|li_26_openinterest_top20_long_3|li_26_openinterest_top20_short,空头前20持仓量,62.5,FU00085347,
THS-LI-2.6,LI,11,近3年同月总持仓均值（手）,wr171|al_23_lme_oi|wr172|wr21|li_24_close_near_2,沪锡总持仓量,37.5,a10177562,
THS-LI-2.6,LI,12,近3年同月总持仓标准差（手）,wr172|wr171|al_23_lme_oi|wr21|li_24_close_near_2,沪锡近半年月差变化,40.0,a12841510,
THS-LI-3.1.1,LI,1,海外精炼产量（万吨LCE）,精炼产量|li_31_output|wr242|wr247|li_31_capacity,精炼产量,66.67,ID00188139,
THS-LI-3.1.1,LI,3,海外开工率（%）,开工率|wr235|li_51_util_ternary|wr57|wr197,开工率,60.0,ID01067717,
THS-LI-3.1.1,LI,4,海外产能利用率（%）,li_322_util|li_322_util_m|si_313_util_capacity|li_31_capacity|ni_321_capacity_util,碳酸锂产能利用率中国（周）,58.82,ID01445893,
THS-LI-3.1.1,LI,5,海外检修量（万吨LCE）,li_31_output|li_31_capacity|li_63_conc|wr218|i17,海外碳酸锂产量(智利),50.0,a12817812,
THS-LI-3.1.1,LI,6,海外加工费TC（元/吨）,TC|wr199|wr158|wr159|wr160,TC加工费,50.0,ID01154994,
THS-LI-3.1.1,LI,7,海外进口量（万吨LCE）,wr275|i17|si_61_import_3|li_61_import_2|wr27,镍铁进口量,60.0,CM0000138647,
THS-LI-3.1.1,LI,8,近3年同季均值（万吨LCE）,wr172|wr21|li_24_close_near_2|li_33_import_avg_price|wr35,沪锡近半年月差变化,25.0,a12841510,
THS-LI-3.1.1,LI,9,近3年同季标准差（万吨LCE）,wr172|wr21|si_22_basis|al_2_lme_settle|pb_23_aux_2,沪锡近半年月差变化,35.29,a12841510,
THS-LI-3.1.2,LI,8,近3年同月均值（万吨LCE）,wr172|wr21|li_24_close_near_2|j23_lme_0to3|sn_23_lme_close_3m,沪锡近半年月差变化,37.5,a12841510,
THS-LI-3.1.2,LI,9,近3年同月标准差（万吨LCE）,wr172|wr21|li_24_close_near_2|si_23_spread_futures|li_24_spread_futures,沪锡近半年月差变化,47.06,a12841510,
THS-LI-3.1.3,LI,4,国内锂矿产能（万吨LCE）,li_35_util_2|li_322_util|li_322_util_m|li_31_output_lithium_ore_au|li_31_output_lithium_ore_au_2,国内锂盐精炼开工率,52.0,a12715874,
THS-LI-3.1.3,LI,7,国内锂矿检修量（万吨LCE）,li_63_conc|li_63_conc_shipment|li_35_util_2|li_31_output_lithium_ore_au|li_31_output_lithium_ore_au_2,锂精矿海漂量(澳大利亚),59.99,ID02038532,
THS-LI-3.1.3,LI,8,近3年同月均值（万吨LCE）,wr172|wr21|li_24_close_near_2|j23_lme_0to3|sn_23_lme_close_3m,沪锡近半年月差变化,37.5,a12841510,
THS-LI-3.1.3,LI,9,近3年同月标准差（万吨LCE）,wr172|wr21|li_24_close_near_2|si_23_spread_futures|li_24_spread_futures,沪锡近半年月差变化,47.06,a12841510,
THS-LI-3.1.3,LI,10,近3年同月均值（%）,wr172|wr21|li_24_close_near_2|j23_lme_0to3|sn_23_lme_close_3m,沪锡近半年月差变化,37.5,a12841510,
THS-LI-3.1.3,LI,11,近3年同月标准差（%）,wr172|wr21|li_24_close_near_2|si_23_spread_futures|li_24_spread_futures,沪锡近半年月差变化,47.06,a12841510,
THS-LI-3.1.4,LI,2,澳大利亚进口量（万吨LCE）,wr88|wr157|wr185|wr275|sn_312_output_3,铝土矿进口-澳大利亚,50.0,ID01655446,
THS-LI-3.1.4,LI,3,非洲进口量（万吨LCE）,wr275|si_61_import_3|li_61_import_2|wr27|wr270,镍铁进口量,60.0,CM0000138647,
THS-LI-3.1.4,LI,4,南美进口量（万吨LCE）,wr192|wr275|si_61_import_3|li_61_import_2|wr27,美国锡净进口量,66.67,a12840346,
THS-LI-3.1.4,LI,5,澳大利亚进口占比（%）,wr88|wr157|sn_312_output_3|cu_311_output|cu_312_output_conc,铝土矿进口-澳大利亚,47.06,ID01655446,
THS-LI-3.1.4,LI,6,非洲进口占比（%）,wr87|wr91|wr275|cu_21_import|si_61_import_3,铝土矿进口-总量,36.36,a10016324,
THS-LI-3.1.4,LI,7,南美进口占比（%）,wr192|wr87|wr91|wr275|cu_21_import,美国锡净进口量,46.15,a12840346,
THS-LI-3.1.4,LI,11,近3年同月均值（万吨LCE）,wr172|wr21|li_24_close_near_2|j23_lme_0to3|sn_23_lme_close_3m,沪锡近半年月差变化,37.5,a12841510,
THS-LI-3.1.4,LI,12,近3年同月标准差（万吨LCE）,wr172|wr21|li_24_close_near_2|si_23_spread_futures|li_24_spread_futures,沪锡近半年月差变化,47.06,a12841510,
THS-LI-3.1.5,LI,0,锂矿TC（元/吨）,li_73_conc_avg_price|li_33_import_avg_price|li_63_conc|li_63_conc_shipment|wr150,锂辉石精矿CIF均价,55.72,ID01722298,
THS-LI-3.1.5,LI,1,锂辉石TC（元/吨）,li_73_conc_avg_price|li_71_conc_price|li_71_spod_price_conc|wr158|wr159,锂辉石精矿CIF均价,69.33,ID01722298,
THS-LI-3.1.5,LI,3,澳大利亚TC（元/吨）,wr88|wr157|sn_312_output_3|cu_311_output|cu_312_output_conc,铝土矿进口-澳大利亚,53.33,ID01655446,
THS-LI-3.1.5,LI,4,非洲TC（元/吨）,TC|cu_44_tc_conc|li_31_output_lithium_ore_au|li_31_output_lithium_ore_au_2|wr66,TC加工费,44.44,ID01154994,
THS-LI-3.1.5,LI,5,南美TC（元/吨）,TC|cu_44_tc_conc|cu_25_tc_conc|cu_315_import_conc|al_6_4_output_8,TC加工费,44.44,ID01154994,
THS-LI-3.1.5,LI,8,近3年同月均值（元/吨）,wr172|wr21|li_24_close_near_2|j23_lme_0to3|sn_23_lme_close_3m,沪锡近半年月差变化,37.5,a12841510,
THS-LI-3.1.5,LI,9,近3年同月标准差（元/吨）,wr172|wr21|li_24_close_near_2|si_23_spread_futures|li_24_spread_futures,沪锡近半年月差变化,47.06,a12841510,
THS-LI-3.1.5,LI,10,冶炼开工率（%）,开工率|wr235|sn_71_util|li_35_util_2|li_51_util_ternary,开工率,60.0,ID01067717,
THS-LI-3.2.1,LI,8,近3年同月均值（万吨LCE）,wr172|wr21|li_24_close_near_2|j23_lme_0to3|sn_23_lme_close_3m,沪锡近半年月差变化,37.5,a12841510,
THS-LI-3.2.1,LI,9,近3年同月标准差（万吨LCE）,wr172|wr21|li_24_close_near_2|si_23_spread_futures|li_24_spread_futures,沪锡近半年月差变化,47.06,a12841510,
THS-LI-3.2.1,LI,11,国内锂盐检修量（万吨LCE）,li_35_util_2|wr105|li_32_lepid_output|li_62_export|li_32_output,国内锂盐精炼开工率,65.0,a12715874,
THS-LI-3.2.2,LI,1,国内锂盐检修量（万吨LCE）,li_35_util_2|wr105|li_32_lepid_output|li_62_export|li_32_output,国内锂盐精炼开工率,65.0,a12715874,
THS-LI-3.2.2,LI,8,近3年同月均值（%）,wr172|wr21|li_24_close_near_2|j23_lme_0to3|sn_23_lme_close_3m,沪锡近半年月差变化,37.5,a12841510,
THS-LI-3.2.2,LI,9,近3年同月标准差（%）,wr172|wr21|li_24_close_near_2|si_23_spread_futures|li_24_spread_futures,沪锡近半年月差变化,47.06,a12841510,
THS-LI-3.2.2,LI,10,近3年同月均值（万吨LCE）,wr172|wr21|li_24_close_near_2|j23_lme_0to3|sn_23_lme_close_3m,沪锡近半年月差变化,37.5,a12841510,
THS-LI-3.2.2,LI,11,近3年同月标准差（万吨LCE）,wr172|wr21|li_24_close_near_2|si_23_spread_futures|li_24_spread_futures,沪锡近半年月差变化,47.06,a12841510,
THS-LI-3.2.2,LI,13,国内锂盐产能（万吨LCE）,li_35_util_2|wr104|wr105|li_322_util|li_322_util_m,国内锂盐精炼开工率,69.33,a12715874,
THS-LI-3.2.3,LI,2,回收企业产量（万吨LCE）,si_312_output|li_36_idx|li_36_recycle_lc|si_321_output|si_323_output_recycle,美国工业硅产量,46.15,ID01552216,
THS-LI-3.2.3,LI,3,回收企业产能（万吨LCE）,si_312_capacity|li_36_idx|li_36_recycle_lc|si_321_capacity_2|li_323_capacity,硅锰企业：产能：中国（月）,50.0,ID01108784,
THS-LI-3.2.3,LI,4,回收企业开工率（%）,wr268|si_312_util_2|si_312_util_3|si_321_util_polysilicon|si_323_util_recycle_polysilicon,中国硫酸镍企业开工率,58.82,a12839552,
THS-LI-3.2.3,LI,5,回收企业检修量（万吨LCE）,si_61_import_3|si_62_export|si_62_export_2|li_321_output_carbonate|zn_312_output_7,工业硅进口量,30.77,CM0000287718,
THS-LI-3.2.3,LI,6,回收企业产能利用率（%）,cu_51_capacity_util_copper_tube|si_313_util_capacity|si_311_capacity_util|si_315_capacity_util_industrial_si|si_321_capacity_industrial_si,铜管企业：产能利用率：中国（月）,63.64,ID01001705,
THS-LI-3.2.3,LI,7,回收企业开工天数（天）,wr268|si_312_util_2|si_312_util_3|si_321_util_polysilicon|si_323_util_recycle_polysilicon,中国硫酸镍企业开工率,44.44,a12839552,
THS-LI-3.2.3,LI,8,近3年同月均值（万吨LCE）,wr172|wr21|li_24_close_near_2|j23_lme_0to3|sn_23_lme_close_3m,沪锡近半年月差变化,37.5,a12841510,
THS-LI-3.2.3,LI,9,近3年同月标准差（万吨LCE）,wr172|wr21|li_24_close_near_2|si_23_spread_futures|li_24_spread_futures,沪锡近半年月差变化,47.06,a12841510,
THS-LI-3.2.3,LI,10,近3年同月均值（%）,wr172|wr21|li_24_close_near_2|j23_lme_0to3|sn_23_lme_close_3m,沪锡近半年月差变化,37.5,a12841510,
THS-LI-3.2.3,LI,11,近3年同月标准差（%）,wr172|wr21|li_24_close_near_2|si_23_spread_futures|li_24_spread_futures,沪锡近半年月差变化,47.06,a12841510,
THS-LI-3.2.4,LI,7,锂矿TC（元/吨）,li_73_conc_avg_price|li_33_import_avg_price|li_63_conc|li_63_conc_shipment|wr150,锂辉石精矿CIF均价,55.72,ID01722298,
THS-LI-3.2.4,LI,8,近3年同月均值（元/吨）,wr172|wr21|li_24_close_near_2|j23_lme_0to3|sn_23_lme_close_3m,沪锡近半年月差变化,37.5,a12841510,
THS-LI-3.2.4,LI,9,近3年同月标准差（元/吨）,wr172|wr21|li_24_close_near_2|si_23_spread_futures|li_24_spread_futures,沪锡近半年月差变化,47.06,a12841510,
THS-LI-3.2.4,LI,10,冶炼产能利用率（%）,ni_321_capacity_util|li_322_util|li_322_util_m|si_313_util_capacity|si_312_capacity_util_2,精炼镍：产能利用率：中国（月）,63.16,ID01002083,
THS-LI-3.2.4,LI,11,冶炼检修量（万吨LCE）,精炼产量|li_44_inv_smelt|sn_72_idx|si_25_profit_smelt|si_25_cost_smelt,精炼产量,44.44,ID00188139,
THS-LI-3.2.4,LI,12,冶炼利润（元/吨）,sn_72_idx|si_25_profit_smelt|si_25_profit_smelt_2|li_25_profit_smelt|li_25_profit_5,冶炼锡：毛利（日）,60.0,ID02105841,
THS-LI-3.2.4,LI,13,冶炼产能（万吨LCE）,精炼产量|si_321_capacity_2|li_31_capacity|ni_311_capacity_2|ni_311_capacity_3,精炼产量,50.0,ID00188139,
THS-LI-4.1,LI,1,氢氧化锂交易所库存（万吨LCE）,li_35_output|li_35_util|li_62_export_2|li_25_profit_smelt|li_53_apparent_cons,氢氧化锂产量,69.33,a10001934,
THS-LI-4.1,LI,4,仓单数量（万吨LCE）,wr124|wr263|wr171|i2|li_61_import_total,碳酸锂 仓单量,60.0,FU00058091,
THS-LI-4.1,LI,5,注销仓单数量（万吨LCE）,i7|al_41_lme_warrant|al_41_warrant|al_41_warrant_ratio|cu_42_warrant_cancel,LME铅注销仓单,57.14,a10193711,
THS-LI-4.1,LI,6,在途库存（万吨LCE）,SHFE库存|社库|li_43_inv_struct|li_43_inv_struct_2|wr152,上期所库存,57.14,FU00014935,
THS-LI-4.1,LI,7,隐性库存（万吨LCE）,SHFE库存|社库|li_43_inv_struct|li_43_inv_struct_2|wr178,上期所库存,57.14,FU00014935,
THS-LI-4.1,LI,8,近3年同月均值（万吨LCE）,wr172|wr21|li_24_close_near_2|j23_lme_0to3|sn_23_lme_close_3m,沪锡近半年月差变化,37.5,a12841510,
THS-LI-4.1,LI,9,近3年同月标准差（万吨LCE）,wr172|wr21|li_24_close_near_2|si_23_spread_futures|li_24_spread_futures,沪锡近半年月差变化,47.06,a12841510,
THS-LI-4.2,LI,4,注销仓单数量（万吨LCE）,i7|al_41_lme_warrant|al_41_warrant|al_41_warrant_ratio|cu_42_warrant_cancel,LME铅注销仓单,57.14,a10193711,
THS-LI-4.2,LI,5,仓单数量（万吨LCE）,wr124|wr263|wr171|i2|li_61_import_total,碳酸锂 仓单量,60.0,FU00058091,
THS-LI-4.2,LI,6,仓单注销占比（%）,al_41_lme_warrant_ratio|sn_42_ratio|sn_43_ratio|ni_42_ratio|wr263,LME：铝：注销占比（日）,50.0,FU00023742,
THS-LI-4.2,LI,7,近3年同月均值（万吨LCE）,wr172|wr21|li_24_close_near_2|j23_lme_0to3|sn_23_lme_close_3m,沪锡近半年月差变化,37.5,a12841510,
THS-LI-4.2,LI,8,近3年同月标准差（万吨LCE）,wr172|wr21|li_24_close_near_2|si_23_spread_futures|li_24_spread_futures,沪锡近半年月差变化,47.06,a12841510,
THS-LI-4.2,LI,9,仓单库存天数（天）,i15|li_44_inv|wr83|wr131|wr132,再生铅原料库存天数,53.33,a12810628,
THS-LI-4.3,LI,4,厂内库存（万吨LCE）,li_44_inv_smelt|SHFE库存|si_43_inv|li_44_lc_inv_plant|wr130,冶炼厂库存总量,66.67,a10097626,
THS-LI-4.3,LI,5,在途库存（万吨LCE）,SHFE库存|社库|li_43_inv_struct|li_43_inv_struct_2|wr152,上期所库存,57.14,FU00014935,
THS-LI-4.3,LI,6,隐性库存（万吨LCE）,SHFE库存|社库|li_43_inv_struct|li_43_inv_struct_2|wr178,上期所库存,57.14,FU00014935,
THS-LI-4.3,LI,7,近3年同月均值（万吨LCE）,wr172|wr21|li_24_close_near_2|j23_lme_0to3|sn_23_lme_close_3m,沪锡近半年月差变化,37.5,a12841510,
THS-LI-4.3,LI,8,近3年同月标准差（万吨LCE）,wr172|wr21|li_24_close_near_2|si_23_spread_futures|li_24_spread_futures,沪锡近半年月差变化,47.06,a12841510,
THS-LI-4.3,LI,9,库存天数（天）,SHFE库存|社库|li_43_inv_struct|li_43_inv_struct_2|wr267,上期所库存,57.14,FU00014935,
THS-LI-4.4,LI,4,厂内库存天数（天）,li_44_inv|wr151|li_44_inv_smelt|i15|wr52,碳酸锂工厂库存天数,66.67,a12805120,
THS-LI-4.4,LI,5,近3年同月均值（万吨LCE）,wr172|wr21|li_24_close_near_2|j23_lme_0to3|sn_23_lme_close_3m,沪锡近半年月差变化,37.5,a12841510,
THS-LI-4.4,LI,6,近3年同月标准差（万吨LCE）,wr172|wr21|li_24_close_near_2|si_23_spread_futures|li_24_spread_futures,沪锡近半年月差变化,47.06,a12841510,
THS-LI-4.4,LI,7,厂内库存分地区（万吨LCE）,wr151|li_44_inv_plant|li_44_inv_smelt|wr52|al_4_inv_aluminum_2,锂矿 外采 厂内库存,53.33,ID02069945,
THS-LI-4.4,LI,8,厂内库存持有者（万吨LCE）,wr151|li_44_inv_smelt|wr52|al_4_inv_aluminum_2|si_43_inv,锂矿 外采 厂内库存,53.33,ID02069945,
THS-LI-4.4,LI,9,厂内库存在途量（万吨LCE）,wr151|li_44_inv_smelt|wr52|al_4_inv_aluminum_2|si_43_inv,锂矿 外采 厂内库存,53.33,ID02069945,
THS-NI-2.1,NI,1,沪镍主力合约成交量（手）,ni_21_volume_front|ni_21_volume_top20|ni_21_openinterest_front|ni_26_openinterest_top20_front|ni_26_openinterest_top20_front_2,SHFE：镍：主力合约：单边交易：成交量（日）,67.41,FU00018044,
THS-NI-2.1,NI,2,沪镍主力合约持仓量（手）,ni_21_openinterest_front|ni_26_openinterest_top20_front|ni_26_openinterest_top20_front_2|ni_21_volume_front|ni_21_close_front,SHFE：镍：主力合约：单边交易：持仓量（日）,67.41,FU00018043,
THS-NI-2.1,NI,7,月差（近月-远月）,si_22_basis|si_23_spread_futures|li_24_spread_futures|li_24_lc_spread|wr252,工业硅基差,28.57,a12841761,
THS-NI-2.1,NI,8,镍现货升贴水（元/吨）,ni_32_premium|ni_42_premium|ni_21_premium|ni_22_premium_percentile|ni_22_premium,电解镍：Ni≥99.96%：俄罗斯产：现货到岸升贴水：中国（日）,45.88,ID00265540,
THS-NI-2.1,NI,9,镍期货仓单数量（吨）,ni_22_import|ni_313_import_2|ni_45_import|ni_45_import_3|ni_45_import_4,冰镍：进口数量合计：中国（月）,45.88,ID01364224,
THS-NI-2.1,NI,10,仓单注册量变化（吨）,wr124|wr194|wr182|wr195|wr263,碳酸锂 仓单量,46.15,FU00058091,
THS-NI-2.1,NI,13,汇率（USD/CNY）,开工率|wr235|li_51_util_ternary|wr57|wr197,开工率,40.0,a10019689,
THS-NI-2.1,NI,14,沪镍前20名期货公司席位成交量（手）,ni_21_volume_top20|ni_21_volume_front|ni_71_cost_nickel_ore|ni_41_lme_inv|ni_26_percentile_openinterest_top2,LME：镍：3个月合约：成交量（日）,35.87,FU00014809,
THS-NI-2.1,NI,15,近1年持仓量分位（%）,wr171|li_21_openinterest_futures|li_26_top20_openinterest|li_26_openinterest_top20_long|li_26_openinterest_top20_long_2,沪锡总持仓量,42.86,a10177562,
THS-NI-2.1,NI,16,沪镍主力合约收盘价、沪镍主力合约成交量,ni_21_close_front|ni_21_volume_front|ni_21_openinterest_front|ni_26_openinterest_top20_front|ni_26_openinterest_top20_front_2,SHFE：镍：主力合约：收盘价（日）,58.71,FU00014997,
THS-NI-2.1,NI,17,沪镍主力合约持仓量、前20名多头持仓量、前20名空头持仓量,ni_21_openinterest_front|ni_26_openinterest_top20_front|ni_26_openinterest_top20_front_2|ni_21_percentile_openinterest|ni_21_volume_front,SHFE：镍：主力合约：单边交易：持仓量（日）,38.73,FU00018043,
THS-NI-2.1,NI,18,沪镍近月合约价格、沪镍远月合约价格、月差（近月-远月）,wr256|wr254|wr253|ni_21_close_front|ni_21_volume_top20,镍铁价格（江苏，7%≤Ni≤13%）,35.45,ID00185681,
THS-NI-2.1,NI,19,沪镍近月合约价格、沪镍远月合约价格、月差,wr256|wr254|wr253|ni_21_close_front|ni_21_volume_top20,镍铁价格（江苏，7%≤Ni≤13%）,35.45,ID00185681,
THS-NI-2.1,NI,20,镍现货升贴水（元/吨）、沪镍主力合约收盘价（元/吨）,ni_21_close_front|wr257|ni_32_premium|ni_42_premium|ni_21_premium,SHFE：镍：主力合约：收盘价（日）,62.76,FU00014997,
THS-NI-2.1,NI,21,SMM1#电解镍升贴水,ni_25_percentile_price|ni_25_percentile_price_2|ni_25_price|ni_22_premium_3|ni_32_premium,SMM: 电解镍进口盈亏（沪伦价格差）: 日度,62.4,a10000206,
THS-NI-2.1,NI,22,镍现货升贴水,ni_32_premium|ni_42_premium|ni_21_premium|ni_22_premium_percentile|ni_22_premium,电解镍：Ni≥99.96%：俄罗斯产：现货到岸升贴水：中国（日）,45.88,ID00265540,
THS-NI-2.1,NI,23,镍期货仓单数量（吨）、仓单注册量变化（吨）,ni_313_import|ni_314_import_2|ni_323_import_nickel_powder|ni_61_import|ni_61_import_nickel_ore_4,镍生铁：进口数量：中国：以金属量计（月）,32.5,ID01002130,
THS-NI-2.1,NI,24,沪镍期货仓单数量、仓单注册量变化,ni_313_import|ni_314_import_2|ni_323_import_nickel_powder|ni_61_import|ni_61_import_nickel_ore_4,镍生铁：进口数量：中国：以金属量计（月）,31.51,ID01002130,
THS-NI-2.2,NI,0,镍现货升贴水（元/吨）,ni_32_premium|ni_42_premium|ni_21_premium|ni_22_premium_percentile|ni_22_premium,电解镍：Ni≥99.96%：俄罗斯产：现货到岸升贴水：中国（日）,45.88,ID00265540,
THS-NI-2.2,NI,3,基差（现货-期货,si_22_basis|li_73_spot|li_73_spot_fwd|li_73_spot_fwd_2|li_73_spot_fwd_3,工业硅基差,33.33,a12841761,
THS-NI-2.2,NI,4,元/吨）,li_63_idx,中国),33.33,ID02038519,
THS-NI-2.2,NI,10,汇率（USD/CNY）,开工率|wr235|li_51_util_ternary|wr57|wr197,开工率,40.0,a10019689,
THS-NI-2.2,NI,11,进口费用（元/吨）,wr87|wr91|wr275|cu_21_import|si_61_import_3,铝土矿进口-总量,44.44,a10016324,
THS-NI-2.2,NI,12,镍期货仓单数量（吨）,ni_22_import|ni_313_import_2|ni_45_import|ni_45_import_3|ni_45_import_4,冰镍：进口数量合计：中国（月）,45.88,ID01364224,
THS-NI-2.2,NI,13,仓单注册量变化（吨）,wr124|wr194|wr182|wr195|wr263,碳酸锂 仓单量,46.15,FU00058091,
THS-NI-2.2,NI,14,近1年升贴水分位（%）,j23_lme_sp3|wr168|wr169|cu_42_premium_1|wr1,LME 铅(现货/三个月)升贴水,40.0,j02797772,
THS-NI-2.2,NI,15,价差（电解镍-NPI,ni_25_percentile_price|ni_25_percentile_price_2|ni_25_price|ni_63_export_2|ni_62_price,SMM: 电解镍进口盈亏（沪伦价格差）: 日度,33.92,a10000206,
THS-NI-2.2,NI,16,近3年同月升贴水均值（元/吨）,j23_lme_0to3|wr249|j23_lme_sp3|wr168|wr169,LME 铅0-3月升贴水,50.0,a10021406,
THS-NI-2.2,NI,17,近3年同月升贴水标准差（元/吨）,j23_lme_0to3|wr172|wr249|j23_lme_sp3|zn_21_lme_03,LME 铅0-3月升贴水,47.62,a10021406,
THS-NI-2.2,NI,18,镍现货升贴水（元/吨）、沪镍主力合约收盘价（元/吨）,ni_21_close_front|wr257|ni_32_premium|ni_42_premium|ni_21_premium,SHFE：镍：主力合约：收盘价（日）,62.76,FU00014997,
THS-NI-2.2,NI,19,SMM1#电解镍升贴水,ni_25_percentile_price|ni_25_percentile_price_2|ni_25_price|ni_22_premium_3|ni_32_premium,SMM: 电解镍进口盈亏（沪伦价格差）: 日度,62.4,a10000206,
THS-NI-2.2,NI,20,镍现货升贴水,ni_32_premium|ni_42_premium|ni_21_premium|ni_22_premium_percentile|ni_22_premium,电解镍：Ni≥99.96%：俄罗斯产：现货到岸升贴水：中国（日）,45.88,ID00265540,
THS-NI-2.2,NI,21,SMM1#电解镍基差,ni_25_percentile_price|ni_25_percentile_price_2|ni_25_price|ni_22_basis|ni_21_lme_price,SMM: 电解镍进口盈亏（沪伦价格差）: 日度,65.0,a10000206,
THS-NI-2.2,NI,22,镍基差,ni_22_basis|wr256|wr267|wr254|wr257,SHFE：镍：基差（日）,65.0,FU00024318,
THS-NI-2.2,NI,23,电解镍现货价格（元/吨）、镍生铁NPI现货价格（元/吨）、高冰镍现货价格（元/吨）,ni_22_price_2|ni_62_price|ni_22_i9999|ni_32_demand_h2so4_nickel_powder|ni_21_lme_price,电解镍：Ni≥99.96%：俄罗斯产：现货到岸价格：中国（日）,34.35,ID01532837,
THS-NI-2.2,NI,24,SMM1#电解镍价格、SMM8-12%高镍生铁价格、SMM高冰镍价格,ni_25_percentile_price|ni_25_percentile_price_2|ni_25_price|ni_21_lme_price|wr256,SMM: 电解镍进口盈亏（沪伦价格差）: 日度,33.92,a10000206,
THS-NI-2.2,NI,25,电解镍现货价格、镍生铁NPI现货价格、高冰镍现货价格,ni_22_price_2|ni_62_price|ni_22_i9999|ni_32_demand_h2so4_nickel_powder|ni_21_lme_price,电解镍：Ni≥99.96%：俄罗斯产：现货到岸价格：中国（日）,34.35,ID01532837,
THS-NI-2.2,NI,26,沪镍主力合约价格（元/吨）、LME镍现货价格（美元/吨）、汇率（USD/CNY）、进口费用（元/吨）,ni_41_lme_inv|wr260|ni_21_close_front|ni_21_lme_price|ni_42_lme_warrant,LME：镍：期货库存：迪拜（日）,35.14,ID00302693,
THS-NI-2.2,NI,28,LME镍现货价格（美元/吨）、LME镍3个月期货价格（美元/吨）、升贴水（美元/吨）,ni_21_volume_top20|ni_41_lme_inv|wr260|ni_42_lme_warrant|wr262,LME：镍：3个月合约：成交量（日）,47.89,FU00014809,
THS-NI-2.2,NI,29,LME镍0-3升贴水,wr260|ni_21_volume_top20|ni_42_lme_warrant|wr262|wr261,LME镍库存,69.33,a12764445,
THS-NI-2.2,NI,30,LME Cash-3M spread,wr249|j23_lme_3m|al_2_lme_settle|pb_23_aux_2|zn_23_lme_3m,LME C-3M升贴水,50.0,j02797787,
THS-NI-2.3,NI,4,汇率（USD/CNY）,开工率|wr235|li_51_util_ternary|wr57|wr197,开工率,40.0,a10019689,
THS-NI-2.3,NI,7,LME镍近月合约价格（美元/吨）,wr260|ni_21_volume_top20|wr256|wr254|ni_42_lme_warrant,LME镍库存,69.33,a12764445,
THS-NI-2.3,NI,8,LME镍远月合约价格（美元/吨）,wr260|ni_21_volume_top20|wr256|wr254|ni_42_lme_warrant,LME镍库存,69.33,a12764445,
THS-NI-2.3,NI,9,月差（近月-远月,li_24_close_near_2|si_23_spread_futures|li_24_spread_futures|li_24_lc_spread|al_24_shfe_spread,近月合约收盘价,30.77,a12841695,
THS-NI-2.3,NI,10,美元/吨）,li_63_idx,中国),33.33,ID02038519,
THS-NI-2.3,NI,11,COMEX镍期货收盘价（美元/磅）,ni_41_lme_inv|ni_21_close_front|wr260|ni_21_near_price|ni_21_far_price,LME：镍：期货库存：迪拜（日）,54.17,ID00302693,
THS-NI-2.3,NI,12,COMEX镍持仓量（手）,ni_42_lme_warrant|ni_26_percentile_openinterest_top2|wr260|wr261|ni_21_percentile_openinterest,LME：镍：注销仓单（日）,54.74,FU00014818,
THS-NI-2.3,NI,15,现金-3个月月差（美元/吨）,al_24_lme_spread|sn_23_lme_close_3m|wr20|cu_23_lme_settle|cu_24_lme_close,LME：铝：3个月合约：结算价（日）· 月差参考锚,37.04,FU00014308,
THS-NI-2.3,NI,16,进口费用（元/吨）,wr87|wr91|wr275|cu_21_import|si_61_import_3,铝土矿进口-总量,44.44,a10016324,
THS-NI-2.3,NI,17,升贴水（美元/吨）,j23_lme_sp3|wr168|wr169|wr1|wr2,LME 铅(现货/三个月)升贴水,42.86,j02797772,
THS-NI-2.3,NI,18,LME镍主力合约收盘价（美元/吨）、LME镍主力合约持仓量（手）,ni_21_close_front|ni_21_openinterest_front|ni_26_openinterest_top20_front|ni_26_openinterest_top20_front_2|ni_21_volume_top20,SHFE：镍：主力合约：收盘价（日）,59.42,FU00014997,
THS-NI-2.3,NI,19,LME镍主力合约收盘价、LME镍主力合约持仓量,ni_21_close_front|ni_21_openinterest_front|ni_26_openinterest_top20_front|ni_26_openinterest_top20_front_2|ni_21_volume_top20,SHFE：镍：主力合约：收盘价（日）,59.42,FU00014997,
THS-NI-2.3,NI,20,沪镍主力合约价格（元/吨）、LME镍现货价格（美元/吨）、汇率（USD/CNY）,wr260|ni_41_lme_inv|ni_21_close_front|ni_21_lme_price|ni_42_lme_warrant,LME镍库存,41.6,a12764445,
THS-NI-2.3,NI,21,沪伦镍比价,wr256|wr254|wr257|wr253|ni_42_ratio,镍铁价格（江苏，7%≤Ni≤13%）,57.77,ID00185681,
THS-NI-2.3,NI,22,LME镍仓单数量（吨）、LME镍仓单注册量变化（吨）,ni_42_lme_warrant|wr261|wr260|ni_42_ratio|ni_21_volume_top20,LME：镍：注销仓单（日）,52.0,FU00014818,
THS-NI-2.3,NI,23,LME镍仓单数量、LME镍仓单注册量变化,ni_42_lme_warrant|wr261|wr260|ni_42_ratio|ni_21_volume_top20,LME：镍：注销仓单（日）,52.0,FU00014818,
THS-NI-2.3,NI,24,LME warranted stocks,LME库存|i1|wr260|j23_lme_sp3|wr19,LME库存,26.09,FU00014816,
THS-NI-2.3,NI,26,LME镍现金价格（美元/吨）、LME镍3个月期货价格（美元/吨）、现金-3个月月差（美元/吨）,ni_21_volume_top20|ni_41_lme_inv|wr260|ni_21_near_price|ni_21_far_price,LME：镍：3个月合约：成交量（日）,43.33,FU00014809,
THS-NI-2.3,NI,28,LME Cash-3M spread,wr249|j23_lme_3m|al_2_lme_settle|pb_23_aux_2|zn_23_lme_3m,LME C-3M升贴水,50.0,j02797787,
THS-NI-2.3,NI,29,LME镍仓单数量（吨）、LME镍月差（美元/吨）,ni_42_lme_warrant|wr261|wr260|ni_21_volume_top20|ni_21_percentile_openinterest,LME：镍：注销仓单（日）,62.4,FU00014818,
THS-NI-2.3,NI,30,LME镍仓单数量、LME镍月差,ni_42_lme_warrant|wr261|wr260|ni_21_volume_top20|ni_21_percentile_openinterest,LME：镍：注销仓单（日）,62.4,FU00014818,
THS-NI-2.4,NI,2,月差（近月-远月,li_24_close_near_2|si_23_spread_futures|li_24_spread_futures|li_24_lc_spread|al_24_shfe_spread,近月合约收盘价,30.77,a12841695,
THS-NI-2.4,NI,3,元/吨）,li_63_idx,中国),33.33,ID02038519,
THS-NI-2.4,NI,4,LME镍近月合约价格（美元/吨）,wr260|ni_21_volume_top20|wr256|wr254|ni_42_lme_warrant,LME镍库存,69.33,a12764445,
THS-NI-2.4,NI,5,LME镍远月合约价格（美元/吨）,wr260|ni_21_volume_top20|wr256|wr254|ni_42_lme_warrant,LME镍库存,69.33,a12764445,
THS-NI-2.4,NI,6,美元/吨）,li_63_idx,中国),33.33,ID02038519,
THS-NI-2.4,NI,7,沪镍近月-远月价差（元/吨）,wr256|wr254|wr257|wr253|ni_22_basis,镍铁价格（江苏，7%≤Ni≤13%）,43.33,ID00185681,
THS-NI-2.4,NI,8,LME镍近月-远月价差（美元/吨）,wr260|ni_21_volume_top20|ni_42_lme_warrant|wr262|wr261,LME镍库存,65.0,a12764445,
THS-NI-2.4,NI,9,汇率（USD/CNY）,开工率|wr235|li_51_util_ternary|wr57|wr197,开工率,40.0,a10019689,
THS-NI-2.4,NI,11,沪镍3个月期货价格（元/吨）,wr256|wr254|wr253|ni_21_volume_top20|ni_22_price_3,镍铁价格（江苏，7%≤Ni≤13%）,59.99,ID00185681,
THS-NI-2.4,NI,12,现金-3个月月差（元/吨）,al_24_lme_spread|sn_23_lme_close_3m|wr20|cu_23_lme_settle|cu_24_lme_close,LME：铝：3个月合约：结算价（日）· 月差参考锚,37.04,FU00014308,
THS-NI-2.4,NI,16,沪镍月差（元/吨）,ni_22_basis|wr256|wr267|ni_21_volume_top20|ni_63_export_2,SHFE：镍：基差（日）,40.0,FU00024318,
THS-NI-2.4,NI,17,近3年同月月差均值（元/吨）,wr172|wr20|wr21|al_24_lme_spread|li_24_close_near_2,沪锡近半年月差变化,44.44,a12841510,
THS-NI-2.4,NI,18,近3年同月月差标准差（元/吨）,wr172|wr20|wr21|al_24_lme_spread|li_24_close_near_2,沪锡近半年月差变化,42.11,a12841510,
THS-NI-2.4,NI,21,近1年月差分位（%）,wr172|li_24_close_near_2|si_23_spread_futures|li_24_spread_futures|li_24_lc_spread,沪锡近半年月差变化,50.0,a12841510,
THS-NI-2.4,NI,22,沪镍月差,ni_22_basis|wr256|wr267|ni_21_volume_top20|ni_63_export_2,SHFE：镍：基差（日）,40.0,FU00024318,
THS-NI-2.4,NI,24,沪镍近月-远月价差（元/吨）、LME镍近月-远月价差（美元/吨）、汇率（USD/CNY）,wr260|ni_21_volume_top20|ni_42_lme_warrant|wr262|wr261,LME镍库存,37.14,a12764445,
THS-NI-2.4,NI,25,沪伦月差比价,wr173|wr172|j22_shfe_ratio|li_24_close_near_2|wr170,锡沪伦比,60.0,ID01895225,
THS-NI-2.4,NI,26,沪镍现金价格（元/吨）、沪镍3个月期货价格（元/吨）、现金-3个月月差（元/吨）,wr256|ni_21_volume_top20|wr254|wr253|ni_21_near_price,镍铁价格（江苏，7%≤Ni≤13%）,27.86,ID00185681,
THS-NI-2.4,NI,27,沪镍现金-3个月月差,ni_21_volume_top20|ni_22_basis|ni_71_cost_nickel_ore|ni_71_cost_6|ni_63_export_2,LME：镍：3个月合约：成交量（日）,45.21,FU00014809,
THS-NI-2.4,NI,28,电解镍现货价格（元/吨）、镍生铁NPI现货价格（元/吨）、高冰镍现货价格（元/吨）,ni_22_price_2|ni_62_price|ni_22_i9999|ni_32_demand_h2so4_nickel_powder|ni_21_lme_price,电解镍：Ni≥99.96%：俄罗斯产：现货到岸价格：中国（日）,34.35,ID01532837,
THS-NI-2.4,NI,29,SMM1#电解镍价格、SMM8-12%高镍生铁价格、SMM高冰镍价格,ni_25_percentile_price|ni_25_percentile_price_2|ni_25_price|ni_21_lme_price|wr256,SMM: 电解镍进口盈亏（沪伦价格差）: 日度,33.92,a10000206,
THS-NI-2.4,NI,30,电解镍现货价格、镍生铁NPI现货价格、高冰镍现货价格,ni_22_price_2|ni_62_price|ni_22_i9999|ni_32_demand_h2so4_nickel_powder|ni_21_lme_price,电解镍：Ni≥99.96%：俄罗斯产：现货到岸价格：中国（日）,34.35,ID01532837,
THS-NI-2.4,NI,31,SMM1#电解镍基差,ni_25_percentile_price|ni_25_percentile_price_2|ni_25_price|ni_22_basis|ni_21_lme_price,SMM: 电解镍进口盈亏（沪伦价格差）: 日度,65.0,a10000206,
THS-NI-2.4,NI,32,镍基差,ni_22_basis|wr256|wr267|wr254|wr257,SHFE：镍：基差（日）,65.0,FU00024318,
THS-NI-2.5,NI,1,近1年沪镍价格分位（%）,wr256|wr254|wr253|wr257|ni_62_price,镍铁价格（江苏，7%≤Ni≤13%）,59.99,ID00185681,
THS-NI-2.5,NI,4,NPI冶炼利润（元/吨）,si_25_profit_smelt|si_25_profit_smelt_2|li_25_profit_smelt|sn_72_idx|li_25_profit_5,工业硅冶炼利润,57.14,ID01528164,
THS-NI-2.5,NI,6,高冰镍冶炼利润（元/吨）,wr259|wr245|wr246|wr271|ni_314_import_6,镍铁理论利润（RKEF 山东）,59.99,a10020849,
THS-NI-2.5,NI,7,电解镍冶炼完全成本（元/吨）,ni_73_cost|ni_324_cost|ni_25_percentile_price|ni_25_percentile_price_2|ni_25_price,低镍生铁：成本（日）,48.75,ID01360199,
THS-NI-2.5,NI,8,电解镍冶炼利润（元/吨）,wr259|ni_25_percentile_price|ni_25_percentile_price_2|ni_25_price|ni_63_export_2,镍铁理论利润（RKEF 山东）,59.99,a10020849,
THS-NI-2.5,NI,9,近3年同月沪镍价格分位（%）,wr256|wr254|wr253|wr257|ni_62_price,镍铁价格（江苏，7%≤Ni≤13%）,52.0,ID00185681,
THS-NI-2.5,NI,10,近3年同月沪镍价格均值（元/吨）,wr256|wr254|wr253|wr257|ni_62_price,镍铁价格（江苏，7%≤Ni≤13%）,52.0,ID00185681,
THS-NI-2.5,NI,11,近1年电解镍冶炼利润分位（%）,wr259|ni_25_percentile_price|ni_25_percentile_price_2|ni_25_price|ni_63_export_2,镍铁理论利润（RKEF 山东）,43.33,a10020849,
THS-NI-2.5,NI,13,沪镍主力合约收盘价（元/吨）、近1年沪镍价格分位（%）,ni_21_close_front|wr256|wr254|wr257|ni_62_price,SHFE：镍：主力合约：收盘价（日）,56.88,FU00014997,
THS-NI-2.5,NI,15,镍生铁NPI现货价格（元/吨）、电解镍现货价格（元/吨）、NPI冶炼利润（元/吨）,ni_22_price_3|wr256|ni_22_price_2|ni_62_price|wr259,镍生铁：13%＞Ni＞10%：印尼产：远期现货价格：中国主要港口（日）,37.14,ID01294972,
THS-NI-2.5,NI,16,SMM8-12%高镍生铁价格、SMM1#电解镍价格、NPI冶炼利润,ni_25_percentile_price|ni_25_percentile_price_2|ni_25_price|wr256|ni_21_lme_price,SMM: 电解镍进口盈亏（沪伦价格差）: 日度,34.67,a10000206,
THS-NI-2.5,NI,17,镍生铁NPI现货价格、电解镍现货价格、NPI冶炼利润,ni_22_price_3|wr256|ni_22_price_2|ni_62_price|wr259,镍生铁：13%＞Ni＞10%：印尼产：远期现货价格：中国主要港口（日）,37.14,ID01294972,
THS-NI-2.5,NI,18,高冰镍现货价格（元/吨）、电解镍现货价格（元/吨）、高冰镍冶炼利润（元/吨）,ni_22_price_2|ni_62_price|ni_22_price_nickel_powder|ni_21_lme_price|wr256,电解镍：Ni≥99.96%：俄罗斯产：现货到岸价格：中国（日）,36.4,ID01532837,
THS-NI-2.5,NI,19,SMM高冰镍价格、SMM1#电解镍价格、高冰镍冶炼利润,ni_25_percentile_price|ni_25_percentile_price_2|ni_25_price|ni_21_lme_price|ni_62_price,SMM: 电解镍进口盈亏（沪伦价格差）: 日度,38.05,a10000206,
THS-NI-2.5,NI,20,高冰镍现货价格、电解镍现货价格、高冰镍冶炼利润,ni_22_price_2|ni_62_price|ni_22_price_nickel_powder|ni_21_lme_price|wr256,电解镍：Ni≥99.96%：俄罗斯产：现货到岸价格：中国（日）,36.4,ID01532837,
THS-NI-2.5,NI,21,电解镍现货价格（元/吨）、电解镍冶炼完全成本（元/吨）、电解镍冶炼利润（元/吨）,ni_22_price_2|ni_62_price|ni_22_i9999|ni_21_lme_price|ni_71_cost_nickel_ore,电解镍：Ni≥99.96%：俄罗斯产：现货到岸价格：中国（日）,35.0,ID01532837,
THS-NI-2.5,NI,22,SMM1#电解镍价格、电解镍冶炼完全成本、电解镍冶炼利润,ni_25_percentile_price|ni_25_percentile_price_2|ni_25_price|ni_21_lme_price|ni_62_price,SMM: 电解镍进口盈亏（沪伦价格差）: 日度,37.14,a10000206,
THS-NI-2.5,NI,23,电解镍现货价格、电解镍冶炼完全成本、电解镍冶炼利润,ni_22_price_2|ni_62_price|ni_22_i9999|ni_21_lme_price|ni_71_cost_nickel_ore,电解镍：Ni≥99.96%：俄罗斯产：现货到岸价格：中国（日）,35.0,ID01532837,
THS-NI-2.5,NI,24,电解镍冶炼利润（元/吨）、NPI冶炼利润（元/吨）、高冰镍冶炼利润（元/吨）,ni_72_profit_nickel_powder|ni_324_profit|wr259|ni_32_demand_h2so4_nickel_powder|ni_71_cost_nickel_powder,精炼镍：生产利润：中国：红土镍矿：高冰镍加工工艺（日）,33.19,ID01959854,
THS-NI-2.5,NI,25,SMM1#电解镍价格、SMM8-12%高镍生铁价格、SMM高冰镍价格、冶炼利润,ni_25_percentile_price|ni_25_percentile_price_2|ni_25_price|ni_21_lme_price|ni_62_price,SMM: 电解镍进口盈亏（沪伦价格差）: 日度,30.59,a10000206,
THS-NI-2.5,NI,26,电解镍冶炼利润、NPI冶炼利润、高冰镍冶炼利润,ni_72_profit_nickel_powder|ni_324_profit|wr259|ni_32_demand_h2so4_nickel_powder|ni_71_cost_nickel_powder,精炼镍：生产利润：中国：红土镍矿：高冰镍加工工艺（日）,33.19,ID01959854,
THS-NI-2.5,NI,27,印尼高冰镍完全成本（元/吨）、印尼高冰镍现金成本（元/吨）、印尼高冰镍利润（元/吨）,ni_71_cost_nickel_ore|wr245|wr246|ni_321_output_nickel_powder|ni_71_cost_6,Ramu镍钴矿：镍：实际现金成本：镍28公司（季）,37.14,ID01675320,
THS-NI-2.5,NI,28,印尼高冰镍完全成本（周度）、印尼高冰镍现金成本（周度）、印尼高冰镍利润（周度）,ni_71_cost_nickel_ore|wr245|wr246|ni_321_output_nickel_powder|ni_71_cost_6,Ramu镍钴矿：镍：实际现金成本：镍28公司（季）,37.14,ID01675320,
THS-NI-2.5,NI,29,印尼高冰镍完全成本、印尼高冰镍现金成本、印尼高冰镍利润,ni_71_cost_nickel_ore|wr245|wr246|ni_321_output_nickel_powder|ni_71_cost_6,Ramu镍钴矿：镍：实际现金成本：镍28公司（季）,37.14,ID01675320,
THS-NI-2.6,NI,0,沪镍主力合约前20名多头持仓量（手）,ni_21_openinterest_front|ni_26_openinterest_top20_front|ni_26_openinterest_top20_front_2|ni_21_percentile_openinterest|ni_21_volume_front,SHFE：镍：主力合约：单边交易：持仓量（日）,55.15,FU00018043,
THS-NI-2.6,NI,1,沪镍主力合约前20名空头持仓量（手）,ni_21_openinterest_front|ni_26_openinterest_top20_front|ni_26_openinterest_top20_front_2|ni_21_volume_front|ni_21_close_front,SHFE：镍：主力合约：单边交易：持仓量（日）,55.15,FU00018043,
THS-NI-2.6,NI,2,沪镍主力合约前20名净持仓量（手）= 多头持仓量 - 空头持仓量,ni_21_openinterest_front|ni_26_openinterest_top20_front|ni_26_openinterest_top20_front_2|ni_21_percentile_openinterest|ni_21_volume_front,SHFE：镍：主力合约：单边交易：持仓量（日）,42.33,FU00018043,
THS-NI-2.6,NI,4,前20名持仓集中度（%）,li_26_top20_openinterest|li_26_openinterest_top20_long|li_26_openinterest_top20_long_2|li_26_openinterest_top20_long_3|li_26_openinterest_top20_short,空头前20持仓量,58.82,FU00085347,
THS-NI-2.6,NI,5,多空持仓比（多头/空头）,li_26_top20_openinterest|li_26_openinterest_top20_long|li_26_openinterest_top20_long_2|li_26_openinterest_top20_long_3|li_26_openinterest_top20_short,空头前20持仓量,46.15,FU00085347,
THS-NI-2.6,NI,6,前20名席位轮动方向（多头增加/空头增加/双增/双减）,li_26_top20_openinterest|li_26_openinterest_top20_long|li_26_openinterest_top20_long_2|li_26_openinterest_top20_long_3|li_26_openinterest_top20_short,空头前20持仓量,33.33,FU00085347,
THS-NI-2.6,NI,7,沪镍主力合约前20名持仓总量（手）,ni_21_openinterest_front|ni_26_openinterest_top20_front|ni_26_openinterest_top20_front_2|ni_21_close_front|ni_21_volume_front,SHFE：镍：主力合约：单边交易：持仓量（日）,52.0,FU00018043,
THS-NI-2.6,NI,8,近1年前20名持仓量分位（%）,li_26_top20_openinterest|li_26_openinterest_top20_long|li_26_openinterest_top20_long_2|li_26_openinterest_top20_long_3|li_26_openinterest_top20_short,空头前20持仓量,60.0,FU00085347,
THS-NI-2.6,NI,9,近3年同月持仓总量均值（手）,al_23_lme_oi|wr172|wr21|li_24_close_near_2|wr171,LME：铝：3个月合约：持仓量（日）,34.78,FU00014314,
THS-NI-2.6,NI,10,近3年同月持仓总量标准差（手）,wr172|al_23_lme_oi|wr21|li_24_close_near_2|wr171,沪锡近半年月差变化,42.11,a12841510,
THS-NI-2.6,NI,11,沪镍主力合约前20名净持仓量（手）,ni_21_openinterest_front|ni_26_openinterest_top20_front|ni_26_openinterest_top20_front_2|ni_21_volume_front|ni_21_close_front,SHFE：镍：主力合约：单边交易：持仓量（日）,56.88,FU00018043,
THS-NI-2.6,NI,12,LME镍前20名净持仓量（手）,ni_42_lme_warrant|wr260|wr261|ni_21_percentile_openinterest|ni_21_volume_top20,LME：镍：注销仓单（日）,59.09,FU00014818,
THS-NI-2.6,NI,13,汇率（USD/CNY）,开工率|wr235|li_51_util_ternary|wr57|wr197,开工率,40.0,a10019689,
THS-NI-2.6,NI,14,沪镍主力合约前20名多头持仓量（手）、沪镍主力合约前20名空头持仓量（手）,ni_21_openinterest_front|ni_26_openinterest_top20_front|ni_26_openinterest_top20_front_2|ni_21_percentile_openinterest|ni_21_volume_front,SHFE：镍：主力合约：单边交易：持仓量（日）,37.92,FU00018043,
THS-NI-2.6,NI,15,沪镍前20名多头持仓量、沪镍前20名空头持仓量,ni_21_percentile_openinterest|ni_26_percentile_openinterest_top2|ni_21_openinterest_front|ni_26_openinterest_top20_front|ni_26_openinterest_top20_front_2,LME：镍：其他报告头寸多头持仓量：投资基金（周）,34.67,FU00082056,
THS-NI-2.6,NI,16,沪镍前20名净持仓量,ni_26_percentile_openinterest_top2|ni_21_openinterest_front|ni_26_openinterest_top20_front|ni_26_openinterest_top20_front_2|wr275,SHFE：镍：单边交易：持仓量（日）,41.6,FU00017556,
THS-NI-2.6,NI,17,沪镍主力合约前20名多头持仓量（手）、沪镍主力合约前20名空头持仓量（手）、前20名持仓总量（手）、,ni_21_openinterest_front|ni_26_openinterest_top20_front|ni_26_openinterest_top20_front_2|ni_21_percentile_openinterest|ni_21_volume_front,SHFE：镍：主力合约：单边交易：持仓量（日）,32.5,FU00018043,
THS-NI-2.6,NI,18,沪镍前20名持仓集中度,ni_25_profit|ni_25_profit_2|ni_315_profit|ni_72_profit|ni_72_profit_percentile,冷轧不锈钢：外购低镍铁：201/J1：利润：中国（日）,30.59,ID01536581,
THS-NI-2.6,NI,19,沪镍主力合约前20名多头持仓量（手）、沪镍主力合约前20名空头持仓量（手）、多空持仓比（多头/空头）,ni_21_openinterest_front|ni_26_openinterest_top20_front|ni_26_openinterest_top20_front_2|ni_21_percentile_openinterest|ni_21_volume_front,SHFE：镍：主力合约：单边交易：持仓量（日）,33.71,FU00018043,
THS-NI-2.6,NI,20,沪镍前20名多空持仓比,ni_21_percentile_openinterest|ni_26_percentile_openinterest_top2|ni_44_inv|ni_43_inv|ni_43_inv_4,LME：镍：其他报告头寸多头持仓量：投资基金（周）,31.51,FU00082056,
THS-NI-2.6,NI,21,沪镍主力合约前20名多头持仓量（手）、沪镍主力合约前20名空头持仓量（手）、前20名席位轮动方向（多,ni_21_openinterest_front|ni_26_openinterest_top20_front|ni_26_openinterest_top20_front_2|ni_21_percentile_openinterest|ni_21_volume_front,SHFE：镍：主力合约：单边交易：持仓量（日）,29.84,FU00018043,
THS-NI-2.6,NI,22,沪镍前20名席位轮动方向,ni_25_profit|ni_25_profit_2|ni_315_profit|ni_72_profit|ni_72_profit_percentile,冷轧不锈钢：外购低镍铁：201/J1：利润：中国（日）,22.28,ID01536581,
THS-NI-3.1,NI,2,菲律宾镍矿产量,wr243|wr245|wr246|wr248|ni_73_inv_nickel_ore,中国镍铁产量,59.99,ID01002124,
THS-NI-3.1,NI,3,菲律宾镍矿产量（万吨）,wr243|wr245|wr246|wr248|ni_73_inv_nickel_ore,中国镍铁产量,59.99,ID01002124,
THS-NI-3.1,NI,6,印尼镍矿RKAB配额,wr253|wr245|wr246|wr248|wr247,印尼镍矿价格（HPM 1.6%）,65.0,s22793258,
THS-NI-3.1,NI,7,印尼镍矿RKAB配额（万吨）,wr253|wr245|wr246|wr248|wr247,印尼镍矿价格（HPM 1.6%）,65.0,s22793258,
THS-NI-3.1,NI,8,印尼镍矿配额利用率,wr253|wr245|wr246|wr248|ni_321_capacity_util,印尼镍矿价格（HPM 1.6%）,69.33,s22793258,
THS-NI-3.1,NI,9,印尼镍矿配额利用率（%）,wr253|wr245|wr246|wr248|ni_321_capacity_util,印尼镍矿价格（HPM 1.6%）,69.33,s22793258,
THS-NI-3.1,NI,10,澳大利亚镍矿产量,wr243|wr245|wr246|wr248|wr241,中国镍铁产量,55.72,ID01002124,
THS-NI-3.1,NI,11,澳大利亚镍矿产量（万吨）,wr243|wr245|wr246|wr248|wr241,中国镍铁产量,55.72,ID01002124,
THS-NI-3.1,NI,12,海外镍矿产量分国别占比,ni_311_output_3|ni_313_output|ni_323_output_recycle|ni_52_output|ni_52_output_2,精炼镍：产量：中国（月）,52.0,ID01002085,
THS-NI-3.1,NI,13,海外镍矿产量分国别占比（%）,ni_311_output_3|ni_313_output|ni_323_output_recycle|ni_52_output|ni_52_output_2,精炼镍：产量：中国（月）,52.0,ID01002085,
THS-NI-3.1,NI,20,国内镍矿进口依赖度,ni_314_import|ni_61_import_4|wr271|wr274|wr275,中国海关: 镍矿进口量: 总: 月度,65.0,a10128013,
THS-NI-3.1,NI,21,国内镍矿进口依赖度（%）,ni_314_import|ni_61_import_4|wr271|wr274|wr275,中国海关: 镍矿进口量: 总: 月度,65.0,a10128013,
THS-NI-3.1,NI,32,镍精矿进口分国别占比,ni_61_import_nickel_ore|ni_61_import_nickel_ore_3|ni_314_import_4|ni_22_import|ni_313_import_2,镍矿：进口数量：印尼→中国（月）,56.52,CM0000451010,
THS-NI-3.1,NI,33,镍精矿进口分国别占比（%）,ni_61_import_nickel_ore|ni_61_import_nickel_ore_3|ni_314_import_4|ni_22_import|ni_313_import_2,镍矿：进口数量：印尼→中国（月）,56.52,CM0000451010,
THS-NI-3.1,NI,34,镍精矿TC,wr253|ni_61_import_nickel_ore|ni_61_import_nickel_ore_3|ni_73_nickel_ore_arrival|wr256,印尼镍矿价格（HPM 1.6%）,47.27,s22793258,
THS-NI-3.1,NI,35,镍精矿TC（美元/吨干矿）,wr253|ni_61_import_nickel_ore|ni_61_import_nickel_ore_3|ni_73_nickel_ore_arrival|wr256,印尼镍矿价格（HPM 1.6%）,47.27,s22793258,
THS-NI-3.1,NI,36,Nickel concentrate TC,ni_31_nickel_ore_price|ni_22_price_nickel_powder|ni_21_premium|ni_22_premium_percentile|ni_22_premium,红土镍矿：1.6%Ni，0.05%Co，20%Fe，1%Cr，35%含水：HPM价格：印尼（日）,17.63,ID01737992,
THS-NI-3.1,NI,39,菲律宾镍精矿TC,ni_73_inv_nickel_ore|ni_73_nickel_ore_arrival|wr253|ni_314_import_4|ni_63_export_3,菲律宾镍矿：港口库存：12个港口（周）,54.17,ID00188248,
THS-NI-3.1,NI,40,菲律宾镍精矿TC（美元/吨干矿）,ni_73_inv_nickel_ore|ni_73_nickel_ore_arrival|wr253|ni_314_import_4|ni_63_export_3,菲律宾镍矿：港口库存：12个港口（周）,54.17,ID00188248,
THS-NI-3.1,NI,43,镍精矿TC（美元/吨干矿）、电解镍冶炼利润（元/吨）、镍铁冶炼利润（元/吨）,wr259|ni_312_output_nickel_ore|ni_71_cost_nickel_ore|ni_72_profit_2|ni_324_profit_h2so4,镍铁理论利润（RKEF 山东）,30.0,a10020849,
THS-NI-3.1.1,NI,1,菲律宾镍矿产量（万吨）,wr243|wr245|wr246|wr248|ni_73_inv_nickel_ore,中国镍铁产量,59.99,ID01002124,
THS-NI-3.1.1,NI,2,新喀里多尼亚镍矿产量（万吨）,wr245|wr246|wr248|wr247|ni_314_import_5,印尼冰镍产量（分品味）,65.0,ID01858105,
THS-NI-3.1.1,NI,4,中国从菲律宾进口镍精矿量（万吨）,wr271|wr274|wr243|wr272|wr241,中国冰镍进口量,68.42,ID01364207,
THS-NI-3.1.1,NI,5,中国从新喀里多尼亚进口镍精矿量（万吨）,wr271|wr274|wr272|wr243|ni_314_import_5,中国冰镍进口量,59.09,ID01364207,
THS-NI-3.1.1,NI,7,菲律宾镍精炼产量（万吨）,wr242|wr247|ni_311_output|ni_311_output_2|ni_311_output_3,中国精炼镍产量,69.33,ID01002085,
THS-NI-3.1.1,NI,11,新喀里多尼亚镍矿产能利用率（%）,ni_321_capacity_util|ni_314_import_5|ni_61_import_nickel_ore_5|ni_62_import_2|ni_311_output_nickel_ore_2,精炼镍：产能利用率：中国（月）,62.4,ID01002083,
THS-NI-3.1.1,NI,13,菲律宾镍矿检修量（万吨）,ni_73_inv_nickel_ore|wr275|ni_61_import_nickel_ore|ni_61_import_nickel_ore_3|ni_73_nickel_ore_arrival,菲律宾镍矿：港口库存：12个港口（周）,54.17,ID00188248,
THS-NI-3.1.1,NI,14,新喀里多尼亚镍矿检修量（万吨）,ni_314_import_5|ni_61_import_nickel_ore_5|ni_62_import_2|ni_311_output_nickel_ore_2|wr245,镍矿：进口数量：新喀里多尼亚→中国（月）,55.72,CM0000451009,
THS-NI-3.1.1,NI,16,菲律宾镍精炼产能（万吨/年）,ni_311_capacity_2|ni_311_capacity_3|ni_311_capacity|ni_321_capacity_util|wr242,精炼镍：产能：印尼（月）,61.18,ID02026192,
THS-NI-3.1.1,NI,17,新喀里多尼亚镍精炼产能（万吨/年）,wr247|ni_314_import_5|ni_61_import_nickel_ore_5|ni_62_import_2|ni_311_capacity_2,印尼精炼镍产量,57.77,a12870400,
THS-NI-3.1.1,NI,19,菲律宾镍矿开工天数（天/季度）,ni_73_inv_nickel_ore|ni_322_util_2|ni_322_util_3|ni_51_util|ni_51_util_battery,菲律宾镍矿：港口库存：12个港口（周）,52.0,ID00188248,
THS-NI-3.1.1,NI,20,新喀里多尼亚镍矿开工天数（天/季度）,ni_314_import_5|ni_61_import_nickel_ore_5|ni_62_import_2|ni_311_output_nickel_ore_2|wr253,镍矿：进口数量：新喀里多尼亚→中国（月）,53.79,CM0000451009,
THS-NI-3.1.2,NI,2,菲律宾镍矿产量（万吨）,wr243|wr245|wr246|wr248|ni_73_inv_nickel_ore,中国镍铁产量,59.99,ID01002124,
THS-NI-3.1.2,NI,3,菲律宾镍精炼产量（万吨）,wr242|wr247|ni_311_output|ni_311_output_2|ni_311_output_3,中国精炼镍产量,69.33,ID01002085,
THS-NI-3.1.2,NI,4,新喀里多尼亚镍矿产量（万吨）,wr245|wr246|wr248|wr247|ni_314_import_5,印尼冰镍产量（分品味）,65.0,ID01858105,
THS-NI-3.1.2,NI,6,澳大利亚镍矿产量（万吨）,wr243|wr245|wr246|wr248|wr241,中国镍铁产量,55.72,ID01002124,
THS-NI-3.1.2,NI,7,澳大利亚镍精炼产量（万吨）,wr242|wr247|ni_311_output|ni_311_output_2|ni_311_output_3,中国精炼镍产量,65.0,ID01002085,
THS-NI-3.1.2,NI,9,菲律宾镍矿产能（万吨/年）,ni_73_inv_nickel_ore|ni_311_capacity_2|ni_311_capacity_3|ni_311_capacity|ni_31_inv_nickel_ore_2,菲律宾镍矿：港口库存：12个港口（周）,56.52,ID00188248,
THS-NI-3.1.2,NI,10,新喀里多尼亚镍矿产能（万吨/年）,ni_314_import_5|ni_61_import_nickel_ore_5|ni_62_import_2|ni_311_output_nickel_ore_2|wr245,镍矿：进口数量：新喀里多尼亚→中国（月）,57.77,CM0000451009,
THS-NI-3.1.2,NI,11,澳大利亚镍矿产能（万吨/年）,ni_312_output|ni_311_capacity_2|ni_311_capacity_3|ni_314_import_6|ni_311_capacity,精炼镍：二级：产量：澳大利亚（季）,47.27,ID01655713,
THS-NI-3.1.2,NI,13,菲律宾镍矿开工天数（天/季度）,ni_73_inv_nickel_ore|ni_322_util_2|ni_322_util_3|ni_51_util|ni_51_util_battery,菲律宾镍矿：港口库存：12个港口（周）,52.0,ID00188248,
THS-NI-3.1.2,NI,14,新喀里多尼亚镍矿开工天数（天/季度）,ni_314_import_5|ni_61_import_nickel_ore_5|ni_62_import_2|ni_311_output_nickel_ore_2|wr253,镍矿：进口数量：新喀里多尼亚→中国（月）,53.79,CM0000451009,
THS-NI-3.1.2,NI,15,澳大利亚镍矿开工天数（天/季度）,ni_312_output|ni_314_import_6|ni_322_util_2|ni_322_util_3|ni_51_util,精炼镍：二级：产量：澳大利亚（季）,43.33,ID01655713,
THS-NI-3.1.2,NI,17,菲律宾矿-精炼产量比（倍）,wr242|wr247|si_321_output|精炼产量|ni_311_output,中国精炼镍产量,50.0,ID01002085,
THS-NI-3.1.3,NI,0,甘肃镍矿产量（万吨）,wr243|wr245|wr246|wr248|wr241,中国镍铁产量,65.0,ID01002124,
THS-NI-3.1.3,NI,1,四川镍矿产量（万吨）,wr243|wr245|wr246|wr248|wr241,中国镍铁产量,65.0,ID01002124,
THS-NI-3.1.3,NI,2,云南镍矿产量（万吨）,wr243|wr245|wr246|wr248|wr241,中国镍铁产量,65.0,ID01002124,
THS-NI-3.1.3,NI,7,矿-精炼产量比（倍）,精炼产量|wr242|wr247|si_321_output|ni_311_output,精炼产量,66.67,a10018516,
THS-NI-3.1.3,NI,11,甘肃镍矿开工天数（天/月）,ni_322_util_2|ni_322_util_3|ni_51_util|ni_51_util_battery|ni_51_util_cons,精炼镍：开工率：印尼（月）,43.33,ID02026188,
THS-NI-3.1.3,NI,12,四川镍矿开工天数（天/月）,ni_322_util_2|ni_322_util_3|ni_51_util|ni_51_util_battery|ni_51_util_cons,精炼镍：开工率：印尼（月）,43.33,ID02026188,
THS-NI-3.1.3,NI,13,云南镍矿开工天数（天/月）,ni_322_util_2|ni_322_util_3|ni_51_util|ni_51_util_battery|ni_51_util_cons,精炼镍：开工率：印尼（月）,43.33,ID02026188,
THS-NI-3.1.3,NI,14,甘肃镍矿检修量（万吨）,wr275|wr243|wr245|wr246|wr248,镍铁进口量,43.33,CM0000138647,
THS-NI-3.1.3,NI,15,四川镍矿检修量（万吨）,wr275|wr243|wr245|wr246|wr248,镍铁进口量,43.33,CM0000138647,
THS-NI-3.1.3,NI,16,云南镍矿检修量（万吨）,wr275|wr243|wr245|wr246|wr248,镍铁进口量,43.33,CM0000138647,
THS-NI-3.1.3,NI,17,近3年同月镍矿产量均值（万吨）,wr243|wr245|wr246|wr248|wr241,中国镍铁产量,45.88,ID01002124,
THS-NI-3.1.3,NI,18,近3年同月镍矿产量标准差（万吨）,wr243|wr245|wr246|wr248|wr241,中国镍铁产量,43.33,ID01002124,
THS-NI-3.1.3,NI,20,进口依赖度（%）,wr25|wr26|wr87|wr91|wr275,原铝进口-印度,54.55,a10113450,
THS-NI-3.1.4,NI,3,印尼进口占比（%）,wr190|ni_32_import_nickel_ferrous|wr182|wr87|wr91,印度锡净进口量,46.15,a12840355,
THS-NI-3.1.4,NI,4,中国从菲律宾进口镍精矿量（万吨）,wr271|wr274|wr243|wr272|wr241,中国冰镍进口量,68.42,ID01364207,
THS-NI-3.1.4,NI,5,菲律宾进口占比（%）,ni_73_inv_nickel_ore|wr87|wr91|wr275|ni_31_inv_nickel_ore_2,菲律宾镍矿：港口库存：12个港口（周）,34.78,ID00188248,
THS-NI-3.1.4,NI,6,中国从新喀里多尼亚进口镍精矿量（万吨）,wr271|wr274|wr272|wr243|ni_314_import_5,中国冰镍进口量,59.09,ID01364207,
THS-NI-3.1.4,NI,7,新喀里多尼亚进口占比（%）,ni_314_import_5|ni_61_import_nickel_ore_5|ni_62_import_2|ni_311_output_nickel_ore_2|wr185,镍矿：进口数量：新喀里多尼亚→中国（月）,44.44,CM0000451009,
THS-NI-3.1.4,NI,8,印尼进口量（万吨）,wr190|wr275|si_61_import_3|li_61_import_2|wr27,印度锡净进口量,66.67,a12840355,
THS-NI-3.1.4,NI,9,菲律宾进口量（万吨）,wr275|si_61_import_3|li_61_import_2|wr27|wr270,镍铁进口量,54.55,CM0000138647,
THS-NI-3.1.4,NI,10,新喀里多尼亚进口量（万吨）,ni_314_import_5|ni_61_import_nickel_ore_5|ni_62_import_2|wr185|wr275,镍矿：进口数量：新喀里多尼亚→中国（月）,46.15,CM0000451009,
THS-NI-3.1.4,NI,11,澳大利亚进口量（万吨）,wr88|wr157|wr185|wr275|sn_312_output_3,铝土矿进口-澳大利亚,50.0,ID01655446,
THS-NI-3.1.4,NI,14,进口依赖度（%）,wr25|wr26|wr87|wr91|wr275,原铝进口-印度,54.55,a10113450,
THS-NI-3.1.4,NI,15,近3年同月进口总量均值（万吨）,li_33_import_avg_price|wr144|si_321_import|si_321_import_2|wr172,锂矿进口均价,40.0,a12852994,
THS-NI-3.1.4,NI,16,近3年同月进口总量标准差（万吨）,wr172|wr144|si_321_import|si_321_import_2|si_314_by_country_import,沪锡近半年月差变化,42.11,a12841510,
THS-NI-3.1.4,NI,19,印尼-菲律宾进口量比（倍）,wr190|wr275|wr182|si_61_import_3|li_61_import_2,印度锡净进口量,50.0,a12840355,
THS-NI-3.1.5,NI,0,镍精矿TC（美元/吨干矿）,wr253|ni_61_import_nickel_ore|ni_61_import_nickel_ore_3|ni_73_nickel_ore_arrival|wr256,印尼镍矿价格（HPM 1.6%）,47.27,s22793258,
THS-NI-3.1.5,NI,1,镍精矿TC分位（%）,wr253|wr262|wr261|ni_61_import_nickel_ore|ni_61_import_nickel_ore_3,印尼镍矿价格（HPM 1.6%）,40.0,s22793258,
THS-NI-3.1.5,NI,4,菲律宾镍精矿TC（美元/吨干矿）,ni_73_inv_nickel_ore|ni_73_nickel_ore_arrival|wr253|ni_314_import_4|ni_63_export_3,菲律宾镍矿：港口库存：12个港口（周）,54.17,ID00188248,
THS-NI-3.1.5,NI,6,近3年同月TC均值（美元/吨干矿）,wr172|wr21|TC|li_24_close_near_2|cu_44_tc_conc,沪锡近半年月差变化,33.33,a12841510,
THS-NI-3.1.5,NI,7,近3年同月TC标准差（美元/吨干矿）,wr172|wr21|TC|li_24_close_near_2|si_23_spread_futures,沪锡近半年月差变化,42.11,a12841510,
THS-NI-3.1.5,NI,9,新喀里多尼亚镍精矿TC（美元/吨干矿）,ni_314_import_5|ni_61_import_nickel_ore_5|ni_62_import_2|ni_311_output_nickel_ore_2|wr253,镍矿：进口数量：新喀里多尼亚→中国（月）,55.72,CM0000451009,
THS-NI-3.1.5,NI,10,电解镍冶炼利润（元/吨）,wr259|ni_25_percentile_price|ni_25_percentile_price_2|ni_25_price|ni_63_export_2,镍铁理论利润（RKEF 山东）,59.99,a10020849,
THS-NI-3.1.5,NI,12,近1年TC分位（%）,TC|cu_44_tc_conc|wr172|cu_25_tc_conc|cu_315_import_conc,TC加工费,33.33,ID01002200,
THS-NI-3.2,NI,2,Electrolytic nickel production,ni_313_output_nickel_ore|ni_313_output_nickel_ore_2|ni_313_output_nickel_ore_3|ni_313_output_nickel_ore_4|ni_313_output_3,硫化镍矿：产量：伦丁矿业：Eagle矿区（季）,16.25,ID01591506,
THS-NI-3.2,NI,7,Matte nickel production,ni_313_output_nickel_ore|ni_313_output_nickel_ore_2|ni_313_output_nickel_ore_3|ni_313_output_nickel_ore_4|ni_313_output_3,硫化镍矿：产量：伦丁矿业：Eagle矿区（季）,12.69,ID01591506,
THS-NI-3.2,NI,10,Refined nickel production,ni_71_cost_nickel_ore|ni_22_price_nickel_powder|ni_31_nickel_ore_price|ni_21_premium|ni_22_premium_percentile,Ramu镍钴矿：镍：实际现金成本：镍28公司（季）,11.56,ID01675320,
THS-NI-3.2,NI,13,电解镍开工率,ni_322_util_2|ni_322_util_3|ni_51_util|ni_51_util_battery|ni_51_util_cons,精炼镍：开工率：印尼（月）,65.0,ID02026188,
THS-NI-3.2,NI,14,电解镍开工率（%）,ni_322_util_2|ni_322_util_3|ni_51_util|ni_51_util_battery|ni_51_util_cons,精炼镍：开工率：印尼（月）,65.0,ID02026188,
THS-NI-3.2,NI,15,镍铁开工率,ni_322_util_2|ni_322_util_3|ni_51_util|ni_51_util_battery|ni_51_util_cons,精炼镍：开工率：印尼（月）,69.33,ID02026188,
THS-NI-3.2,NI,16,镍铁开工率（%）,ni_322_util_2|ni_322_util_3|ni_51_util|ni_51_util_battery|ni_51_util_cons,精炼镍：开工率：印尼（月）,69.33,ID02026188,
THS-NI-3.2,NI,17,高冰镍开工率,ni_322_util_2|ni_322_util_3|ni_51_util|ni_51_util_battery|ni_51_util_cons,精炼镍：开工率：印尼（月）,65.0,ID02026188,
THS-NI-3.2,NI,18,高冰镍开工率（%）,ni_322_util_2|ni_322_util_3|ni_51_util|ni_51_util_battery|ni_51_util_cons,精炼镍：开工率：印尼（月）,65.0,ID02026188,
THS-NI-3.2,NI,21,印尼镍铁冶炼项目样本投产条数,wr248|wr245|wr246|wr247|wr243,印尼镍铁产量,65.0,ID01651125,
THS-NI-3.2,NI,24,Recycled nickel production,ni_313_output_nickel_ore|ni_313_output_nickel_ore_2|ni_313_output_nickel_ore_3|ni_313_output_nickel_ore_4|ni_313_output_3,硫化镍矿：产量：伦丁矿业：Eagle矿区（季）,11.82,ID01591506,
THS-NI-3.2,NI,25,不锈钢废料再生镍量,wr275|wr243|wr245|wr246|wr248,镍铁进口量,37.14,CM0000138647,
THS-NI-3.2,NI,26,不锈钢废料再生镍量（万吨）,wr275|wr243|wr245|wr246|wr248,镍铁进口量,37.14,CM0000138647,
THS-NI-3.2,NI,27,电池级镍回收量,wr275|wr243|wr245|wr246|wr248,镍铁进口量,43.33,CM0000138647,
THS-NI-3.2,NI,28,电池级镍回收量（万吨）,wr275|wr243|wr245|wr246|wr248,镍铁进口量,43.33,CM0000138647,
THS-NI-3.2,NI,29,高冰镍再生量,wr245|wr246|wr271|ni_22_import|ni_313_import_2,印尼冰镍产量（分品味）,65.0,ID01858105,
THS-NI-3.2,NI,30,高冰镍再生量（万吨）,wr245|wr246|wr271|ni_22_import|ni_313_import_2,印尼冰镍产量（分品味）,65.0,ID01858105,
THS-NI-3.2,NI,33,Nickel sulfate production,ni_31_nickel_ore_price|ni_22_price_nickel_powder|ni_21_premium|ni_22_premium_percentile|ni_22_premium,红土镍矿：1.6%Ni，0.05%Co，20%Fe，1%Cr，35%含水：HPM价格：印尼（日）,16.51,ID01737992,
THS-NI-3.2,NI,34,电解镍冶炼利润,wr259|ni_25_percentile_price|ni_25_percentile_price_2|ni_25_price|ni_63_export_2,镍铁理论利润（RKEF 山东）,59.99,a10020849,
THS-NI-3.2,NI,35,电解镍冶炼利润（元/吨）,wr259|ni_25_percentile_price|ni_25_percentile_price_2|ni_25_price|ni_63_export_2,镍铁理论利润（RKEF 山东）,59.99,a10020849,
THS-NI-3.2,NI,38,高冰镍冶炼利润,wr259|wr245|wr246|wr271|ni_314_import_6,镍铁理论利润（RKEF 山东）,59.99,a10020849,
THS-NI-3.2,NI,39,高冰镍冶炼利润（元/吨）,wr259|wr245|wr246|wr271|ni_314_import_6,镍铁理论利润（RKEF 山东）,59.99,a10020849,
THS-NI-3.2,NI,42,电解镍冶炼利润（元/吨）、沪镍主力合约收盘价（元/吨）,ni_21_close_front|wr257|wr259|ni_62_price|ni_21_volume_front,SHFE：镍：主力合约：收盘价（日）,60.67,FU00014997,
THS-NI-3.2.1,NI,9,近3年同月镍精炼产量均值（万吨）,wr242|wr247|ni_311_output|ni_311_output_2|ni_311_output_3,中国精炼镍产量,54.74,ID01002085,
THS-NI-3.2.1,NI,10,近3年同月镍精炼产量标准差（万吨）,wr242|wr247|ni_311_output|ni_311_output_2|ni_311_output_3,中国精炼镍产量,52.0,ID01002085,
THS-NI-3.2.1,NI,11,镍精矿TC（美元/吨干矿）,wr253|ni_61_import_nickel_ore|ni_61_import_nickel_ore_3|ni_73_nickel_ore_arrival|wr256,印尼镍矿价格（HPM 1.6%）,47.27,s22793258,
THS-NI-3.2.2,NI,0,电解镍开工率（%）,ni_322_util_2|ni_322_util_3|ni_51_util|ni_51_util_battery|ni_51_util_cons,精炼镍：开工率：印尼（月）,65.0,ID02026188,
THS-NI-3.2.2,NI,1,电解镍检修量（万吨）,ni_63_export_2|wr275|wr243|wr245|wr246,中国海关: 电解镍出口量: 月度,52.0,a10000647,
THS-NI-3.2.2,NI,2,镍铁开工率（%）,ni_322_util_2|ni_322_util_3|ni_51_util|ni_51_util_battery|ni_51_util_cons,精炼镍：开工率：印尼（月）,69.33,ID02026188,
THS-NI-3.2.2,NI,4,高冰镍开工率（%）,ni_322_util_2|ni_322_util_3|ni_51_util|ni_51_util_battery|ni_51_util_cons,精炼镍：开工率：印尼（月）,65.0,ID02026188,
THS-NI-3.2.2,NI,5,高冰镍检修量（万吨）,wr245|wr246|wr271|ni_22_import|ni_313_import_2,印尼冰镍产量（分品味）,65.0,ID01858105,
THS-NI-3.2.2,NI,9,近3年同月开工率均值（%）,wr235|wr93|li_51_util_ternary|wr57|wr197,硅片开工率,40.0,a10169445,
THS-NI-3.2.2,NI,10,近3年同月开工率标准差（%）,wr172|wr235|wr93|li_51_util_ternary|wr57,沪锡近半年月差变化,40.0,a12841510,
THS-NI-3.2.2,NI,11,镍精矿TC（美元/吨干矿）,wr253|ni_61_import_nickel_ore|ni_61_import_nickel_ore_3|ni_73_nickel_ore_arrival|wr256,印尼镍矿价格（HPM 1.6%）,47.27,s22793258,
THS-NI-3.2.3,NI,1,再生镍占比（%）,ni_42_ratio|wr256|wr267|ni_32_demand_recycle_h2so4|wr254,LME：镍：注销占比：香港（日）,43.33,FU00094552,
THS-NI-3.2.3,NI,2,不锈钢废料再生镍量（万吨）,wr275|wr243|wr245|wr246|wr248,镍铁进口量,37.14,CM0000138647,
THS-NI-3.2.3,NI,4,电池级镍回收量（万吨）,wr275|wr243|wr245|wr246|wr248,镍铁进口量,43.33,CM0000138647,
THS-NI-3.2.3,NI,5,动力电池废料进口量（万吨）,li_52_idx|wr140|wr239|li_52_battery|wr240,动力电池装车量,62.5,ID01660879,
THS-NI-3.2.3,NI,6,高冰镍再生量（万吨）,wr245|wr246|wr271|ni_22_import|ni_313_import_2,印尼冰镍产量（分品味）,65.0,ID01858105,
THS-NI-3.2.3,NI,8,近3年同月再生镍产量均值（万吨）,wr243|wr245|wr246|wr248|wr241,中国镍铁产量,43.33,ID01002124,
THS-NI-3.2.3,NI,9,近3年同月再生镍产量标准差（万吨）,wr243|wr245|wr246|wr248|wr241,中国镍铁产量,41.05,ID01002124,
THS-NI-3.2.3,NI,10,镍精矿TC（美元/吨干矿）,wr253|ni_61_import_nickel_ore|ni_61_import_nickel_ore_3|ni_73_nickel_ore_arrival|wr256,印尼镍矿价格（HPM 1.6%）,47.27,s22793258,
THS-NI-3.2.3,NI,12,再生镍-电解镍产量比（倍）,wr243|wr245|wr246|wr248|wr241,中国镍铁产量,52.0,ID01002124,
THS-NI-3.2.4,NI,0,电解镍冶炼利润（元/吨）,wr259|ni_25_percentile_price|ni_25_percentile_price_2|ni_25_price|ni_63_export_2,镍铁理论利润（RKEF 山东）,59.99,a10020849,
THS-NI-3.2.4,NI,1,电解镍完全成本（元/吨）,ni_73_cost|ni_324_cost|ni_25_percentile_price|ni_25_percentile_price_2|ni_25_price,低镍生铁：成本（日）,55.72,ID01360199,
THS-NI-3.2.4,NI,4,高冰镍冶炼利润（元/吨）,wr259|wr245|wr246|wr271|ni_314_import_6,镍铁理论利润（RKEF 山东）,59.99,a10020849,
THS-NI-3.2.4,NI,5,高冰镍完全成本（元/吨）,ni_73_cost|ni_324_cost|wr245|wr246|wr271,低镍生铁：成本（日）,55.72,ID01360199,
THS-NI-3.2.4,NI,6,近1年电解镍冶炼利润分位（%）,wr259|ni_25_percentile_price|ni_25_percentile_price_2|ni_25_price|ni_63_export_2,镍铁理论利润（RKEF 山东）,43.33,a10020849,
THS-NI-3.2.4,NI,7,电解镍开工率（%）,ni_322_util_2|ni_322_util_3|ni_51_util|ni_51_util_battery|ni_51_util_cons,精炼镍：开工率：印尼（月）,65.0,ID02026188,
THS-NI-3.2.4,NI,8,镍精矿TC（美元/吨干矿）,wr253|ni_61_import_nickel_ore|ni_61_import_nickel_ore_3|ni_73_nickel_ore_arrival|wr256,印尼镍矿价格（HPM 1.6%）,47.27,s22793258,
THS-NI-3.2.4,NI,9,近3年同月电解镍冶炼利润均值（元/吨）,wr259|ni_25_percentile_price|ni_25_percentile_price_2|ni_25_price|ni_63_export_2,镍铁理论利润（RKEF 山东）,39.0,a10020849,
THS-NI-3.2.4,NI,10,近3年同月电解镍冶炼利润标准差（元/吨）,wr259|ni_25_percentile_price|ni_25_percentile_price_2|ni_25_price|ni_63_export_2,镍铁理论利润（RKEF 山东）,37.14,a10020849,
THS-NI-4.1,NI,0,上期所镍仓单量（手）,ni_42_lme_warrant|wr275|wr243|wr245|wr246,LME：镍：注销仓单（日）,52.0,FU00014818,
THS-NI-4.1,NI,2,上海地区仓单量（手）,wr124|zn_44_inv_plant|wr263|li_63_conc|wr171,碳酸锂 仓单量,46.15,FU00058091,
THS-NI-4.1,NI,3,广东地区仓单量（手）,wr124|si_312_output_recycle|ni_45_output|wr263|cu_43_social_stock_ec,碳酸锂 仓单量,46.15,FU00058091,
THS-NI-4.1,NI,4,浙江地区仓单量（手）,wr124|wr263|wr171|si_21_warrant_industrial_si|si_22_warrant_industrial_si,碳酸锂 仓单量,46.15,FU00058091,
THS-NI-4.1,NI,5,近3年同月仓单量均值（手）,wr124|al_23_lme_oi|al_25_warrant_premium_avg_price|wr172|wr21,碳酸锂 仓单量,37.5,FU00058091,
THS-NI-4.1,NI,6,近3年同月仓单量标准差（手）,wr172|wr124|al_23_lme_oi|wr21|si_21_warrant_industrial_si,沪锡近半年月差变化,40.0,a12841510,
THS-NI-4.1,NI,8,近1年仓单量分位（%）,wr124|wr263|i8|si_21_warrant_industrial_si|si_22_warrant_industrial_si,碳酸锂 仓单量,42.86,FU00058091,
THS-NI-4.1,NI,9,镍现货升贴水（元/吨）,ni_32_premium|ni_42_premium|ni_21_premium|ni_22_premium_percentile|ni_22_premium,电解镍：Ni≥99.96%：俄罗斯产：现货到岸升贴水：中国（日）,45.88,ID00265540,
THS-NI-4.1,NI,12,上期所镍仓单量,ni_42_lme_warrant|wr275|wr243|wr245|wr246,LME：镍：注销仓单（日）,52.0,FU00014818,
THS-NI-4.1,NI,13,SMM纯镍社会库存:上期所,wr262|wr260|wr261|ni_41_lme_inv|ni_25_percentile_price,LME镍库存分布：洲,61.91,a12764460,
THS-NI-4.1,NI,16,上海地区仓单量、广东地区仓单量、浙江地区仓单量,wr124|wr17|li_33_import_gd|ni_41_import_nickel_powder|zn_44_inv_plant,碳酸锂 仓单量,20.69,FU00058091,
THS-NI-4.1,NI,17,SMM纯镍社会库存:上海/广东/浙江,wr262|wr261|wr260|ni_41_lme_inv|ni_25_percentile_price,LME镍库存分布：洲,50.0,a12764460,
THS-NI-4.1,NI,19,镍现货升贴水,ni_32_premium|ni_42_premium|ni_21_premium|ni_22_premium_percentile|ni_22_premium,电解镍：Ni≥99.96%：俄罗斯产：现货到岸升贴水：中国（日）,45.88,ID00265540,
THS-NI-4.1,NI,20,SMM纯镍现货升贴水,ni_21_lme_price|ni_25_percentile_price|ni_25_percentile_price_2|ni_25_price|ni_32_premium,SMM: 进口盈亏: 镍: 现货: LME价格: 日度,48.75,a12760049,
THS-NI-4.1,NI,21,Mysteel纯镍现货升贴水,ni_32_premium|ni_42_premium|ni_21_premium|ni_22_premium_percentile|ni_22_premium,电解镍：Ni≥99.96%：俄罗斯产：现货到岸升贴水：中国（日）,37.14,ID00265540,
THS-NI-4.1,NI,22,LME镍升贴水0-3（LME Nickel Premium/Discount 0-3）,wr260|ni_21_volume_top20|ni_42_lme_warrant|wr262|wr261,LME镍库存,69.33,a12764445,
THS-NI-4.1,NI,28,Mysteel LME镍库存,wr262|wr261|ni_41_lme_inv|wr260|ni_43_inv_2,LME镍库存分布：洲,67.82,a12764460,
THS-NI-4.1,NI,29,LME Nickel Stock（吨）,wr260|ni_42_lme_warrant|wr262|wr261|ni_41_lme_inv,LME镍库存,39.0,a12764445,
THS-NI-4.2,NI,0,上期所镍仓单量（手）,ni_42_lme_warrant|wr275|wr243|wr245|wr246,LME：镍：注销仓单（日）,52.0,FU00014818,
THS-NI-4.2,NI,2,上海地区仓单量（手）,wr124|zn_44_inv_plant|wr263|li_63_conc|wr171,碳酸锂 仓单量,46.15,FU00058091,
THS-NI-4.2,NI,3,广东地区仓单量（手）,wr124|si_312_output_recycle|ni_45_output|wr263|cu_43_social_stock_ec,碳酸锂 仓单量,46.15,FU00058091,
THS-NI-4.2,NI,4,浙江地区仓单量（手）,wr124|wr263|wr171|si_21_warrant_industrial_si|si_22_warrant_industrial_si,碳酸锂 仓单量,46.15,FU00058091,
THS-NI-4.2,NI,5,近3年同月仓单量均值（手）,wr124|al_23_lme_oi|al_25_warrant_premium_avg_price|wr172|wr21,碳酸锂 仓单量,37.5,FU00058091,
THS-NI-4.2,NI,6,近3年同月仓单量标准差（手）,wr172|wr124|al_23_lme_oi|wr21|si_21_warrant_industrial_si,沪锡近半年月差变化,40.0,a12841510,
THS-NI-4.2,NI,7,近1年仓单量分位（%）,wr124|wr263|i8|si_21_warrant_industrial_si|si_22_warrant_industrial_si,碳酸锂 仓单量,42.86,FU00058091,
THS-NI-4.2,NI,9,注销占比（%）,al_41_lme_warrant_ratio|sn_42_ratio|sn_43_ratio|i7|ni_42_ratio,LME：铝：注销占比（日）,40.0,FU00023742,
THS-NI-4.2,NI,10,镍现货升贴水（元/吨）,ni_32_premium|ni_42_premium|ni_21_premium|ni_22_premium_percentile|ni_22_premium,电解镍：Ni≥99.96%：俄罗斯产：现货到岸升贴水：中国（日）,45.88,ID00265540,
THS-NI-4.2,NI,12,上期所镍仓单量、上期所镍注销仓单量,ni_42_lme_warrant|ni_42_ratio|ni_32_output_h2so4|wr257|wr275,LME：镍：注销仓单（日）,56.52,FU00014818,
THS-NI-4.2,NI,13,SMM纯镍社会库存:上期所（含注销仓单）,wr262|wr260|wr261|ni_41_lme_inv|ni_25_percentile_price,LME镍库存分布：洲,61.91,a12764460,
THS-NI-4.2,NI,14,Mysteel精炼镍仓单库存、注销仓单,ni_42_lme_warrant|ni_43_inv|ni_43_inv_4|ni_43_inv_implicit|ni_44_inv_2,LME：镍：注销仓单（日）,53.79,FU00014818,
THS-NI-4.2,NI,15,LME镍注册仓单（LME Nickel Registered Stock）、LME镍注销仓单（LME,ni_42_lme_warrant|ni_42_ratio|wr261|wr260|wr262,LME：镍：注销仓单（日）,67.09,FU00014818,
THS-NI-4.2,NI,16,上期所镍仓单量、上期所镍注销仓单量、注销占比,ni_42_lme_warrant|ni_42_ratio|ni_32_output_h2so4|ni_26_percentile_openinterest_top2|wr257,LME：镍：注销仓单（日）,46.42,FU00014818,
THS-NI-4.2,NI,17,Mysteel精炼镍仓单注销占比,ni_42_ratio|ni_42_lme_warrant|wr242|wr247|ni_43_inv,LME：镍：注销占比：香港（日）,53.79,FU00094552,
THS-NI-4.2,NI,20,SMM纯镍社会库存:上期所、LME镍库存,wr262|wr261|ni_21_lme_price|wr260|ni_41_lme_inv,LME镍库存分布：洲,55.72,a12764460,
THS-NI-4.2,NI,21,Mysteel精炼镍仓单库存、LME镍库存,wr262|wr261|ni_41_lme_inv|ni_43_inv_2|ni_43_inv_3,LME镍库存分布：洲,50.32,a12764460,
THS-NI-4.2,NI,22,LME Nickel Stock,wr260|ni_42_lme_warrant|wr262|wr261|ni_41_lme_inv,LME镍库存,39.0,a12764445,
THS-NI-4.2,NI,23,上期所镍仓单量、镍现货升贴水,ni_32_premium|ni_42_premium|ni_21_warrant|ni_42_lme_warrant|ni_21_premium,电解镍：Ni≥99.96%：俄罗斯产：现货到岸升贴水：中国（日）,39.0,ID00265540,
THS-NI-4.2,NI,24,SMM纯镍社会库存:上期所、SMM纯镍现货升贴水,ni_21_lme_price|wr262|wr261|ni_41_lme_inv|wr260,SMM: 进口盈亏: 镍: 现货: LME价格: 日度,41.37,a12760049,
THS-NI-4.2,NI,25,Mysteel精炼镍仓单库存、Mysteel纯镍现货升贴水,wr260|ni_43_inv|ni_43_inv_4|ni_43_inv_implicit|ni_44_inv_2,LME镍库存,29.72,a12764445,
THS-NI-4.2,NI,26,LME镍升贴水0-3,wr260|ni_21_volume_top20|ni_42_lme_warrant|wr262|wr261,LME镍库存,69.33,a12764445,
THS-NI-4.2,NI,27,上期所镍仓单量、沪镍主力合约收盘价,ni_21_close_front|wr257|ni_42_lme_warrant|ni_21_volume_front|ni_21_openinterest_front,SHFE：镍：主力合约：收盘价（日）,65.0,FU00014997,
THS-NI-4.2,NI,28,SMM纯镍社会库存:上期所、沪镍主力合约收盘价,ni_21_close_front|wr262|wr261|ni_21_volume_front|ni_21_openinterest_front,SHFE：镍：主力合约：收盘价（日）,68.82,FU00014997,
THS-NI-4.2,NI,29,Mysteel精炼镍仓单库存、沪镍主力合约收盘价,ni_21_close_front|wr260|ni_43_inv|ni_43_inv_4|ni_43_inv_implicit,SHFE：镍：主力合约：收盘价（日）,49.19,FU00014997,
THS-NI-4.3,NI,1,厂内库存（万吨）,li_44_inv_smelt|SHFE库存|si_43_inv|li_44_lc_inv_plant|wr130,冶炼厂库存总量,66.67,a10097626,
THS-NI-4.3,NI,2,厂外库存（万吨）,li_44_inv_smelt|SHFE库存|si_43_inv|li_44_lc_inv_plant|wr130,冶炼厂库存总量,66.67,a10097626,
THS-NI-4.3,NI,3,上海地区社会库存（万吨）,si_313_social_inv|li_22_social_inv|si_313_inv_social|wr227|社库,工业硅社会库存,53.33,a10020033,
THS-NI-4.3,NI,4,广东地区社会库存（万吨）,si_313_social_inv|li_22_social_inv|si_313_inv_social|wr227|社库,工业硅社会库存,53.33,a10020033,
THS-NI-4.3,NI,5,浙江地区社会库存（万吨）,si_313_social_inv|li_22_social_inv|si_313_inv_social|wr227|社库,工业硅社会库存,53.33,a10020033,
THS-NI-4.3,NI,6,近3年同月社会库存均值（万吨）,si_313_social_inv|li_22_social_inv|si_313_inv_social|wr227|wr177,工业硅社会库存,44.44,a10020033,
THS-NI-4.3,NI,7,近3年同月社会库存标准差（万吨）,si_313_social_inv|li_22_social_inv|si_313_inv_social|wr227|wr177,工业硅社会库存,42.11,a10020033,
THS-NI-4.3,NI,8,近1年社会库存分位（%）,si_313_social_inv|li_22_social_inv|si_313_inv_social|wr227|wr177,工业硅社会库存,50.0,a10020033,
THS-NI-4.3,NI,9,上期所镍仓单量（手）,ni_42_lme_warrant|wr275|wr243|wr245|wr246,LME：镍：注销仓单（日）,52.0,FU00014818,
THS-NI-4.3,NI,10,镍精矿TC（美元/吨干矿）,wr253|ni_61_import_nickel_ore|ni_61_import_nickel_ore_3|ni_73_nickel_ore_arrival|wr256,印尼镍矿价格（HPM 1.6%）,47.27,s22793258,
THS-NI-4.3,NI,12,在途库存（万吨）,SHFE库存|社库|li_43_inv_struct|li_43_inv_struct_2|wr152,上期所库存,57.14,FU00014980,
THS-NI-4.3,NI,13,隐性库存（万吨）,SHFE库存|社库|li_43_inv_struct|li_43_inv_struct_2|wr178,上期所库存,57.14,FU00014980,
THS-NI-4.3,NI,15,SMM纯镍社会库存:三地总量,wr262|wr260|wr261|ni_41_lme_inv|ni_25_percentile_price,LME镍库存分布：洲,59.09,a12764460,
THS-NI-4.3,NI,16,Mysteel中国精炼镍27库社会库存,wr242|ni_43_inv|ni_43_inv_4|ni_43_inv_implicit|ni_44_inv_2,中国精炼镍产量,50.0,ID01002085,
THS-NI-4.3,NI,17,上海地区社会库存、广东地区社会库存、浙江地区社会库存,cu_43_social_stock_ec|i32|i34|i33|si_313_social_inv,铜杆：社会库存：华东地区（日）,36.84,ID02041074,
THS-NI-4.3,NI,18,SMM纯镍社会库存:上海/广东/浙江,wr262|wr261|wr260|ni_41_lme_inv|ni_25_percentile_price,LME镍库存分布：洲,50.0,a12764460,
THS-NI-4.3,NI,19,Mysteel中国精炼镍社会库存:上海/广东/浙江,wr242|wr262|ni_43_inv|ni_43_inv_4|ni_43_inv_implicit,中国精炼镍产量,43.33,ID01002085,
THS-NI-4.3,NI,20,镍社会库存总量、上期所镍仓单量,wr267|wr261|wr260|ni_44_inv|ni_43_inv,镍铁库存,52.0,a12854683,
THS-NI-4.3,NI,21,SMM纯镍社会库存:三地总量、SMM纯镍社会库存:上期所,wr261|ni_21_lme_price|wr262|ni_41_lme_inv|wr260,LME镍库存分布：仓库,44.58,a10018441,
THS-NI-4.3,NI,22,Mysteel中国精炼镍27库社会库存、Mysteel精炼镍仓单库存,wr261|wr242|ni_43_inv|ni_43_inv_4|ni_43_inv_implicit,LME镍库存分布：仓库,34.67,a10018441,
THS-NI-4.3,NI,23,镍社会库存总量、沪镍主力合约收盘价,ni_21_close_front|wr267|wr257|wr260|wr262,SHFE：镍：主力合约：收盘价（日）,65.0,FU00014997,
THS-NI-4.3,NI,24,SMM纯镍社会库存:三地总量、沪镍主力合约收盘价,ni_21_close_front|wr262|wr261|ni_21_volume_front|ni_21_openinterest_front,SHFE：镍：主力合约：收盘价（日）,66.86,FU00014997,
THS-NI-4.3,NI,25,Mysteel中国精炼镍27库社会库存、沪镍主力合约收盘价,ni_21_close_front|wr242|ni_43_inv|ni_43_inv_4|ni_43_inv_implicit,SHFE：镍：主力合约：收盘价（日）,43.33,FU00014997,
THS-NI-4.3,NI,26,在途库存、隐性库存,wr152|li_45_inv|wr54|SHFE库存|wr179,锂矿 外采 在途库存,47.06,ID02093014,
THS-NI-4.3,NI,27,SMM纯镍社会库存:在途/隐性,wr262|wr260|wr261|ni_41_lme_inv|ni_25_percentile_price,LME镍库存分布：洲,54.17,a12764460,
THS-NI-4.3,NI,28,Mysteel中国精炼镍在途库存、隐性库存,wr242|ni_43_inv|ni_43_inv_4|ni_43_inv_implicit|ni_44_inv_2,中国精炼镍产量,46.42,ID01002085,
THS-NI-4.3,NI,30,SMM纯镍社会库存:三地总量、LME镍库存,wr262|wr261|ni_21_lme_price|wr260|ni_41_lme_inv,LME镍库存分布：洲,53.79,a12764460,
THS-NI-4.3,NI,31,Mysteel中国精炼镍27库社会库存、LME镍库存,wr262|wr261|ni_41_lme_inv|wr242|ni_43_inv_2,LME镍库存分布：洲,43.33,a12764460,
THS-NI-4.3,NI,32,LME Nickel Stock,wr260|ni_42_lme_warrant|wr262|wr261|ni_41_lme_inv,LME镍库存,39.0,a12764445,
THS-NI-4.4,NI,1,电解镍厂库存天数（天）,wr267|wr260|wr262|wr261|ni_41_lme_inv,镍铁库存,65.0,a12854683,
THS-NI-4.4,NI,5,高冰镍厂库存天数（天）,wr267|wr260|ni_22_import|ni_313_import_2|ni_45_import,镍铁库存,65.0,a12854683,
THS-NI-4.4,NI,8,近3年同月厂库存均值（万吨）,li_44_inv_smelt|si_43_inv|li_44_lc_inv_plant|wr130|i9,冶炼厂库存总量,40.0,a10097626,
THS-NI-4.4,NI,9,近3年同月厂库存标准差（万吨）,wr172|li_44_inv_smelt|si_43_inv|li_44_lc_inv_plant|wr130,沪锡近半年月差变化,40.0,a12841510,
THS-NI-4.4,NI,10,近1年厂库存分位（%）,li_44_inv_smelt|si_43_inv|li_44_lc_inv_plant|wr130|i9,冶炼厂库存总量,46.15,a10097626,
THS-NI-4.4,NI,11,镍精矿TC（美元/吨干矿）,wr253|ni_61_import_nickel_ore|ni_61_import_nickel_ore_3|ni_73_nickel_ore_arrival|wr256,印尼镍矿价格（HPM 1.6%）,47.27,s22793258,
THS-NI-4.4,NI,13,电解镍厂库存、电解镍厂库存天数,wr267|wr261|wr260|ni_44_inv|ni_43_inv,镍铁库存,41.05,a12854683,
THS-NI-4.4,NI,14,SMM电解镍厂库存,wr260|ni_25_percentile_price|ni_25_percentile_price_2|ni_25_price|wr267,LME镍库存,69.33,a12764445,
THS-NI-4.4,NI,15,Mysteel电解镍厂库存,wr260|wr267|wr262|wr261|ni_41_lme_inv,LME镍库存,54.74,a12764445,
THS-NI-4.4,NI,16,镍铁厂库存、镍铁厂库存天数,wr267|wr257|wr261|wr260|ni_44_inv,镍铁库存,61.18,a12854683,
THS-NI-4.4,NI,18,Mysteel镍铁厂库存,wr267|wr260|wr262|wr261|ni_41_lme_inv,镍铁库存,65.0,a12854683,
THS-NI-4.4,NI,19,高冰镍厂库存、高冰镍厂库存天数,wr267|wr261|wr260|ni_44_inv|ni_43_inv,镍铁库存,41.05,a12854683,
THS-NI-4.4,NI,20,SMM高冰镍厂库存,wr260|wr267|wr262|wr261|ni_41_lme_inv,LME镍库存,69.33,a12764445,
THS-NI-4.4,NI,21,Mysteel高冰镍厂库存,wr260|wr267|wr262|wr261|ni_41_lme_inv,LME镍库存,54.74,a12764445,
THS-NI-4.4,NI,22,电解镍厂库存、镍铁厂库存、高冰镍厂库存、精炼镍厂库存,ni_43_inv|ni_43_inv_4|ni_43_inv_implicit|ni_44_inv_2|ni_44_inv_days,精炼镍：库存：中国：27家样本仓库（周）,30.24,ID01490913,
THS-NI-4.4,NI,23,SMM精炼镍厂库存:分工艺,ni_322_util_2|ni_322_util_3|ni_51_util|ni_51_util_battery|ni_51_util_cons,精炼镍：开工率：印尼（月）,56.52,ID02026188,
THS-NI-4.4,NI,24,Mysteel精炼镍厂库存:分工艺,ni_322_util_2|ni_322_util_3|ni_51_util|ni_51_util_battery|ni_51_util_cons,精炼镍：开工率：印尼（月）,48.15,ID02026188,
THS-NI-4.4,NI,25,镍厂库存总量、镍精矿TC,wr267|wr260|wr262|wr261|wr257,镍铁库存,55.72,a12854683,
THS-NI-4.4,NI,26,SMM镍精矿TC、SMM镍厂库存总量,wr260|wr262|wr267|wr261|ni_41_lme_inv,LME镍库存,47.27,a12764445,
THS-NI-4.4,NI,27,Mysteel镍精矿TC、Mysteel镍厂库存总量,wr260|wr262|wr261|ni_41_lme_inv|wr267,LME镍库存,34.67,a12764445,
THS-NI-4.5,NI,1,进口在途量（万吨）,wr275|si_61_import_3|li_61_import_2|wr27|wr270,镍铁进口量,60.0,CM0000138647,
THS-NI-4.5,NI,2,船货在途量（万吨）,li_21_openinterest_futures|wr152|wr54|精炼产量|li_73_spot,碳酸锂期货持仓量,30.77,j02803957,
THS-NI-4.5,NI,4,隐性库存占比（%）,SHFE库存|wr178|wr226|社库|li_43_inv_struct,上期所库存,44.44,FU00014980,
THS-NI-4.5,NI,5,印尼进口在途量（万吨）,wr190|wr275|wr182|si_61_import_3|li_61_import_2,印度锡净进口量,57.14,a12840355,
THS-NI-4.5,NI,6,菲律宾进口在途量（万吨）,wr275|si_61_import_3|li_61_import_2|wr27|wr270,镍铁进口量,46.15,CM0000138647,
THS-NI-4.5,NI,7,新喀里多尼亚进口在途量（万吨）,ni_314_import_5|ni_61_import_nickel_ore_5|ni_62_import_2|wr185|ni_311_output_nickel_ore_2,镍矿：进口数量：新喀里多尼亚→中国（月）,42.86,CM0000451009,
THS-NI-4.5,NI,8,近3年同月隐性库存均值（万吨）,wr178|wr226|wr172|wr179|SHFE库存,国内隐形库存拟合,31.58,a10167095,
THS-NI-4.5,NI,9,近3年同月隐性库存标准差（万吨）,wr172|wr178|wr226|wr179|SHFE库存,沪锡近半年月差变化,38.1,a12841510,
THS-NI-4.5,NI,10,镍精矿TC（美元/吨干矿）,wr253|ni_61_import_nickel_ore|ni_61_import_nickel_ore_3|ni_73_nickel_ore_arrival|wr256,印尼镍矿价格（HPM 1.6%）,47.27,s22793258,
THS-NI-4.5,NI,11,上期所镍仓单量（手）,ni_42_lme_warrant|wr275|wr243|wr245|wr246,LME：镍：注销仓单（日）,52.0,FU00014818,
THS-NI-4.5,NI,13,近1年隐性库存分位（%）,wr178|wr226|SHFE库存|wr176|wr179,国内隐形库存拟合,35.29,a10167095,
THS-NI-4.5,NI,14,镍在途库存总量、进口在途量、船货在途量,wr275|wr271|wr274|ni_22_import|ni_313_import_2,镍铁进口量,47.27,CM0000138647,
THS-NI-4.5,NI,15,SMM纯镍社会库存:在途,wr262|wr260|wr261|ni_41_lme_inv|ni_25_percentile_price,LME镍库存分布：洲,59.09,a12764460,
THS-NI-4.5,NI,16,Mysteel中国精炼镍在途库存,wr242|wr260|wr262|ni_43_inv|ni_43_inv_4,中国精炼镍产量,56.52,ID01002085,
THS-NI-4.5,NI,17,镍隐性库存总量、隐性库存占比,wr267|wr261|wr260|ni_44_inv|ni_43_inv,镍铁库存,48.75,a12854683,
THS-NI-4.5,NI,18,SMM纯镍社会库存:隐性,wr262|wr260|wr261|ni_41_lme_inv|ni_25_percentile_price,LME镍库存分布：洲,59.09,a12764460,
THS-NI-4.5,NI,19,Mysteel中国精炼镍隐性库存,wr242|wr260|wr262|ni_43_inv|ni_43_inv_4,中国精炼镍产量,56.52,ID01002085,
THS-NI-4.5,NI,20,印尼进口在途量、菲律宾进口在途量、新喀里多尼亚进口在途量,ni_314_import_5|ni_61_import_nickel_ore_5|ni_62_import_2|ni_311_output_nickel_ore_2|ni_314_import_4,镍矿：进口数量：新喀里多尼亚→中国（月）,40.0,CM0000451009,
THS-NI-4.5,NI,21,SMM进口镍在途量:分国别,ni_25_percentile_price|ni_25_percentile_price_2|ni_25_price|ni_22_import|ni_313_import_2,SMM: 电解镍进口盈亏（沪伦价格差）: 日度,57.77,a10000206,
THS-NI-4.5,NI,22,Mysteel进口镍在途量:分国别,ni_22_import|ni_313_import_2|ni_45_import|ni_45_import_3|ni_45_import_4,冰镍：进口数量合计：中国（月）,48.15,ID01364224,
THS-NI-4.5,NI,23,镍在途库存总量、镍精矿TC,wr267|wr260|wr262|wr261|ni_41_lme_inv,镍铁库存,52.0,a12854683,
THS-NI-4.5,NI,24,SMM镍精矿TC、SMM纯镍社会库存:在途,wr262|wr261|wr260|ni_41_lme_inv|ni_25_percentile_price,LME镍库存分布：洲,41.94,a12764460,
THS-NI-4.5,NI,25,Mysteel镍精矿TC、Mysteel中国精炼镍在途库存,wr242|ni_43_inv_2|ni_43_inv_3|ni_43_inv_percentile|wr260,中国精炼镍产量,36.11,ID01002085,
THS-NI-4.5,NI,26,镍隐性库存总量、上期所镍仓单量,wr267|wr261|wr260|ni_44_inv|ni_43_inv,镍铁库存,52.0,a12854683,
THS-NI-4.5,NI,27,SMM纯镍社会库存:隐性、SMM纯镍社会库存:上期所,wr261|ni_21_lme_price|wr262|ni_41_lme_inv|wr260,LME镍库存分布：仓库,44.58,a10018441,
THS-NI-4.5,NI,28,Mysteel中国精炼镍隐性库存、Mysteel精炼镍仓单库存,ni_43_inv|ni_43_inv_4|ni_43_inv_implicit|ni_44_inv_2|ni_44_inv_days,精炼镍：库存：中国：27家样本仓库（周）,37.92,ID01490913,
THS-NI-4.5,NI,29,镍在途库存总量、沪镍主力合约收盘价,ni_21_close_front|wr267|wr257|wr260|wr262,SHFE：镍：主力合约：收盘价（日）,65.0,FU00014997,
THS-NI-4.5,NI,30,SMM纯镍社会库存:在途、沪镍主力合约收盘价,ni_21_close_front|wr262|wr261|ni_21_volume_front|ni_21_openinterest_front,SHFE：镍：主力合约：收盘价（日）,66.86,FU00014997,
THS-NI-4.5,NI,31,Mysteel中国精炼镍在途库存、沪镍主力合约收盘价,ni_21_close_front|wr242|wr260|ni_43_inv|ni_43_inv_4,SHFE：镍：主力合约：收盘价（日）,46.67,FU00014997,
THS-NI-4.5,NI,32,具体执行,li_51_util|li_51_util_ternary_2|si_51_output_yoy_silicone_monomer|wr29|li_53_output,三元前驱体开工率,18.18,a12775149,
THS-NI-5.1,NI,0,不锈钢开工率（%）,wr235|wr252|wr263|开工率|li_51_util_ternary,硅片开工率,54.55,a10169445,
THS-NI-5.1,NI,1,不锈钢排产计划（万吨）,wr252|wr263|wr237|wr269|wr270,不锈钢基差,50.0,FU00024325,
THS-NI-5.1,NI,2,电池级镍开工率（%）,ni_322_util_2|ni_322_util_3|ni_51_util|ni_51_util_battery|ni_51_util_cons,精炼镍：开工率：印尼（月）,61.18,ID02026188,
THS-NI-5.1,NI,3,动力电池排产计划（万吨）,wr239|li_52_idx|wr240|wr140|li_52_battery,中国动力电池产量：三元,55.56,ID00188827,
THS-NI-5.1,NI,4,电镀镍开工率（%）,ni_322_util_2|ni_322_util_3|ni_51_util|ni_51_util_battery|ni_51_util_cons,精炼镍：开工率：印尼（月）,65.0,ID02026188,
THS-NI-5.1,NI,5,电镀镍排产计划（万吨）,wr243|wr245|wr246|wr248|wr241,中国镍铁产量,40.0,ID01002124,
THS-NI-5.1,NI,6,镍合金开工率（%）,ni_322_util_2|ni_322_util_3|ni_51_util|ni_51_util_battery|ni_51_util_cons,精炼镍：开工率：印尼（月）,65.0,ID02026188,
THS-NI-5.1,NI,7,镍合金排产计划（万吨）,wr243|wr245|wr246|wr248|wr241,中国镍铁产量,40.0,ID01002124,
THS-NI-5.1,NI,8,镍初级消费开工率（%）,ni_322_util_2|ni_322_util_3|ni_51_util|ni_51_util_battery|ni_51_util_cons,精炼镍：开工率：印尼（月）,57.77,ID02026188,
THS-NI-5.1,NI,9,近3年同月开工率均值（%）,wr235|wr93|li_51_util_ternary|wr57|wr197,硅片开工率,40.0,a10169445,
THS-NI-5.1,NI,10,近3年同月开工率标准差（%）,wr172|wr235|wr93|li_51_util_ternary|wr57,沪锡近半年月差变化,40.0,a12841510,
THS-NI-5.1,NI,12,镍精矿TC（美元/吨干矿）,wr253|ni_61_import_nickel_ore|ni_61_import_nickel_ore_3|ni_73_nickel_ore_arrival|wr256,印尼镍矿价格（HPM 1.6%）,47.27,s22793258,
THS-NI-5.1,NI,15,不锈钢开工率,wr235|wr252|wr263|开工率|li_51_util_ternary,硅片开工率,54.55,a10169445,
THS-NI-5.1,NI,17,精炼镍开工率、沪镍主力合约收盘价,ni_21_close_front|ni_322_util_2|ni_322_util_3|ni_51_util|ni_51_util_battery,SHFE：镍：主力合约：收盘价（日）,62.76,FU00014997,
THS-NI-5.2,NI,0,不锈钢终端产量（万吨）,wr269|wr270|wr237|wr238|wr252,不锈钢出口量,61.54,a12820603,
THS-NI-5.2,NI,2,动力电池排产计划（万吨）,wr239|li_52_idx|wr240|wr140|li_52_battery,中国动力电池产量：三元,55.56,ID00188827,
THS-NI-5.2,NI,3,动力电池终端产量（万吨）,li_52_idx|wr239|wr240|li_52_battery|li_35_battery_lc_output,动力电池装车量,66.67,ID01660879,
THS-NI-5.2,NI,4,电镀镍终端消费量（万吨）,wr275|wr243|wr245|wr246|wr248,镍铁进口量,40.0,CM0000138647,
THS-NI-5.2,NI,5,电镀镍排产计划（万吨）,wr243|wr245|wr246|wr248|wr241,中国镍铁产量,40.0,ID01002124,
THS-NI-5.2,NI,6,镍合金终端产量（万吨）,wr243|wr245|wr246|wr248|wr241,中国镍铁产量,59.99,ID01002124,
THS-NI-5.2,NI,7,镍合金排产计划（万吨）,wr243|wr245|wr246|wr248|wr241,中国镍铁产量,40.0,ID01002124,
THS-NI-5.2,NI,8,镍终端消费总量（万吨）,wr256|wr267|wr254|wr257|wr275,镍铁价格（江苏，7%≤Ni≤13%）,28.89,ID00185681,
THS-NI-5.2,NI,9,近3年同月终端消费均值（万吨）,si_52_cons|wr172|cu_5_2_consumption_4|wr21|表观消费,工业硅终端消费量,42.11,a12715181,
THS-NI-5.2,NI,10,近3年同月终端消费标准差（万吨）,si_52_cons|wr172|cu_5_2_consumption_4|wr21|cu_00_cons,工业硅终端消费量,40.0,a12715181,
THS-NI-5.2,NI,12,镍精矿TC（美元/吨干矿）,wr253|ni_61_import_nickel_ore|ni_61_import_nickel_ore_3|ni_73_nickel_ore_arrival|wr256,印尼镍矿价格（HPM 1.6%）,47.27,s22793258,
THS-NI-5.2,NI,14,三元电池排产,li_35_battery_lc_output|wr239|wr135|li_52_idx|li_73_raw,电池级碳酸锂产量,46.15,a12715549,
THS-NI-5.2,NI,15,不锈钢表观消费量、三元电池排产,ni_52_cons_steel|si_51_apparent_cons|si_51_cons_apparent|li_53_lc_cons_apparent|li_53_apparent_cons,不锈钢：表观消费量：中国（月）,61.54,ID01002056,
THS-NI-5.2,NI,16,不锈钢表观消费量、沪镍主力合约收盘价,ni_21_close_front|ni_21_volume_front|ni_21_openinterest_front|ni_26_openinterest_top20_front|ni_26_openinterest_top20_front_2,SHFE：镍：主力合约：收盘价（日）,58.71,FU00014997,
THS-NI-5.2,NI,17,三元电池排产、沪镍主力合约收盘价,ni_21_close_front|ni_21_volume_front|ni_21_openinterest_front|ni_26_openinterest_top20_front|ni_26_openinterest_top20_front_2,SHFE：镍：主力合约：收盘价（日）,65.0,FU00014997,
THS-NI-5.3,NI,0,不锈钢排产计划（万吨）,wr252|wr263|wr237|wr269|wr270,不锈钢基差,50.0,FU00024325,
THS-NI-5.3,NI,1,不锈钢开工率（%）,wr235|wr252|wr263|开工率|li_51_util_ternary,硅片开工率,54.55,a10169445,
THS-NI-5.3,NI,2,动力电池排产计划（万吨）,wr239|li_52_idx|wr240|wr140|li_52_battery,中国动力电池产量：三元,55.56,ID00188827,
THS-NI-5.3,NI,3,动力电池开工率（%）,li_52_idx|j51_util|wr235|wr140|wr239,动力电池装车量,57.14,ID01660879,
THS-NI-5.3,NI,4,电镀镍订单量（万吨）,wr275|wr243|wr245|wr246|wr248,镍铁进口量,47.27,CM0000138647,
THS-NI-5.3,NI,5,电镀镍开工率（%）,ni_322_util_2|ni_322_util_3|ni_51_util|ni_51_util_battery|ni_51_util_cons,精炼镍：开工率：印尼（月）,65.0,ID02026188,
THS-NI-5.3,NI,6,镍合金排产计划（万吨）,wr243|wr245|wr246|wr248|wr241,中国镍铁产量,40.0,ID01002124,
THS-NI-5.3,NI,7,镍合金开工率（%）,ni_322_util_2|ni_322_util_3|ni_51_util|ni_51_util_battery|ni_51_util_cons,精炼镍：开工率：印尼（月）,65.0,ID02026188,
THS-NI-5.3,NI,8,镍需求先行指标总量（万吨）,ni_311_capacity|ni_32_demand_h2so4_nickel_powder|ni_32_demand_recycle_h2so4|wr256|wr267,精炼镍：运行产能：印尼（月）,28.89,ID02026190,
THS-NI-5.3,NI,9,近3年同月先行指标均值（万吨）,wr172|wr21|li_24_close_near_2|j23_lme_0to3|sn_23_lme_close_3m,沪锡近半年月差变化,30.0,a12841510,
THS-NI-5.3,NI,10,近3年同月先行指标标准差（万吨）,wr172|wr21|li_24_close_near_2|si_23_spread_futures|li_24_spread_futures,沪锡近半年月差变化,38.1,a12841510,
THS-NI-5.3,NI,14,上期所镍仓单量（手）,ni_42_lme_warrant|wr275|wr243|wr245|wr246,LME：镍：注销仓单（日）,52.0,FU00014818,
THS-NI-6.1,NI,10,新喀里多尼亚镍矿进口量（万吨）,wr275|wr271|ni_314_import_5|ni_61_import_nickel_ore_5|ni_62_import_2,镍铁进口量,65.0,CM0000138647,
THS-NI-6.1,NI,12,近3年同月进口量均值（万吨）,wr144|si_321_import|si_321_import_2|si_314_by_country_import|si_314_by_country_import_2,碳酸锂 月度进口量,44.44,a10006557,
THS-NI-6.1,NI,13,近3年同月进口量标准差（万吨）,wr144|si_321_import|si_321_import_2|wr172|si_314_by_country_import,碳酸锂 月度进口量,42.11,a10006557,
THS-NI-6.1,NI,14,镍精矿TC（美元/吨干矿）,wr253|ni_61_import_nickel_ore|ni_61_import_nickel_ore_3|ni_73_nickel_ore_arrival|wr256,印尼镍矿价格（HPM 1.6%）,47.27,s22793258,
THS-NI-6.2,NI,10,新喀里多尼亚电解镍进口量（万吨）,wr275|wr271|ni_314_import_5|ni_61_import_nickel_ore_5|ni_62_import_2,镍铁进口量,61.18,CM0000138647,
THS-NI-6.2,NI,11,镍精炼金属进口总量（万吨）,wr275|ni_41_import|ni_61_import_3|ni_62_import|wr271,镍铁进口量,65.0,CM0000138647,
THS-NI-6.2,NI,12,近3年同月进口量均值（万吨）,wr144|si_321_import|si_321_import_2|si_314_by_country_import|si_314_by_country_import_2,碳酸锂 月度进口量,44.44,a10006557,
THS-NI-6.2,NI,13,近3年同月进口量标准差（万吨）,wr144|si_321_import|si_321_import_2|wr172|si_314_by_country_import,碳酸锂 月度进口量,42.11,a10006557,
THS-NI-6.2,NI,14,镍精矿TC（美元/吨干矿）,wr253|ni_61_import_nickel_ore|ni_61_import_nickel_ore_3|ni_73_nickel_ore_arrival|wr256,印尼镍矿价格（HPM 1.6%）,47.27,s22793258,
THS-NI-6.3,NI,2,电池级镍制品出口量（万吨）,wr273|ni_63_export_2|wr275|wr271|wr274,中国硫酸镍出口量,61.18,a10099193,
THS-NI-6.3,NI,3,电池级镍制品出口金额（亿美元）,ni_63_export|ni_63_export_2|wr273|wr275|ni_25_percentile_price,未锻轧非合金镍：出口金额合计：中国（月）,52.0,ID00188815,
THS-NI-6.3,NI,4,电镀镍制品出口量（万吨）,wr273|wr275|ni_63_export_2|wr271|wr274,中国硫酸镍出口量,65.0,a10099193,
THS-NI-6.3,NI,5,电镀镍制品出口金额（亿美元）,ni_63_export|wr273|ni_63_export_2|wr275|ni_25_percentile_price,未锻轧非合金镍：出口金额合计：中国（月）,54.17,ID00188815,
THS-NI-6.3,NI,11,镍制品出口总量（万吨）,wr273|wr275|ni_41_import|ni_61_import_3|ni_62_import,中国硫酸镍出口量,59.99,a10099193,
THS-NI-6.3,NI,12,近3年同月出口量均值（万吨）,si_62_export|si_62_export_2|wr269|li_62_export_2|pb_63_aux,工业硅出口量,37.5,CM0000287779,
THS-NI-6.3,NI,13,近3年同月出口量标准差（万吨）,wr172|si_62_export|si_62_export_2|wr269|li_62_export_2,沪锡近半年月差变化,40.0,a12841510,
THS-NI-6.3,NI,15,镍精矿TC（美元/吨干矿）,wr253|ni_61_import_nickel_ore|ni_61_import_nickel_ore_3|ni_73_nickel_ore_arrival|wr256,印尼镍矿价格（HPM 1.6%）,47.27,s22793258,
THS-NI-6.4,NI,0,印尼镍矿对华发运量（万吨）,wr245|wr246|wr248|wr253|wr247,印尼冰镍产量（分品味）,69.33,ID01858105,
THS-NI-6.4,NI,2,菲律宾镍矿对华发运量（万吨）,ni_73_inv_nickel_ore|wr275|ni_61_import_nickel_ore|ni_61_import_nickel_ore_3|ni_73_nickel_ore_arrival,菲律宾镍矿：港口库存：12个港口（周）,50.0,ID00188248,
THS-NI-6.4,NI,3,菲律宾镍矿发运天数（天）,ni_73_inv_nickel_ore|ni_61_import_nickel_ore|ni_61_import_nickel_ore_3|ni_73_nickel_ore_arrival|wr253,菲律宾镍矿：港口库存：12个港口（周）,52.0,ID00188248,
THS-NI-6.4,NI,4,印尼镍生铁/NPI对华发运量（万吨）,wr248|wr245|wr246|wr247|wr275,印尼镍铁产量,68.42,ID01651125,
THS-NI-6.4,NI,5,印尼镍生铁/NPI发运天数（天）,wr248|wr245|wr246|wr253|ni_73_cost,印尼镍铁产量,57.77,ID01651125,
THS-NI-6.4,NI,6,高冰镍对华发运量（万吨）,wr245|wr246|wr271|ni_22_import|ni_313_import_2,印尼冰镍产量（分品味）,55.72,ID01858105,
THS-NI-6.4,NI,7,高冰镍发运天数（天）,ni_22_import|ni_313_import_2|ni_45_import|ni_45_import_3|ni_45_import_4,冰镍：进口数量合计：中国（月）,45.88,ID01364224,
THS-NI-6.4,NI,8,电解镍对华发运量（万吨）,ni_63_export_2|wr275|wr243|wr245|wr246,中国海关: 电解镍出口量: 月度,47.27,a10000647,
THS-NI-6.4,NI,9,电解镍发运天数（天）,ni_25_percentile_price|ni_25_percentile_price_2|ni_25_price|ni_63_export_2|ni_62_price,SMM: 电解镍进口盈亏（沪伦价格差）: 日度,37.14,a10000206,
THS-NI-6.4,NI,10,海外对华发运总量（万吨）,li_31_capacity|li_63_conc_shipment|li_31_output|wr70|wr68,海外产能,40.0,a12715541,
THS-NI-6.4,NI,11,近3年同月发运量均值（万吨）,li_63_conc_shipment|wr70|wr172|wr21|wr72,锂精矿发运量(班伯里港),37.5,ID02038526,
THS-NI-6.4,NI,12,近3年同月发运量标准差（万吨）,wr172|li_63_conc_shipment|wr70|wr21|wr72,沪锡近半年月差变化,40.0,a12841510,
THS-NI-6.4,NI,13,镍精矿TC（美元/吨干矿）,wr253|ni_61_import_nickel_ore|ni_61_import_nickel_ore_3|ni_73_nickel_ore_arrival|wr256,印尼镍矿价格（HPM 1.6%）,47.27,s22793258,
THS-NI-7.1,NI,0,电解镍现金成本（元/吨）,ni_73_cost|ni_324_cost|ni_71_cost_nickel_ore|ni_71_cost_6|ni_25_percentile_price,低镍生铁：成本（日）,55.72,ID01360199,
THS-NI-7.1,NI,2,电价（元/度）,si_71_power|si_71_power_2|si_71_power_3|si_71_power_4|wr112,工业硅电价,40.0,ID01857527,
THS-NI-7.1,NI,4,TC（美元/吨干矿）,TC|cu_44_tc_conc|cu_25_tc_conc|cu_315_import_conc|si_51_util_2,TC加工费,40.0,ID01002200,
THS-NI-7.1,NI,5,高冰镍成本（元/吨）,ni_73_cost|ni_324_cost|wr245|wr246|wr271,低镍生铁：成本（日）,65.0,ID01360199,
THS-NI-7.1,NI,6,加工费（元/吨）,TC|wr199|wr158|wr159|wr160,TC加工费,60.0,ID01002200,
THS-NI-7.1,NI,7,镍冶炼成本分位（%）,ni_73_cost|ni_324_cost|wr262|ni_71_cost_h2so4|wr261,低镍生铁：成本（日）,55.72,ID01360199,
THS-NI-7.1,NI,9,精炼镍成本（元/吨）,ni_73_cost|ni_324_cost|wr242|wr247|ni_311_output,低镍生铁：成本（日）,65.0,ID01360199,
THS-NI-7.1,NI,10,镍冶炼成本总量（元/吨）,ni_73_cost|ni_324_cost|ni_71_cost_h2so4|ni_71_cost_nickel_ore|ni_71_cost_nickel_powder,低镍生铁：成本（日）,65.0,ID01360199,
THS-NI-7.1,NI,11,近3年同季成本均值（元/吨）,wr232|sn_71_cost|sn_71_cost_percentile|sn_71_cost_2|sn_71_cost_3,工业硅成本,28.57,ID01523500,
THS-NI-7.1,NI,12,近3年同季成本标准差（元/吨）,wr172|wr232|sn_71_cost|sn_71_cost_percentile|sn_71_cost_2,沪锡近半年月差变化,31.58,a12841510,
THS-NI-7.1,NI,13,镍冶炼成本（元/吨）,ni_73_cost|ni_324_cost|ni_71_cost_h2so4|ni_71_cost_nickel_ore|ni_71_cost_nickel_powder,低镍生铁：成本（日）,65.0,ID01360199,
THS-NI-7.1,NI,15,镍精矿TC（美元/吨干矿）,wr253|ni_61_import_nickel_ore|ni_61_import_nickel_ore_3|ni_73_nickel_ore_arrival|wr256,印尼镍矿价格（HPM 1.6%）,47.27,s22793258,
THS-NI-7.1,NI,16,镍矿CIF价格（美元/湿吨）、镍矿FOB价格（美元/湿吨）,wr253|wr256|wr254|ni_00_price_nickel_ferrous|ni_31_nickel_ore_price,印尼镍矿价格（HPM 1.6%）,49.53,s22793258,
THS-NI-7.1,NI,17,菲律宾镍矿CIF价格（美元/湿吨）、菲律宾镍矿FOB价格（美元/湿吨）,wr253|ni_73_inv_nickel_ore|ni_00_price_nickel_ferrous|wr256|wr254,印尼镍矿价格（HPM 1.6%）,38.52,s22793258,
THS-NI-7.1,NI,18,菲律宾镍矿CIF价格（美元/湿吨）,wr253|wr256|wr254|ni_73_inv_nickel_ore|wr257,印尼镍矿价格（HPM 1.6%）,65.0,s22793258,
THS-NI-7.1,NI,19,镍铁RKEF成本（元/镍点）,ni_73_cost|ni_71_cost_6|ni_324_cost|ni_25_profit_3|wr256,低镍生铁：成本（日）,69.33,ID01360199,
THS-NI-7.1,NI,20,镍铁一体化成本（元/吨）、镍精矿TC（美元/吨干矿）,ni_73_cost|ni_324_cost|wr257|ni_71_cost_percentile|ni_71_cost_2,低镍生铁：成本（日）,52.0,ID01360199,
THS-NI-7.1,NI,21,高冰镍成本（元/吨）、镍矿成本（元/吨）、加工费（元/吨）,ni_73_cost_2|ni_324_cost_2|ni_71_cost_h2so4|ni_73_cost|ni_324_cost,精炼镍：生产成本：中国：红土镍矿：氢氧化镍加工工艺（日）,46.67,ID01959843,
THS-NI-7.1,NI,22,印尼高冰镍完全成本（美元/镍吨）、印尼高冰镍现金成本（美元/镍吨）,wr245|wr246|ni_71_cost_nickel_ore|ni_321_output_nickel_powder|ni_71_cost_6,印尼冰镍产量（分品味）,41.6,ID01858105,
THS-NI-7.1,NI,23,日度分原料硫酸镍完全成本（元/镍吨）（MHP/高冰镍/镍豆）,wr254|ni_73_cost|ni_324_cost|wr241|ni_71_cost_h2so4,硫酸镍价格,45.88,ID01722282,
THS-NI-7.1,NI,24,分原料硫酸镍完全成本（元/镍吨）,wr254|ni_73_cost|ni_324_cost|wr241|ni_71_cost_h2so4,硫酸镍价格,52.0,ID01722282,
THS-NI-7.1,NI,25,日度分原料硫酸镍完全成本（元/镍吨）,wr254|ni_73_cost|ni_324_cost|wr241|ni_71_cost_h2so4,硫酸镍价格,45.88,ID01722282,
THS-NI-7.2,NI,0,电解镍日度利润（元/吨）,ni_25_percentile_price|ni_25_percentile_price_2|ni_25_price|wr259|ni_63_export_2,SMM: 电解镍进口盈亏（沪伦价格差）: 日度,61.91,a10000206,
THS-NI-7.2,NI,2,电解镍现金成本（元/吨）,ni_73_cost|ni_324_cost|ni_71_cost_nickel_ore|ni_71_cost_6|ni_25_percentile_price,低镍生铁：成本（日）,55.72,ID01360199,
THS-NI-7.2,NI,3,镍铁一体化日度利润（元/吨）,wr259|wr256|wr267|wr257|wr275,镍铁理论利润（RKEF 山东）,69.33,a10020849,
THS-NI-7.2,NI,5,TC（美元/吨干矿）,TC|cu_44_tc_conc|cu_25_tc_conc|cu_315_import_conc|si_51_util_2,TC加工费,40.0,ID01002200,
THS-NI-7.2,NI,6,高冰镍日度利润（元/吨）,wr259|wr245|wr246|ni_25_percentile_price|ni_25_percentile_price_2,镍铁理论利润（RKEF 山东）,59.99,a10020849,
THS-NI-7.2,NI,7,加工费（元/吨）,TC|wr199|wr158|wr159|wr160,TC加工费,60.0,ID01002200,
THS-NI-7.2,NI,8,精炼镍日度利润（元/吨）,wr259|wr242|wr247|ni_321_capacity_util|ni_312_output,镍铁理论利润（RKEF 山东）,59.99,a10020849,
THS-NI-7.2,NI,9,镍冶炼日度利润分位（%）,wr259|ni_25_percentile_price|ni_25_percentile_price_2|ni_25_price|ni_21_warrant,镍铁理论利润（RKEF 山东）,52.0,a10020849,
THS-NI-7.2,NI,11,镍冶炼日度利润（元/吨）,wr259|ni_25_percentile_price|ni_25_percentile_price_2|ni_25_price|ni_21_warrant,镍铁理论利润（RKEF 山东）,59.99,a10020849,
THS-NI-7.2,NI,12,近3年同日利润均值（元/吨）,li_25_profit_5|li_25_by_route_profit|li_25_by_route_profit_2|wr45|al_25_profit,分路线利润,28.57,a12795960,
THS-NI-7.2,NI,13,近3年同日利润标准差（元/吨）,wr172|li_25_profit_5|li_25_by_route_profit|li_25_by_route_profit_2|wr45,沪锡近半年月差变化,31.58,a12841510,
THS-NI-7.2,NI,14,镍精矿TC（美元/吨干矿）,wr253|ni_61_import_nickel_ore|ni_61_import_nickel_ore_3|ni_73_nickel_ore_arrival|wr256,印尼镍矿价格（HPM 1.6%）,47.27,s22793258,
THS-NI-7.2,NI,15,电解镍日度利润（元/吨）、沪镍主力合约收盘价（元/吨）、电解镍现金成本（元/吨）,ni_21_close_front|ni_25_percentile_price|ni_25_percentile_price_2|ni_25_price|ni_71_cost_nickel_ore,SHFE：镍：主力合约：收盘价（日）,47.89,FU00014997,
THS-NI-7.2,NI,16,镍铁一体化日度利润（元/吨）、镍矿成本（元/吨）、TC（美元/吨干矿）,wr259|ni_73_cost|ni_324_cost|wr257|ni_72_profit_nickel_powder,镍铁理论利润（RKEF 山东）,45.21,a10020849,
THS-NI-7.2,NI,17,高冰镍日度利润（元/吨）、镍矿成本（元/吨）、加工费（元/吨）,ni_72_profit_2|ni_324_profit_h2so4|ni_71_cost_h2so4|wr259|ni_71_cost_nickel_powder,精炼镍：生产利润：中国：外采：硫酸镍加工工艺（日）,41.05,ID01959853,
THS-NI-7.2,NI,18,印尼高冰镍完全成本：利润（周度）,wr245|wr246|wr248|wr253|wr259,印尼冰镍产量（分品味）,57.77,ID01858105,
THS-NI-7.2,NI,19,分原料硫酸镍利润（元/镍吨）（MHP/高冰镍/镍豆）,wr254|wr259|wr241|wr273|wr274,硫酸镍价格,59.99,ID01722282,
THS-NI-7.2,NI,20,分原料硫酸镍利润（元/镍吨）,wr254|wr259|wr241|wr273|wr274,硫酸镍价格,59.99,ID01722282,
THS-NI-7.3,NI,0,电价（元/度）,si_71_power|si_71_power_2|si_71_power_3|si_71_power_4|wr112,工业硅电价,40.0,ID01857527,
THS-NI-7.3,NI,1,电解镍现金成本（元/吨）,ni_73_cost|ni_324_cost|ni_71_cost_nickel_ore|ni_71_cost_6|ni_25_percentile_price,低镍生铁：成本（日）,55.72,ID01360199,
THS-NI-7.3,NI,3,镍精矿TC（美元/吨干矿）,wr253|ni_61_import_nickel_ore|ni_61_import_nickel_ore_3|ni_73_nickel_ore_arrival|wr256,印尼镍矿价格（HPM 1.6%）,47.27,s22793258,
THS-NI-7.3,NI,5,TC（美元/吨干矿）,TC|cu_44_tc_conc|cu_25_tc_conc|cu_315_import_conc|si_51_util_2,TC加工费,40.0,ID01002200,
THS-NI-7.3,NI,6,高冰镍成本（元/吨）,ni_73_cost|ni_324_cost|wr245|wr246|wr271,低镍生铁：成本（日）,65.0,ID01360199,
THS-NI-7.3,NI,7,加工费（元/吨）,TC|wr199|wr158|wr159|wr160,TC加工费,60.0,ID01002200,
THS-NI-7.3,NI,8,精炼镍成本（元/吨）,ni_73_cost|ni_324_cost|wr242|wr247|ni_311_output,低镍生铁：成本（日）,65.0,ID01360199,
THS-NI-7.3,NI,9,能源/原料成本总量（元/吨）,wr232|sn_71_cost|sn_71_cost_percentile|sn_71_cost_2|sn_71_cost_3,工业硅成本,36.36,ID01523500,
THS-NI-7.3,NI,10,近3年同月成本均值（元/吨）,wr172|wr21|wr232|sn_71_cost|sn_71_cost_percentile,沪锡近半年月差变化,33.33,a12841510,
THS-NI-7.3,NI,11,近3年同月成本标准差（元/吨）,wr172|wr21|wr232|al_23_lme_volume|ni_21_volume_top20,沪锡近半年月差变化,42.11,a12841510,
THS-NI-7.3,NI,14,菲律宾镍矿离港量（万吨）,ni_73_inv_nickel_ore|ni_31_inv_nickel_ore_2|wr275|ni_61_import_nickel_ore|ni_61_import_nickel_ore_3,菲律宾镍矿：港口库存：12个港口（周）,65.0,ID00188248,
THS-NI-7.3,NI,16,菲律宾至中国海运费（美元/湿吨）,ni_73_nickel_ore_arrival|ni_314_import_4|i17|i41|li_63_idx,镍矿：到港量：菲律宾→中国（日）,45.45,ID01537472,
THS-NI-7.3,NI,18,原图数,i15|j53_regen_days|zn_312_raw_days|wr25|i4,再生铅原料库存天数,33.33,a12810628,
THS-NI-7.3,NI,19,删除图数,li_61_import_total|i15|li_61_import|li_26_price_spot|li_44_inv,锂进口数量合计中国（月）,18.18,ID01485909,
THS-NI-7.3,NI,20,新增图数,li_61_import_total|li_52_energy|wr209|wr204|i15,锂进口数量合计中国（月）,18.18,ID01485909,
THS-NI-7.3,NI,21,最终图数,li_61_import_total|si_52_cons|i15|li_61_import|li_26_price_spot,锂进口数量合计中国（月）,18.18,ID01485909,
THS-NI-7.3,NI,22,8,wr219|ni_63_inv_steel|zn_313_h2so4|zn_313_h2so4_2|zn_25_tc_conc_2,硅片价格-N型182mm,9.09,ID01994882,
THS-NI-7.3,NI,23,4,wr205|wr206|wr207|si_24_spot|si_24_spot_6,工业硅价格-421#(昆明),11.11,a10154493,
THS-NI-7.3,NI,24,2,li_26_top20_openinterest|li_26_openinterest_top20_long|li_26_openinterest_top20_long_2|li_26_openinterest_top20_long_3|li_26_openinterest_top20_short,空头前20持仓量,12.5,FU00085347,
THS-NI-7.3,NI,25,6,wr12|wr13|al_00_inv|cu_323_output_recycle|cu_46_output_recycle,1A60铝杆加工费-内蒙,9.09,s20016761,
THS-NI-7.3,NI,26,9,zn_313_h2so4|zn_313_h2so4_2|si_314_import_3|si_314_import_4|si_315_import_industrial_si,硫酸：98%：出厂价：山东：无棣鑫岳（日）,5.88,ID01563956,
THS-SI-2.1,SI,5,工业硅期货日度多空持仓比（%）,si_23_spread_futures|si_26_top20_openinterest|si_26_openinterest_top20_long|si_26_openinterest_top20_long_2|si_26_openinterest_top20_long_3,工业硅期货月差,68.42,FU00039384,
THS-SI-2.1,SI,7,工业硅期货日度仓单注册量（吨）,si_23_spread_futures|si_21_warrant_industrial_si|si_22_warrant_industrial_si|si_24_warrant_industrial_si|si_42_warrant_ratio_industrial_si,工业硅期货月差,68.42,FU00039384,
THS-SI-2.1,SI,9,近3年同日持仓量均值（手）,wr171|al_23_lme_oi|li_21_openinterest_futures|li_26_top20_openinterest|li_26_openinterest_top20_long,沪锡总持仓量,37.5,a10177562,
THS-SI-2.1,SI,10,近3年同日持仓量标准差（手）,wr171|al_23_lme_oi|li_21_openinterest_futures|li_26_top20_openinterest|li_26_openinterest_top20_long,沪锡总持仓量,35.29,a10177562,
THS-SI-2.2,SI,8,近3年同日升贴水均值（元/吨）,wr249|j23_lme_0to3|j23_lme_sp3|wr168|wr169,LME C-3M升贴水,42.11,j02797787,
THS-SI-2.2,SI,9,近3年同日升贴水标准差（元/吨）,wr249|j23_lme_0to3|j23_lme_sp3|zn_21_lme_03|wr168,LME C-3M升贴水,40.0,j02797787,
THS-SI-2.3,SI,6,LME工业硅现货升贴水（美元/吨）,si_24_spot|si_24_spot_2|si_24_spot_3|si_24_spot_4|si_24_spot_5,工业硅现货价421#,61.91,ID01297273,
THS-SI-2.3,SI,7,COMEX工业硅现货升贴水（美元/磅）,si_41_warrant_total|si_24_spot|si_24_spot_2|si_24_spot_3|si_24_spot_4,GFEX工业硅仓单总量,59.09,a10175359,
THS-SI-2.3,SI,9,LME工业硅3个月期货收盘价（美元/吨）,si_21_close_front|si_23_spread_futures|si_21_close_front_industrial_si|si_23_close|si_23_close_2,工业硅主力合约收盘价,67.82,a10154400,
THS-SI-2.3,SI,10,近3年同日收盘价均值（美元/吨）,li_24_close_near_2|sn_23_lme_close_3m|zn_23_lme_3m|cu_24_lme_close|cu_25_lme_close_front,近月合约收盘价,50.0,a12841695,
THS-SI-2.3,SI,11,近3年同日收盘价标准差（美元/吨）,li_24_close_near_2|sn_23_lme_close_3m|zn_23_lme_3m|cu_24_lme_close|cu_25_lme_close_front,近月合约收盘价,47.06,a12841695,
THS-SI-2.4,SI,7,近3年同日月差均值（元/吨）,wr172|wr21|li_24_close_near_2|si_23_spread_futures|li_24_spread_futures,沪锡近半年月差变化,44.44,a12841510,
THS-SI-2.4,SI,8,近3年同日月差标准差（元/吨）,wr172|wr21|li_24_close_near_2|si_23_spread_futures|li_24_spread_futures,沪锡近半年月差变化,42.11,a12841510,
THS-SI-2.5,SI,4,工业硅估值分位（%）,si_22_basis|si_61_by_country_import|si_62_by_country_export|si_71_power|si_71_power_2,工业硅基差,65.0,a12841761,
THS-SI-2.5,SI,5,多晶硅估值分位（%）,wr213|wr214|wr217|wr212|wr216,多晶硅产能,65.0,j02799420,
THS-SI-2.5,SI,8,近3年同月冶炼利润均值（元/吨）,si_25_profit_smelt|si_25_profit_smelt_2|li_25_profit_smelt|sn_72_idx|wr172,工业硅冶炼利润,44.44,ID01528164,
THS-SI-2.5,SI,9,近3年同月冶炼利润标准差（元/吨）,si_25_profit_smelt|si_25_profit_smelt_2|li_25_profit_smelt|wr172|sn_72_idx,工业硅冶炼利润,42.11,ID01528164,
THS-SI-2.6,SI,9,近3年同日多头前20持仓量均值（手）,si_26_openinterest_top20_long|si_26_openinterest_top20_long_2|si_26_openinterest_top20_long_3|li_26_top20_openinterest|li_26_openinterest_top20_short,工业硅多头前20持仓量,61.54,FU00085345,
THS-SI-2.6,SI,10,近3年同日多头前20持仓量标准差（手）,si_26_openinterest_top20_long|si_26_openinterest_top20_long_2|si_26_openinterest_top20_long_3|li_26_top20_openinterest|li_26_openinterest_top20_short,工业硅多头前20持仓量,59.26,FU00085345,
THS-SI-3.1.1,SI,1,海外硅矿季度产能（万吨）,wr213|wr234|si_321_capacity|si_323_recycle_capacity_industrial_|si_323_recycle_capacity,多晶硅产能,59.99,j02799420,
THS-SI-3.1.1,SI,4,海外硅矿季度检修量（万吨）,wr234|wr236|wr201|wr210|wr214,硅片周度产量,52.0,a10169478,
THS-SI-3.1.1,SI,5,海外硅矿季度进口量（万吨）,si_61_import_3|si_321_import|si_61_by_country_import|si_321_import_2|si_312_import,工业硅进口量,69.33,CM0000287718,
THS-SI-3.1.1,SI,7,海外硅矿季度加工费TC（元/吨）,wr235|wr217|wr234|si_43_inv|si_312_util_4,硅片开工率,32.5,a10169445,
THS-SI-3.1.1,SI,8,近3年同季产量均值（万吨）,精炼产量|al_00_output_2|li_32_lepid_output|wr214|li_32_output,精炼产量,30.77,ID01448337,
THS-SI-3.1.1,SI,9,近3年同季产量标准差（万吨）,wr172|精炼产量|al_00_output_2|li_32_lepid_output|wr214,沪锡近半年月差变化,31.58,a12841510,
THS-SI-3.1.2,SI,2,巴西硅矿月产量（万吨）,si_321_output|si_323_output_recycle|si_312_output_2|si_312_output_3|wr236,工业硅精炼月产量,69.33,a12715175,
THS-SI-3.1.2,SI,5,巴西硅矿月产能（万吨）,si_321_capacity_2|wr213|si_321_capacity|si_323_recycle_capacity_industrial_|si_323_recycle_capacity,工业硅精炼月产能,69.33,a12750402,
THS-SI-3.1.2,SI,15,中国硅矿月加工费TC（元/吨）,si_312_util_4|si_312_output_2|si_312_output_3|wr201|si_313_util_capacity,中国工业硅开工率,57.77,a10123444,
THS-SI-3.1.2,SI,16,美国硅矿月加工费TC（元/吨）,si_312_output|si_312_util_4|si_312_output_2|si_312_output_3|wr235,美国工业硅产量,45.88,ID01552216,
THS-SI-3.1.2,SI,17,巴西硅矿月加工费TC（元/吨）,wr235|wr217|si_23_spread_futures|si_43_inv|si_312_util_4,硅片开工率,34.67,a10169445,
THS-SI-3.1.2,SI,18,近3年同月产量均值（万吨）,wr136|wr138|si_321_output|si_323_output_recycle|si_312_output_2,三元材料 月度产量,37.5,a10001951,
THS-SI-3.1.2,SI,19,近3年同月产量标准差（万吨）,wr172|wr136|wr138|si_321_output|si_323_output_recycle,沪锡近半年月差变化,42.11,a12841510,
THS-SI-3.1.3,SI,1,国内硅矿月产能（万吨）,si_321_capacity_2|si_312_output_2|si_312_output_3|wr213|si_313_util_capacity,工业硅精炼月产能,69.33,a12750402,
THS-SI-3.1.3,SI,4,国内硅矿月检修量（万吨）,si_312_output_2|si_312_output_3|si_312_output|si_321_output|si_323_output_recycle,中国工业硅月产量,65.0,a10123426,
THS-SI-3.1.3,SI,7,国内硅矿月加工费TC（元/吨）,si_312_util_4|si_312_output_2|si_312_output_3|wr235|wr217,中国工业硅开工率,43.33,a10123444,
THS-SI-3.1.3,SI,8,近3年同月产量均值（万吨）,wr136|wr138|si_321_output|si_323_output_recycle|si_312_output_2,三元材料 月度产量,37.5,a10001951,
THS-SI-3.1.3,SI,9,近3年同月产量标准差（万吨）,wr172|wr136|wr138|si_321_output|si_323_output_recycle,沪锡近半年月差变化,42.11,a12841510,
THS-SI-3.1.4,SI,0,国内硅矿月进口总量（万吨）,si_321_import|si_321_import_2|si_314_by_country_import|si_314_by_country_import_2|si_61_import_3,工业硅精炼月进口量,65.0,a12715178,
THS-SI-3.1.4,SI,3,中国硅矿月进口总量（万吨）,si_312_output_2|si_312_output_3|si_321_import|si_321_import_2|si_314_by_country_import,中国工业硅月产量,69.33,a10123426,
THS-SI-3.1.4,SI,4,国内硅矿月进口盈亏（元/吨）,si_321_import|si_321_import_2|si_314_by_country_import|si_314_by_country_import_2|si_61_import_3,工业硅精炼月进口量,57.77,a12715178,
THS-SI-3.1.4,SI,6,国内硅矿月沪伦比（倍）,si_312_output_2|si_312_output_3|si_23_spread_futures|si_312_output|si_312_util_4,中国工业硅月产量,48.75,a10123426,
THS-SI-3.1.4,SI,7,国内硅矿月仓单注册量（吨）,si_312_output_2|si_312_output_3|si_312_output|si_51_output_yoy_silicone_monomer|si_21_warrant_industrial_si,中国工业硅月产量,57.77,a10123426,
THS-SI-3.1.4,SI,8,国内硅矿月加工费TC（元/吨）,si_312_util_4|si_312_output_2|si_312_output_3|wr235|wr217,中国工业硅开工率,43.33,a10123444,
THS-SI-3.1.4,SI,10,近3年同月进口量均值（万吨）,wr144|si_321_import|si_321_import_2|si_314_by_country_import|si_314_by_country_import_2,碳酸锂 月度进口量,44.44,a10006557,
THS-SI-3.1.4,SI,11,近3年同月进口量标准差（万吨）,wr144|si_321_import|si_321_import_2|wr172|si_314_by_country_import,碳酸锂 月度进口量,42.11,a10006557,
THS-SI-3.1.5,SI,7,近3年同日TC加工费均值（元/吨）,TC|wr199|al_71_tc|wr158|wr159,TC加工费,41.67,ID01154994,
THS-SI-3.1.5,SI,8,近3年同日TC加工费标准差（元/吨）,TC|wr199|wr158|wr159|wr160,TC加工费,38.46,ID01154994,
THS-SI-3.1.5,SI,9,工业硅矿端TC加工费分位（%）,si_52_cons|si_43_inv|si_312_util_4|si_51_cons_apparent|si_61_by_country_import,工业硅终端消费量,65.0,a12715181,
THS-SI-3.2.1,SI,10,近3年同月产量均值（万吨）,wr136|wr138|si_321_output|si_323_output_recycle|si_312_output_2,三元材料 月度产量,37.5,a10001951,
THS-SI-3.2.1,SI,11,近3年同月产量标准差（万吨）,wr172|wr136|wr138|si_321_output|si_323_output_recycle,沪锡近半年月差变化,42.11,a12841510,
THS-SI-3.2.2,SI,9,近3年同月开工率均值（%）,wr235|wr93|li_51_util_ternary|wr57|wr197,硅片开工率,40.0,a10169445,
THS-SI-3.2.2,SI,10,近3年同月开工率标准差（%）,wr172|wr235|wr93|li_51_util_ternary|wr57,沪锡近半年月差变化,40.0,a12841510,
THS-SI-3.2.2,SI,11,近3年同月检修量均值（万吨）,wr172|wr21|al_23_lme_oi|al_23_lme_volume|ni_21_volume_top20,沪锡近半年月差变化,31.58,a12841510,
THS-SI-3.2.2,SI,12,近3年同月检修量标准差（万吨）,wr172|wr21|al_23_lme_oi|al_23_lme_volume|ni_21_volume_top20,沪锡近半年月差变化,40.0,a12841510,
THS-SI-3.2.3,SI,10,近3年同月产量均值（万吨）,wr136|wr138|si_321_output|si_323_output_recycle|si_312_output_2,三元材料 月度产量,37.5,a10001951,
THS-SI-3.2.3,SI,11,近3年同月产量标准差（万吨）,wr172|wr136|wr138|si_321_output|si_323_output_recycle,沪锡近半年月差变化,42.11,a12841510,
THS-SI-3.2.4,SI,5,近3年同日冶炼利润均值（元/吨）,si_25_profit_smelt|si_25_profit_smelt_2|li_25_profit_smelt|sn_72_idx|cu_25_profit,工业硅冶炼利润,44.44,ID01528164,
THS-SI-3.2.4,SI,6,近3年同日冶炼利润标准差（元/吨）,si_25_profit_smelt|si_25_profit_smelt_2|li_25_profit_smelt|sn_72_idx|wr172,工业硅冶炼利润,42.11,ID01528164,
THS-SI-3.2.4,SI,7,工业硅TC加工费（元/吨）,si_43_inv|si_312_util_4|si_52_cons|si_51_cons_apparent|si_22_basis,工业硅工厂库存总量,69.33,a12811428,
THS-SI-4.2,SI,8,近3年同日仓单注册量均值（吨）,wr124|al_25_warrant_premium_avg_price|si_21_warrant_industrial_si|si_22_warrant_industrial_si|si_24_warrant_industrial_si,碳酸锂 仓单量,33.33,FU00058091,
THS-SI-4.2,SI,9,近3年同日仓单注册量标准差（吨）,wr124|wr172|si_21_warrant_industrial_si|si_22_warrant_industrial_si|si_24_warrant_industrial_si,碳酸锂 仓单量,31.58,FU00058091,
THS-SI-4.3,SI,9,近3年同周库存量均值（万吨）,SHFE库存|wr125|wr126|wr128|社库,上期所库存,30.77,FU00015013,
THS-SI-4.3,SI,10,近3年同周库存量标准差（万吨）,wr172|SHFE库存|wr125|wr126|wr128,沪锡近半年月差变化,30.0,a12841510,
THS-SI-4.4,SI,10,近3年同月库存量均值（万吨）,wr172|SHFE库存|社库|li_43_inv_struct|li_43_inv_struct_2,沪锡近半年月差变化,31.58,a12841510,
THS-SI-4.4,SI,11,近3年同月库存量标准差（万吨）,wr172|SHFE库存|wr21|社库|li_43_inv_struct,沪锡近半年月差变化,40.0,a12841510,
THS-SI-4.5,SI,9,近3年同周在途库存均值（万吨）,wr152|wr54|SHFE库存|li_41_inv|wr125,锂矿 外采 在途库存,42.11,ID02093014,
THS-SI-4.5,SI,10,近3年同周在途库存标准差（万吨）,wr152|wr54|wr172|li_41_inv|wr125,锂矿 外采 在途库存,40.0,ID02093014,
THS-SI-5.1,SI,9,近3年同月开工率均值（%）,wr235|wr93|li_51_util_ternary|wr57|wr197,硅片开工率,40.0,a10169445,
THS-SI-5.1,SI,10,近3年同月开工率标准差（%）,wr172|wr235|wr93|li_51_util_ternary|wr57,沪锡近半年月差变化,40.0,a12841510,
THS-SI-5.2,SI,3,多晶硅下游消费占比（%）,wr211|wr213|wr214|wr217|wr212,多晶硅下月预计产量,57.77,a12731896,
THS-SI-5.2,SI,4,金属硅下游终端产量（万吨）,si_52_cons|wr211|wr214|wr234|si_312_output,工业硅终端消费量,61.18,a12715181,
THS-SI-5.2,SI,5,金属硅下游消费占比（%）,si_51_apparent_cons|si_52_cons|si_51_cons_apparent|wr202|wr203,有机硅表观消费量,45.88,a12857251,
THS-SI-5.2,SI,8,近3年同月消费占比均值（%）,wr21|wr172|表观消费|li_24_close_near_2|cu_51_apparent_cons,SHFE铝近3月虚实比,36.36,a12852880,
THS-SI-5.2,SI,9,近3年同月消费占比标准差（%）,wr172|wr21|表观消费|li_24_close_near_2|si_23_spread_futures,沪锡近半年月差变化,38.1,a12841510,
THS-SI-5.3,SI,5,工业硅下游预付款（亿元）,si_22_basis|si_71_power|si_71_power_2|si_71_power_3|si_71_power_4,工业硅基差,59.99,a12841761,
THS-SI-5.3,SI,6,近3年同月排产计划量均值（万吨）,li_73_raw|wr136|wr138|si_321_output|si_323_output_recycle,碳酸锂(盐湖卤水原料)下月排产,31.58,ID01865205,
THS-SI-5.3,SI,7,近3年同月排产计划量标准差（万吨）,wr172|li_73_raw|wr136|wr138|si_321_output,沪锡近半年月差变化,36.36,a12841510,
THS-SI-6.1,SI,10,近3年同月进口量均值（万吨）,wr144|si_321_import|si_321_import_2|si_314_by_country_import|si_314_by_country_import_2,碳酸锂 月度进口量,44.44,a10006557,
THS-SI-6.1,SI,11,近3年同月进口量标准差（万吨）,wr144|si_321_import|si_321_import_2|wr172|si_314_by_country_import,碳酸锂 月度进口量,42.11,a10006557,
THS-SI-6.2,SI,10,近3年同月出口量均值（万吨）,si_62_export|si_62_export_2|wr269|li_62_export_2|pb_63_aux,工业硅出口量,37.5,CM0000287779,
THS-SI-6.2,SI,11,近3年同月出口量标准差（万吨）,wr172|si_62_export|si_62_export_2|wr269|li_62_export_2,沪锡近半年月差变化,40.0,a12841510,
THS-SI-6.3,SI,5,金属硅制品净出口量（万吨）,si_62_export|si_62_export_2|si_62_by_country_export|si_62_export_polysilicon|si_63_export_polysilicon,工业硅出口量,69.33,CM0000287779,
THS-SI-6.3,SI,8,工业硅制品保税区仓单（万吨）,si_41_warrant_total|si_41_warrant|si_21_warrant_industrial_si|si_22_warrant_industrial_si|si_24_warrant_industrial_si,GFEX工业硅仓单总量,68.42,a10175359,
THS-SI-6.3,SI,10,近3年同月出口量均值（万吨）,si_62_export|si_62_export_2|wr269|li_62_export_2|pb_63_aux,工业硅出口量,37.5,CM0000287779,
THS-SI-6.3,SI,11,近3年同月出口量标准差（万吨）,wr172|si_62_export|si_62_export_2|wr269|li_62_export_2,沪锡近半年月差变化,40.0,a12841510,
THS-SI-6.4,SI,4,金属硅海外发运量（万吨）,wr218|wr202|wr203|wr204|wr229,多晶硅青海产量,52.0,ID02036185,
THS-SI-6.4,SI,7,工业硅海外发运总量（万吨）,si_22_basis|si_71_power|si_71_power_2|si_71_power_3|si_71_power_4,工业硅基差,65.0,a12841761,
THS-SI-6.4,SI,8,工业硅海外发运发运天数（天）,si_22_basis|si_71_power|si_71_power_2|si_71_power_3|si_71_power_4,工业硅基差,48.75,a12841761,
THS-SI-6.4,SI,9,工业硅海外发运保税区仓单（万吨）,si_41_warrant_total|si_41_warrant|si_21_warrant_industrial_si|si_22_warrant_industrial_si|si_24_warrant_industrial_si,GFEX工业硅仓单总量,61.91,a10175359,
THS-SI-6.4,SI,10,工业硅海外发运发运金额（亿元）,si_71_cash_cost|si_71_cost_cash|si_22_basis|si_71_power|si_71_power_2,工业硅现金成本,57.77,ID02313948,
THS-SI-6.4,SI,11,近3年同月发运量均值（万吨）,li_63_conc_shipment|wr70|wr172|wr21|wr72,锂精矿发运量(班伯里港),37.5,ID02038526,
THS-SI-6.4,SI,12,近3年同月发运量标准差（万吨）,wr172|li_63_conc_shipment|wr70|wr21|wr72,沪锡近半年月差变化,40.0,a12841510,
THS-SI-7.1,SI,11,近3年同季冶炼成本均值（元/吨）,si_25_cost_smelt|si_25_cost_smelt_2|sn_71_cost|sn_71_cost_percentile|sn_71_cost_2,工业硅冶炼成本,44.44,ID01523501,
THS-SI-7.1,SI,12,近3年同季冶炼成本标准差（元/吨）,si_25_cost_smelt|si_25_cost_smelt_2|sn_71_cost|sn_71_cost_percentile|sn_71_cost_2,工业硅冶炼成本,42.11,ID01523501,
THS-SI-7.2,SI,9,近3年同季冶炼利润均值（元/吨）,si_25_profit_smelt|si_25_profit_smelt_2|li_25_profit_smelt|sn_72_idx|cu_25_profit,工业硅冶炼利润,44.44,ID01528164,
THS-SI-7.2,SI,10,近3年同季冶炼利润标准差（元/吨）,si_25_profit_smelt|si_25_profit_smelt_2|li_25_profit_smelt|sn_72_idx|wr172,工业硅冶炼利润,42.11,ID01528164,
THS-SI-7.2,SI,11,多晶硅现金利润（元/吨）,wr213|wr214|wr217|si_25_profit_smelt|si_71_cash_cost,多晶硅产能,65.0,j02799420,
THS-SN-2.1,SN,1,持仓量（手）,wr171|wr124|wr19|li_21_openinterest_futures|li_26_top20_openinterest,沪锡总持仓量,50.0,a10177562,
THS-SN-2.1,SN,2,成交量（手）,j21_volume|zn_21_volume|si_21_volume_front|wr119|wr181,沪铅主力连续成交量,33.33,kline:PB:D,
THS-SN-2.1,SN,3,沪锡基差（元/吨）,sn_21_basis|wr172|wr170|wr171|wr173,SHFE：锡：基差（日）,59.99,FU00024289,
THS-SN-2.1,SN,4,现货升贴水（元/吨）,j23_lme_sp3|wr168|wr169|wr1|wr2,LME 铅(现货/三个月)升贴水,50.0,j02797772,
THS-SN-2.1,SN,5,多空持仓比（%）,li_26_top20_openinterest|li_26_openinterest_top20_long|li_26_openinterest_top20_long_2|li_26_openinterest_top20_long_3|li_26_openinterest_top20_short,空头前20持仓量,46.15,FU00085347,
THS-SN-2.1,SN,6,仓单注册量（吨）,wr124|wr263|wr171|i2|si_21_warrant_industrial_si,碳酸锂 仓单量,54.55,FU00058091,
THS-SN-2.1,SN,7,月差（元/吨）,si_22_basis|si_23_spread_futures|li_24_spread_futures|li_24_lc_spread|wr252,工业硅基差,28.57,a12841761,
THS-SN-2.1,SN,8,近3年同月收盘价均值（元/吨）,li_24_close_near_2|sn_23_lme_close_3m|cu_24_lme_close|cu_25_lme_close_front|al_00_lme_close,近月合约收盘价,62.5,a12841695,
THS-SN-2.1,SN,9,近3年同月收盘价标准差（元/吨）,li_24_close_near_2|sn_23_lme_close_3m|cu_24_lme_close|cu_25_lme_close_front|al_00_lme_close,近月合约收盘价,58.82,a12841695,
THS-SN-2.1,SN,11,近3年同月持仓量均值（手）,al_23_lme_oi|wr171|li_21_openinterest_futures|li_26_top20_openinterest|li_26_openinterest_top20_long,LME：铝：3个月合约：持仓量（日）,41.67,FU00014314,
THS-SN-2.1,SN,12,近3年同月持仓量标准差（手）,al_23_lme_oi|wr172|wr171|li_21_openinterest_futures|li_26_top20_openinterest,LME：铝：3个月合约：持仓量（日）,40.0,FU00014314,
THS-SN-2.1,SN,13,沪锡主力收盘价时序图,sn_21_close_front|sn_23_lme_close_3m|wr170|sn_21_close|sn_21_close_2,SHFE：锡：主力合约：收盘价（日）,65.0,FU00016042,
THS-SN-2.1,SN,15,沪锡仓单注册量时序图,wr171|sn_41_warrant|sn_42_warrant|sn_42_warrant_2|wr170,沪锡总持仓量,65.0,a10177562,
THS-SN-2.1,SN,17,沪锡主力合约成交量时序图,sn_21_shfe_volume_front|sn_21_shfe_openinterest_front|wr181|sn_21_volume|wr171,SHFE：锡：主力合约：单边交易：成交量（日）,60.67,FU00018041,
THS-SN-2.2,SN,1,锡锭基差（元/吨）,sn_21_basis|wr174|wr198|wr177|wr172,SHFE：锡：基差（日）,59.99,FU00024289,
THS-SN-2.2,SN,2,锡锭现货价格（元/吨）,sn_22_import|sn_23_import|wr170|sn_23_lme_settle|sn_22_price,锡锭：现货：进口盈亏（日）,65.0,ID01590826,
THS-SN-2.2,SN,5,锡锭仓单注册量（吨）,wr171|wr198|sn_41_warrant|sn_42_warrant|sn_42_warrant_2,沪锡总持仓量,59.99,a10177562,
THS-SN-2.2,SN,6,锡锭月差（元/吨）,wr172|wr174|wr198|wr177|sn_21_basis,沪锡近半年月差变化,59.99,a12841510,
THS-SN-2.2,SN,7,锡锭现货升贴水分地区（元/吨）,wr168|sn_22_premium|sn_22_premium_2|sn_22_premium_3|sn_22_premium_4,LME锡升贴水,61.18,j02797784,
THS-SN-2.2,SN,8,近3年同月升贴水均值（元/吨）,j23_lme_0to3|wr249|j23_lme_sp3|wr168|wr169,LME 铅0-3月升贴水,50.0,a10021406,
THS-SN-2.2,SN,9,近3年同月升贴水标准差（元/吨）,j23_lme_0to3|wr172|wr249|j23_lme_sp3|zn_21_lme_03,LME 铅0-3月升贴水,47.62,a10021406,
THS-SN-2.2,SN,10,锡锭现货升贴水时序图,wr168|sn_22_premium|sn_22_premium_2|sn_22_premium_3|sn_22_premium_4,LME锡升贴水,61.18,j02797784,
THS-SN-2.2,SN,11,锡锭现货价格时序图,sn_22_import|sn_23_import|sn_23_lme_settle|wr170|sn_22_price,锡锭：现货：进口盈亏（日）,54.74,ID01590826,
THS-SN-2.2,SN,12,锡锭基差时序图,sn_21_basis|wr174|wr198|wr177|wr172,SHFE：锡：基差（日）,48.75,FU00024289,
THS-SN-2.2,SN,14,沪伦比时序图,wr173|j22_shfe_ratio|al_62_lunlun|pb_23_lunlun|zn_23_lunlun_2,锡沪伦比,60.0,ID01895225,
THS-SN-2.3,SN,1,COMEX锡期货收盘价（美元/吨）,sn_23_lme_close|sn_23_lme_settle|sn_21_close_front|sn_21_close|sn_21_close_2,LME：锡：3个月合约：收盘价（日）,62.4,FU00080251,
THS-SN-2.3,SN,6,进口盈亏（元/吨）,cu_21_import|ni_41_import|ni_61_import_3|ni_62_import|pb_23_aux_5,铜：进口盈亏（日）,66.67,ID01030232,
THS-SN-2.3,SN,7,近3年同月收盘价均值（美元/吨）,li_24_close_near_2|sn_23_lme_close_3m|cu_24_lme_close|cu_25_lme_close_front|al_00_lme_close,近月合约收盘价,62.5,a12841695,
THS-SN-2.3,SN,8,近3年同月收盘价标准差（美元/吨）,li_24_close_near_2|sn_23_lme_close_3m|cu_24_lme_close|cu_25_lme_close_front|al_00_lme_close,近月合约收盘价,58.82,a12841695,
THS-SN-2.3,SN,9,近3年同月库存均值（吨）,SHFE库存|wr172|社库|li_43_inv_struct|li_43_inv_struct_2,上期所库存,33.33,FU00014953,
THS-SN-2.3,SN,10,近3年同月库存标准差（吨）,wr172|SHFE库存|社库|li_43_inv_struct|li_43_inv_struct_2,沪锡近半年月差变化,42.11,a12841510,
THS-SN-2.3,SN,12,LME锡库存时序图,sn_23_lme_inv|sn_41_lme_inv|wr168|sn_41_warrant|sn_42_ratio,LME：锡：原产国库存：埃及（月）,67.82,ID02226171,
THS-SN-2.4,SN,4,沪锡期限结构（元/吨）,wr170|wr171|wr172|sn_23_shfe_inv|sn_23_lme_settle,沪锡价格走势,43.33,a12841487,
THS-SN-2.4,SN,5,LME锡期限结构（美元/吨）,wr168|sn_23_lme_settle|sn_41_warrant|sn_42_ratio|sn_42_warrant,LME锡升贴水,69.33,j02797784,
THS-SN-2.4,SN,7,LME锡近远月价差（美元/吨）,sn_23_lme_close|sn_23_lme_settle|wr168|wr172|sn_41_warrant,LME：锡：3个月合约：收盘价（日）,67.82,FU00080251,
THS-SN-2.4,SN,8,近3年同月月差均值（元/吨）,wr172|wr20|wr21|al_24_lme_spread|li_24_close_near_2,沪锡近半年月差变化,44.44,a12841510,
THS-SN-2.4,SN,9,近3年同月月差标准差（元/吨）,wr172|wr20|wr21|al_24_lme_spread|li_24_close_near_2,沪锡近半年月差变化,42.11,a12841510,
THS-SN-2.4,SN,10,近3年同月月差均值（美元/吨）,wr172|wr20|wr21|al_24_lme_spread|li_24_close_near_2,沪锡近半年月差变化,44.44,a12841510,
THS-SN-2.4,SN,11,近3年同月月差标准差（美元/吨）,wr172|wr20|wr21|al_24_lme_spread|li_24_close_near_2,沪锡近半年月差变化,42.11,a12841510,
THS-SN-2.4,SN,12,沪锡月差时序图,wr172|wr170|wr171|sn_21_basis|sn_23_lme_close_3m,沪锡近半年月差变化,65.0,a12841510,
THS-SN-2.4,SN,13,LME锡月差时序图,wr168|sn_23_lme_close|sn_41_warrant|sn_42_ratio|sn_42_warrant,LME锡升贴水,65.0,j02797784,
THS-SN-2.4,SN,14,沪锡期限结构时序图,wr170|wr171|wr172|sn_23_shfe_inv|sn_23_lme_settle,沪锡价格走势,34.67,a12841487,
THS-SN-2.4,SN,15,LME锡期限结构时序图,sn_23_lme_settle|wr168|sn_41_warrant|sn_42_ratio|sn_42_warrant,LME：锡：现货结算价（日）,59.09,ID00188156,
THS-SN-2.4,SN,16,沪锡近远月价差时序图,wr172|wr170|sn_23_lme_close_3m|sn_23_lme_close|wr171,沪锡近半年月差变化,68.42,a12841510,
THS-SN-2.5,SN,0,沪锡估值分位（%）,wr170|wr171|wr172|wr173|sn_71_cost,沪锡价格走势,43.33,a12841487,
THS-SN-2.5,SN,2,LME锡估值分位（%）,wr168|sn_41_warrant|sn_42_ratio|sn_42_warrant|sn_42_warrant_2,LME锡升贴水,69.33,j02797784,
THS-SN-2.5,SN,5,锡锭现货价格（元/吨）,sn_22_import|sn_23_import|wr170|sn_23_lme_settle|sn_22_price,锡锭：现货：进口盈亏（日）,65.0,ID01590826,
THS-SN-2.5,SN,6,锡精矿冶炼利润（元/吨）,sn_72_idx|wr174|wr199|sn_311_output_2|sn_311_output_3,冶炼锡：毛利（日）,59.99,ID02105841,
THS-SN-2.5,SN,8,再生锡冶炼利润（元/吨）,sn_72_idx|wr174|wr196|wr199|sn_71_util,冶炼锡：毛利（日）,59.99,ID02105841,
THS-SN-2.5,SN,10,焊锡冶炼利润（元/吨）,sn_72_idx|wr174|wr199|sn_71_util|sn_312_output_3,冶炼锡：毛利（日）,65.0,ID02105841,
THS-SN-2.5,SN,12,近3年同月冶炼利润均值（元/吨）,si_25_profit_smelt|si_25_profit_smelt_2|li_25_profit_smelt|sn_72_idx|wr172,工业硅冶炼利润,44.44,ID01528164,
THS-SN-2.5,SN,13,近3年同月冶炼利润标准差（元/吨）,si_25_profit_smelt|si_25_profit_smelt_2|li_25_profit_smelt|wr172|sn_72_idx,工业硅冶炼利润,42.11,ID01528164,
THS-SN-2.5,SN,14,近3年同月估值分位均值（%）,al_25_lme_quantile|wr172|wr21|al_25_close_quantile|li_24_close_near_2,LME：铝：3个月合约：结算价（日）· 历史估值分位,37.5,DERIVED:QUANTILE:al_23_lme_settle,
THS-SN-2.5,SN,15,近3年同月估值分位标准差（%）,wr172|al_25_lme_quantile|wr21|al_25_close_quantile|li_24_close_near_2,沪锡近半年月差变化,38.1,a12841510,
THS-SN-2.5,SN,16,锡锭冶炼利润时序图,wr174|sn_72_idx|wr199|sn_71_util|wr198,锡锭进口利润,69.33,ID01590826,
THS-SN-2.5,SN,17,锡精矿冶炼利润时序图,sn_72_idx|wr174|wr199|sn_311_output_2|sn_311_output_3,冶炼锡：毛利（日）,48.75,ID02105841,
THS-SN-2.5,SN,18,再生锡冶炼利润时序图,sn_72_idx|wr174|wr196|wr199|sn_71_util,冶炼锡：毛利（日）,48.75,ID02105841,
THS-SN-2.5,SN,19,锡精矿加工费时序图,sn_71_tc|sn_71_tc_2|sn_71_tc_3|sn_72_tc|sn_72_tc_2,锡精矿：40%Sn：加工费：云南（日）,65.0,ID01538256,
THS-SN-2.6,SN,4,多空持仓比（%）,li_26_top20_openinterest|li_26_openinterest_top20_long|li_26_openinterest_top20_long_2|li_26_openinterest_top20_long_3|li_26_openinterest_top20_short,空头前20持仓量,46.15,FU00085347,
THS-SN-2.6,SN,9,近3年同月多空持仓比均值（%）,wr21|al_23_lme_oi|li_26_top20_openinterest|li_26_openinterest_top20_long|li_26_openinterest_top20_long_2,SHFE铝近3月虚实比,34.78,a12852880,
THS-SN-2.6,SN,10,近3年同月多空持仓比标准差（%）,wr172|wr21|al_23_lme_oi|li_26_top20_openinterest|li_26_openinterest_top20_long,沪锡近半年月差变化,36.36,a12841510,
THS-SN-2.6,SN,11,近3年同月前20总持仓量均值（手）,li_26_top20_openinterest|li_26_openinterest_top20_long|li_26_openinterest_top20_long_2|li_26_openinterest_top20_long_3|li_26_openinterest_top20_short,空头前20持仓量,54.55,FU00085347,
THS-SN-2.6,SN,12,近3年同月前20总持仓量标准差（手）,li_26_top20_openinterest|li_26_openinterest_top20_long|li_26_openinterest_top20_long_2|li_26_openinterest_top20_long_3|li_26_openinterest_top20_short,空头前20持仓量,52.17,FU00085347,
THS-SN-2.6,SN,13,沪锡多头前20持仓量时序图,wr171|sn_21_openinterest|sn_21_openinterest_3|sn_21_openinterest_4|sn_21_openinterest_2,沪锡总持仓量,68.42,a10177562,
THS-SN-2.6,SN,14,沪锡空头前20持仓量时序图,wr171|sn_21_openinterest|sn_21_openinterest_2|sn_21_openinterest_3|sn_21_openinterest_4,沪锡总持仓量,68.42,a10177562,
THS-SN-2.6,SN,15,沪锡多空持仓比时序图,wr171|wr173|sn_21_openinterest|sn_21_openinterest_3|sn_21_openinterest_4,沪锡总持仓量,65.0,a10177562,
THS-SN-2.6,SN,16,沪锡前20净持仓时序图,wr171|wr170|sn_21_openinterest_2|sn_26_openinterest_top20|sn_26_openinterest_top20_2,沪锡总持仓量,61.18,a10177562,
THS-SN-3.1.1,SN,2,海外精炼锡产量（万吨）,wr183|sn_311_output|sn_321_output|sn_323_output_recycle|sn_323_output_recycle_3,巴西精炼锡出口量,69.33,a12840345,
THS-SN-3.1.1,SN,5,海外锡矿产能利用率（%）,sn_312_output_3|wr187|sn_311_output_2|sn_311_output_3|sn_312_output_2,锡矿：产量：澳大利亚（季）,54.74,ID01655716,
THS-SN-3.1.1,SN,6,海外锡矿加工费TC（美元/吨）,wr199|sn_71_tc|sn_71_tc_2|sn_71_tc_3|sn_72_tc,锡冶炼厂加工费,65.0,a10000748,
THS-SN-3.1.1,SN,8,近3年同季产量均值（万吨）,精炼产量|al_00_output_2|li_32_lepid_output|wr214|li_32_output,精炼产量,30.77,a10003083,
THS-SN-3.1.1,SN,9,近3年同季产量标准差（万吨）,wr172|精炼产量|al_00_output_2|li_32_lepid_output|wr214,沪锡近半年月差变化,31.58,a12841510,
THS-SN-3.1.1,SN,10,缅甸锡矿产量时序图,wr187|wr189|sn_311_output_2|sn_311_output_3|sn_312_output_2,国内锡矿产量,69.33,ID00299777,
THS-SN-3.1.1,SN,11,海外锡精矿产量时序图,sn_311_output_2|sn_311_output_3|sn_312_output_2|sn_312_output_ratio|sn_312_output_ratio_2,锡精矿：产量：中国（月）,68.42,ID01590150,
THS-SN-3.1.1,SN,12,海外精炼锡产量时序图,sn_311_output|sn_321_output|sn_323_output_recycle|sn_323_output_recycle_3|sn_323_output_recycle_4,精炼锡：产量：印尼：天马（季）,59.09,ID01838775,
THS-SN-3.1.1,SN,13,海外锡矿开工率时序图,wr197|sn_71_util|sn_321_util|sn_321_util_2|wr187,国内锡开工率,65.0,a10113278,
THS-SN-3.1.1,SN,14,海外锡矿产能利用率时序图,sn_312_output_3|wr187|sn_311_output_2|sn_311_output_3|sn_312_output_2,锡矿：产量：澳大利亚（季）,47.27,ID01655716,
THS-SN-3.1.2,SN,7,俄罗斯锡精矿产量占比（%）,sn_311_output_2|sn_311_output_3|sn_312_output_2|sn_312_output_ratio|sn_312_output_ratio_2,锡精矿：产量：中国（月）,68.42,ID01590150,
THS-SN-3.1.2,SN,8,近3年同月产量均值（万吨）,wr136|wr138|si_321_output|si_323_output_recycle|si_312_output_2,三元材料 月度产量,37.5,a10001951,
THS-SN-3.1.2,SN,9,近3年同月产量标准差（万吨）,wr172|wr136|wr138|si_321_output|si_323_output_recycle,沪锡近半年月差变化,42.11,a12841510,
THS-SN-3.1.2,SN,12,缅甸锡精矿产量时序图,sn_311_output_2|sn_311_output_3|sn_312_output_2|sn_312_output_ratio|sn_312_output_ratio_2,锡精矿：产量：中国（月）,68.42,ID01590150,
THS-SN-3.1.2,SN,13,印尼锡精矿产量时序图,sn_311_output_2|sn_311_output_3|sn_312_output_2|sn_312_output_ratio|sn_312_output_ratio_2,锡精矿：产量：中国（月）,68.42,ID01590150,
THS-SN-3.1.2,SN,14,俄罗斯锡精矿产量时序图,sn_311_output_2|sn_311_output_3|sn_312_output_2|sn_312_output_ratio|sn_312_output_ratio_2,锡精矿：产量：中国（月）,65.0,ID01590150,
THS-SN-3.1.2,SN,15,澳大利亚锡精矿产量时序图,sn_311_output_2|sn_311_output_3|sn_312_output_2|sn_312_output_ratio|sn_312_output_ratio_2,锡精矿：产量：中国（月）,61.91,ID01590150,
THS-SN-3.1.2,SN,16,分国别锡精矿产量结构占比时序图,wr187|sn_311_output_2|sn_311_output_3|sn_312_output_2|sn_312_output_ratio,国内锡矿产量,61.91,ID00299777,
THS-SN-3.1.3,SN,4,国内锡矿加工费TC（美元/吨）,wr187|wr197|wr188|wr199|sn_71_tc,国内锡矿产量,69.33,ID00299777,
THS-SN-3.1.3,SN,7,近3年同月产量均值（万吨）,wr136|wr138|si_321_output|si_323_output_recycle|si_312_output_2,三元材料 月度产量,37.5,a10001951,
THS-SN-3.1.3,SN,8,近3年同月产量标准差（万吨）,wr172|wr136|wr138|si_321_output|si_323_output_recycle,沪锡近半年月差变化,42.11,a12841510,
THS-SN-3.1.3,SN,9,近3年同月加工费TC均值（美元/吨）,TC|wr199|al_71_tc|wr158|wr159,TC加工费,35.29,ID01001800,
THS-SN-3.1.3,SN,10,近3年同月加工费TC标准差（美元/吨）,wr172|TC|wr199|wr158|wr159,沪锡近半年月差变化,36.36,a12841510,
THS-SN-3.1.4,SN,1,总进口量（万吨）,wr275|si_61_import_3|li_61_import_2|wr27|wr270,镍铁进口量,66.67,CM0000138647,
THS-SN-3.1.4,SN,9,近3年同月进口量均值（万吨）,wr144|si_321_import|si_321_import_2|si_314_by_country_import|si_314_by_country_import_2,碳酸锂 月度进口量,44.44,a10006557,
THS-SN-3.1.4,SN,10,近3年同月进口量标准差（万吨）,wr144|si_321_import|si_321_import_2|wr172|si_314_by_country_import,碳酸锂 月度进口量,42.11,a10006557,
THS-SN-3.1.4,SN,11,近3年同月总进口量均值（万吨）,wr144|si_321_import|si_321_import_2|si_314_by_country_import|si_314_by_country_import_2,碳酸锂 月度进口量,42.11,a10006557,
THS-SN-3.1.4,SN,12,近3年同月总进口量标准差（万吨）,wr144|si_321_import|si_321_import_2|wr172|si_314_by_country_import,碳酸锂 月度进口量,40.0,a10006557,
THS-SN-3.1.5,SN,0,国内锡矿加工费TC（美元/吨）,wr187|wr197|wr188|wr199|sn_71_tc,国内锡矿产量,69.33,ID00299777,
THS-SN-3.1.5,SN,2,海外锡矿加工费TC（美元/吨）,wr199|sn_71_tc|sn_71_tc_2|sn_71_tc_3|sn_72_tc,锡冶炼厂加工费,65.0,a10000748,
THS-SN-3.1.5,SN,4,缅甸锡矿加工费TC（美元/吨）,wr199|wr189|sn_71_tc|sn_71_tc_2|sn_71_tc_3,锡冶炼厂加工费,65.0,a10000748,
THS-SN-3.1.5,SN,5,印尼锡矿加工费TC（美元/吨）,wr199|sn_71_tc|sn_71_tc_2|sn_71_tc_3|sn_72_tc,锡冶炼厂加工费,65.0,a10000748,
THS-SN-3.1.5,SN,6,俄罗斯锡矿加工费TC（美元/吨）,wr199|sn_71_tc|sn_71_tc_2|sn_71_tc_3|sn_72_tc,锡冶炼厂加工费,61.18,a10000748,
THS-SN-3.1.5,SN,7,澳大利亚锡矿加工费TC（美元/吨）,wr199|sn_71_tc|sn_71_tc_2|sn_71_tc_3|sn_72_tc,锡冶炼厂加工费,57.77,a10000748,
THS-SN-3.1.5,SN,8,近3年同月加工费TC均值（美元/吨）,TC|wr199|al_71_tc|wr158|wr159,TC加工费,35.29,ID01001800,
THS-SN-3.1.5,SN,9,近3年同月加工费TC标准差（美元/吨）,wr172|TC|wr199|wr158|wr159,沪锡近半年月差变化,36.36,a12841510,
THS-SN-3.1.5,SN,10,锡矿加工费TC估值分位（%）,wr199|sn_71_tc|sn_71_tc_2|sn_71_tc_3|sn_72_tc,锡冶炼厂加工费,57.77,a10000748,
THS-SN-3.1.5,SN,12,国内锡矿加工费TC时序图,wr187|wr197|wr188|wr199|sn_71_tc,国内锡矿产量,57.77,ID00299777,
THS-SN-3.1.5,SN,13,海外锡矿加工费TC时序图,wr199|sn_71_tc|sn_71_tc_2|sn_71_tc_3|sn_72_tc,锡冶炼厂加工费,54.74,a10000748,
THS-SN-3.1.5,SN,14,分国别锡矿加工费TC时序图,wr199|sn_71_tc|sn_71_tc_2|sn_71_tc_3|sn_72_tc,锡冶炼厂加工费,52.0,a10000748,
THS-SN-3.1.5,SN,15,锡矿加工费TC分地区时序图,wr199|sn_71_tc|sn_71_tc_2|sn_71_tc_3|sn_72_tc,锡冶炼厂加工费,52.0,a10000748,
THS-SN-3.1.5,SN,16,缅甸锡矿加工费TC时序图,wr199|sn_71_tc|sn_71_tc_2|sn_71_tc_3|sn_72_tc,锡冶炼厂加工费,54.74,a10000748,
THS-SN-3.2.1,SN,2,海外精炼锡产量（万吨）,wr183|sn_311_output|sn_321_output|sn_323_output_recycle|sn_323_output_recycle_3,巴西精炼锡出口量,69.33,a12840345,
THS-SN-3.2.1,SN,5,国内精炼锡产能利用率（%）,wr187|wr197|wr198|wr196|wr200,国内锡矿产量,65.0,ID00299777,
THS-SN-3.2.1,SN,8,近3年同月产量均值（万吨）,wr136|wr138|si_321_output|si_323_output_recycle|si_312_output_2,三元材料 月度产量,37.5,a10001951,
THS-SN-3.2.1,SN,9,近3年同月产量标准差（万吨）,wr172|wr136|wr138|si_321_output|si_323_output_recycle,沪锡近半年月差变化,42.11,a12841510,
THS-SN-3.2.1,SN,10,近3年同月开工率均值（%）,wr235|wr93|li_51_util_ternary|wr57|wr197,硅片开工率,40.0,a10169445,
THS-SN-3.2.1,SN,11,近3年同月开工率标准差（%）,wr172|wr235|wr93|li_51_util_ternary|wr57,沪锡近半年月差变化,40.0,a12841510,
THS-SN-3.2.1,SN,13,海外精炼锡产量时序图,sn_311_output|sn_321_output|sn_323_output_recycle|sn_323_output_recycle_3|sn_323_output_recycle_4,精炼锡：产量：印尼：天马（季）,59.09,ID01838775,
THS-SN-3.2.1,SN,15,国内精炼锡产能利用率时序图,wr187|wr197|wr198|wr196|wr200,国内锡矿产量,54.74,ID00299777,
THS-SN-3.2.2,SN,2,国内精炼锡产能利用率（%）,wr187|wr197|wr198|wr196|wr200,国内锡矿产量,65.0,ID00299777,
THS-SN-3.2.2,SN,5,海外精炼锡检修量（万吨）,wr183|wr182|wr184|wr195|sn_71_cost,巴西精炼锡出口量,65.0,a12840345,
THS-SN-3.2.2,SN,7,近3年同月开工率均值（%）,wr235|wr93|li_51_util_ternary|wr57|wr197,硅片开工率,40.0,a10169445,
THS-SN-3.2.2,SN,8,近3年同月开工率标准差（%）,wr172|wr235|wr93|li_51_util_ternary|wr57,沪锡近半年月差变化,40.0,a12841510,
THS-SN-3.2.2,SN,9,近3年同月检修量均值（万吨）,wr172|wr21|al_23_lme_oi|al_23_lme_volume|ni_21_volume_top20,沪锡近半年月差变化,31.58,a12841510,
THS-SN-3.2.2,SN,10,近3年同月检修量标准差（万吨）,wr172|wr21|al_23_lme_oi|al_23_lme_volume|ni_21_volume_top20,沪锡近半年月差变化,40.0,a12841510,
THS-SN-3.2.2,SN,13,俄罗斯精炼锡开工率（%）,wr197|sn_71_cost|sn_71_cost_percentile|sn_71_cost_2|sn_71_cost_3,国内锡开工率,69.33,a10113278,
THS-SN-3.2.2,SN,14,国内精炼锡检修量时序图,wr195|wr187|wr198|wr188|wr196,中国精炼锡进口量变化,61.91,a12749487,
THS-SN-3.2.2,SN,15,海外精炼锡开工率时序图,wr197|sn_71_cost|sn_71_cost_percentile|sn_71_cost_2|sn_71_cost_3,国内锡开工率,61.18,a10113278,
THS-SN-3.2.2,SN,16,海外精炼锡检修量时序图,wr183|wr182|wr184|wr195|sn_71_cost,巴西精炼锡出口量,54.74,a12840345,
THS-SN-3.2.2,SN,18,国内精炼锡产能时序图,wr187|wr198|wr196|wr200|wr195,国内锡矿产量,65.0,ID00299777,
THS-SN-3.2.3,SN,4,再生锡产能利用率（%）,wr196|sn_312_output_3|sn_72_idx|wr174|wr187,国内再生锡产量,69.33,a12731582,
THS-SN-3.2.3,SN,5,再生锡开工天数（天）,wr197|wr196|sn_71_util|sn_321_util|sn_321_util_2,国内锡开工率,59.99,a10113278,
THS-SN-3.2.3,SN,9,近3年同月产量均值（万吨）,wr136|wr138|si_321_output|si_323_output_recycle|si_312_output_2,三元材料 月度产量,37.5,a10001951,
THS-SN-3.2.3,SN,10,近3年同月产量标准差（万吨）,wr172|wr136|wr138|si_321_output|si_323_output_recycle,沪锡近半年月差变化,42.11,a12841510,
THS-SN-3.2.3,SN,11,近3年同月开工率均值（%）,wr235|wr93|li_51_util_ternary|wr57|wr197,硅片开工率,40.0,a10169445,
THS-SN-3.2.3,SN,12,近3年同月开工率标准差（%）,wr172|wr235|wr93|li_51_util_ternary|wr57,沪锡近半年月差变化,40.0,a12841510,
THS-SN-3.2.3,SN,13,近3年同月进口量均值（万吨）,wr144|si_321_import|si_321_import_2|si_314_by_country_import|si_314_by_country_import_2,碳酸锂 月度进口量,44.44,a10006557,
THS-SN-3.2.3,SN,14,近3年同月进口量标准差（万吨）,wr144|si_321_import|si_321_import_2|wr172|si_314_by_country_import,碳酸锂 月度进口量,42.11,a10006557,
THS-SN-3.2.3,SN,19,再生锡进口量时序图,wr188|wr190|wr191|wr192|wr193,国内锡矿进口量,65.0,a10003098,
THS-SN-3.2.3,SN,20,再生锡开工率时序图,wr197|sn_71_util|wr196|sn_321_util|sn_321_util_2,国内锡开工率,69.33,a10113278,
THS-SN-3.2.3,SN,21,再生锡检修量时序图,wr196|wr171|wr187|wr198|wr188,国内再生锡产量,65.0,a12731582,
THS-SN-3.2.3,SN,22,再生锡产能利用率时序图,wr196|sn_312_output_3|sn_72_idx|wr174|wr187,国内再生锡产量,57.77,a12731582,
THS-SN-3.2.4,SN,0,国内精炼锡冶炼利润（元/吨）,wr195|sn_71_cost|sn_71_cost_percentile|sn_71_cost_2|sn_71_cost_3,中国精炼锡进口量变化,54.74,a12749487,
THS-SN-3.2.4,SN,2,海外精炼锡冶炼利润（元/吨）,sn_71_cost|sn_71_cost_percentile|sn_71_cost_2|sn_71_cost_3|sn_72_idx,精炼锡：成本（日）,52.0,ID02105843,
THS-SN-3.2.4,SN,4,缅甸锡矿冶炼利润（元/吨）,wr189|sn_72_idx|wr174|wr199|sn_312_output_3,缅甸进口至我国锡矿量,57.77,a10154831,
THS-SN-3.2.4,SN,5,缅甸锡矿加工费TC（美元/吨）,wr199|wr189|sn_71_tc|sn_71_tc_2|sn_71_tc_3,锡冶炼厂加工费,65.0,a10000748,
THS-SN-3.2.4,SN,6,缅甸精炼锡冶炼利润（元/吨）,sn_71_cost|sn_71_cost_percentile|sn_71_cost_2|sn_71_cost_3|sn_72_idx,精炼锡：成本（日）,52.0,ID02105843,
THS-SN-3.2.4,SN,7,印尼精炼锡冶炼利润（元/吨）,wr182|sn_71_cost|sn_71_cost_percentile|sn_71_cost_2|sn_71_cost_3,印尼精炼锡出口量变化,68.42,a12820786,
THS-SN-3.2.4,SN,8,近3年同月冶炼利润均值（元/吨）,si_25_profit_smelt|si_25_profit_smelt_2|li_25_profit_smelt|sn_72_idx|wr172,工业硅冶炼利润,44.44,ID01528164,
THS-SN-3.2.4,SN,9,近3年同月冶炼利润标准差（元/吨）,si_25_profit_smelt|si_25_profit_smelt_2|li_25_profit_smelt|wr172|sn_72_idx,工业硅冶炼利润,42.11,ID01528164,
THS-SN-3.2.4,SN,11,再生锡冶炼利润（元/吨）,sn_72_idx|wr174|wr196|wr199|sn_71_util,冶炼锡：毛利（日）,59.99,ID02105841,
THS-SN-3.2.4,SN,12,国内精炼锡冶炼利润估值分位（%）,wr195|sn_71_cost|sn_71_cost_percentile|sn_71_cost_2|sn_71_cost_3,中国精炼锡进口量变化,45.21,a12749487,
THS-SN-3.2.4,SN,13,国内精炼锡冶炼利润时序图,wr195|sn_71_cost|sn_71_cost_percentile|sn_71_cost_2|sn_71_cost_3,中国精炼锡进口量变化,47.27,a12749487,
THS-SN-3.2.4,SN,14,海外精炼锡冶炼利润时序图,sn_71_cost|sn_71_cost_percentile|sn_71_cost_2|sn_71_cost_3|sn_72_idx,精炼锡：成本（日）,43.33,ID02105843,
THS-SN-3.2.4,SN,15,锡锭冶炼利润时序图,wr174|sn_72_idx|wr199|sn_71_util|wr198,锡锭进口利润,69.33,ID01590826,
THS-SN-3.2.4,SN,16,再生锡冶炼利润时序图,sn_72_idx|wr174|wr196|wr199|sn_71_util,冶炼锡：毛利（日）,48.75,ID02105841,
THS-SN-3.2.4,SN,17,缅甸锡矿冶炼利润时序图,wr189|sn_72_idx|wr174|wr199|sn_312_output_3,缅甸进口至我国锡矿量,49.53,a10154831,
THS-SN-4.1,SN,0,沪锡交易所库存（手）,wr177|wr179|wr181|sn_23_shfe_inv|wr170,中国锡锭社会库存,52.0,a10020743,
THS-SN-4.1,SN,1,LME锡交易所库存（手）,sn_23_lme_inv|sn_41_lme_inv|wr168|sn_41_warrant|sn_42_ratio,LME：锡：原产国库存：埃及（月）,67.82,ID02226171,
THS-SN-4.1,SN,6,近3年同月库存均值（手）,SHFE库存|wr172|社库|li_43_inv_struct|li_43_inv_struct_2,上期所库存,33.33,FU00014953,
THS-SN-4.1,SN,7,近3年同月库存标准差（手）,wr172|SHFE库存|社库|li_43_inv_struct|li_43_inv_struct_2,沪锡近半年月差变化,42.11,a12841510,
THS-SN-4.1,SN,8,沪锡在途库存（手）,wr177|wr179|sn_23_shfe_inv|wr170|wr171,中国锡锭社会库存,55.72,a10020743,
THS-SN-4.1,SN,9,沪锡隐性库存（手）,wr179|wr177|sn_23_shfe_inv|wr170|wr171,锡全球显性库存变化,69.33,a12731428,
THS-SN-4.1,SN,10,沪锡库存天数（天）,wr177|wr179|sn_23_shfe_inv|wr170|wr171,中国锡锭社会库存,55.72,a10020743,
THS-SN-4.1,SN,11,沪锡交易所库存时序图,wr177|wr179|wr181|sn_23_shfe_inv|sn_43_inv_plant,中国锡锭社会库存,43.33,a10020743,
THS-SN-4.1,SN,12,LME锡交易所库存时序图,sn_23_lme_inv|sn_41_lme_inv|wr168|sn_41_warrant|sn_42_ratio,LME：锡：原产国库存：埃及（月）,59.99,ID02226171,
THS-SN-4.1,SN,13,沪锡仓单注册量时序图,wr171|sn_41_warrant|sn_42_warrant|sn_42_warrant_2|wr170,沪锡总持仓量,65.0,a10177562,
THS-SN-4.1,SN,14,沪锡仓单总量时序图,wr171|sn_41_warrant|sn_42_warrant|sn_42_warrant_2|wr170,沪锡总持仓量,59.99,a10177562,
THS-SN-4.1,SN,15,沪锡仓单注册量与LME锡仓单总量时序图,sn_41_warrant|sn_42_warrant|sn_42_warrant_2|wr171|wr168,LME：锡：注销仓单（日）,57.77,FU00015902,
THS-SN-4.2,SN,5,沪锡在途仓单（手）,wr171|sn_41_warrant|sn_42_warrant|sn_42_warrant_2|wr170,沪锡总持仓量,65.0,a10177562,
THS-SN-4.2,SN,6,沪锡隐性仓单（手）,wr171|sn_41_warrant|sn_42_warrant|sn_42_warrant_2|wr170,沪锡总持仓量,65.0,a10177562,
THS-SN-4.2,SN,7,近3年同月仓单均值（手）,al_25_warrant_premium_avg_price|wr172|wr21|wr263|li_24_close_near_2,铝：仓单溢价均价（日）,35.29,ID01172779,
THS-SN-4.2,SN,8,近3年同月仓单标准差（手）,wr172|wr21|wr263|al_23_lme_oi|li_24_close_near_2,沪锡近半年月差变化,42.11,a12841510,
THS-SN-4.2,SN,10,沪锡注销仓单量时序图,sn_41_warrant|wr171|sn_42_warrant|sn_42_warrant_2|sn_42_ratio,LME：锡：注销仓单（日）,65.0,FU00015902,
THS-SN-4.2,SN,11,沪锡注销占比时序图,sn_42_ratio|sn_43_ratio|sn_41_warrant|wr173|wr170,LME：锡：注销占比（日）,68.42,FU00023901,
THS-SN-4.2,SN,14,沪锡仓单总量时序图,wr171|sn_41_warrant|sn_42_warrant|sn_42_warrant_2|wr170,沪锡总持仓量,59.99,a10177562,
THS-SN-4.3,SN,1,厂内库存（万吨）,li_44_inv_smelt|SHFE库存|si_43_inv|li_44_lc_inv_plant|wr130,冶炼厂库存总量,66.67,a10097626,
THS-SN-4.3,SN,2,缅甸社会库存占比（%）,si_313_social_inv|li_22_social_inv|si_313_inv_social|wr227|社库,工业硅社会库存,53.33,a10020033,
THS-SN-4.3,SN,3,印尼社会库存占比（%）,si_313_social_inv|li_22_social_inv|si_313_inv_social|wr227|社库,工业硅社会库存,53.33,a10020033,
THS-SN-4.3,SN,4,国内社会库存占比（%）,wr177|si_313_social_inv|li_22_social_inv|si_313_inv_social|wr227,中国锡锭社会库存,62.5,a10020743,
THS-SN-4.3,SN,5,在途库存（万吨）,SHFE库存|社库|li_43_inv_struct|li_43_inv_struct_2|wr152,上期所库存,57.14,FU00014953,
THS-SN-4.3,SN,6,隐性库存（万吨）,SHFE库存|社库|li_43_inv_struct|li_43_inv_struct_2|wr178,上期所库存,57.14,FU00014953,
THS-SN-4.3,SN,7,社会库存天数（天）,社库|wr228|si_313_social_inv|li_22_social_inv|si_313_inv_social,社会库存,66.67,ID01517441,
THS-SN-4.3,SN,8,注销占比（%）,al_41_lme_warrant_ratio|sn_42_ratio|sn_43_ratio|i7|ni_42_ratio,LME：铝：注销占比（日）,40.0,FU00023742,
THS-SN-4.3,SN,9,近3年同周库存均值（万吨）,SHFE库存|wr125|wr126|wr128|社库,上期所库存,33.33,FU00014953,
THS-SN-4.3,SN,10,近3年同周库存标准差（万吨）,wr172|SHFE库存|wr125|wr126|wr128,沪锡近半年月差变化,31.58,a12841510,
THS-SN-4.3,SN,12,缅甸社会库存（万吨）,社库|si_313_social_inv|li_22_social_inv|si_313_inv_social|wr227,社会库存,66.67,ID01517441,
THS-SN-4.3,SN,13,印尼社会库存（万吨）,社库|si_313_social_inv|li_22_social_inv|si_313_inv_social|wr227,社会库存,66.67,ID01517441,
THS-SN-4.3,SN,15,国内社会库存总量时序图,wr177|si_313_social_inv|li_22_social_inv|si_313_inv_social|wr227,中国锡锭社会库存,58.82,a10020743,
THS-SN-4.3,SN,16,厂内库存时序图,wr151|li_44_inv_smelt|wr52|al_4_inv_aluminum_2|si_43_inv,锂矿 外采 厂内库存,53.33,ID02069945,
THS-SN-4.3,SN,17,国内社会库存分地区时序图,cu_43_social_stock_ec|wr177|si_313_social_inv|li_22_social_inv|si_313_inv_social,铜杆：社会库存：华东地区（日）,50.0,ID02041074,
THS-SN-4.3,SN,18,国内社会库存与沪锡主力合约收盘价时序图,sn_21_close_front|wr177|sn_23_lme_close_3m|sn_21_close|sn_21_close_2,SHFE：锡：主力合约：收盘价（日）,56.88,FU00016042,
THS-SN-4.3,SN,19,国内社会库存天数时序图,wr177|wr228|si_313_social_inv|li_22_social_inv|si_313_inv_social,中国锡锭社会库存,52.63,a10020743,
THS-SN-4.4,SN,0,国内工厂库存总量（万吨）,si_43_inv|li_44_lc_inv_plant|wr130|wr178|li_44_inv_smelt,工业硅工厂库存总量,61.54,a12811428,
THS-SN-4.4,SN,1,厂内库存（万吨）,li_44_inv_smelt|SHFE库存|si_43_inv|li_44_lc_inv_plant|wr130,冶炼厂库存总量,66.67,a10097626,
THS-SN-4.4,SN,2,缅甸厂内库存占比（%）,wr151|wr52|li_44_inv_smelt|al_4_inv_aluminum_2|si_43_inv,锂矿 外采 厂内库存,50.0,ID02069945,
THS-SN-4.4,SN,3,印尼厂内库存占比（%）,wr151|wr52|li_44_inv_smelt|al_4_inv_aluminum_2|si_43_inv,锂矿 外采 厂内库存,50.0,ID02069945,
THS-SN-4.4,SN,4,国内厂内库存占比（%）,al_43_inv_plant|wr151|wr178|wr52|li_44_inv_smelt,SMM: 国内电解铝厂内库存: 周度,50.0,a12820686,
THS-SN-4.4,SN,5,在途库存（万吨）,SHFE库存|社库|li_43_inv_struct|li_43_inv_struct_2|wr152,上期所库存,57.14,FU00014953,
THS-SN-4.4,SN,6,隐性库存（万吨）,SHFE库存|社库|li_43_inv_struct|li_43_inv_struct_2|wr178,上期所库存,57.14,FU00014953,
THS-SN-4.4,SN,7,工厂库存天数（天）,li_44_inv|si_43_inv|li_44_lc_inv_plant|wr130|li_44_inv_smelt,碳酸锂工厂库存天数,66.67,a12805120,
THS-SN-4.4,SN,8,注销占比（%）,al_41_lme_warrant_ratio|sn_42_ratio|sn_43_ratio|i7|ni_42_ratio,LME：铝：注销占比（日）,40.0,FU00023742,
THS-SN-4.4,SN,9,近3年同月库存均值（万吨）,SHFE库存|wr172|社库|li_43_inv_struct|li_43_inv_struct_2,上期所库存,33.33,FU00014953,
THS-SN-4.4,SN,10,近3年同月库存标准差（万吨）,wr172|SHFE库存|社库|li_43_inv_struct|li_43_inv_struct_2,沪锡近半年月差变化,42.11,a12841510,
THS-SN-4.4,SN,12,缅甸厂内库存（万吨）,wr151|li_44_inv_smelt|wr52|al_4_inv_aluminum_2|si_43_inv,锂矿 外采 厂内库存,57.14,ID02069945,
THS-SN-4.4,SN,13,印尼厂内库存（万吨）,wr151|li_44_inv_smelt|wr52|al_4_inv_aluminum_2|si_43_inv,锂矿 外采 厂内库存,57.14,ID02069945,
THS-SN-4.4,SN,14,国内厂内库存（万吨）,wr151|wr178|al_43_inv_plant|li_44_inv_smelt|wr52,锂矿 外采 厂内库存,57.14,ID02069945,
THS-SN-4.4,SN,15,厂内库存时序图,wr151|li_44_inv_smelt|wr52|al_4_inv_aluminum_2|si_43_inv,锂矿 外采 厂内库存,53.33,ID02069945,
THS-SN-4.4,SN,16,工厂库存总量与沪锡主力合约收盘价时序图,sn_21_close_front|sn_23_lme_close_3m|sn_21_close|sn_21_close_2|sn_23_lme_close,SHFE：锡：主力合约：收盘价（日）,60.67,FU00016042,
THS-SN-4.4,SN,17,工厂库存天数时序图,li_44_inv|si_43_inv|li_44_lc_inv_plant|wr130|i15,碳酸锂工厂库存天数,66.67,a12805120,
THS-SN-4.5,SN,0,隐性库存总量（万吨）,SHFE库存|社库|li_43_inv_struct|li_43_inv_struct_2|wr178,上期所库存,57.14,FU00014953,
THS-SN-4.5,SN,1,在途库存总量（万吨）,SHFE库存|社库|li_43_inv_struct|li_43_inv_struct_2|wr152,上期所库存,57.14,FU00014953,
THS-SN-4.5,SN,2,缅甸隐性库存占比（%）,wr178|wr226|SHFE库存|wr179|社库,国内隐形库存拟合,37.5,a10167095,
THS-SN-4.5,SN,3,印尼隐性库存占比（%）,wr178|wr226|SHFE库存|wr179|社库,国内隐形库存拟合,37.5,a10167095,
THS-SN-4.5,SN,4,国内隐性库存占比（%）,wr178|wr151|wr177|wr226|SHFE库存,国内隐形库存拟合,62.5,a10167095,
THS-SN-4.5,SN,5,缅甸在途库存占比（%）,wr152|wr54|SHFE库存|社库|li_43_inv_struct,锂矿 外采 在途库存,50.0,ID02093014,
THS-SN-4.5,SN,6,印尼在途库存占比（%）,wr152|wr54|SHFE库存|社库|li_43_inv_struct,锂矿 外采 在途库存,50.0,ID02093014,
THS-SN-4.5,SN,7,国内在途库存占比（%）,wr152|wr178|wr54|wr151|wr177,锂矿 外采 在途库存,50.0,ID02093014,
THS-SN-4.5,SN,8,隐性库存占比（%）,SHFE库存|wr178|wr226|社库|li_43_inv_struct,上期所库存,44.44,FU00014953,
THS-SN-4.5,SN,9,在途库存占比（%）,wr152|wr54|SHFE库存|社库|li_43_inv_struct,锂矿 外采 在途库存,57.14,ID02093014,
THS-SN-4.5,SN,10,近3年同月库存均值（万吨）,SHFE库存|wr172|社库|li_43_inv_struct|li_43_inv_struct_2,上期所库存,33.33,FU00014953,
THS-SN-4.5,SN,11,近3年同月库存标准差（万吨）,wr172|SHFE库存|社库|li_43_inv_struct|li_43_inv_struct_2,沪锡近半年月差变化,42.11,a12841510,
THS-SN-4.5,SN,12,隐性库存天数（天）,i15|li_44_inv|wr83|wr131|wr132,再生铅原料库存天数,53.33,a12810628,
THS-SN-4.5,SN,13,在途库存天数（天）,wr152|i15|li_44_inv|wr83|wr131,锂矿 外采 在途库存,57.14,ID02093014,
THS-SN-4.5,SN,14,隐性/在途库存总量（万吨）,wr152|wr54|SHFE库存|wr178|wr226,锂矿 外采 在途库存,57.14,ID02093014,
THS-SN-4.5,SN,16,隐性库存占比时序图,wr178|wr226|SHFE库存|wr179|社库,国内隐形库存拟合,35.29,a10167095,
THS-SN-4.5,SN,17,在途库存占比时序图,wr152|wr54|SHFE库存|社库|li_41_inv,锂矿 外采 在途库存,47.06,ID02093014,
THS-SN-5.1,SN,1,锡表观消费量（万吨）,sn_51_cons|wr171|wr187|wr198|wr188,SEAISI：镀锡板（带）：表观消费量：印尼（年）,62.4,ID00346045,
THS-SN-5.1,SN,4,终端产量（万吨）,精炼产量|si_52_cons|li_32_lepid_output|wr214|li_32_output,精炼产量,50.0,a10003083,
THS-SN-5.1,SN,5,排产计划（万吨）,li_73_raw|li_53_plan|wr33|精炼产量|li_31_capacity,碳酸锂(盐湖卤水原料)下月排产,36.36,ID01865205,
THS-SN-5.1,SN,6,缅甸消费占比（%）,表观消费|li_53_cons_struct|si_51_apparent_cons|si_52_cons|si_51_cons_apparent,表观消费,40.0,ID00187499,
THS-SN-5.1,SN,7,印尼消费占比（%）,表观消费|wr245|wr246|wr248|wr253,表观消费,40.0,ID00187499,
THS-SN-5.1,SN,8,国内消费占比（%）,表观消费|wr187|wr197|wr198|li_53_cons_struct,表观消费,40.0,ID00187499,
THS-SN-5.1,SN,9,近3年同月开工率均值（%）,wr235|wr93|li_51_util_ternary|wr57|wr197,硅片开工率,40.0,a10169445,
THS-SN-5.1,SN,10,近3年同月开工率标准差（%）,wr172|wr235|wr93|li_51_util_ternary|wr57,沪锡近半年月差变化,40.0,a12841510,
THS-SN-5.1,SN,12,库存天数（天）,SHFE库存|社库|li_43_inv_struct|li_43_inv_struct_2|wr267,上期所库存,57.14,FU00014953,
THS-SN-5.1,SN,13,消费占比（%）,表观消费|li_53_cons_struct|si_51_apparent_cons|si_52_cons|si_51_cons_apparent,表观消费,50.0,ID00187499,
THS-SN-5.1,SN,15,锡化工开工率时序图,wr197|sn_321_util|sn_321_util_2|sn_71_util|wr199,国内锡开工率,69.33,a10113278,
THS-SN-5.1,SN,16,焊锡表观消费量时序图,sn_51_cons|wr171|wr187|wr198|wr188,SEAISI：镀锡板（带）：表观消费量：印尼（年）,53.79,ID00346045,
THS-SN-5.1,SN,17,锡化工表观消费量时序图,sn_51_cons|wr199|wr171|wr187|wr197,SEAISI：镀锡板（带）：表观消费量：印尼（年）,52.0,ID00346045,
THS-SN-5.1,SN,18,焊锡/锡化工开工率时序图,wr197|sn_321_util|sn_321_util_2|sn_71_util|wr199,国内锡开工率,61.18,a10113278,
THS-SN-5.2,SN,0,焊锡/锡焊料终端产量（万吨）,wr187|wr198|wr196|wr200|sn_311_output_2,国内锡矿产量,52.0,ID00299777,
THS-SN-5.2,SN,1,焊锡/锡焊料终端订单量（万吨）,wr171|wr187|wr198|sn_21_openinterest_2|sn_26_openinterest_top20,沪锡总持仓量,32.5,a10177562,
THS-SN-5.2,SN,2,锡化工终端产量（万吨）,wr187|wr198|wr196|wr200|sn_311_output_2,国内锡矿产量,59.99,ID00299777,
THS-SN-5.2,SN,3,电子级锡终端产量（万吨）,wr200|wr187|wr198|wr196|sn_311_output_2,国内初级锡材产量,65.0,a10003083,
THS-SN-5.2,SN,4,终端排产计划（万吨）,li_73_raw|si_52_cons|li_53_plan|wr33|精炼产量,碳酸锂(盐湖卤水原料)下月排产,30.77,ID01865205,
THS-SN-5.2,SN,5,终端消费占比（%）,si_52_cons|表观消费|cu_5_2_consumption_4|cu_00_cons|li_53_cons_struct,工业硅终端消费量,57.14,a12715181,
THS-SN-5.2,SN,6,缅甸终端消费占比（%）,si_52_cons|表观消费|cu_5_2_consumption_4|cu_00_cons|cu_5_2_consumption,工业硅终端消费量,50.0,a12715181,
THS-SN-5.2,SN,7,印尼终端消费占比（%）,si_52_cons|表观消费|cu_5_2_consumption_4|cu_00_cons|wr245,工业硅终端消费量,50.0,a12715181,
THS-SN-5.2,SN,8,国内终端消费占比（%）,si_52_cons|cu_00_cons|表观消费|cu_5_2_consumption_4|wr187,工业硅终端消费量,50.0,a12715181,
THS-SN-5.2,SN,9,近3年同月终端产量均值（万吨）,wr136|wr138|si_321_output|si_323_output_recycle|si_52_cons,三元材料 月度产量,33.33,a10001951,
THS-SN-5.2,SN,10,近3年同月终端产量标准差（万吨）,wr172|wr136|wr138|si_321_output|si_323_output_recycle,沪锡近半年月差变化,38.1,a12841510,
THS-SN-5.2,SN,11,终端库存天数（天）,i15|li_44_inv|wr83|wr131|wr132,再生铅原料库存天数,53.33,a12810628,
THS-SN-5.2,SN,12,终端消费增速（%）,si_52_cons|表观消费|cu_5_2_consumption_4|cu_00_cons|li_53_cons_struct,工业硅终端消费量,57.14,a12715181,
THS-SN-5.2,SN,13,终端产量（万吨）,精炼产量|si_52_cons|li_32_lepid_output|wr214|li_32_output,精炼产量,50.0,a10003083,
THS-SN-5.2,SN,15,焊锡终端产量时序图,wr187|wr198|wr196|wr200|sn_311_output_2,国内锡矿产量,52.0,ID00299777,
THS-SN-5.2,SN,16,锡化工终端产量时序图,wr187|wr198|wr196|wr200|sn_311_output_2,国内锡矿产量,48.75,ID00299777,
THS-SN-5.2,SN,17,焊锡终端库存时序图,wr177|wr179|sn_23_shfe_inv|sn_43_inv_plant|sn_23_lme_inv,中国锡锭社会库存,45.88,a10020743,
THS-SN-5.2,SN,18,锡化工终端库存时序图,wr177|wr179|sn_23_shfe_inv|sn_43_inv_plant|sn_23_lme_inv,中国锡锭社会库存,43.33,a10020743,
THS-SN-5.2,SN,19,焊锡/锡化工终端产量时序图,wr187|wr198|wr196|wr200|sn_311_output_2,国内锡矿产量,43.33,ID00299777,
THS-SN-5.3,SN,0,焊锡/锡焊料订单量（万吨）,wr171|wr187|wr198|wr188|wr190,沪锡总持仓量,37.14,a10177562,
THS-SN-5.3,SN,1,焊锡/锡焊料排产计划（万吨）,wr187|wr198|wr196|sn_323_output_recycle_2|sn_31_usgs_output_tin_ore,国内锡矿产量,34.67,ID00299777,
THS-SN-5.3,SN,2,锡化工订单量（万吨）,wr171|wr187|wr197|wr198|wr188,沪锡总持仓量,43.33,a10177562,
THS-SN-5.3,SN,3,电子级锡订单量（万吨）,wr200|sn_61_import_5|wr171|wr187|wr198,国内初级锡材产量,52.0,a10003083,
THS-SN-5.3,SN,4,排产计划（万吨）,li_73_raw|li_53_plan|wr33|精炼产量|li_31_capacity,碳酸锂(盐湖卤水原料)下月排产,36.36,ID01865205,
THS-SN-5.3,SN,5,消费占比（%）,表观消费|li_53_cons_struct|si_51_apparent_cons|si_52_cons|si_51_cons_apparent,表观消费,50.0,ID00187499,
THS-SN-5.3,SN,6,缅甸需求增速（%）,wr120|wr121|wr189|li_51_smm_demand|sn_311_output_tin_ore,碳酸锂 总需求,33.33,ID01245889,
THS-SN-5.3,SN,7,印尼需求增速（%）,wr120|wr245|wr246|wr248|wr253,碳酸锂 总需求,33.33,ID01245889,
THS-SN-5.3,SN,8,国内需求增速（%）,wr120|wr187|wr197|wr198|wr169,碳酸锂 总需求,33.33,ID01245889,
THS-SN-5.3,SN,9,近3年同月订单量均值（万吨）,wr172|wr21|al_23_lme_oi|al_23_lme_volume|ni_21_volume_top20,沪锡近半年月差变化,31.58,a12841510,
THS-SN-5.3,SN,10,近3年同月订单量标准差（万吨）,wr172|wr21|al_23_lme_oi|al_23_lme_volume|ni_21_volume_top20,沪锡近半年月差变化,40.0,a12841510,
THS-SN-5.3,SN,12,库存天数（天）,SHFE库存|社库|li_43_inv_struct|li_43_inv_struct_2|wr267,上期所库存,57.14,FU00014953,
THS-SN-5.3,SN,13,需求增速（%）,wr120|wr121|li_51_smm_demand|wr222|cu_5_3_balance,碳酸锂 总需求,40.0,ID01245889,
THS-SN-5.3,SN,14,焊锡订单量时序图,wr171|wr187|wr198|wr188|wr190,沪锡总持仓量,37.14,a10177562,
THS-SN-5.3,SN,15,排产计划时序图,li_73_raw|li_53_plan|wr33|精炼产量|li_31_capacity,碳酸锂(盐湖卤水原料)下月排产,28.57,ID01865205,
THS-SN-5.3,SN,16,焊锡订单量同比增速时序图,wr171|wr187|wr198|sn_21_openinterest_2|sn_26_openinterest_top20,沪锡总持仓量,32.5,a10177562,
THS-SN-5.3,SN,17,锡化工订单量同比增速时序图,wr171|wr187|wr197|wr198|sn_21_openinterest_2,沪锡总持仓量,30.59,a10177562,
THS-SN-6.1,SN,10,近3年同月进口量均值（万吨）,wr144|si_321_import|si_321_import_2|si_314_by_country_import|si_314_by_country_import_2,碳酸锂 月度进口量,44.44,a10006557,
THS-SN-6.1,SN,11,近3年同月进口量标准差（万吨）,wr144|si_321_import|si_321_import_2|wr172|si_314_by_country_import,碳酸锂 月度进口量,42.11,a10006557,
THS-SN-6.1,SN,12,保税区库存（万吨）,SHFE库存|wr216|社库|li_43_inv_struct|li_43_inv_struct_2,上期所库存,50.0,FU00014953,
THS-SN-6.1,SN,13,保税区仓单（手）,wr263|zn_44_inv_plant|wr124|i2|i6,不锈钢仓单,40.0,a12805275,
THS-SN-6.1,SN,14,海外发运量（万吨）,li_63_conc_shipment|li_31_output|wr70|li_31_capacity|wr72,锂精矿发运量(班伯里港),54.55,ID02038526,
THS-SN-6.1,SN,15,发运天数（天）,li_63_conc_shipment|wr70|i15|li_44_inv|wr83,锂精矿发运量(班伯里港),40.0,ID02038526,
THS-SN-6.1,SN,17,再生锡进口量时序图,wr188|wr190|wr191|wr192|wr193,国内锡矿进口量,65.0,a10003098,
THS-SN-6.1,SN,19,再生锡进口量分国别时序图,wr188|wr190|wr191|wr192|wr193,国内锡矿进口量,54.74,a10003098,
THS-SN-6.1,SN,20,锡精矿与再生锡进口量时序图,wr188|wr185|sn_61_import|sn_61_import_2|sn_61_import_3,国内锡矿进口量,65.0,a10003098,
THS-SN-6.2,SN,3,关税税率（%）,开工率|wr235|li_51_util_ternary|wr57|wr197,开工率,28.57,a10083975,
THS-SN-6.2,SN,7,缅甸锡锭出口量（万吨）,wr183|sn_62_export_2|sn_62_export_3|sn_62_export_4|wr182,巴西精炼锡出口量,69.33,a12840345,
THS-SN-6.2,SN,9,俄罗斯锡锭出口量（万吨）,wr183|sn_62_export_2|sn_62_export_3|sn_62_export_4|wr182,巴西精炼锡出口量,65.0,a12840345,
THS-SN-6.2,SN,10,近3年同月进口量均值（万吨）,wr144|si_321_import|si_321_import_2|si_314_by_country_import|si_314_by_country_import_2,碳酸锂 月度进口量,44.44,a10006557,
THS-SN-6.2,SN,11,近3年同月进口量标准差（万吨）,wr144|si_321_import|si_321_import_2|wr172|si_314_by_country_import,碳酸锂 月度进口量,42.11,a10006557,
THS-SN-6.2,SN,12,近3年同月出口量均值（万吨）,si_62_export|si_62_export_2|wr269|li_62_export_2|pb_63_aux,工业硅出口量,37.5,CM0000287779,
THS-SN-6.2,SN,13,近3年同月出口量标准差（万吨）,wr172|si_62_export|si_62_export_2|wr269|li_62_export_2,沪锡近半年月差变化,40.0,a12841510,
THS-SN-6.2,SN,14,保税区仓单（手）,wr263|zn_44_inv_plant|wr124|i2|i6,不锈钢仓单,40.0,a12805275,
THS-SN-6.2,SN,15,进出口金额（亿元）,sn_62_export_5|al_63_export|li_63_export_value|ni_63_export_steel|al_6_1_import_2,锡：出口金额合计：关别（月）,57.14,CM0000629636,
THS-SN-6.2,SN,20,保税区仓单时序图,zn_44_inv_plant|wr263|wr124|i2|cu_44_bonded,锌锭：库存：上海保税区（周）,31.58,ID01030219,
THS-SN-6.3,SN,0,锡焊料/焊锡出口量（万吨）,wr183|wr182|wr184|wr188|wr190,巴西精炼锡出口量,65.0,a12840345,
THS-SN-6.3,SN,2,电子级锡出口量（万吨）,wr183|wr182|wr184|wr188|wr190,巴西精炼锡出口量,69.33,a12840345,
THS-SN-6.3,SN,3,缅甸电子级锡出口量（万吨）,wr183|wr182|wr184|wr189|sn_61_import_5,巴西精炼锡出口量,61.18,a12840345,
THS-SN-6.3,SN,5,保税区仓单（手）,wr263|zn_44_inv_plant|wr124|i2|i6,不锈钢仓单,40.0,a12805275,
THS-SN-6.3,SN,6,进出口金额（亿元）,sn_62_export_5|al_63_export|li_63_export_value|ni_63_export_steel|al_6_1_import_2,锡：出口金额合计：关别（月）,57.14,CM0000629636,
THS-SN-6.3,SN,8,近3年同月出口量均值（万吨）,si_62_export|si_62_export_2|wr269|li_62_export_2|pb_63_aux,工业硅出口量,37.5,CM0000287779,
THS-SN-6.3,SN,9,近3年同月出口量标准差（万吨）,wr172|si_62_export|si_62_export_2|wr269|li_62_export_2,沪锡近半年月差变化,40.0,a12841510,
THS-SN-6.3,SN,10,关税税率（%）,开工率|wr235|li_51_util_ternary|wr57|wr197,开工率,28.57,a10083975,
THS-SN-6.3,SN,12,缅甸出口占比（%）,wr7|wr189|wr90|si_62_export|si_62_export_2,铝材出口-总量,40.0,a10096868,
THS-SN-6.3,SN,13,印尼出口占比（%）,wr182|sn_62_export_2|sn_62_export_3|sn_62_export_4|wr7,印尼精炼锡出口量变化,50.0,a12820786,
THS-SN-6.3,SN,14,国内出口占比（%）,wr188|wr273|i41|wr7|wr90,国内锡矿进口量,46.15,a10003098,
THS-SN-6.3,SN,15,锡焊料/焊锡出口量时序图,wr183|wr182|wr184|sn_62_export|sn_62_export_2,巴西精炼锡出口量,54.74,a12840345,
THS-SN-6.3,SN,16,锡化工出口量时序图,wr183|wr182|wr184|wr188|wr190,巴西精炼锡出口量,61.18,a12840345,
THS-SN-6.3,SN,17,锡焊料/焊锡出口量分国别时序图,wr183|sn_62_export_5|wr182|wr184|sn_61_import_5,巴西精炼锡出口量,47.27,a12840345,
THS-SN-6.3,SN,18,锡化工出口量分国别时序图,wr183|sn_62_export_5|wr182|wr184|sn_61_import_5,巴西精炼锡出口量,52.0,a12840345,
THS-SN-6.3,SN,19,锡焊料/焊锡与锡化工出口量时序图,wr183|wr182|wr184|sn_62_export|sn_62_export_2,巴西精炼锡出口量,45.21,a12840345,
THS-SN-6.4,SN,0,海外发运量（万吨）,li_63_conc_shipment|li_31_output|wr70|li_31_capacity|wr72,锂精矿发运量(班伯里港),54.55,ID02038526,
THS-SN-6.4,SN,1,发运天数（天）,li_63_conc_shipment|wr70|i15|li_44_inv|wr83,锂精矿发运量(班伯里港),40.0,ID02038526,
THS-SN-6.4,SN,2,缅甸发运量（万吨）,li_63_conc_shipment|wr70|wr189|wr72|精炼产量,锂精矿发运量(班伯里港),54.55,ID02038526,
THS-SN-6.4,SN,3,印尼发运量（万吨）,li_63_conc_shipment|wr245|wr246|wr248|wr247,锂精矿发运量(班伯里港),54.55,ID02038526,
THS-SN-6.4,SN,4,俄罗斯发运量（万吨）,li_63_conc_shipment|wr24|wr70|wr72|sn_31_usgs_output_tin_ore_2,锂精矿发运量(班伯里港),50.0,ID02038526,
THS-SN-6.4,SN,5,保税区仓单（手）,wr263|zn_44_inv_plant|wr124|i2|i6,不锈钢仓单,40.0,a12805275,
THS-SN-6.4,SN,6,进出口金额（亿元）,sn_62_export_5|al_63_export|li_63_export_value|ni_63_export_steel|al_6_1_import_2,锡：出口金额合计：关别（月）,57.14,CM0000629636,
THS-SN-6.4,SN,7,近3年同月发运量均值（万吨）,li_63_conc_shipment|wr70|wr172|wr21|wr72,锂精矿发运量(班伯里港),37.5,ID02038526,
THS-SN-6.4,SN,8,近3年同月发运量标准差（万吨）,wr172|li_63_conc_shipment|wr70|wr21|wr72,沪锡近半年月差变化,40.0,a12841510,
THS-SN-6.4,SN,9,关税税率（%）,开工率|wr235|li_51_util_ternary|wr57|wr197,开工率,28.57,a10083975,
THS-SN-6.4,SN,11,缅甸发运占比（%）,li_63_conc_shipment|wr70|al_41_lme_warrant_ratio|sn_42_ratio|sn_43_ratio,锂精矿发运量(班伯里港),33.33,ID02038526,
THS-SN-6.4,SN,12,印尼发运占比（%）,li_63_conc_shipment|wr245|wr246|wr248|wr253,锂精矿发运量(班伯里港),33.33,ID02038526,
THS-SN-6.4,SN,13,俄罗斯发运占比（%）,wr24|li_63_conc_shipment|wr70|sn_31_usgs_output_tin_ore_2|al_6_4_output_9,原铝进口-俄罗斯,42.86,a12724765,
THS-SN-6.4,SN,14,海外发运量时序图,li_63_conc_shipment|li_31_output|wr70|li_31_capacity|wr72,锂精矿发运量(班伯里港),42.86,ID02038526,
THS-SN-6.4,SN,15,海外发运量分国别时序图,si_61_by_country_import|si_62_by_country_export|si_314_by_country_import|si_314_by_country_import_2|li_63_conc_shipment,工业硅进口量分国别,40.0,CM0000287714,
THS-SN-6.4,SN,16,发运天数时序图,li_63_conc_shipment|wr70|i15|li_44_inv|wr83,锂精矿发运量(班伯里港),30.77,ID02038526,
THS-SN-6.4,SN,17,发运量分国别结构占比时序图,si_61_by_country_import|si_62_by_country_export|si_314_by_country_import|si_314_by_country_import_2|li_63_conc_shipment,工业硅进口量分国别,36.36,CM0000287714,
THS-SN-6.4,SN,18,海外发运量与发运天数时序图,li_63_conc_shipment|li_31_output|wr70|wr72|li_31_capacity,锂精矿发运量(班伯里港),31.58,ID02038526,
THS-SN-7.1,SN,0,冶炼成本（元/吨）,sn_71_cost|sn_71_cost_percentile|sn_71_cost_2|sn_71_cost_3|si_25_cost_smelt,精炼锡：成本（日）,60.0,ID02105843,
THS-SN-7.1,SN,1,现金成本（元/吨）,si_71_cash_cost|si_71_cost_cash|wr59|wr232|sn_71_cost,工业硅现金成本,57.14,ID02313948,
THS-SN-7.1,SN,2,加工费（元/吨）,TC|wr199|wr158|wr159|wr160,TC加工费,60.0,ID01001800,
THS-SN-7.1,SN,3,原料成本（元/吨）,wr232|sn_71_cost|sn_71_cost_percentile|sn_71_cost_2|sn_71_cost_3,工业硅成本,44.44,ID01523500,
THS-SN-7.1,SN,4,电价（元/度）,si_71_power|si_71_power_2|si_71_power_3|si_71_power_4|wr112,工业硅电价,40.0,ID01857527,
THS-SN-7.1,SN,5,能源成本（元/吨）,wr232|sn_71_cost|sn_71_cost_percentile|sn_71_cost_2|sn_71_cost_3,工业硅成本,44.44,ID01523500,
THS-SN-7.1,SN,6,冶炼利润（元/吨）,sn_72_idx|si_25_profit_smelt|si_25_profit_smelt_2|li_25_profit_smelt|li_25_profit_5,冶炼锡：毛利（日）,60.0,ID02105841,
THS-SN-7.1,SN,7,分位成本（元/吨）,li_71_total_cost|wr232|sn_71_cost|sn_71_cost_percentile|sn_71_cost_2,分路线完全成本,54.55,ID01835358,
THS-SN-7.1,SN,8,近3年同季成本均值（元/吨）,wr232|sn_71_cost|sn_71_cost_percentile|sn_71_cost_2|sn_71_cost_3,工业硅成本,28.57,ID01523500,
THS-SN-7.1,SN,9,近3年同季成本标准差（元/吨）,wr172|wr232|sn_71_cost|sn_71_cost_percentile|sn_71_cost_2,沪锡近半年月差变化,31.58,a12841510,
THS-SN-7.1,SN,10,近3年同季加工费均值（元/吨）,TC|wr199|wr158|wr159|wr160,TC加工费,40.0,ID01001800,
THS-SN-7.1,SN,11,近3年同季加工费标准差（元/吨）,TC|wr199|wr158|wr159|wr160,TC加工费,37.5,ID01001800,
THS-SN-7.1,SN,13,现金成本时序图,si_71_cash_cost|si_71_cost_cash|wr59|al_324_cost|al_71_cost,工业硅现金成本,57.14,ID02313948,
THS-SN-7.1,SN,14,冶炼利润时序图,si_25_profit_smelt|si_25_profit_smelt_2|li_25_profit_smelt|sn_72_idx|li_25_profit_5,工业硅冶炼利润,57.14,ID01528164,
THS-SN-7.2,SN,0,冶炼利润（元/吨）,sn_72_idx|si_25_profit_smelt|si_25_profit_smelt_2|li_25_profit_smelt|li_25_profit_5,冶炼锡：毛利（日）,60.0,ID02105841,
THS-SN-7.2,SN,1,加工费（元/吨）,TC|wr199|wr158|wr159|wr160,TC加工费,60.0,ID01001800,
THS-SN-7.2,SN,2,原料成本（元/吨）,wr232|sn_71_cost|sn_71_cost_percentile|sn_71_cost_2|sn_71_cost_3,工业硅成本,44.44,ID01523500,
THS-SN-7.2,SN,3,电价（元/度）,si_71_power|si_71_power_2|si_71_power_3|si_71_power_4|wr112,工业硅电价,40.0,ID01857527,
THS-SN-7.2,SN,4,现金成本（元/吨）,si_71_cash_cost|si_71_cost_cash|wr59|wr232|sn_71_cost,工业硅现金成本,57.14,ID02313948,
THS-SN-7.2,SN,5,分位成本（元/吨）,li_71_total_cost|wr232|sn_71_cost|sn_71_cost_percentile|sn_71_cost_2,分路线完全成本,54.55,ID01835358,
THS-SN-7.2,SN,6,冶炼成本（元/吨）,sn_71_cost|sn_71_cost_percentile|sn_71_cost_2|sn_71_cost_3|si_25_cost_smelt,精炼锡：成本（日）,60.0,ID02105843,
THS-SN-7.2,SN,7,能源成本（元/吨）,wr232|sn_71_cost|sn_71_cost_percentile|sn_71_cost_2|sn_71_cost_3,工业硅成本,44.44,ID01523500,
THS-SN-7.2,SN,9,近3年同月加工费均值（元/吨）,TC|wr199|wr158|wr159|wr160,TC加工费,40.0,ID01001800,
THS-SN-7.2,SN,10,近3年同月加工费标准差（元/吨）,wr172|TC|wr199|wr158|wr159,沪锡近半年月差变化,40.0,a12841510,
THS-SN-7.2,SN,11,近3年同月冶炼成本均值（元/吨）,si_25_cost_smelt|si_25_cost_smelt_2|sn_71_cost|sn_71_cost_percentile|sn_71_cost_2,工业硅冶炼成本,44.44,ID01523501,
THS-SN-7.2,SN,12,近3年同月冶炼成本标准差（元/吨）,si_25_cost_smelt|si_25_cost_smelt_2|wr172|sn_71_cost|sn_71_cost_percentile,工业硅冶炼成本,42.11,ID01523501,
THS-SN-7.2,SN,13,冶炼利润时序图,si_25_profit_smelt|si_25_profit_smelt_2|li_25_profit_smelt|sn_72_idx|li_25_profit_5,工业硅冶炼利润,57.14,ID01528164,
THS-SN-7.2,SN,14,锡锭冶炼利润时序图,wr174|sn_72_idx|wr199|sn_71_util|wr198,锡锭进口利润,69.33,ID01590826,
THS-SN-7.2,SN,15,现金成本时序图,si_71_cash_cost|si_71_cost_cash|wr59|al_324_cost|al_71_cost,工业硅现金成本,57.14,ID02313948,
THS-SN-7.3,SN,0,电价（元/度）,si_71_power|si_71_power_2|si_71_power_3|si_71_power_4|wr112,工业硅电价,40.0,ID01857527,
THS-SN-7.3,SN,1,煤价（元/吨）,si_315_price_silica|si_315_price_silica_2|si_315_price_silica_3|si_315_price_silica_4|wr255,硅石价格,33.33,ID01857528,
THS-SN-7.3,SN,4,缅甸锡矿价格（元/吨）,wr170|wr189|wr187|sn_25_price|sn_73_price,沪锡价格走势,65.0,a12841487,
THS-SN-7.3,SN,5,加工费（元/吨）,TC|wr199|wr158|wr159|wr160,TC加工费,60.0,ID01001800,
THS-SN-7.3,SN,6,原料成本（元/吨）,wr232|sn_71_cost|sn_71_cost_percentile|sn_71_cost_2|sn_71_cost_3,工业硅成本,44.44,ID01523500,
THS-SN-7.3,SN,7,能源成本（元/吨）,wr232|sn_71_cost|sn_71_cost_percentile|sn_71_cost_2|sn_71_cost_3,工业硅成本,44.44,ID01523500,
THS-SN-7.3,SN,8,近3年同月价格均值（元/吨）,li_24_close_near_2|wr172|sn_23_lme_close_3m|si_315_price_silica|si_315_price_silica_2,近月合约收盘价,40.0,a12841695,
THS-SN-7.3,SN,9,近3年同月价格标准差（元/吨）,wr172|li_24_close_near_2|sn_23_lme_close_3m|si_315_price_silica|si_315_price_silica_2,沪锡近半年月差变化,42.11,a12841510,
THS-SN-7.3,SN,11,冶炼利润（元/吨）,sn_72_idx|si_25_profit_smelt|si_25_profit_smelt_2|li_25_profit_smelt|li_25_profit_5,冶炼锡：毛利（日）,60.0,ID02105841,
THS-SN-7.3,SN,12,电价时序图,si_71_power|si_71_power_2|si_71_power_3|si_71_power_4|wr112,工业硅电价,40.0,ID01857527,
THS-SN-7.3,SN,13,锡精矿价格时序图,wr170|sn_25_price|sn_73_price|sn_73_price_2|sn_311_output_2,沪锡价格走势,55.72,a12841487,
THS-SN-7.3,SN,14,再生锡价格时序图,wr170|wr196|sn_25_price|sn_73_price|sn_73_price_2,沪锡价格走势,55.72,a12841487,
THS-SN-7.3,SN,15,原料成本时序图,wr232|sn_71_cost|sn_71_cost_percentile|sn_71_cost_2|sn_71_cost_3,工业硅成本,33.33,ID01523500,
THS-SN-7.3,SN,16,能源成本时序图,wr232|sn_71_cost|sn_71_cost_percentile|sn_71_cost_2|sn_71_cost_3,工业硅成本,33.33,ID01523500,
THS-SN-7.3,SN,17,缅甸锡矿价格时序图,wr189|wr170|sn_25_price|sn_73_price|sn_73_price_2,缅甸进口至我国锡矿量,54.74,a10154831,
THS-SN-7.3,SN,18,缅甸锡矿加工费TC时序图,wr199|sn_71_tc|sn_71_tc_2|sn_71_tc_3|sn_72_tc,锡冶炼厂加工费,54.74,a10000748,
THS-ZN-2.1,ZN,1,持仓量（手）,wr171|wr124|wr19|li_21_openinterest_futures|li_26_top20_openinterest,沪锡总持仓量,50.0,a10177562,
THS-ZN-2.1,ZN,2,成交量（手）,j21_volume|zn_21_volume|si_21_volume_front|wr119|wr181,沪铅主力连续成交量,33.33,kline:PB:D,
THS-ZN-2.1,ZN,3,锌基差（元/吨）,zn_21_basis|zn_21_volume|zn_22_premium_5|zn_22_premium_6|zn_311_output_3,SHFE：锌：基差（日）,65.0,FU00024317,
THS-ZN-2.1,ZN,4,现货升贴水（元/吨）,j23_lme_sp3|wr168|wr169|wr1|wr2,LME 铅(现货/三个月)升贴水,50.0,j02797772,
THS-ZN-2.1,ZN,7,月差（元/吨）,si_22_basis|si_23_spread_futures|li_24_spread_futures|li_24_lc_spread|wr252,工业硅基差,28.57,a12841761,
THS-ZN-2.1,ZN,8,锌仓单注册量（手）,zn_64_lme_reg|zn_41_lme_warrant|zn_26_lme_oi|zn_26_openinterest_top20|zn_26_openinterest,LME: 锌仓库注册仓单: 合计: 日度,49.53,a10017976,
THS-ZN-2.1,ZN,9,上期所锌仓单量（手）,zn_41_lme_warrant|zn_26_lme_oi|zn_26_openinterest_top20|zn_26_openinterest|zn_26_openinterest_2,LME：锌：注销仓单（日）,52.0,FU00016166,
THS-ZN-2.1,ZN,10,多空持仓比（%）,li_26_top20_openinterest|li_26_openinterest_top20_long|li_26_openinterest_top20_long_2|li_26_openinterest_top20_long_3|li_26_openinterest_top20_short,空头前20持仓量,46.15,FU00085347,
THS-ZN-2.1,ZN,13,近3年同月收盘价均值（元/吨）,li_24_close_near_2|sn_23_lme_close_3m|cu_24_lme_close|cu_25_lme_close_front|al_00_lme_close,近月合约收盘价,62.5,a12841695,
THS-ZN-2.1,ZN,14,近3年同月收盘价标准差（元/吨）,li_24_close_near_2|sn_23_lme_close_3m|cu_24_lme_close|cu_25_lme_close_front|al_00_lme_close,近月合约收盘价,58.82,a12841695,
THS-ZN-2.2,ZN,0,锌基差（元/吨）,zn_21_basis|zn_21_volume|zn_22_premium_5|zn_22_premium_6|zn_311_output_3,SHFE：锌：基差（日）,65.0,FU00024317,
THS-ZN-2.2,ZN,1,现货升贴水（元/吨）,j23_lme_sp3|wr168|wr169|wr1|wr2,LME 铅(现货/三个月)升贴水,50.0,j02797772,
THS-ZN-2.2,ZN,4,月差（元/吨）,si_22_basis|si_23_spread_futures|li_24_spread_futures|li_24_lc_spread|wr252,工业硅基差,28.57,a12841761,
THS-ZN-2.2,ZN,7,锌仓单注册量（手）,zn_64_lme_reg|zn_41_lme_warrant|zn_26_lme_oi|zn_26_openinterest_top20|zn_26_openinterest,LME: 锌仓库注册仓单: 合计: 日度,49.53,a10017976,
THS-ZN-2.2,ZN,8,上期所锌仓单量（手）,zn_41_lme_warrant|zn_26_lme_oi|zn_26_openinterest_top20|zn_26_openinterest|zn_26_openinterest_2,LME：锌：注销仓单（日）,52.0,FU00016166,
THS-ZN-2.2,ZN,10,广东锌现货升贴水（元/吨）,zn_22_premium_5|zn_22_premium_6|zn_22_aux|zn_21_lme_03|zn_23_lme_cash,锌锭：升贴水：广东（日）,61.18,ID01167397,
THS-ZN-2.2,ZN,11,天津锌现货升贴水（元/吨）,zn_22_premium_5|zn_22_premium_6|zn_22_aux|zn_21_lme_03|zn_23_lme_cash,锌锭：升贴水：广东（日）,61.18,ID01167397,
THS-ZN-2.2,ZN,12,锌现货升贴水（元/吨）,zn_22_premium_5|zn_22_premium_6|zn_22_aux|zn_21_lme_03|zn_23_lme_cash,锌锭：升贴水：广东（日）,69.33,ID01167397,
THS-ZN-2.2,ZN,13,近3年同月升贴水均值（元/吨）,j23_lme_0to3|wr249|j23_lme_sp3|wr168|wr169,LME 铅0-3月升贴水,50.0,a10021406,
THS-ZN-2.2,ZN,14,近3年同月升贴水标准差（元/吨）,j23_lme_0to3|wr172|wr249|j23_lme_sp3|zn_21_lme_03,LME 铅0-3月升贴水,47.62,a10021406,
THS-ZN-2.3,ZN,8,近3年同月收盘价均值（美元/吨）,li_24_close_near_2|sn_23_lme_close_3m|cu_24_lme_close|cu_25_lme_close_front|al_00_lme_close,近月合约收盘价,62.5,a12841695,
THS-ZN-2.3,ZN,9,近3年同月收盘价标准差（美元/吨）,li_24_close_near_2|sn_23_lme_close_3m|cu_24_lme_close|cu_25_lme_close_front|al_00_lme_close,近月合约收盘价,58.82,a12841695,
THS-ZN-2.4,ZN,2,月差（元/吨）,si_22_basis|si_23_spread_futures|li_24_spread_futures|li_24_lc_spread|wr252,工业硅基差,28.57,a12841761,
THS-ZN-2.4,ZN,4,期限结构斜率（元/吨/月）,li_24_futures_struct|li_43_inv_struct|li_43_inv_struct_2|主连|li_53_cons_struct,碳酸锂期货期限结构,53.33,FU00050048,
THS-ZN-2.4,ZN,5,锌仓单注册量（手）,zn_64_lme_reg|zn_41_lme_warrant|zn_26_lme_oi|zn_26_openinterest_top20|zn_26_openinterest,LME: 锌仓库注册仓单: 合计: 日度,49.53,a10017976,
THS-ZN-2.4,ZN,7,锌月差（元/吨）,zn_21_basis|zn_23_lme_close|zn_61_conc_import|zn_53_alloy_export|zn_53_export,SHFE：锌：基差（日）,43.33,FU00024317,
THS-ZN-2.4,ZN,10,近3年同月月差均值（元/吨）,wr172|wr20|wr21|al_24_lme_spread|li_24_close_near_2,沪锡近半年月差变化,44.44,a12841510,
THS-ZN-2.4,ZN,11,近3年同月月差标准差（元/吨）,wr172|wr20|wr21|al_24_lme_spread|li_24_close_near_2,沪锡近半年月差变化,42.11,a12841510,
THS-ZN-2.4,ZN,12,锌期限结构斜率（元/吨/月）,zn_52_util_2|zn_23_comex|zn_52_util|zn_321_capacity_util|zn_323_recycle_capacity_util,氧化锌企业：开工率：中国（月）,27.37,ID01002075,
THS-ZN-2.4,ZN,13,近3年同期斜率分位（%）,wr172|al_25_lme_quantile|wr21|开工率|li_25_profit_5,沪锡近半年月差变化,22.22,a12841510,
THS-ZN-2.5,ZN,0,电解锌冶炼利润（元/吨）,zn_25_profit|zn_25_profit_2|zn_25_profit_3|zn_25_profit_percentile|zn_25_cash_profit,云南罗平锌电：营业利润（季）,43.33,LC00139956,
THS-ZN-2.5,ZN,2,锌精矿成本（元/吨）,zn_311_output_3|zn_311_output_4|zn_313_output|zn_313_output_2|zn_25_cost_conc,锌精矿：产量：中国（月）,55.72,ID01001563,
THS-ZN-2.5,ZN,4,锌精矿TC（美元/吨干矿）,zn_311_output_3|zn_311_output_4|zn_313_output|zn_313_output_2|zn_25_tc_conc_2,锌精矿：产量：中国（月）,55.72,ID01001563,
THS-ZN-2.5,ZN,5,锌冶炼估值分位（%）,zn_22_plant_inv|zn_25_profit_percentile|zn_311_output_recycle|zn_312_output_recycle_4|zn_313_output_recycle,SMM: 精炼锌冶炼厂成品库存: 月度,32.5,a10001841,
THS-ZN-2.5,ZN,6,电解锌现金成本（元/吨）,zn_71_cost|zn_71_cost_2|zn_21_volume|zn_323_output|zn_63_output,锌锭：进口：理论成本（日）,45.88,ID01030235,
THS-ZN-2.5,ZN,7,锌冶炼利润分位（%）,zn_25_profit|zn_25_profit_2|zn_25_profit_3|zn_25_profit_percentile|zn_25_cash_profit,云南罗平锌电：营业利润（季）,43.33,LC00139956,
THS-ZN-2.5,ZN,8,近3年同期利润均值（元/吨）,li_25_profit_5|li_25_by_route_profit|li_25_by_route_profit_2|wr45|al_25_profit,分路线利润,28.57,a12795960,
THS-ZN-2.5,ZN,9,再生锌冶炼利润（元/吨）,zn_323_output_recycle|zn_25_profit|zn_25_profit_2|zn_25_profit_3|zn_25_profit_percentile,再生锌：产量：中国（月）,48.75,ID01510884,
THS-ZN-2.5,ZN,10,锌合金冶炼利润（元/吨）,zn_323_output|zn_63_output|zn_25_profit_percentile|zn_25_profit|zn_25_profit_2,锌合金：产量：中国（月）,48.75,ID01001564,
THS-ZN-2.5,ZN,11,近3年同月利润均值（元/吨）,wr172|wr21|li_25_profit_5|li_25_by_route_profit|li_25_by_route_profit_2,沪锡近半年月差变化,33.33,a12841510,
THS-ZN-2.5,ZN,12,近3年同月利润标准差（元/吨）,wr172|wr21|li_25_profit_5|li_25_by_route_profit|li_25_by_route_profit_2,沪锡近半年月差变化,42.11,a12841510,
THS-ZN-2.6,ZN,2,多空持仓比（%）,li_26_top20_openinterest|li_26_openinterest_top20_long|li_26_openinterest_top20_long_2|li_26_openinterest_top20_long_3|li_26_openinterest_top20_short,空头前20持仓量,46.15,FU00085347,
THS-ZN-2.6,ZN,5,近3年同月净持仓量均值（手）,al_23_lme_oi|wr171|li_21_openinterest_futures|li_26_top20_openinterest|li_26_openinterest_top20_long,LME：铝：3个月合约：持仓量（日）,40.0,FU00014314,
THS-ZN-2.6,ZN,6,近3年同月净持仓量标准差（手）,al_23_lme_oi|wr172|wr171|li_21_openinterest_futures|li_26_top20_openinterest,LME：铝：3个月合约：持仓量（日）,38.46,FU00014314,
THS-ZN-2.6,ZN,7,锌冶炼估值分位（%）,zn_22_plant_inv|zn_25_profit_percentile|zn_311_output_recycle|zn_312_output_recycle_4|zn_313_output_recycle,SMM: 精炼锌冶炼厂成品库存: 月度,32.5,a10001841,
THS-ZN-2.6,ZN,8,总持仓量（手）,wr171|li_21_openinterest_futures|li_26_top20_openinterest|li_26_openinterest_top20_long|li_26_openinterest_top20_long_2,沪锡总持仓量,66.67,a10177562,
THS-ZN-2.6,ZN,9,成交量（手）,j21_volume|zn_21_volume|si_21_volume_front|wr119|wr181,沪铅主力连续成交量,33.33,kline:PB:D,
THS-ZN-3.1.1,ZN,0,海外锌矿产量（万吨）,zn_311_output_3|zn_311_output_4|zn_313_output|zn_313_output_2|zn_312_output_2,锌精矿：产量：中国（月）,69.33,ID01001563,
THS-ZN-3.1.1,ZN,1,海外锌矿加工费TC（美元/吨干矿）,zn_25_tc_conc|zn_311_tc_imp|zn_25_aux|zn_312_aux|zn_312_aux_2,锌精矿：50%Zn：加工费：白银（日）,54.17,ID01510737,
THS-ZN-3.1.1,ZN,2,海外锌精炼产量（万吨）,zn_311_output_3|zn_311_output_4|zn_313_output|zn_313_output_2|zn_314_output_2,锌精矿：产量：中国（月）,65.0,ID01001563,
THS-ZN-3.1.1,ZN,3,海外锌矿开工率（%）,zn_52_util_2|zn_52_util|zn_61_conc_import|zn_25_tc_conc|zn_311_output_3,氧化锌企业：开工率：中国（月）,54.74,ID01002075,
THS-ZN-3.1.1,ZN,4,海外锌矿产能利用率（%）,zn_321_capacity_util|zn_323_recycle_capacity_util|zn_52_gi_cap_util|zn_312_output_2|zn_311_aux,样本企业：原生锌：产能利用率：中国（月）,59.99,ID01167334,
THS-ZN-3.1.1,ZN,5,海外锌矿产能（万吨）,zn_311_output_3|zn_311_output_4|zn_313_output|zn_313_output_2|zn_312_output_2,锌精矿：产量：中国（月）,52.0,ID01001563,
THS-ZN-3.1.1,ZN,6,海外锌矿检修量（万吨）,zn_61_conc_import|zn_311_output_3|zn_311_output_4|zn_313_output|zn_313_output_2,中国海关: 锌精矿进口量: 月度,49.53,a10001843,
THS-ZN-3.1.1,ZN,8,海外锌矿进口量分国别（万吨）,zn_61_conc_import|zn_312_import|zn_312_import_4|zn_311_output_3|zn_311_output_4,中国海关: 锌精矿进口量: 月度,65.0,a10001843,
THS-ZN-3.1.1,ZN,9,海外锌矿再生产量（万吨）,zn_311_output_3|zn_311_output_4|zn_313_output|zn_313_output_2|zn_323_output_recycle,锌精矿：产量：中国（月）,61.18,ID01001563,
THS-ZN-3.1.1,ZN,10,近3年同季产量均值（万吨）,精炼产量|al_00_output_2|li_32_lepid_output|wr214|li_32_output,精炼产量,30.77,ID01510883,
THS-ZN-3.1.1,ZN,11,近3年同季产量标准差（万吨）,wr172|精炼产量|al_00_output_2|li_32_lepid_output|wr214,沪锡近半年月差变化,31.58,a12841510,
THS-ZN-3.1.2,ZN,0,秘鲁锌矿产量（万吨）,zn_311_output_3|zn_311_output_4|zn_313_output|zn_313_output_2|zn_312_output_2,锌精矿：产量：中国（月）,69.33,ID01001563,
THS-ZN-3.1.2,ZN,1,澳大利亚锌矿产量（万吨）,zn_311_output_3|zn_311_output_4|zn_313_output|zn_313_output_2|zn_312_output_2,锌精矿：产量：中国（月）,61.18,ID01001563,
THS-ZN-3.1.2,ZN,2,印度锌矿产量（万吨）,zn_311_output_3|zn_311_output_4|zn_313_output|zn_313_output_2|zn_312_output_2,锌精矿：产量：中国（月）,69.33,ID01001563,
THS-ZN-3.1.2,ZN,3,南非锌矿产量（万吨）,zn_311_output_3|zn_311_output_4|zn_313_output|zn_313_output_2|zn_312_output_2,锌精矿：产量：中国（月）,69.33,ID01001563,
THS-ZN-3.1.2,ZN,4,秘鲁锌精炼产量（万吨）,zn_311_output_3|zn_311_output_4|zn_313_output|zn_313_output_2|zn_314_output_2,锌精矿：产量：中国（月）,65.0,ID01001563,
THS-ZN-3.1.2,ZN,5,澳大利亚锌精炼产量（万吨）,zn_311_output_3|zn_311_output_4|zn_313_output|zn_313_output_2|zn_314_output_2,锌精矿：产量：中国（月）,57.77,ID01001563,
THS-ZN-3.1.2,ZN,6,印度锌精炼产量（万吨）,zn_311_output_3|zn_311_output_4|zn_313_output|zn_313_output_2|zn_314_output_2,锌精矿：产量：中国（月）,65.0,ID01001563,
THS-ZN-3.1.2,ZN,7,南非锌精炼产量（万吨）,zn_311_output_3|zn_311_output_4|zn_313_output|zn_313_output_2|zn_314_output_2,锌精矿：产量：中国（月）,65.0,ID01001563,
THS-ZN-3.1.2,ZN,8,秘鲁锌矿开工率（%）,zn_52_util_2|zn_52_util|zn_25_tc_conc|zn_311_output_3|zn_311_output_4,氧化锌企业：开工率：中国（月）,54.74,ID01002075,
THS-ZN-3.1.2,ZN,9,澳大利亚锌矿开工率（%）,zn_312_output_2|zn_312_output_5|zn_311_aux|zn_52_util_2|zn_52_util,锌精矿：产量：澳大利亚（季）,52.0,ID01655537,
THS-ZN-3.1.2,ZN,10,印度锌矿开工率（%）,zn_52_util_2|zn_52_util|zn_25_tc_conc|zn_311_output_3|zn_311_output_4,氧化锌企业：开工率：中国（月）,54.74,ID01002075,
THS-ZN-3.1.2,ZN,11,南非锌矿开工率（%）,zn_52_util_2|zn_52_util|zn_25_tc_conc|zn_311_output_3|zn_311_output_4,氧化锌企业：开工率：中国（月）,54.74,ID01002075,
THS-ZN-3.1.2,ZN,12,秘鲁锌矿产能利用率（%）,zn_321_capacity_util|zn_323_recycle_capacity_util|zn_52_gi_cap_util|zn_312_output_2|zn_311_aux,样本企业：原生锌：产能利用率：中国（月）,59.99,ID01167334,
THS-ZN-3.1.2,ZN,13,澳大利亚锌矿产能利用率（%）,zn_321_capacity_util|zn_323_recycle_capacity_util|zn_52_gi_cap_util|zn_312_output_2|zn_312_output_5,样本企业：原生锌：产能利用率：中国（月）,55.72,ID01167334,
THS-ZN-3.1.2,ZN,14,印度锌矿产能利用率（%）,zn_321_capacity_util|zn_323_recycle_capacity_util|zn_52_gi_cap_util|zn_312_output_2|zn_311_aux,样本企业：原生锌：产能利用率：中国（月）,59.99,ID01167334,
THS-ZN-3.1.2,ZN,15,南非锌矿产能利用率（%）,zn_321_capacity_util|zn_323_recycle_capacity_util|zn_52_gi_cap_util|zn_312_output_2|zn_311_aux,样本企业：原生锌：产能利用率：中国（月）,59.99,ID01167334,
THS-ZN-3.1.2,ZN,16,秘鲁锌矿检修量（万吨）,zn_311_output_3|zn_311_output_4|zn_313_output|zn_313_output_2|zn_312_output_2,锌精矿：产量：中国（月）,48.75,ID01001563,
THS-ZN-3.1.2,ZN,17,澳大利亚锌矿检修量（万吨）,zn_312_output_2|zn_312_output_5|zn_311_aux|zn_311_output_3|zn_311_output_4,锌精矿：产量：澳大利亚（季）,52.0,ID01655537,
THS-ZN-3.1.2,ZN,18,印度锌矿检修量（万吨）,zn_311_output_3|zn_311_output_4|zn_313_output|zn_313_output_2|zn_312_output_2,锌精矿：产量：中国（月）,48.75,ID01001563,
THS-ZN-3.1.2,ZN,19,南非锌矿检修量（万吨）,zn_311_output_3|zn_311_output_4|zn_313_output|zn_313_output_2|zn_312_output_2,锌精矿：产量：中国（月）,48.75,ID01001563,
THS-ZN-3.1.2,ZN,20,秘鲁锌矿进口量（万吨）,zn_61_conc_import|zn_311_import|zn_311_import_2|zn_312_import_3|zn_314_import_2,中国海关: 锌精矿进口量: 月度,61.91,a10001843,
THS-ZN-3.1.2,ZN,21,澳大利亚锌矿进口量（万吨）,zn_61_conc_import|zn_311_import|zn_311_import_2|zn_312_import_3|zn_314_import_2,中国海关: 锌精矿进口量: 月度,56.52,a10001843,
THS-ZN-3.1.2,ZN,22,印度锌矿进口量（万吨）,zn_61_conc_import|zn_311_import|zn_311_import_2|zn_314_import_2|zn_312_import,中国海关: 锌精矿进口量: 月度,61.91,a10001843,
THS-ZN-3.1.2,ZN,23,南非锌矿进口量（万吨）,zn_61_conc_import|zn_311_import|zn_311_import_2|zn_312_import_3|zn_314_import_2,中国海关: 锌精矿进口量: 月度,61.91,a10001843,
THS-ZN-3.1.2,ZN,24,秘鲁锌矿再生产量（万吨）,zn_311_output_3|zn_311_output_4|zn_313_output|zn_313_output_2|zn_323_output_recycle,锌精矿：产量：中国（月）,61.18,ID01001563,
THS-ZN-3.1.2,ZN,25,澳大利亚锌矿再生产量（万吨）,zn_311_output_3|zn_311_output_4|zn_313_output|zn_313_output_2|zn_323_output_recycle,锌精矿：产量：中国（月）,54.74,ID01001563,
THS-ZN-3.1.2,ZN,26,印度锌矿再生产量（万吨）,zn_311_output_3|zn_311_output_4|zn_313_output|zn_313_output_2|zn_323_output_recycle,锌精矿：产量：中国（月）,61.18,ID01001563,
THS-ZN-3.1.2,ZN,27,南非锌矿再生产量（万吨）,zn_311_output_3|zn_311_output_4|zn_313_output|zn_313_output_2|zn_323_output_recycle,锌精矿：产量：中国（月）,61.18,ID01001563,
THS-ZN-3.1.2,ZN,28,近3年同月秘鲁产量均值（万吨）,wr136|wr138|si_321_output|si_323_output_recycle|si_312_output_2,三元材料 月度产量,33.33,a10001951,
THS-ZN-3.1.2,ZN,29,近3年同月秘鲁产量标准差（万吨）,wr172|wr136|wr138|si_321_output|si_323_output_recycle,沪锡近半年月差变化,38.1,a12841510,
THS-ZN-3.1.3,ZN,0,国内锌矿产量（万吨）,zn_311_output_3|zn_311_output_4|zn_313_output|zn_313_output_2|zn_312_output_2,锌精矿：产量：中国（月）,69.33,ID01001563,
THS-ZN-3.1.3,ZN,1,国内锌矿加工费TC（美元/吨干矿）,zn_25_tc_conc|zn_311_tc_imp|zn_25_tc_conc_2|zn_315_tc_percentile|zn_315_tc,锌精矿：50%Zn：加工费：白银（日）,54.17,ID01510737,
THS-ZN-3.1.3,ZN,2,国内锌矿开工率（%）,zn_52_util_2|zn_52_util|zn_61_conc_import|zn_25_tc_conc|zn_311_tc_imp,氧化锌企业：开工率：中国（月）,54.74,ID01002075,
THS-ZN-3.1.3,ZN,3,国内锌矿产能利用率（%）,zn_321_capacity_util|zn_323_recycle_capacity_util|zn_52_gi_cap_util|zn_312_output_2|zn_311_aux,样本企业：原生锌：产能利用率：中国（月）,59.99,ID01167334,
THS-ZN-3.1.3,ZN,4,国内锌矿产能（万吨）,zn_312_output_2|zn_311_aux|zn_312_output|zn_312_output_3|zn_311_output,锌精矿：产量：澳大利亚（季）,45.88,ID01655537,
THS-ZN-3.1.3,ZN,5,国内锌矿检修量（万吨）,zn_61_conc_import|zn_312_output_2|zn_311_aux|zn_312_output|zn_312_output_3,中国海关: 锌精矿进口量: 月度,49.53,a10001843,
THS-ZN-3.1.3,ZN,7,国内锌矿进口量分国别（万吨）,zn_61_conc_import|zn_312_import|zn_312_import_4|zn_314_import_5|zn_314_import_6,中国海关: 锌精矿进口量: 月度,65.0,a10001843,
THS-ZN-3.1.3,ZN,8,国内锌矿再生产量（万吨）,zn_311_output_3|zn_311_output_4|zn_313_output|zn_313_output_2|zn_323_output_recycle,锌精矿：产量：中国（月）,61.18,ID01001563,
THS-ZN-3.1.3,ZN,9,近3年同月产量均值（万吨）,wr136|wr138|si_321_output|si_323_output_recycle|si_312_output_2,三元材料 月度产量,37.5,a10001951,
THS-ZN-3.1.3,ZN,10,近3年同月产量标准差（万吨）,wr172|wr136|wr138|si_321_output|si_323_output_recycle,沪锡近半年月差变化,42.11,a12841510,
THS-ZN-3.1.3,ZN,11,国内锌矿TC（美元/吨干矿）,zn_25_tc_conc_2|zn_315_tc_percentile|zn_315_tc|zn_315_tc_2|zn_61_conc_import,锌精矿：48%Zn：远期现货TC价：中国（日）,41.6,ID01320770,
THS-ZN-3.1.4,ZN,0,国内锌矿进口总量（万吨）,zn_61_conc_import|zn_62_import_4|zn_311_import|zn_311_import_2|zn_312_import_3,中国海关: 锌精矿进口量: 月度,65.0,a10001843,
THS-ZN-3.1.4,ZN,1,锌矿TC（美元/吨干矿）,zn_25_tc_conc_2|zn_315_tc_percentile|zn_315_tc|zn_315_tc_2|zn_311_output_3,锌精矿：48%Zn：远期现货TC价：中国（日）,45.21,ID01320770,
THS-ZN-3.1.4,ZN,2,秘鲁锌矿进口量（万吨）,zn_61_conc_import|zn_311_import|zn_311_import_2|zn_312_import_3|zn_314_import_2,中国海关: 锌精矿进口量: 月度,61.91,a10001843,
THS-ZN-3.1.4,ZN,3,澳大利亚锌矿进口量（万吨）,zn_61_conc_import|zn_311_import|zn_311_import_2|zn_312_import_3|zn_314_import_2,中国海关: 锌精矿进口量: 月度,56.52,a10001843,
THS-ZN-3.1.4,ZN,4,印度锌矿进口量（万吨）,zn_61_conc_import|zn_311_import|zn_311_import_2|zn_314_import_2|zn_312_import,中国海关: 锌精矿进口量: 月度,61.91,a10001843,
THS-ZN-3.1.4,ZN,5,南非锌矿进口量（万吨）,zn_61_conc_import|zn_311_import|zn_311_import_2|zn_312_import_3|zn_314_import_2,中国海关: 锌精矿进口量: 月度,61.91,a10001843,
THS-ZN-3.1.4,ZN,8,锌矿进口量（万吨）,zn_61_conc_import|zn_311_import|zn_311_import_2|zn_312_import_3|zn_314_import_2,中国海关: 锌精矿进口量: 月度,68.42,a10001843,
THS-ZN-3.1.4,ZN,10,近3年同月进口量均值（万吨）,wr144|si_321_import|si_321_import_2|si_314_by_country_import|si_314_by_country_import_2,碳酸锂 月度进口量,44.44,a10006557,
THS-ZN-3.1.4,ZN,11,近3年同月进口量标准差（万吨）,wr144|si_321_import|si_321_import_2|wr172|si_314_by_country_import,碳酸锂 月度进口量,42.11,a10006557,
THS-ZN-3.1.4,ZN,12,上期所锌仓单注册量（手）,zn_64_lme_reg|zn_41_lme_warrant|zn_26_lme_oi|zn_26_openinterest_top20|zn_26_openinterest,LME: 锌仓库注册仓单: 合计: 日度,47.27,a10017976,
THS-ZN-3.1.4,ZN,13,近3年同月秘鲁进口量均值（万吨）,wr144|si_321_import|si_321_import_2|si_314_by_country_import|si_314_by_country_import_2,碳酸锂 月度进口量,40.0,a10006557,
THS-ZN-3.1.4,ZN,14,近3年同月秘鲁进口量标准差（万吨）,wr144|si_321_import|si_321_import_2|wr172|si_314_by_country_import,碳酸锂 月度进口量,38.1,a10006557,
THS-ZN-3.1.5,ZN,0,锌精矿TC（美元/吨干矿）,zn_311_output_3|zn_311_output_4|zn_313_output|zn_313_output_2|zn_25_tc_conc_2,锌精矿：产量：中国（月）,55.72,ID01001563,
THS-ZN-3.1.5,ZN,1,电解锌冶炼利润（元/吨）,zn_25_profit|zn_25_profit_2|zn_25_profit_3|zn_25_profit_percentile|zn_25_cash_profit,云南罗平锌电：营业利润（季）,43.33,LC00139956,
THS-ZN-3.1.5,ZN,2,近3年同期TC分位（%）,TC|cu_44_tc_conc|wr172|zn_25_tc_conc_2|zn_315_tc_percentile,TC加工费,28.57,ID01320080,
THS-ZN-3.1.5,ZN,5,近3年同月TC均值（美元/吨干矿）,wr172|wr21|TC|li_24_close_near_2|cu_44_tc_conc,沪锡近半年月差变化,33.33,a12841510,
THS-ZN-3.1.5,ZN,6,近3年同月TC标准差（美元/吨干矿）,wr172|wr21|TC|li_24_close_near_2|si_23_spread_futures,沪锡近半年月差变化,42.11,a12841510,
THS-ZN-3.1.5,ZN,7,上期所锌仓单注册量（手）,zn_64_lme_reg|zn_41_lme_warrant|zn_26_lme_oi|zn_26_openinterest_top20|zn_26_openinterest,LME: 锌仓库注册仓单: 合计: 日度,47.27,a10017976,
THS-ZN-3.1.5,ZN,9,锌冶炼利润分位（%）,zn_25_profit|zn_25_profit_2|zn_25_profit_3|zn_25_profit_percentile|zn_25_cash_profit,云南罗平锌电：营业利润（季）,43.33,LC00139956,
THS-ZN-3.2.1,ZN,0,国内锌精炼产量（万吨）,zn_311_output_3|zn_311_output_4|zn_313_output|zn_313_output_2|zn_314_output_2,锌精矿：产量：中国（月）,65.0,ID01001563,
THS-ZN-3.2.1,ZN,1,电解锌冶炼利润（元/吨）,zn_25_profit|zn_25_profit_2|zn_25_profit_3|zn_25_profit_percentile|zn_25_cash_profit,云南罗平锌电：营业利润（季）,43.33,LC00139956,
THS-ZN-3.2.1,ZN,2,国内锌精炼开工率（%）,zn_52_util_2|zn_52_util|zn_61_conc_import|zn_53_export|zn_62_import_4,氧化锌企业：开工率：中国（月）,52.0,ID01002075,
THS-ZN-3.2.1,ZN,3,国内锌精炼产能利用率（%）,zn_323_recycle_capacity_util|zn_321_capacity_util|zn_52_gi_cap_util|zn_312_output_2|zn_312_output_5,样本企业：精炼锌：产能利用率：中国（月）,67.41,ID00407929,
THS-ZN-3.2.1,ZN,4,国内锌精炼产能（万吨）,zn_311_output_3|zn_311_output_4|zn_313_output|zn_313_output_2|zn_314_output_2,锌精矿：产量：中国（月）,48.75,ID01001563,
THS-ZN-3.2.1,ZN,5,国内锌精炼检修量（万吨）,zn_61_conc_import|zn_53_export|zn_62_import_4|zn_311_output_3|zn_311_output_4,中国海关: 锌精矿进口量: 月度,47.27,a10001843,
THS-ZN-3.2.1,ZN,7,国内锌精炼进口量分国别（万吨）,zn_314_import_5|zn_314_import_6|zn_61_conc_import|zn_62_import_4|zn_314_import_3,精炼锌：进口数量：秘鲁→中国（月）,62.4,ID02041395,
THS-ZN-3.2.1,ZN,8,国内锌精炼再生产量（万吨）,zn_311_output_3|zn_311_output_4|zn_313_output|zn_313_output_2|zn_323_output_recycle,锌精矿：产量：中国（月）,57.77,ID01001563,
THS-ZN-3.2.1,ZN,9,近3年同月产量均值（万吨）,wr136|wr138|si_321_output|si_323_output_recycle|si_312_output_2,三元材料 月度产量,37.5,a10001951,
THS-ZN-3.2.1,ZN,10,近3年同月产量标准差（万吨）,wr172|wr136|wr138|si_321_output|si_323_output_recycle,沪锡近半年月差变化,42.11,a12841510,
THS-ZN-3.2.1,ZN,11,锌精矿TC（美元/吨干矿）,zn_311_output_3|zn_311_output_4|zn_313_output|zn_313_output_2|zn_25_tc_conc_2,锌精矿：产量：中国（月）,55.72,ID01001563,
THS-ZN-3.2.2,ZN,0,国内锌精炼开工率（%）,zn_52_util_2|zn_52_util|zn_61_conc_import|zn_53_export|zn_62_import_4,氧化锌企业：开工率：中国（月）,52.0,ID01002075,
THS-ZN-3.2.2,ZN,1,国内锌精炼产量（万吨）,zn_311_output_3|zn_311_output_4|zn_313_output|zn_313_output_2|zn_314_output_2,锌精矿：产量：中国（月）,65.0,ID01001563,
THS-ZN-3.2.2,ZN,2,国内锌精炼检修量（万吨）,zn_61_conc_import|zn_53_export|zn_62_import_4|zn_311_output_3|zn_311_output_4,中国海关: 锌精矿进口量: 月度,47.27,a10001843,
THS-ZN-3.2.2,ZN,3,国内锌精炼开工天数（天）,zn_312_raw_days|zn_52_util_2|zn_312_port_inv_4|zn_314_import_5|zn_314_import_6,锌精矿：原料：库存天数：中国（周）,45.21,ID01167314,
THS-ZN-3.2.2,ZN,4,国内锌精炼产能（万吨）,zn_311_output_3|zn_311_output_4|zn_313_output|zn_313_output_2|zn_314_output_2,锌精矿：产量：中国（月）,48.75,ID01001563,
THS-ZN-3.2.2,ZN,5,国内锌精炼产能利用率（%）,zn_323_recycle_capacity_util|zn_321_capacity_util|zn_52_gi_cap_util|zn_312_output_2|zn_312_output_5,样本企业：精炼锌：产能利用率：中国（月）,67.41,ID00407929,
THS-ZN-3.2.2,ZN,6,锌精矿TC（美元/吨干矿）,zn_311_output_3|zn_311_output_4|zn_313_output|zn_313_output_2|zn_25_tc_conc_2,锌精矿：产量：中国（月）,55.72,ID01001563,
THS-ZN-3.2.2,ZN,7,近3年同月检修量均值（万吨）,wr172|wr21|al_23_lme_oi|al_23_lme_volume|ni_21_volume_top20,沪锡近半年月差变化,31.58,a12841510,
THS-ZN-3.2.2,ZN,8,近3年同月检修量标准差（万吨）,wr172|wr21|al_23_lme_oi|al_23_lme_volume|ni_21_volume_top20,沪锡近半年月差变化,40.0,a12841510,
THS-ZN-3.2.2,ZN,9,电解锌冶炼利润（元/吨）,zn_25_profit|zn_25_profit_2|zn_25_profit_3|zn_25_profit_percentile|zn_25_cash_profit,云南罗平锌电：营业利润（季）,43.33,LC00139956,
THS-ZN-3.2.3,ZN,1,国内锌精炼产量（万吨）,zn_311_output_3|zn_311_output_4|zn_313_output|zn_313_output_2|zn_314_output_2,锌精矿：产量：中国（月）,65.0,ID01001563,
THS-ZN-3.2.3,ZN,2,再生锌进口量（万吨）,zn_323_output_recycle|zn_314_import_5|zn_314_import_6|zn_61_conc_import|zn_62_import_4,再生锌：产量：中国（月）,69.33,ID01510884,
THS-ZN-3.2.3,ZN,4,再生锌开工率（%）,zn_52_util_2|zn_323_output_recycle|zn_52_util|zn_321_capacity_util|zn_312_output_7,氧化锌企业：开工率：中国（月）,57.77,ID01002075,
THS-ZN-3.2.3,ZN,7,再生锌检修量（万吨）,zn_323_output_recycle|zn_312_output_7|zn_321_output|zn_321_output_recycle|zn_51_output,再生锌：产量：中国（月）,69.33,ID01510884,
THS-ZN-3.2.3,ZN,10,近3年同月产量均值（万吨）,wr136|wr138|si_321_output|si_323_output_recycle|si_312_output_2,三元材料 月度产量,37.5,a10001951,
THS-ZN-3.2.3,ZN,11,近3年同月产量标准差（万吨）,wr172|wr136|wr138|si_321_output|si_323_output_recycle,沪锡近半年月差变化,42.11,a12841510,
THS-ZN-3.2.4,ZN,0,电解锌冶炼利润（元/吨）,zn_25_profit|zn_25_profit_2|zn_25_profit_3|zn_25_profit_percentile|zn_25_cash_profit,云南罗平锌电：营业利润（季）,43.33,LC00139956,
THS-ZN-3.2.4,ZN,1,锌精矿TC（美元/吨干矿）,zn_311_output_3|zn_311_output_4|zn_313_output|zn_313_output_2|zn_25_tc_conc_2,锌精矿：产量：中国（月）,55.72,ID01001563,
THS-ZN-3.2.4,ZN,2,电解锌冶炼利润分位（%）,zn_25_profit|zn_25_profit_2|zn_25_profit_3|zn_25_profit_percentile|zn_25_cash_profit,云南罗平锌电：营业利润（季）,39.0,LC00139956,
THS-ZN-3.2.4,ZN,3,近3年同期利润均值（元/吨）,li_25_profit_5|li_25_by_route_profit|li_25_by_route_profit_2|wr45|al_25_profit,分路线利润,28.57,a12795960,
THS-ZN-3.2.4,ZN,6,近3年同月利润均值（元/吨）,wr172|wr21|li_25_profit_5|li_25_by_route_profit|li_25_by_route_profit_2,沪锡近半年月差变化,33.33,a12841510,
THS-ZN-3.2.4,ZN,7,近3年同月利润标准差（元/吨）,wr172|wr21|li_25_profit_5|li_25_by_route_profit|li_25_by_route_profit_2,沪锡近半年月差变化,42.11,a12841510,
THS-ZN-3.2.4,ZN,9,上期所锌仓单注册量（手）,zn_64_lme_reg|zn_41_lme_warrant|zn_26_lme_oi|zn_26_openinterest_top20|zn_26_openinterest,LME: 锌仓库注册仓单: 合计: 日度,47.27,a10017976,
THS-ZN-3.2.4,ZN,10,锌合金冶炼利润（元/吨）,zn_323_output|zn_63_output|zn_25_profit_percentile|zn_25_profit|zn_25_profit_2,锌合金：产量：中国（月）,48.75,ID01001564,
THS-ZN-4.1,ZN,0,上期所锌库存（手）,zn_41_inv|zn_41_inv_2|zn_42_inv_implicit|zn_43_inv|zn_43_inv_2,镀锌板卷：库存：中国（周）,55.72,ID00366838,
THS-ZN-4.1,ZN,1,上期所锌仓单注册量（手）,zn_64_lme_reg|zn_41_lme_warrant|zn_26_lme_oi|zn_26_openinterest_top20|zn_26_openinterest,LME: 锌仓库注册仓单: 合计: 日度,47.27,a10017976,
THS-ZN-4.1,ZN,4,近3年同日库存均值（手）,SHFE库存|社库|li_43_inv_struct|li_43_inv_struct_2|wr267,上期所库存,33.33,FU00014947,
THS-ZN-4.1,ZN,5,近3年同日库存标准差（手）,wr172|SHFE库存|社库|li_43_inv_struct|li_43_inv_struct_2,沪锡近半年月差变化,31.58,a12841510,
THS-ZN-4.1,ZN,8,上期所锌库存分地区（手）,zn_44_inv_plant|zn_41_inv|zn_41_inv_2|zn_42_inv_implicit|zn_43_inv,锌锭：库存：上海保税区（周）,57.77,ID01030219,
THS-ZN-4.1,ZN,9,在途库存（手）,SHFE库存|社库|li_43_inv_struct|li_43_inv_struct_2|wr152,上期所库存,57.14,FU00014947,
THS-ZN-4.2,ZN,0,上期所锌仓单注册量（手）,zn_64_lme_reg|zn_41_lme_warrant|zn_26_lme_oi|zn_26_openinterest_top20|zn_26_openinterest,LME: 锌仓库注册仓单: 合计: 日度,47.27,a10017976,
THS-ZN-4.2,ZN,4,近3年同日仓单均值（手）,al_25_warrant_premium_avg_price|wr263|wr124|i2|cu_22_warrant_premium_avg_price,铝：仓单溢价均价（日）,35.29,ID01172779,
THS-ZN-4.2,ZN,5,近3年同日仓单标准差（手）,wr172|wr263|wr124|i2|i6,沪锡近半年月差变化,31.58,a12841510,
THS-ZN-4.2,ZN,6,在途库存（手）,SHFE库存|社库|li_43_inv_struct|li_43_inv_struct_2|wr152,上期所库存,57.14,FU00014947,
THS-ZN-4.2,ZN,7,隐性库存（手）,SHFE库存|社库|li_43_inv_struct|li_43_inv_struct_2|wr178,上期所库存,57.14,FU00014947,
THS-ZN-4.2,ZN,8,上期所锌仓单分地区（手）,zn_42_warrant|zn_41_lme_warrant|zn_53_lme_cancel|zn_64_lme_reg|zn_21_warrant,SHFE: 锌: 仓单日报分地区_上海: 期货: 日度,53.79,a10023853,
THS-ZN-4.2,ZN,9,上期所锌仓单持有天数（天）,zn_41_lme_warrant|zn_312_raw_days|zn_53_lme_cancel|zn_64_lme_reg|zn_21_warrant,LME：锌：注销仓单（日）,43.33,FU00016166,
THS-ZN-4.3,ZN,0,国内锌社会库存总量（万吨）,zn_41_inv|zn_41_inv_2|zn_42_inv_implicit|zn_43_inv|zn_43_inv_2,镀锌板卷：库存：中国（周）,45.88,ID00366838,
THS-ZN-4.3,ZN,1,上期所锌库存（手）,zn_41_inv|zn_41_inv_2|zn_42_inv_implicit|zn_43_inv|zn_43_inv_2,镀锌板卷：库存：中国（周）,55.72,ID00366838,
THS-ZN-4.3,ZN,2,国内锌厂内库存（万吨）,zn_41_inv|zn_41_inv_2|zn_42_inv_implicit|zn_43_inv|zn_43_inv_2,镀锌板卷：库存：中国（周）,45.88,ID00366838,
THS-ZN-4.3,ZN,3,国内锌在途库存（万吨）,zn_41_inv|zn_41_inv_2|zn_42_inv_implicit|zn_43_inv|zn_43_inv_2,镀锌板卷：库存：中国（周）,45.88,ID00366838,
THS-ZN-4.3,ZN,4,国内锌隐性库存（万吨）,zn_41_inv|zn_41_inv_2|zn_42_inv_implicit|zn_43_inv|zn_43_inv_2,镀锌板卷：库存：中国（周）,45.88,ID00366838,
THS-ZN-4.3,ZN,5,近3年同周库存均值（万吨）,SHFE库存|wr125|wr126|wr128|社库,上期所库存,33.33,FU00014947,
THS-ZN-4.3,ZN,6,近3年同周库存标准差（万吨）,wr172|SHFE库存|wr125|wr126|wr128,沪锡近半年月差变化,31.58,a12841510,
THS-ZN-4.3,ZN,8,国内锌社会库存分地区（万吨）,zn_44_inv_plant|zn_41_inv|zn_41_inv_2|zn_42_inv_implicit|zn_43_inv,锌锭：库存：上海保税区（周）,49.53,ID01030219,
THS-ZN-4.4,ZN,0,国内锌厂内锌锭库存（万吨）,zn_44_inv_plant|zn_41_inv|zn_41_inv_2|zn_42_inv_implicit|zn_43_inv,锌锭：库存：上海保税区（周）,52.0,ID01030219,
THS-ZN-4.4,ZN,1,国内锌社会库存总量（万吨）,zn_41_inv|zn_41_inv_2|zn_42_inv_implicit|zn_43_inv|zn_43_inv_2,镀锌板卷：库存：中国（周）,45.88,ID00366838,
THS-ZN-4.4,ZN,2,国内锌厂内锌合金库存（万吨）,zn_53_alloy_export|zn_323_output|zn_63_output|zn_41_inv|zn_41_inv_2,中国海关: 锌合金出口量: 月度,43.33,a10018028,
THS-ZN-4.4,ZN,3,国内锌厂内库存占比（%）,zn_41_inv|zn_41_inv_2|zn_42_inv_implicit|zn_43_inv|zn_43_inv_2,镀锌板卷：库存：中国（周）,41.05,ID00366838,
THS-ZN-4.4,ZN,4,国内锌厂内库存天数（天）,zn_312_raw_days|zn_312_port_inv_4|zn_41_inv|zn_41_inv_2|zn_42_inv_implicit,锌精矿：原料：库存天数：中国（周）,56.52,ID01167314,
THS-ZN-4.4,ZN,5,近3年同月/同周库存均值（万吨）,wr172|SHFE库存|wr125|wr126|wr128,沪锡近半年月差变化,30.0,a12841510,
THS-ZN-4.4,ZN,6,近3年同月/同周库存标准差（万吨）,wr172|wr125|wr126|wr128|SHFE库存,沪锡近半年月差变化,38.1,a12841510,
THS-ZN-4.4,ZN,7,上期所锌仓单注册量（手）,zn_64_lme_reg|zn_41_lme_warrant|zn_26_lme_oi|zn_26_openinterest_top20|zn_26_openinterest,LME: 锌仓库注册仓单: 合计: 日度,47.27,a10017976,
THS-ZN-4.4,ZN,8,国内锌厂内锌锭库存分地区（万吨）,zn_44_inv_plant|zn_22_plant_inv|zn_41_inv|zn_41_inv_2|zn_42_inv_implicit,锌锭：库存：上海保税区（周）,56.52,ID01030219,
THS-ZN-4.5,ZN,0,国内锌隐性库存总量（万吨）,zn_41_inv|zn_41_inv_2|zn_42_inv_implicit|zn_43_inv|zn_43_inv_2,镀锌板卷：库存：中国（周）,45.88,ID00366838,
THS-ZN-4.5,ZN,1,国内锌社会库存总量（万吨）,zn_41_inv|zn_41_inv_2|zn_42_inv_implicit|zn_43_inv|zn_43_inv_2,镀锌板卷：库存：中国（周）,45.88,ID00366838,
THS-ZN-4.5,ZN,2,国内锌在途库存总量（万吨）,zn_41_inv|zn_41_inv_2|zn_42_inv_implicit|zn_43_inv|zn_43_inv_2,镀锌板卷：库存：中国（周）,45.88,ID00366838,
THS-ZN-4.5,ZN,3,国内锌隐性库存占比（%）,zn_41_inv|zn_41_inv_2|zn_42_inv_implicit|zn_43_inv|zn_43_inv_2,镀锌板卷：库存：中国（周）,41.05,ID00366838,
THS-ZN-4.5,ZN,4,国内锌在途库存占比（%）,zn_41_inv|zn_41_inv_2|zn_42_inv_implicit|zn_43_inv|zn_43_inv_2,镀锌板卷：库存：中国（周）,41.05,ID00366838,
THS-ZN-4.5,ZN,5,近3年同月/同周均值（万吨）,wr172|wr21|li_24_close_near_2|j23_lme_0to3|sn_23_lme_close_3m,沪锡近半年月差变化,33.33,a12841510,
THS-ZN-4.5,ZN,6,国内锌隐性库存分地区（万吨）,zn_44_inv_plant|zn_41_inv|zn_41_inv_2|zn_42_inv_implicit|zn_43_inv,锌锭：库存：上海保税区（周）,49.53,ID01030219,
THS-ZN-5.1,ZN,0,国内锌表观消费量（万吨）,zn_51_cons|zn_51_cons_2|zn_51_cons_3|zn_52_cons|zn_314_import_3,USGS：精炼锌：表观消费量：美国（年）,62.4,ID01552275,
THS-ZN-5.1,ZN,1,国内锌精炼产量（万吨）,zn_311_output_3|zn_311_output_4|zn_313_output|zn_313_output_2|zn_314_output_2,锌精矿：产量：中国（月）,65.0,ID01001563,
THS-ZN-5.1,ZN,2,国内锌冶炼开工率（%）,zn_52_util_2|zn_52_util|zn_25_profit_percentile|zn_22_plant_inv|zn_61_conc_import,氧化锌企业：开工率：中国（月）,52.0,ID01002075,
THS-ZN-5.1,ZN,3,国内锌冶炼产量（万吨）,zn_311_output_3|zn_311_output_4|zn_313_output|zn_313_output_2|zn_323_output_recycle,锌精矿：产量：中国（月）,48.75,ID01001563,
THS-ZN-5.1,ZN,4,国内锌社会库存总量（万吨）,zn_41_inv|zn_41_inv_2|zn_42_inv_implicit|zn_43_inv|zn_43_inv_2,镀锌板卷：库存：中国（周）,45.88,ID00366838,
THS-ZN-5.1,ZN,5,国内锌冶炼订单量（万吨）,zn_61_conc_import|zn_53_alloy_export|zn_53_export|zn_63_zno_trade|zn_62_import_4,中国海关: 锌精矿进口量: 月度,35.45,a10001843,
THS-ZN-5.1,ZN,6,国内锌冶炼排产计划（万吨）,zn_22_plant_inv|zn_312_output_4|zn_312_output_6|zn_312_output_8|zn_312_output_9,SMM: 精炼锌冶炼厂成品库存: 月度,30.0,a10001841,
THS-ZN-5.1,ZN,7,国内锌冶炼需求增速（%）,zn_22_plant_inv|zn_61_conc_import|zn_53_alloy_export|zn_53_export|zn_63_zno_trade,SMM: 精炼锌冶炼厂成品库存: 月度,30.0,a10001841,
THS-ZN-5.1,ZN,8,国内锌冶炼消费占比（%）,zn_52_cons|zn_314_import_3|zn_314_import_4|zn_51_cons|zn_51_cons_2,中国有色金属工业年鉴：锌锭：消费量：台湾省（年）,34.67,ID00303820,
THS-ZN-5.1,ZN,9,国内锌冶炼表观消费量（万吨）,zn_51_cons|zn_51_cons_2|zn_51_cons_3|zn_52_cons|zn_314_import_3,USGS：精炼锌：表观消费量：美国（年）,57.77,ID01552275,
THS-ZN-5.1,ZN,10,近3年同月表观消费量均值（万吨）,si_51_apparent_cons|si_51_cons_apparent|li_53_lc_cons_apparent|li_53_apparent_cons|li_51_consumption,有机硅表观消费量,50.0,a12857251,
THS-ZN-5.1,ZN,11,近3年同月表观消费量标准差（万吨）,si_51_apparent_cons|si_51_cons_apparent|li_53_lc_cons_apparent|li_53_apparent_cons|li_51_consumption,有机硅表观消费量,47.62,a12857251,
THS-ZN-5.2,ZN,0,国内镀锌板产量（万吨）,zn_63_coated_export|zn_52_gi_turnover|zn_311_output_3|zn_311_output_4|zn_313_output,中国海关: 镀锌板出口量: 月度,61.91,a12803961,
THS-ZN-5.2,ZN,1,国内锌锭消费量（万吨）,zn_52_cons|zn_314_import_3|zn_314_import_4|zn_51_cons|zn_51_cons_2,中国有色金属工业年鉴：锌锭：消费量：台湾省（年）,55.72,ID00303820,
THS-ZN-5.2,ZN,2,国内氧化锌产量（万吨）,zn_63_zno_trade|zn_63_zno_exp_by_ctry|zn_311_output_3|zn_311_output_4|zn_313_output,中国海关: 氧化锌出口量: 月度,61.91,a10018034,
THS-ZN-5.2,ZN,3,国内压铸合金产量（万吨）,wr187|wr198|wr196|wr175|wr200,国内锡矿产量,57.14,ID00299777,
THS-ZN-5.2,ZN,4,国内电池级锌产量（万吨）,zn_311_output_3|zn_311_output_4|zn_313_output|zn_313_output_2|zn_323_output_recycle,锌精矿：产量：中国（月）,45.88,ID01001563,
THS-ZN-5.2,ZN,5,国内镀锌板开工率（%）,zn_52_util|zn_52_util_2|zn_63_coated_export|zn_41_inv|zn_41_inv_2,镀锌板卷：钢铁企业：开工率：中国（周）,65.0,ID00366835,
THS-ZN-5.2,ZN,7,近3年同月产量均值（万吨）,wr136|wr138|si_321_output|si_323_output_recycle|si_312_output_2,三元材料 月度产量,37.5,a10001951,
THS-ZN-5.2,ZN,8,近3年同月产量标准差（万吨）,wr172|wr136|wr138|si_321_output|si_323_output_recycle,沪锡近半年月差变化,42.11,a12841510,
THS-ZN-5.2,ZN,9,国内镀锌板/热镀锌消费量（万吨）,zn_63_coated_export|zn_52_gi_turnover|zn_52_cons|zn_314_import_3|zn_314_import_4,中国海关: 镀锌板出口量: 月度,52.0,a12803961,
THS-ZN-5.3,ZN,0,国内镀锌板订单量（万吨）,zn_63_coated_export|zn_52_gi_turnover|zn_41_inv|zn_41_inv_2|zn_42_inv_implicit,中国海关: 镀锌板出口量: 月度,59.09,a12803961,
THS-ZN-5.3,ZN,1,国内镀锌板排产计划（万吨）,zn_63_coated_export|zn_41_inv|zn_41_inv_2|zn_42_inv_implicit|zn_43_inv,中国海关: 镀锌板出口量: 月度,45.21,a12803961,
THS-ZN-5.3,ZN,2,国内锌出口量（万吨）,zn_53_alloy_export|zn_53_export|zn_63_zno_trade|zn_63_coated_export|zn_63_zno_exp_by_ctry,中国海关: 锌合金出口量: 月度,65.0,a10018028,
THS-ZN-5.3,ZN,3,国内锌精炼产量（万吨）,zn_311_output_3|zn_311_output_4|zn_313_output|zn_313_output_2|zn_314_output_2,锌精矿：产量：中国（月）,65.0,ID01001563,
THS-ZN-5.3,ZN,4,国内制造业PMI（%）,cu_5_3_pmi|cu_5_3_pmi_2|cu_5_3_pmi_3|cu_5_3_pmi_4|cu_5_3_pmi_5,南非：制造业PMI：数值（月）,60.0,GM0000000488,
THS-ZN-5.3,ZN,5,国内锌表观消费量（万吨）,zn_51_cons|zn_51_cons_2|zn_51_cons_3|zn_52_cons|zn_314_import_3,USGS：精炼锌：表观消费量：美国（年）,62.4,ID01552275,
THS-ZN-5.3,ZN,11,国内电池级锌订单量（万吨）,zn_61_conc_import|zn_53_alloy_export|zn_53_export|zn_63_zno_trade|zn_62_import_4,中国海关: 锌精矿进口量: 月度,33.92,a10001843,
THS-ZN-5.3,ZN,12,国内电池级锌产量（万吨）,zn_311_output_3|zn_311_output_4|zn_313_output|zn_313_output_2|zn_323_output_recycle,锌精矿：产量：中国（月）,45.88,ID01001563,
THS-ZN-5.3,ZN,13,近3年同月表观消费量均值（万吨）,si_51_apparent_cons|si_51_cons_apparent|li_53_lc_cons_apparent|li_53_apparent_cons|li_51_consumption,有机硅表观消费量,50.0,a12857251,
THS-ZN-5.3,ZN,14,近3年同月表观消费量标准差（万吨）,si_51_apparent_cons|si_51_cons_apparent|li_53_lc_cons_apparent|li_53_apparent_cons|li_51_consumption,有机硅表观消费量,47.62,a12857251,
THS-ZN-6.1,ZN,1,国内锌精炼产量（万吨）,zn_311_output_3|zn_311_output_4|zn_313_output|zn_313_output_2|zn_314_output_2,锌精矿：产量：中国（月）,65.0,ID01001563,
THS-ZN-6.1,ZN,2,国内再生锌进口量（万吨）,zn_323_output_recycle|zn_61_conc_import|zn_62_import_4|zn_314_import_5|zn_314_import_6,再生锌：产量：中国（月）,61.18,ID01510884,
THS-ZN-6.1,ZN,6,国内锌精矿保税区库存（万吨）,zn_312_port_inv|zn_61_inv_conc|zn_312_port_inv_2|zn_312_port_inv_3|zn_312_port_inv_4,锌精矿：港口库存：中国（周）,61.91,ID00188330,
THS-ZN-6.1,ZN,7,国内锌精矿进口盈亏（元/吨）,zn_21_import|zn_314_import|zn_323_import_recycle_3|zn_61_conc_import|zn_61_conc_imp_pnl,锌锭：进口盈亏：含税（日）,68.42,ID01030236,
THS-ZN-6.1,ZN,9,国内锌精矿发运量（万吨）,zn_311_output_3|zn_311_output_4|zn_313_output|zn_313_output_2|zn_61_conc_import,锌精矿：产量：中国（月）,61.18,ID01001563,
THS-ZN-6.1,ZN,10,近3年同月进口量均值（万吨）,wr144|si_321_import|si_321_import_2|si_314_by_country_import|si_314_by_country_import_2,碳酸锂 月度进口量,44.44,a10006557,
THS-ZN-6.1,ZN,11,近3年同月进口量标准差（万吨）,wr144|si_321_import|si_321_import_2|wr172|si_314_by_country_import,碳酸锂 月度进口量,42.11,a10006557,
THS-ZN-6.1,ZN,12,国内锌精矿关税税率（%）,zn_61_conc_import|zn_311_output_3|zn_311_output_4|zn_313_output|zn_313_output_2,中国海关: 锌精矿进口量: 月度,45.21,a10001843,
THS-ZN-6.2,ZN,0,国内电锌进口量（万吨）,zn_61_conc_import|zn_62_import_4|zn_314_import_5|zn_314_import_6|zn_53_alloy_export,中国海关: 锌精矿进口量: 月度,61.91,a10001843,
THS-ZN-6.2,ZN,1,国内电锌出口量（万吨）,zn_53_alloy_export|zn_53_export|zn_63_zno_trade|zn_63_coated_export|zn_63_zno_exp_by_ctry,中国海关: 锌合金出口量: 月度,61.91,a10018028,
THS-ZN-6.2,ZN,2,国内电锌净进口量（万吨）,zn_61_conc_import|zn_62_import_4|zn_314_import_5|zn_314_import_6|zn_53_alloy_export,中国海关: 锌精矿进口量: 月度,59.09,a10001843,
THS-ZN-6.2,ZN,3,国内电锌进口量分国别（万吨）,zn_314_import_5|zn_314_import_6|zn_61_conc_import|zn_62_import_4|zn_314_net_exp,精炼锌：进口数量：秘鲁→中国（月）,54.17,ID02041395,
THS-ZN-6.2,ZN,4,国内电锌进口量总量（万吨）,zn_61_conc_import|zn_62_import_4|zn_314_import_5|zn_314_import_6|zn_53_alloy_export,中国海关: 锌精矿进口量: 月度,61.91,a10001843,
THS-ZN-6.2,ZN,5,国内电锌保税区库存（万吨）,zn_44_inv_plant|zn_41_inv|zn_41_inv_2|zn_42_inv_implicit|zn_43_inv,锌锭：库存：上海保税区（周）,52.0,ID01030219,
THS-ZN-6.2,ZN,6,国内电锌保税区仓单（手）,zn_44_inv_plant|zn_41_lme_warrant|zn_53_lme_cancel|zn_64_lme_reg|zn_21_warrant,锌锭：库存：上海保税区（周）,52.0,ID01030219,
THS-ZN-6.2,ZN,7,近3年同月出口量均值（万吨）,si_62_export|si_62_export_2|wr269|li_62_export_2|pb_63_aux,工业硅出口量,37.5,CM0000287779,
THS-ZN-6.2,ZN,8,近3年同月出口量标准差（万吨）,wr172|si_62_export|si_62_export_2|wr269|li_62_export_2,沪锡近半年月差变化,40.0,a12841510,
THS-ZN-6.2,ZN,9,国内电锌进出口金额（亿美元）,zn_61_conc_import|zn_53_alloy_export|zn_53_export|zn_63_zno_trade|zn_62_import_4,中国海关: 锌精矿进口量: 月度,45.21,a10001843,
THS-ZN-6.2,ZN,10,国内电锌关税税率（%）,zn_21_import|zn_314_import|zn_323_import_recycle_3|zn_44_inv_plant|zn_61_conc_import,锌锭：进口盈亏：含税（日）,28.89,ID01030236,
THS-ZN-6.3,ZN,1,国内镀锌板产量（万吨）,zn_63_coated_export|zn_52_gi_turnover|zn_311_output_3|zn_311_output_4|zn_313_output,中国海关: 镀锌板出口量: 月度,61.91,a12803961,
THS-ZN-6.3,ZN,5,国内氧化锌产量（万吨）,zn_63_zno_trade|zn_63_zno_exp_by_ctry|zn_311_output_3|zn_311_output_4|zn_313_output,中国海关: 氧化锌出口量: 月度,61.91,a10018034,
THS-ZN-6.3,ZN,6,国内压铸合金出口量（万吨）,wr27|zn_53_alloy_export|pb_63_alloy_export|wr188|wr273,铝合金进口量,53.33,ID01114281,
THS-ZN-6.3,ZN,7,国内压铸合金产量（万吨）,wr187|wr198|wr196|wr175|wr200,国内锡矿产量,57.14,ID00299777,
THS-ZN-6.3,ZN,8,国内锌制品出口金额（亿美元）,zn_53_alloy_export|zn_53_export|zn_63_zno_trade|zn_63_coated_export|zn_63_zno_exp_by_ctry,中国海关: 锌合金出口量: 月度,45.21,a10018028,
THS-ZN-6.3,ZN,9,国内锌制品出口量（万吨）,zn_53_alloy_export|zn_53_export|zn_63_zno_trade|zn_63_coated_export|zn_63_zno_exp_by_ctry,中国海关: 锌合金出口量: 月度,59.09,a10018028,
THS-ZN-6.3,ZN,10,国内锌制品出口量分国别（万吨）,zn_53_alloy_export|zn_53_export|zn_63_zno_trade|zn_63_coated_export|zn_63_zno_exp_by_ctry,中国海关: 锌合金出口量: 月度,52.0,a10018028,
THS-ZN-6.3,ZN,11,国内锌制品出口量总量（万吨）,zn_53_alloy_export|zn_53_export|zn_63_zno_trade|zn_63_coated_export|zn_63_zno_exp_by_ctry,中国海关: 锌合金出口量: 月度,59.09,a10018028,
THS-ZN-6.3,ZN,12,近3年同月出口量均值（万吨）,si_62_export|si_62_export_2|wr269|li_62_export_2|pb_63_aux,工业硅出口量,37.5,CM0000287779,
THS-ZN-6.3,ZN,13,近3年同月出口量标准差（万吨）,wr172|si_62_export|si_62_export_2|wr269|li_62_export_2,沪锡近半年月差变化,40.0,a12841510,
THS-ZN-6.4,ZN,0,海外对华锌精矿发运量（万吨）,zn_311_output_3|zn_311_output_4|zn_313_output|zn_313_output_2|zn_61_conc_import,锌精矿：产量：中国（月）,54.74,ID01001563,
THS-ZN-6.4,ZN,2,海外对华电锌发运量（万吨）,zn_61_conc_import|zn_53_alloy_export|zn_53_export|zn_63_zno_trade|zn_62_import_4,中国海关: 锌精矿进口量: 月度,33.92,a10001843,
THS-ZN-6.4,ZN,3,国内电锌进口量（万吨）,zn_61_conc_import|zn_62_import_4|zn_314_import_5|zn_314_import_6|zn_53_alloy_export,中国海关: 锌精矿进口量: 月度,61.91,a10001843,
THS-ZN-6.4,ZN,4,海外对华锌发运天数（天）,zn_312_raw_days|zn_312_port_inv_4|zn_21_close|zn_21_close_2|zn_23_close,锌精矿：原料：库存天数：中国（周）,33.92,ID01167314,
THS-ZN-6.4,ZN,5,海外对华锌发运量（万吨）,zn_61_conc_import|zn_53_alloy_export|zn_53_export|zn_63_zno_trade|zn_62_import_4,中国海关: 锌精矿进口量: 月度,35.45,a10001843,
THS-ZN-6.4,ZN,6,海外对华锌发运量分国别（万吨）,zn_311_output_3|zn_311_output_4|zn_313_output|zn_313_output_2|zn_323_output_recycle,锌精矿：产量：中国（月）,39.0,ID01001563,
THS-ZN-6.4,ZN,7,海外对华锌发运量总量（万吨）,zn_61_conc_import|zn_53_alloy_export|zn_53_export|zn_63_zno_trade|zn_62_import_4,中国海关: 锌精矿进口量: 月度,35.45,a10001843,
THS-ZN-6.4,ZN,8,海外对华锌保税区库存（万吨）,zn_44_inv_plant|zn_41_inv|zn_41_inv_2|zn_42_inv_implicit|zn_43_inv,锌锭：库存：上海保税区（周）,49.53,ID01030219,
THS-ZN-6.4,ZN,9,海外对华锌保税区仓单（手）,zn_44_inv_plant|zn_41_lme_warrant|zn_53_lme_cancel|zn_64_lme_reg|zn_21_warrant,锌锭：库存：上海保税区（周）,49.53,ID01030219,
THS-ZN-6.4,ZN,10,近3年同月发运量均值（万吨）,li_63_conc_shipment|wr70|wr172|wr21|wr72,锂精矿发运量(班伯里港),37.5,ID02038526,
THS-ZN-6.4,ZN,11,近3年同月发运量标准差（万吨）,wr172|li_63_conc_shipment|wr70|wr21|wr72,沪锡近半年月差变化,40.0,a12841510,
THS-ZN-6.4,ZN,12,海外对华锌发运盈亏（元/吨）,zn_21_import|zn_314_import|zn_323_import_recycle_3|zn_23_lunlun_2|zn_23_lunlun,锌锭：进口盈亏：含税（日）,41.05,ID01030236,
THS-ZN-7.1,ZN,0,国内锌冶炼成本（元/吨）,zn_71_cost|zn_71_cost_2|zn_22_plant_inv|zn_21_volume|zn_25_cost_conc,锌锭：进口：理论成本（日）,45.88,ID01030235,
THS-ZN-7.1,ZN,1,国内锌冶炼成本分位（%）,zn_71_cost|zn_71_cost_2|zn_22_plant_inv|zn_21_volume|zn_25_cost_conc,锌锭：进口：理论成本（日）,41.05,ID01030235,
THS-ZN-7.1,ZN,2,国内锌精炼产量（万吨）,zn_311_output_3|zn_311_output_4|zn_313_output|zn_313_output_2|zn_314_output_2,锌精矿：产量：中国（月）,65.0,ID01001563,
THS-ZN-7.1,ZN,3,国内锌冶炼加工费（元/吨）,zn_25_tc_conc|zn_311_tc_imp|zn_25_profit_percentile|zn_25_aux|zn_312_aux,锌精矿：50%Zn：加工费：白银（日）,45.21,ID01510737,
THS-ZN-7.1,ZN,4,国内锌电解成本（元/吨）,zn_71_cost|zn_71_cost_2|zn_21_volume|zn_25_cost_conc|zn_25_profit,锌锭：进口：理论成本（日）,45.88,ID01030235,
THS-ZN-7.1,ZN,5,国内锌现金成本（元/吨）,zn_71_cost|zn_71_cost_2|zn_53_alloy_export|zn_21_volume|zn_25_cost_conc,锌锭：进口：理论成本（日）,45.88,ID01030235,
THS-ZN-7.1,ZN,6,国内锌冶炼利润（元/吨）,zn_25_profit|zn_25_profit_2|zn_25_profit_3|zn_25_profit_percentile|zn_25_cash_profit,云南罗平锌电：营业利润（季）,43.33,LC00139956,
THS-ZN-7.1,ZN,7,国内锌电价（元/度）,zn_25_profit|zn_25_profit_2|zn_25_profit_3|zn_23_lme_cash|zn_23_lme_3m,云南罗平锌电：营业利润（季）,32.5,LC00139956,
THS-ZN-7.1,ZN,8,国内锌原料成本（元/吨）,zn_71_cost|zn_71_cost_2|zn_61_inv_conc|zn_51_gi_raw_inv|zn_312_raw_days,锌锭：进口：理论成本（日）,45.88,ID01030235,
THS-ZN-7.1,ZN,9,近3年同季成本均值（元/吨）,wr232|sn_71_cost|sn_71_cost_percentile|sn_71_cost_2|sn_71_cost_3,工业硅成本,28.57,ID01523500,
THS-ZN-7.1,ZN,10,近3年同季成本标准差（元/吨）,wr172|wr232|sn_71_cost|sn_71_cost_percentile|sn_71_cost_2,沪锡近半年月差变化,31.58,a12841510,
THS-ZN-7.2,ZN,0,国内锌冶炼日度利润（元/吨）,zn_22_plant_inv|zn_25_profit|zn_25_profit_2|zn_25_profit_3|zn_21_lme_inv,SMM: 精炼锌冶炼厂成品库存: 月度,40.0,a10001841,
THS-ZN-7.2,ZN,1,国内锌精炼日度产量（吨）,zn_311_output_3|zn_311_output_4|zn_313_output|zn_313_output_2|zn_314_output_2,锌精矿：产量：中国（月）,57.77,ID01001563,
THS-ZN-7.2,ZN,2,国内锌电解日度利润（元/吨）,zn_25_profit|zn_25_profit_2|zn_25_profit_3|zn_21_lme_inv|zn_26_lme_oi,云南罗平锌电：营业利润（季）,52.0,LC00139956,
THS-ZN-7.2,ZN,3,国内锌冶炼日度加工费（元/吨）,zn_25_tc_conc|zn_311_tc_imp|zn_22_plant_inv|zn_21_lme_inv|zn_26_lme_oi,锌精矿：50%Zn：加工费：白银（日）,41.6,ID01510737,
THS-ZN-7.2,ZN,4,国内锌冶炼日度原料成本（元/吨）,zn_71_cost|zn_71_cost_2|zn_22_plant_inv|zn_61_inv_conc|zn_21_lme_inv,锌锭：进口：理论成本（日）,37.14,ID01030235,
THS-ZN-7.2,ZN,5,国内锌冶炼日度电价（元/度）,zn_22_plant_inv|zn_21_lme_inv|zn_26_lme_oi|zn_23_lme_cash|zn_23_lme_3m,SMM: 精炼锌冶炼厂成品库存: 月度,40.0,a10001841,
THS-ZN-7.2,ZN,6,国内锌冶炼日度现金成本（元/吨）,zn_71_cost|zn_71_cost_2|zn_22_plant_inv|zn_21_lme_inv|zn_26_lme_oi,锌锭：进口：理论成本（日）,37.14,ID01030235,
THS-ZN-7.2,ZN,7,国内锌冶炼日度分位成本（%）,zn_71_cost|zn_71_cost_2|zn_22_plant_inv|zn_25_cost_conc|zn_21_lme_inv,锌锭：进口：理论成本（日）,37.14,ID01030235,
THS-ZN-7.2,ZN,8,近3年同日产量均值（吨）,精炼产量|al_00_output_2|li_32_lepid_output|wr214|li_32_output,精炼产量,30.77,ID01510883,
THS-ZN-7.2,ZN,9,近3年同日产量标准差（吨）,wr172|精炼产量|al_00_output_2|li_32_lepid_output|wr214,沪锡近半年月差变化,31.58,a12841510,
THS-ZN-7.3,ZN,0,国内锌冶炼月电价（元/度）,zn_22_plant_inv|zn_23_lme_close|zn_61_conc_import|zn_53_alloy_export|zn_53_export,SMM: 精炼锌冶炼厂成品库存: 月度,41.6,a10001841,
THS-ZN-7.3,ZN,1,国内锌电解月成本（元/吨）,zn_71_cost|zn_71_cost_2|zn_61_conc_import|zn_53_alloy_export|zn_53_export,锌锭：进口：理论成本（日）,43.33,ID01030235,
THS-ZN-7.3,ZN,2,国内锌冶炼月煤炭成本（元/吨）,zn_71_cost|zn_71_cost_2|zn_22_plant_inv|zn_61_conc_import|zn_53_alloy_export,锌锭：进口：理论成本（日）,39.0,ID01030235,
THS-ZN-7.3,ZN,3,国内锌冶炼月成本（元/吨）,zn_71_cost|zn_71_cost_2|zn_22_plant_inv|zn_61_conc_import|zn_53_alloy_export,锌锭：进口：理论成本（日）,43.33,ID01030235,
THS-ZN-7.3,ZN,4,国内锌冶炼月柴油成本（元/吨）,zn_71_cost|zn_71_cost_2|zn_22_plant_inv|zn_61_conc_import|zn_53_alloy_export,锌锭：进口：理论成本（日）,39.0,ID01030235,
THS-ZN-7.3,ZN,5,国内锌冶炼月天然气成本（元/吨）,zn_71_cost|zn_71_cost_2|zn_22_plant_inv|zn_61_conc_import|zn_53_alloy_export,锌锭：进口：理论成本（日）,37.14,ID01030235,
THS-ZN-7.3,ZN,6,国内锌精矿月成本（元/吨）,zn_61_conc_import|zn_25_cost_conc|zn_311_output_3|zn_311_output_4|zn_313_output,中国海关: 锌精矿进口量: 月度,59.09,a10001843,
THS-ZN-7.3,ZN,8,国内锌冶炼月硫酸成本（元/吨）,zn_71_cost|zn_71_cost_2|zn_22_plant_inv|zn_61_conc_import|zn_53_alloy_export,锌锭：进口：理论成本（日）,39.0,ID01030235,
THS-ZN-7.3,ZN,9,国内锌冶炼月能源成本分结构（元/吨）,zn_22_plant_inv|zn_71_cost|zn_71_cost_2|zn_61_conc_import|zn_53_alloy_export,SMM: 精炼锌冶炼厂成品库存: 月度,34.67,a10001841,
THS-ZN-7.3,ZN,10,国内锌冶炼月能源成本（元/吨）,zn_71_cost|zn_71_cost_2|zn_22_plant_inv|zn_61_conc_import|zn_53_alloy_export,锌锭：进口：理论成本（日）,39.0,ID01030235,
THS-ZN-7.3,ZN,11,近3年同月能源成本均值（元/吨）,wr172|wr21|wr232|al_23_lme_volume|ni_21_volume_top20,沪锡近半年月差变化,30.0,a12841510,
THS-ZN-7.3,ZN,12,近3年同月能源成本标准差（元/吨）,wr172|wr21|wr232|al_23_lme_volume|ni_21_volume_top20,沪锡近半年月差变化,38.1,a12841510,
