ths_chart_id,variety,series_index,original_ths_name,candidate_indicator_ids,candidate_scores,candidate_names,best_match_name,best_match_score,best_match_zhiji_id,match_category,zhiji_id_null
THS-AL-3.1,AL,0,沪铝主力收盘价,al_00_close_front|al_53_close_front|al_25_close_quantile|al_00_lme_close|al_00_settle_front,74.28|74.28|55.72|49.53|49.53,SHFE：铝：主力合约：收盘价（日）|SHFE：铝：主力合约：收盘价（日）|SHFE：铝：主力合约：收盘价（日）· 历史估值分位|LME：铝：3个月合约：收盘价（日）|SHFE：铝：主力合约：结算价（日）,SHFE：铝：主力合约：收盘价（日）,74.28,FU00014632,高置信,Y
THS-AL-3.1,AL,1,A00铝现货均价,wr42|wr43|si_22_price_industrial_si|al_22_spot|al_25_warrant_premium_avg_price,55.72|54.74|52.0|48.75|48.75,氧化铝(河南)平均价|氧化铝现货vs长协价格|SMM: 硅产业链价格: SMM A00电解铝现货价格: 月度|电解铝：A00：Al≥99.7%：现货价：上海华通（日）|铝：仓单溢价均价（日）,氧化铝(河南)平均价,55.72,a12767887,模糊待人工确认,Y
THS-AL-3.1,AL,2,电解铝行业加权平均完全成本,al_71_cost_aluminum|al_7_3_cost|al_7_3_cost_2|al_7_3_cost_3|al_7_3_cost_4,70.01|70.01|70.01|70.01|70.01,电解铝：生产完全成本：中国（月）|电解铝：生产完全成本：重庆（月）|电解铝：生产完全成本：福建（月）|电解铝：生产完全成本：甘肃（月）|电解铝：生产完全成本：广西（月）,电解铝：生产完全成本：中国（月）,70.01,ID01001761,高置信,Y
THS-AL-3.1,AL,3,行业理论盈利,wr259|si_25_profit_smelt|si_25_profit_smelt_2|zn_71_cost|zn_71_cost_2,50.0|30.77|30.77|25.0|25.0,镍铁理论利润（RKEF 山东）|工业硅冶炼利润|工业硅冶炼利润|锌锭：进口：理论成本（日）|锌锭：进口：理论成本（日）,镍铁理论利润（RKEF 山东）,50.0,a10020849,模糊待人工确认,Y
THS-AL-3.1,AL,4,盈利运行产能占比,wr29|ni_311_capacity|al_2_capacity_aluminum|li_31_capacity|wr213,53.33|42.11|42.11|33.33|30.77,氧化铝运行产能|精炼镍：运行产能：印尼（月）|电解铝：运行产能：中国（月）|海外产能|多晶硅产能,氧化铝运行产能,53.33,a12839459,模糊待人工确认,Y
THS-AL-3.1,AL,5,亏损产量占比,精炼产量|li_32_lepid_output|wr214|li_32_output|li_35_output,40.0|36.36|36.36|33.33|33.33,精炼产量|锂云母产量|多晶硅产量|盐湖提锂产量|氢氧化锂产量,精炼产量,40.0,a10124317,模糊待人工确认,Y
THS-AL-3.1,AL,6,最低完全成本,li_71_total_cost|wr58|ni_73_cost|ni_324_cost|al_71_cost_aluminum,61.54|61.54|46.15|46.15|42.11,分路线完全成本|氧化铝(河南)完全成本|低镍生铁：成本（日）|低镍生铁：成本（日）|电解铝：生产完全成本：中国（月）,分路线完全成本,61.54,ID01835358,模糊待人工确认,Y
THS-AL-3.1,AL,7,最高完全成本,li_71_total_cost|wr58|al_71_cost_aluminum|al_7_3_cost|al_7_3_cost_2,61.54|61.54|42.11|42.11|42.11,分路线完全成本|氧化铝(河南)完全成本|电解铝：生产完全成本：中国（月）|电解铝：生产完全成本：重庆（月）|电解铝：生产完全成本：福建（月）,分路线完全成本,61.54,ID01835358,模糊待人工确认,Y
THS-AL-3.1,AL,8,中位成本,wr232|sn_71_cost|sn_71_cost_percentile|sn_71_cost_2|sn_71_cost_3,44.44|40.0|40.0|40.0|40.0,工业硅成本|精炼锡：成本（日）|精炼锡：成本（日）|精炼锡：成本（日）|精炼锡：成本（日）,工业硅成本,44.44,ID01523500,模糊待人工确认,Y
THS-AL-3.1,AL,9,铝价指数,wr3|wr4|wr42|al_25_warrant_premium_avg_price|wr83,52.0|52.0|52.0|43.33|40.0,铝棒价格-广东|铝棒价格-河南|氧化铝(河南)平均价|铝：仓单溢价均价（日）|铝土矿库存天数-全国,铝棒价格-广东,52.0,j00182087,模糊待人工确认,Y
THS-AL-3.1,AL,10,完全成本指数,li_71_total_cost|wr58|al_71_cost_aluminum|al_7_3_cost|al_7_3_cost_2,61.54|61.54|42.11|42.11|42.11,分路线完全成本|氧化铝(河南)完全成本|电解铝：生产完全成本：中国（月）|电解铝：生产完全成本：重庆（月）|电解铝：生产完全成本：福建（月）,分路线完全成本,61.54,ID01835358,模糊待人工确认,Y
THS-AL-3.2,AL,0,氧化铝现货均价/指数,wr42|wr43|al_73_alumina_price_gx|wr59|wr45,86.67|78.0|65.0|65.0|55.72,氧化铝(河南)平均价|氧化铝现货vs长协价格|氧化铝：长单均价：广西（月）|氧化铝(河南)现金成本|氧化铝利润,氧化铝(河南)平均价,86.67,a12767887,高置信,Y
THS-AL-3.2,AL,1,单吨氧化铝成本,wr58|wr59|wr28|al_324_cost|wr45,92.86|92.86|74.28|72.23|65.0,氧化铝(河南)完全成本|氧化铝(河南)现金成本|氧化铝建成产能|氧化铝：现金成本：中国（月）|氧化铝利润,氧化铝(河南)完全成本,92.86,a12767886,高置信,Y
THS-AL-3.2,AL,2,综合使用电价,si_71_power|si_71_power_2|si_71_power_3|si_71_power_4|li_24_close_near_2,36.36|36.36|36.36|36.36|33.33,工业硅电价|工业硅电价|工业硅电价|工业硅电价|近月合约收盘价,工业硅电价,36.36,ID01857527,无候选/低置信,Y
THS-AL-3.2,AL,3,吨铝电力成本,wr58|wr59|al_324_cost|al_71_cost|al_71_cost_aluminum,59.99|59.99|45.88|41.05|41.05,氧化铝(河南)完全成本|氧化铝(河南)现金成本|氧化铝：现金成本：中国（月）|电解铝：生产现金成本：中国（月）|电解铝：生产完全成本：中国（月）,氧化铝(河南)完全成本,59.99,a12767886,模糊待人工确认,Y
THS-AL-3.2,AL,4,预焙阳极均价,al_73_anode_price_gx|li_33_import_avg_price|wr35|wr36|wr37,47.62|33.33|33.33|33.33|33.33,预焙阳极：TY-1：市场价：广西（日）|锂矿进口均价|三网均价-山东|三网均价-广西|三网均价-河南,预焙阳极：TY-1：市场价：广西（日）,47.62,ID00260226,模糊待人工确认,Y
THS-AL-3.2,AL,5,单吨阳极成本,wr232|sn_71_cost|sn_71_cost_percentile|sn_71_cost_2|sn_71_cost_3,36.36|33.33|33.33|33.33|33.33,工业硅成本|精炼锡：成本（日）|精炼锡：成本（日）|精炼锡：成本（日）|精炼锡：成本（日）,工业硅成本,36.36,ID01523500,无候选/低置信,Y
THS-AL-3.2,AL,6,氟化铝现货价,wr43|wr42|wr59|al_52_output|wr45,76.47|65.0|59.99|52.0|47.27,氧化铝现货vs长协价格|氧化铝(河南)平均价|氧化铝(河南)现金成本|氟化铝：产量：中国（季）|氧化铝利润,氧化铝现货vs长协价格,76.47,a12804835,高置信,Y
THS-AL-3.2,AL,7,冰晶石现货价,li_73_spot|li_73_spot_fwd|li_73_spot_fwd_2|li_73_spot_fwd_3|j23_lme_cash,54.55|54.55|54.55|54.55|40.0,远期现货价|远期现货价|远期现货价|远期现货价|LME 铅现货结算价,远期现货价,54.55,ID02194399,模糊待人工确认,Y
THS-AL-3.2,AL,8,估算辅料成本,wr232|sn_71_cost|sn_71_cost_percentile|sn_71_cost_2|sn_71_cost_3,36.36|33.33|33.33|33.33|33.33,工业硅成本|精炼锡：成本（日）|精炼锡：成本（日）|精炼锡：成本（日）|精炼锡：成本（日）,工业硅成本,36.36,ID01523500,无候选/低置信,Y
THS-AL-3.2,AL,9,氧化铝、电力、阳极、其他成本占比,wr58|wr59|al_324_cost|wr28|wr45,56.52|56.52|48.15|45.21|37.14,氧化铝(河南)完全成本|氧化铝(河南)现金成本|氧化铝：现金成本：中国（月）|氧化铝建成产能|氧化铝利润,氧化铝(河南)完全成本,56.52,a12767886,模糊待人工确认,Y
THS-AL-3.2,AL,10,自备电价、网电价差、区域吨铝成本差,al_71_cost|al_71_cost_aluminum|al_7_3_cost|al_7_3_cost_2|al_7_3_cost_3,34.67|34.67|34.67|34.67|34.67,电解铝：生产现金成本：中国（月）|电解铝：生产完全成本：中国（月）|电解铝：生产完全成本：重庆（月）|电解铝：生产完全成本：福建（月）|电解铝：生产完全成本：甘肃（月）,电解铝：生产现金成本：中国（月）,34.67,ID01001779,无候选/低置信,Y
THS-AL-3.3,AL,0,动力煤价格指数,li_26_price_spot|si_315_price_silica|si_315_price_silica_2|si_315_price_silica_3|si_315_price_silica_4,50.0|36.36|36.36|36.36|36.36,碳酸锂现货价格指数|硅石价格|硅石价格|硅石价格|硅石价格,碳酸锂现货价格指数,50.0,ID01720084,模糊待人工确认,Y
THS-AL-3.3,AL,1,自备电厂成本/自备电价,si_72_cost|si_72_cost_power|si_72_cost_power_2|al_7_3_cost_5|si_71_power,37.5|37.5|37.5|34.48|26.67,电力成本分项|电力成本分项|电力成本分项|SMM: 电解铝成本利润模型: 电价: 日度|工业硅电价,电力成本分项,37.5,ID02313973,无候选/低置信,Y
THS-AL-3.3,AL,2,石油焦价格,si_315_price_silica|si_315_price_silica_2|si_315_price_silica_3|si_315_price_silica_4|li_71_conc_price,66.67|66.67|66.67|66.67|50.0,硅石价格|硅石价格|硅石价格|硅石价格|锂辉石精矿价格,硅石价格,66.67,ID01857528,模糊待人工确认,Y
THS-AL-3.3,AL,3,煤沥青价格,si_315_price_silica|si_315_price_silica_2|si_315_price_silica_3|si_315_price_silica_4|wr255,44.44|44.44|44.44|44.44|44.44,硅石价格|硅石价格|硅石价格|硅石价格|铬矿价格（块矿，36-38%Cr，南非产）,硅石价格,44.44,ID01857528,模糊待人工确认,Y
THS-AL-3.3,AL,4,预焙阳极价格,al_73_anode_price_gx|si_315_price_silica|si_315_price_silica_2|si_315_price_silica_3|si_315_price_silica_4,47.62|40.0|40.0|40.0|40.0,预焙阳极：TY-1：市场价：广西（日）|硅石价格|硅石价格|硅石价格|硅石价格,预焙阳极：TY-1：市场价：广西（日）,47.62,ID00260226,模糊待人工确认,Y
THS-AL-3.3,AL,5,几内亚铝土矿CIF/FOB,wr66|wr68|wr65|wr67|wr69,70.91|70.91|67.82|67.82|65.0,进口铝土矿-澳洲CIF|铝土矿海外-澳洲CIF|进口铝土矿-几内亚CIF|铝土矿海外-几内亚CIF|铝土矿海外-马来西亚CIF,进口铝土矿-澳洲CIF,70.91,s20170684,高置信,Y
THS-AL-3.3,AL,6,国产铝土矿价格,wr61|wr62|wr87|wr3|wr4,81.25|81.25|65.0|59.99|59.99,国产铝土矿-华南-低品(广西)|国产铝土矿-华南-低品(贵州)|铝土矿进口-总量|铝棒价格-广东|铝棒价格-河南,国产铝土矿-华南-低品(广西),81.25,a12862360,高置信,Y
THS-AL-3.3,AL,7,氧化铝价格,wr42|wr43|wr45|wr90|wr91,94.55|81.25|78.0|78.0|78.0,氧化铝(河南)平均价|氧化铝现货vs长协价格|氧化铝利润|氧化铝出口|氧化铝进口,氧化铝(河南)平均价,94.55,a12767887,高置信,Y
THS-AL-3.3,AL,8,国内主流消费地电解铝库存,al_43_inv_plant|al_4_inv_aluminum|al_4_inv_aluminum_2|wr8|al_25_profit,65.0|56.52|56.52|52.0|43.33,SMM: 国内电解铝厂内库存: 周度|电解铝：现货库存：天津（日）|电解铝：厂内库存：中国（日）|电解铝出库量-中国|电解铝：利润（月）,SMM: 国内电解铝厂内库存: 周度,65.0,a12820686,模糊待人工确认,Y
THS-AL-3.3,AL,9,沪铝主力收盘价,al_00_close_front|al_53_close_front|al_25_close_quantile|al_00_lme_close|al_00_settle_front,74.28|74.28|55.72|49.53|49.53,SHFE：铝：主力合约：收盘价（日）|SHFE：铝：主力合约：收盘价（日）|SHFE：铝：主力合约：收盘价（日）· 历史估值分位|LME：铝：3个月合约：收盘价（日）|SHFE：铝：主力合约：结算价（日）,SHFE：铝：主力合约：收盘价（日）,74.28,FU00014632,高置信,Y
THS-AL-3.3,AL,10,A00现货价,li_73_spot|li_73_spot_fwd|li_73_spot_fwd_2|li_73_spot_fwd_3|wr1,54.55|54.55|54.55|54.55|42.86,远期现货价|远期现货价|远期现货价|远期现货价|A00升贴水-上海,远期现货价,54.55,ID02194399,模糊待人工确认,Y
THS-AL-3.3,AL,11,基差,si_22_basis|wr252|al_00_basis|zn_21_basis|ni_22_basis,40.0|40.0|22.22|22.22|22.22,工业硅基差|不锈钢基差|SHFE：铝：基差（日）|SHFE：锌：基差（日）|SHFE：镍：基差（日）,工业硅基差,40.0,a12841761,模糊待人工确认,Y
THS-AL-4.1,AL,0,上期所沪铝期货仓单,al_25_warrant_premium_avg_price|al_41_lme_warrant|al_41_warrant|al_41_warrant_ratio|al_3_lme_warrant,52.0|45.88|45.88|45.88|45.88,铝：仓单溢价均价（日）|LME：铝：注销仓单（日）|LME：铝：注销仓单（日）|LME：铝：注销仓单（日）|LME：铝：注册仓单（日）,铝：仓单溢价均价（日）,52.0,ID01172779,模糊待人工确认,Y
THS-AL-4.1,AL,1,LME铝总库存,wr18|al_2_lme_inv|al_3_lme_inv_warrant|al_00_comex_inv|al_41_lme_warrant,100|70.91|70.91|68.42|61.18,LME俄铝外库存|LME：原铝：原产国库存：巴林（月）|LME：原铝：非仓单库存：全球（日）|COMEX：铝：期货库存（日）|LME：铝：注销仓单（日）,LME俄铝外库存,100,a10016133,高置信,Y
THS-AL-4.1,AL,2,沪铝主力价格,wr3|wr4|al_00_close_front|al_53_close_front|al_00_settle_front,65.0|65.0|52.0|52.0|52.0,铝棒价格-广东|铝棒价格-河南|SHFE：铝：主力合约：收盘价（日）|SHFE：铝：主力合约：收盘价（日）|SHFE：铝：主力合约：结算价（日）,铝棒价格-广东,65.0,j00182087,模糊待人工确认,Y
THS-AL-4.2,AL,0,中国主要地区/市场电解铝社会库存,al_323_inv_scrap|al_43_inv_plant|al_4_inv_aluminum|al_4_inv_aluminum_2|al_2_inv,52.0|50.32|50.0|50.0|48.15,废铝：社会库存：中国（月）|SMM: 国内电解铝厂内库存: 周度|电解铝：现货库存：天津（日）|电解铝：厂内库存：中国（日）|铝合金锭：社会库存：中国（周）,废铝：社会库存：中国（月）,52.0,ID01001944,模糊待人工确认,Y
THS-AL-4.2,AL,1,SMM周度铝锭库存 / 国内主流消费地电解铝锭库存,al_43_inv_plant|al_2_inv_alumina_aluminum|wr55|al_51_util|al_51_util_week,68.42|47.89|45.88|44.58|44.58,SMM: 国内电解铝厂内库存: 周度|氧化铝：厂内库存：中国：电解铝厂（周）|氧化铝库存-阿拉丁-电解铝厂|SMM: 电解铝开工率: 月度|SMM: 电解铝开工率: 周度,SMM: 国内电解铝厂内库存: 周度,68.42,a12820686,模糊待人工确认,Y
THS-AL-4.2,AL,2,无锡、佛山、巩义、上海、重庆、天津等区域库存,wr177|wr179|sn_23_shfe_inv|sn_43_inv_plant|sn_23_lme_inv,26.9|26.0|24.38|22.95|22.28,中国锡锭社会库存|锡全球显性库存变化|SHFE：锡：期货库存（日）|镀锡板（带）：钢铁企业：厂内库存（月）|LME：锡：原产国库存：埃及（月）,中国锡锭社会库存,26.9,a10020743,无候选/低置信,Y
THS-AL-4.2,AL,3,Mysteel/SMM社会库存,j323_native_output|al_62_lunlun|pb_23_lunlun|j323_regen_util|j323_regen_util_w,53.85|50.0|50.0|48.28|48.28,Mysteel 原生铅产量(中国)|Mysteel：铝：沪伦比值（日）|Mysteel：铅：沪伦比值（日）|Mysteel 再生铅产能利用率(中国)|Mysteel 再生铅产能利用率(30家样本),Mysteel 原生铅产量(中国),53.85,ID01001562,模糊待人工确认,Y
THS-AL-4.2,AL,4,沪铝主力价格,wr3|wr4|al_00_close_front|al_53_close_front|al_00_settle_front,65.0|65.0|52.0|52.0|52.0,铝棒价格-广东|铝棒价格-河南|SHFE：铝：主力合约：收盘价（日）|SHFE：铝：主力合约：收盘价（日）|SHFE：铝：主力合约：结算价（日）,铝棒价格-广东,65.0,j00182087,模糊待人工确认,Y
THS-AL-4.2,AL,5,Mysteel社会库存,j323_native_output|al_62_lunlun|pb_23_lunlun|j323_regen_util|j323_regen_util_w,60.87|56.0|56.0|53.85|53.85,Mysteel 原生铅产量(中国)|Mysteel：铝：沪伦比值（日）|Mysteel：铅：沪伦比值（日）|Mysteel 再生铅产能利用率(中国)|Mysteel 再生铅产能利用率(30家样本),Mysteel 原生铅产量(中国),60.87,ID01001562,模糊待人工确认,Y
THS-AL-4.2,AL,6,上期所沪铝期货仓单,al_25_warrant_premium_avg_price|al_41_lme_warrant|al_41_warrant|al_41_warrant_ratio|al_3_lme_warrant,52.0|45.88|45.88|45.88|45.88,铝：仓单溢价均价（日）|LME：铝：注销仓单（日）|LME：铝：注销仓单（日）|LME：铝：注销仓单（日）|LME：铝：注册仓单（日）,铝：仓单溢价均价（日）,52.0,ID01172779,模糊待人工确认,Y
THS-AL-4.2,AL,7,电解铝社会库存,al_323_inv_scrap|al_4_inv_aluminum|al_4_inv_aluminum_2|wr8|al_2_inv,76.47|72.23|72.23|69.33|68.42,废铝：社会库存：中国（月）|电解铝：现货库存：天津（日）|电解铝：厂内库存：中国（日）|电解铝出库量-中国|铝合金锭：社会库存：中国（周）,废铝：社会库存：中国（月）,76.47,ID01001944,高置信,Y
THS-AL-4.2,AL,8,铝棒社会库存,al_323_inv_scrap|al_2_inv|wr9|wr53|wr18,81.25|72.23|59.99|59.99|55.72,废铝：社会库存：中国（月）|铝合金锭：社会库存：中国（周）|铝棒出库量-中国|氧化铝库存-钢联|LME俄铝外库存,废铝：社会库存：中国（月）,81.25,ID01001944,高置信,Y
THS-AL-4.3,AL,0,中国电解铝企业厂内铝锭库存,al_4_inv_aluminum_2|al_43_inv_plant|wr52|al_4_inv_aluminum|al_2_inv_alumina_aluminum,75.83|71.72|59.09|54.17|53.79,电解铝：厂内库存：中国（日）|SMM: 国内电解铝厂内库存: 周度|氧化铝厂内库存(除新疆)-钢联|电解铝：现货库存：天津（日）|氧化铝：厂内库存：中国：电解铝厂（周）,电解铝：厂内库存：中国（日）,75.83,ID01002072,高置信,Y
THS-AL-4.3,AL,1,中国主要地区电解铝社会库存,al_323_inv_scrap|al_4_inv_aluminum|al_4_inv_aluminum_2|al_43_inv_plant|al_2_inv,56.52|54.17|54.17|53.79|52.0,废铝：社会库存：中国（月）|电解铝：现货库存：天津（日）|电解铝：厂内库存：中国（日）|SMM: 国内电解铝厂内库存: 周度|铝合金锭：社会库存：中国（周）,废铝：社会库存：中国（月）,56.52,ID01001944,模糊待人工确认,Y
THS-AL-4.3,AL,2,电解铝企业厂内铝锭库存,al_4_inv_aluminum_2|al_43_inv_plant|wr52|al_4_inv_aluminum|wr8,82.73|67.41|65.0|59.09|54.74,电解铝：厂内库存：中国（日）|SMM: 国内电解铝厂内库存: 周度|氧化铝厂内库存(除新疆)-钢联|电解铝：现货库存：天津（日）|电解铝出库量-中国,电解铝：厂内库存：中国（日）,82.73,ID01002072,高置信,Y
THS-AL-4.3,AL,3,电解铝社会库存、电解铝厂内库存、电解铝出库量,al_4_inv_aluminum_2|wr55|wr8|al_43_inv_plant|al_2_inv_alumina_aluminum,55.15|53.53|52.0|47.89|47.89,电解铝：厂内库存：中国（日）|氧化铝库存-阿拉丁-电解铝厂|电解铝出库量-中国|SMM: 国内电解铝厂内库存: 周度|氧化铝：厂内库存：中国：电解铝厂（周）,电解铝：厂内库存：中国（日）,55.15,ID01002072,模糊待人工确认,Y
THS-AL-4.3,AL,4,国内铝棒社会库存 / 主要市场铝棒库存,al_323_inv_scrap|al_2_inv|al_43_inv_plant|wr55|wr56,50.0|46.42|40.62|37.14|37.14,废铝：社会库存：中国（月）|铝合金锭：社会库存：中国（周）|SMM: 国内电解铝厂内库存: 周度|氧化铝库存-阿拉丁-电解铝厂|氧化铝库存-阿拉丁-氧化铝厂,废铝：社会库存：中国（月）,50.0,ID01001944,模糊待人工确认,Y
THS-AL-4.3,AL,5,SMM国内铝水比例,al_43_inv_plant|wr31|wr30|wr32|al_321_molten_ratio,62.4|61.91|56.52|56.52|52.0,SMM: 国内电解铝厂内库存: 周度|SMM中国氧化铝月度产量-总量|SMM中国氧化铝月度产量-山东|SMM中国氧化铝月度产量-河南|电解铝：铝水比例：中国（月）,SMM: 国内电解铝厂内库存: 周度,62.4,a12820686,模糊待人工确认,Y
THS-AL-4.3,AL,6,铝锭社会库存,al_2_inv|al_323_inv_scrap|wr53|wr18|al_41_inv,86.67|81.25|59.99|55.72|52.0,铝合金锭：社会库存：中国（周）|废铝：社会库存：中国（月）|氧化铝库存-钢联|LME俄铝外库存|氧化铝：库存：中国（周）,铝合金锭：社会库存：中国（周）,86.67,ID01522758,高置信,Y
THS-AL-4.3,AL,7,铝棒社会库存,al_323_inv_scrap|al_2_inv|wr9|wr53|wr18,81.25|72.23|59.99|59.99|55.72,废铝：社会库存：中国（月）|铝合金锭：社会库存：中国（周）|铝棒出库量-中国|氧化铝库存-钢联|LME俄铝外库存,废铝：社会库存：中国（月）,81.25,ID01001944,高置信,Y
THS-AL-4.3,AL,8,铝棒加工费,wr12|wr13|al_315_tc_tc|al_315_tc_tc_percentile|sn_313_tc_tc,65.0|65.0|54.17|54.17|54.17,1A60铝杆加工费-内蒙|1A60铝杆加工费-山东|铝棒：6063：Φ120：加工费：佛山（日）|铝棒：6063：Φ120：加工费：佛山（日）|铝棒：6063：Φ120：加工费：无锡（日）,1A60铝杆加工费-内蒙,65.0,s20016761,模糊待人工确认,Y
THS-AL-6.1,AL,0,中国废铝进口量,wr27|al_3_import_alumina_2|al_6_1_import_8|wr87|wr91,80.0|74.28|74.28|65.0|65.0,铝合金进口量|中国海关: 氧化铝进口量: 月度|中国海关: 铝土矿进口量: 月度|铝土矿进口-总量|氧化铝进口,铝合金进口量,80.0,ID01114281,高置信,Y
THS-AL-6.1,AL,1,废铝进口来源国数量/占比,al_323_import_scrap|wr27|al_3_import_alumina|al_314_alumina_net_imp|wr46,67.82|61.18|56.52|56.52|52.0,废铝：进口数量终值：中国（月）|铝合金进口量|氧化铝：净进口数量：中国（月）|氧化铝：净进口数量：中国（月）|氧化铝进口盈亏-中国,废铝：进口数量终值：中国（月）,67.82,CM0000173848,模糊待人工确认,Y
THS-AL-6.1,AL,2,中国铝土矿月度进口量,al_6_1_import_8|wr87|wr86|wr31|wr88,86.67|86.67|72.23|70.91|68.42,中国海关: 铝土矿进口量: 月度|铝土矿进口-总量|铝土矿进口-几内亚|SMM中国氧化铝月度产量-总量|铝土矿进口-澳大利亚,中国海关: 铝土矿进口量: 月度,86.67,a10016324,高置信,Y
THS-AL-6.1,AL,3,中国氧化铝进口/出口/净进口,wr90|wr89|al_3_import_alumina_2|al_3_import_alumina|al_314_alumina_net_imp,76.47|72.23|70.01|65.0|65.0,氧化铝出口|氧化铝净出口|中国海关: 氧化铝进口量: 月度|氧化铝：净进口数量：中国（月）|氧化铝：净进口数量：中国（月）,氧化铝出口,76.47,a10167792,高置信,Y
THS-AL-6.1,AL,4,周到港量、港口库存、氧化铝厂库存天数,wr52|wr48|wr53|wr56|al_41_inv,57.77|52.0|52.0|52.0|48.15,氧化铝厂内库存(除新疆)-钢联|期货库存-氧化铝|氧化铝库存-钢联|氧化铝库存-阿拉丁-氧化铝厂|氧化铝：库存：中国（周）,氧化铝厂内库存(除新疆)-钢联,57.77,ID01721655,模糊待人工确认,Y
THS-AL-6.2,AL,0,中国未锻轧铝及铝材月度出口量,al_00_export|al_3_import|al_53_export|wr31|wr7,83.88|75.48|65.0|59.99|57.77,未锻轧铝及铝材：出口数量终值：中国（月）|未锻轧铝及铝材：进口数量终值：中国（月）|中国海关: 铝材出口量: 环比: 月度|SMM中国氧化铝月度产量-总量|铝材出口-总量,未锻轧铝及铝材：出口数量终值：中国（月）,83.88,CM0000207372,高置信,Y
THS-AL-6.2,AL,1,中国未锻轧铝及铝材月度进口量,al_3_import|al_00_export|wr31|al_3_import_alumina_2|al_53_export,83.88|75.48|59.99|55.72|55.72,未锻轧铝及铝材：进口数量终值：中国（月）|未锻轧铝及铝材：出口数量终值：中国（月）|SMM中国氧化铝月度产量-总量|中国海关: 氧化铝进口量: 月度|中国海关: 铝材出口量: 环比: 月度,未锻轧铝及铝材：进口数量终值：中国（月）,83.88,CM0000207383,高置信,Y
THS-AL-6.2,AL,2,中国废铝月度进口量,wr31|wr27|al_3_import_alumina_2|al_6_1_import_8|wr30,74.28|69.33|67.82|67.82|67.82,SMM中国氧化铝月度产量-总量|铝合金进口量|中国海关: 氧化铝进口量: 月度|中国海关: 铝土矿进口量: 月度|SMM中国氧化铝月度产量-山东,SMM中国氧化铝月度产量-总量,74.28,a10096752,高置信,Y
THS-AL-6.2,AL,3,中国铝合金月度进口量/出口量,wr27|wr31|al_3_import_alumina_2|al_53_export|al_6_1_import_8,82.11|62.4|57.77|57.77|57.77,铝合金进口量|SMM中国氧化铝月度产量-总量|中国海关: 氧化铝进口量: 月度|中国海关: 铝材出口量: 环比: 月度|中国海关: 铝土矿进口量: 月度,铝合金进口量,82.11,ID01114281,高置信,Y
THS-AL-6.3,AL,0,中国铝材月度出口量,wr7|al_53_export|wr31|wr6|wr10,80.0|79.13|74.28|69.33|69.33,铝材出口-总量|中国海关: 铝材出口量: 环比: 月度|SMM中国氧化铝月度产量-总量|铝材出口-北美|铝材出口利润,铝材出口-总量,80.0,a10096868,高置信,Y
THS-AL-6.3,AL,1,铝板带/铝箔/铝挤压材出口量,wr11|wr7|al_3_output|wr6|wr10,68.42|65.0|59.09|57.77|57.77,铝板带出口利润|铝材出口-总量|铝挤压材：产量：中国（年）|铝材出口-北美|铝材出口利润,铝板带出口利润,68.42,a10015974,模糊待人工确认,Y
THS-AL-6.3,AL,2,中国铝制品月度出口量,wr31|al_53_export|wr30|wr32|al_63_export,70.91|65.0|65.0|65.0|61.91,SMM中国氧化铝月度产量-总量|中国海关: 铝材出口量: 环比: 月度|SMM中国氧化铝月度产量-山东|SMM中国氧化铝月度产量-河南|铝制品：出口金额：安徽（月）,SMM中国氧化铝月度产量-总量,70.91,a10096752,高置信,Y
THS-AL-6.3,AL,3,铝制结构件/容器/车轮/绞线出口量,wr7|al_63_export|wr90|wr6|wr10,43.33|41.6|41.05|39.0|39.0,铝材出口-总量|铝制品：出口金额：安徽（月）|氧化铝出口|铝材出口-北美|铝材出口利润,铝材出口-总量,43.33,a10096868,模糊待人工确认,Y
THS-AL-6.3,AL,4,出口金额、出口均价,sn_62_export_5|al_63_export|li_63_export_value|li_33_import_avg_price|ni_63_export_steel,44.44|40.0|40.0|40.0|40.0,锡：出口金额合计：关别（月）|铝制品：出口金额：安徽（月）|锂的碳酸盐出口金额合计中国（月）|锂矿进口均价|不锈钢：出口金额：辽宁（月）,锡：出口金额合计：关别（月）,44.44,CM0000629636,模糊待人工确认,Y
THS-CU-2.3,CU,0,沪铜主力/连续收盘价,cu_23_comex_close|cu_24_comex_close_far|cu_22_close_front|cu_24_shfe_close_near|cu_24_shfe_close_far,65.0|65.0|62.4|62.4|62.4,COMEX：铜：主力合约：收盘价（日）|COMEX：铜：主力合约：收盘价（日）|SHFE：电解铜：主力合约：收盘价（日）|SHFE：电解铜：主力合约：收盘价（日）|SHFE：电解铜：主力合约：收盘价（日）,COMEX：铜：主力合约：收盘价（日）,65.0,FU00015546,模糊待人工确认,Y
THS-CU-2.3,CU,1,LME Copper Cash/3M,wr249|j23_lme_3m|al_2_lme_settle|pb_23_aux_2|zn_23_lme_3m,50.0|40.0|36.36|36.36|35.71,LME C-3M升贴水|LME 铅官方3M卖价|LME：铝：CASH-3M合约：结算价差（日）|LME：铅：CASH-3M合约：结算价差（日）|LME: 锌 3M收盘价: 日度,LME C-3M升贴水,50.0,j02797787,模糊待人工确认,Y
THS-CU-2.3,CU,2,COMEX Copper活跃合约,cu_23_comex_close|cu_23_comex_volume|cu_23_comex_openinterest|cu_24_comex_close_far|al_00_comex_inv,41.38|41.38|41.38|41.38|38.46,COMEX：铜：主力合约：收盘价（日）|COMEX：铜：主力合约：成交量（日）|COMEX：铜：主力合约：持仓量（日）|COMEX：铜：主力合约：收盘价（日）|COMEX：铝：期货库存（日）,COMEX：铜：主力合约：收盘价（日）,41.38,FU00015546,模糊待人工确认,Y
THS-CU-2.3,CU,3,SHFE/LME比价,i2|wr21|wr167|j23_lme_cash|al_00_basis,50.0|50.0|47.06|44.44|44.44,SHFE铅仓单|SHFE铝近3月虚实比|LME官方三月价|LME 铅现货结算价|SHFE：铝：基差（日）,SHFE铅仓单,50.0,a10157130,模糊待人工确认,Y
THS-CU-2.3,CU,4,COMEX活跃价折算美元/吨相对LME 3M溢价,j23_lme_3m|zn_23_lme_3m|wr249|cu_23_comex_close|cu_24_comex_close_far,41.38|37.5|35.71|35.29|35.29,LME 铅官方3M卖价|LME: 锌 3M收盘价: 日度|LME C-3M升贴水|COMEX：铜：主力合约：收盘价（日）|COMEX：铜：主力合约：收盘价（日）,LME 铅官方3M卖价,41.38,a10193707,模糊待人工确认,Y
THS-CU-2.3,CU,5,SHFE铜仓单,cu_24_openinterest_volume|cu_41_shfe_bc_inv|cu_42_warrant_reg|cu_42_warrant_cancel|cu_22_close_front,72.23|72.23|61.18|61.18|56.52,SHFE：铜（BC）：年成交量（日）|SHFE：铜（BC）：期货库存（周）|LME：铜：注册仓单（日）|LME：铜：注销仓单（日）|SHFE：电解铜：主力合约：收盘价（日）,SHFE：铜（BC）：年成交量（日）,72.23,FU00107602,高置信,Y
THS-CU-2.3,CU,6,COME,LME库存|i1|wr260|j23_lme_sp3|wr19,44.44|40.0|40.0|36.36|36.36,LME库存|LME铅库存|LME镍库存|LME 铅(现货/三个月)升贴水|LME持仓情况,LME库存,44.44,FU00014813,模糊待人工确认,Y
THS-CU-2.3,CU,7,SMM 1#电解铜现货均价,cu_23_inv|cu_43_stock_gd|cu_43_stock_js|cu_25_profit|cu_324_profit,56.52|56.52|56.52|50.32|50.32,电解铜：现货库存：中国（日）|电解铜：现货库存：广东（日）|电解铜：现货库存：江苏（日）|SMM：中国铜冶炼厂现货冶炼利润：日度|SMM：中国铜冶炼厂现货冶炼利润：日度,电解铜：现货库存：中国（日）,56.52,ID01168763,模糊待人工确认,Y
THS-CU-2.3,CU,8,沪铜主力收盘价,cu_23_comex_close|cu_24_comex_close_far|cu_22_close_front|cu_24_shfe_close_near|cu_24_shfe_close_far,70.91|70.91|67.82|67.82|67.82,COMEX：铜：主力合约：收盘价（日）|COMEX：铜：主力合约：收盘价（日）|SHFE：电解铜：主力合约：收盘价（日）|SHFE：电解铜：主力合约：收盘价（日）|SHFE：电解铜：主力合约：收盘价（日）,COMEX：铜：主力合约：收盘价（日）,70.91,FU00015546,高置信,Y
THS-CU-2.3,CU,9,SMM 1#电解铜升贴水,cu_42_premium_1|cu_22_premium|cu_53_premium|cu_5_2_consumption|cu_5_2_consumption_2,65.0|62.4|57.77|48.75|47.27,电解铜：1#：升贴水：上海（日）|电解铜：平水铜：升贴水：上海（日）|电解铜：平水铜：现货升贴水：山东（日）|SMM: 电解铜供需平衡表: 终端消费量: 月度|SMM: 铜产业链平衡: 电解铜终端消费量: 季度,电解铜：1#：升贴水：上海（日）,65.0,ID01677008,模糊待人工确认,Y
THS-CU-2.3,CU,10,平水铜升贴水,cu_22_premium|cu_53_premium|cu_42_premium_1|cu_21_import|cu_5_3_balance,78.0|70.91|54.74|21.67|19.99,电解铜：平水铜：升贴水：上海（日）|电解铜：平水铜：现货升贴水：山东（日）|电解铜：1#：升贴水：上海（日）|铜：进口盈亏（日）|SMM: 铜产业链平衡: 铜精矿需求量: 季度,电解铜：平水铜：升贴水：上海（日）,78.0,ID00302614,高置信,Y
THS-CU-2.3,CU,11,升水铜升贴水,cu_22_premium|cu_53_premium|cu_42_premium_1|cu_21_import|cu_53_output_copper_rod,65.0|59.09|54.74|21.67|18.58,电解铜：平水铜：升贴水：上海（日）|电解铜：平水铜：现货升贴水：山东（日）|电解铜：1#：升贴水：上海（日）|铜：进口盈亏（日）|铜棒：产量：中国（月）,电解铜：平水铜：升贴水：上海（日）,65.0,ID00302614,模糊待人工确认,Y
THS-CU-2.3,CU,12,湿法铜升贴水,cu_42_premium_1|cu_22_premium|cu_53_premium|cu_21_import|cu_53_output_copper_rod,54.74|52.0|47.27|21.67|18.58,电解铜：1#：升贴水：上海（日）|电解铜：平水铜：升贴水：上海（日）|电解铜：平水铜：现货升贴水：山东（日）|铜：进口盈亏（日）|铜棒：产量：中国（月）,电解铜：1#：升贴水：上海（日）,54.74,ID01677008,模糊待人工确认,Y
THS-CU-2.3,CU,13,SMM EQ-A铜升贴水,cu_42_premium_1|cu_22_premium|cu_53_premium|cu_42_warrant_reg|cu_42_warrant_cancel,45.21|43.33|40.0|39.0|39.0,电解铜：1#：升贴水：上海（日）|电解铜：平水铜：升贴水：上海（日）|电解铜：平水铜：现货升贴水：山东（日）|LME：铜：注册仓单（日）|LME：铜：注销仓单（日）,电解铜：1#：升贴水：上海（日）,45.21,ID01677008,模糊待人工确认,Y
THS-CU-4.1,CU,0,LME铜库存、上期所铜库存、COMEX铜库存,cu_41_comex_inv|cu_41_lme_inv|cu_23_comex_close|cu_23_comex_volume|cu_23_comex_openinterest,65.0|52.0|44.58|44.58|44.58,COMEX：铜：期货库存（日）|LME：铜：期货库存（日）|COMEX：铜：主力合约：收盘价（日）|COMEX：铜：主力合约：成交量（日）|COMEX：铜：主力合约：持仓量（日）,COMEX：铜：期货库存（日）,65.0,ID00188286,模糊待人工确认,Y
THS-CU-4.1,CU,1,各LME仓库/地点铜库存,cu_41_lme_inv|cu_41_comex_inv|cu_42_warrant_reg|cu_42_warrant_cancel|cu_41_shfe_bc_inv,74.28|56.52|49.53|49.53|47.27,LME：铜：期货库存（日）|COMEX：铜：期货库存（日）|LME：铜：注册仓单（日）|LME：铜：注销仓单（日）|SHFE：铜（BC）：期货库存（周）,LME：铜：期货库存（日）,74.28,ID00188283,高置信,Y
THS-CU-4.2,CU,0,SHFE铜仓单、沪铜主力价格、现货升贴水,cu_22_close_front|cu_24_shfe_close_near|cu_24_shfe_close_far|cu_53_premium|cu_41_shfe_bc_inv,57.77|57.77|57.77|50.56|50.32,SHFE：电解铜：主力合约：收盘价（日）|SHFE：电解铜：主力合约：收盘价（日）|SHFE：电解铜：主力合约：收盘价（日）|电解铜：平水铜：现货升贴水：山东（日）|SHFE：铜（BC）：期货库存（周）,SHFE：电解铜：主力合约：收盘价（日）,57.77,FU00015764,模糊待人工确认,Y
THS-CU-4.2,CU,1,电解铜仓单、国际铜仓单,cu_23_inv|cu_22_premium|cu_51_apparent_cons|cu_51_actual_cons|cu_44_bonded,47.27|41.6|40.0|40.0|40.0,电解铜：现货库存：中国（日）|电解铜：平水铜：升贴水：上海（日）|电解铜：表观消费量累计值：中国（月）|电解铜：实际消费量累计值：中国（月）|电解铜：现货库存：中国：保税区（日）,电解铜：现货库存：中国（日）,47.27,ID01168763,模糊待人工确认,Y
THS-CU-4.2,CU,2,仓单注册量、仓单注销量、仓单总量,wr124|si_21_warrant_industrial_si|si_22_warrant_industrial_si|si_24_warrant_industrial_si|si_42_warrant_polysilicon,30.0|22.22|22.22|22.22|22.22,碳酸锂 仓单量|GFEX：工业硅：仓单数量（日）|GFEX：工业硅：仓单数量（日）|GFEX：工业硅：仓单数量（日）|GFEX：多晶硅：仓单数量（日）,碳酸锂 仓单量,30.0,FU00058091,无候选/低置信,Y
THS-CU-4.2,CU,3,上海、江苏、广东、浙江等仓单数量,si_21_warrant_industrial_si|si_22_warrant_industrial_si|si_24_warrant_industrial_si|si_42_warrant_polysilicon|si_42_warrant_ratio_industrial_si,28.57|28.57|28.57|28.57|28.57,GFEX：工业硅：仓单数量（日）|GFEX：工业硅：仓单数量（日）|GFEX：工业硅：仓单数量（日）|GFEX：多晶硅：仓单数量（日）|GFEX：工业硅：仓单数量（日）,GFEX：工业硅：仓单数量（日）,28.57,FU00050831,无候选/低置信,Y
THS-CU-4.3,CU,0,SMM中国主流地区电解铜社会库存,cu_43_social_stock|cu_23_inv|cu_43_stock_gd|cu_43_stock_js|cu_43_social_stock_ec,50.0|48.15|48.15|48.15|46.42,铜杆：社会库存：中国（日）|电解铜：现货库存：中国（日）|电解铜：现货库存：广东（日）|电解铜：现货库存：江苏（日）|铜杆：社会库存：华东地区（日）,铜杆：社会库存：中国（日）,50.0,ID02041075,模糊待人工确认,Y
THS-CU-4.3,CU,1,Mysteel国内市场电解铜现货库存,cu_23_inv|cu_43_stock_gd|cu_43_stock_js|cu_44_bonded|cu_41_lme_inv,62.76|62.76|62.76|55.15|46.42,电解铜：现货库存：中国（日）|电解铜：现货库存：广东（日）|电解铜：现货库存：江苏（日）|电解铜：现货库存：中国：保税区（日）|LME：铜：期货库存（日）,电解铜：现货库存：中国（日）,62.76,ID01168763,模糊待人工确认,Y
THS-CU-4.3,CU,2,上海库存、广东库存、江苏库存,cu_43_stock_gd|cu_43_stock_js|wr49|wr50|i32,32.0|32.0|26.09|26.09|25.0,电解铜：现货库存：广东（日）|电解铜：现货库存：江苏（日）|期货库存-氧化铝-山东|期货库存-氧化铝-广西|SMM: 铅锭五地社会库存: 广东: 周度,电解铜：现货库存：广东（日）,32.0,ID00188316,无候选/低置信,Y
THS-CU-4.3,CU,3,上海、广东、江苏、浙江、江西等区域库存,wr216|zn_44_inv_plant|wr73|cu_42_shfe_sh_week|SHFE库存,32.0|20.69|20.0|19.51|19.05,多晶硅区域库存|锌锭：库存：上海保税区（周）|海漂库存-全球主要国家-钢联|SHFE：铜：库存周报分地区_上海：库存增减期货（周）|上期所库存,多晶硅区域库存,32.0,a12862948,无候选/低置信,Y
THS-CU-4.3,CU,4,社会库存、电解铜现货成交量,cu_23_inv|cu_43_stock_gd|cu_43_stock_js|cu_44_bonded|cu_43_social_stock,54.17|54.17|54.17|46.42|45.21,电解铜：现货库存：中国（日）|电解铜：现货库存：广东（日）|电解铜：现货库存：江苏（日）|电解铜：现货库存：中国：保税区（日）|铜杆：社会库存：中国（日）,电解铜：现货库存：中国（日）,54.17,ID01168763,模糊待人工确认,Y
THS-CU-4.3,CU,5,社会库存、SHFE铜仓单,cu_24_openinterest_volume|cu_41_shfe_bc_inv|cu_42_warrant_reg|cu_42_warrant_cancel|cu_43_social_stock,56.52|56.52|47.27|47.27|47.27,SHFE：铜（BC）：年成交量（日）|SHFE：铜（BC）：期货库存（周）|LME：铜：注册仓单（日）|LME：铜：注销仓单（日）|铜杆：社会库存：中国（日）,SHFE：铜（BC）：年成交量（日）,56.52,FU00107602,模糊待人工确认,Y
THS-CU-4.4,CU,0,LME-approved warehouses,LME库存|i1|wr260|j23_lme_sp3|wr19,23.08|22.22|22.22|21.43|21.43,LME库存|LME铅库存|LME镍库存|LME 铅(现货/三个月)升贴水|LME持仓情况,LME库存,23.08,FU00014813,无候选/低置信,Y
THS-CU-4.4,CU,1,Cancelled warrants,ni_313_output_nickel_ore|ni_313_output_nickel_ore_2|ni_313_output_nickel_ore_3|ni_313_output_nickel_ore_4|ni_313_output_3,16.22|16.22|16.22|16.22|16.22,硫化镍矿：产量：伦丁矿业：Eagle矿区（季）|硫化镍矿：产量：伦丁矿业：Eagle矿区（季）|硫化镍矿：产量：伦丁矿业：Eagle矿区（季）|硫化镍矿：产量：伦丁矿业：Eagle矿区（季）|硫化镍矿：产量：伦丁矿业：Eagle矿区（季）,硫化镍矿：产量：伦丁矿业：Eagle矿区（季）,16.22,ID01591506,无候选/低置信,Y
THS-CU-4.4,CU,2,上海保税区铜库存、广东保税区铜库存,cu_43_stock_gd|cu_43_social_stock_ec|cu_46_inv_scrap|cu_52_inv|cu_43_social_stock,46.42|44.82|30.0|30.0|28.89,电解铜：现货库存：广东（日）|铜杆：社会库存：华东地区（日）|废铜：小样本：库存（周）|韩国：裸铜线：库存（月）|铜杆：社会库存：中国（日）,电解铜：现货库存：广东（日）,46.42,ID00188316,模糊待人工确认,Y
THS-CU-4.4,CU,3,保税区库存、沪伦进口盈亏或COMEX-LME价差,ni_21_lme_price|sn_22_price|pb_23_aux_3|pb_23_aux_4|cu_23_comex_close,35.56|35.56|35.56|35.56|31.58,SMM: 进口盈亏: 镍: 现货: LME价格: 日度|SMM: 进口盈亏: 锡: 现货: LME价格: 日度|SMM: 进口盈亏: 铅: 现货: LME价格: 日度|SMM: 进口盈亏: 铅: 现货: LME价格: 日度|COMEX：铜：主力合约：收盘价（日）,SMM: 进口盈亏: 镍: 现货: LME价格: 日度,35.56,a12760049,无候选/低置信,Y
THS-CU-4.4,CU,4,上海、广东等保税区库存,zn_44_inv_plant|wr216|SHFE库存|社库|li_43_inv_struct,47.62|35.29|30.77|28.57|28.57,锌锭：库存：上海保税区（周）|多晶硅区域库存|上期所库存|社会库存|库存结构,锌锭：库存：上海保税区（周）,47.62,ID01030219,模糊待人工确认,Y
THS-CU-4.4,CU,5,在途海运铜库存估算,cu_46_inv_scrap|cu_52_inv|cu_43_social_stock|cu_41_lme_inv|cu_23_inv,43.33|43.33|41.05|41.05|39.0,废铜：小样本：库存（周）|韩国：裸铜线：库存（月）|铜杆：社会库存：中国（日）|LME：铜：期货库存（日）|电解铜：现货库存：中国（日）,废铜：小样本：库存（周）,43.33,ID01676110,模糊待人工确认,Y
THS-CU-4.4,CU,6,保税区库存、进口利润、精废价差,wr174|j24_refine_spread|li_33_import_avg_price|wr10|cu_46_spread_scrap,38.1|34.78|28.57|28.57|27.59,锡锭进口利润|SMM 铅精废价差|锂矿进口均价|铝材出口利润|精废铜：主流市场：价差：上海（日）,锡锭进口利润,38.1,ID01590826,无候选/低置信,Y
THS-CU-4.5,CU,0,精铜杆企业原料库存,cu_51_capacity_copper_rod|cu_43_social_stock|cu_43_social_stock_ec|cu_53_inv|cu_46_inv_scrap,59.09|54.74|49.53|45.21|43.33,精铜杆企业：产能：样本企业（月）|铜杆：社会库存：中国（日）|铜杆：社会库存：华东地区（日）|美国铜发展协会：精炼铜：库存（年）|废铜：小样本：库存（周）,精铜杆企业：产能：样本企业（月）,59.09,ID01001459,模糊待人工确认,Y
THS-CU-4.5,CU,1,精铜杆企业成品库存,cu_51_capacity_copper_rod|cu_43_social_stock|cu_43_social_stock_ec|cu_53_inv|cu_46_inv_scrap,59.09|54.74|49.53|45.21|43.33,精铜杆企业：产能：样本企业（月）|铜杆：社会库存：中国（日）|铜杆：社会库存：华东地区（日）|美国铜发展协会：精炼铜：库存（年）|废铜：小样本：库存（周）,精铜杆企业：产能：样本企业（月）,59.09,ID01001459,模糊待人工确认,Y
THS-CU-4.5,CU,2,再生铜杆企业原料库存,cu_323_inv_recycle|cu_323_output_recycle|cu_46_output_recycle|cu_43_social_stock|cu_43_social_stock_ec,59.99|55.72|55.72|52.0|47.27,美国铜发展协会：再生铜废料：库存（年）|再生铜杆：64家样本企业：产量：中国（月）|再生铜杆：64家样本企业：产量：江西（月）|铜杆：社会库存：中国（日）|铜杆：社会库存：华东地区（日）,美国铜发展协会：再生铜废料：库存（年）,59.99,ID02014256,模糊待人工确认,Y
THS-CU-4.5,CU,3,黄铜棒企业原料库存,cu_46_inv_scrap|cu_52_inv|cu_323_inv_recycle|cu_43_social_stock|cu_41_lme_inv,43.33|43.33|41.6|41.05|41.05,废铜：小样本：库存（周）|韩国：裸铜线：库存（月）|美国铜发展协会：再生铜废料：库存（年）|铜杆：社会库存：中国（日）|LME：铜：期货库存（日）,废铜：小样本：库存（周）,43.33,ID01676110,模糊待人工确认,Y
THS-CU-4.5,CU,4,铜线缆企业原料库存、漆包线企业原料库存,cu_51_capacity_copper_rod|cu_52_inv|cu_42_shfe_sh_week|cu_323_inv_recycle|cu_46_inv_scrap,40.62|37.14|30.95|29.72|27.86,精铜杆企业：产能：样本企业（月）|韩国：裸铜线：库存（月）|SHFE：铜：库存周报分地区_上海：库存增减期货（周）|美国铜发展协会：再生铜废料：库存（年）|废铜：小样本：库存（周）,精铜杆企业：产能：样本企业（月）,40.62,ID01001459,模糊待人工确认,Y
THS-CU-4.5,CU,5,精铜杆、再生铜杆、线缆、铜管等成品库存,cu_323_inv_recycle|cu_52_inv|cu_43_social_stock|cu_43_social_stock_ec|cu_53_inv,45.88|38.52|37.14|34.67|32.5,美国铜发展协会：再生铜废料：库存（年）|韩国：裸铜线：库存（月）|铜杆：社会库存：中国（日）|铜杆：社会库存：华东地区（日）|美国铜发展协会：精炼铜：库存（年）,美国铜发展协会：再生铜废料：库存（年）,45.88,ID02014256,模糊待人工确认,Y
THS-LI-2.1,LI,0,期货主力合约收盘价（元/吨）,li_21_close_front_futures|si_21_close_front|wr115|j21_close|li_24_close_near_2,72.73|70.59|70.59|58.82|57.14,碳酸锂期货主力合约收盘价|工业硅主力合约收盘价|碳酸锂 主力合约 收盘价|沪铅主力连续收盘价|近月合约收盘价,碳酸锂期货主力合约收盘价,72.73,a10172975,高置信,Y
THS-LI-2.1,LI,1,持仓量（手）,wr171|wr124|wr19|li_21_openinterest_futures|li_26_top20_openinterest,50.0|44.44|40.0|37.5|37.5,沪锡总持仓量|碳酸锂 仓单量|LME持仓情况|碳酸锂期货持仓量|空头前20持仓量,沪锡总持仓量,50.0,a10177562,模糊待人工确认,Y
THS-LI-2.1,LI,2,成交量（手）,j21_volume|zn_21_volume|si_21_volume_front|wr119|wr181,33.33|33.33|33.33|33.33|30.0,沪铅主力连续成交量|LME：锌：成交量（日）|工业硅主力合约成交量|碳酸锂 成交情绪因子|印尼交易所锡锭成交量,沪铅主力连续成交量,33.33,kline:PB:D,无候选/低置信,Y
THS-LI-2.1,LI,3,多空持仓比（%）,li_26_top20_openinterest|li_26_openinterest_top20_long|li_26_openinterest_top20_long_2|li_26_openinterest_top20_long_3|li_26_openinterest_top20_short,46.15|46.15|46.15|46.15|46.15,空头前20持仓量|多头前20持仓量|多头前20持仓量|多头前20持仓量|空头前20持仓量,空头前20持仓量,46.15,FU00085347,模糊待人工确认,Y
THS-LI-2.1,LI,4,基差（元/吨）,si_22_basis|wr252|al_00_basis|zn_21_basis|ni_22_basis,40.0|40.0|22.22|22.22|22.22,工业硅基差|不锈钢基差|SHFE：铝：基差（日）|SHFE：锌：基差（日）|SHFE：镍：基差（日）,工业硅基差,40.0,a12841761,模糊待人工确认,Y
THS-LI-2.1,LI,5,现货升贴水（元/吨）,j23_lme_sp3|wr168|wr169|wr1|wr2,50.0|50.0|50.0|46.15|46.15,LME 铅(现货/三个月)升贴水|LME锡升贴水|国内品牌升贴水|A00升贴水-上海|A00升贴水-佛山,LME 铅(现货/三个月)升贴水,50.0,j02797772,模糊待人工确认,Y
THS-LI-2.1,LI,6,期限结构（元/吨）,li_43_inv_struct|li_43_inv_struct_2|li_24_futures_struct|主连|li_53_cons_struct,50.0|50.0|44.44|36.36|36.36,库存结构|库存结构|碳酸锂期货期限结构|期货主连结算价|消费结构-三元材料,库存结构,50.0,ID01865203,模糊待人工确认,Y
THS-LI-2.1,LI,7,月差（元/吨）,si_22_basis|si_23_spread_futures|li_24_spread_futures|li_24_lc_spread|wr252,28.57|28.57|28.57|28.57|28.57,工业硅基差|工业硅期货月差|碳酸锂期货月差|碳酸锂期货月差|不锈钢基差,工业硅基差,28.57,a12841761,无候选/低置信,Y
THS-LI-2.1,LI,8,仓单注册量（手）,wr124|wr263|wr171|i2|si_21_warrant_industrial_si,54.55|40.0|36.36|33.33|33.33,碳酸锂 仓单量|不锈钢仓单|沪锡总持仓量|SHFE铅仓单|GFEX：工业硅：仓单数量（日）,碳酸锂 仓单量,54.55,FU00058091,模糊待人工确认,Y
THS-LI-2.1,LI,9,近3年同月收盘价均值（元/吨）,li_24_close_near_2|sn_23_lme_close_3m|cu_24_lme_close|cu_25_lme_close_front|al_00_lme_close,62.5|50.0|41.67|41.67|41.67,近月合约收盘价|锡：3个月合约：收盘价（日）|LME：铜：3个月合约：收盘价（日）|LME：铜：3个月合约：收盘价（日）|LME：铝：3个月合约：收盘价（日）,近月合约收盘价,62.5,a12841695,模糊待人工确认,Y
THS-LI-2.1,LI,10,近3年同月收盘价标准差（元/吨）,li_24_close_near_2|sn_23_lme_close_3m|cu_24_lme_close|cu_25_lme_close_front|al_00_lme_close,58.82|47.62|40.0|40.0|40.0,近月合约收盘价|锡：3个月合约：收盘价（日）|LME：铜：3个月合约：收盘价（日）|LME：铜：3个月合约：收盘价（日）|LME：铝：3个月合约：收盘价（日）,近月合约收盘价,58.82,a12841695,模糊待人工确认,Y
THS-LI-2.1,LI,11,近3年同月持仓量均值（手）,al_23_lme_oi|wr171|li_21_openinterest_futures|li_26_top20_openinterest|li_26_openinterest_top20_long,41.67|37.5|33.33|33.33|33.33,LME：铝：3个月合约：持仓量（日）|沪锡总持仓量|碳酸锂期货持仓量|空头前20持仓量|多头前20持仓量,LME：铝：3个月合约：持仓量（日）,41.67,FU00014314,模糊待人工确认,Y
THS-LI-2.1,LI,12,近3年同月持仓量标准差（手）,al_23_lme_oi|wr172|wr171|li_21_openinterest_futures|li_26_top20_openinterest,40.0|40.0|35.29|31.58|31.58,LME：铝：3个月合约：持仓量（日）|沪锡近半年月差变化|沪锡总持仓量|碳酸锂期货持仓量|空头前20持仓量,LME：铝：3个月合约：持仓量（日）,40.0,FU00014314,模糊待人工确认,Y
THS-LI-2.2,LI,0,电池级碳酸锂现货升贴水（元/吨）,li_22_premium_spot|li_22_premium_battery_lc|wr114|li_35_battery_lc_output|wr118,100|100|99.05|82.11|82.11,工业级碳酸锂现货升贴水|电池级碳酸锂现货升贴水|电池级碳酸锂 现货价格|电池级碳酸锂产量|碳酸锂 升贴水 高幅,工业级碳酸锂现货升贴水,100,ID01922204,高置信,Y
THS-LI-2.2,LI,1,电池级碳酸锂基差（元/吨）,li_35_battery_lc_output|wr111|wr114|li_22_premium_battery_lc|li_24_spread_futures,97.5|95.78|86.67|82.11|69.33,电池级碳酸锂产量|电池级-工业级碳酸锂 价差|电池级碳酸锂 现货价格|电池级碳酸锂现货升贴水|碳酸锂期货月差,电池级碳酸锂产量,97.5,a12715549,高置信,Y
THS-LI-2.2,LI,2,工业级碳酸锂现货升贴水（元/吨）,li_22_premium_spot|li_22_premium_battery_lc|wr110|li_35_industrial_lc_output|wr118,100|100|99.05|82.11|82.11,工业级碳酸锂现货升贴水|电池级碳酸锂现货升贴水|工业级碳酸锂 现货价格|工业级碳酸锂产量|碳酸锂 升贴水 高幅,工业级碳酸锂现货升贴水,100,ID01922204,高置信,Y
THS-LI-2.2,LI,3,氢氧化锂现货升贴水（元/吨）,li_22_premium_spot|li_22_premium_battery_lc|li_35_output|li_35_util|li_62_export_2,78.0|78.0|69.33|65.0|65.0,工业级碳酸锂现货升贴水|电池级碳酸锂现货升贴水|氢氧化锂产量|氢氧化锂开工率|氢氧化锂出口量,工业级碳酸锂现货升贴水,78.0,ID01922204,高置信,Y
THS-LI-2.2,LI,4,仓单注册量（手）,wr124|wr263|wr171|i2|si_21_warrant_industrial_si,54.55|40.0|36.36|33.33|33.33,碳酸锂 仓单量|不锈钢仓单|沪锡总持仓量|SHFE铅仓单|GFEX：工业硅：仓单数量（日）,碳酸锂 仓单量,54.55,FU00058091,模糊待人工确认,Y
THS-LI-2.2,LI,5,期货主力合约收盘价（元/吨）,li_21_close_front_futures|si_21_close_front|wr115|j21_close|li_24_close_near_2,72.73|70.59|70.59|58.82|57.14,碳酸锂期货主力合约收盘价|工业硅主力合约收盘价|碳酸锂 主力合约 收盘价|沪铅主力连续收盘价|近月合约收盘价,碳酸锂期货主力合约收盘价,72.73,a10172975,高置信,Y
THS-LI-2.2,LI,6,月差（元/吨）,si_22_basis|si_23_spread_futures|li_24_spread_futures|li_24_lc_spread|wr252,28.57|28.57|28.57|28.57|28.57,工业硅基差|工业硅期货月差|碳酸锂期货月差|碳酸锂期货月差|不锈钢基差,工业硅基差,28.57,a12841761,无候选/低置信,Y
THS-LI-2.2,LI,7,期限结构（元/吨）,li_43_inv_struct|li_43_inv_struct_2|li_24_futures_struct|主连|li_53_cons_struct,50.0|50.0|44.44|36.36|36.36,库存结构|库存结构|碳酸锂期货期限结构|期货主连结算价|消费结构-三元材料,库存结构,50.0,ID01865203,模糊待人工确认,Y
THS-LI-2.2,LI,8,近3年同月升贴水均值（元/吨）,j23_lme_0to3|wr249|j23_lme_sp3|wr168|wr169,50.0|42.11|35.29|35.29|35.29,LME 铅0-3月升贴水|LME C-3M升贴水|LME 铅(现货/三个月)升贴水|LME锡升贴水|国内品牌升贴水,LME 铅0-3月升贴水,50.0,a10021406,模糊待人工确认,Y
THS-LI-2.2,LI,9,近3年同月升贴水标准差（元/吨）,j23_lme_0to3|wr172|wr249|j23_lme_sp3|zn_21_lme_03,47.62|40.0|40.0|33.33|33.33,LME 铅0-3月升贴水|沪锡近半年月差变化|LME C-3M升贴水|LME 铅(现货/三个月)升贴水|LME: 锌0-3升贴水: 日度,LME 铅0-3月升贴水,47.62,a10021406,模糊待人工确认,Y
THS-LI-2.2,LI,10,基差（元/吨）,si_22_basis|wr252|al_00_basis|zn_21_basis|ni_22_basis,40.0|40.0|22.22|22.22|22.22,工业硅基差|不锈钢基差|SHFE：铝：基差（日）|SHFE：锌：基差（日）|SHFE：镍：基差（日）,工业硅基差,40.0,a12841761,模糊待人工确认,Y
THS-LI-2.2,LI,11,电池级碳酸锂升贴水占比（%）,li_22_premium_battery_lc|li_22_premium_spot|li_35_battery_lc_output|wr118|wr117,100|82.73|82.11|82.11|78.0,电池级碳酸锂现货升贴水|工业级碳酸锂现货升贴水|电池级碳酸锂产量|碳酸锂 升贴水 高幅|碳酸锂 升贴水 主力合约,电池级碳酸锂现货升贴水,100,a12751985,高置信,Y
THS-LI-2.2,LI,12,工业级碳酸锂升贴水占比（%）,li_22_premium_spot|li_22_premium_battery_lc|li_35_industrial_lc_output|wr118|wr117,100|82.73|82.11|82.11|78.0,工业级碳酸锂现货升贴水|电池级碳酸锂现货升贴水|工业级碳酸锂产量|碳酸锂 升贴水 高幅|碳酸锂 升贴水 主力合约,工业级碳酸锂现货升贴水,100,ID01922204,高置信,Y
THS-LI-2.2,LI,13,氢氧化锂升贴水占比（%）,li_35_output|li_35_util|li_62_export_2|li_25_profit_smelt|wr118,69.33|65.0|65.0|61.18|61.18,氢氧化锂产量|氢氧化锂开工率|氢氧化锂出口量|氢氧化锂冶炼利润|碳酸锂 升贴水 高幅,氢氧化锂产量,69.33,a10001934,模糊待人工确认,Y
THS-LI-2.3,LI,0,LME锂价（美元/吨）,li_71_price|li_71_lepid_price|li_71_lepid_price_2|li_33_import_avg_price|li_71_conc_price,52.0|52.0|52.0|47.27|43.33,锂云母价格|锂云母价格|锂云母价格|锂矿进口均价|锂辉石精矿价格,锂云母价格,52.0,ID01702776,模糊待人工确认,Y
THS-LI-2.3,LI,1,COMEX锂价（美元/吨）,li_41_warrant_3|li_21_close_front|li_21_close|li_21_close_2|li_24_close_near,48.75|45.21|45.21|45.21|45.21,GFEX碳酸锂仓单总量|GFEX：碳酸锂：主力合约：收盘价（日）|GFEX：碳酸锂：指数合约：收盘价（日）|GFEX：碳酸锂：指数合约：收盘价（日）|GFEX：碳酸锂：主力合约：收盘价（日）,GFEX碳酸锂仓单总量,48.75,a12723883,模糊待人工确认,Y
THS-LI-2.3,LI,2,沪伦比（元/吨）,wr173|j22_shfe_ratio|wr170|wr171|al_62_lunlun,75.0|30.0|22.22|22.22|21.43,锡沪伦比|SMM 沪伦比值 铅 现货|沪锡价格走势|沪锡总持仓量|Mysteel：铝：沪伦比值（日）,锡沪伦比,75.0,ID01895225,高置信,Y
THS-LI-2.3,LI,3,进口盈亏（元/吨）,cu_21_import|ni_41_import|ni_61_import_3|ni_62_import|pb_23_aux_5,66.67|57.14|57.14|57.14|57.14,铜：进口盈亏（日）|镍豆：进口盈亏（日）|镍豆：进口盈亏（日）|镍豆：进口盈亏（日）|铅锭：进口盈亏（日）,铜：进口盈亏（日）,66.67,ID01030232,模糊待人工确认,Y
THS-LI-2.3,LI,4,海外现货升贴水（美元/吨）,j22_premium|li_22_premium_spot|li_22_premium_battery_lc|zn_22_aux|cu_53_premium,66.67|55.56|55.56|48.0|43.48,SMM 上海铅现货升贴水|工业级碳酸锂现货升贴水|电池级碳酸锂现货升贴水|SMM: 上海锌锭现货升贴水_M合约: 日度|电解铜：平水铜：现货升贴水：山东（日）,SMM 上海铅现货升贴水,66.67,a10017061,模糊待人工确认,Y
THS-LI-2.3,LI,5,LME仓单（手）,i6|i7|al_41_lme_warrant|al_41_warrant|al_41_warrant_ratio,76.92|76.92|66.67|66.67|66.67,LME铅注册仓单|LME铅注销仓单|LME：铝：注销仓单（日）|LME：铝：注销仓单（日）|LME：铝：注销仓单（日）,LME铅注册仓单,76.92,a10193710,高置信,Y
THS-LI-2.3,LI,6,现金价（美元/吨）,li_73_spot|li_73_spot_fwd|li_73_spot_fwd_2|li_73_spot_fwd_3|si_71_cash_cost,50.0|50.0|50.0|50.0|40.0,远期现货价|远期现货价|远期现货价|远期现货价|工业硅现金成本,远期现货价,50.0,ID02194399,模糊待人工确认,Y
THS-LI-2.3,LI,7,近3年同月价格均值（美元/吨）,li_24_close_near_2|wr172|sn_23_lme_close_3m|si_315_price_silica|si_315_price_silica_2,40.0|33.33|31.58|30.77|30.77,近月合约收盘价|沪锡近半年月差变化|锡：3个月合约：收盘价（日）|硅石价格|硅石价格,近月合约收盘价,40.0,a12841695,模糊待人工确认,Y
THS-LI-2.3,LI,8,近3年同月价格标准差（美元/吨）,wr172|li_24_close_near_2|sn_23_lme_close_3m|si_315_price_silica|si_315_price_silica_2,42.11|37.5|30.0|28.57|28.57,沪锡近半年月差变化|近月合约收盘价|锡：3个月合约：收盘价（日）|硅石价格|硅石价格,沪锡近半年月差变化,42.11,a12841510,模糊待人工确认,Y
THS-LI-2.3,LI,9,近3年同月沪伦比均值（元/吨）,wr173|j22_shfe_ratio|wr21|al_62_lunlun|pb_23_lunlun,42.86|40.0|38.1|33.33|33.33,锡沪伦比|SMM 沪伦比值 铅 现货|SHFE铝近3月虚实比|Mysteel：铝：沪伦比值（日）|Mysteel：铅：沪伦比值（日）,锡沪伦比,42.86,ID01895225,模糊待人工确认,Y
THS-LI-2.3,LI,10,近3年同月沪伦比标准差（元/吨）,wr172|wr173|wr21|j22_shfe_ratio|al_62_lunlun,40.0|40.0|36.36|28.57|24.0,沪锡近半年月差变化|锡沪伦比|SHFE铝近3月虚实比|SMM 沪伦比值 铅 现货|Mysteel：铝：沪伦比值（日）,沪锡近半年月差变化,40.0,a12841510,模糊待人工确认,Y
THS-LI-2.3,LI,11,COMEX仓单（手）,cu_23_comex_openinterest|i6|i7|wr17|al_00_comex_inv,54.55|53.33|53.33|53.33|52.63,COMEX：铜：主力合约：持仓量（日）|LME铅注册仓单|LME铅注销仓单|LME仓单原产地|COMEX：铝：期货库存（日）,COMEX：铜：主力合约：持仓量（日）,54.55,FU00015536,模糊待人工确认,Y
THS-LI-2.4,LI,0,月差（元/吨）,si_22_basis|si_23_spread_futures|li_24_spread_futures|li_24_lc_spread|wr252,28.57|28.57|28.57|28.57|28.57,工业硅基差|工业硅期货月差|碳酸锂期货月差|碳酸锂期货月差|不锈钢基差,工业硅基差,28.57,a12841761,无候选/低置信,Y
THS-LI-2.4,LI,1,期限结构（元/吨）,li_43_inv_struct|li_43_inv_struct_2|li_24_futures_struct|主连|li_53_cons_struct,50.0|50.0|44.44|36.36|36.36,库存结构|库存结构|碳酸锂期货期限结构|期货主连结算价|消费结构-三元材料,库存结构,50.0,ID01865203,模糊待人工确认,Y
THS-LI-2.4,LI,2,近月合约收盘价（元/吨）,li_24_close_near_2|sn_23_lme_close_3m|si_21_close_front|wr115|cu_24_lme_close,100.0|62.5|53.33|53.33|50.0,近月合约收盘价|锡：3个月合约：收盘价（日）|工业硅主力合约收盘价|碳酸锂 主力合约 收盘价|LME：铜：3个月合约：收盘价（日）,近月合约收盘价,100.0,a12841695,高置信,Y
THS-LI-2.4,LI,3,远月合约收盘价（元/吨）,li_24_close_near_2|sn_23_lme_close_3m|si_21_close_front|wr115|cu_24_lme_close,83.33|62.5|53.33|53.33|50.0,近月合约收盘价|锡：3个月合约：收盘价（日）|工业硅主力合约收盘价|碳酸锂 主力合约 收盘价|LME：铜：3个月合约：收盘价（日）,近月合约收盘价,83.33,a12841695,高置信,Y
THS-LI-2.4,LI,4,基差（元/吨）,si_22_basis|wr252|al_00_basis|zn_21_basis|ni_22_basis,40.0|40.0|22.22|22.22|22.22,工业硅基差|不锈钢基差|SHFE：铝：基差（日）|SHFE：锌：基差（日）|SHFE：镍：基差（日）,工业硅基差,40.0,a12841761,模糊待人工确认,Y
THS-LI-2.4,LI,5,仓单注册量（手）,wr124|wr263|wr171|i2|si_21_warrant_industrial_si,54.55|40.0|36.36|33.33|33.33,碳酸锂 仓单量|不锈钢仓单|沪锡总持仓量|SHFE铅仓单|GFEX：工业硅：仓单数量（日）,碳酸锂 仓单量,54.55,FU00058091,模糊待人工确认,Y
THS-LI-2.4,LI,6,近3年同月均值（元/吨）,wr172|wr21|li_24_close_near_2|j23_lme_0to3|sn_23_lme_close_3m,37.5|33.33|30.77|23.53|23.53,沪锡近半年月差变化|SHFE铝近3月虚实比|近月合约收盘价|LME 铅0-3月升贴水|锡：3个月合约：收盘价（日）,沪锡近半年月差变化,37.5,a12841510,无候选/低置信,Y
THS-LI-2.4,LI,7,近3年同月标准差（元/吨）,wr172|wr21|li_24_close_near_2|si_23_spread_futures|li_24_spread_futures,47.06|31.58|28.57|26.67|26.67,沪锡近半年月差变化|SHFE铝近3月虚实比|近月合约收盘价|工业硅期货月差|碳酸锂期货月差,沪锡近半年月差变化,47.06,a12841510,模糊待人工确认,Y
THS-LI-2.4,LI,8,期货主力合约收盘价（元/吨）,li_21_close_front_futures|si_21_close_front|wr115|j21_close|li_24_close_near_2,72.73|70.59|70.59|58.82|57.14,碳酸锂期货主力合约收盘价|工业硅主力合约收盘价|碳酸锂 主力合约 收盘价|沪铅主力连续收盘价|近月合约收盘价,碳酸锂期货主力合约收盘价,72.73,a10172975,高置信,Y
THS-LI-2.4,LI,9,持仓量（手）,wr171|wr124|wr19|li_21_openinterest_futures|li_26_top20_openinterest,50.0|44.44|40.0|37.5|37.5,沪锡总持仓量|碳酸锂 仓单量|LME持仓情况|碳酸锂期货持仓量|空头前20持仓量,沪锡总持仓量,50.0,a10177562,模糊待人工确认,Y
THS-LI-2.5,LI,0,估值分位（%）,li_25_profit_5|li_25_by_route_profit|li_25_by_route_profit_2|si_72_cost|si_72_cost_power,22.22|22.22|22.22|20.0|20.0,分路线利润|分路线利润|分路线利润|电力成本分项|电力成本分项,分路线利润,22.22,a12795960,无候选/低置信,Y
THS-LI-2.5,LI,1,期货主力合约收盘价（元/吨）,li_21_close_front_futures|si_21_close_front|wr115|j21_close|li_24_close_near_2,72.73|70.59|70.59|58.82|57.14,碳酸锂期货主力合约收盘价|工业硅主力合约收盘价|碳酸锂 主力合约 收盘价|沪铅主力连续收盘价|近月合约收盘价,碳酸锂期货主力合约收盘价,72.73,a10172975,高置信,Y
THS-LI-2.5,LI,2,冶炼利润（元/吨）,sn_72_idx|si_25_profit_smelt|si_25_profit_smelt_2|li_25_profit_smelt|li_25_profit_5,60.0|57.14|57.14|50.0|44.44,冶炼锡：毛利（日）|工业硅冶炼利润|工业硅冶炼利润|氢氧化锂冶炼利润|分路线利润,冶炼锡：毛利（日）,60.0,ID02105841,模糊待人工确认,Y
THS-LI-2.5,LI,3,碳酸锂冶炼利润（元/吨）,li_25_profit_smelt|li_72_profit_mine|li_72_profit_mica|li_26_idx|wr145,86.67|76.47|76.47|74.28|74.28,氢氧化锂冶炼利润|碳酸锂外采锂精矿利润（日）|碳酸锂外采锂云母利润（日）|碳酸锂生产毛利|碳酸锂进口 智利,氢氧化锂冶炼利润,86.67,a12763812,高置信,Y
THS-LI-2.5,LI,4,氢氧化锂冶炼利润（元/吨）,li_25_profit_smelt|li_25_profit_2|li_35_output|li_35_util|li_62_export_2,100|74.28|74.28|69.33|69.33,氢氧化锂冶炼利润|氢氧化锂：苛化法：生产利润（日）|氢氧化锂产量|氢氧化锂开工率|氢氧化锂出口量,氢氧化锂冶炼利润,100,a12763812,高置信,Y
THS-LI-2.5,LI,5,盐湖提锂利润（元/吨）,li_32_output|wr105|li_25_profit_smelt|li_72_profit_mine|li_72_profit_mica,86.67|69.33|55.72|48.75|48.75,盐湖提锂产量|碳酸锂 盐湖提锂 产量|氢氧化锂冶炼利润|碳酸锂外采锂精矿利润（日）|碳酸锂外采锂云母利润（日）,盐湖提锂产量,86.67,a12723867,高置信,Y
THS-LI-2.5,LI,6,锂云母/锂辉石利润（元/吨）,li_72_profit_mica|wr123|li_71_price|li_32_lepid_output|li_71_lepid_price,72.23|61.18|59.99|59.99|59.99,碳酸锂外采锂云母利润（日）|碳酸锂 锂辉石总产量|锂云母价格|锂云母产量|锂云母价格,碳酸锂外采锂云母利润（日）,72.23,ID01835361,高置信,Y
THS-LI-2.5,LI,7,工业级碳酸锂利润（元/吨）,li_35_industrial_lc_output|wr110|li_22_premium_spot|wr111|li_72_profit_mine,97.5|86.67|82.11|82.11|72.23,工业级碳酸锂产量|工业级碳酸锂 现货价格|工业级碳酸锂现货升贴水|电池级-工业级碳酸锂 价差|碳酸锂外采锂精矿利润（日）,工业级碳酸锂产量,97.5,a12715548,高置信,Y
THS-LI-2.5,LI,8,近3年同月分位均值（%）,wr172|wr21|al_25_lme_quantile|li_24_close_near_2|j23_lme_0to3,33.33|30.0|26.67|26.67|21.05,沪锡近半年月差变化|SHFE铝近3月虚实比|LME：铝：3个月合约：结算价（日）· 历史估值分位|近月合约收盘价|LME 铅0-3月升贴水,沪锡近半年月差变化,33.33,a12841510,无候选/低置信,Y
THS-LI-2.5,LI,9,近3年同月分位标准差（%）,wr172|wr21|al_25_lme_quantile|li_24_close_near_2|si_23_spread_futures,42.11|28.57|25.81|25.0|23.53,沪锡近半年月差变化|SHFE铝近3月虚实比|LME：铝：3个月合约：结算价（日）· 历史估值分位|近月合约收盘价|工业硅期货月差,沪锡近半年月差变化,42.11,a12841510,模糊待人工确认,Y
THS-LI-2.5,LI,10,近3年同月利润均值（元/吨）,wr172|wr21|li_25_profit_5|li_25_by_route_profit|li_25_by_route_profit_2,33.33|30.0|28.57|28.57|28.57,沪锡近半年月差变化|SHFE铝近3月虚实比|分路线利润|分路线利润|分路线利润,沪锡近半年月差变化,33.33,a12841510,无候选/低置信,Y
THS-LI-2.5,LI,11,近3年同月利润标准差（元/吨）,wr172|wr21|li_25_profit_5|li_25_by_route_profit|li_25_by_route_profit_2,42.11|28.57|26.67|26.67|26.67,沪锡近半年月差变化|SHFE铝近3月虚实比|分路线利润|分路线利润|分路线利润,沪锡近半年月差变化,42.11,a12841510,模糊待人工确认,Y
THS-LI-2.5,LI,12,电池级碳酸锂利润（元/吨）,li_35_battery_lc_output|wr114|li_22_premium_battery_lc|wr111|li_72_profit_mine,97.5|86.67|82.11|82.11|72.23,电池级碳酸锂产量|电池级碳酸锂 现货价格|电池级碳酸锂现货升贴水|电池级-工业级碳酸锂 价差|碳酸锂外采锂精矿利润（日）,电池级碳酸锂产量,97.5,a12715549,高置信,Y
THS-LI-2.6,LI,0,多头前20持仓量（手）,li_26_openinterest_top20_long|li_26_openinterest_top20_long_2|li_26_openinterest_top20_long_3|li_26_top20_openinterest|li_26_openinterest_top20_short,100.0|100.0|100.0|87.5|87.5,多头前20持仓量|多头前20持仓量|多头前20持仓量|空头前20持仓量|空头前20持仓量,多头前20持仓量,100.0,FU00085341,高置信,Y
THS-LI-2.6,LI,1,空头前20持仓量（手）,li_26_top20_openinterest|li_26_openinterest_top20_short|li_26_openinterest_top20_short_2|li_26_openinterest_top20_long|li_26_openinterest_top20_long_2,100.0|100.0|100.0|87.5|87.5,空头前20持仓量|空头前20持仓量|空头前20持仓量|多头前20持仓量|多头前20持仓量,空头前20持仓量,100.0,FU00085347,高置信,Y
THS-LI-2.6,LI,2,多空持仓比（%）,li_26_top20_openinterest|li_26_openinterest_top20_long|li_26_openinterest_top20_long_2|li_26_openinterest_top20_long_3|li_26_openinterest_top20_short,46.15|46.15|46.15|46.15|46.15,空头前20持仓量|多头前20持仓量|多头前20持仓量|多头前20持仓量|空头前20持仓量,空头前20持仓量,46.15,FU00085347,模糊待人工确认,Y
THS-LI-2.6,LI,3,期货主力合约收盘价（元/吨）,li_21_close_front_futures|si_21_close_front|wr115|j21_close|li_24_close_near_2,72.73|70.59|70.59|58.82|57.14,碳酸锂期货主力合约收盘价|工业硅主力合约收盘价|碳酸锂 主力合约 收盘价|沪铅主力连续收盘价|近月合约收盘价,碳酸锂期货主力合约收盘价,72.73,a10172975,高置信,Y
THS-LI-2.6,LI,4,前20多头净持仓（手）,li_26_top20_openinterest|li_26_openinterest_top20_long|li_26_openinterest_top20_long_2|li_26_openinterest_top20_long_3|li_26_openinterest_top20_short,62.5|62.5|62.5|62.5|62.5,空头前20持仓量|多头前20持仓量|多头前20持仓量|多头前20持仓量|空头前20持仓量,空头前20持仓量,62.5,FU00085347,模糊待人工确认,Y
THS-LI-2.6,LI,5,成交量（手）,j21_volume|zn_21_volume|si_21_volume_front|wr119|wr181,33.33|33.33|33.33|33.33|30.0,沪铅主力连续成交量|LME：锌：成交量（日）|工业硅主力合约成交量|碳酸锂 成交情绪因子|印尼交易所锡锭成交量,沪铅主力连续成交量,33.33,kline:PB:D,无候选/低置信,Y
THS-LI-2.6,LI,6,前20空头净持仓（手）,li_26_top20_openinterest|li_26_openinterest_top20_long|li_26_openinterest_top20_long_2|li_26_openinterest_top20_long_3|li_26_openinterest_top20_short,62.5|62.5|62.5|62.5|62.5,空头前20持仓量|多头前20持仓量|多头前20持仓量|多头前20持仓量|空头前20持仓量,空头前20持仓量,62.5,FU00085347,模糊待人工确认,Y
THS-LI-2.6,LI,7,持仓量（手）,wr171|wr124|wr19|li_21_openinterest_futures|li_26_top20_openinterest,50.0|44.44|40.0|37.5|37.5,沪锡总持仓量|碳酸锂 仓单量|LME持仓情况|碳酸锂期货持仓量|空头前20持仓量,沪锡总持仓量,50.0,a10177562,模糊待人工确认,Y
THS-LI-2.6,LI,8,近3年同月多空持仓比均值（%）,wr21|al_23_lme_oi|li_26_top20_openinterest|li_26_openinterest_top20_long|li_26_openinterest_top20_long_2,34.78|30.77|30.0|30.0|30.0,SHFE铝近3月虚实比|LME：铝：3个月合约：持仓量（日）|空头前20持仓量|多头前20持仓量|多头前20持仓量,SHFE铝近3月虚实比,34.78,a12852880,无候选/低置信,Y
THS-LI-2.6,LI,9,近3年同月多空持仓比标准差（%）,wr172|wr21|al_23_lme_oi|li_26_top20_openinterest|li_26_openinterest_top20_long,36.36|33.33|29.63|28.57|28.57,沪锡近半年月差变化|SHFE铝近3月虚实比|LME：铝：3个月合约：持仓量（日）|空头前20持仓量|多头前20持仓量,沪锡近半年月差变化,36.36,a12841510,无候选/低置信,Y
THS-LI-2.6,LI,10,前20席位总持仓（手）,li_26_top20_openinterest|li_26_openinterest_top20_long|li_26_openinterest_top20_long_2|li_26_openinterest_top20_long_3|li_26_openinterest_top20_short,62.5|62.5|62.5|62.5|62.5,空头前20持仓量|多头前20持仓量|多头前20持仓量|多头前20持仓量|空头前20持仓量,空头前20持仓量,62.5,FU00085347,模糊待人工确认,Y
THS-LI-2.6,LI,11,近3年同月总持仓均值（手）,wr171|al_23_lme_oi|wr172|wr21|li_24_close_near_2,37.5|33.33|31.58|28.57|25.0,沪锡总持仓量|LME：铝：3个月合约：持仓量（日）|沪锡近半年月差变化|SHFE铝近3月虚实比|近月合约收盘价,沪锡总持仓量,37.5,a10177562,无候选/低置信,Y
THS-LI-2.6,LI,12,近3年同月总持仓标准差（手）,wr172|wr171|al_23_lme_oi|wr21|li_24_close_near_2,40.0|35.29|32.0|27.27|23.53,沪锡近半年月差变化|沪锡总持仓量|LME：铝：3个月合约：持仓量（日）|SHFE铝近3月虚实比|近月合约收盘价,沪锡近半年月差变化,40.0,a12841510,模糊待人工确认,Y
THS-LI-3.1.1,LI,0,海外锂矿产量（万吨LCE）,li_31_output|li_32_lepid_output|li_32_output|li_35_output|li_52_output,100.0|70.91|65.0|65.0|65.0,海外碳酸锂产量(智利)|锂云母产量|盐湖提锂产量|氢氧化锂产量|磷酸铁锂产量,海外碳酸锂产量(智利),100.0,a12817812,高置信,Y
THS-LI-3.1.1,LI,1,海外精炼产量（万吨LCE）,精炼产量|li_31_output|wr242|wr247|li_31_capacity,66.67|61.54|61.54|61.54|60.0,精炼产量|海外碳酸锂产量(智利)|中国精炼镍产量|印尼精炼镍产量|海外产能,精炼产量,66.67,ID00188139,模糊待人工确认,Y
THS-LI-3.1.1,LI,2,海外产能（万吨LCE）,li_31_capacity|li_31_output|wr213|wr28|wr29,100.0|54.55|44.44|36.36|36.36,海外产能|海外碳酸锂产量(智利)|多晶硅产能|氧化铝建成产能|氧化铝运行产能,海外产能,100.0,a12715541,高置信,Y
THS-LI-3.1.1,LI,3,海外开工率（%）,开工率|wr235|li_51_util_ternary|wr57|wr197,60.0|60.0|54.55|54.55|54.55,开工率|硅片开工率|三元材料开工率|氧化铝开工率|国内锡开工率,开工率,60.0,ID01067717,模糊待人工确认,Y
THS-LI-3.1.1,LI,4,海外产能利用率（%）,li_322_util|li_322_util_m|si_313_util_capacity|li_31_capacity|ni_321_capacity_util,58.82|58.82|58.82|57.14|52.63,碳酸锂产能利用率中国（周）|碳酸锂产能利用率中国（月）|中国工业硅产能利用率|海外产能|精炼镍：产能利用率：中国（月）,碳酸锂产能利用率中国（周）,58.82,ID01445893,模糊待人工确认,Y
THS-LI-3.1.1,LI,5,海外检修量（万吨LCE）,li_31_output|li_31_capacity|li_63_conc|wr218|i17,50.0|44.44|36.36|33.33|28.57,海外碳酸锂产量(智利)|海外产能|锂精矿海漂量(澳大利亚)|多晶硅青海产量|中国海关铅锭进口量,海外碳酸锂产量(智利),50.0,a12817812,模糊待人工确认,Y
THS-LI-3.1.1,LI,6,海外加工费TC（元/吨）,TC|wr199|wr158|wr159|wr160,50.0|42.86|40.0|40.0|40.0,TC加工费|锡冶炼厂加工费|锂辉石加工费 四川|锂辉石加工费 山东|锂辉石加工费 江苏,TC加工费,50.0,ID01154994,模糊待人工确认,Y
THS-LI-3.1.1,LI,7,海外进口量（万吨LCE）,wr275|i17|si_61_import_3|li_61_import_2|wr27,60.0|57.14|54.55|54.55|54.55,镍铁进口量|中国海关铅锭进口量|工业硅进口量|碳酸锂进口量|铝合金进口量,镍铁进口量,60.0,CM0000138647,模糊待人工确认,Y
THS-LI-3.1.1,LI,8,近3年同季均值（万吨LCE）,wr172|wr21|li_24_close_near_2|li_33_import_avg_price|wr35,25.0|22.22|15.38|15.38|15.38,沪锡近半年月差变化|SHFE铝近3月虚实比|近月合约收盘价|锂矿进口均价|三网均价-山东,沪锡近半年月差变化,25.0,a12841510,无候选/低置信,Y
THS-LI-3.1.1,LI,9,近3年同季标准差（万吨LCE）,wr172|wr21|si_22_basis|al_2_lme_settle|pb_23_aux_2,35.29|21.05|15.38|15.38|15.38,沪锡近半年月差变化|SHFE铝近3月虚实比|工业硅基差|LME：铝：CASH-3M合约：结算价差（日）|LME：铅：CASH-3M合约：结算价差（日）,沪锡近半年月差变化,35.29,a12841510,无候选/低置信,Y
THS-LI-3.1.1,LI,10,海外进口量分国别（万吨LCE）,si_61_by_country_import|si_314_by_country_import|si_314_by_country_import_2|li_32_by_country_import_conc|li_61_by_country_import,70.59|66.67|66.67|62.5|62.5,工业硅进口量分国别|工业硅月进口量分国别|工业硅月进口量分国别|锂精矿进口分国别|碳酸锂进口分国别,工业硅进口量分国别,70.59,CM0000287714,高置信,Y
THS-LI-3.1.2,LI,0,澳大利亚锂矿产量（万吨LCE）,li_31_output_lithium_ore_au|li_31_output_lithium_ore_au_2|wr157|li_32_lepid_output|li_32_output,72.23|72.23|61.18|59.99|55.72,澳洲/巴西/非洲锂矿产量|澳洲/巴西/非洲锂矿产量|锂精矿进口 澳大利亚|锂云母产量|盐湖提锂产量,澳洲/巴西/非洲锂矿产量,72.23,a12808678,高置信,Y
THS-LI-3.1.2,LI,1,非洲锂矿产量（万吨LCE）,li_31_output_lithium_ore_au|li_31_output_lithium_ore_au_2|li_32_lepid_output|li_32_output|li_35_output,78.0|78.0|70.91|65.0|65.0,澳洲/巴西/非洲锂矿产量|澳洲/巴西/非洲锂矿产量|锂云母产量|盐湖提锂产量|氢氧化锂产量,澳洲/巴西/非洲锂矿产量,78.0,a12808678,高置信,Y
THS-LI-3.1.2,LI,2,南美锂矿产量（万吨LCE）,li_32_lepid_output|li_32_output|li_35_output|li_52_output|li_63_conc,70.91|65.0|65.0|65.0|65.0,锂云母产量|盐湖提锂产量|氢氧化锂产量|磷酸铁锂产量|锂精矿海漂量(澳大利亚),锂云母产量,70.91,a12756591,高置信,Y
THS-LI-3.1.2,LI,3,亚洲锂矿产量（万吨LCE）,li_31_output_lithium_ore_au|li_31_output_lithium_ore_au_2|li_32_lepid_output|li_32_output|li_35_output,81.25|81.25|70.91|65.0|65.0,澳洲/巴西/非洲锂矿产量|澳洲/巴西/非洲锂矿产量|锂云母产量|盐湖提锂产量|氢氧化锂产量,澳洲/巴西/非洲锂矿产量,81.25,a12808678,高置信,Y
THS-LI-3.1.2,LI,4,海外锂矿进口量分国别（万吨LCE）,li_32_by_country_import_conc|li_61_by_country_import_conc|li_61_by_country_import_conc_2|li_61_by_country_import_conc_3|li_61_by_country_import,100|100|100|100|86.67,锂精矿进口分国别|锂精矿进口分国别|锂精矿进口分国别|锂精矿进口分国别|碳酸锂进口分国别,锂精矿进口分国别,100,a10001421,高置信,Y
THS-LI-3.1.2,LI,5,海外锂矿出口量分国别（万吨LCE）,li_32_by_country_import_conc|li_61_by_country_import_conc|li_61_by_country_import_conc_2|li_61_by_country_import_conc_3|li_61_by_country_import,86.67|86.67|86.67|86.67|72.23,锂精矿进口分国别|锂精矿进口分国别|锂精矿进口分国别|锂精矿进口分国别|碳酸锂进口分国别,锂精矿进口分国别,86.67,a10001421,高置信,Y
THS-LI-3.1.2,LI,6,海外锂矿库存分国别（万吨LCE）,li_32_by_country_import_conc|li_61_by_country_import_conc|li_61_by_country_import_conc_2|li_61_by_country_import_conc_3|wr150,76.47|76.47|76.47|76.47|69.33,锂精矿进口分国别|锂精矿进口分国别|锂精矿进口分国别|锂精矿进口分国别|锂矿 可售库存,锂精矿进口分国别,76.47,a10001421,高置信,Y
THS-LI-3.1.2,LI,7,海外锂矿产能分国别（万吨LCE）,li_32_by_country_import_conc|li_61_by_country_import_conc|li_61_by_country_import_conc_2|li_61_by_country_import_conc_3|li_31_output,76.47|76.47|76.47|76.47|65.0,锂精矿进口分国别|锂精矿进口分国别|锂精矿进口分国别|锂精矿进口分国别|海外碳酸锂产量(智利),锂精矿进口分国别,76.47,a10001421,高置信,Y
THS-LI-3.1.2,LI,8,近3年同月均值（万吨LCE）,wr172|wr21|li_24_close_near_2|j23_lme_0to3|sn_23_lme_close_3m,37.5|33.33|30.77|23.53|23.53,沪锡近半年月差变化|SHFE铝近3月虚实比|近月合约收盘价|LME 铅0-3月升贴水|锡：3个月合约：收盘价（日）,沪锡近半年月差变化,37.5,a12841510,无候选/低置信,Y
THS-LI-3.1.2,LI,9,近3年同月标准差（万吨LCE）,wr172|wr21|li_24_close_near_2|si_23_spread_futures|li_24_spread_futures,47.06|31.58|28.57|26.67|26.67,沪锡近半年月差变化|SHFE铝近3月虚实比|近月合约收盘价|工业硅期货月差|碳酸锂期货月差,沪锡近半年月差变化,47.06,a12841510,模糊待人工确认,Y
THS-LI-3.1.3,LI,0,锂云母产量（万吨LCE）,li_32_lepid_output|wr122|li_71_price|li_71_lepid_price|li_71_lepid_price_2,100|81.25|78.0|78.0|78.0,锂云母产量|碳酸锂 锂云母产量|锂云母价格|锂云母价格|锂云母价格,锂云母产量,100,a12756591,高置信,Y
THS-LI-3.1.3,LI,1,锂辉石产量（万吨LCE）,wr123|li_313_output_2|li_32_lepid_output|li_32_output|li_35_output,92.86|81.25|78.0|70.91|70.91,碳酸锂 锂辉石总产量|锂辉石：产量：澳大利亚（季）|锂云母产量|盐湖提锂产量|氢氧化锂产量,碳酸锂 锂辉石总产量,92.86,ID01707140,高置信,Y
THS-LI-3.1.3,LI,2,国内锂矿产量（万吨LCE）,li_32_lepid_output|li_32_output|li_35_output|li_52_output|li_63_conc,70.91|65.0|65.0|65.0|65.0,锂云母产量|盐湖提锂产量|氢氧化锂产量|磷酸铁锂产量|锂精矿海漂量(澳大利亚),锂云母产量,70.91,a12756591,高置信,Y
THS-LI-3.1.3,LI,3,盐湖提锂产量（万吨LCE）,li_32_output|wr105|li_32_lepid_output|li_35_output|li_52_output,100|86.67|70.91|65.0|65.0,盐湖提锂产量|碳酸锂 盐湖提锂 产量|锂云母产量|氢氧化锂产量|磷酸铁锂产量,盐湖提锂产量,100,a12723867,高置信,Y
THS-LI-3.1.3,LI,4,国内锂矿产能（万吨LCE）,li_35_util_2|li_322_util|li_322_util_m|li_31_output_lithium_ore_au|li_31_output_lithium_ore_au_2,52.0|48.75|48.75|48.75|48.75,国内锂盐精炼开工率|碳酸锂产能利用率中国（周）|碳酸锂产能利用率中国（月）|澳洲/巴西/非洲锂矿产量|澳洲/巴西/非洲锂矿产量,国内锂盐精炼开工率,52.0,a12715874,模糊待人工确认,Y
THS-LI-3.1.3,LI,5,国内锂矿开工率（%）,li_35_util_2|li_35_util|wr102|wr103|wr93,97.5|74.28|61.18|61.18|57.77,国内锂盐精炼开工率|氢氧化锂开工率|碳酸锂 开工率:锂云母|碳酸锂 开工率:锂辉石|SMM 碳酸锂 月度开工率,国内锂盐精炼开工率,97.5,a12715874,高置信,Y
THS-LI-3.1.3,LI,6,国内锂矿产能利用率（%）,li_322_util|li_322_util_m|li_324_capacity_util|li_323_capacity_util|li_311_capacity_util,82.11|82.11|74.28|62.4|57.77,碳酸锂产能利用率中国（周）|碳酸锂产能利用率中国（月）|碳酸锂：产能利用率：中国（周）|碳酸锂：回收料：产能利用率：中国（月）|碳酸锂：回收料：产能利用率：西南地区（月）,碳酸锂产能利用率中国（周）,82.11,ID01445893,高置信,Y
THS-LI-3.1.3,LI,7,国内锂矿检修量（万吨LCE）,li_63_conc|li_63_conc_shipment|li_35_util_2|li_31_output_lithium_ore_au|li_31_output_lithium_ore_au_2,59.99|59.99|48.75|45.88|45.88,锂精矿海漂量(澳大利亚)|锂精矿发运量(班伯里港)|国内锂盐精炼开工率|澳洲/巴西/非洲锂矿产量|澳洲/巴西/非洲锂矿产量,锂精矿海漂量(澳大利亚),59.99,ID02038532,模糊待人工确认,Y
THS-LI-3.1.3,LI,8,近3年同月均值（万吨LCE）,wr172|wr21|li_24_close_near_2|j23_lme_0to3|sn_23_lme_close_3m,37.5|33.33|30.77|23.53|23.53,沪锡近半年月差变化|SHFE铝近3月虚实比|近月合约收盘价|LME 铅0-3月升贴水|锡：3个月合约：收盘价（日）,沪锡近半年月差变化,37.5,a12841510,无候选/低置信,Y
THS-LI-3.1.3,LI,9,近3年同月标准差（万吨LCE）,wr172|wr21|li_24_close_near_2|si_23_spread_futures|li_24_spread_futures,47.06|31.58|28.57|26.67|26.67,沪锡近半年月差变化|SHFE铝近3月虚实比|近月合约收盘价|工业硅期货月差|碳酸锂期货月差,沪锡近半年月差变化,47.06,a12841510,模糊待人工确认,Y
THS-LI-3.1.3,LI,10,近3年同月均值（%）,wr172|wr21|li_24_close_near_2|j23_lme_0to3|sn_23_lme_close_3m,37.5|33.33|30.77|23.53|23.53,沪锡近半年月差变化|SHFE铝近3月虚实比|近月合约收盘价|LME 铅0-3月升贴水|锡：3个月合约：收盘价（日）,沪锡近半年月差变化,37.5,a12841510,无候选/低置信,Y
THS-LI-3.1.3,LI,11,近3年同月标准差（%）,wr172|wr21|li_24_close_near_2|si_23_spread_futures|li_24_spread_futures,47.06|31.58|28.57|26.67|26.67,沪锡近半年月差变化|SHFE铝近3月虚实比|近月合约收盘价|工业硅期货月差|碳酸锂期货月差,沪锡近半年月差变化,47.06,a12841510,模糊待人工确认,Y
THS-LI-3.1.4,LI,0,锂矿进口总量（万吨LCE）,wr155|li_32_by_country_import_conc|li_33_import_avg_price|li_61_by_country_import_conc|li_61_by_country_import_conc_2,94.55|86.67|86.67|86.67|86.67,锂精矿进口 巴西|锂精矿进口分国别|锂矿进口均价|锂精矿进口分国别|锂精矿进口分国别,锂精矿进口 巴西,94.55,a10001427,高置信,Y
THS-LI-3.1.4,LI,1,锂辉石进口量（万吨LCE）,li_61_import_2|li_61_import_total|li_314_import|wr144|li_61_import,86.67|80.0|78.0|74.28|69.33,碳酸锂进口量|锂进口数量合计中国（月）|锂辉石：进口数量：南非→中国（月）|碳酸锂 月度进口量|碳酸锂进口数量中国（季）,碳酸锂进口量,86.67,a12715657,高置信,Y
THS-LI-3.1.4,LI,2,澳大利亚进口量（万吨LCE）,wr88|wr157|wr185|wr275|sn_312_output_3,50.0|50.0|50.0|50.0|47.06,铝土矿进口-澳大利亚|锂精矿进口 澳大利亚|马来西亚锡矿进口量|镍铁进口量|锡矿：产量：澳大利亚（季）,铝土矿进口-澳大利亚,50.0,ID01655446,模糊待人工确认,Y
THS-LI-3.1.4,LI,3,非洲进口量（万吨LCE）,wr275|si_61_import_3|li_61_import_2|wr27|wr270,60.0|54.55|54.55|54.55|54.55,镍铁进口量|工业硅进口量|碳酸锂进口量|铝合金进口量|不锈钢进口量,镍铁进口量,60.0,CM0000138647,模糊待人工确认,Y
THS-LI-3.1.4,LI,4,南美进口量（万吨LCE）,wr192|wr275|si_61_import_3|li_61_import_2|wr27,66.67|60.0|54.55|54.55|54.55,美国锡净进口量|镍铁进口量|工业硅进口量|碳酸锂进口量|铝合金进口量,美国锡净进口量,66.67,a12840346,模糊待人工确认,Y
THS-LI-3.1.4,LI,5,澳大利亚进口占比（%）,wr88|wr157|sn_312_output_3|cu_311_output|cu_312_output_conc,47.06|47.06|44.44|42.11|42.11,铝土矿进口-澳大利亚|锂精矿进口 澳大利亚|锡矿：产量：澳大利亚（季）|铜：矿山产量：澳大利亚（季）|铜精矿：产量：澳大利亚（季）,铝土矿进口-澳大利亚,47.06,ID01655446,模糊待人工确认,Y
THS-LI-3.1.4,LI,6,非洲进口占比（%）,wr87|wr91|wr275|cu_21_import|si_61_import_3,36.36|36.36|36.36|33.33|33.33,铝土矿进口-总量|氧化铝进口|镍铁进口量|铜：进口盈亏（日）|工业硅进口量,铝土矿进口-总量,36.36,a10016324,无候选/低置信,Y
THS-LI-3.1.4,LI,7,南美进口占比（%）,wr192|wr87|wr91|wr275|cu_21_import,46.15|36.36|36.36|36.36|33.33,美国锡净进口量|铝土矿进口-总量|氧化铝进口|镍铁进口量|铜：进口盈亏（日）,美国锡净进口量,46.15,a12840346,模糊待人工确认,Y
THS-LI-3.1.4,LI,8,锂矿进口均价（元/吨）,li_33_import_avg_price|wr155|li_32_by_country_import_conc|li_61_by_country_import_conc|li_61_by_country_import_conc_2,100|80.0|74.28|74.28|74.28,锂矿进口均价|锂精矿进口 巴西|锂精矿进口分国别|锂精矿进口分国别|锂精矿进口分国别,锂矿进口均价,100,a12852994,高置信,Y
THS-LI-3.1.4,LI,9,锂矿进口盈亏（元/吨）,li_33_import_avg_price|wr155|li_32_by_country_import_conc|li_61_by_country_import_conc|li_61_by_country_import_conc_2,86.67|80.0|74.28|74.28|74.28,锂矿进口均价|锂精矿进口 巴西|锂精矿进口分国别|锂精矿进口分国别|锂精矿进口分国别,锂矿进口均价,86.67,a12852994,高置信,Y
THS-LI-3.1.4,LI,10,锂矿进口量（万吨LCE）,li_33_import_avg_price|li_61_import_2|li_61_import_total|wr155|li_32_by_country_import_conc,94.55|94.55|86.67|86.67|80.0,锂矿进口均价|碳酸锂进口量|锂进口数量合计中国（月）|锂精矿进口 巴西|锂精矿进口分国别,锂矿进口均价,94.55,a12852994,高置信,Y
THS-LI-3.1.4,LI,11,近3年同月均值（万吨LCE）,wr172|wr21|li_24_close_near_2|j23_lme_0to3|sn_23_lme_close_3m,37.5|33.33|30.77|23.53|23.53,沪锡近半年月差变化|SHFE铝近3月虚实比|近月合约收盘价|LME 铅0-3月升贴水|锡：3个月合约：收盘价（日）,沪锡近半年月差变化,37.5,a12841510,无候选/低置信,Y
THS-LI-3.1.4,LI,12,近3年同月标准差（万吨LCE）,wr172|wr21|li_24_close_near_2|si_23_spread_futures|li_24_spread_futures,47.06|31.58|28.57|26.67|26.67,沪锡近半年月差变化|SHFE铝近3月虚实比|近月合约收盘价|工业硅期货月差|碳酸锂期货月差,沪锡近半年月差变化,47.06,a12841510,模糊待人工确认,Y
THS-LI-3.1.4,LI,13,锂矿进口仓单量（万吨LCE）,li_33_import_avg_price|li_61_import_2|wr124|li_61_import_total|wr155,80.0|80.0|80.0|74.28|74.28,锂矿进口均价|碳酸锂进口量|碳酸锂 仓单量|锂进口数量合计中国（月）|锂精矿进口 巴西,锂矿进口均价,80.0,a12852994,高置信,Y
THS-LI-3.1.4,LI,14,锂云母进口量（万吨LCE）,li_32_lepid_output|li_61_import_2|li_61_import_total|wr122|wr144,94.55|86.67|80.0|74.28|74.28,锂云母产量|碳酸锂进口量|锂进口数量合计中国（月）|碳酸锂 锂云母产量|碳酸锂 月度进口量,锂云母产量,94.55,a12756591,高置信,Y
THS-LI-3.1.5,LI,0,锂矿TC（元/吨）,li_73_conc_avg_price|li_33_import_avg_price|li_63_conc|li_63_conc_shipment|wr150,55.72|52.0|52.0|52.0|52.0,锂辉石精矿CIF均价|锂矿进口均价|锂精矿海漂量(澳大利亚)|锂精矿发运量(班伯里港)|锂矿 可售库存,锂辉石精矿CIF均价,55.72,ID01722298,模糊待人工确认,Y
THS-LI-3.1.5,LI,1,锂辉石TC（元/吨）,li_73_conc_avg_price|li_71_conc_price|li_71_spod_price_conc|wr158|wr159,69.33|65.0|65.0|59.99|59.99,锂辉石精矿CIF均价|锂辉石精矿价格|锂辉石精矿价格|锂辉石加工费 四川|锂辉石加工费 山东,锂辉石精矿CIF均价,69.33,ID01722298,模糊待人工确认,Y
THS-LI-3.1.5,LI,2,锂矿进口盈亏（元/吨）,li_33_import_avg_price|wr155|li_32_by_country_import_conc|li_61_by_country_import_conc|li_61_by_country_import_conc_2,86.67|80.0|74.28|74.28|74.28,锂矿进口均价|锂精矿进口 巴西|锂精矿进口分国别|锂精矿进口分国别|锂精矿进口分国别,锂矿进口均价,86.67,a12852994,高置信,Y
THS-LI-3.1.5,LI,3,澳大利亚TC（元/吨）,wr88|wr157|sn_312_output_3|cu_311_output|cu_312_output_conc,53.33|53.33|50.0|47.06|47.06,铝土矿进口-澳大利亚|锂精矿进口 澳大利亚|锡矿：产量：澳大利亚（季）|铜：矿山产量：澳大利亚（季）|铜精矿：产量：澳大利亚（季）,铝土矿进口-澳大利亚,53.33,ID01655446,模糊待人工确认,Y
THS-LI-3.1.5,LI,4,非洲TC（元/吨）,TC|cu_44_tc_conc|li_31_output_lithium_ore_au|li_31_output_lithium_ore_au_2|wr66,44.44|30.77|28.57|28.57|28.57,TC加工费|铜精矿：长单TC价（年）|澳洲/巴西/非洲锂矿产量|澳洲/巴西/非洲锂矿产量|进口铝土矿-澳洲CIF,TC加工费,44.44,ID01154994,模糊待人工确认,Y
THS-LI-3.1.5,LI,5,南美TC（元/吨）,TC|cu_44_tc_conc|cu_25_tc_conc|cu_315_import_conc|al_6_4_output_8,44.44|30.77|26.67|26.67|20.0,TC加工费|铜精矿：长单TC价（年）|铜精矿：现货TC指导价（季）|铜精矿：进口：TC指数（周）|SMM: 海外氧化铝产量 - 南美: 月度,TC加工费,44.44,ID01154994,模糊待人工确认,Y
THS-LI-3.1.5,LI,6,锂云母TC（元/吨）,li_71_price|li_32_lepid_output|li_71_lepid_price|li_71_lepid_price_2|wr122,78.0|78.0|78.0|78.0|59.99,锂云母价格|锂云母产量|锂云母价格|锂云母价格|碳酸锂 锂云母产量,锂云母价格,78.0,ID01702776,高置信,Y
THS-LI-3.1.5,LI,7,盐湖提锂TC（元/吨）,li_32_output|wr105|wr104|li_73_conc_avg_price|li_73_premium,86.67|69.33|34.67|32.5|28.89,盐湖提锂产量|碳酸锂 盐湖提锂 产量|碳酸锂 盐湖产:周度|锂辉石精矿CIF均价|碳酸锂电池级盐湖料升贴水,盐湖提锂产量,86.67,a12723867,高置信,Y
THS-LI-3.1.5,LI,8,近3年同月均值（元/吨）,wr172|wr21|li_24_close_near_2|j23_lme_0to3|sn_23_lme_close_3m,37.5|33.33|30.77|23.53|23.53,沪锡近半年月差变化|SHFE铝近3月虚实比|近月合约收盘价|LME 铅0-3月升贴水|锡：3个月合约：收盘价（日）,沪锡近半年月差变化,37.5,a12841510,无候选/低置信,Y
THS-LI-3.1.5,LI,9,近3年同月标准差（元/吨）,wr172|wr21|li_24_close_near_2|si_23_spread_futures|li_24_spread_futures,47.06|31.58|28.57|26.67|26.67,沪锡近半年月差变化|SHFE铝近3月虚实比|近月合约收盘价|工业硅期货月差|碳酸锂期货月差,沪锡近半年月差变化,47.06,a12841510,模糊待人工确认,Y
THS-LI-3.1.5,LI,10,冶炼开工率（%）,开工率|wr235|sn_71_util|li_35_util_2|li_51_util_ternary,60.0|60.0|58.82|57.14|54.55,开工率|硅片开工率|锡：冶炼厂：开工率：中国（月）|国内锂盐精炼开工率|三元材料开工率,开工率,60.0,ID01067717,模糊待人工确认,Y
THS-LI-3.2.1,LI,0,电池级碳酸锂产量（万吨LCE）,li_35_battery_lc_output|li_35_industrial_lc_output|li_31_output|wr114|li_22_premium_battery_lc,100|97.5|86.67|86.67|82.11,电池级碳酸锂产量|工业级碳酸锂产量|海外碳酸锂产量(智利)|电池级碳酸锂 现货价格|电池级碳酸锂现货升贴水,电池级碳酸锂产量,100,a12715549,高置信,Y
THS-LI-3.2.1,LI,1,工业级碳酸锂产量（万吨LCE）,li_35_industrial_lc_output|li_35_battery_lc_output|li_31_output|wr110|li_22_premium_spot,100|97.5|86.67|86.67|82.11,工业级碳酸锂产量|电池级碳酸锂产量|海外碳酸锂产量(智利)|工业级碳酸锂 现货价格|工业级碳酸锂现货升贴水,工业级碳酸锂产量,100,a12715548,高置信,Y
THS-LI-3.2.1,LI,2,氢氧化锂产量（万吨LCE）,li_35_output|li_62_export_2|li_321_output|li_323_output_recycle|li_53_apparent_cons,100|100.0|97.5|97.5|86.67,氢氧化锂产量|氢氧化锂出口量|氢氧化锂：产量：中国（月）|氢氧化锂：产量：中国（月）|氢氧化锂表观消费量,氢氧化锂产量,100,a10001934,高置信,Y
THS-LI-3.2.1,LI,3,碳酸锂产量（万吨LCE）,wr122|li_52_output|li_61_import_2|li_52_lfp_output|wr124,100.0|94.55|94.55|94.55|94.55,碳酸锂 锂云母产量|磷酸铁锂产量|碳酸锂进口量|磷酸铁锂产量|碳酸锂 仓单量,碳酸锂 锂云母产量,100.0,ID01707134,高置信,Y
THS-LI-3.2.1,LI,4,盐湖提锂精炼产量（万吨LCE）,li_32_output|wr105|li_32_lepid_output|li_35_output|li_52_output,100|91.77|59.99|55.72|55.72,盐湖提锂产量|碳酸锂 盐湖提锂 产量|锂云母产量|氢氧化锂产量|磷酸铁锂产量,盐湖提锂产量,100,a12723867,高置信,Y
THS-LI-3.2.1,LI,5,锂云母精炼产量（万吨LCE）,li_32_lepid_output|wr122|li_71_price|li_71_lepid_price|li_71_lepid_price_2,100|86.67|65.0|65.0|65.0,锂云母产量|碳酸锂 锂云母产量|锂云母价格|锂云母价格|锂云母价格,锂云母产量,100,a12756591,高置信,Y
THS-LI-3.2.1,LI,6,国内锂盐精炼产能（万吨LCE）,li_35_util_2|wr104|wr105|li_322_util|li_322_util_m,91.77|45.88|45.88|43.33|43.33,国内锂盐精炼开工率|碳酸锂 盐湖产:周度|碳酸锂 盐湖提锂 产量|碳酸锂产能利用率中国（周）|碳酸锂产能利用率中国（月）,国内锂盐精炼开工率,91.77,a12715874,高置信,Y
THS-LI-3.2.1,LI,7,国内锂盐精炼开工率（%）,li_35_util_2|li_35_util|wr102|wr103|wr93,100|65.0|54.74|54.74|52.0,国内锂盐精炼开工率|氢氧化锂开工率|碳酸锂 开工率:锂云母|碳酸锂 开工率:锂辉石|SMM 碳酸锂 月度开工率,国内锂盐精炼开工率,100,a12715874,高置信,Y
THS-LI-3.2.1,LI,8,近3年同月均值（万吨LCE）,wr172|wr21|li_24_close_near_2|j23_lme_0to3|sn_23_lme_close_3m,37.5|33.33|30.77|23.53|23.53,沪锡近半年月差变化|SHFE铝近3月虚实比|近月合约收盘价|LME 铅0-3月升贴水|锡：3个月合约：收盘价（日）,沪锡近半年月差变化,37.5,a12841510,无候选/低置信,Y
THS-LI-3.2.1,LI,9,近3年同月标准差（万吨LCE）,wr172|wr21|li_24_close_near_2|si_23_spread_futures|li_24_spread_futures,47.06|31.58|28.57|26.67|26.67,沪锡近半年月差变化|SHFE铝近3月虚实比|近月合约收盘价|工业硅期货月差|碳酸锂期货月差,沪锡近半年月差变化,47.06,a12841510,模糊待人工确认,Y
THS-LI-3.2.1,LI,10,国内锂盐精炼产能利用率（%）,li_35_util_2|li_322_util|li_322_util_m|li_324_capacity_util|li_323_capacity_util,91.0|74.28|74.28|67.82|57.77,国内锂盐精炼开工率|碳酸锂产能利用率中国（周）|碳酸锂产能利用率中国（月）|碳酸锂：产能利用率：中国（周）|碳酸锂：回收料：产能利用率：中国（月）,国内锂盐精炼开工率,91.0,a12715874,高置信,Y
THS-LI-3.2.1,LI,11,国内锂盐检修量（万吨LCE）,li_35_util_2|wr105|li_32_lepid_output|li_62_export|li_32_output,65.0|48.75|43.33|41.05|40.0,国内锂盐精炼开工率|碳酸锂 盐湖提锂 产量|锂云母产量|锂碳酸盐出口数量贸易方式（月）|盐湖提锂产量,国内锂盐精炼开工率,65.0,a12715874,模糊待人工确认,Y
THS-LI-3.2.1,LI,12,锂辉石精炼产量（万吨LCE）,wr123|li_71_conc_price|li_71_spod_price_conc|li_313_output_2|li_32_lepid_output,81.25|74.28|74.28|72.23|65.0,碳酸锂 锂辉石总产量|锂辉石精矿价格|锂辉石精矿价格|锂辉石：产量：澳大利亚（季）|锂云母产量,碳酸锂 锂辉石总产量,81.25,ID01707140,高置信,Y
THS-LI-3.2.2,LI,0,国内锂盐精炼开工率（%）,li_35_util_2|li_35_util|wr102|wr103|wr93,100|65.0|54.74|54.74|52.0,国内锂盐精炼开工率|氢氧化锂开工率|碳酸锂 开工率:锂云母|碳酸锂 开工率:锂辉石|SMM 碳酸锂 月度开工率,国内锂盐精炼开工率,100,a12715874,高置信,Y
THS-LI-3.2.2,LI,1,国内锂盐检修量（万吨LCE）,li_35_util_2|wr105|li_32_lepid_output|li_62_export|li_32_output,65.0|48.75|43.33|41.05|40.0,国内锂盐精炼开工率|碳酸锂 盐湖提锂 产量|锂云母产量|锂碳酸盐出口数量贸易方式（月）|盐湖提锂产量,国内锂盐精炼开工率,65.0,a12715874,模糊待人工确认,Y
THS-LI-3.2.2,LI,2,电池级碳酸锂开工率（%）,li_35_battery_lc_output|wr102|wr103|wr114|li_22_premium_battery_lc,91.77|82.11|82.11|82.11|78.0,电池级碳酸锂产量|碳酸锂 开工率:锂云母|碳酸锂 开工率:锂辉石|电池级碳酸锂 现货价格|电池级碳酸锂现货升贴水,电池级碳酸锂产量,91.77,a12715549,高置信,Y
THS-LI-3.2.2,LI,3,氢氧化锂开工率（%）,li_35_util|li_35_output|li_62_export_2|li_25_profit_smelt|li_53_apparent_cons,100|80.0|74.28|69.33|65.0,氢氧化锂开工率|氢氧化锂产量|氢氧化锂出口量|氢氧化锂冶炼利润|氢氧化锂表观消费量,氢氧化锂开工率,100,a10167884,高置信,Y
THS-LI-3.2.2,LI,4,国内锂盐产能利用率（%）,li_322_util|li_322_util_m|li_324_capacity_util|li_35_util_2|li_323_capacity_util,82.11|82.11|74.28|72.23|62.4,碳酸锂产能利用率中国（周）|碳酸锂产能利用率中国（月）|碳酸锂：产能利用率：中国（周）|国内锂盐精炼开工率|碳酸锂：回收料：产能利用率：中国（月）,碳酸锂产能利用率中国（周）,82.11,ID01445893,高置信,Y
THS-LI-3.2.2,LI,5,盐湖提锂开工率（%）,li_32_output|li_35_util|li_35_util_2|wr105|wr102,80.0|74.28|65.0|65.0|61.18,盐湖提锂产量|氢氧化锂开工率|国内锂盐精炼开工率|碳酸锂 盐湖提锂 产量|碳酸锂 开工率:锂云母,盐湖提锂产量,80.0,a12723867,高置信,Y
THS-LI-3.2.2,LI,6,锂云母精炼开工率（%）,li_35_util_2|li_35_util|li_71_price|li_32_lepid_output|li_71_lepid_price,91.77|69.33|59.99|59.99|59.99,国内锂盐精炼开工率|氢氧化锂开工率|锂云母价格|锂云母产量|锂云母价格,国内锂盐精炼开工率,91.77,a12715874,高置信,Y
THS-LI-3.2.2,LI,7,国内锂盐开工率（%）,li_35_util_2|li_35_util|wr102|wr103|wr93,100|74.28|61.18|61.18|57.77,国内锂盐精炼开工率|氢氧化锂开工率|碳酸锂 开工率:锂云母|碳酸锂 开工率:锂辉石|SMM 碳酸锂 月度开工率,国内锂盐精炼开工率,100,a12715874,高置信,Y
THS-LI-3.2.2,LI,8,近3年同月均值（%）,wr172|wr21|li_24_close_near_2|j23_lme_0to3|sn_23_lme_close_3m,37.5|33.33|30.77|23.53|23.53,沪锡近半年月差变化|SHFE铝近3月虚实比|近月合约收盘价|LME 铅0-3月升贴水|锡：3个月合约：收盘价（日）,沪锡近半年月差变化,37.5,a12841510,无候选/低置信,Y
THS-LI-3.2.2,LI,9,近3年同月标准差（%）,wr172|wr21|li_24_close_near_2|si_23_spread_futures|li_24_spread_futures,47.06|31.58|28.57|26.67|26.67,沪锡近半年月差变化|SHFE铝近3月虚实比|近月合约收盘价|工业硅期货月差|碳酸锂期货月差,沪锡近半年月差变化,47.06,a12841510,模糊待人工确认,Y
THS-LI-3.2.2,LI,10,近3年同月均值（万吨LCE）,wr172|wr21|li_24_close_near_2|j23_lme_0to3|sn_23_lme_close_3m,37.5|33.33|30.77|23.53|23.53,沪锡近半年月差变化|SHFE铝近3月虚实比|近月合约收盘价|LME 铅0-3月升贴水|锡：3个月合约：收盘价（日）,沪锡近半年月差变化,37.5,a12841510,无候选/低置信,Y
THS-LI-3.2.2,LI,11,近3年同月标准差（万吨LCE）,wr172|wr21|li_24_close_near_2|si_23_spread_futures|li_24_spread_futures,47.06|31.58|28.57|26.67|26.67,沪锡近半年月差变化|SHFE铝近3月虚实比|近月合约收盘价|工业硅期货月差|碳酸锂期货月差,沪锡近半年月差变化,47.06,a12841510,模糊待人工确认,Y
THS-LI-3.2.2,LI,12,国内锂盐开工天数（天）,li_35_util_2|li_44_inv|li_35_util|wr102|wr103,91.77|61.18|52.0|43.33|43.33,国内锂盐精炼开工率|碳酸锂工厂库存天数|氢氧化锂开工率|碳酸锂 开工率:锂云母|碳酸锂 开工率:锂辉石,国内锂盐精炼开工率,91.77,a12715874,高置信,Y
THS-LI-3.2.2,LI,13,国内锂盐产能（万吨LCE）,li_35_util_2|wr104|wr105|li_322_util|li_322_util_m,69.33|52.0|52.0|48.75|48.75,国内锂盐精炼开工率|碳酸锂 盐湖产:周度|碳酸锂 盐湖提锂 产量|碳酸锂产能利用率中国（周）|碳酸锂产能利用率中国（月）,国内锂盐精炼开工率,69.33,a12715874,模糊待人工确认,Y
THS-LI-3.2.3,LI,0,再生碳酸锂产量（万吨LCE）,li_31_output|li_35_battery_lc_output|li_35_industrial_lc_output|wr94|wr95,92.86|86.67|86.67|86.67|86.67,海外碳酸锂产量(智利)|电池级碳酸锂产量|工业级碳酸锂产量|碳酸锂 产量:四川|碳酸锂 产量:山东,海外碳酸锂产量(智利),92.86,a12817812,高置信,Y
THS-LI-3.2.3,LI,1,再生氢氧化锂产量（万吨LCE）,li_35_output|li_321_output|li_323_output_recycle|li_62_export_2|li_53_apparent_cons,97.5|86.67|86.67|86.67|76.47,氢氧化锂产量|氢氧化锂：产量：中国（月）|氢氧化锂：产量：中国（月）|氢氧化锂出口量|氢氧化锂表观消费量,氢氧化锂产量,97.5,a10001934,高置信,Y
THS-LI-3.2.3,LI,2,回收企业产量（万吨LCE）,si_312_output|li_36_idx|li_36_recycle_lc|si_321_output|si_323_output_recycle,46.15|46.15|46.15|42.86|42.86,美国工业硅产量|回收料产碳酸锂|回收料产碳酸锂|工业硅精炼月产量|工业硅再生月产量,美国工业硅产量,46.15,ID01552216,模糊待人工确认,Y
THS-LI-3.2.3,LI,3,回收企业产能（万吨LCE）,si_312_capacity|li_36_idx|li_36_recycle_lc|si_321_capacity_2|li_323_capacity,50.0|46.15|46.15|42.86|42.11,硅锰企业：产能：中国（月）|回收料产碳酸锂|回收料产碳酸锂|工业硅精炼月产能|碳酸锂：回收料：产能：中国（月）,硅锰企业：产能：中国（月）,50.0,ID01108784,模糊待人工确认,Y
THS-LI-3.2.3,LI,4,回收企业开工率（%）,wr268|si_312_util_2|si_312_util_3|si_321_util_polysilicon|si_323_util_recycle_polysilicon,58.82|55.56|55.56|55.56|55.56,中国硫酸镍企业开工率|硅锰企业：开工率：中国（周）|硅锰企业：开工率：中国（周）|硅锰企业：开工率：中国（周）|硅锰企业：开工率：中国（周）,中国硫酸镍企业开工率,58.82,a12839552,模糊待人工确认,Y
THS-LI-3.2.3,LI,5,回收企业检修量（万吨LCE）,si_61_import_3|si_62_export|si_62_export_2|li_321_output_carbonate|zn_312_output_7,30.77|30.77|30.77|30.0|28.57,工业硅进口量|工业硅出口量|工业硅出口量|碳酸锂：回收料：产量：中国（月）|样本企业：原生锌：产量：中国（月）,工业硅进口量,30.77,CM0000287718,无候选/低置信,Y
THS-LI-3.2.3,LI,6,回收企业产能利用率（%）,cu_51_capacity_util_copper_tube|si_313_util_capacity|si_311_capacity_util|si_315_capacity_util_industrial_si|si_321_capacity_industrial_si,63.64|63.16|58.33|57.14|57.14,铜管企业：产能利用率：中国（月）|中国工业硅产能利用率|硅铁生产企业：产能利用率：陕西（月）|工业硅：产能利用率：中国（月）|工业硅：产能利用率：中国（月）,铜管企业：产能利用率：中国（月）,63.64,ID01001705,模糊待人工确认,Y
THS-LI-3.2.3,LI,7,回收企业开工天数（天）,wr268|si_312_util_2|si_312_util_3|si_321_util_polysilicon|si_323_util_recycle_polysilicon,44.44|42.11|42.11|42.11|42.11,中国硫酸镍企业开工率|硅锰企业：开工率：中国（周）|硅锰企业：开工率：中国（周）|硅锰企业：开工率：中国（周）|硅锰企业：开工率：中国（周）,中国硫酸镍企业开工率,44.44,a12839552,模糊待人工确认,Y
THS-LI-3.2.3,LI,8,近3年同月均值（万吨LCE）,wr172|wr21|li_24_close_near_2|j23_lme_0to3|sn_23_lme_close_3m,37.5|33.33|30.77|23.53|23.53,沪锡近半年月差变化|SHFE铝近3月虚实比|近月合约收盘价|LME 铅0-3月升贴水|锡：3个月合约：收盘价（日）,沪锡近半年月差变化,37.5,a12841510,无候选/低置信,Y
THS-LI-3.2.3,LI,9,近3年同月标准差（万吨LCE）,wr172|wr21|li_24_close_near_2|si_23_spread_futures|li_24_spread_futures,47.06|31.58|28.57|26.67|26.67,沪锡近半年月差变化|SHFE铝近3月虚实比|近月合约收盘价|工业硅期货月差|碳酸锂期货月差,沪锡近半年月差变化,47.06,a12841510,模糊待人工确认,Y
THS-LI-3.2.3,LI,10,近3年同月均值（%）,wr172|wr21|li_24_close_near_2|j23_lme_0to3|sn_23_lme_close_3m,37.5|33.33|30.77|23.53|23.53,沪锡近半年月差变化|SHFE铝近3月虚实比|近月合约收盘价|LME 铅0-3月升贴水|锡：3个月合约：收盘价（日）,沪锡近半年月差变化,37.5,a12841510,无候选/低置信,Y
THS-LI-3.2.3,LI,11,近3年同月标准差（%）,wr172|wr21|li_24_close_near_2|si_23_spread_futures|li_24_spread_futures,47.06|31.58|28.57|26.67|26.67,沪锡近半年月差变化|SHFE铝近3月虚实比|近月合约收盘价|工业硅期货月差|碳酸锂期货月差,沪锡近半年月差变化,47.06,a12841510,模糊待人工确认,Y
THS-LI-3.2.4,LI,0,电池级碳酸锂冶炼利润（元/吨）,li_35_battery_lc_output|wr114|li_22_premium_battery_lc|wr111|li_25_profit_smelt,86.67|78.0|74.28|74.28|72.23,电池级碳酸锂产量|电池级碳酸锂 现货价格|电池级碳酸锂现货升贴水|电池级-工业级碳酸锂 价差|氢氧化锂冶炼利润,电池级碳酸锂产量,86.67,a12715549,高置信,Y
THS-LI-3.2.4,LI,1,工业级碳酸锂冶炼利润（元/吨）,li_35_industrial_lc_output|wr110|li_22_premium_spot|wr111|li_25_profit_smelt,86.67|78.0|74.28|74.28|72.23,工业级碳酸锂产量|工业级碳酸锂 现货价格|工业级碳酸锂现货升贴水|电池级-工业级碳酸锂 价差|氢氧化锂冶炼利润,工业级碳酸锂产量,86.67,a12715548,高置信,Y
THS-LI-3.2.4,LI,2,氢氧化锂冶炼利润（元/吨）,li_25_profit_smelt|li_25_profit_2|li_35_output|li_35_util|li_62_export_2,100|74.28|74.28|69.33|69.33,氢氧化锂冶炼利润|氢氧化锂：苛化法：生产利润（日）|氢氧化锂产量|氢氧化锂开工率|氢氧化锂出口量,氢氧化锂冶炼利润,100,a12763812,高置信,Y
THS-LI-3.2.4,LI,3,碳酸锂冶炼利润（元/吨）,li_25_profit_smelt|li_72_profit_mine|li_72_profit_mica|li_26_idx|wr145,86.67|76.47|76.47|74.28|74.28,氢氧化锂冶炼利润|碳酸锂外采锂精矿利润（日）|碳酸锂外采锂云母利润（日）|碳酸锂生产毛利|碳酸锂进口 智利,氢氧化锂冶炼利润,86.67,a12763812,高置信,Y
THS-LI-3.2.4,LI,4,盐湖提锂冶炼利润（元/吨）,li_25_profit_smelt|li_32_output|wr105|li_72_profit_mine|li_72_profit_mica,81.25|74.28|61.18|43.33|43.33,氢氧化锂冶炼利润|盐湖提锂产量|碳酸锂 盐湖提锂 产量|碳酸锂外采锂精矿利润（日）|碳酸锂外采锂云母利润（日）,氢氧化锂冶炼利润,81.25,a12763812,高置信,Y
THS-LI-3.2.4,LI,5,锂云母冶炼利润（元/吨）,li_25_profit_smelt|li_72_profit_mica|li_71_price|li_32_lepid_output|li_71_lepid_price,86.67|76.47|65.0|65.0|65.0,氢氧化锂冶炼利润|碳酸锂外采锂云母利润（日）|锂云母价格|锂云母产量|锂云母价格,氢氧化锂冶炼利润,86.67,a12763812,高置信,Y
THS-LI-3.2.4,LI,6,锂辉石冶炼利润（元/吨）,li_25_profit_smelt|li_313_output_2|li_71_conc_price|li_71_spod_price_conc|wr158,86.67|57.77|55.72|55.72|52.0,氢氧化锂冶炼利润|锂辉石：产量：澳大利亚（季）|锂辉石精矿价格|锂辉石精矿价格|锂辉石加工费 四川,氢氧化锂冶炼利润,86.67,a12763812,高置信,Y
THS-LI-3.2.4,LI,7,锂矿TC（元/吨）,li_73_conc_avg_price|li_33_import_avg_price|li_63_conc|li_63_conc_shipment|wr150,55.72|52.0|52.0|52.0|52.0,锂辉石精矿CIF均价|锂矿进口均价|锂精矿海漂量(澳大利亚)|锂精矿发运量(班伯里港)|锂矿 可售库存,锂辉石精矿CIF均价,55.72,ID01722298,模糊待人工确认,Y
THS-LI-3.2.4,LI,8,近3年同月均值（元/吨）,wr172|wr21|li_24_close_near_2|j23_lme_0to3|sn_23_lme_close_3m,37.5|33.33|30.77|23.53|23.53,沪锡近半年月差变化|SHFE铝近3月虚实比|近月合约收盘价|LME 铅0-3月升贴水|锡：3个月合约：收盘价（日）,沪锡近半年月差变化,37.5,a12841510,无候选/低置信,Y
THS-LI-3.2.4,LI,9,近3年同月标准差（元/吨）,wr172|wr21|li_24_close_near_2|si_23_spread_futures|li_24_spread_futures,47.06|31.58|28.57|26.67|26.67,沪锡近半年月差变化|SHFE铝近3月虚实比|近月合约收盘价|工业硅期货月差|碳酸锂期货月差,沪锡近半年月差变化,47.06,a12841510,模糊待人工确认,Y
THS-LI-3.2.4,LI,10,冶炼产能利用率（%）,ni_321_capacity_util|li_322_util|li_322_util_m|si_313_util_capacity|si_312_capacity_util_2,63.16|58.82|58.82|58.82|52.63,精炼镍：产能利用率：中国（月）|碳酸锂产能利用率中国（周）|碳酸锂产能利用率中国（月）|中国工业硅产能利用率|多晶硅：产能利用率：中国（月）,精炼镍：产能利用率：中国（月）,63.16,ID01002083,模糊待人工确认,Y
THS-LI-3.2.4,LI,11,冶炼检修量（万吨LCE）,精炼产量|li_44_inv_smelt|sn_72_idx|si_25_profit_smelt|si_25_cost_smelt,44.44|40.0|36.36|33.33|33.33,精炼产量|冶炼厂库存总量|冶炼锡：毛利（日）|工业硅冶炼利润|工业硅冶炼成本,精炼产量,44.44,ID00188139,模糊待人工确认,Y
THS-LI-3.2.4,LI,12,冶炼利润（元/吨）,sn_72_idx|si_25_profit_smelt|si_25_profit_smelt_2|li_25_profit_smelt|li_25_profit_5,60.0|57.14|57.14|50.0|44.44,冶炼锡：毛利（日）|工业硅冶炼利润|工业硅冶炼利润|氢氧化锂冶炼利润|分路线利润,冶炼锡：毛利（日）,60.0,ID02105841,模糊待人工确认,Y
THS-LI-3.2.4,LI,13,冶炼产能（万吨LCE）,精炼产量|si_321_capacity_2|li_31_capacity|ni_311_capacity_2|ni_311_capacity_3,50.0|50.0|50.0|46.15|46.15,精炼产量|工业硅精炼月产能|海外产能|精炼镍：产能：印尼（月）|精炼镍：产能：中国（月）,精炼产量,50.0,ID00188139,模糊待人工确认,Y
THS-LI-4.1,LI,0,碳酸锂交易所库存（万吨LCE）,li_314_inv|li_22_social_inv|li_44_lc_inv_plant|wr130|wr129,86.67|86.67|86.67|86.67|81.25,碳酸锂库存中国（月）|碳酸锂社会库存|碳酸锂工厂库存总量|碳酸锂 工厂库存|碳酸锂 大样本库存,碳酸锂库存中国（月）,86.67,ID01865189,高置信,Y
THS-LI-4.1,LI,1,氢氧化锂交易所库存（万吨LCE）,li_35_output|li_35_util|li_62_export_2|li_25_profit_smelt|li_53_apparent_cons,69.33|65.0|65.0|61.18|57.77,氢氧化锂产量|氢氧化锂开工率|氢氧化锂出口量|氢氧化锂冶炼利润|氢氧化锂表观消费量,氢氧化锂产量,69.33,a10001934,模糊待人工确认,Y
THS-LI-4.1,LI,2,电池级碳酸锂交易所库存（万吨LCE）,li_35_battery_lc_output|wr114|li_314_inv|li_22_social_inv|li_44_lc_inv_plant,82.11|74.28|72.23|72.23|72.23,电池级碳酸锂产量|电池级碳酸锂 现货价格|碳酸锂库存中国（月）|碳酸锂社会库存|碳酸锂工厂库存总量,电池级碳酸锂产量,82.11,a12715549,高置信,Y
THS-LI-4.1,LI,3,工业级碳酸锂交易所库存（万吨LCE）,li_35_industrial_lc_output|wr110|li_314_inv|li_22_social_inv|li_44_lc_inv_plant,82.11|74.28|72.23|72.23|72.23,工业级碳酸锂产量|工业级碳酸锂 现货价格|碳酸锂库存中国（月）|碳酸锂社会库存|碳酸锂工厂库存总量,工业级碳酸锂产量,82.11,a12715548,高置信,Y
THS-LI-4.1,LI,4,仓单数量（万吨LCE）,wr124|wr263|wr171|i2|li_61_import_total,60.0|44.44|40.0|36.36|36.36,碳酸锂 仓单量|不锈钢仓单|沪锡总持仓量|SHFE铅仓单|锂进口数量合计中国（月）,碳酸锂 仓单量,60.0,FU00058091,模糊待人工确认,Y
THS-LI-4.1,LI,5,注销仓单数量（万吨LCE）,i7|al_41_lme_warrant|al_41_warrant|al_41_warrant_ratio|cu_42_warrant_cancel,57.14|50.0|50.0|50.0|50.0,LME铅注销仓单|LME：铝：注销仓单（日）|LME：铝：注销仓单（日）|LME：铝：注销仓单（日）|LME：铜：注销仓单（日）,LME铅注销仓单,57.14,a10193711,模糊待人工确认,Y
THS-LI-4.1,LI,6,在途库存（万吨LCE）,SHFE库存|社库|li_43_inv_struct|li_43_inv_struct_2|wr152,57.14|50.0|50.0|50.0|50.0,上期所库存|社会库存|库存结构|库存结构|锂矿 外采 在途库存,上期所库存,57.14,FU00014935,模糊待人工确认,Y
THS-LI-4.1,LI,7,隐性库存（万吨LCE）,SHFE库存|社库|li_43_inv_struct|li_43_inv_struct_2|wr178,57.14|50.0|50.0|50.0|50.0,上期所库存|社会库存|库存结构|库存结构|国内隐形库存拟合,上期所库存,57.14,FU00014935,模糊待人工确认,Y
THS-LI-4.1,LI,8,近3年同月均值（万吨LCE）,wr172|wr21|li_24_close_near_2|j23_lme_0to3|sn_23_lme_close_3m,37.5|33.33|30.77|23.53|23.53,沪锡近半年月差变化|SHFE铝近3月虚实比|近月合约收盘价|LME 铅0-3月升贴水|锡：3个月合约：收盘价（日）,沪锡近半年月差变化,37.5,a12841510,无候选/低置信,Y
THS-LI-4.1,LI,9,近3年同月标准差（万吨LCE）,wr172|wr21|li_24_close_near_2|si_23_spread_futures|li_24_spread_futures,47.06|31.58|28.57|26.67|26.67,沪锡近半年月差变化|SHFE铝近3月虚实比|近月合约收盘价|工业硅期货月差|碳酸锂期货月差,沪锡近半年月差变化,47.06,a12841510,模糊待人工确认,Y
THS-LI-4.2,LI,0,碳酸锂仓单数量（万吨LCE）,wr124|li_21_warrant|li_41_warrant|li_41_warrant_2|li_42_warrant_carbonate,100|91.0|91.0|91.0|91.0,碳酸锂 仓单量|GFEX：碳酸锂：仓单数量（日）|GFEX：碳酸锂：仓单数量（日）|GFEX：碳酸锂：仓单数量（日）|GFEX：碳酸锂：仓单数量（日）,碳酸锂 仓单量,100,FU00058091,高置信,Y
THS-LI-4.2,LI,1,氢氧化锂仓单数量（万吨LCE）,li_35_output|li_62_export_2|li_53_apparent_cons|wr124|li_321_output,92.86|86.67|76.47|74.28|72.23,氢氧化锂产量|氢氧化锂出口量|氢氧化锂表观消费量|碳酸锂 仓单量|氢氧化锂：产量：中国（月）,氢氧化锂产量,92.86,a10001934,高置信,Y
THS-LI-4.2,LI,2,电池级碳酸锂仓单数量（万吨LCE）,li_35_battery_lc_output|wr124|li_21_warrant|li_41_warrant|li_41_warrant_2,100|97.5|79.13|79.13|79.13,电池级碳酸锂产量|碳酸锂 仓单量|GFEX：碳酸锂：仓单数量（日）|GFEX：碳酸锂：仓单数量（日）|GFEX：碳酸锂：仓单数量（日）,电池级碳酸锂产量,100,a12715549,高置信,Y
THS-LI-4.2,LI,3,工业级碳酸锂仓单数量（万吨LCE）,li_35_industrial_lc_output|wr124|li_21_warrant|li_41_warrant|li_41_warrant_2,100|97.5|79.13|79.13|79.13,工业级碳酸锂产量|碳酸锂 仓单量|GFEX：碳酸锂：仓单数量（日）|GFEX：碳酸锂：仓单数量（日）|GFEX：碳酸锂：仓单数量（日）,工业级碳酸锂产量,100,a12715548,高置信,Y
THS-LI-4.2,LI,4,注销仓单数量（万吨LCE）,i7|al_41_lme_warrant|al_41_warrant|al_41_warrant_ratio|cu_42_warrant_cancel,57.14|50.0|50.0|50.0|50.0,LME铅注销仓单|LME：铝：注销仓单（日）|LME：铝：注销仓单（日）|LME：铝：注销仓单（日）|LME：铜：注销仓单（日）,LME铅注销仓单,57.14,a10193711,模糊待人工确认,Y
THS-LI-4.2,LI,5,仓单数量（万吨LCE）,wr124|wr263|wr171|i2|li_61_import_total,60.0|44.44|40.0|36.36|36.36,碳酸锂 仓单量|不锈钢仓单|沪锡总持仓量|SHFE铅仓单|锂进口数量合计中国（月）,碳酸锂 仓单量,60.0,FU00058091,模糊待人工确认,Y
THS-LI-4.2,LI,6,仓单注销占比（%）,al_41_lme_warrant_ratio|sn_42_ratio|sn_43_ratio|ni_42_ratio|wr263,50.0|50.0|50.0|42.11|36.36,LME：铝：注销占比（日）|LME：锡：注销占比（日）|LME：锡：注销占比（日）|LME：镍：注销占比：香港（日）|不锈钢仓单,LME：铝：注销占比（日）,50.0,FU00023742,模糊待人工确认,Y
THS-LI-4.2,LI,7,近3年同月均值（万吨LCE）,wr172|wr21|li_24_close_near_2|j23_lme_0to3|sn_23_lme_close_3m,37.5|33.33|30.77|23.53|23.53,沪锡近半年月差变化|SHFE铝近3月虚实比|近月合约收盘价|LME 铅0-3月升贴水|锡：3个月合约：收盘价（日）,沪锡近半年月差变化,37.5,a12841510,无候选/低置信,Y
THS-LI-4.2,LI,8,近3年同月标准差（万吨LCE）,wr172|wr21|li_24_close_near_2|si_23_spread_futures|li_24_spread_futures,47.06|31.58|28.57|26.67|26.67,沪锡近半年月差变化|SHFE铝近3月虚实比|近月合约收盘价|工业硅期货月差|碳酸锂期货月差,沪锡近半年月差变化,47.06,a12841510,模糊待人工确认,Y
THS-LI-4.2,LI,9,仓单库存天数（天）,i15|li_44_inv|wr83|wr131|wr132,53.33|53.33|53.33|50.0|50.0,再生铅原料库存天数|碳酸锂工厂库存天数|铝土矿库存天数-全国|碳酸锂 库存天数:上游|碳酸锂 库存天数:总计,再生铅原料库存天数,53.33,a12810628,模糊待人工确认,Y
THS-LI-4.2,LI,10,碳酸锂交易所库存（万吨LCE）,li_314_inv|li_22_social_inv|li_44_lc_inv_plant|wr130|wr129,86.67|86.67|86.67|86.67|81.25,碳酸锂库存中国（月）|碳酸锂社会库存|碳酸锂工厂库存总量|碳酸锂 工厂库存|碳酸锂 大样本库存,碳酸锂库存中国（月）,86.67,ID01865189,高置信,Y
THS-LI-4.3,LI,0,碳酸锂社会库存（万吨LCE）,li_22_social_inv|li_314_inv|li_44_lc_inv_plant|wr130|wr129,100|92.86|92.86|92.86|86.67,碳酸锂社会库存|碳酸锂库存中国（月）|碳酸锂工厂库存总量|碳酸锂 工厂库存|碳酸锂 大样本库存,碳酸锂社会库存,100,a12795935,高置信,Y
THS-LI-4.3,LI,1,氢氧化锂社会库存（万吨LCE）,li_22_social_inv|li_35_output|li_35_util|li_62_export_2|li_25_profit_smelt,86.67|74.28|69.33|69.33|65.0,碳酸锂社会库存|氢氧化锂产量|氢氧化锂开工率|氢氧化锂出口量|氢氧化锂冶炼利润,碳酸锂社会库存,86.67,a12795935,高置信,Y
THS-LI-4.3,LI,2,电池级碳酸锂社会库存（万吨LCE）,li_22_social_inv|li_35_battery_lc_output|wr114|li_314_inv|li_44_lc_inv_plant,91.0|86.67|78.0|76.47|76.47,碳酸锂社会库存|电池级碳酸锂产量|电池级碳酸锂 现货价格|碳酸锂库存中国（月）|碳酸锂工厂库存总量,碳酸锂社会库存,91.0,a12795935,高置信,Y
THS-LI-4.3,LI,3,工业级碳酸锂社会库存（万吨LCE）,li_22_social_inv|li_35_industrial_lc_output|wr110|li_314_inv|li_44_lc_inv_plant,91.0|86.67|78.0|76.47|76.47,碳酸锂社会库存|工业级碳酸锂产量|工业级碳酸锂 现货价格|碳酸锂库存中国（月）|碳酸锂工厂库存总量,碳酸锂社会库存,91.0,a12795935,高置信,Y
THS-LI-4.3,LI,4,厂内库存（万吨LCE）,li_44_inv_smelt|SHFE库存|si_43_inv|li_44_lc_inv_plant|wr130,66.67|57.14|54.55|54.55|54.55,冶炼厂库存总量|上期所库存|工业硅工厂库存总量|碳酸锂工厂库存总量|碳酸锂 工厂库存,冶炼厂库存总量,66.67,a10097626,模糊待人工确认,Y
THS-LI-4.3,LI,5,在途库存（万吨LCE）,SHFE库存|社库|li_43_inv_struct|li_43_inv_struct_2|wr152,57.14|50.0|50.0|50.0|50.0,上期所库存|社会库存|库存结构|库存结构|锂矿 外采 在途库存,上期所库存,57.14,FU00014935,模糊待人工确认,Y
THS-LI-4.3,LI,6,隐性库存（万吨LCE）,SHFE库存|社库|li_43_inv_struct|li_43_inv_struct_2|wr178,57.14|50.0|50.0|50.0|50.0,上期所库存|社会库存|库存结构|库存结构|国内隐形库存拟合,上期所库存,57.14,FU00014935,模糊待人工确认,Y
THS-LI-4.3,LI,7,近3年同月均值（万吨LCE）,wr172|wr21|li_24_close_near_2|j23_lme_0to3|sn_23_lme_close_3m,37.5|33.33|30.77|23.53|23.53,沪锡近半年月差变化|SHFE铝近3月虚实比|近月合约收盘价|LME 铅0-3月升贴水|锡：3个月合约：收盘价（日）,沪锡近半年月差变化,37.5,a12841510,无候选/低置信,Y
THS-LI-4.3,LI,8,近3年同月标准差（万吨LCE）,wr172|wr21|li_24_close_near_2|si_23_spread_futures|li_24_spread_futures,47.06|31.58|28.57|26.67|26.67,沪锡近半年月差变化|SHFE铝近3月虚实比|近月合约收盘价|工业硅期货月差|碳酸锂期货月差,沪锡近半年月差变化,47.06,a12841510,模糊待人工确认,Y
THS-LI-4.3,LI,9,库存天数（天）,SHFE库存|社库|li_43_inv_struct|li_43_inv_struct_2|wr267,57.14|50.0|50.0|50.0|50.0,上期所库存|社会库存|库存结构|库存结构|镍铁库存,上期所库存,57.14,FU00014935,模糊待人工确认,Y
THS-LI-4.4,LI,0,碳酸锂工厂库存（万吨LCE）,li_44_inv|li_44_lc_inv_plant|wr130|li_314_inv|li_22_social_inv,100|100|100|92.86|92.86,碳酸锂工厂库存天数|碳酸锂工厂库存总量|碳酸锂 工厂库存|碳酸锂库存中国（月）|碳酸锂社会库存,碳酸锂工厂库存天数,100,a12805120,高置信,Y
THS-LI-4.4,LI,1,氢氧化锂工厂库存（万吨LCE）,li_35_util|li_44_lc_inv_plant|wr130|li_44_inv|li_35_output,86.67|86.67|86.67|76.47|74.28,氢氧化锂开工率|碳酸锂工厂库存总量|碳酸锂 工厂库存|碳酸锂工厂库存天数|氢氧化锂产量,氢氧化锂开工率,86.67,a10167884,高置信,Y
THS-LI-4.4,LI,2,电池级碳酸锂工厂库存（万吨LCE）,li_44_inv|li_44_lc_inv_plant|wr130|li_35_battery_lc_output|wr114,95.78|91.0|91.0|86.67|78.0,碳酸锂工厂库存天数|碳酸锂工厂库存总量|碳酸锂 工厂库存|电池级碳酸锂产量|电池级碳酸锂 现货价格,碳酸锂工厂库存天数,95.78,a12805120,高置信,Y
THS-LI-4.4,LI,3,工业级碳酸锂工厂库存（万吨LCE）,li_44_inv|li_44_lc_inv_plant|wr130|li_35_industrial_lc_output|wr110,95.78|91.0|91.0|86.67|78.0,碳酸锂工厂库存天数|碳酸锂工厂库存总量|碳酸锂 工厂库存|工业级碳酸锂产量|工业级碳酸锂 现货价格,碳酸锂工厂库存天数,95.78,a12805120,高置信,Y
THS-LI-4.4,LI,4,厂内库存天数（天）,li_44_inv|wr151|li_44_inv_smelt|i15|wr52,66.67|57.14|54.55|53.33|53.33,碳酸锂工厂库存天数|锂矿 外采 厂内库存|冶炼厂库存总量|再生铅原料库存天数|氧化铝厂内库存(除新疆)-钢联,碳酸锂工厂库存天数,66.67,a12805120,模糊待人工确认,Y
THS-LI-4.4,LI,5,近3年同月均值（万吨LCE）,wr172|wr21|li_24_close_near_2|j23_lme_0to3|sn_23_lme_close_3m,37.5|33.33|30.77|23.53|23.53,沪锡近半年月差变化|SHFE铝近3月虚实比|近月合约收盘价|LME 铅0-3月升贴水|锡：3个月合约：收盘价（日）,沪锡近半年月差变化,37.5,a12841510,无候选/低置信,Y
THS-LI-4.4,LI,6,近3年同月标准差（万吨LCE）,wr172|wr21|li_24_close_near_2|si_23_spread_futures|li_24_spread_futures,47.06|31.58|28.57|26.67|26.67,沪锡近半年月差变化|SHFE铝近3月虚实比|近月合约收盘价|工业硅期货月差|碳酸锂期货月差,沪锡近半年月差变化,47.06,a12841510,模糊待人工确认,Y
THS-LI-4.4,LI,7,厂内库存分地区（万吨LCE）,wr151|li_44_inv_plant|li_44_inv_smelt|wr52|al_4_inv_aluminum_2,53.33|50.0|50.0|50.0|44.44,锂矿 外采 厂内库存|碳酸锂：回收料：厂内库存：华东地区（月）|冶炼厂库存总量|氧化铝厂内库存(除新疆)-钢联|电解铝：厂内库存：中国（日）,锂矿 外采 厂内库存,53.33,ID02069945,模糊待人工确认,Y
THS-LI-4.4,LI,8,厂内库存持有者（万吨LCE）,wr151|li_44_inv_smelt|wr52|al_4_inv_aluminum_2|si_43_inv,53.33|50.0|50.0|44.44|42.86,锂矿 外采 厂内库存|冶炼厂库存总量|氧化铝厂内库存(除新疆)-钢联|电解铝：厂内库存：中国（日）|工业硅工厂库存总量,锂矿 外采 厂内库存,53.33,ID02069945,模糊待人工确认,Y
THS-LI-4.4,LI,9,厂内库存在途量（万吨LCE）,wr151|li_44_inv_smelt|wr52|al_4_inv_aluminum_2|si_43_inv,53.33|50.0|50.0|44.44|42.86,锂矿 外采 厂内库存|冶炼厂库存总量|氧化铝厂内库存(除新疆)-钢联|电解铝：厂内库存：中国（日）|工业硅工厂库存总量,锂矿 外采 厂内库存,53.33,ID02069945,模糊待人工确认,Y
THS-NI-2.1,NI,0,沪镍主力合约收盘价（元/吨）,ni_21_close_front|wr256|wr254|wr257|ni_21_volume_front,82.73|43.33|40.0|40.0|38.52,SHFE：镍：主力合约：收盘价（日）|镍铁价格（江苏，7%≤Ni≤13%）|硫酸镍价格|镍铁折镍价|SHFE：镍：主力合约：单边交易：成交量（日）,SHFE：镍：主力合约：收盘价（日）,82.73,FU00014997,高置信,Y
THS-NI-2.1,NI,1,沪镍主力合约成交量（手）,ni_21_volume_front|ni_21_volume_top20|ni_21_openinterest_front|ni_26_openinterest_top20_front|ni_26_openinterest_top20_front_2,67.41|59.09|57.77|57.77|57.77,SHFE：镍：主力合约：单边交易：成交量（日）|LME：镍：3个月合约：成交量（日）|SHFE：镍：主力合约：单边交易：持仓量（日）|SHFE：镍：主力合约：单边交易：持仓量（日）|SHFE：镍：主力合约：单边交易：持仓量（日）,SHFE：镍：主力合约：单边交易：成交量（日）,67.41,FU00018044,模糊待人工确认,Y
THS-NI-2.1,NI,2,沪镍主力合约持仓量（手）,ni_21_openinterest_front|ni_26_openinterest_top20_front|ni_26_openinterest_top20_front_2|ni_21_volume_front|ni_21_close_front,67.41|67.41|67.41|48.15|47.27,SHFE：镍：主力合约：单边交易：持仓量（日）|SHFE：镍：主力合约：单边交易：持仓量（日）|SHFE：镍：主力合约：单边交易：持仓量（日）|SHFE：镍：主力合约：单边交易：成交量（日）|SHFE：镍：主力合约：收盘价（日）,SHFE：镍：主力合约：单边交易：持仓量（日）,67.41,FU00018043,模糊待人工确认,Y
THS-NI-2.1,NI,3,前20名多头持仓量,li_26_top20_openinterest|li_26_openinterest_top20_long|li_26_openinterest_top20_long_2|li_26_openinterest_top20_long_3|li_26_openinterest_top20_short,70.59|70.59|70.59|70.59|70.59,空头前20持仓量|多头前20持仓量|多头前20持仓量|多头前20持仓量|空头前20持仓量,空头前20持仓量,70.59,FU00085347,高置信,Y
THS-NI-2.1,NI,4,前20名空头持仓量,li_26_top20_openinterest|li_26_openinterest_top20_long|li_26_openinterest_top20_long_2|li_26_openinterest_top20_long_3|li_26_openinterest_top20_short,70.59|70.59|70.59|70.59|70.59,空头前20持仓量|多头前20持仓量|多头前20持仓量|多头前20持仓量|空头前20持仓量,空头前20持仓量,70.59,FU00085347,高置信,Y
THS-NI-2.1,NI,5,沪镍近月合约价格,wr256|wr254|wr253|wr257|ni_21_close_front,70.91|65.0|59.99|43.33|37.14,镍铁价格（江苏，7%≤Ni≤13%）|硫酸镍价格|印尼镍矿价格（HPM 1.6%）|镍铁折镍价|SHFE：镍：主力合约：收盘价（日）,镍铁价格（江苏，7%≤Ni≤13%）,70.91,ID00185681,高置信,Y
THS-NI-2.1,NI,6,沪镍远月合约价格,wr256|wr254|wr253|wr257|ni_21_close_front,70.91|65.0|59.99|43.33|37.14,镍铁价格（江苏，7%≤Ni≤13%）|硫酸镍价格|印尼镍矿价格（HPM 1.6%）|镍铁折镍价|SHFE：镍：主力合约：收盘价（日）,镍铁价格（江苏，7%≤Ni≤13%）,70.91,ID00185681,高置信,Y
THS-NI-2.1,NI,7,月差（近月-远月）,si_22_basis|si_23_spread_futures|li_24_spread_futures|li_24_lc_spread|wr252,28.57|28.57|28.57|28.57|28.57,工业硅基差|工业硅期货月差|碳酸锂期货月差|碳酸锂期货月差|不锈钢基差,工业硅基差,28.57,a12841761,无候选/低置信,Y
THS-NI-2.1,NI,8,镍现货升贴水（元/吨）,ni_32_premium|ni_42_premium|ni_21_premium|ni_22_premium_percentile|ni_22_premium,45.88|44.58|43.33|43.33|43.33,电解镍：Ni≥99.96%：俄罗斯产：现货到岸升贴水：中国（日）|电解镍：Ni≥99.99%：日本产：现货升贴水：中国：保税区（日）|水淬镍：15-22%Ni：印尼产：升贴水（日）|水淬镍：15-22%Ni：印尼产：升贴水（日）|水淬镍：15-22%Ni：印尼产：升贴水（日）,电解镍：Ni≥99.96%：俄罗斯产：现货到岸升贴水：中国（日）,45.88,ID00265540,模糊待人工确认,Y
THS-NI-2.1,NI,9,镍期货仓单数量（吨）,ni_22_import|ni_313_import_2|ni_45_import|ni_45_import_3|ni_45_import_4,45.88|45.88|45.88|45.88|45.88,冰镍：进口数量合计：中国（月）|冰镍：进口数量合计：中国（月）|冰镍：进口数量合计：中国（月）|冰镍：进口数量合计：中国（月）|冰镍：进口数量合计：中国（月）,冰镍：进口数量合计：中国（月）,45.88,ID01364224,模糊待人工确认,Y
THS-NI-2.1,NI,10,仓单注册量变化（吨）,wr124|wr194|wr182|wr195|wr263,46.15|40.0|35.29|35.29|33.33,碳酸锂 仓单量|中国净进口量变化|印尼精炼锡出口量变化|中国精炼锡进口量变化|不锈钢仓单,碳酸锂 仓单量,46.15,FU00058091,模糊待人工确认,Y
THS-NI-2.1,NI,11,沪镍主力合约价格（元/吨）,wr256|wr254|ni_21_close_front|wr253|wr257,70.91|65.0|61.91|59.99|43.33,镍铁价格（江苏，7%≤Ni≤13%）|硫酸镍价格|SHFE：镍：主力合约：收盘价（日）|印尼镍矿价格（HPM 1.6%）|镍铁折镍价,镍铁价格（江苏，7%≤Ni≤13%）,70.91,ID00185681,高置信,Y
THS-NI-2.1,NI,12,LME镍现货价格（美元/吨）,wr260|wr256|ni_41_lme_inv|wr254|ni_42_lme_warrant,74.28|65.0|61.91|59.99|57.77,LME镍库存|镍铁价格（江苏，7%≤Ni≤13%）|LME：镍：期货库存：迪拜（日）|硫酸镍价格|LME：镍：注销仓单（日）,LME镍库存,74.28,a12764445,高置信,Y
THS-NI-2.1,NI,13,汇率（USD/CNY）,开工率|wr235|li_51_util_ternary|wr57|wr197,40.0|28.57|25.0|25.0|25.0,开工率|硅片开工率|三元材料开工率|氧化铝开工率|国内锡开工率,开工率,40.0,a10019689,模糊待人工确认,Y
THS-NI-2.1,NI,14,沪镍前20名期货公司席位成交量（手）,ni_21_volume_top20|ni_21_volume_front|ni_71_cost_nickel_ore|ni_41_lme_inv|ni_26_percentile_openinterest_top2,35.87|30.59|28.11|27.86|26.0,LME：镍：3个月合约：成交量（日）|SHFE：镍：主力合约：单边交易：成交量（日）|Ramu镍钴矿：镍：实际现金成本：镍28公司（季）|LME：镍：期货库存：迪拜（日）|SHFE：镍：单边交易：持仓量（日）,LME：镍：3个月合约：成交量（日）,35.87,FU00014809,无候选/低置信,Y
THS-NI-2.1,NI,15,近1年持仓量分位（%）,wr171|li_21_openinterest_futures|li_26_top20_openinterest|li_26_openinterest_top20_long|li_26_openinterest_top20_long_2,42.86|37.5|37.5|37.5|37.5,沪锡总持仓量|碳酸锂期货持仓量|空头前20持仓量|多头前20持仓量|多头前20持仓量,沪锡总持仓量,42.86,a10177562,模糊待人工确认,Y
THS-NI-2.1,NI,16,沪镍主力合约收盘价、沪镍主力合约成交量,ni_21_close_front|ni_21_volume_front|ni_21_openinterest_front|ni_26_openinterest_top20_front|ni_26_openinterest_top20_front_2,58.71|50.56|43.33|43.33|43.33,SHFE：镍：主力合约：收盘价（日）|SHFE：镍：主力合约：单边交易：成交量（日）|SHFE：镍：主力合约：单边交易：持仓量（日）|SHFE：镍：主力合约：单边交易：持仓量（日）|SHFE：镍：主力合约：单边交易：持仓量（日）,SHFE：镍：主力合约：收盘价（日）,58.71,FU00014997,模糊待人工确认,Y
THS-NI-2.1,NI,17,沪镍主力合约持仓量、前20名多头持仓量、前20名空头持仓量,ni_21_openinterest_front|ni_26_openinterest_top20_front|ni_26_openinterest_top20_front_2|ni_21_percentile_openinterest|ni_21_volume_front,38.73|38.73|38.73|31.2|27.66,SHFE：镍：主力合约：单边交易：持仓量（日）|SHFE：镍：主力合约：单边交易：持仓量（日）|SHFE：镍：主力合约：单边交易：持仓量（日）|LME：镍：其他报告头寸多头持仓量：投资基金（周）|SHFE：镍：主力合约：单边交易：成交量（日）,SHFE：镍：主力合约：单边交易：持仓量（日）,38.73,FU00018043,无候选/低置信,Y
THS-NI-2.1,NI,18,沪镍近月合约价格、沪镍远月合约价格、月差（近月-远月）,wr256|wr254|wr253|ni_21_close_front|ni_21_volume_top20,35.45|33.92|32.5|24.38|24.38,镍铁价格（江苏，7%≤Ni≤13%）|硫酸镍价格|印尼镍矿价格（HPM 1.6%）|SHFE：镍：主力合约：收盘价（日）|LME：镍：3个月合约：成交量（日）,镍铁价格（江苏，7%≤Ni≤13%）,35.45,ID00185681,无候选/低置信,Y
THS-NI-2.1,NI,19,沪镍近月合约价格、沪镍远月合约价格、月差,wr256|wr254|wr253|ni_21_close_front|ni_21_volume_top20,35.45|33.92|32.5|24.38|24.38,镍铁价格（江苏，7%≤Ni≤13%）|硫酸镍价格|印尼镍矿价格（HPM 1.6%）|SHFE：镍：主力合约：收盘价（日）|LME：镍：3个月合约：成交量（日）,镍铁价格（江苏，7%≤Ni≤13%）,35.45,ID00185681,无候选/低置信,Y
THS-NI-2.1,NI,20,镍现货升贴水（元/吨）、沪镍主力合约收盘价（元/吨）,ni_21_close_front|wr257|ni_32_premium|ni_42_premium|ni_21_premium,62.76|39.0|36.28|35.45|31.51,SHFE：镍：主力合约：收盘价（日）|镍铁折镍价|电解镍：Ni≥99.96%：俄罗斯产：现货到岸升贴水：中国（日）|电解镍：Ni≥99.99%：日本产：现货升贴水：中国：保税区（日）|水淬镍：15-22%Ni：印尼产：升贴水（日）,SHFE：镍：主力合约：收盘价（日）,62.76,FU00014997,模糊待人工确认,Y
THS-NI-2.1,NI,21,SMM1#电解镍升贴水,ni_25_percentile_price|ni_25_percentile_price_2|ni_25_price|ni_22_premium_3|ni_32_premium,62.4|62.4|62.4|42.16|40.0,SMM: 电解镍进口盈亏（沪伦价格差）: 日度|SMM: 电解镍进口盈亏（沪伦价格差）: 日度|SMM: 电解镍进口盈亏（沪伦价格差）: 日度|电解镍：Ni≥99.96%：甘肃产：升贴水：中国：金川（日）|电解镍：Ni≥99.96%：俄罗斯产：现货到岸升贴水：中国（日）,SMM: 电解镍进口盈亏（沪伦价格差）: 日度,62.4,a10000206,模糊待人工确认,Y
THS-NI-2.1,NI,22,镍现货升贴水,ni_32_premium|ni_42_premium|ni_21_premium|ni_22_premium_percentile|ni_22_premium,45.88|44.58|43.33|43.33|43.33,电解镍：Ni≥99.96%：俄罗斯产：现货到岸升贴水：中国（日）|电解镍：Ni≥99.99%：日本产：现货升贴水：中国：保税区（日）|水淬镍：15-22%Ni：印尼产：升贴水（日）|水淬镍：15-22%Ni：印尼产：升贴水（日）|水淬镍：15-22%Ni：印尼产：升贴水（日）,电解镍：Ni≥99.96%：俄罗斯产：现货到岸升贴水：中国（日）,45.88,ID00265540,模糊待人工确认,Y
THS-NI-2.1,NI,23,镍期货仓单数量（吨）、仓单注册量变化（吨）,ni_313_import|ni_314_import_2|ni_323_import_nickel_powder|ni_61_import|ni_61_import_nickel_ore_4,32.5|32.5|32.5|32.5|32.5,镍生铁：进口数量：中国：以金属量计（月）|镍生铁：进口数量：中国：以金属量计（月）|镍生铁：进口数量：中国：以金属量计（月）|镍生铁：进口数量：中国：以金属量计（月）|镍生铁：进口数量：中国：以金属量计（月）,镍生铁：进口数量：中国：以金属量计（月）,32.5,ID01002130,无候选/低置信,Y
THS-NI-2.1,NI,24,沪镍期货仓单数量、仓单注册量变化,ni_313_import|ni_314_import_2|ni_323_import_nickel_powder|ni_61_import|ni_61_import_nickel_ore_4,31.51|31.51|31.51|31.51|31.51,镍生铁：进口数量：中国：以金属量计（月）|镍生铁：进口数量：中国：以金属量计（月）|镍生铁：进口数量：中国：以金属量计（月）|镍生铁：进口数量：中国：以金属量计（月）|镍生铁：进口数量：中国：以金属量计（月）,镍生铁：进口数量：中国：以金属量计（月）,31.51,ID01002130,无候选/低置信,Y
THS-NI-2.2,NI,0,镍现货升贴水（元/吨）,ni_32_premium|ni_42_premium|ni_21_premium|ni_22_premium_percentile|ni_22_premium,45.88|44.58|43.33|43.33|43.33,电解镍：Ni≥99.96%：俄罗斯产：现货到岸升贴水：中国（日）|电解镍：Ni≥99.99%：日本产：现货升贴水：中国：保税区（日）|水淬镍：15-22%Ni：印尼产：升贴水（日）|水淬镍：15-22%Ni：印尼产：升贴水（日）|水淬镍：15-22%Ni：印尼产：升贴水（日）,电解镍：Ni≥99.96%：俄罗斯产：现货到岸升贴水：中国（日）,45.88,ID00265540,模糊待人工确认,Y
THS-NI-2.2,NI,1,沪镍主力合约收盘价（元/吨）,ni_21_close_front|wr256|wr254|wr257|ni_21_volume_front,82.73|43.33|40.0|40.0|38.52,SHFE：镍：主力合约：收盘价（日）|镍铁价格（江苏，7%≤Ni≤13%）|硫酸镍价格|镍铁折镍价|SHFE：镍：主力合约：单边交易：成交量（日）,SHFE：镍：主力合约：收盘价（日）,82.73,FU00014997,高置信,Y
THS-NI-2.2,NI,2,镍现货价格（元/吨）,wr256|wr254|wr253|wr257|ni_21_lme_price,86.67|78.0|70.91|52.0|48.15,镍铁价格（江苏，7%≤Ni≤13%）|硫酸镍价格|印尼镍矿价格（HPM 1.6%）|镍铁折镍价|SMM: 进口盈亏: 镍: 现货: LME价格: 日度,镍铁价格（江苏，7%≤Ni≤13%）,86.67,ID00185681,高置信,Y
THS-NI-2.2,NI,3,基差（现货-期货,si_22_basis|li_73_spot|li_73_spot_fwd|li_73_spot_fwd_2|li_73_spot_fwd_3,33.33|33.33|33.33|33.33|33.33,工业硅基差|远期现货价|远期现货价|远期现货价|远期现货价,工业硅基差,33.33,a12841761,无候选/低置信,Y
THS-NI-2.2,NI,4,元/吨）,li_63_idx,33.33,中国),中国),33.33,ID02038519,无候选/低置信,Y
THS-NI-2.2,NI,5,电解镍现货价格（元/吨）,wr256|wr254|ni_62_price|wr253|ni_22_price_2,70.91|65.0|61.91|59.99|53.53,镍铁价格（江苏，7%≤Ni≤13%）|硫酸镍价格|电解镍：1#：汇总价格：上海（日）|印尼镍矿价格（HPM 1.6%）|电解镍：Ni≥99.96%：俄罗斯产：现货到岸价格：中国（日）,镍铁价格（江苏，7%≤Ni≤13%）,70.91,ID00185681,高置信,Y
THS-NI-2.2,NI,6,镍生铁NPI现货价格（元/吨）,wr256|ni_22_price_3|wr254|wr257|wr253,74.28|52.0|52.0|52.0|48.75,镍铁价格（江苏，7%≤Ni≤13%）|镍生铁：13%＞Ni＞10%：印尼产：远期现货价格：中国主要港口（日）|硫酸镍价格|镍铁折镍价|印尼镍矿价格（HPM 1.6%）,镍铁价格（江苏，7%≤Ni≤13%）,74.28,ID00185681,高置信,Y
THS-NI-2.2,NI,7,高冰镍现货价格（元/吨）,wr256|wr254|wr253|ni_22_price_nickel_powder|ni_21_lme_price,70.91|65.0|59.99|50.56|44.82,镍铁价格（江苏，7%≤Ni≤13%）|硫酸镍价格|印尼镍矿价格（HPM 1.6%）|高冰镍：Ni≥65%，Co≥1%：钴远期现货价格：中国主要港口（日）|SMM: 进口盈亏: 镍: 现货: LME价格: 日度,镍铁价格（江苏，7%≤Ni≤13%）,70.91,ID00185681,高置信,Y
THS-NI-2.2,NI,8,沪镍主力合约价格（元/吨）,wr256|wr254|ni_21_close_front|wr253|wr257,70.91|65.0|61.91|59.99|43.33,镍铁价格（江苏，7%≤Ni≤13%）|硫酸镍价格|SHFE：镍：主力合约：收盘价（日）|印尼镍矿价格（HPM 1.6%）|镍铁折镍价,镍铁价格（江苏，7%≤Ni≤13%）,70.91,ID00185681,高置信,Y
THS-NI-2.2,NI,9,LME镍现货价格（美元/吨）,wr260|wr256|ni_41_lme_inv|wr254|ni_42_lme_warrant,74.28|65.0|61.91|59.99|57.77,LME镍库存|镍铁价格（江苏，7%≤Ni≤13%）|LME：镍：期货库存：迪拜（日）|硫酸镍价格|LME：镍：注销仓单（日）,LME镍库存,74.28,a12764445,高置信,Y
THS-NI-2.2,NI,10,汇率（USD/CNY）,开工率|wr235|li_51_util_ternary|wr57|wr197,40.0|28.57|25.0|25.0|25.0,开工率|硅片开工率|三元材料开工率|氧化铝开工率|国内锡开工率,开工率,40.0,a10019689,模糊待人工确认,Y
THS-NI-2.2,NI,11,进口费用（元/吨）,wr87|wr91|wr275|cu_21_import|si_61_import_3,44.44|44.44|44.44|40.0|40.0,铝土矿进口-总量|氧化铝进口|镍铁进口量|铜：进口盈亏（日）|工业硅进口量,铝土矿进口-总量,44.44,a10016324,模糊待人工确认,Y
THS-NI-2.2,NI,12,镍期货仓单数量（吨）,ni_22_import|ni_313_import_2|ni_45_import|ni_45_import_3|ni_45_import_4,45.88|45.88|45.88|45.88|45.88,冰镍：进口数量合计：中国（月）|冰镍：进口数量合计：中国（月）|冰镍：进口数量合计：中国（月）|冰镍：进口数量合计：中国（月）|冰镍：进口数量合计：中国（月）,冰镍：进口数量合计：中国（月）,45.88,ID01364224,模糊待人工确认,Y
THS-NI-2.2,NI,13,仓单注册量变化（吨）,wr124|wr194|wr182|wr195|wr263,46.15|40.0|35.29|35.29|33.33,碳酸锂 仓单量|中国净进口量变化|印尼精炼锡出口量变化|中国精炼锡进口量变化|不锈钢仓单,碳酸锂 仓单量,46.15,FU00058091,模糊待人工确认,Y
THS-NI-2.2,NI,14,近1年升贴水分位（%）,j23_lme_sp3|wr168|wr169|cu_42_premium_1|wr1,40.0|40.0|40.0|38.1|37.5,LME 铅(现货/三个月)升贴水|LME锡升贴水|国内品牌升贴水|电解铜：1#：升贴水：上海（日）|A00升贴水-上海,LME 铅(现货/三个月)升贴水,40.0,j02797772,模糊待人工确认,Y
THS-NI-2.2,NI,15,价差（电解镍-NPI,ni_25_percentile_price|ni_25_percentile_price_2|ni_25_price|ni_63_export_2|ni_62_price,33.92|33.92|33.92|33.92|33.92,SMM: 电解镍进口盈亏（沪伦价格差）: 日度|SMM: 电解镍进口盈亏（沪伦价格差）: 日度|SMM: 电解镍进口盈亏（沪伦价格差）: 日度|中国海关: 电解镍出口量: 月度|电解镍：1#：汇总价格：上海（日）,SMM: 电解镍进口盈亏（沪伦价格差）: 日度,33.92,a10000206,无候选/低置信,Y
THS-NI-2.2,NI,16,近3年同月升贴水均值（元/吨）,j23_lme_0to3|wr249|j23_lme_sp3|wr168|wr169,50.0|42.11|35.29|35.29|35.29,LME 铅0-3月升贴水|LME C-3M升贴水|LME 铅(现货/三个月)升贴水|LME锡升贴水|国内品牌升贴水,LME 铅0-3月升贴水,50.0,a10021406,模糊待人工确认,Y
THS-NI-2.2,NI,17,近3年同月升贴水标准差（元/吨）,j23_lme_0to3|wr172|wr249|j23_lme_sp3|zn_21_lme_03,47.62|40.0|40.0|33.33|33.33,LME 铅0-3月升贴水|沪锡近半年月差变化|LME C-3M升贴水|LME 铅(现货/三个月)升贴水|LME: 锌0-3升贴水: 日度,LME 铅0-3月升贴水,47.62,a10021406,模糊待人工确认,Y
THS-NI-2.2,NI,18,镍现货升贴水（元/吨）、沪镍主力合约收盘价（元/吨）,ni_21_close_front|wr257|ni_32_premium|ni_42_premium|ni_21_premium,62.76|39.0|36.28|35.45|31.51,SHFE：镍：主力合约：收盘价（日）|镍铁折镍价|电解镍：Ni≥99.96%：俄罗斯产：现货到岸升贴水：中国（日）|电解镍：Ni≥99.99%：日本产：现货升贴水：中国：保税区（日）|水淬镍：15-22%Ni：印尼产：升贴水（日）,SHFE：镍：主力合约：收盘价（日）,62.76,FU00014997,模糊待人工确认,Y
THS-NI-2.2,NI,19,SMM1#电解镍升贴水,ni_25_percentile_price|ni_25_percentile_price_2|ni_25_price|ni_22_premium_3|ni_32_premium,62.4|62.4|62.4|42.16|40.0,SMM: 电解镍进口盈亏（沪伦价格差）: 日度|SMM: 电解镍进口盈亏（沪伦价格差）: 日度|SMM: 电解镍进口盈亏（沪伦价格差）: 日度|电解镍：Ni≥99.96%：甘肃产：升贴水：中国：金川（日）|电解镍：Ni≥99.96%：俄罗斯产：现货到岸升贴水：中国（日）,SMM: 电解镍进口盈亏（沪伦价格差）: 日度,62.4,a10000206,模糊待人工确认,Y
THS-NI-2.2,NI,20,镍现货升贴水,ni_32_premium|ni_42_premium|ni_21_premium|ni_22_premium_percentile|ni_22_premium,45.88|44.58|43.33|43.33|43.33,电解镍：Ni≥99.96%：俄罗斯产：现货到岸升贴水：中国（日）|电解镍：Ni≥99.99%：日本产：现货升贴水：中国：保税区（日）|水淬镍：15-22%Ni：印尼产：升贴水（日）|水淬镍：15-22%Ni：印尼产：升贴水（日）|水淬镍：15-22%Ni：印尼产：升贴水（日）,电解镍：Ni≥99.96%：俄罗斯产：现货到岸升贴水：中国（日）,45.88,ID00265540,模糊待人工确认,Y
THS-NI-2.2,NI,21,SMM1#电解镍基差,ni_25_percentile_price|ni_25_percentile_price_2|ni_25_price|ni_22_basis|ni_21_lme_price,65.0|65.0|65.0|54.74|32.5,SMM: 电解镍进口盈亏（沪伦价格差）: 日度|SMM: 电解镍进口盈亏（沪伦价格差）: 日度|SMM: 电解镍进口盈亏（沪伦价格差）: 日度|SHFE：镍：基差（日）|SMM: 进口盈亏: 镍: 现货: LME价格: 日度,SMM: 电解镍进口盈亏（沪伦价格差）: 日度,65.0,a10000206,模糊待人工确认,Y
THS-NI-2.2,NI,22,镍基差,ni_22_basis|wr256|wr267|wr254|wr257,65.0|37.14|37.14|32.5|32.5,SHFE：镍：基差（日）|镍铁价格（江苏，7%≤Ni≤13%）|镍铁库存|硫酸镍价格|镍铁折镍价,SHFE：镍：基差（日）,65.0,FU00024318,模糊待人工确认,Y
THS-NI-2.2,NI,23,电解镍现货价格（元/吨）、镍生铁NPI现货价格（元/吨）、高冰镍现货价格（元/吨）,ni_22_price_2|ni_62_price|ni_22_i9999|ni_32_demand_h2so4_nickel_powder|ni_21_lme_price,34.35|32.5|29.43|27.66|27.08,电解镍：Ni≥99.96%：俄罗斯产：现货到岸价格：中国（日）|电解镍：1#：汇总价格：上海（日）|电解镍：Ni≥99.99%：挪威产：现货价：中国：保税区（日）|硫酸镍：产品生产工序：高冰镍（以金属量计）：需求量：中国（月）|SMM: 进口盈亏: 镍: 现货: LME价格: 日度,电解镍：Ni≥99.96%：俄罗斯产：现货到岸价格：中国（日）,34.35,ID01532837,无候选/低置信,Y
THS-NI-2.2,NI,24,SMM1#电解镍价格、SMM8-12%高镍生铁价格、SMM高冰镍价格,ni_25_percentile_price|ni_25_percentile_price_2|ni_25_price|ni_21_lme_price|wr256,33.92|33.92|33.92|28.89|28.89,SMM: 电解镍进口盈亏（沪伦价格差）: 日度|SMM: 电解镍进口盈亏（沪伦价格差）: 日度|SMM: 电解镍进口盈亏（沪伦价格差）: 日度|SMM: 进口盈亏: 镍: 现货: LME价格: 日度|镍铁价格（江苏，7%≤Ni≤13%）,SMM: 电解镍进口盈亏（沪伦价格差）: 日度,33.92,a10000206,无候选/低置信,Y
THS-NI-2.2,NI,25,电解镍现货价格、镍生铁NPI现货价格、高冰镍现货价格,ni_22_price_2|ni_62_price|ni_22_i9999|ni_32_demand_h2so4_nickel_powder|ni_21_lme_price,34.35|32.5|29.43|27.66|27.08,电解镍：Ni≥99.96%：俄罗斯产：现货到岸价格：中国（日）|电解镍：1#：汇总价格：上海（日）|电解镍：Ni≥99.99%：挪威产：现货价：中国：保税区（日）|硫酸镍：产品生产工序：高冰镍（以金属量计）：需求量：中国（月）|SMM: 进口盈亏: 镍: 现货: LME价格: 日度,电解镍：Ni≥99.96%：俄罗斯产：现货到岸价格：中国（日）,34.35,ID01532837,无候选/低置信,Y
THS-NI-2.2,NI,26,沪镍主力合约价格（元/吨）、LME镍现货价格（美元/吨）、汇率（USD/CNY）、进口费用（元/吨）,ni_41_lme_inv|wr260|ni_21_close_front|ni_21_lme_price|ni_42_lme_warrant,35.14|34.67|34.22|33.92|30.59,LME：镍：期货库存：迪拜（日）|LME镍库存|SHFE：镍：主力合约：收盘价（日）|SMM: 进口盈亏: 镍: 现货: LME价格: 日度|LME：镍：注销仓单（日）,LME：镍：期货库存：迪拜（日）,35.14,ID00302693,无候选/低置信,Y
THS-NI-2.2,NI,27,镍进口盈亏,ni_41_import|ni_61_import_3|ni_62_import|wr275|ni_32_import_nickel_ferrous,100|100|100|78.0|68.42,镍豆：进口盈亏（日）|镍豆：进口盈亏（日）|镍豆：进口盈亏（日）|镍铁进口量|镍铁：印尼产：进口盈亏：中国（日）,镍豆：进口盈亏（日）,100,ID00408378,高置信,Y
THS-NI-2.2,NI,28,LME镍现货价格（美元/吨）、LME镍3个月期货价格（美元/吨）、升贴水（美元/吨）,ni_21_volume_top20|ni_41_lme_inv|wr260|ni_42_lme_warrant|wr262,47.89|42.16|34.67|30.59|30.59,LME：镍：3个月合约：成交量（日）|LME：镍：期货库存：迪拜（日）|LME镍库存|LME：镍：注销仓单（日）|LME镍库存分布：洲,LME：镍：3个月合约：成交量（日）,47.89,FU00014809,模糊待人工确认,Y
THS-NI-2.2,NI,29,LME镍0-3升贴水,wr260|ni_21_volume_top20|ni_42_lme_warrant|wr262|wr261,69.33|56.52|54.74|54.74|52.0,LME镍库存|LME：镍：3个月合约：成交量（日）|LME：镍：注销仓单（日）|LME镍库存分布：洲|LME镍库存分布：仓库,LME镍库存,69.33,a12764445,模糊待人工确认,Y
THS-NI-2.2,NI,30,LME Cash-3M spread,wr249|j23_lme_3m|al_2_lme_settle|pb_23_aux_2|zn_23_lme_3m,50.0|40.0|36.36|36.36|35.71,LME C-3M升贴水|LME 铅官方3M卖价|LME：铝：CASH-3M合约：结算价差（日）|LME：铅：CASH-3M合约：结算价差（日）|LME: 锌 3M收盘价: 日度,LME C-3M升贴水,50.0,j02797787,模糊待人工确认,Y
THS-NI-2.3,NI,0,LME镍主力合约收盘价（美元/吨）,ni_21_close_front|wr260|ni_21_volume_top20|ni_42_lme_warrant|wr262,86.67|65.0|54.17|52.0|52.0,SHFE：镍：主力合约：收盘价（日）|LME镍库存|LME：镍：3个月合约：成交量（日）|LME：镍：注销仓单（日）|LME镍库存分布：洲,SHFE：镍：主力合约：收盘价（日）,86.67,FU00014997,高置信,Y
THS-NI-2.3,NI,1,LME镍主力合约持仓量（手）,ni_21_openinterest_front|ni_26_openinterest_top20_front|ni_26_openinterest_top20_front_2|ni_21_volume_top20|ni_42_lme_warrant,71.72|71.72|71.72|65.0|65.0,SHFE：镍：主力合约：单边交易：持仓量（日）|SHFE：镍：主力合约：单边交易：持仓量（日）|SHFE：镍：主力合约：单边交易：持仓量（日）|LME：镍：3个月合约：成交量（日）|LME：镍：注销仓单（日）,SHFE：镍：主力合约：单边交易：持仓量（日）,71.72,FU00018043,高置信,Y
THS-NI-2.3,NI,2,沪镍主力合约价格（元/吨）,wr256|wr254|ni_21_close_front|wr253|wr257,70.91|65.0|61.91|59.99|43.33,镍铁价格（江苏，7%≤Ni≤13%）|硫酸镍价格|SHFE：镍：主力合约：收盘价（日）|印尼镍矿价格（HPM 1.6%）|镍铁折镍价,镍铁价格（江苏，7%≤Ni≤13%）,70.91,ID00185681,高置信,Y
THS-NI-2.3,NI,3,LME镍现货价格（美元/吨）,wr260|wr256|ni_41_lme_inv|wr254|ni_42_lme_warrant,74.28|65.0|61.91|59.99|57.77,LME镍库存|镍铁价格（江苏，7%≤Ni≤13%）|LME：镍：期货库存：迪拜（日）|硫酸镍价格|LME：镍：注销仓单（日）,LME镍库存,74.28,a12764445,高置信,Y
THS-NI-2.3,NI,4,汇率（USD/CNY）,开工率|wr235|li_51_util_ternary|wr57|wr197,40.0|28.57|25.0|25.0|25.0,开工率|硅片开工率|三元材料开工率|氧化铝开工率|国内锡开工率,开工率,40.0,a10019689,模糊待人工确认,Y
THS-NI-2.3,NI,5,LME镍仓单数量（吨）,ni_42_lme_warrant|wr260|wr261|ni_21_volume_top20|wr262,86.67|74.28|68.42|59.09|57.77,LME：镍：注销仓单（日）|LME镍库存|LME镍库存分布：仓库|LME：镍：3个月合约：成交量（日）|LME镍库存分布：洲,LME：镍：注销仓单（日）,86.67,FU00014818,高置信,Y
THS-NI-2.3,NI,6,LME镍仓单注册量变化（吨）,ni_42_lme_warrant|wr260|wr261|ni_42_ratio|ni_21_volume_top20,74.28|61.18|59.09|54.17|52.0,LME：镍：注销仓单（日）|LME镍库存|LME镍库存分布：仓库|LME：镍：注销占比：香港（日）|LME：镍：3个月合约：成交量（日）,LME：镍：注销仓单（日）,74.28,FU00014818,高置信,Y
THS-NI-2.3,NI,7,LME镍近月合约价格（美元/吨）,wr260|ni_21_volume_top20|wr256|wr254|ni_42_lme_warrant,69.33|67.82|59.99|55.72|54.74,LME镍库存|LME：镍：3个月合约：成交量（日）|镍铁价格（江苏，7%≤Ni≤13%）|硫酸镍价格|LME：镍：注销仓单（日）,LME镍库存,69.33,a12764445,模糊待人工确认,Y
THS-NI-2.3,NI,8,LME镍远月合约价格（美元/吨）,wr260|ni_21_volume_top20|wr256|wr254|ni_42_lme_warrant,69.33|67.82|59.99|55.72|54.74,LME镍库存|LME：镍：3个月合约：成交量（日）|镍铁价格（江苏，7%≤Ni≤13%）|硫酸镍价格|LME：镍：注销仓单（日）,LME镍库存,69.33,a12764445,模糊待人工确认,Y
THS-NI-2.3,NI,9,月差（近月-远月,li_24_close_near_2|si_23_spread_futures|li_24_spread_futures|li_24_lc_spread|al_24_shfe_spread,30.77|28.57|28.57|28.57|25.0,近月合约收盘价|工业硅期货月差|碳酸锂期货月差|碳酸锂期货月差|SHFE：铝：月差（主力合约结算价 - 连续合约结算价，日）,近月合约收盘价,30.77,a12841695,无候选/低置信,Y
THS-NI-2.3,NI,10,美元/吨）,li_63_idx,33.33,中国),中国),33.33,ID02038519,无候选/低置信,Y
THS-NI-2.3,NI,11,COMEX镍期货收盘价（美元/磅）,ni_41_lme_inv|ni_21_close_front|wr260|ni_21_near_price|ni_21_far_price,54.17|52.0|45.88|39.0|39.0,LME：镍：期货库存：迪拜（日）|SHFE：镍：主力合约：收盘价（日）|LME镍库存|MHP：NI≥34%，CO≥2%：镍远期现货价格：中国主要港口（日）|MHP：NI≥34%，CO≥2%：镍远期现货价格：中国主要港口（日）,LME：镍：期货库存：迪拜（日）,54.17,ID00302693,模糊待人工确认,Y
THS-NI-2.3,NI,12,COMEX镍持仓量（手）,ni_42_lme_warrant|ni_26_percentile_openinterest_top2|wr260|wr261|ni_21_percentile_openinterest,54.74|54.17|52.0|52.0|50.32,LME：镍：注销仓单（日）|SHFE：镍：单边交易：持仓量（日）|LME镍库存|LME镍库存分布：仓库|LME：镍：其他报告头寸多头持仓量：投资基金（周）,LME：镍：注销仓单（日）,54.74,FU00014818,模糊待人工确认,Y
THS-NI-2.3,NI,13,LME镍现金价格（美元/吨）,wr260|wr256|wr254|ni_42_lme_warrant|wr262,74.28|65.0|59.99|57.77|57.77,LME镍库存|镍铁价格（江苏，7%≤Ni≤13%）|硫酸镍价格|LME：镍：注销仓单（日）|LME镍库存分布：洲,LME镍库存,74.28,a12764445,高置信,Y
THS-NI-2.3,NI,14,LME镍3个月期货价格（美元/吨）,ni_21_volume_top20|ni_41_lme_inv|wr260|wr256|ni_42_lme_warrant,72.8|65.0|61.18|52.0|49.53,LME：镍：3个月合约：成交量（日）|LME：镍：期货库存：迪拜（日）|LME镍库存|镍铁价格（江苏，7%≤Ni≤13%）|LME：镍：注销仓单（日）,LME：镍：3个月合约：成交量（日）,72.8,FU00014809,高置信,Y
THS-NI-2.3,NI,15,现金-3个月月差（美元/吨）,al_24_lme_spread|sn_23_lme_close_3m|wr20|cu_23_lme_settle|cu_24_lme_close,37.04|35.29|33.33|28.57|28.57,LME：铝：3个月合约：结算价（日）· 月差参考锚|锡：3个月合约：收盘价（日）|LME铝远月月差3-15|LME：铜：3个月合约：结算价（日）|LME：铜：3个月合约：收盘价（日）,LME：铝：3个月合约：结算价（日）· 月差参考锚,37.04,FU00014308,无候选/低置信,Y
THS-NI-2.3,NI,16,进口费用（元/吨）,wr87|wr91|wr275|cu_21_import|si_61_import_3,44.44|44.44|44.44|40.0|40.0,铝土矿进口-总量|氧化铝进口|镍铁进口量|铜：进口盈亏（日）|工业硅进口量,铝土矿进口-总量,44.44,a10016324,模糊待人工确认,Y
THS-NI-2.3,NI,17,升贴水（美元/吨）,j23_lme_sp3|wr168|wr169|wr1|wr2,42.86|42.86|42.86|37.5|37.5,LME 铅(现货/三个月)升贴水|LME锡升贴水|国内品牌升贴水|A00升贴水-上海|A00升贴水-佛山,LME 铅(现货/三个月)升贴水,42.86,j02797772,模糊待人工确认,Y
THS-NI-2.3,NI,18,LME镍主力合约收盘价（美元/吨）、LME镍主力合约持仓量（手）,ni_21_close_front|ni_21_openinterest_front|ni_26_openinterest_top20_front|ni_26_openinterest_top20_front_2|ni_21_volume_top20,59.42|52.0|52.0|52.0|44.58,SHFE：镍：主力合约：收盘价（日）|SHFE：镍：主力合约：单边交易：持仓量（日）|SHFE：镍：主力合约：单边交易：持仓量（日）|SHFE：镍：主力合约：单边交易：持仓量（日）|LME：镍：3个月合约：成交量（日）,SHFE：镍：主力合约：收盘价（日）,59.42,FU00014997,模糊待人工确认,Y
THS-NI-2.3,NI,19,LME镍主力合约收盘价、LME镍主力合约持仓量,ni_21_close_front|ni_21_openinterest_front|ni_26_openinterest_top20_front|ni_26_openinterest_top20_front_2|ni_21_volume_top20,59.42|52.0|52.0|52.0|44.58,SHFE：镍：主力合约：收盘价（日）|SHFE：镍：主力合约：单边交易：持仓量（日）|SHFE：镍：主力合约：单边交易：持仓量（日）|SHFE：镍：主力合约：单边交易：持仓量（日）|LME：镍：3个月合约：成交量（日）,SHFE：镍：主力合约：收盘价（日）,59.42,FU00014997,模糊待人工确认,Y
THS-NI-2.3,NI,20,沪镍主力合约价格（元/吨）、LME镍现货价格（美元/吨）、汇率（USD/CNY）,wr260|ni_41_lme_inv|ni_21_close_front|ni_21_lme_price|ni_42_lme_warrant,41.6|40.62|39.39|38.05|35.87,LME镍库存|LME：镍：期货库存：迪拜（日）|SHFE：镍：主力合约：收盘价（日）|SMM: 进口盈亏: 镍: 现货: LME价格: 日度|LME：镍：注销仓单（日）,LME镍库存,41.6,a12764445,模糊待人工确认,Y
THS-NI-2.3,NI,21,沪伦镍比价,wr256|wr254|wr257|wr253|ni_42_ratio,57.77|52.0|52.0|47.27|28.89,镍铁价格（江苏，7%≤Ni≤13%）|硫酸镍价格|镍铁折镍价|印尼镍矿价格（HPM 1.6%）|LME：镍：注销占比：香港（日）,镍铁价格（江苏，7%≤Ni≤13%）,57.77,ID00185681,模糊待人工确认,Y
THS-NI-2.3,NI,22,LME镍仓单数量（吨）、LME镍仓单注册量变化（吨）,ni_42_lme_warrant|wr261|wr260|ni_42_ratio|ni_21_volume_top20,52.0|41.94|40.0|39.39|38.23,LME：镍：注销仓单（日）|LME镍库存分布：仓库|LME镍库存|LME：镍：注销占比：香港（日）|LME：镍：3个月合约：成交量（日）,LME：镍：注销仓单（日）,52.0,FU00014818,模糊待人工确认,Y
THS-NI-2.3,NI,23,LME镍仓单数量、LME镍仓单注册量变化,ni_42_lme_warrant|wr261|wr260|ni_42_ratio|ni_21_volume_top20,52.0|41.94|40.0|39.39|38.23,LME：镍：注销仓单（日）|LME镍库存分布：仓库|LME镍库存|LME：镍：注销占比：香港（日）|LME：镍：3个月合约：成交量（日）,LME：镍：注销仓单（日）,52.0,FU00014818,模糊待人工确认,Y
THS-NI-2.3,NI,24,LME warranted stocks,LME库存|i1|wr260|j23_lme_sp3|wr19,26.09|25.0|25.0|24.0|24.0,LME库存|LME铅库存|LME镍库存|LME 铅(现货/三个月)升贴水|LME持仓情况,LME库存,26.09,FU00014816,无候选/低置信,Y
THS-NI-2.3,NI,25,LME镍月差,wr260|ni_21_volume_top20|ni_42_lme_warrant|wr262|wr261,86.67|65.0|65.0|65.0|61.18,LME镍库存|LME：镍：3个月合约：成交量（日）|LME：镍：注销仓单（日）|LME镍库存分布：洲|LME镍库存分布：仓库,LME镍库存,86.67,a12764445,高置信,Y
THS-NI-2.3,NI,26,LME镍现金价格（美元/吨）、LME镍3个月期货价格（美元/吨）、现金-3个月月差（美元/吨）,ni_21_volume_top20|ni_41_lme_inv|wr260|ni_21_near_price|ni_21_far_price,43.33|38.05|30.59|27.37|27.37,LME：镍：3个月合约：成交量（日）|LME：镍：期货库存：迪拜（日）|LME镍库存|MHP：NI≥34%，CO≥2%：镍远期现货价格：中国主要港口（日）|MHP：NI≥34%，CO≥2%：镍远期现货价格：中国主要港口（日）,LME：镍：3个月合约：成交量（日）,43.33,FU00014809,模糊待人工确认,Y
THS-NI-2.3,NI,27,LME镍现金-3个月月差,ni_21_volume_top20|wr260|ni_42_lme_warrant|wr262|wr261,72.8|61.18|49.53|49.53|47.27,LME：镍：3个月合约：成交量（日）|LME镍库存|LME：镍：注销仓单（日）|LME镍库存分布：洲|LME镍库存分布：仓库,LME：镍：3个月合约：成交量（日）,72.8,FU00014809,高置信,Y
THS-NI-2.3,NI,28,LME Cash-3M spread,wr249|j23_lme_3m|al_2_lme_settle|pb_23_aux_2|zn_23_lme_3m,50.0|40.0|36.36|36.36|35.71,LME C-3M升贴水|LME 铅官方3M卖价|LME：铝：CASH-3M合约：结算价差（日）|LME：铅：CASH-3M合约：结算价差（日）|LME: 锌 3M收盘价: 日度,LME C-3M升贴水,50.0,j02797787,模糊待人工确认,Y
THS-NI-2.3,NI,29,LME镍仓单数量（吨）、LME镍月差（美元/吨）,ni_42_lme_warrant|wr261|wr260|ni_21_volume_top20|ni_21_percentile_openinterest,62.4|50.0|49.53|44.82|42.16,LME：镍：注销仓单（日）|LME镍库存分布：仓库|LME镍库存|LME：镍：3个月合约：成交量（日）|LME：镍：其他报告头寸多头持仓量：投资基金（周）,LME：镍：注销仓单（日）,62.4,FU00014818,模糊待人工确认,Y
THS-NI-2.3,NI,30,LME镍仓单数量、LME镍月差,ni_42_lme_warrant|wr261|wr260|ni_21_volume_top20|ni_21_percentile_openinterest,62.4|50.0|49.53|44.82|42.16,LME：镍：注销仓单（日）|LME镍库存分布：仓库|LME镍库存|LME：镍：3个月合约：成交量（日）|LME：镍：其他报告头寸多头持仓量：投资基金（周）,LME：镍：注销仓单（日）,62.4,FU00014818,模糊待人工确认,Y
THS-NI-2.4,NI,0,沪镍近月合约价格（元/吨）,wr256|wr254|wr253|wr257|ni_21_close_front,70.91|65.0|59.99|43.33|37.14,镍铁价格（江苏，7%≤Ni≤13%）|硫酸镍价格|印尼镍矿价格（HPM 1.6%）|镍铁折镍价|SHFE：镍：主力合约：收盘价（日）,镍铁价格（江苏，7%≤Ni≤13%）,70.91,ID00185681,高置信,Y
THS-NI-2.4,NI,1,沪镍远月合约价格（元/吨）,wr256|wr254|wr253|wr257|ni_21_close_front,70.91|65.0|59.99|43.33|37.14,镍铁价格（江苏，7%≤Ni≤13%）|硫酸镍价格|印尼镍矿价格（HPM 1.6%）|镍铁折镍价|SHFE：镍：主力合约：收盘价（日）,镍铁价格（江苏，7%≤Ni≤13%）,70.91,ID00185681,高置信,Y
THS-NI-2.4,NI,2,月差（近月-远月,li_24_close_near_2|si_23_spread_futures|li_24_spread_futures|li_24_lc_spread|al_24_shfe_spread,30.77|28.57|28.57|28.57|25.0,近月合约收盘价|工业硅期货月差|碳酸锂期货月差|碳酸锂期货月差|SHFE：铝：月差（主力合约结算价 - 连续合约结算价，日）,近月合约收盘价,30.77,a12841695,无候选/低置信,Y
THS-NI-2.4,NI,3,元/吨）,li_63_idx,33.33,中国),中国),33.33,ID02038519,无候选/低置信,Y
THS-NI-2.4,NI,4,LME镍近月合约价格（美元/吨）,wr260|ni_21_volume_top20|wr256|wr254|ni_42_lme_warrant,69.33|67.82|59.99|55.72|54.74,LME镍库存|LME：镍：3个月合约：成交量（日）|镍铁价格（江苏，7%≤Ni≤13%）|硫酸镍价格|LME：镍：注销仓单（日）,LME镍库存,69.33,a12764445,模糊待人工确认,Y
THS-NI-2.4,NI,5,LME镍远月合约价格（美元/吨）,wr260|ni_21_volume_top20|wr256|wr254|ni_42_lme_warrant,69.33|67.82|59.99|55.72|54.74,LME镍库存|LME：镍：3个月合约：成交量（日）|镍铁价格（江苏，7%≤Ni≤13%）|硫酸镍价格|LME：镍：注销仓单（日）,LME镍库存,69.33,a12764445,模糊待人工确认,Y
THS-NI-2.4,NI,6,美元/吨）,li_63_idx,33.33,中国),中国),33.33,ID02038519,无候选/低置信,Y
THS-NI-2.4,NI,7,沪镍近月-远月价差（元/吨）,wr256|wr254|wr257|wr253|ni_22_basis,43.33|40.0|40.0|37.14|30.59,镍铁价格（江苏，7%≤Ni≤13%）|硫酸镍价格|镍铁折镍价|印尼镍矿价格（HPM 1.6%）|SHFE：镍：基差（日）,镍铁价格（江苏，7%≤Ni≤13%）,43.33,ID00185681,模糊待人工确认,Y
THS-NI-2.4,NI,8,LME镍近月-远月价差（美元/吨）,wr260|ni_21_volume_top20|ni_42_lme_warrant|wr262|wr261,65.0|54.17|52.0|52.0|49.53,LME镍库存|LME：镍：3个月合约：成交量（日）|LME：镍：注销仓单（日）|LME镍库存分布：洲|LME镍库存分布：仓库,LME镍库存,65.0,a12764445,模糊待人工确认,Y
THS-NI-2.4,NI,9,汇率（USD/CNY）,开工率|wr235|li_51_util_ternary|wr57|wr197,40.0|28.57|25.0|25.0|25.0,开工率|硅片开工率|三元材料开工率|氧化铝开工率|国内锡开工率,开工率,40.0,a10019689,模糊待人工确认,Y
THS-NI-2.4,NI,10,沪镍现金价格（元/吨）,wr256|wr254|wr253|wr257|ni_62_price,78.0|70.91|65.0|47.27|39.0,镍铁价格（江苏，7%≤Ni≤13%）|硫酸镍价格|印尼镍矿价格（HPM 1.6%）|镍铁折镍价|电解镍：1#：汇总价格：上海（日）,镍铁价格（江苏，7%≤Ni≤13%）,78.0,ID00185681,高置信,Y
THS-NI-2.4,NI,11,沪镍3个月期货价格（元/吨）,wr256|wr254|wr253|ni_21_volume_top20|ni_22_price_3,59.99|55.72|52.0|45.21|40.0,镍铁价格（江苏，7%≤Ni≤13%）|硫酸镍价格|印尼镍矿价格（HPM 1.6%）|LME：镍：3个月合约：成交量（日）|镍生铁：13%＞Ni＞10%：印尼产：远期现货价格：中国主要港口（日）,镍铁价格（江苏，7%≤Ni≤13%）,59.99,ID00185681,模糊待人工确认,Y
THS-NI-2.4,NI,12,现金-3个月月差（元/吨）,al_24_lme_spread|sn_23_lme_close_3m|wr20|cu_23_lme_settle|cu_24_lme_close,37.04|35.29|33.33|28.57|28.57,LME：铝：3个月合约：结算价（日）· 月差参考锚|锡：3个月合约：收盘价（日）|LME铝远月月差3-15|LME：铜：3个月合约：结算价（日）|LME：铜：3个月合约：收盘价（日）,LME：铝：3个月合约：结算价（日）· 月差参考锚,37.04,FU00014308,无候选/低置信,Y
THS-NI-2.4,NI,13,电解镍现货价格（元/吨）,wr256|wr254|ni_62_price|wr253|ni_22_price_2,70.91|65.0|61.91|59.99|53.53,镍铁价格（江苏，7%≤Ni≤13%）|硫酸镍价格|电解镍：1#：汇总价格：上海（日）|印尼镍矿价格（HPM 1.6%）|电解镍：Ni≥99.96%：俄罗斯产：现货到岸价格：中国（日）,镍铁价格（江苏，7%≤Ni≤13%）,70.91,ID00185681,高置信,Y
THS-NI-2.4,NI,14,镍生铁NPI现货价格（元/吨）,wr256|ni_22_price_3|wr254|wr257|wr253,74.28|52.0|52.0|52.0|48.75,镍铁价格（江苏，7%≤Ni≤13%）|镍生铁：13%＞Ni＞10%：印尼产：远期现货价格：中国主要港口（日）|硫酸镍价格|镍铁折镍价|印尼镍矿价格（HPM 1.6%）,镍铁价格（江苏，7%≤Ni≤13%）,74.28,ID00185681,高置信,Y
THS-NI-2.4,NI,15,高冰镍现货价格（元/吨）,wr256|wr254|wr253|ni_22_price_nickel_powder|ni_21_lme_price,70.91|65.0|59.99|50.56|44.82,镍铁价格（江苏，7%≤Ni≤13%）|硫酸镍价格|印尼镍矿价格（HPM 1.6%）|高冰镍：Ni≥65%，Co≥1%：钴远期现货价格：中国主要港口（日）|SMM: 进口盈亏: 镍: 现货: LME价格: 日度,镍铁价格（江苏，7%≤Ni≤13%）,70.91,ID00185681,高置信,Y
THS-NI-2.4,NI,16,沪镍月差（元/吨）,ni_22_basis|wr256|wr267|ni_21_volume_top20|ni_63_export_2,40.0|32.5|32.5|28.89|28.89,SHFE：镍：基差（日）|镍铁价格（江苏，7%≤Ni≤13%）|镍铁库存|LME：镍：3个月合约：成交量（日）|中国海关: 电解镍出口量: 月度,SHFE：镍：基差（日）,40.0,FU00024318,模糊待人工确认,Y
THS-NI-2.4,NI,17,近3年同月月差均值（元/吨）,wr172|wr20|wr21|al_24_lme_spread|li_24_close_near_2,44.44|30.0|30.0|27.59|26.67,沪锡近半年月差变化|LME铝远月月差3-15|SHFE铝近3月虚实比|LME：铝：3个月合约：结算价（日）· 月差参考锚|近月合约收盘价,沪锡近半年月差变化,44.44,a12841510,模糊待人工确认,Y
THS-NI-2.4,NI,18,近3年同月月差标准差（元/吨）,wr172|wr20|wr21|al_24_lme_spread|li_24_close_near_2,42.11|28.57|28.57|26.67|25.0,沪锡近半年月差变化|LME铝远月月差3-15|SHFE铝近3月虚实比|LME：铝：3个月合约：结算价（日）· 月差参考锚|近月合约收盘价,沪锡近半年月差变化,42.11,a12841510,模糊待人工确认,Y
THS-NI-2.4,NI,19,LME镍仓单数量（吨）,ni_42_lme_warrant|wr260|wr261|ni_21_volume_top20|wr262,86.67|74.28|68.42|59.09|57.77,LME：镍：注销仓单（日）|LME镍库存|LME镍库存分布：仓库|LME：镍：3个月合约：成交量（日）|LME镍库存分布：洲,LME：镍：注销仓单（日）,86.67,FU00014818,高置信,Y
THS-NI-2.4,NI,20,LME镍月差（美元/吨）,wr260|ni_21_volume_top20|ni_42_lme_warrant|wr262|wr261,86.67|65.0|65.0|65.0|61.18,LME镍库存|LME：镍：3个月合约：成交量（日）|LME：镍：注销仓单（日）|LME镍库存分布：洲|LME镍库存分布：仓库,LME镍库存,86.67,a12764445,高置信,Y
THS-NI-2.4,NI,21,近1年月差分位（%）,wr172|li_24_close_near_2|si_23_spread_futures|li_24_spread_futures|li_24_lc_spread,50.0|30.77|28.57|28.57|28.57,沪锡近半年月差变化|近月合约收盘价|工业硅期货月差|碳酸锂期货月差|碳酸锂期货月差,沪锡近半年月差变化,50.0,a12841510,模糊待人工确认,Y
THS-NI-2.4,NI,22,沪镍月差,ni_22_basis|wr256|wr267|ni_21_volume_top20|ni_63_export_2,40.0|32.5|32.5|28.89|28.89,SHFE：镍：基差（日）|镍铁价格（江苏，7%≤Ni≤13%）|镍铁库存|LME：镍：3个月合约：成交量（日）|中国海关: 电解镍出口量: 月度,SHFE：镍：基差（日）,40.0,FU00024318,模糊待人工确认,Y
THS-NI-2.4,NI,23,LME镍月差,wr260|ni_21_volume_top20|ni_42_lme_warrant|wr262|wr261,86.67|65.0|65.0|65.0|61.18,LME镍库存|LME：镍：3个月合约：成交量（日）|LME：镍：注销仓单（日）|LME镍库存分布：洲|LME镍库存分布：仓库,LME镍库存,86.67,a12764445,高置信,Y
THS-NI-2.4,NI,24,沪镍近月-远月价差（元/吨）、LME镍近月-远月价差（美元/吨）、汇率（USD/CNY）,wr260|ni_21_volume_top20|ni_42_lme_warrant|wr262|wr261,37.14|36.11|32.5|32.5|31.51,LME镍库存|LME：镍：3个月合约：成交量（日）|LME：镍：注销仓单（日）|LME镍库存分布：洲|LME镍库存分布：仓库,LME镍库存,37.14,a12764445,无候选/低置信,Y
THS-NI-2.4,NI,25,沪伦月差比价,wr173|wr172|j22_shfe_ratio|li_24_close_near_2|wr170,60.0|40.0|37.5|33.33|33.33,锡沪伦比|沪锡近半年月差变化|SMM 沪伦比值 铅 现货|近月合约收盘价|沪锡价格走势,锡沪伦比,60.0,ID01895225,模糊待人工确认,Y
THS-NI-2.4,NI,26,沪镍现金价格（元/吨）、沪镍3个月期货价格（元/吨）、现金-3个月月差（元/吨）,wr256|ni_21_volume_top20|wr254|wr253|ni_21_near_price,27.86|27.37|26.9|26.0|24.53,镍铁价格（江苏，7%≤Ni≤13%）|LME：镍：3个月合约：成交量（日）|硫酸镍价格|印尼镍矿价格（HPM 1.6%）|MHP：NI≥34%，CO≥2%：镍远期现货价格：中国主要港口（日）,镍铁价格（江苏，7%≤Ni≤13%）,27.86,ID00185681,无候选/低置信,Y
THS-NI-2.4,NI,27,沪镍现金-3个月月差,ni_21_volume_top20|ni_22_basis|ni_71_cost_nickel_ore|ni_71_cost_6|ni_63_export_2,45.21|28.89|25.16|25.16|22.61,LME：镍：3个月合约：成交量（日）|SHFE：镍：基差（日）|Ramu镍钴矿：镍：实际现金成本：镍28公司（季）|镍生铁：RKEF工艺：现金成本：科纳韦：美元计（日）|中国海关: 电解镍出口量: 月度,LME：镍：3个月合约：成交量（日）,45.21,FU00014809,模糊待人工确认,Y
THS-NI-2.4,NI,28,电解镍现货价格（元/吨）、镍生铁NPI现货价格（元/吨）、高冰镍现货价格（元/吨）,ni_22_price_2|ni_62_price|ni_22_i9999|ni_32_demand_h2so4_nickel_powder|ni_21_lme_price,34.35|32.5|29.43|27.66|27.08,电解镍：Ni≥99.96%：俄罗斯产：现货到岸价格：中国（日）|电解镍：1#：汇总价格：上海（日）|电解镍：Ni≥99.99%：挪威产：现货价：中国：保税区（日）|硫酸镍：产品生产工序：高冰镍（以金属量计）：需求量：中国（月）|SMM: 进口盈亏: 镍: 现货: LME价格: 日度,电解镍：Ni≥99.96%：俄罗斯产：现货到岸价格：中国（日）,34.35,ID01532837,无候选/低置信,Y
THS-NI-2.4,NI,29,SMM1#电解镍价格、SMM8-12%高镍生铁价格、SMM高冰镍价格,ni_25_percentile_price|ni_25_percentile_price_2|ni_25_price|ni_21_lme_price|wr256,33.92|33.92|33.92|28.89|28.89,SMM: 电解镍进口盈亏（沪伦价格差）: 日度|SMM: 电解镍进口盈亏（沪伦价格差）: 日度|SMM: 电解镍进口盈亏（沪伦价格差）: 日度|SMM: 进口盈亏: 镍: 现货: LME价格: 日度|镍铁价格（江苏，7%≤Ni≤13%）,SMM: 电解镍进口盈亏（沪伦价格差）: 日度,33.92,a10000206,无候选/低置信,Y
THS-NI-2.4,NI,30,电解镍现货价格、镍生铁NPI现货价格、高冰镍现货价格,ni_22_price_2|ni_62_price|ni_22_i9999|ni_32_demand_h2so4_nickel_powder|ni_21_lme_price,34.35|32.5|29.43|27.66|27.08,电解镍：Ni≥99.96%：俄罗斯产：现货到岸价格：中国（日）|电解镍：1#：汇总价格：上海（日）|电解镍：Ni≥99.99%：挪威产：现货价：中国：保税区（日）|硫酸镍：产品生产工序：高冰镍（以金属量计）：需求量：中国（月）|SMM: 进口盈亏: 镍: 现货: LME价格: 日度,电解镍：Ni≥99.96%：俄罗斯产：现货到岸价格：中国（日）,34.35,ID01532837,无候选/低置信,Y
THS-NI-2.4,NI,31,SMM1#电解镍基差,ni_25_percentile_price|ni_25_percentile_price_2|ni_25_price|ni_22_basis|ni_21_lme_price,65.0|65.0|65.0|54.74|32.5,SMM: 电解镍进口盈亏（沪伦价格差）: 日度|SMM: 电解镍进口盈亏（沪伦价格差）: 日度|SMM: 电解镍进口盈亏（沪伦价格差）: 日度|SHFE：镍：基差（日）|SMM: 进口盈亏: 镍: 现货: LME价格: 日度,SMM: 电解镍进口盈亏（沪伦价格差）: 日度,65.0,a10000206,模糊待人工确认,Y
THS-NI-2.4,NI,32,镍基差,ni_22_basis|wr256|wr267|wr254|wr257,65.0|37.14|37.14|32.5|32.5,SHFE：镍：基差（日）|镍铁价格（江苏，7%≤Ni≤13%）|镍铁库存|硫酸镍价格|镍铁折镍价,SHFE：镍：基差（日）,65.0,FU00024318,模糊待人工确认,Y
THS-NI-2.5,NI,0,沪镍主力合约收盘价（元/吨）,ni_21_close_front|wr256|wr254|wr257|ni_21_volume_front,82.73|43.33|40.0|40.0|38.52,SHFE：镍：主力合约：收盘价（日）|镍铁价格（江苏，7%≤Ni≤13%）|硫酸镍价格|镍铁折镍价|SHFE：镍：主力合约：单边交易：成交量（日）,SHFE：镍：主力合约：收盘价（日）,82.73,FU00014997,高置信,Y
THS-NI-2.5,NI,1,近1年沪镍价格分位（%）,wr256|wr254|wr253|wr257|ni_62_price,59.99|55.72|52.0|37.14|33.92,镍铁价格（江苏，7%≤Ni≤13%）|硫酸镍价格|印尼镍矿价格（HPM 1.6%）|镍铁折镍价|电解镍：1#：汇总价格：上海（日）,镍铁价格（江苏，7%≤Ni≤13%）,59.99,ID00185681,模糊待人工确认,Y
THS-NI-2.5,NI,2,镍生铁NPI现货价格（元/吨）,wr256|ni_22_price_3|wr254|wr257|wr253,74.28|52.0|52.0|52.0|48.75,镍铁价格（江苏，7%≤Ni≤13%）|镍生铁：13%＞Ni＞10%：印尼产：远期现货价格：中国主要港口（日）|硫酸镍价格|镍铁折镍价|印尼镍矿价格（HPM 1.6%）,镍铁价格（江苏，7%≤Ni≤13%）,74.28,ID00185681,高置信,Y
THS-NI-2.5,NI,3,电解镍现货价格（元/吨）,wr256|wr254|ni_62_price|wr253|ni_22_price_2,70.91|65.0|61.91|59.99|53.53,镍铁价格（江苏，7%≤Ni≤13%）|硫酸镍价格|电解镍：1#：汇总价格：上海（日）|印尼镍矿价格（HPM 1.6%）|电解镍：Ni≥99.96%：俄罗斯产：现货到岸价格：中国（日）,镍铁价格（江苏，7%≤Ni≤13%）,70.91,ID00185681,高置信,Y
THS-NI-2.5,NI,4,NPI冶炼利润（元/吨）,si_25_profit_smelt|si_25_profit_smelt_2|li_25_profit_smelt|sn_72_idx|li_25_profit_5,57.14|57.14|53.33|46.15|33.33,工业硅冶炼利润|工业硅冶炼利润|氢氧化锂冶炼利润|冶炼锡：毛利（日）|分路线利润,工业硅冶炼利润,57.14,ID01528164,模糊待人工确认,Y
THS-NI-2.5,NI,5,高冰镍现货价格（元/吨）,wr256|wr254|wr253|ni_22_price_nickel_powder|ni_21_lme_price,70.91|65.0|59.99|50.56|44.82,镍铁价格（江苏，7%≤Ni≤13%）|硫酸镍价格|印尼镍矿价格（HPM 1.6%）|高冰镍：Ni≥65%，Co≥1%：钴远期现货价格：中国主要港口（日）|SMM: 进口盈亏: 镍: 现货: LME价格: 日度,镍铁价格（江苏，7%≤Ni≤13%）,70.91,ID00185681,高置信,Y
THS-NI-2.5,NI,6,高冰镍冶炼利润（元/吨）,wr259|wr245|wr246|wr271|ni_314_import_6,59.99|40.0|40.0|37.14|35.45,镍铁理论利润（RKEF 山东）|印尼冰镍产量（分品味）|印尼冰镍产量（高冰镍+低冰镍）|中国冰镍进口量|冰镍：进口数量：澳大利亚→中国（月）,镍铁理论利润（RKEF 山东）,59.99,a10020849,模糊待人工确认,Y
THS-NI-2.5,NI,7,电解镍冶炼完全成本（元/吨）,ni_73_cost|ni_324_cost|ni_25_percentile_price|ni_25_percentile_price_2|ni_25_price,48.75|48.75|33.92|33.92|33.92,低镍生铁：成本（日）|低镍生铁：成本（日）|SMM: 电解镍进口盈亏（沪伦价格差）: 日度|SMM: 电解镍进口盈亏（沪伦价格差）: 日度|SMM: 电解镍进口盈亏（沪伦价格差）: 日度,低镍生铁：成本（日）,48.75,ID01360199,模糊待人工确认,Y
THS-NI-2.5,NI,8,电解镍冶炼利润（元/吨）,wr259|ni_25_percentile_price|ni_25_percentile_price_2|ni_25_price|ni_63_export_2,59.99|37.14|37.14|37.14|37.14,镍铁理论利润（RKEF 山东）|SMM: 电解镍进口盈亏（沪伦价格差）: 日度|SMM: 电解镍进口盈亏（沪伦价格差）: 日度|SMM: 电解镍进口盈亏（沪伦价格差）: 日度|中国海关: 电解镍出口量: 月度,镍铁理论利润（RKEF 山东）,59.99,a10020849,模糊待人工确认,Y
THS-NI-2.5,NI,9,近3年同月沪镍价格分位（%）,wr256|wr254|wr253|wr257|ni_62_price,52.0|48.75|45.88|32.5|31.2,镍铁价格（江苏，7%≤Ni≤13%）|硫酸镍价格|印尼镍矿价格（HPM 1.6%）|镍铁折镍价|电解镍：1#：汇总价格：上海（日）,镍铁价格（江苏，7%≤Ni≤13%）,52.0,ID00185681,模糊待人工确认,Y
THS-NI-2.5,NI,10,近3年同月沪镍价格均值（元/吨）,wr256|wr254|wr253|wr257|ni_62_price,52.0|48.75|45.88|32.5|31.2,镍铁价格（江苏，7%≤Ni≤13%）|硫酸镍价格|印尼镍矿价格（HPM 1.6%）|镍铁折镍价|电解镍：1#：汇总价格：上海（日）,镍铁价格（江苏，7%≤Ni≤13%）,52.0,ID00185681,模糊待人工确认,Y
THS-NI-2.5,NI,11,近1年电解镍冶炼利润分位（%）,wr259|ni_25_percentile_price|ni_25_percentile_price_2|ni_25_price|ni_63_export_2,43.33|30.0|30.0|30.0|30.0,镍铁理论利润（RKEF 山东）|SMM: 电解镍进口盈亏（沪伦价格差）: 日度|SMM: 电解镍进口盈亏（沪伦价格差）: 日度|SMM: 电解镍进口盈亏（沪伦价格差）: 日度|中国海关: 电解镍出口量: 月度,镍铁理论利润（RKEF 山东）,43.33,a10020849,模糊待人工确认,Y
THS-NI-2.5,NI,12,镍铁一体化利润（元/吨）,wr259|wr256|wr267|wr257|wr275,80.0|47.27|47.27|43.33|43.33,镍铁理论利润（RKEF 山东）|镍铁价格（江苏，7%≤Ni≤13%）|镍铁库存|镍铁折镍价|镍铁进口量,镍铁理论利润（RKEF 山东）,80.0,a10020849,高置信,Y
THS-NI-2.5,NI,13,沪镍主力合约收盘价（元/吨）、近1年沪镍价格分位（%）,ni_21_close_front|wr256|wr254|wr257|ni_62_price,56.88|35.45|33.92|33.92|32.5,SHFE：镍：主力合约：收盘价（日）|镍铁价格（江苏，7%≤Ni≤13%）|硫酸镍价格|镍铁折镍价|电解镍：1#：汇总价格：上海（日）,SHFE：镍：主力合约：收盘价（日）,56.88,FU00014997,模糊待人工确认,Y
THS-NI-2.5,NI,14,沪镍主力合约收盘价,ni_21_close_front|wr256|wr254|wr257|ni_21_volume_front,82.73|43.33|40.0|40.0|38.52,SHFE：镍：主力合约：收盘价（日）|镍铁价格（江苏，7%≤Ni≤13%）|硫酸镍价格|镍铁折镍价|SHFE：镍：主力合约：单边交易：成交量（日）,SHFE：镍：主力合约：收盘价（日）,82.73,FU00014997,高置信,Y
THS-NI-2.5,NI,15,镍生铁NPI现货价格（元/吨）、电解镍现货价格（元/吨）、NPI冶炼利润（元/吨）,ni_22_price_3|wr256|ni_22_price_2|ni_62_price|wr259,37.14|34.67|34.35|32.5|32.5,镍生铁：13%＞Ni＞10%：印尼产：远期现货价格：中国主要港口（日）|镍铁价格（江苏，7%≤Ni≤13%）|电解镍：Ni≥99.96%：俄罗斯产：现货到岸价格：中国（日）|电解镍：1#：汇总价格：上海（日）|镍铁理论利润（RKEF 山东）,镍生铁：13%＞Ni＞10%：印尼产：远期现货价格：中国主要港口（日）,37.14,ID01294972,无候选/低置信,Y
THS-NI-2.5,NI,16,SMM8-12%高镍生铁价格、SMM1#电解镍价格、NPI冶炼利润,ni_25_percentile_price|ni_25_percentile_price_2|ni_25_price|wr256|ni_21_lme_price,34.67|34.67|34.67|29.72|29.43,SMM: 电解镍进口盈亏（沪伦价格差）: 日度|SMM: 电解镍进口盈亏（沪伦价格差）: 日度|SMM: 电解镍进口盈亏（沪伦价格差）: 日度|镍铁价格（江苏，7%≤Ni≤13%）|SMM: 进口盈亏: 镍: 现货: LME价格: 日度,SMM: 电解镍进口盈亏（沪伦价格差）: 日度,34.67,a10000206,无候选/低置信,Y
THS-NI-2.5,NI,17,镍生铁NPI现货价格、电解镍现货价格、NPI冶炼利润,ni_22_price_3|wr256|ni_22_price_2|ni_62_price|wr259,37.14|34.67|34.35|32.5|32.5,镍生铁：13%＞Ni＞10%：印尼产：远期现货价格：中国主要港口（日）|镍铁价格（江苏，7%≤Ni≤13%）|电解镍：Ni≥99.96%：俄罗斯产：现货到岸价格：中国（日）|电解镍：1#：汇总价格：上海（日）|镍铁理论利润（RKEF 山东）,镍生铁：13%＞Ni＞10%：印尼产：远期现货价格：中国主要港口（日）,37.14,ID01294972,无候选/低置信,Y
THS-NI-2.5,NI,18,高冰镍现货价格（元/吨）、电解镍现货价格（元/吨）、高冰镍冶炼利润（元/吨）,ni_22_price_2|ni_62_price|ni_22_price_nickel_powder|ni_21_lme_price|wr256,36.4|35.14|35.0|28.89|28.89,电解镍：Ni≥99.96%：俄罗斯产：现货到岸价格：中国（日）|电解镍：1#：汇总价格：上海（日）|高冰镍：Ni≥65%，Co≥1%：钴远期现货价格：中国主要港口（日）|SMM: 进口盈亏: 镍: 现货: LME价格: 日度|镍铁价格（江苏，7%≤Ni≤13%）,电解镍：Ni≥99.96%：俄罗斯产：现货到岸价格：中国（日）,36.4,ID01532837,无候选/低置信,Y
THS-NI-2.5,NI,19,SMM高冰镍价格、SMM1#电解镍价格、高冰镍冶炼利润,ni_25_percentile_price|ni_25_percentile_price_2|ni_25_price|ni_21_lme_price|ni_62_price,38.05|38.05|38.05|31.84|31.71,SMM: 电解镍进口盈亏（沪伦价格差）: 日度|SMM: 电解镍进口盈亏（沪伦价格差）: 日度|SMM: 电解镍进口盈亏（沪伦价格差）: 日度|SMM: 进口盈亏: 镍: 现货: LME价格: 日度|电解镍：1#：汇总价格：上海（日）,SMM: 电解镍进口盈亏（沪伦价格差）: 日度,38.05,a10000206,无候选/低置信,Y
THS-NI-2.5,NI,20,高冰镍现货价格、电解镍现货价格、高冰镍冶炼利润,ni_22_price_2|ni_62_price|ni_22_price_nickel_powder|ni_21_lme_price|wr256,36.4|35.14|35.0|28.89|28.89,电解镍：Ni≥99.96%：俄罗斯产：现货到岸价格：中国（日）|电解镍：1#：汇总价格：上海（日）|高冰镍：Ni≥65%，Co≥1%：钴远期现货价格：中国主要港口（日）|SMM: 进口盈亏: 镍: 现货: LME价格: 日度|镍铁价格（江苏，7%≤Ni≤13%）,电解镍：Ni≥99.96%：俄罗斯产：现货到岸价格：中国（日）,36.4,ID01532837,无候选/低置信,Y
THS-NI-2.5,NI,21,电解镍现货价格（元/吨）、电解镍冶炼完全成本（元/吨）、电解镍冶炼利润（元/吨）,ni_22_price_2|ni_62_price|ni_22_i9999|ni_21_lme_price|ni_71_cost_nickel_ore,35.0|33.33|30.0|27.66|27.66,电解镍：Ni≥99.96%：俄罗斯产：现货到岸价格：中国（日）|电解镍：1#：汇总价格：上海（日）|电解镍：Ni≥99.99%：挪威产：现货价：中国：保税区（日）|SMM: 进口盈亏: 镍: 现货: LME价格: 日度|Ramu镍钴矿：镍：实际现金成本：镍28公司（季）,电解镍：Ni≥99.96%：俄罗斯产：现货到岸价格：中国（日）,35.0,ID01532837,无候选/低置信,Y
THS-NI-2.5,NI,22,SMM1#电解镍价格、电解镍冶炼完全成本、电解镍冶炼利润,ni_25_percentile_price|ni_25_percentile_price_2|ni_25_price|ni_21_lme_price|ni_62_price,37.14|37.14|37.14|31.2|30.95,SMM: 电解镍进口盈亏（沪伦价格差）: 日度|SMM: 电解镍进口盈亏（沪伦价格差）: 日度|SMM: 电解镍进口盈亏（沪伦价格差）: 日度|SMM: 进口盈亏: 镍: 现货: LME价格: 日度|电解镍：1#：汇总价格：上海（日）,SMM: 电解镍进口盈亏（沪伦价格差）: 日度,37.14,a10000206,无候选/低置信,Y
THS-NI-2.5,NI,23,电解镍现货价格、电解镍冶炼完全成本、电解镍冶炼利润,ni_22_price_2|ni_62_price|ni_22_i9999|ni_21_lme_price|ni_71_cost_nickel_ore,35.0|33.33|30.0|27.66|27.66,电解镍：Ni≥99.96%：俄罗斯产：现货到岸价格：中国（日）|电解镍：1#：汇总价格：上海（日）|电解镍：Ni≥99.99%：挪威产：现货价：中国：保税区（日）|SMM: 进口盈亏: 镍: 现货: LME价格: 日度|Ramu镍钴矿：镍：实际现金成本：镍28公司（季）,电解镍：Ni≥99.96%：俄罗斯产：现货到岸价格：中国（日）,35.0,ID01532837,无候选/低置信,Y
THS-NI-2.5,NI,24,电解镍冶炼利润（元/吨）、NPI冶炼利润（元/吨）、高冰镍冶炼利润（元/吨）,ni_72_profit_nickel_powder|ni_324_profit|wr259|ni_32_demand_h2so4_nickel_powder|ni_71_cost_nickel_powder,33.19|33.19|26.9|23.63|23.11,精炼镍：生产利润：中国：红土镍矿：高冰镍加工工艺（日）|精炼镍：生产利润：中国：红土镍矿：高冰镍加工工艺（日）|镍铁理论利润（RKEF 山东）|硫酸镍：产品生产工序：高冰镍（以金属量计）：需求量：中国（月）|精炼镍：生产成本：中国：外采：高冰镍加工工艺（日）,精炼镍：生产利润：中国：红土镍矿：高冰镍加工工艺（日）,33.19,ID01959854,无候选/低置信,Y
THS-NI-2.5,NI,25,SMM1#电解镍价格、SMM8-12%高镍生铁价格、SMM高冰镍价格、冶炼利润,ni_25_percentile_price|ni_25_percentile_price_2|ni_25_price|ni_21_lme_price|ni_62_price,30.59|30.59|30.59|26.44|25.49,SMM: 电解镍进口盈亏（沪伦价格差）: 日度|SMM: 电解镍进口盈亏（沪伦价格差）: 日度|SMM: 电解镍进口盈亏（沪伦价格差）: 日度|SMM: 进口盈亏: 镍: 现货: LME价格: 日度|电解镍：1#：汇总价格：上海（日）,SMM: 电解镍进口盈亏（沪伦价格差）: 日度,30.59,a10000206,无候选/低置信,Y
THS-NI-2.5,NI,26,电解镍冶炼利润、NPI冶炼利润、高冰镍冶炼利润,ni_72_profit_nickel_powder|ni_324_profit|wr259|ni_32_demand_h2so4_nickel_powder|ni_71_cost_nickel_powder,33.19|33.19|26.9|23.63|23.11,精炼镍：生产利润：中国：红土镍矿：高冰镍加工工艺（日）|精炼镍：生产利润：中国：红土镍矿：高冰镍加工工艺（日）|镍铁理论利润（RKEF 山东）|硫酸镍：产品生产工序：高冰镍（以金属量计）：需求量：中国（月）|精炼镍：生产成本：中国：外采：高冰镍加工工艺（日）,精炼镍：生产利润：中国：红土镍矿：高冰镍加工工艺（日）,33.19,ID01959854,无候选/低置信,Y
THS-NI-2.5,NI,27,印尼高冰镍完全成本（元/吨）、印尼高冰镍现金成本（元/吨）、印尼高冰镍利润（元/吨）,ni_71_cost_nickel_ore|wr245|wr246|ni_321_output_nickel_powder|ni_71_cost_6,37.14|31.51|31.51|28.26|26.53,Ramu镍钴矿：镍：实际现金成本：镍28公司（季）|印尼冰镍产量（分品味）|印尼冰镍产量（高冰镍+低冰镍）|高冰镍：以金属量计：产量：印尼：老口径（月）|镍生铁：RKEF工艺：现金成本：科纳韦：美元计（日）,Ramu镍钴矿：镍：实际现金成本：镍28公司（季）,37.14,ID01675320,无候选/低置信,Y
THS-NI-2.5,NI,28,印尼高冰镍完全成本（周度）、印尼高冰镍现金成本（周度）、印尼高冰镍利润（周度）,ni_71_cost_nickel_ore|wr245|wr246|ni_321_output_nickel_powder|ni_71_cost_6,37.14|31.51|31.51|28.26|26.53,Ramu镍钴矿：镍：实际现金成本：镍28公司（季）|印尼冰镍产量（分品味）|印尼冰镍产量（高冰镍+低冰镍）|高冰镍：以金属量计：产量：印尼：老口径（月）|镍生铁：RKEF工艺：现金成本：科纳韦：美元计（日）,Ramu镍钴矿：镍：实际现金成本：镍28公司（季）,37.14,ID01675320,无候选/低置信,Y
THS-NI-2.5,NI,29,印尼高冰镍完全成本、印尼高冰镍现金成本、印尼高冰镍利润,ni_71_cost_nickel_ore|wr245|wr246|ni_321_output_nickel_powder|ni_71_cost_6,37.14|31.51|31.51|28.26|26.53,Ramu镍钴矿：镍：实际现金成本：镍28公司（季）|印尼冰镍产量（分品味）|印尼冰镍产量（高冰镍+低冰镍）|高冰镍：以金属量计：产量：印尼：老口径（月）|镍生铁：RKEF工艺：现金成本：科纳韦：美元计（日）,Ramu镍钴矿：镍：实际现金成本：镍28公司（季）,37.14,ID01675320,无候选/低置信,Y
THS-NI-2.6,NI,0,沪镍主力合约前20名多头持仓量（手）,ni_21_openinterest_front|ni_26_openinterest_top20_front|ni_26_openinterest_top20_front_2|ni_21_percentile_openinterest|ni_21_volume_front,55.15|55.15|55.15|43.33|39.39,SHFE：镍：主力合约：单边交易：持仓量（日）|SHFE：镍：主力合约：单边交易：持仓量（日）|SHFE：镍：主力合约：单边交易：持仓量（日）|LME：镍：其他报告头寸多头持仓量：投资基金（周）|SHFE：镍：主力合约：单边交易：成交量（日）,SHFE：镍：主力合约：单边交易：持仓量（日）,55.15,FU00018043,模糊待人工确认,Y
THS-NI-2.6,NI,1,沪镍主力合约前20名空头持仓量（手）,ni_21_openinterest_front|ni_26_openinterest_top20_front|ni_26_openinterest_top20_front_2|ni_21_volume_front|ni_21_close_front,55.15|55.15|55.15|39.39|37.14,SHFE：镍：主力合约：单边交易：持仓量（日）|SHFE：镍：主力合约：单边交易：持仓量（日）|SHFE：镍：主力合约：单边交易：持仓量（日）|SHFE：镍：主力合约：单边交易：成交量（日）|SHFE：镍：主力合约：收盘价（日）,SHFE：镍：主力合约：单边交易：持仓量（日）,55.15,FU00018043,模糊待人工确认,Y
THS-NI-2.6,NI,2,沪镍主力合约前20名净持仓量（手）= 多头持仓量 - 空头持仓量,ni_21_openinterest_front|ni_26_openinterest_top20_front|ni_26_openinterest_top20_front_2|ni_21_percentile_openinterest|ni_21_volume_front,42.33|42.33|42.33|33.92|30.24,SHFE：镍：主力合约：单边交易：持仓量（日）|SHFE：镍：主力合约：单边交易：持仓量（日）|SHFE：镍：主力合约：单边交易：持仓量（日）|LME：镍：其他报告头寸多头持仓量：投资基金（周）|SHFE：镍：主力合约：单边交易：成交量（日）,SHFE：镍：主力合约：单边交易：持仓量（日）,42.33,FU00018043,模糊待人工确认,Y
THS-NI-2.6,NI,3,前20名持仓总量（手）,li_26_top20_openinterest|li_26_openinterest_top20_long|li_26_openinterest_top20_long_2|li_26_openinterest_top20_long_3|li_26_openinterest_top20_short,71.43|71.43|71.43|71.43|71.43,空头前20持仓量|多头前20持仓量|多头前20持仓量|多头前20持仓量|空头前20持仓量,空头前20持仓量,71.43,FU00085347,高置信,Y
THS-NI-2.6,NI,4,前20名持仓集中度（%）,li_26_top20_openinterest|li_26_openinterest_top20_long|li_26_openinterest_top20_long_2|li_26_openinterest_top20_long_3|li_26_openinterest_top20_short,58.82|58.82|58.82|58.82|58.82,空头前20持仓量|多头前20持仓量|多头前20持仓量|多头前20持仓量|空头前20持仓量,空头前20持仓量,58.82,FU00085347,模糊待人工确认,Y
THS-NI-2.6,NI,5,多空持仓比（多头/空头）,li_26_top20_openinterest|li_26_openinterest_top20_long|li_26_openinterest_top20_long_2|li_26_openinterest_top20_long_3|li_26_openinterest_top20_short,46.15|46.15|46.15|46.15|46.15,空头前20持仓量|多头前20持仓量|多头前20持仓量|多头前20持仓量|空头前20持仓量,空头前20持仓量,46.15,FU00085347,模糊待人工确认,Y
THS-NI-2.6,NI,6,前20名席位轮动方向（多头增加/空头增加/双增/双减）,li_26_top20_openinterest|li_26_openinterest_top20_long|li_26_openinterest_top20_long_2|li_26_openinterest_top20_long_3|li_26_openinterest_top20_short,33.33|33.33|33.33|33.33|33.33,空头前20持仓量|多头前20持仓量|多头前20持仓量|多头前20持仓量|空头前20持仓量,空头前20持仓量,33.33,FU00085347,无候选/低置信,Y
THS-NI-2.6,NI,7,沪镍主力合约前20名持仓总量（手）,ni_21_openinterest_front|ni_26_openinterest_top20_front|ni_26_openinterest_top20_front_2|ni_21_close_front|ni_21_volume_front,52.0|52.0|52.0|41.6|34.67,SHFE：镍：主力合约：单边交易：持仓量（日）|SHFE：镍：主力合约：单边交易：持仓量（日）|SHFE：镍：主力合约：单边交易：持仓量（日）|SHFE：镍：主力合约：收盘价（日）|SHFE：镍：主力合约：单边交易：成交量（日）,SHFE：镍：主力合约：单边交易：持仓量（日）,52.0,FU00018043,模糊待人工确认,Y
THS-NI-2.6,NI,8,近1年前20名持仓量分位（%）,li_26_top20_openinterest|li_26_openinterest_top20_long|li_26_openinterest_top20_long_2|li_26_openinterest_top20_long_3|li_26_openinterest_top20_short,60.0|60.0|60.0|60.0|60.0,空头前20持仓量|多头前20持仓量|多头前20持仓量|多头前20持仓量|空头前20持仓量,空头前20持仓量,60.0,FU00085347,模糊待人工确认,Y
THS-NI-2.6,NI,9,近3年同月持仓总量均值（手）,al_23_lme_oi|wr172|wr21|li_24_close_near_2|wr171,34.78|33.33|30.0|26.67|26.67,LME：铝：3个月合约：持仓量（日）|沪锡近半年月差变化|SHFE铝近3月虚实比|近月合约收盘价|沪锡总持仓量,LME：铝：3个月合约：持仓量（日）,34.78,FU00014314,无候选/低置信,Y
THS-NI-2.6,NI,10,近3年同月持仓总量标准差（手）,wr172|al_23_lme_oi|wr21|li_24_close_near_2|wr171,42.11|33.33|28.57|25.0|25.0,沪锡近半年月差变化|LME：铝：3个月合约：持仓量（日）|SHFE铝近3月虚实比|近月合约收盘价|沪锡总持仓量,沪锡近半年月差变化,42.11,a12841510,模糊待人工确认,Y
THS-NI-2.6,NI,11,沪镍主力合约前20名净持仓量（手）,ni_21_openinterest_front|ni_26_openinterest_top20_front|ni_26_openinterest_top20_front_2|ni_21_volume_front|ni_21_close_front,56.88|56.88|56.88|40.62|38.52,SHFE：镍：主力合约：单边交易：持仓量（日）|SHFE：镍：主力合约：单边交易：持仓量（日）|SHFE：镍：主力合约：单边交易：持仓量（日）|SHFE：镍：主力合约：单边交易：成交量（日）|SHFE：镍：主力合约：收盘价（日）,SHFE：镍：主力合约：单边交易：持仓量（日）,56.88,FU00018043,模糊待人工确认,Y
THS-NI-2.6,NI,12,LME镍前20名净持仓量（手）,ni_42_lme_warrant|wr260|wr261|ni_21_percentile_openinterest|ni_21_volume_top20,59.09|57.77|56.52|53.53|50.0,LME：镍：注销仓单（日）|LME镍库存|LME镍库存分布：仓库|LME：镍：其他报告头寸多头持仓量：投资基金（周）|LME：镍：3个月合约：成交量（日）,LME：镍：注销仓单（日）,59.09,FU00014818,模糊待人工确认,Y
THS-NI-2.6,NI,13,汇率（USD/CNY）,开工率|wr235|li_51_util_ternary|wr57|wr197,40.0|28.57|25.0|25.0|25.0,开工率|硅片开工率|三元材料开工率|氧化铝开工率|国内锡开工率,开工率,40.0,a10019689,模糊待人工确认,Y
THS-NI-2.6,NI,14,沪镍主力合约前20名多头持仓量（手）、沪镍主力合约前20名空头持仓量（手）,ni_21_openinterest_front|ni_26_openinterest_top20_front|ni_26_openinterest_top20_front_2|ni_21_percentile_openinterest|ni_21_volume_front,37.92|37.92|37.92|30.59|27.08,SHFE：镍：主力合约：单边交易：持仓量（日）|SHFE：镍：主力合约：单边交易：持仓量（日）|SHFE：镍：主力合约：单边交易：持仓量（日）|LME：镍：其他报告头寸多头持仓量：投资基金（周）|SHFE：镍：主力合约：单边交易：成交量（日）,SHFE：镍：主力合约：单边交易：持仓量（日）,37.92,FU00018043,无候选/低置信,Y
THS-NI-2.6,NI,15,沪镍前20名多头持仓量、沪镍前20名空头持仓量,ni_21_percentile_openinterest|ni_26_percentile_openinterest_top2|ni_21_openinterest_front|ni_26_openinterest_top20_front|ni_26_openinterest_top20_front_2,34.67|27.37|24.77|24.77|24.77,LME：镍：其他报告头寸多头持仓量：投资基金（周）|SHFE：镍：单边交易：持仓量（日）|SHFE：镍：主力合约：单边交易：持仓量（日）|SHFE：镍：主力合约：单边交易：持仓量（日）|SHFE：镍：主力合约：单边交易：持仓量（日）,LME：镍：其他报告头寸多头持仓量：投资基金（周）,34.67,FU00082056,无候选/低置信,Y
THS-NI-2.6,NI,16,沪镍前20名净持仓量,ni_26_percentile_openinterest_top2|ni_21_openinterest_front|ni_26_openinterest_top20_front|ni_26_openinterest_top20_front_2|wr275,41.6|35.87|35.87|35.87|34.67,SHFE：镍：单边交易：持仓量（日）|SHFE：镍：主力合约：单边交易：持仓量（日）|SHFE：镍：主力合约：单边交易：持仓量（日）|SHFE：镍：主力合约：单边交易：持仓量（日）|镍铁进口量,SHFE：镍：单边交易：持仓量（日）,41.6,FU00017556,模糊待人工确认,Y
THS-NI-2.6,NI,17,沪镍主力合约前20名多头持仓量（手）、沪镍主力合约前20名空头持仓量（手）、前20名持仓总量（手）、,ni_21_openinterest_front|ni_26_openinterest_top20_front|ni_26_openinterest_top20_front_2|ni_21_percentile_openinterest|ni_21_volume_front,32.5|32.5|32.5|26.44|23.22,SHFE：镍：主力合约：单边交易：持仓量（日）|SHFE：镍：主力合约：单边交易：持仓量（日）|SHFE：镍：主力合约：单边交易：持仓量（日）|LME：镍：其他报告头寸多头持仓量：投资基金（周）|SHFE：镍：主力合约：单边交易：成交量（日）,SHFE：镍：主力合约：单边交易：持仓量（日）,32.5,FU00018043,无候选/低置信,Y
THS-NI-2.6,NI,18,沪镍前20名持仓集中度,ni_25_profit|ni_25_profit_2|ni_315_profit|ni_72_profit|ni_72_profit_percentile,30.59|30.59|30.59|30.59|30.59,冷轧不锈钢：外购低镍铁：201/J1：利润：中国（日）|冷轧不锈钢：外购低镍铁：201/J1：利润：中国（日）|冷轧不锈钢：外购低镍铁：201/J1：利润：中国（日）|冷轧不锈钢：外购低镍铁：201/J1：利润：中国（日）|冷轧不锈钢：外购低镍铁：201/J1：利润：中国（日）,冷轧不锈钢：外购低镍铁：201/J1：利润：中国（日）,30.59,ID01536581,无候选/低置信,Y
THS-NI-2.6,NI,19,沪镍主力合约前20名多头持仓量（手）、沪镍主力合约前20名空头持仓量（手）、多空持仓比（多头/空头）,ni_21_openinterest_front|ni_26_openinterest_top20_front|ni_26_openinterest_top20_front_2|ni_21_percentile_openinterest|ni_21_volume_front,33.71|33.71|33.71|27.37|24.08,SHFE：镍：主力合约：单边交易：持仓量（日）|SHFE：镍：主力合约：单边交易：持仓量（日）|SHFE：镍：主力合约：单边交易：持仓量（日）|LME：镍：其他报告头寸多头持仓量：投资基金（周）|SHFE：镍：主力合约：单边交易：成交量（日）,SHFE：镍：主力合约：单边交易：持仓量（日）,33.71,FU00018043,无候选/低置信,Y
THS-NI-2.6,NI,20,沪镍前20名多空持仓比,ni_21_percentile_openinterest|ni_26_percentile_openinterest_top2|ni_44_inv|ni_43_inv|ni_43_inv_4,31.51|30.0|28.89|27.86|27.86,LME：镍：其他报告头寸多头持仓量：投资基金（周）|SHFE：镍：单边交易：持仓量（日）|镍豆：库存：中国：27家样本仓库（周）|精炼镍：库存：中国：27家样本仓库（周）|精炼镍：库存：中国：27家样本仓库（周）,LME：镍：其他报告头寸多头持仓量：投资基金（周）,31.51,FU00082056,无候选/低置信,Y
THS-NI-2.6,NI,21,沪镍主力合约前20名多头持仓量（手）、沪镍主力合约前20名空头持仓量（手）、前20名席位轮动方向（多,ni_21_openinterest_front|ni_26_openinterest_top20_front|ni_26_openinterest_top20_front_2|ni_21_percentile_openinterest|ni_21_volume_front,29.84|29.84|29.84|24.38|21.31,SHFE：镍：主力合约：单边交易：持仓量（日）|SHFE：镍：主力合约：单边交易：持仓量（日）|SHFE：镍：主力合约：单边交易：持仓量（日）|LME：镍：其他报告头寸多头持仓量：投资基金（周）|SHFE：镍：主力合约：单边交易：成交量（日）,SHFE：镍：主力合约：单边交易：持仓量（日）,29.84,FU00018043,无候选/低置信,Y
THS-NI-2.6,NI,22,沪镍前20名席位轮动方向,ni_25_profit|ni_25_profit_2|ni_315_profit|ni_72_profit|ni_72_profit_percentile,22.28|22.28|22.28|22.28|22.28,冷轧不锈钢：外购低镍铁：201/J1：利润：中国（日）|冷轧不锈钢：外购低镍铁：201/J1：利润：中国（日）|冷轧不锈钢：外购低镍铁：201/J1：利润：中国（日）|冷轧不锈钢：外购低镍铁：201/J1：利润：中国（日）|冷轧不锈钢：外购低镍铁：201/J1：利润：中国（日）,冷轧不锈钢：外购低镍铁：201/J1：利润：中国（日）,22.28,ID01536581,无候选/低置信,Y
THS-NI-3.1,NI,0,印尼镍矿产量,wr245|wr246|wr247|wr248|wr253,100|100|100.0|100|86.67,印尼冰镍产量（分品味）|印尼冰镍产量（高冰镍+低冰镍）|印尼精炼镍产量|印尼镍铁产量|印尼镍矿价格（HPM 1.6%）,印尼冰镍产量（分品味）,100,ID01858105,高置信,Y
THS-NI-3.1,NI,1,印尼镍矿产量（万吨）,wr245|wr246|wr247|wr248|wr253,100|100|100.0|100|86.67,印尼冰镍产量（分品味）|印尼冰镍产量（高冰镍+低冰镍）|印尼精炼镍产量|印尼镍铁产量|印尼镍矿价格（HPM 1.6%）,印尼冰镍产量（分品味）,100,ID01858105,高置信,Y
THS-NI-3.1,NI,2,菲律宾镍矿产量,wr243|wr245|wr246|wr248|ni_73_inv_nickel_ore,59.99|59.99|59.99|59.99|56.52,中国镍铁产量|印尼冰镍产量（分品味）|印尼冰镍产量（高冰镍+低冰镍）|印尼镍铁产量|菲律宾镍矿：港口库存：12个港口（周）,中国镍铁产量,59.99,ID01002124,模糊待人工确认,Y
THS-NI-3.1,NI,3,菲律宾镍矿产量（万吨）,wr243|wr245|wr246|wr248|ni_73_inv_nickel_ore,59.99|59.99|59.99|59.99|56.52,中国镍铁产量|印尼冰镍产量（分品味）|印尼冰镍产量（高冰镍+低冰镍）|印尼镍铁产量|菲律宾镍矿：港口库存：12个港口（周）,中国镍铁产量,59.99,ID01002124,模糊待人工确认,Y
THS-NI-3.1,NI,4,印尼镍精炼产量,wr245|wr246|wr247|wr248|wr242,100.0|100.0|100|100.0|74.28,印尼冰镍产量（分品味）|印尼冰镍产量（高冰镍+低冰镍）|印尼精炼镍产量|印尼镍铁产量|中国精炼镍产量,印尼冰镍产量（分品味）,100.0,ID01858105,高置信,Y
THS-NI-3.1,NI,5,印尼镍精炼产量（万吨）,wr245|wr246|wr247|wr248|wr242,100.0|100.0|100|100.0|74.28,印尼冰镍产量（分品味）|印尼冰镍产量（高冰镍+低冰镍）|印尼精炼镍产量|印尼镍铁产量|中国精炼镍产量,印尼冰镍产量（分品味）,100.0,ID01858105,高置信,Y
THS-NI-3.1,NI,6,印尼镍矿RKAB配额,wr253|wr245|wr246|wr248|wr247,65.0|48.75|48.75|48.75|45.88,印尼镍矿价格（HPM 1.6%）|印尼冰镍产量（分品味）|印尼冰镍产量（高冰镍+低冰镍）|印尼镍铁产量|印尼精炼镍产量,印尼镍矿价格（HPM 1.6%）,65.0,s22793258,模糊待人工确认,Y
THS-NI-3.1,NI,7,印尼镍矿RKAB配额（万吨）,wr253|wr245|wr246|wr248|wr247,65.0|48.75|48.75|48.75|45.88,印尼镍矿价格（HPM 1.6%）|印尼冰镍产量（分品味）|印尼冰镍产量（高冰镍+低冰镍）|印尼镍铁产量|印尼精炼镍产量,印尼镍矿价格（HPM 1.6%）,65.0,s22793258,模糊待人工确认,Y
THS-NI-3.1,NI,8,印尼镍矿配额利用率,wr253|wr245|wr246|wr248|ni_321_capacity_util,69.33|52.0|52.0|52.0|49.53,印尼镍矿价格（HPM 1.6%）|印尼冰镍产量（分品味）|印尼冰镍产量（高冰镍+低冰镍）|印尼镍铁产量|精炼镍：产能利用率：中国（月）,印尼镍矿价格（HPM 1.6%）,69.33,s22793258,模糊待人工确认,Y
THS-NI-3.1,NI,9,印尼镍矿配额利用率（%）,wr253|wr245|wr246|wr248|ni_321_capacity_util,69.33|52.0|52.0|52.0|49.53,印尼镍矿价格（HPM 1.6%）|印尼冰镍产量（分品味）|印尼冰镍产量（高冰镍+低冰镍）|印尼镍铁产量|精炼镍：产能利用率：中国（月）,印尼镍矿价格（HPM 1.6%）,69.33,s22793258,模糊待人工确认,Y
THS-NI-3.1,NI,10,澳大利亚镍矿产量,wr243|wr245|wr246|wr248|wr241,55.72|55.72|55.72|55.72|52.0,中国镍铁产量|印尼冰镍产量（分品味）|印尼冰镍产量（高冰镍+低冰镍）|印尼镍铁产量|中国硫酸镍产量,中国镍铁产量,55.72,ID01002124,模糊待人工确认,Y
THS-NI-3.1,NI,11,澳大利亚镍矿产量（万吨）,wr243|wr245|wr246|wr248|wr241,55.72|55.72|55.72|55.72|52.0,中国镍铁产量|印尼冰镍产量（分品味）|印尼冰镍产量（高冰镍+低冰镍）|印尼镍铁产量|中国硫酸镍产量,中国镍铁产量,55.72,ID01002124,模糊待人工确认,Y
THS-NI-3.1,NI,12,海外镍矿产量分国别占比,ni_311_output_3|ni_313_output|ni_323_output_recycle|ni_52_output|ni_52_output_2,52.0|52.0|52.0|52.0|52.0,精炼镍：产量：中国（月）|精炼镍：产量：中国（月）|精炼镍：产量：中国（月）|精炼镍：产量：中国（月）|精炼镍：产量：中国（月）,精炼镍：产量：中国（月）,52.0,ID01002085,模糊待人工确认,Y
THS-NI-3.1,NI,13,海外镍矿产量分国别占比（%）,ni_311_output_3|ni_313_output|ni_323_output_recycle|ni_52_output|ni_52_output_2,52.0|52.0|52.0|52.0|52.0,精炼镍：产量：中国（月）|精炼镍：产量：中国（月）|精炼镍：产量：中国（月）|精炼镍：产量：中国（月）|精炼镍：产量：中国（月）,精炼镍：产量：中国（月）,52.0,ID01002085,模糊待人工确认,Y
THS-NI-3.1,NI,14,国内镍矿产量,wr243|wr241|wr242|wr245|wr246,86.67|80.0|80.0|65.0|65.0,中国镍铁产量|中国硫酸镍产量|中国精炼镍产量|印尼冰镍产量（分品味）|印尼冰镍产量（高冰镍+低冰镍）,中国镍铁产量,86.67,ID01002124,高置信,Y
THS-NI-3.1,NI,15,国内镍矿产量（万吨）,wr243|wr241|wr242|wr245|wr246,86.67|80.0|80.0|65.0|65.0,中国镍铁产量|中国硫酸镍产量|中国精炼镍产量|印尼冰镍产量（分品味）|印尼冰镍产量（高冰镍+低冰镍）,中国镍铁产量,86.67,ID01002124,高置信,Y
THS-NI-3.1,NI,16,国内镍精炼产量,wr242|wr243|wr241|wr247|ni_311_output,92.86|80.0|74.28|74.28|65.0,中国精炼镍产量|中国镍铁产量|中国硫酸镍产量|印尼精炼镍产量|精炼镍：产量：印尼（月）,中国精炼镍产量,92.86,ID01002085,高置信,Y
THS-NI-3.1,NI,17,国内镍精炼产量（万吨）,wr242|wr243|wr241|wr247|ni_311_output,92.86|80.0|74.28|74.28|65.0,中国精炼镍产量|中国镍铁产量|中国硫酸镍产量|印尼精炼镍产量|精炼镍：产量：印尼（月）,中国精炼镍产量,92.86,ID01002085,高置信,Y
THS-NI-3.1,NI,18,国内镍矿进口量,wr271|wr274|wr275|wr272|ni_314_import,92.86|86.67|86.67|72.23|70.91,中国冰镍进口量|中国硫酸镍进口量|镍铁进口量|中国冰镍进口量：自印尼|中国海关: 镍矿进口量: 总: 月度,中国冰镍进口量,92.86,ID01364207,高置信,Y
THS-NI-3.1,NI,19,国内镍矿进口量（万吨）,wr271|wr274|wr275|wr272|ni_314_import,92.86|86.67|86.67|72.23|70.91,中国冰镍进口量|中国硫酸镍进口量|镍铁进口量|中国冰镍进口量：自印尼|中国海关: 镍矿进口量: 总: 月度,中国冰镍进口量,92.86,ID01364207,高置信,Y
THS-NI-3.1,NI,20,国内镍矿进口依赖度,ni_314_import|ni_61_import_4|wr271|wr274|wr275,65.0|65.0|65.0|61.18|55.72,中国海关: 镍矿进口量: 总: 月度|中国海关: 镍矿进口量: 总: 月度|中国冰镍进口量|中国硫酸镍进口量|镍铁进口量,中国海关: 镍矿进口量: 总: 月度,65.0,a10128013,模糊待人工确认,Y
THS-NI-3.1,NI,21,国内镍矿进口依赖度（%）,ni_314_import|ni_61_import_4|wr271|wr274|wr275,65.0|65.0|65.0|61.18|55.72,中国海关: 镍矿进口量: 总: 月度|中国海关: 镍矿进口量: 总: 月度|中国冰镍进口量|中国硫酸镍进口量|镍铁进口量,中国海关: 镍矿进口量: 总: 月度,65.0,a10128013,模糊待人工确认,Y
THS-NI-3.1,NI,22,国内镍矿-精炼产量比,wr242|wr243|wr241|wr247|ni_311_output,81.25|69.33|65.0|65.0|57.77,中国精炼镍产量|中国镍铁产量|中国硫酸镍产量|印尼精炼镍产量|精炼镍：产量：印尼（月）,中国精炼镍产量,81.25,ID01002085,高置信,Y
THS-NI-3.1,NI,23,国内镍矿-精炼产量比（倍）,wr242|wr243|wr241|wr247|ni_311_output,81.25|69.33|65.0|65.0|57.77,中国精炼镍产量|中国镍铁产量|中国硫酸镍产量|印尼精炼镍产量|精炼镍：产量：印尼（月）,中国精炼镍产量,81.25,ID01002085,高置信,Y
THS-NI-3.1,NI,24,镍精矿进口总量,wr275|ni_41_import|ni_61_import_3|ni_62_import|wr271,78.0|65.0|65.0|65.0|65.0,镍铁进口量|镍豆：进口盈亏（日）|镍豆：进口盈亏（日）|镍豆：进口盈亏（日）|中国冰镍进口量,镍铁进口量,78.0,CM0000138647,高置信,Y
THS-NI-3.1,NI,25,镍精矿进口总量（万吨）,wr275|ni_41_import|ni_61_import_3|ni_62_import|wr271,78.0|65.0|65.0|65.0|65.0,镍铁进口量|镍豆：进口盈亏（日）|镍豆：进口盈亏（日）|镍豆：进口盈亏（日）|中国冰镍进口量,镍铁进口量,78.0,CM0000138647,高置信,Y
THS-NI-3.1,NI,26,印尼镍精矿进口量,wr275|wr245|wr246|wr248|wr253,80.0|74.28|74.28|74.28|74.28,镍铁进口量|印尼冰镍产量（分品味）|印尼冰镍产量（高冰镍+低冰镍）|印尼镍铁产量|印尼镍矿价格（HPM 1.6%）,镍铁进口量,80.0,CM0000138647,高置信,Y
THS-NI-3.1,NI,27,印尼镍精矿进口量（万吨）,wr275|wr245|wr246|wr248|wr253,80.0|74.28|74.28|74.28|74.28,镍铁进口量|印尼冰镍产量（分品味）|印尼冰镍产量（高冰镍+低冰镍）|印尼镍铁产量|印尼镍矿价格（HPM 1.6%）,镍铁进口量,80.0,CM0000138647,高置信,Y
THS-NI-3.1,NI,28,菲律宾镍精矿进口量,wr275|wr271|ni_73_inv_nickel_ore|wr274|ni_61_import_nickel_ore,74.28|65.0|62.4|61.18|59.09,镍铁进口量|中国冰镍进口量|菲律宾镍矿：港口库存：12个港口（周）|中国硫酸镍进口量|镍矿：进口数量：印尼→中国（月）,镍铁进口量,74.28,CM0000138647,高置信,Y
THS-NI-3.1,NI,29,菲律宾镍精矿进口量（万吨）,wr275|wr271|ni_73_inv_nickel_ore|wr274|ni_61_import_nickel_ore,74.28|65.0|62.4|61.18|59.09,镍铁进口量|中国冰镍进口量|菲律宾镍矿：港口库存：12个港口（周）|中国硫酸镍进口量|镍矿：进口数量：印尼→中国（月）,镍铁进口量,74.28,CM0000138647,高置信,Y
THS-NI-3.1,NI,30,镍精矿进口到港量,wr275|wr271|wr274|ni_61_import_nickel_ore|ni_61_import_nickel_ore_3,80.0|69.33|65.0|61.91|61.91,镍铁进口量|中国冰镍进口量|中国硫酸镍进口量|镍矿：进口数量：印尼→中国（月）|镍矿：进口数量：印尼→中国（月）,镍铁进口量,80.0,CM0000138647,高置信,Y
THS-NI-3.1,NI,31,镍精矿进口到港量（万吨）,wr275|wr271|wr274|ni_61_import_nickel_ore|ni_61_import_nickel_ore_3,80.0|69.33|65.0|61.91|61.91,镍铁进口量|中国冰镍进口量|中国硫酸镍进口量|镍矿：进口数量：印尼→中国（月）|镍矿：进口数量：印尼→中国（月）,镍铁进口量,80.0,CM0000138647,高置信,Y
THS-NI-3.1,NI,32,镍精矿进口分国别占比,ni_61_import_nickel_ore|ni_61_import_nickel_ore_3|ni_314_import_4|ni_22_import|ni_313_import_2,56.52|56.52|54.17|52.0|52.0,镍矿：进口数量：印尼→中国（月）|镍矿：进口数量：印尼→中国（月）|镍矿：进口数量：菲律宾→中国（月）|冰镍：进口数量合计：中国（月）|冰镍：进口数量合计：中国（月）,镍矿：进口数量：印尼→中国（月）,56.52,CM0000451010,模糊待人工确认,Y
THS-NI-3.1,NI,33,镍精矿进口分国别占比（%）,ni_61_import_nickel_ore|ni_61_import_nickel_ore_3|ni_314_import_4|ni_22_import|ni_313_import_2,56.52|56.52|54.17|52.0|52.0,镍矿：进口数量：印尼→中国（月）|镍矿：进口数量：印尼→中国（月）|镍矿：进口数量：菲律宾→中国（月）|冰镍：进口数量合计：中国（月）|冰镍：进口数量合计：中国（月）,镍矿：进口数量：印尼→中国（月）,56.52,CM0000451010,模糊待人工确认,Y
THS-NI-3.1,NI,34,镍精矿TC,wr253|ni_61_import_nickel_ore|ni_61_import_nickel_ore_3|ni_73_nickel_ore_arrival|wr256,47.27|28.89|28.89|28.89|28.89,印尼镍矿价格（HPM 1.6%）|镍矿：进口数量：印尼→中国（月）|镍矿：进口数量：印尼→中国（月）|镍矿：到港量：菲律宾→中国（日）|镍铁价格（江苏，7%≤Ni≤13%）,印尼镍矿价格（HPM 1.6%）,47.27,s22793258,模糊待人工确认,Y
THS-NI-3.1,NI,35,镍精矿TC（美元/吨干矿）,wr253|ni_61_import_nickel_ore|ni_61_import_nickel_ore_3|ni_73_nickel_ore_arrival|wr256,47.27|28.89|28.89|28.89|28.89,印尼镍矿价格（HPM 1.6%）|镍矿：进口数量：印尼→中国（月）|镍矿：进口数量：印尼→中国（月）|镍矿：到港量：菲律宾→中国（日）|镍铁价格（江苏，7%≤Ni≤13%）,印尼镍矿价格（HPM 1.6%）,47.27,s22793258,模糊待人工确认,Y
THS-NI-3.1,NI,36,Nickel concentrate TC,ni_31_nickel_ore_price|ni_22_price_nickel_powder|ni_21_premium|ni_22_premium_percentile|ni_22_premium,17.63|16.25|14.05|14.05|14.05,红土镍矿：1.6%Ni，0.05%Co，20%Fe，1%Cr，35%含水：HPM价格：印尼（日）|高冰镍：Ni≥65%，Co≥1%：钴远期现货价格：中国主要港口（日）|水淬镍：15-22%Ni：印尼产：升贴水（日）|水淬镍：15-22%Ni：印尼产：升贴水（日）|水淬镍：15-22%Ni：印尼产：升贴水（日）,红土镍矿：1.6%Ni，0.05%Co，20%Fe，1%Cr，35%含水：HPM价格：印尼（日）,17.63,ID01737992,无候选/低置信,Y
THS-NI-3.1,NI,37,印尼镍精矿TC,wr253|wr245|wr246|wr248|wr247,80.0|59.99|59.99|59.99|55.72,印尼镍矿价格（HPM 1.6%）|印尼冰镍产量（分品味）|印尼冰镍产量（高冰镍+低冰镍）|印尼镍铁产量|印尼精炼镍产量,印尼镍矿价格（HPM 1.6%）,80.0,s22793258,高置信,Y
THS-NI-3.1,NI,38,印尼镍精矿TC（美元/吨干矿）,wr253|wr245|wr246|wr248|wr247,80.0|59.99|59.99|59.99|55.72,印尼镍矿价格（HPM 1.6%）|印尼冰镍产量（分品味）|印尼冰镍产量（高冰镍+低冰镍）|印尼镍铁产量|印尼精炼镍产量,印尼镍矿价格（HPM 1.6%）,80.0,s22793258,高置信,Y
THS-NI-3.1,NI,39,菲律宾镍精矿TC,ni_73_inv_nickel_ore|ni_73_nickel_ore_arrival|wr253|ni_314_import_4|ni_63_export_3,54.17|37.14|37.14|35.45|33.92,菲律宾镍矿：港口库存：12个港口（周）|镍矿：到港量：菲律宾→中国（日）|印尼镍矿价格（HPM 1.6%）|镍矿：进口数量：菲律宾→中国（月）|镍矿石：出口数量：菲律宾→印尼（月）,菲律宾镍矿：港口库存：12个港口（周）,54.17,ID00188248,模糊待人工确认,Y
THS-NI-3.1,NI,40,菲律宾镍精矿TC（美元/吨干矿）,ni_73_inv_nickel_ore|ni_73_nickel_ore_arrival|wr253|ni_314_import_4|ni_63_export_3,54.17|37.14|37.14|35.45|33.92,菲律宾镍矿：港口库存：12个港口（周）|镍矿：到港量：菲律宾→中国（日）|印尼镍矿价格（HPM 1.6%）|镍矿：进口数量：菲律宾→中国（月）|镍矿石：出口数量：菲律宾→印尼（月）,菲律宾镍矿：港口库存：12个港口（周）,54.17,ID00188248,模糊待人工确认,Y
THS-NI-3.1,NI,41,印尼镍矿HPM基准价,wr253|wr245|wr246|wr248|wr247,81.25|48.75|48.75|48.75|45.88,印尼镍矿价格（HPM 1.6%）|印尼冰镍产量（分品味）|印尼冰镍产量（高冰镍+低冰镍）|印尼镍铁产量|印尼精炼镍产量,印尼镍矿价格（HPM 1.6%）,81.25,s22793258,高置信,Y
THS-NI-3.1,NI,42,印尼镍矿HPM基准价（美元/湿吨）,wr253|wr245|wr246|wr248|wr247,81.25|48.75|48.75|48.75|45.88,印尼镍矿价格（HPM 1.6%）|印尼冰镍产量（分品味）|印尼冰镍产量（高冰镍+低冰镍）|印尼镍铁产量|印尼精炼镍产量,印尼镍矿价格（HPM 1.6%）,81.25,s22793258,高置信,Y
THS-NI-3.1,NI,43,镍精矿TC（美元/吨干矿）、电解镍冶炼利润（元/吨）、镍铁冶炼利润（元/吨）,wr259|ni_312_output_nickel_ore|ni_71_cost_nickel_ore|ni_72_profit_2|ni_324_profit_h2so4,30.0|27.37|24.77|24.77|24.77,镍铁理论利润（RKEF 山东）|USGS：镍矿：含镍：产量：澳大利亚（年）|Ramu镍钴矿：镍：实际现金成本：镍28公司（季）|精炼镍：生产利润：中国：外采：硫酸镍加工工艺（日）|精炼镍：生产利润：中国：外采：硫酸镍加工工艺（日）,镍铁理论利润（RKEF 山东）,30.0,a10020849,无候选/低置信,Y
THS-NI-3.1.1,NI,0,印尼镍矿产量（万吨）,wr245|wr246|wr247|wr248|wr253,100|100|100.0|100|86.67,印尼冰镍产量（分品味）|印尼冰镍产量（高冰镍+低冰镍）|印尼精炼镍产量|印尼镍铁产量|印尼镍矿价格（HPM 1.6%）,印尼冰镍产量（分品味）,100,ID01858105,高置信,Y
THS-NI-3.1.1,NI,1,菲律宾镍矿产量（万吨）,wr243|wr245|wr246|wr248|ni_73_inv_nickel_ore,59.99|59.99|59.99|59.99|56.52,中国镍铁产量|印尼冰镍产量（分品味）|印尼冰镍产量（高冰镍+低冰镍）|印尼镍铁产量|菲律宾镍矿：港口库存：12个港口（周）,中国镍铁产量,59.99,ID01002124,模糊待人工确认,Y
THS-NI-3.1.1,NI,2,新喀里多尼亚镍矿产量（万吨）,wr245|wr246|wr248|wr247|ni_314_import_5,65.0|65.0|65.0|61.18|57.77,印尼冰镍产量（分品味）|印尼冰镍产量（高冰镍+低冰镍）|印尼镍铁产量|印尼精炼镍产量|镍矿：进口数量：新喀里多尼亚→中国（月）,印尼冰镍产量（分品味）,65.0,ID01858105,模糊待人工确认,Y
THS-NI-3.1.1,NI,3,中国从印尼进口镍精矿量（万吨）,wr271|wr274|wr243|wr245|wr246,72.23|68.42|61.18|61.18|61.18,中国冰镍进口量|中国硫酸镍进口量|中国镍铁产量|印尼冰镍产量（分品味）|印尼冰镍产量（高冰镍+低冰镍）,中国冰镍进口量,72.23,ID01364207,高置信,Y
THS-NI-3.1.1,NI,4,中国从菲律宾进口镍精矿量（万吨）,wr271|wr274|wr243|wr272|wr241,68.42|65.0|57.77|56.52|54.74,中国冰镍进口量|中国硫酸镍进口量|中国镍铁产量|中国冰镍进口量：自印尼|中国硫酸镍产量,中国冰镍进口量,68.42,ID01364207,模糊待人工确认,Y
THS-NI-3.1.1,NI,5,中国从新喀里多尼亚进口镍精矿量（万吨）,wr271|wr274|wr272|wr243|ni_314_import_5,59.09|56.52|50.0|49.53|48.75,中国冰镍进口量|中国硫酸镍进口量|中国冰镍进口量：自印尼|中国镍铁产量|镍矿：进口数量：新喀里多尼亚→中国（月）,中国冰镍进口量,59.09,ID01364207,模糊待人工确认,Y
THS-NI-3.1.1,NI,6,印尼镍精炼产量（万吨）,wr245|wr246|wr247|wr248|wr242,100.0|100.0|100|100.0|74.28,印尼冰镍产量（分品味）|印尼冰镍产量（高冰镍+低冰镍）|印尼精炼镍产量|印尼镍铁产量|中国精炼镍产量,印尼冰镍产量（分品味）,100.0,ID01858105,高置信,Y
THS-NI-3.1.1,NI,7,菲律宾镍精炼产量（万吨）,wr242|wr247|ni_311_output|ni_311_output_2|ni_311_output_3,69.33|69.33|61.18|61.18|61.18,中国精炼镍产量|印尼精炼镍产量|精炼镍：产量：印尼（月）|精炼镍：产量：印尼（月）|精炼镍：产量：中国（月）,中国精炼镍产量,69.33,ID01002085,模糊待人工确认,Y
THS-NI-3.1.1,NI,8,新喀里多尼亚镍精炼产量（万吨）,wr247|wr245|wr246|wr248|wr242,72.23|61.18|61.18|61.18|57.77,印尼精炼镍产量|印尼冰镍产量（分品味）|印尼冰镍产量（高冰镍+低冰镍）|印尼镍铁产量|中国精炼镍产量,印尼精炼镍产量,72.23,a12870400,高置信,Y
THS-NI-3.1.1,NI,9,印尼镍矿产能利用率（%）,ni_321_capacity_util|wr245|wr246|wr248|wr253,74.28|69.33|69.33|69.33|69.33,精炼镍：产能利用率：中国（月）|印尼冰镍产量（分品味）|印尼冰镍产量（高冰镍+低冰镍）|印尼镍铁产量|印尼镍矿价格（HPM 1.6%）,精炼镍：产能利用率：中国（月）,74.28,ID01002083,高置信,Y
THS-NI-3.1.1,NI,10,菲律宾镍矿产能利用率（%）,ni_321_capacity_util|ni_73_inv_nickel_ore|ni_311_capacity_2|ni_311_capacity_3|ni_311_capacity,70.91|50.0|41.05|41.05|37.14,精炼镍：产能利用率：中国（月）|菲律宾镍矿：港口库存：12个港口（周）|精炼镍：产能：印尼（月）|精炼镍：产能：中国（月）|精炼镍：运行产能：印尼（月）,精炼镍：产能利用率：中国（月）,70.91,ID01002083,高置信,Y
THS-NI-3.1.1,NI,11,新喀里多尼亚镍矿产能利用率（%）,ni_321_capacity_util|ni_314_import_5|ni_61_import_nickel_ore_5|ni_62_import_2|ni_311_output_nickel_ore_2,62.4|52.0|52.0|52.0|47.27,精炼镍：产能利用率：中国（月）|镍矿：进口数量：新喀里多尼亚→中国（月）|镍矿：进口数量：新喀里多尼亚→中国（月）|镍矿：进口数量：新喀里多尼亚→中国（月）|USGS：镍矿：含镍：产量：新喀里多尼亚（年）,精炼镍：产能利用率：中国（月）,62.4,ID01002083,模糊待人工确认,Y
THS-NI-3.1.1,NI,12,印尼镍矿检修量（万吨）,wr245|wr246|wr248|wr253|wr247,80.0|80.0|80.0|80.0|74.28,印尼冰镍产量（分品味）|印尼冰镍产量（高冰镍+低冰镍）|印尼镍铁产量|印尼镍矿价格（HPM 1.6%）|印尼精炼镍产量,印尼冰镍产量（分品味）,80.0,ID01858105,高置信,Y
THS-NI-3.1.1,NI,13,菲律宾镍矿检修量（万吨）,ni_73_inv_nickel_ore|wr275|ni_61_import_nickel_ore|ni_61_import_nickel_ore_3|ni_73_nickel_ore_arrival,54.17|40.0|37.14|37.14|37.14,菲律宾镍矿：港口库存：12个港口（周）|镍铁进口量|镍矿：进口数量：印尼→中国（月）|镍矿：进口数量：印尼→中国（月）|镍矿：到港量：菲律宾→中国（日）,菲律宾镍矿：港口库存：12个港口（周）,54.17,ID00188248,模糊待人工确认,Y
THS-NI-3.1.1,NI,14,新喀里多尼亚镍矿检修量（万吨）,ni_314_import_5|ni_61_import_nickel_ore_5|ni_62_import_2|ni_311_output_nickel_ore_2|wr245,55.72|55.72|55.72|50.32|45.88,镍矿：进口数量：新喀里多尼亚→中国（月）|镍矿：进口数量：新喀里多尼亚→中国（月）|镍矿：进口数量：新喀里多尼亚→中国（月）|USGS：镍矿：含镍：产量：新喀里多尼亚（年）|印尼冰镍产量（分品味）,镍矿：进口数量：新喀里多尼亚→中国（月）,55.72,CM0000451009,模糊待人工确认,Y
THS-NI-3.1.1,NI,15,印尼镍精炼产能（万吨/年）,wr247|wr245|wr246|wr248|ni_311_capacity_3,92.86|80.0|80.0|80.0|65.0,印尼精炼镍产量|印尼冰镍产量（分品味）|印尼冰镍产量（高冰镍+低冰镍）|印尼镍铁产量|精炼镍：产能：中国（月）,印尼精炼镍产量,92.86,a12870400,高置信,Y
THS-NI-3.1.1,NI,16,菲律宾镍精炼产能（万吨/年）,ni_311_capacity_2|ni_311_capacity_3|ni_311_capacity|ni_321_capacity_util|wr242,61.18|61.18|54.74|52.0|52.0,精炼镍：产能：印尼（月）|精炼镍：产能：中国（月）|精炼镍：运行产能：印尼（月）|精炼镍：产能利用率：中国（月）|中国精炼镍产量,精炼镍：产能：印尼（月）,61.18,ID02026192,模糊待人工确认,Y
THS-NI-3.1.1,NI,17,新喀里多尼亚镍精炼产能（万吨/年）,wr247|ni_314_import_5|ni_61_import_nickel_ore_5|ni_62_import_2|ni_311_capacity_2,57.77|55.72|55.72|55.72|52.0,印尼精炼镍产量|镍矿：进口数量：新喀里多尼亚→中国（月）|镍矿：进口数量：新喀里多尼亚→中国（月）|镍矿：进口数量：新喀里多尼亚→中国（月）|精炼镍：产能：印尼（月）,印尼精炼镍产量,57.77,a12870400,模糊待人工确认,Y
THS-NI-3.1.1,NI,18,印尼镍矿开工天数（天/季度）,wr253|wr245|wr246|wr248|wr247,74.28|55.72|55.72|55.72|52.0,印尼镍矿价格（HPM 1.6%）|印尼冰镍产量（分品味）|印尼冰镍产量（高冰镍+低冰镍）|印尼镍铁产量|印尼精炼镍产量,印尼镍矿价格（HPM 1.6%）,74.28,s22793258,高置信,Y
THS-NI-3.1.1,NI,19,菲律宾镍矿开工天数（天/季度）,ni_73_inv_nickel_ore|ni_322_util_2|ni_322_util_3|ni_51_util|ni_51_util_battery,52.0|41.05|41.05|41.05|41.05,菲律宾镍矿：港口库存：12个港口（周）|精炼镍：开工率：印尼（月）|精炼镍：开工率：印尼（月）|精炼镍：开工率：中国（月）|精炼镍：开工率：中国（月）,菲律宾镍矿：港口库存：12个港口（周）,52.0,ID00188248,模糊待人工确认,Y
THS-NI-3.1.1,NI,20,新喀里多尼亚镍矿开工天数（天/季度）,ni_314_import_5|ni_61_import_nickel_ore_5|ni_62_import_2|ni_311_output_nickel_ore_2|wr253,53.79|53.79|53.79|48.75|43.33,镍矿：进口数量：新喀里多尼亚→中国（月）|镍矿：进口数量：新喀里多尼亚→中国（月）|镍矿：进口数量：新喀里多尼亚→中国（月）|USGS：镍矿：含镍：产量：新喀里多尼亚（年）|印尼镍矿价格（HPM 1.6%）,镍矿：进口数量：新喀里多尼亚→中国（月）,53.79,CM0000451009,模糊待人工确认,Y
THS-NI-3.1.1,NI,21,印尼镍矿-精炼产量比（倍）,wr247|wr245|wr246|wr248|wr253,97.5|86.67|86.67|86.67|69.33,印尼精炼镍产量|印尼冰镍产量（分品味）|印尼冰镍产量（高冰镍+低冰镍）|印尼镍铁产量|印尼镍矿价格（HPM 1.6%）,印尼精炼镍产量,97.5,a12870400,高置信,Y
THS-NI-3.1.2,NI,0,印尼镍矿产量（万吨）,wr245|wr246|wr247|wr248|wr253,100|100|100.0|100|86.67,印尼冰镍产量（分品味）|印尼冰镍产量（高冰镍+低冰镍）|印尼精炼镍产量|印尼镍铁产量|印尼镍矿价格（HPM 1.6%）,印尼冰镍产量（分品味）,100,ID01858105,高置信,Y
THS-NI-3.1.2,NI,1,印尼镍精炼产量（万吨）,wr245|wr246|wr247|wr248|wr242,100.0|100.0|100|100.0|74.28,印尼冰镍产量（分品味）|印尼冰镍产量（高冰镍+低冰镍）|印尼精炼镍产量|印尼镍铁产量|中国精炼镍产量,印尼冰镍产量（分品味）,100.0,ID01858105,高置信,Y
THS-NI-3.1.2,NI,2,菲律宾镍矿产量（万吨）,wr243|wr245|wr246|wr248|ni_73_inv_nickel_ore,59.99|59.99|59.99|59.99|56.52,中国镍铁产量|印尼冰镍产量（分品味）|印尼冰镍产量（高冰镍+低冰镍）|印尼镍铁产量|菲律宾镍矿：港口库存：12个港口（周）,中国镍铁产量,59.99,ID01002124,模糊待人工确认,Y
THS-NI-3.1.2,NI,3,菲律宾镍精炼产量（万吨）,wr242|wr247|ni_311_output|ni_311_output_2|ni_311_output_3,69.33|69.33|61.18|61.18|61.18,中国精炼镍产量|印尼精炼镍产量|精炼镍：产量：印尼（月）|精炼镍：产量：印尼（月）|精炼镍：产量：中国（月）,中国精炼镍产量,69.33,ID01002085,模糊待人工确认,Y
THS-NI-3.1.2,NI,4,新喀里多尼亚镍矿产量（万吨）,wr245|wr246|wr248|wr247|ni_314_import_5,65.0|65.0|65.0|61.18|57.77,印尼冰镍产量（分品味）|印尼冰镍产量（高冰镍+低冰镍）|印尼镍铁产量|印尼精炼镍产量|镍矿：进口数量：新喀里多尼亚→中国（月）,印尼冰镍产量（分品味）,65.0,ID01858105,模糊待人工确认,Y
THS-NI-3.1.2,NI,5,新喀里多尼亚镍精炼产量（万吨）,wr247|wr245|wr246|wr248|wr242,72.23|61.18|61.18|61.18|57.77,印尼精炼镍产量|印尼冰镍产量（分品味）|印尼冰镍产量（高冰镍+低冰镍）|印尼镍铁产量|中国精炼镍产量,印尼精炼镍产量,72.23,a12870400,高置信,Y
THS-NI-3.1.2,NI,6,澳大利亚镍矿产量（万吨）,wr243|wr245|wr246|wr248|wr241,55.72|55.72|55.72|55.72|52.0,中国镍铁产量|印尼冰镍产量（分品味）|印尼冰镍产量（高冰镍+低冰镍）|印尼镍铁产量|中国硫酸镍产量,中国镍铁产量,55.72,ID01002124,模糊待人工确认,Y
THS-NI-3.1.2,NI,7,澳大利亚镍精炼产量（万吨）,wr242|wr247|ni_311_output|ni_311_output_2|ni_311_output_3,65.0|65.0|57.77|57.77|57.77,中国精炼镍产量|印尼精炼镍产量|精炼镍：产量：印尼（月）|精炼镍：产量：印尼（月）|精炼镍：产量：中国（月）,中国精炼镍产量,65.0,ID01002085,模糊待人工确认,Y
THS-NI-3.1.2,NI,8,印尼镍矿产能（万吨/年）,wr245|wr246|wr248|wr253|wr247,86.67|86.67|86.67|86.67|80.0,印尼冰镍产量（分品味）|印尼冰镍产量（高冰镍+低冰镍）|印尼镍铁产量|印尼镍矿价格（HPM 1.6%）|印尼精炼镍产量,印尼冰镍产量（分品味）,86.67,ID01858105,高置信,Y
THS-NI-3.1.2,NI,9,菲律宾镍矿产能（万吨/年）,ni_73_inv_nickel_ore|ni_311_capacity_2|ni_311_capacity_3|ni_311_capacity|ni_31_inv_nickel_ore_2,56.52|48.75|48.75|43.33|41.6,菲律宾镍矿：港口库存：12个港口（周）|精炼镍：产能：印尼（月）|精炼镍：产能：中国（月）|精炼镍：运行产能：印尼（月）|镍矿：菲律宾产：港口库存：14个港口（周）,菲律宾镍矿：港口库存：12个港口（周）,56.52,ID00188248,模糊待人工确认,Y
THS-NI-3.1.2,NI,10,新喀里多尼亚镍矿产能（万吨/年）,ni_314_import_5|ni_61_import_nickel_ore_5|ni_62_import_2|ni_311_output_nickel_ore_2|wr245,57.77|57.77|57.77|52.0|48.75,镍矿：进口数量：新喀里多尼亚→中国（月）|镍矿：进口数量：新喀里多尼亚→中国（月）|镍矿：进口数量：新喀里多尼亚→中国（月）|USGS：镍矿：含镍：产量：新喀里多尼亚（年）|印尼冰镍产量（分品味）,镍矿：进口数量：新喀里多尼亚→中国（月）,57.77,CM0000451009,模糊待人工确认,Y
THS-NI-3.1.2,NI,11,澳大利亚镍矿产能（万吨/年）,ni_312_output|ni_311_capacity_2|ni_311_capacity_3|ni_314_import_6|ni_311_capacity,47.27|45.88|45.88|45.21|41.05,精炼镍：二级：产量：澳大利亚（季）|精炼镍：产能：印尼（月）|精炼镍：产能：中国（月）|冰镍：进口数量：澳大利亚→中国（月）|精炼镍：运行产能：印尼（月）,精炼镍：二级：产量：澳大利亚（季）,47.27,ID01655713,模糊待人工确认,Y
THS-NI-3.1.2,NI,12,印尼镍矿开工天数（天/季度）,wr253|wr245|wr246|wr248|wr247,74.28|55.72|55.72|55.72|52.0,印尼镍矿价格（HPM 1.6%）|印尼冰镍产量（分品味）|印尼冰镍产量（高冰镍+低冰镍）|印尼镍铁产量|印尼精炼镍产量,印尼镍矿价格（HPM 1.6%）,74.28,s22793258,高置信,Y
THS-NI-3.1.2,NI,13,菲律宾镍矿开工天数（天/季度）,ni_73_inv_nickel_ore|ni_322_util_2|ni_322_util_3|ni_51_util|ni_51_util_battery,52.0|41.05|41.05|41.05|41.05,菲律宾镍矿：港口库存：12个港口（周）|精炼镍：开工率：印尼（月）|精炼镍：开工率：印尼（月）|精炼镍：开工率：中国（月）|精炼镍：开工率：中国（月）,菲律宾镍矿：港口库存：12个港口（周）,52.0,ID00188248,模糊待人工确认,Y
THS-NI-3.1.2,NI,14,新喀里多尼亚镍矿开工天数（天/季度）,ni_314_import_5|ni_61_import_nickel_ore_5|ni_62_import_2|ni_311_output_nickel_ore_2|wr253,53.79|53.79|53.79|48.75|43.33,镍矿：进口数量：新喀里多尼亚→中国（月）|镍矿：进口数量：新喀里多尼亚→中国（月）|镍矿：进口数量：新喀里多尼亚→中国（月）|USGS：镍矿：含镍：产量：新喀里多尼亚（年）|印尼镍矿价格（HPM 1.6%）,镍矿：进口数量：新喀里多尼亚→中国（月）,53.79,CM0000451009,模糊待人工确认,Y
THS-NI-3.1.2,NI,15,澳大利亚镍矿开工天数（天/季度）,ni_312_output|ni_314_import_6|ni_322_util_2|ni_322_util_3|ni_51_util,43.33|41.6|39.0|39.0|39.0,精炼镍：二级：产量：澳大利亚（季）|冰镍：进口数量：澳大利亚→中国（月）|精炼镍：开工率：印尼（月）|精炼镍：开工率：印尼（月）|精炼镍：开工率：中国（月）,精炼镍：二级：产量：澳大利亚（季）,43.33,ID01655713,模糊待人工确认,Y
THS-NI-3.1.2,NI,16,印尼矿-精炼产量比（倍）,wr247|wr245|wr246|wr248|wr182,80.0|57.14|57.14|57.14|55.56,印尼精炼镍产量|印尼冰镍产量（分品味）|印尼冰镍产量（高冰镍+低冰镍）|印尼镍铁产量|印尼精炼锡出口量变化,印尼精炼镍产量,80.0,a12870400,高置信,Y
THS-NI-3.1.2,NI,17,菲律宾矿-精炼产量比（倍）,wr242|wr247|si_321_output|精炼产量|ni_311_output,50.0|50.0|47.06|44.44|44.44,中国精炼镍产量|印尼精炼镍产量|工业硅精炼月产量|精炼产量|精炼镍：产量：印尼（月）,中国精炼镍产量,50.0,ID01002085,模糊待人工确认,Y
THS-NI-3.1.3,NI,0,甘肃镍矿产量（万吨）,wr243|wr245|wr246|wr248|wr241,65.0|65.0|65.0|65.0|59.99,中国镍铁产量|印尼冰镍产量（分品味）|印尼冰镍产量（高冰镍+低冰镍）|印尼镍铁产量|中国硫酸镍产量,中国镍铁产量,65.0,ID01002124,模糊待人工确认,Y
THS-NI-3.1.3,NI,1,四川镍矿产量（万吨）,wr243|wr245|wr246|wr248|wr241,65.0|65.0|65.0|65.0|59.99,中国镍铁产量|印尼冰镍产量（分品味）|印尼冰镍产量（高冰镍+低冰镍）|印尼镍铁产量|中国硫酸镍产量,中国镍铁产量,65.0,ID01002124,模糊待人工确认,Y
THS-NI-3.1.3,NI,2,云南镍矿产量（万吨）,wr243|wr245|wr246|wr248|wr241,65.0|65.0|65.0|65.0|59.99,中国镍铁产量|印尼冰镍产量（分品味）|印尼冰镍产量（高冰镍+低冰镍）|印尼镍铁产量|中国硫酸镍产量,中国镍铁产量,65.0,ID01002124,模糊待人工确认,Y
THS-NI-3.1.3,NI,3,国内镍精炼产量（万吨）,wr242|wr243|wr241|wr247|ni_311_output,92.86|80.0|74.28|74.28|65.0,中国精炼镍产量|中国镍铁产量|中国硫酸镍产量|印尼精炼镍产量|精炼镍：产量：印尼（月）,中国精炼镍产量,92.86,ID01002085,高置信,Y
THS-NI-3.1.3,NI,4,电解镍产量（万吨）,wr243|wr245|wr246|wr248|wr241,70.91|70.91|70.91|70.91|65.0,中国镍铁产量|印尼冰镍产量（分品味）|印尼冰镍产量（高冰镍+低冰镍）|印尼镍铁产量|中国硫酸镍产量,中国镍铁产量,70.91,ID01002124,高置信,Y
THS-NI-3.1.3,NI,5,镍铁产量（万吨）,wr243|wr248|wr275|wr245|wr246,86.67|86.67|86.67|78.0|78.0,中国镍铁产量|印尼镍铁产量|镍铁进口量|印尼冰镍产量（分品味）|印尼冰镍产量（高冰镍+低冰镍）,中国镍铁产量,86.67,ID01002124,高置信,Y
THS-NI-3.1.3,NI,6,国内镍矿产量（万吨）,wr243|wr241|wr242|wr245|wr246,86.67|80.0|80.0|65.0|65.0,中国镍铁产量|中国硫酸镍产量|中国精炼镍产量|印尼冰镍产量（分品味）|印尼冰镍产量（高冰镍+低冰镍）,中国镍铁产量,86.67,ID01002124,高置信,Y
THS-NI-3.1.3,NI,7,矿-精炼产量比（倍）,精炼产量|wr242|wr247|si_321_output|ni_311_output,66.67|61.54|61.54|57.14|53.33,精炼产量|中国精炼镍产量|印尼精炼镍产量|工业硅精炼月产量|精炼镍：产量：印尼（月）,精炼产量,66.67,a10018516,模糊待人工确认,Y
THS-NI-3.1.3,NI,8,甘肃镍矿产能利用率（%）,ni_321_capacity_util|ni_311_capacity_2|ni_311_capacity_3|ni_311_capacity|ni_312_output_nickel_ore,74.28|43.33|43.33|39.0|38.52,精炼镍：产能利用率：中国（月）|精炼镍：产能：印尼（月）|精炼镍：产能：中国（月）|精炼镍：运行产能：印尼（月）|USGS：镍矿：含镍：产量：澳大利亚（年）,精炼镍：产能利用率：中国（月）,74.28,ID01002083,高置信,Y
THS-NI-3.1.3,NI,9,四川镍矿产能利用率（%）,ni_321_capacity_util|ni_311_capacity_2|ni_311_capacity_3|ni_311_capacity|ni_312_output_nickel_ore,74.28|43.33|43.33|39.0|38.52,精炼镍：产能利用率：中国（月）|精炼镍：产能：印尼（月）|精炼镍：产能：中国（月）|精炼镍：运行产能：印尼（月）|USGS：镍矿：含镍：产量：澳大利亚（年）,精炼镍：产能利用率：中国（月）,74.28,ID01002083,高置信,Y
THS-NI-3.1.3,NI,10,云南镍矿产能利用率（%）,ni_321_capacity_util|ni_311_capacity_2|ni_311_capacity_3|ni_311_capacity|ni_312_output_nickel_ore,74.28|43.33|43.33|39.0|38.52,精炼镍：产能利用率：中国（月）|精炼镍：产能：印尼（月）|精炼镍：产能：中国（月）|精炼镍：运行产能：印尼（月）|USGS：镍矿：含镍：产量：澳大利亚（年）,精炼镍：产能利用率：中国（月）,74.28,ID01002083,高置信,Y
THS-NI-3.1.3,NI,11,甘肃镍矿开工天数（天/月）,ni_322_util_2|ni_322_util_3|ni_51_util|ni_51_util_battery|ni_51_util_cons,43.33|43.33|43.33|43.33|43.33,精炼镍：开工率：印尼（月）|精炼镍：开工率：印尼（月）|精炼镍：开工率：中国（月）|精炼镍：开工率：中国（月）|精炼镍：开工率：中国（月）,精炼镍：开工率：印尼（月）,43.33,ID02026188,模糊待人工确认,Y
THS-NI-3.1.3,NI,12,四川镍矿开工天数（天/月）,ni_322_util_2|ni_322_util_3|ni_51_util|ni_51_util_battery|ni_51_util_cons,43.33|43.33|43.33|43.33|43.33,精炼镍：开工率：印尼（月）|精炼镍：开工率：印尼（月）|精炼镍：开工率：中国（月）|精炼镍：开工率：中国（月）|精炼镍：开工率：中国（月）,精炼镍：开工率：印尼（月）,43.33,ID02026188,模糊待人工确认,Y
THS-NI-3.1.3,NI,13,云南镍矿开工天数（天/月）,ni_322_util_2|ni_322_util_3|ni_51_util|ni_51_util_battery|ni_51_util_cons,43.33|43.33|43.33|43.33|43.33,精炼镍：开工率：印尼（月）|精炼镍：开工率：印尼（月）|精炼镍：开工率：中国（月）|精炼镍：开工率：中国（月）|精炼镍：开工率：中国（月）,精炼镍：开工率：印尼（月）,43.33,ID02026188,模糊待人工确认,Y
THS-NI-3.1.3,NI,14,甘肃镍矿检修量（万吨）,wr275|wr243|wr245|wr246|wr248,43.33|40.0|40.0|40.0|40.0,镍铁进口量|中国镍铁产量|印尼冰镍产量（分品味）|印尼冰镍产量（高冰镍+低冰镍）|印尼镍铁产量,镍铁进口量,43.33,CM0000138647,模糊待人工确认,Y
THS-NI-3.1.3,NI,15,四川镍矿检修量（万吨）,wr275|wr243|wr245|wr246|wr248,43.33|40.0|40.0|40.0|40.0,镍铁进口量|中国镍铁产量|印尼冰镍产量（分品味）|印尼冰镍产量（高冰镍+低冰镍）|印尼镍铁产量,镍铁进口量,43.33,CM0000138647,模糊待人工确认,Y
THS-NI-3.1.3,NI,16,云南镍矿检修量（万吨）,wr275|wr243|wr245|wr246|wr248,43.33|40.0|40.0|40.0|40.0,镍铁进口量|中国镍铁产量|印尼冰镍产量（分品味）|印尼冰镍产量（高冰镍+低冰镍）|印尼镍铁产量,镍铁进口量,43.33,CM0000138647,模糊待人工确认,Y
THS-NI-3.1.3,NI,17,近3年同月镍矿产量均值（万吨）,wr243|wr245|wr246|wr248|wr241,45.88|45.88|45.88|45.88|43.33,中国镍铁产量|印尼冰镍产量（分品味）|印尼冰镍产量（高冰镍+低冰镍）|印尼镍铁产量|中国硫酸镍产量,中国镍铁产量,45.88,ID01002124,模糊待人工确认,Y
THS-NI-3.1.3,NI,18,近3年同月镍矿产量标准差（万吨）,wr243|wr245|wr246|wr248|wr241,43.33|43.33|43.33|43.33|41.05,中国镍铁产量|印尼冰镍产量（分品味）|印尼冰镍产量（高冰镍+低冰镍）|印尼镍铁产量|中国硫酸镍产量,中国镍铁产量,43.33,ID01002124,模糊待人工确认,Y
THS-NI-3.1.3,NI,19,镍精矿进口量（万吨）,wr275|wr271|wr274|ni_61_import_nickel_ore|ni_61_import_nickel_ore_3,94.55|80.0|74.28|68.42|68.42,镍铁进口量|中国冰镍进口量|中国硫酸镍进口量|镍矿：进口数量：印尼→中国（月）|镍矿：进口数量：印尼→中国（月）,镍铁进口量,94.55,CM0000138647,高置信,Y
THS-NI-3.1.3,NI,20,进口依赖度（%）,wr25|wr26|wr87|wr91|wr275,54.55|42.86|40.0|40.0|40.0,原铝进口-印度|原铝进口-印度尼西亚|铝土矿进口-总量|氧化铝进口|镍铁进口量,原铝进口-印度,54.55,a10113450,模糊待人工确认,Y
THS-NI-3.1.4,NI,0,镍精矿进口总量（万吨）,wr275|ni_41_import|ni_61_import_3|ni_62_import|wr271,78.0|65.0|65.0|65.0|65.0,镍铁进口量|镍豆：进口盈亏（日）|镍豆：进口盈亏（日）|镍豆：进口盈亏（日）|中国冰镍进口量,镍铁进口量,78.0,CM0000138647,高置信,Y
THS-NI-3.1.4,NI,1,镍精矿进口量（吨）,wr275|wr271|wr274|ni_61_import_nickel_ore|ni_61_import_nickel_ore_3,94.55|80.0|74.28|68.42|68.42,镍铁进口量|中国冰镍进口量|中国硫酸镍进口量|镍矿：进口数量：印尼→中国（月）|镍矿：进口数量：印尼→中国（月）,镍铁进口量,94.55,CM0000138647,高置信,Y
THS-NI-3.1.4,NI,2,中国从印尼进口镍精矿量（万吨）,wr271|wr274|wr243|wr245|wr246,72.23|68.42|61.18|61.18|61.18,中国冰镍进口量|中国硫酸镍进口量|中国镍铁产量|印尼冰镍产量（分品味）|印尼冰镍产量（高冰镍+低冰镍）,中国冰镍进口量,72.23,ID01364207,高置信,Y
THS-NI-3.1.4,NI,3,印尼进口占比（%）,wr190|ni_32_import_nickel_ferrous|wr182|wr87|wr91,46.15|40.0|37.5|36.36|36.36,印度锡净进口量|镍铁：印尼产：进口盈亏：中国（日）|印尼精炼锡出口量变化|铝土矿进口-总量|氧化铝进口,印度锡净进口量,46.15,a12840355,模糊待人工确认,Y
THS-NI-3.1.4,NI,4,中国从菲律宾进口镍精矿量（万吨）,wr271|wr274|wr243|wr272|wr241,68.42|65.0|57.77|56.52|54.74,中国冰镍进口量|中国硫酸镍进口量|中国镍铁产量|中国冰镍进口量：自印尼|中国硫酸镍产量,中国冰镍进口量,68.42,ID01364207,模糊待人工确认,Y
THS-NI-3.1.4,NI,5,菲律宾进口占比（%）,ni_73_inv_nickel_ore|wr87|wr91|wr275|ni_31_inv_nickel_ore_2,34.78|33.33|33.33|33.33|32.0,菲律宾镍矿：港口库存：12个港口（周）|铝土矿进口-总量|氧化铝进口|镍铁进口量|镍矿：菲律宾产：港口库存：14个港口（周）,菲律宾镍矿：港口库存：12个港口（周）,34.78,ID00188248,无候选/低置信,Y
THS-NI-3.1.4,NI,6,中国从新喀里多尼亚进口镍精矿量（万吨）,wr271|wr274|wr272|wr243|ni_314_import_5,59.09|56.52|50.0|49.53|48.75,中国冰镍进口量|中国硫酸镍进口量|中国冰镍进口量：自印尼|中国镍铁产量|镍矿：进口数量：新喀里多尼亚→中国（月）,中国冰镍进口量,59.09,ID01364207,模糊待人工确认,Y
THS-NI-3.1.4,NI,7,新喀里多尼亚进口占比（%）,ni_314_import_5|ni_61_import_nickel_ore_5|ni_62_import_2|ni_311_output_nickel_ore_2|wr185,44.44|44.44|44.44|40.0|31.58,镍矿：进口数量：新喀里多尼亚→中国（月）|镍矿：进口数量：新喀里多尼亚→中国（月）|镍矿：进口数量：新喀里多尼亚→中国（月）|USGS：镍矿：含镍：产量：新喀里多尼亚（年）|马来西亚锡矿进口量,镍矿：进口数量：新喀里多尼亚→中国（月）,44.44,CM0000451009,模糊待人工确认,Y
THS-NI-3.1.4,NI,8,印尼进口量（万吨）,wr190|wr275|si_61_import_3|li_61_import_2|wr27,66.67|60.0|54.55|54.55|54.55,印度锡净进口量|镍铁进口量|工业硅进口量|碳酸锂进口量|铝合金进口量,印度锡净进口量,66.67,a12840355,模糊待人工确认,Y
THS-NI-3.1.4,NI,9,菲律宾进口量（万吨）,wr275|si_61_import_3|li_61_import_2|wr27|wr270,54.55|50.0|50.0|50.0|50.0,镍铁进口量|工业硅进口量|碳酸锂进口量|铝合金进口量|不锈钢进口量,镍铁进口量,54.55,CM0000138647,模糊待人工确认,Y
THS-NI-3.1.4,NI,10,新喀里多尼亚进口量（万吨）,ni_314_import_5|ni_61_import_nickel_ore_5|ni_62_import_2|wr185|wr275,46.15|46.15|46.15|44.44|42.86,镍矿：进口数量：新喀里多尼亚→中国（月）|镍矿：进口数量：新喀里多尼亚→中国（月）|镍矿：进口数量：新喀里多尼亚→中国（月）|马来西亚锡矿进口量|镍铁进口量,镍矿：进口数量：新喀里多尼亚→中国（月）,46.15,CM0000451009,模糊待人工确认,Y
THS-NI-3.1.4,NI,11,澳大利亚进口量（万吨）,wr88|wr157|wr185|wr275|sn_312_output_3,50.0|50.0|50.0|50.0|47.06,铝土矿进口-澳大利亚|锂精矿进口 澳大利亚|马来西亚锡矿进口量|镍铁进口量|锡矿：产量：澳大利亚（季）,铝土矿进口-澳大利亚,50.0,ID01655446,模糊待人工确认,Y
THS-NI-3.1.4,NI,12,国内镍精炼产量（万吨）,wr242|wr243|wr241|wr247|ni_311_output,92.86|80.0|74.28|74.28|65.0,中国精炼镍产量|中国镍铁产量|中国硫酸镍产量|印尼精炼镍产量|精炼镍：产量：印尼（月）,中国精炼镍产量,92.86,ID01002085,高置信,Y
THS-NI-3.1.4,NI,13,镍精矿进口量（万吨）,wr275|wr271|wr274|ni_61_import_nickel_ore|ni_61_import_nickel_ore_3,94.55|80.0|74.28|68.42|68.42,镍铁进口量|中国冰镍进口量|中国硫酸镍进口量|镍矿：进口数量：印尼→中国（月）|镍矿：进口数量：印尼→中国（月）,镍铁进口量,94.55,CM0000138647,高置信,Y
THS-NI-3.1.4,NI,14,进口依赖度（%）,wr25|wr26|wr87|wr91|wr275,54.55|42.86|40.0|40.0|40.0,原铝进口-印度|原铝进口-印度尼西亚|铝土矿进口-总量|氧化铝进口|镍铁进口量,原铝进口-印度,54.55,a10113450,模糊待人工确认,Y
THS-NI-3.1.4,NI,15,近3年同月进口总量均值（万吨）,li_33_import_avg_price|wr144|si_321_import|si_321_import_2|wr172,40.0|35.29|33.33|33.33|33.33,锂矿进口均价|碳酸锂 月度进口量|工业硅精炼月进口量|工业硅精炼月进口量|沪锡近半年月差变化,锂矿进口均价,40.0,a12852994,模糊待人工确认,Y
THS-NI-3.1.4,NI,16,近3年同月进口总量标准差（万吨）,wr172|wr144|si_321_import|si_321_import_2|si_314_by_country_import,42.11|33.33|31.58|31.58|30.0,沪锡近半年月差变化|碳酸锂 月度进口量|工业硅精炼月进口量|工业硅精炼月进口量|工业硅月进口量分国别,沪锡近半年月差变化,42.11,a12841510,模糊待人工确认,Y
THS-NI-3.1.4,NI,17,印尼镍精矿进口量（万吨）,wr275|wr245|wr246|wr248|wr253,80.0|74.28|74.28|74.28|74.28,镍铁进口量|印尼冰镍产量（分品味）|印尼冰镍产量（高冰镍+低冰镍）|印尼镍铁产量|印尼镍矿价格（HPM 1.6%）,镍铁进口量,80.0,CM0000138647,高置信,Y
THS-NI-3.1.4,NI,18,菲律宾镍精矿进口量（万吨）,wr275|wr271|ni_73_inv_nickel_ore|wr274|ni_61_import_nickel_ore,74.28|65.0|62.4|61.18|59.09,镍铁进口量|中国冰镍进口量|菲律宾镍矿：港口库存：12个港口（周）|中国硫酸镍进口量|镍矿：进口数量：印尼→中国（月）,镍铁进口量,74.28,CM0000138647,高置信,Y
THS-NI-3.1.4,NI,19,印尼-菲律宾进口量比（倍）,wr190|wr275|wr182|si_61_import_3|li_61_import_2,50.0|42.86|42.11|40.0|40.0,印度锡净进口量|镍铁进口量|印尼精炼锡出口量变化|工业硅进口量|碳酸锂进口量,印度锡净进口量,50.0,a12840355,模糊待人工确认,Y
THS-NI-3.1.5,NI,0,镍精矿TC（美元/吨干矿）,wr253|ni_61_import_nickel_ore|ni_61_import_nickel_ore_3|ni_73_nickel_ore_arrival|wr256,47.27|28.89|28.89|28.89|28.89,印尼镍矿价格（HPM 1.6%）|镍矿：进口数量：印尼→中国（月）|镍矿：进口数量：印尼→中国（月）|镍矿：到港量：菲律宾→中国（日）|镍铁价格（江苏，7%≤Ni≤13%）,印尼镍矿价格（HPM 1.6%）,47.27,s22793258,模糊待人工确认,Y
THS-NI-3.1.5,NI,1,镍精矿TC分位（%）,wr253|wr262|wr261|ni_61_import_nickel_ore|ni_61_import_nickel_ore_3,40.0|30.59|28.89|26.0|26.0,印尼镍矿价格（HPM 1.6%）|LME镍库存分布：洲|LME镍库存分布：仓库|镍矿：进口数量：印尼→中国（月）|镍矿：进口数量：印尼→中国（月）,印尼镍矿价格（HPM 1.6%）,40.0,s22793258,模糊待人工确认,Y
THS-NI-3.1.5,NI,2,印尼镍精矿TC（美元/吨干矿）,wr253|wr245|wr246|wr248|wr247,80.0|59.99|59.99|59.99|55.72,印尼镍矿价格（HPM 1.6%）|印尼冰镍产量（分品味）|印尼冰镍产量（高冰镍+低冰镍）|印尼镍铁产量|印尼精炼镍产量,印尼镍矿价格（HPM 1.6%）,80.0,s22793258,高置信,Y
THS-NI-3.1.5,NI,3,印尼镍精矿进口量（万吨）,wr275|wr245|wr246|wr248|wr253,80.0|74.28|74.28|74.28|74.28,镍铁进口量|印尼冰镍产量（分品味）|印尼冰镍产量（高冰镍+低冰镍）|印尼镍铁产量|印尼镍矿价格（HPM 1.6%）,镍铁进口量,80.0,CM0000138647,高置信,Y
THS-NI-3.1.5,NI,4,菲律宾镍精矿TC（美元/吨干矿）,ni_73_inv_nickel_ore|ni_73_nickel_ore_arrival|wr253|ni_314_import_4|ni_63_export_3,54.17|37.14|37.14|35.45|33.92,菲律宾镍矿：港口库存：12个港口（周）|镍矿：到港量：菲律宾→中国（日）|印尼镍矿价格（HPM 1.6%）|镍矿：进口数量：菲律宾→中国（月）|镍矿石：出口数量：菲律宾→印尼（月）,菲律宾镍矿：港口库存：12个港口（周）,54.17,ID00188248,模糊待人工确认,Y
THS-NI-3.1.5,NI,5,菲律宾镍精矿进口量（万吨）,wr275|wr271|ni_73_inv_nickel_ore|wr274|ni_61_import_nickel_ore,74.28|65.0|62.4|61.18|59.09,镍铁进口量|中国冰镍进口量|菲律宾镍矿：港口库存：12个港口（周）|中国硫酸镍进口量|镍矿：进口数量：印尼→中国（月）,镍铁进口量,74.28,CM0000138647,高置信,Y
THS-NI-3.1.5,NI,6,近3年同月TC均值（美元/吨干矿）,wr172|wr21|TC|li_24_close_near_2|cu_44_tc_conc,33.33|30.0|28.57|26.67|22.22,沪锡近半年月差变化|SHFE铝近3月虚实比|TC加工费|近月合约收盘价|铜精矿：长单TC价（年）,沪锡近半年月差变化,33.33,a12841510,无候选/低置信,Y
THS-NI-3.1.5,NI,7,近3年同月TC标准差（美元/吨干矿）,wr172|wr21|TC|li_24_close_near_2|si_23_spread_futures,42.11|28.57|26.67|25.0|23.53,沪锡近半年月差变化|SHFE铝近3月虚实比|TC加工费|近月合约收盘价|工业硅期货月差,沪锡近半年月差变化,42.11,a12841510,模糊待人工确认,Y
THS-NI-3.1.5,NI,8,沪镍主力合约收盘价（元/吨）,ni_21_close_front|wr256|wr254|wr257|ni_21_volume_front,82.73|43.33|40.0|40.0|38.52,SHFE：镍：主力合约：收盘价（日）|镍铁价格（江苏，7%≤Ni≤13%）|硫酸镍价格|镍铁折镍价|SHFE：镍：主力合约：单边交易：成交量（日）,SHFE：镍：主力合约：收盘价（日）,82.73,FU00014997,高置信,Y
THS-NI-3.1.5,NI,9,新喀里多尼亚镍精矿TC（美元/吨干矿）,ni_314_import_5|ni_61_import_nickel_ore_5|ni_62_import_2|ni_311_output_nickel_ore_2|wr253,55.72|55.72|55.72|50.32|45.88,镍矿：进口数量：新喀里多尼亚→中国（月）|镍矿：进口数量：新喀里多尼亚→中国（月）|镍矿：进口数量：新喀里多尼亚→中国（月）|USGS：镍矿：含镍：产量：新喀里多尼亚（年）|印尼镍矿价格（HPM 1.6%）,镍矿：进口数量：新喀里多尼亚→中国（月）,55.72,CM0000451009,模糊待人工确认,Y
THS-NI-3.1.5,NI,10,电解镍冶炼利润（元/吨）,wr259|ni_25_percentile_price|ni_25_percentile_price_2|ni_25_price|ni_63_export_2,59.99|37.14|37.14|37.14|37.14,镍铁理论利润（RKEF 山东）|SMM: 电解镍进口盈亏（沪伦价格差）: 日度|SMM: 电解镍进口盈亏（沪伦价格差）: 日度|SMM: 电解镍进口盈亏（沪伦价格差）: 日度|中国海关: 电解镍出口量: 月度,镍铁理论利润（RKEF 山东）,59.99,a10020849,模糊待人工确认,Y
THS-NI-3.1.5,NI,11,镍铁冶炼利润（元/吨）,wr259|wr256|wr267|wr257|wr275,86.67|52.0|52.0|47.27|47.27,镍铁理论利润（RKEF 山东）|镍铁价格（江苏，7%≤Ni≤13%）|镍铁库存|镍铁折镍价|镍铁进口量,镍铁理论利润（RKEF 山东）,86.67,a10020849,高置信,Y
THS-NI-3.1.5,NI,12,近1年TC分位（%）,TC|cu_44_tc_conc|wr172|cu_25_tc_conc|cu_315_import_conc,33.33|25.0|25.0|22.22|22.22,TC加工费|铜精矿：长单TC价（年）|沪锡近半年月差变化|铜精矿：现货TC指导价（季）|铜精矿：进口：TC指数（周）,TC加工费,33.33,ID01002200,无候选/低置信,Y
THS-NI-3.2,NI,0,电解镍产量,wr243|wr245|wr246|wr248|wr241,70.91|70.91|70.91|70.91|65.0,中国镍铁产量|印尼冰镍产量（分品味）|印尼冰镍产量（高冰镍+低冰镍）|印尼镍铁产量|中国硫酸镍产量,中国镍铁产量,70.91,ID01002124,高置信,Y
THS-NI-3.2,NI,1,电解镍产量（万吨）,wr243|wr245|wr246|wr248|wr241,70.91|70.91|70.91|70.91|65.0,中国镍铁产量|印尼冰镍产量（分品味）|印尼冰镍产量（高冰镍+低冰镍）|印尼镍铁产量|中国硫酸镍产量,中国镍铁产量,70.91,ID01002124,高置信,Y
THS-NI-3.2,NI,2,Electrolytic nickel production,ni_313_output_nickel_ore|ni_313_output_nickel_ore_2|ni_313_output_nickel_ore_3|ni_313_output_nickel_ore_4|ni_313_output_3,16.25|16.25|16.25|16.25|16.25,硫化镍矿：产量：伦丁矿业：Eagle矿区（季）|硫化镍矿：产量：伦丁矿业：Eagle矿区（季）|硫化镍矿：产量：伦丁矿业：Eagle矿区（季）|硫化镍矿：产量：伦丁矿业：Eagle矿区（季）|硫化镍矿：产量：伦丁矿业：Eagle矿区（季）,硫化镍矿：产量：伦丁矿业：Eagle矿区（季）,16.25,ID01591506,无候选/低置信,Y
THS-NI-3.2,NI,3,镍铁产量,wr243|wr248|wr275|wr245|wr246,86.67|86.67|86.67|78.0|78.0,中国镍铁产量|印尼镍铁产量|镍铁进口量|印尼冰镍产量（分品味）|印尼冰镍产量（高冰镍+低冰镍）,中国镍铁产量,86.67,ID01002124,高置信,Y
THS-NI-3.2,NI,4,镍铁产量（万吨）,wr243|wr248|wr275|wr245|wr246,86.67|86.67|86.67|78.0|78.0,中国镍铁产量|印尼镍铁产量|镍铁进口量|印尼冰镍产量（分品味）|印尼冰镍产量（高冰镍+低冰镍）,中国镍铁产量,86.67,ID01002124,高置信,Y
THS-NI-3.2,NI,5,高冰镍产量,wr245|wr246|wr243|wr248|wr241,94.55|94.55|70.91|70.91|65.0,印尼冰镍产量（分品味）|印尼冰镍产量（高冰镍+低冰镍）|中国镍铁产量|印尼镍铁产量|中国硫酸镍产量,印尼冰镍产量（分品味）,94.55,ID01858105,高置信,Y
THS-NI-3.2,NI,6,高冰镍产量（万吨）,wr245|wr246|wr243|wr248|wr241,94.55|94.55|70.91|70.91|65.0,印尼冰镍产量（分品味）|印尼冰镍产量（高冰镍+低冰镍）|中国镍铁产量|印尼镍铁产量|中国硫酸镍产量,印尼冰镍产量（分品味）,94.55,ID01858105,高置信,Y
THS-NI-3.2,NI,7,Matte nickel production,ni_313_output_nickel_ore|ni_313_output_nickel_ore_2|ni_313_output_nickel_ore_3|ni_313_output_nickel_ore_4|ni_313_output_3,12.69|12.69|12.69|12.69|12.69,硫化镍矿：产量：伦丁矿业：Eagle矿区（季）|硫化镍矿：产量：伦丁矿业：Eagle矿区（季）|硫化镍矿：产量：伦丁矿业：Eagle矿区（季）|硫化镍矿：产量：伦丁矿业：Eagle矿区（季）|硫化镍矿：产量：伦丁矿业：Eagle矿区（季）,硫化镍矿：产量：伦丁矿业：Eagle矿区（季）,12.69,ID01591506,无候选/低置信,Y
THS-NI-3.2,NI,8,精炼镍产量,ni_311_output|ni_311_output_2|ni_311_output_3|ni_312_output_2|ni_312_output_3,92.86|92.86|92.86|92.86|92.86,精炼镍：产量：印尼（月）|精炼镍：产量：印尼（月）|精炼镍：产量：中国（月）|精炼镍：产量：印尼（月）|精炼镍：产量：印尼（月）,精炼镍：产量：印尼（月）,92.86,ID02026189,高置信,Y
THS-NI-3.2,NI,9,精炼镍产量（万吨）,ni_311_output|ni_311_output_2|ni_311_output_3|ni_312_output_2|ni_312_output_3,92.86|92.86|92.86|92.86|92.86,精炼镍：产量：印尼（月）|精炼镍：产量：印尼（月）|精炼镍：产量：中国（月）|精炼镍：产量：印尼（月）|精炼镍：产量：印尼（月）,精炼镍：产量：印尼（月）,92.86,ID02026189,高置信,Y
THS-NI-3.2,NI,10,Refined nickel production,ni_71_cost_nickel_ore|ni_22_price_nickel_powder|ni_31_nickel_ore_price|ni_21_premium|ni_22_premium_percentile,11.56|10.0|8.25|6.34|6.34,Ramu镍钴矿：镍：实际现金成本：镍28公司（季）|高冰镍：Ni≥65%，Co≥1%：钴远期现货价格：中国主要港口（日）|红土镍矿：1.6%Ni，0.05%Co，20%Fe，1%Cr，35%含水：HPM价格：印尼（日）|水淬镍：15-22%Ni：印尼产：升贴水（日）|水淬镍：15-22%Ni：印尼产：升贴水（日）,Ramu镍钴矿：镍：实际现金成本：镍28公司（季）,11.56,ID01675320,无候选/低置信,Y
THS-NI-3.2,NI,11,LME镍注册仓单,ni_42_lme_warrant|wr260|wr261|ni_42_ratio|wr262,100|74.28|68.42|61.91|57.77,LME：镍：注销仓单（日）|LME镍库存|LME镍库存分布：仓库|LME：镍：注销占比：香港（日）|LME镍库存分布：洲,LME：镍：注销仓单（日）,100,FU00014818,高置信,Y
THS-NI-3.2,NI,12,LME镍注册仓单（吨）,ni_42_lme_warrant|wr260|wr261|ni_42_ratio|wr262,100|74.28|68.42|61.91|57.77,LME：镍：注销仓单（日）|LME镍库存|LME镍库存分布：仓库|LME：镍：注销占比：香港（日）|LME镍库存分布：洲,LME：镍：注销仓单（日）,100,FU00014818,高置信,Y
THS-NI-3.2,NI,13,电解镍开工率,ni_322_util_2|ni_322_util_3|ni_51_util|ni_51_util_battery|ni_51_util_cons,65.0|65.0|65.0|65.0|65.0,精炼镍：开工率：印尼（月）|精炼镍：开工率：印尼（月）|精炼镍：开工率：中国（月）|精炼镍：开工率：中国（月）|精炼镍：开工率：中国（月）,精炼镍：开工率：印尼（月）,65.0,ID02026188,模糊待人工确认,Y
THS-NI-3.2,NI,14,电解镍开工率（%）,ni_322_util_2|ni_322_util_3|ni_51_util|ni_51_util_battery|ni_51_util_cons,65.0|65.0|65.0|65.0|65.0,精炼镍：开工率：印尼（月）|精炼镍：开工率：印尼（月）|精炼镍：开工率：中国（月）|精炼镍：开工率：中国（月）|精炼镍：开工率：中国（月）,精炼镍：开工率：印尼（月）,65.0,ID02026188,模糊待人工确认,Y
THS-NI-3.2,NI,15,镍铁开工率,ni_322_util_2|ni_322_util_3|ni_51_util|ni_51_util_battery|ni_51_util_cons,69.33|69.33|69.33|69.33|69.33,精炼镍：开工率：印尼（月）|精炼镍：开工率：印尼（月）|精炼镍：开工率：中国（月）|精炼镍：开工率：中国（月）|精炼镍：开工率：中国（月）,精炼镍：开工率：印尼（月）,69.33,ID02026188,模糊待人工确认,Y
THS-NI-3.2,NI,16,镍铁开工率（%）,ni_322_util_2|ni_322_util_3|ni_51_util|ni_51_util_battery|ni_51_util_cons,69.33|69.33|69.33|69.33|69.33,精炼镍：开工率：印尼（月）|精炼镍：开工率：印尼（月）|精炼镍：开工率：中国（月）|精炼镍：开工率：中国（月）|精炼镍：开工率：中国（月）,精炼镍：开工率：印尼（月）,69.33,ID02026188,模糊待人工确认,Y
THS-NI-3.2,NI,17,高冰镍开工率,ni_322_util_2|ni_322_util_3|ni_51_util|ni_51_util_battery|ni_51_util_cons,65.0|65.0|65.0|65.0|65.0,精炼镍：开工率：印尼（月）|精炼镍：开工率：印尼（月）|精炼镍：开工率：中国（月）|精炼镍：开工率：中国（月）|精炼镍：开工率：中国（月）,精炼镍：开工率：印尼（月）,65.0,ID02026188,模糊待人工确认,Y
THS-NI-3.2,NI,18,高冰镍开工率（%）,ni_322_util_2|ni_322_util_3|ni_51_util|ni_51_util_battery|ni_51_util_cons,65.0|65.0|65.0|65.0|65.0,精炼镍：开工率：印尼（月）|精炼镍：开工率：印尼（月）|精炼镍：开工率：中国（月）|精炼镍：开工率：中国（月）|精炼镍：开工率：中国（月）,精炼镍：开工率：印尼（月）,65.0,ID02026188,模糊待人工确认,Y
THS-NI-3.2,NI,19,精炼镍开工率,ni_322_util_2|ni_322_util_3|ni_51_util|ni_51_util_battery|ni_51_util_cons,97.5|97.5|97.5|97.5|97.5,精炼镍：开工率：印尼（月）|精炼镍：开工率：印尼（月）|精炼镍：开工率：中国（月）|精炼镍：开工率：中国（月）|精炼镍：开工率：中国（月）,精炼镍：开工率：印尼（月）,97.5,ID02026188,高置信,Y
THS-NI-3.2,NI,20,精炼镍开工率（%）,ni_322_util_2|ni_322_util_3|ni_51_util|ni_51_util_battery|ni_51_util_cons,97.5|97.5|97.5|97.5|97.5,精炼镍：开工率：印尼（月）|精炼镍：开工率：印尼（月）|精炼镍：开工率：中国（月）|精炼镍：开工率：中国（月）|精炼镍：开工率：中国（月）,精炼镍：开工率：印尼（月）,97.5,ID02026188,高置信,Y
THS-NI-3.2,NI,21,印尼镍铁冶炼项目样本投产条数,wr248|wr245|wr246|wr247|wr243,65.0|52.0|52.0|49.53|39.0,印尼镍铁产量|印尼冰镍产量（分品味）|印尼冰镍产量（高冰镍+低冰镍）|印尼精炼镍产量|中国镍铁产量,印尼镍铁产量,65.0,ID01651125,模糊待人工确认,Y
THS-NI-3.2,NI,22,再生镍产量,wr243|wr245|wr246|wr248|wr241,70.91|70.91|70.91|70.91|65.0,中国镍铁产量|印尼冰镍产量（分品味）|印尼冰镍产量（高冰镍+低冰镍）|印尼镍铁产量|中国硫酸镍产量,中国镍铁产量,70.91,ID01002124,高置信,Y
THS-NI-3.2,NI,23,再生镍产量（万吨）,wr243|wr245|wr246|wr248|wr241,70.91|70.91|70.91|70.91|65.0,中国镍铁产量|印尼冰镍产量（分品味）|印尼冰镍产量（高冰镍+低冰镍）|印尼镍铁产量|中国硫酸镍产量,中国镍铁产量,70.91,ID01002124,高置信,Y
THS-NI-3.2,NI,24,Recycled nickel production,ni_313_output_nickel_ore|ni_313_output_nickel_ore_2|ni_313_output_nickel_ore_3|ni_313_output_nickel_ore_4|ni_313_output_3,11.82|11.82|11.82|11.82|11.82,硫化镍矿：产量：伦丁矿业：Eagle矿区（季）|硫化镍矿：产量：伦丁矿业：Eagle矿区（季）|硫化镍矿：产量：伦丁矿业：Eagle矿区（季）|硫化镍矿：产量：伦丁矿业：Eagle矿区（季）|硫化镍矿：产量：伦丁矿业：Eagle矿区（季）,硫化镍矿：产量：伦丁矿业：Eagle矿区（季）,11.82,ID01591506,无候选/低置信,Y
THS-NI-3.2,NI,25,不锈钢废料再生镍量,wr275|wr243|wr245|wr246|wr248,37.14|34.67|34.67|34.67|34.67,镍铁进口量|中国镍铁产量|印尼冰镍产量（分品味）|印尼冰镍产量（高冰镍+低冰镍）|印尼镍铁产量,镍铁进口量,37.14,CM0000138647,无候选/低置信,Y
THS-NI-3.2,NI,26,不锈钢废料再生镍量（万吨）,wr275|wr243|wr245|wr246|wr248,37.14|34.67|34.67|34.67|34.67,镍铁进口量|中国镍铁产量|印尼冰镍产量（分品味）|印尼冰镍产量（高冰镍+低冰镍）|印尼镍铁产量,镍铁进口量,37.14,CM0000138647,无候选/低置信,Y
THS-NI-3.2,NI,27,电池级镍回收量,wr275|wr243|wr245|wr246|wr248,43.33|40.0|40.0|40.0|40.0,镍铁进口量|中国镍铁产量|印尼冰镍产量（分品味）|印尼冰镍产量（高冰镍+低冰镍）|印尼镍铁产量,镍铁进口量,43.33,CM0000138647,模糊待人工确认,Y
THS-NI-3.2,NI,28,电池级镍回收量（万吨）,wr275|wr243|wr245|wr246|wr248,43.33|40.0|40.0|40.0|40.0,镍铁进口量|中国镍铁产量|印尼冰镍产量（分品味）|印尼冰镍产量（高冰镍+低冰镍）|印尼镍铁产量,镍铁进口量,43.33,CM0000138647,模糊待人工确认,Y
THS-NI-3.2,NI,29,高冰镍再生量,wr245|wr246|wr271|ni_22_import|ni_313_import_2,65.0|65.0|59.99|48.75|48.75,印尼冰镍产量（分品味）|印尼冰镍产量（高冰镍+低冰镍）|中国冰镍进口量|冰镍：进口数量合计：中国（月）|冰镍：进口数量合计：中国（月）,印尼冰镍产量（分品味）,65.0,ID01858105,模糊待人工确认,Y
THS-NI-3.2,NI,30,高冰镍再生量（万吨）,wr245|wr246|wr271|ni_22_import|ni_313_import_2,65.0|65.0|59.99|48.75|48.75,印尼冰镍产量（分品味）|印尼冰镍产量（高冰镍+低冰镍）|中国冰镍进口量|冰镍：进口数量合计：中国（月）|冰镍：进口数量合计：中国（月）,印尼冰镍产量（分品味）,65.0,ID01858105,模糊待人工确认,Y
THS-NI-3.2,NI,31,硫酸镍产量,wr241|wr273|wr274|wr254|ni_32_output_h2so4,92.86|80.0|80.0|78.0|72.23,中国硫酸镍产量|中国硫酸镍出口量|中国硫酸镍进口量|硫酸镍价格|硫酸镍：实物量：产量：中国（月）,中国硫酸镍产量,92.86,ID01002132,高置信,Y
THS-NI-3.2,NI,32,硫酸镍产量（万吨）,wr241|wr273|wr274|wr254|ni_32_output_h2so4,92.86|80.0|80.0|78.0|72.23,中国硫酸镍产量|中国硫酸镍出口量|中国硫酸镍进口量|硫酸镍价格|硫酸镍：实物量：产量：中国（月）,中国硫酸镍产量,92.86,ID01002132,高置信,Y
THS-NI-3.2,NI,33,Nickel sulfate production,ni_31_nickel_ore_price|ni_22_price_nickel_powder|ni_21_premium|ni_22_premium_percentile|ni_22_premium,16.51|15.0|12.69|12.69|12.69,红土镍矿：1.6%Ni，0.05%Co，20%Fe，1%Cr，35%含水：HPM价格：印尼（日）|高冰镍：Ni≥65%，Co≥1%：钴远期现货价格：中国主要港口（日）|水淬镍：15-22%Ni：印尼产：升贴水（日）|水淬镍：15-22%Ni：印尼产：升贴水（日）|水淬镍：15-22%Ni：印尼产：升贴水（日）,红土镍矿：1.6%Ni，0.05%Co，20%Fe，1%Cr，35%含水：HPM价格：印尼（日）,16.51,ID01737992,无候选/低置信,Y
THS-NI-3.2,NI,34,电解镍冶炼利润,wr259|ni_25_percentile_price|ni_25_percentile_price_2|ni_25_price|ni_63_export_2,59.99|37.14|37.14|37.14|37.14,镍铁理论利润（RKEF 山东）|SMM: 电解镍进口盈亏（沪伦价格差）: 日度|SMM: 电解镍进口盈亏（沪伦价格差）: 日度|SMM: 电解镍进口盈亏（沪伦价格差）: 日度|中国海关: 电解镍出口量: 月度,镍铁理论利润（RKEF 山东）,59.99,a10020849,模糊待人工确认,Y
THS-NI-3.2,NI,35,电解镍冶炼利润（元/吨）,wr259|ni_25_percentile_price|ni_25_percentile_price_2|ni_25_price|ni_63_export_2,59.99|37.14|37.14|37.14|37.14,镍铁理论利润（RKEF 山东）|SMM: 电解镍进口盈亏（沪伦价格差）: 日度|SMM: 电解镍进口盈亏（沪伦价格差）: 日度|SMM: 电解镍进口盈亏（沪伦价格差）: 日度|中国海关: 电解镍出口量: 月度,镍铁理论利润（RKEF 山东）,59.99,a10020849,模糊待人工确认,Y
THS-NI-3.2,NI,36,镍铁冶炼利润,wr259|wr256|wr267|wr257|wr275,86.67|52.0|52.0|47.27|47.27,镍铁理论利润（RKEF 山东）|镍铁价格（江苏，7%≤Ni≤13%）|镍铁库存|镍铁折镍价|镍铁进口量,镍铁理论利润（RKEF 山东）,86.67,a10020849,高置信,Y
THS-NI-3.2,NI,37,镍铁冶炼利润（元/吨）,wr259|wr256|wr267|wr257|wr275,86.67|52.0|52.0|47.27|47.27,镍铁理论利润（RKEF 山东）|镍铁价格（江苏，7%≤Ni≤13%）|镍铁库存|镍铁折镍价|镍铁进口量,镍铁理论利润（RKEF 山东）,86.67,a10020849,高置信,Y
THS-NI-3.2,NI,38,高冰镍冶炼利润,wr259|wr245|wr246|wr271|ni_314_import_6,59.99|40.0|40.0|37.14|35.45,镍铁理论利润（RKEF 山东）|印尼冰镍产量（分品味）|印尼冰镍产量（高冰镍+低冰镍）|中国冰镍进口量|冰镍：进口数量：澳大利亚→中国（月）,镍铁理论利润（RKEF 山东）,59.99,a10020849,模糊待人工确认,Y
THS-NI-3.2,NI,39,高冰镍冶炼利润（元/吨）,wr259|wr245|wr246|wr271|ni_314_import_6,59.99|40.0|40.0|37.14|35.45,镍铁理论利润（RKEF 山东）|印尼冰镍产量（分品味）|印尼冰镍产量（高冰镍+低冰镍）|中国冰镍进口量|冰镍：进口数量：澳大利亚→中国（月）,镍铁理论利润（RKEF 山东）,59.99,a10020849,模糊待人工确认,Y
THS-NI-3.2,NI,40,沪镍主力合约收盘价,ni_21_close_front|wr256|wr254|wr257|ni_21_volume_front,82.73|43.33|40.0|40.0|38.52,SHFE：镍：主力合约：收盘价（日）|镍铁价格（江苏，7%≤Ni≤13%）|硫酸镍价格|镍铁折镍价|SHFE：镍：主力合约：单边交易：成交量（日）,SHFE：镍：主力合约：收盘价（日）,82.73,FU00014997,高置信,Y
THS-NI-3.2,NI,41,沪镍主力合约收盘价（元/吨）,ni_21_close_front|wr256|wr254|wr257|ni_21_volume_front,82.73|43.33|40.0|40.0|38.52,SHFE：镍：主力合约：收盘价（日）|镍铁价格（江苏，7%≤Ni≤13%）|硫酸镍价格|镍铁折镍价|SHFE：镍：主力合约：单边交易：成交量（日）,SHFE：镍：主力合约：收盘价（日）,82.73,FU00014997,高置信,Y
THS-NI-3.2,NI,42,电解镍冶炼利润（元/吨）、沪镍主力合约收盘价（元/吨）,ni_21_close_front|wr257|wr259|ni_62_price|ni_21_volume_front,60.67|37.14|35.45|34.67|29.72,SHFE：镍：主力合约：收盘价（日）|镍铁折镍价|镍铁理论利润（RKEF 山东）|电解镍：1#：汇总价格：上海（日）|SHFE：镍：主力合约：单边交易：成交量（日）,SHFE：镍：主力合约：收盘价（日）,60.67,FU00014997,模糊待人工确认,Y
THS-NI-3.2.1,NI,0,电解镍产量（万吨）,wr243|wr245|wr246|wr248|wr241,70.91|70.91|70.91|70.91|65.0,中国镍铁产量|印尼冰镍产量（分品味）|印尼冰镍产量（高冰镍+低冰镍）|印尼镍铁产量|中国硫酸镍产量,中国镍铁产量,70.91,ID01002124,高置信,Y
THS-NI-3.2.1,NI,1,电解镍产能利用率（%）,ni_321_capacity_util|ni_311_capacity_2|ni_311_capacity_3|ni_311_capacity|wr243,78.0|45.88|45.88|41.05|37.14,精炼镍：产能利用率：中国（月）|精炼镍：产能：印尼（月）|精炼镍：产能：中国（月）|精炼镍：运行产能：印尼（月）|中国镍铁产量,精炼镍：产能利用率：中国（月）,78.0,ID01002083,高置信,Y
THS-NI-3.2.1,NI,2,镍铁产量（万吨）,wr243|wr248|wr275|wr245|wr246,86.67|86.67|86.67|78.0|78.0,中国镍铁产量|印尼镍铁产量|镍铁进口量|印尼冰镍产量（分品味）|印尼冰镍产量（高冰镍+低冰镍）,中国镍铁产量,86.67,ID01002124,高置信,Y
THS-NI-3.2.1,NI,3,镍铁产能利用率（%）,ni_321_capacity_util|wr243|wr248|wr259|ni_311_capacity_2,82.11|59.99|59.99|59.99|48.75,精炼镍：产能利用率：中国（月）|中国镍铁产量|印尼镍铁产量|镍铁理论利润（RKEF 山东）|精炼镍：产能：印尼（月）,精炼镍：产能利用率：中国（月）,82.11,ID01002083,高置信,Y
THS-NI-3.2.1,NI,4,高冰镍产量（万吨）,wr245|wr246|wr243|wr248|wr241,94.55|94.55|70.91|70.91|65.0,印尼冰镍产量（分品味）|印尼冰镍产量（高冰镍+低冰镍）|中国镍铁产量|印尼镍铁产量|中国硫酸镍产量,印尼冰镍产量（分品味）,94.55,ID01858105,高置信,Y
THS-NI-3.2.1,NI,5,高冰镍产能利用率（%）,ni_321_capacity_util|wr245|wr246|ni_311_capacity_2|ni_311_capacity_3,78.0|55.72|55.72|45.88|45.88,精炼镍：产能利用率：中国（月）|印尼冰镍产量（分品味）|印尼冰镍产量（高冰镍+低冰镍）|精炼镍：产能：印尼（月）|精炼镍：产能：中国（月）,精炼镍：产能利用率：中国（月）,78.0,ID01002083,高置信,Y
THS-NI-3.2.1,NI,6,精炼镍产量（万吨）,ni_311_output|ni_311_output_2|ni_311_output_3|ni_312_output_2|ni_312_output_3,92.86|92.86|92.86|92.86|92.86,精炼镍：产量：印尼（月）|精炼镍：产量：印尼（月）|精炼镍：产量：中国（月）|精炼镍：产量：印尼（月）|精炼镍：产量：印尼（月）,精炼镍：产量：印尼（月）,92.86,ID02026189,高置信,Y
THS-NI-3.2.1,NI,7,精炼镍产能利用率（%）,ni_321_capacity_util|ni_311_capacity_2|ni_311_capacity_3|wr242|wr247,100|76.47|76.47|69.33|69.33,精炼镍：产能利用率：中国（月）|精炼镍：产能：印尼（月）|精炼镍：产能：中国（月）|中国精炼镍产量|印尼精炼镍产量,精炼镍：产能利用率：中国（月）,100,ID01002083,高置信,Y
THS-NI-3.2.1,NI,8,镍精炼产量（万吨）,wr242|wr247|ni_311_output|ni_311_output_2|ni_311_output_3,86.67|86.67|74.28|74.28|74.28,中国精炼镍产量|印尼精炼镍产量|精炼镍：产量：印尼（月）|精炼镍：产量：印尼（月）|精炼镍：产量：中国（月）,中国精炼镍产量,86.67,ID01002085,高置信,Y
THS-NI-3.2.1,NI,9,近3年同月镍精炼产量均值（万吨）,wr242|wr247|ni_311_output|ni_311_output_2|ni_311_output_3,54.74|54.74|49.53|49.53|49.53,中国精炼镍产量|印尼精炼镍产量|精炼镍：产量：印尼（月）|精炼镍：产量：印尼（月）|精炼镍：产量：中国（月）,中国精炼镍产量,54.74,ID01002085,模糊待人工确认,Y
THS-NI-3.2.1,NI,10,近3年同月镍精炼产量标准差（万吨）,wr242|wr247|ni_311_output|ni_311_output_2|ni_311_output_3,52.0|52.0|47.27|47.27|47.27,中国精炼镍产量|印尼精炼镍产量|精炼镍：产量：印尼（月）|精炼镍：产量：印尼（月）|精炼镍：产量：中国（月）,中国精炼镍产量,52.0,ID01002085,模糊待人工确认,Y
THS-NI-3.2.1,NI,11,镍精矿TC（美元/吨干矿）,wr253|ni_61_import_nickel_ore|ni_61_import_nickel_ore_3|ni_73_nickel_ore_arrival|wr256,47.27|28.89|28.89|28.89|28.89,印尼镍矿价格（HPM 1.6%）|镍矿：进口数量：印尼→中国（月）|镍矿：进口数量：印尼→中国（月）|镍矿：到港量：菲律宾→中国（日）|镍铁价格（江苏，7%≤Ni≤13%）,印尼镍矿价格（HPM 1.6%）,47.27,s22793258,模糊待人工确认,Y
THS-NI-3.2.2,NI,0,电解镍开工率（%）,ni_322_util_2|ni_322_util_3|ni_51_util|ni_51_util_battery|ni_51_util_cons,65.0|65.0|65.0|65.0|65.0,精炼镍：开工率：印尼（月）|精炼镍：开工率：印尼（月）|精炼镍：开工率：中国（月）|精炼镍：开工率：中国（月）|精炼镍：开工率：中国（月）,精炼镍：开工率：印尼（月）,65.0,ID02026188,模糊待人工确认,Y
THS-NI-3.2.2,NI,1,电解镍检修量（万吨）,ni_63_export_2|wr275|wr243|wr245|wr246,52.0|47.27|43.33|43.33|43.33,中国海关: 电解镍出口量: 月度|镍铁进口量|中国镍铁产量|印尼冰镍产量（分品味）|印尼冰镍产量（高冰镍+低冰镍）,中国海关: 电解镍出口量: 月度,52.0,a10000647,模糊待人工确认,Y
THS-NI-3.2.2,NI,2,镍铁开工率（%）,ni_322_util_2|ni_322_util_3|ni_51_util|ni_51_util_battery|ni_51_util_cons,69.33|69.33|69.33|69.33|69.33,精炼镍：开工率：印尼（月）|精炼镍：开工率：印尼（月）|精炼镍：开工率：中国（月）|精炼镍：开工率：中国（月）|精炼镍：开工率：中国（月）,精炼镍：开工率：印尼（月）,69.33,ID02026188,模糊待人工确认,Y
THS-NI-3.2.2,NI,3,镍铁检修量（万吨）,wr275|wr243|wr248|wr256|wr267,78.0|70.91|70.91|57.77|57.77,镍铁进口量|中国镍铁产量|印尼镍铁产量|镍铁价格（江苏，7%≤Ni≤13%）|镍铁库存,镍铁进口量,78.0,CM0000138647,高置信,Y
THS-NI-3.2.2,NI,4,高冰镍开工率（%）,ni_322_util_2|ni_322_util_3|ni_51_util|ni_51_util_battery|ni_51_util_cons,65.0|65.0|65.0|65.0|65.0,精炼镍：开工率：印尼（月）|精炼镍：开工率：印尼（月）|精炼镍：开工率：中国（月）|精炼镍：开工率：中国（月）|精炼镍：开工率：中国（月）,精炼镍：开工率：印尼（月）,65.0,ID02026188,模糊待人工确认,Y
THS-NI-3.2.2,NI,5,高冰镍检修量（万吨）,wr245|wr246|wr271|ni_22_import|ni_313_import_2,65.0|65.0|59.99|48.75|48.75,印尼冰镍产量（分品味）|印尼冰镍产量（高冰镍+低冰镍）|中国冰镍进口量|冰镍：进口数量合计：中国（月）|冰镍：进口数量合计：中国（月）,印尼冰镍产量（分品味）,65.0,ID01858105,模糊待人工确认,Y
THS-NI-3.2.2,NI,6,精炼镍开工率（%）,ni_322_util_2|ni_322_util_3|ni_51_util|ni_51_util_battery|ni_51_util_cons,97.5|97.5|97.5|97.5|97.5,精炼镍：开工率：印尼（月）|精炼镍：开工率：印尼（月）|精炼镍：开工率：中国（月）|精炼镍：开工率：中国（月）|精炼镍：开工率：中国（月）,精炼镍：开工率：印尼（月）,97.5,ID02026188,高置信,Y
THS-NI-3.2.2,NI,7,精炼镍检修量（万吨）,wr242|wr247|ni_311_output|ni_311_output_2|ni_311_output_3,80.0|80.0|69.33|69.33|69.33,中国精炼镍产量|印尼精炼镍产量|精炼镍：产量：印尼（月）|精炼镍：产量：印尼（月）|精炼镍：产量：中国（月）,中国精炼镍产量,80.0,ID01002085,高置信,Y
THS-NI-3.2.2,NI,8,镍精炼开工率（%）,ni_322_util_2|ni_322_util_3|ni_51_util|ni_51_util_battery|ni_51_util_cons,81.25|81.25|81.25|81.25|81.25,精炼镍：开工率：印尼（月）|精炼镍：开工率：印尼（月）|精炼镍：开工率：中国（月）|精炼镍：开工率：中国（月）|精炼镍：开工率：中国（月）,精炼镍：开工率：印尼（月）,81.25,ID02026188,高置信,Y
THS-NI-3.2.2,NI,9,近3年同月开工率均值（%）,wr235|wr93|li_51_util_ternary|wr57|wr197,40.0|38.1|37.5|37.5|37.5,硅片开工率|SMM 碳酸锂 月度开工率|三元材料开工率|氧化铝开工率|国内锡开工率,硅片开工率,40.0,a10169445,模糊待人工确认,Y
THS-NI-3.2.2,NI,10,近3年同月开工率标准差（%）,wr172|wr235|wr93|li_51_util_ternary|wr57,40.0|37.5|36.36|35.29|35.29,沪锡近半年月差变化|硅片开工率|SMM 碳酸锂 月度开工率|三元材料开工率|氧化铝开工率,沪锡近半年月差变化,40.0,a12841510,模糊待人工确认,Y
THS-NI-3.2.2,NI,11,镍精矿TC（美元/吨干矿）,wr253|ni_61_import_nickel_ore|ni_61_import_nickel_ore_3|ni_73_nickel_ore_arrival|wr256,47.27|28.89|28.89|28.89|28.89,印尼镍矿价格（HPM 1.6%）|镍矿：进口数量：印尼→中国（月）|镍矿：进口数量：印尼→中国（月）|镍矿：到港量：菲律宾→中国（日）|镍铁价格（江苏，7%≤Ni≤13%）,印尼镍矿价格（HPM 1.6%）,47.27,s22793258,模糊待人工确认,Y
THS-NI-3.2.3,NI,0,再生镍产量（万吨）,wr243|wr245|wr246|wr248|wr241,70.91|70.91|70.91|70.91|65.0,中国镍铁产量|印尼冰镍产量（分品味）|印尼冰镍产量（高冰镍+低冰镍）|印尼镍铁产量|中国硫酸镍产量,中国镍铁产量,70.91,ID01002124,高置信,Y
THS-NI-3.2.3,NI,1,再生镍占比（%）,ni_42_ratio|wr256|wr267|ni_32_demand_recycle_h2so4|wr254,43.33|28.89|28.89|27.86|26.0,LME：镍：注销占比：香港（日）|镍铁价格（江苏，7%≤Ni≤13%）|镍铁库存|硫酸镍：产品生产工序：再生镍废料（以金属量计）：需求量：中国（月）|硫酸镍价格,LME：镍：注销占比：香港（日）,43.33,FU00094552,模糊待人工确认,Y
THS-NI-3.2.3,NI,2,不锈钢废料再生镍量（万吨）,wr275|wr243|wr245|wr246|wr248,37.14|34.67|34.67|34.67|34.67,镍铁进口量|中国镍铁产量|印尼冰镍产量（分品味）|印尼冰镍产量（高冰镍+低冰镍）|印尼镍铁产量,镍铁进口量,37.14,CM0000138647,无候选/低置信,Y
THS-NI-3.2.3,NI,3,不锈钢废料进口量（万吨）,wr270|wr269|wr252|wr263|wr275,85.71|71.43|46.15|46.15|46.15,不锈钢进口量|不锈钢出口量|不锈钢基差|不锈钢仓单|镍铁进口量,不锈钢进口量,85.71,a10018706,高置信,Y
THS-NI-3.2.3,NI,4,电池级镍回收量（万吨）,wr275|wr243|wr245|wr246|wr248,43.33|40.0|40.0|40.0|40.0,镍铁进口量|中国镍铁产量|印尼冰镍产量（分品味）|印尼冰镍产量（高冰镍+低冰镍）|印尼镍铁产量,镍铁进口量,43.33,CM0000138647,模糊待人工确认,Y
THS-NI-3.2.3,NI,5,动力电池废料进口量（万吨）,li_52_idx|wr140|wr239|li_52_battery|wr240,62.5|52.63|52.63|50.0|45.45,动力电池装车量|动力电池 出口:三元材料|中国动力电池产量：三元|动力电池装车量宁德时代（月）|中国动力电池产量：磷酸铁锂,动力电池装车量,62.5,ID01660879,模糊待人工确认,Y
THS-NI-3.2.3,NI,6,高冰镍再生量（万吨）,wr245|wr246|wr271|ni_22_import|ni_313_import_2,65.0|65.0|59.99|48.75|48.75,印尼冰镍产量（分品味）|印尼冰镍产量（高冰镍+低冰镍）|中国冰镍进口量|冰镍：进口数量合计：中国（月）|冰镍：进口数量合计：中国（月）,印尼冰镍产量（分品味）,65.0,ID01858105,模糊待人工确认,Y
THS-NI-3.2.3,NI,7,高冰镍进口量（万吨）,wr271|wr275|ni_22_import|ni_313_import_2|ni_45_import,100.0|94.55|81.25|81.25|81.25,中国冰镍进口量|镍铁进口量|冰镍：进口数量合计：中国（月）|冰镍：进口数量合计：中国（月）|冰镍：进口数量合计：中国（月）,中国冰镍进口量,100.0,ID01364207,高置信,Y
THS-NI-3.2.3,NI,8,近3年同月再生镍产量均值（万吨）,wr243|wr245|wr246|wr248|wr241,43.33|43.33|43.33|43.33|41.05,中国镍铁产量|印尼冰镍产量（分品味）|印尼冰镍产量（高冰镍+低冰镍）|印尼镍铁产量|中国硫酸镍产量,中国镍铁产量,43.33,ID01002124,模糊待人工确认,Y
THS-NI-3.2.3,NI,9,近3年同月再生镍产量标准差（万吨）,wr243|wr245|wr246|wr248|wr241,41.05|41.05|41.05|41.05|39.0,中国镍铁产量|印尼冰镍产量（分品味）|印尼冰镍产量（高冰镍+低冰镍）|印尼镍铁产量|中国硫酸镍产量,中国镍铁产量,41.05,ID01002124,模糊待人工确认,Y
THS-NI-3.2.3,NI,10,镍精矿TC（美元/吨干矿）,wr253|ni_61_import_nickel_ore|ni_61_import_nickel_ore_3|ni_73_nickel_ore_arrival|wr256,47.27|28.89|28.89|28.89|28.89,印尼镍矿价格（HPM 1.6%）|镍矿：进口数量：印尼→中国（月）|镍矿：进口数量：印尼→中国（月）|镍矿：到港量：菲律宾→中国（日）|镍铁价格（江苏，7%≤Ni≤13%）,印尼镍矿价格（HPM 1.6%）,47.27,s22793258,模糊待人工确认,Y
THS-NI-3.2.3,NI,11,电解镍产量（万吨）,wr243|wr245|wr246|wr248|wr241,70.91|70.91|70.91|70.91|65.0,中国镍铁产量|印尼冰镍产量（分品味）|印尼冰镍产量（高冰镍+低冰镍）|印尼镍铁产量|中国硫酸镍产量,中国镍铁产量,70.91,ID01002124,高置信,Y
THS-NI-3.2.3,NI,12,再生镍-电解镍产量比（倍）,wr243|wr245|wr246|wr248|wr241,52.0|52.0|52.0|52.0|48.75,中国镍铁产量|印尼冰镍产量（分品味）|印尼冰镍产量（高冰镍+低冰镍）|印尼镍铁产量|中国硫酸镍产量,中国镍铁产量,52.0,ID01002124,模糊待人工确认,Y
THS-NI-3.2.4,NI,0,电解镍冶炼利润（元/吨）,wr259|ni_25_percentile_price|ni_25_percentile_price_2|ni_25_price|ni_63_export_2,59.99|37.14|37.14|37.14|37.14,镍铁理论利润（RKEF 山东）|SMM: 电解镍进口盈亏（沪伦价格差）: 日度|SMM: 电解镍进口盈亏（沪伦价格差）: 日度|SMM: 电解镍进口盈亏（沪伦价格差）: 日度|中国海关: 电解镍出口量: 月度,镍铁理论利润（RKEF 山东）,59.99,a10020849,模糊待人工确认,Y
THS-NI-3.2.4,NI,1,电解镍完全成本（元/吨）,ni_73_cost|ni_324_cost|ni_25_percentile_price|ni_25_percentile_price_2|ni_25_price,55.72|55.72|37.14|37.14|37.14,低镍生铁：成本（日）|低镍生铁：成本（日）|SMM: 电解镍进口盈亏（沪伦价格差）: 日度|SMM: 电解镍进口盈亏（沪伦价格差）: 日度|SMM: 电解镍进口盈亏（沪伦价格差）: 日度,低镍生铁：成本（日）,55.72,ID01360199,模糊待人工确认,Y
THS-NI-3.2.4,NI,2,镍铁冶炼利润（元/吨）,wr259|wr256|wr267|wr257|wr275,86.67|52.0|52.0|47.27|47.27,镍铁理论利润（RKEF 山东）|镍铁价格（江苏，7%≤Ni≤13%）|镍铁库存|镍铁折镍价|镍铁进口量,镍铁理论利润（RKEF 山东）,86.67,a10020849,高置信,Y
THS-NI-3.2.4,NI,3,镍铁完全成本（元/吨）,ni_73_cost|ni_324_cost|wr256|wr267|wr257,80.0|80.0|52.0|52.0|47.27,低镍生铁：成本（日）|低镍生铁：成本（日）|镍铁价格（江苏，7%≤Ni≤13%）|镍铁库存|镍铁折镍价,低镍生铁：成本（日）,80.0,ID01360199,高置信,Y
THS-NI-3.2.4,NI,4,高冰镍冶炼利润（元/吨）,wr259|wr245|wr246|wr271|ni_314_import_6,59.99|40.0|40.0|37.14|35.45,镍铁理论利润（RKEF 山东）|印尼冰镍产量（分品味）|印尼冰镍产量（高冰镍+低冰镍）|中国冰镍进口量|冰镍：进口数量：澳大利亚→中国（月）,镍铁理论利润（RKEF 山东）,59.99,a10020849,模糊待人工确认,Y
THS-NI-3.2.4,NI,5,高冰镍完全成本（元/吨）,ni_73_cost|ni_324_cost|wr245|wr246|wr271,55.72|55.72|40.0|40.0|37.14,低镍生铁：成本（日）|低镍生铁：成本（日）|印尼冰镍产量（分品味）|印尼冰镍产量（高冰镍+低冰镍）|中国冰镍进口量,低镍生铁：成本（日）,55.72,ID01360199,模糊待人工确认,Y
THS-NI-3.2.4,NI,6,近1年电解镍冶炼利润分位（%）,wr259|ni_25_percentile_price|ni_25_percentile_price_2|ni_25_price|ni_63_export_2,43.33|30.0|30.0|30.0|30.0,镍铁理论利润（RKEF 山东）|SMM: 电解镍进口盈亏（沪伦价格差）: 日度|SMM: 电解镍进口盈亏（沪伦价格差）: 日度|SMM: 电解镍进口盈亏（沪伦价格差）: 日度|中国海关: 电解镍出口量: 月度,镍铁理论利润（RKEF 山东）,43.33,a10020849,模糊待人工确认,Y
THS-NI-3.2.4,NI,7,电解镍开工率（%）,ni_322_util_2|ni_322_util_3|ni_51_util|ni_51_util_battery|ni_51_util_cons,65.0|65.0|65.0|65.0|65.0,精炼镍：开工率：印尼（月）|精炼镍：开工率：印尼（月）|精炼镍：开工率：中国（月）|精炼镍：开工率：中国（月）|精炼镍：开工率：中国（月）,精炼镍：开工率：印尼（月）,65.0,ID02026188,模糊待人工确认,Y
THS-NI-3.2.4,NI,8,镍精矿TC（美元/吨干矿）,wr253|ni_61_import_nickel_ore|ni_61_import_nickel_ore_3|ni_73_nickel_ore_arrival|wr256,47.27|28.89|28.89|28.89|28.89,印尼镍矿价格（HPM 1.6%）|镍矿：进口数量：印尼→中国（月）|镍矿：进口数量：印尼→中国（月）|镍矿：到港量：菲律宾→中国（日）|镍铁价格（江苏，7%≤Ni≤13%）,印尼镍矿价格（HPM 1.6%）,47.27,s22793258,模糊待人工确认,Y
THS-NI-3.2.4,NI,9,近3年同月电解镍冶炼利润均值（元/吨）,wr259|ni_25_percentile_price|ni_25_percentile_price_2|ni_25_price|ni_63_export_2,39.0|27.86|27.86|27.86|27.86,镍铁理论利润（RKEF 山东）|SMM: 电解镍进口盈亏（沪伦价格差）: 日度|SMM: 电解镍进口盈亏（沪伦价格差）: 日度|SMM: 电解镍进口盈亏（沪伦价格差）: 日度|中国海关: 电解镍出口量: 月度,镍铁理论利润（RKEF 山东）,39.0,a10020849,无候选/低置信,Y
THS-NI-3.2.4,NI,10,近3年同月电解镍冶炼利润标准差（元/吨）,wr259|ni_25_percentile_price|ni_25_percentile_price_2|ni_25_price|ni_63_export_2,37.14|26.9|26.9|26.9|26.9,镍铁理论利润（RKEF 山东）|SMM: 电解镍进口盈亏（沪伦价格差）: 日度|SMM: 电解镍进口盈亏（沪伦价格差）: 日度|SMM: 电解镍进口盈亏（沪伦价格差）: 日度|中国海关: 电解镍出口量: 月度,镍铁理论利润（RKEF 山东）,37.14,a10020849,无候选/低置信,Y
THS-NI-3.2.4,NI,11,沪镍主力合约收盘价（元/吨）,ni_21_close_front|wr256|wr254|wr257|ni_21_volume_front,82.73|43.33|40.0|40.0|38.52,SHFE：镍：主力合约：收盘价（日）|镍铁价格（江苏，7%≤Ni≤13%）|硫酸镍价格|镍铁折镍价|SHFE：镍：主力合约：单边交易：成交量（日）,SHFE：镍：主力合约：收盘价（日）,82.73,FU00014997,高置信,Y
THS-NI-4.1,NI,0,上期所镍仓单量（手）,ni_42_lme_warrant|wr275|wr243|wr245|wr246,52.0|52.0|47.27|47.27|47.27,LME：镍：注销仓单（日）|镍铁进口量|中国镍铁产量|印尼冰镍产量（分品味）|印尼冰镍产量（高冰镍+低冰镍）,LME：镍：注销仓单（日）,52.0,FU00014818,模糊待人工确认,Y
THS-NI-4.1,NI,1,上期所镍注销仓单量（手）,ni_42_lme_warrant|wr275|wr243|wr245|wr246,76.47|43.33|40.0|40.0|40.0,LME：镍：注销仓单（日）|镍铁进口量|中国镍铁产量|印尼冰镍产量（分品味）|印尼冰镍产量（高冰镍+低冰镍）,LME：镍：注销仓单（日）,76.47,FU00014818,高置信,Y
THS-NI-4.1,NI,2,上海地区仓单量（手）,wr124|zn_44_inv_plant|wr263|li_63_conc|wr171,46.15|33.33|33.33|30.77|30.77,碳酸锂 仓单量|锌锭：库存：上海保税区（周）|不锈钢仓单|锂精矿海漂量(澳大利亚)|沪锡总持仓量,碳酸锂 仓单量,46.15,FU00058091,模糊待人工确认,Y
THS-NI-4.1,NI,3,广东地区仓单量（手）,wr124|si_312_output_recycle|ni_45_output|wr263|cu_43_social_stock_ec,46.15|33.33|33.33|33.33|31.58,碳酸锂 仓单量|工业硅：产量：东北地区（月）|精炼镍：产量：东北地区（月）|不锈钢仓单|铜杆：社会库存：华东地区（日）,碳酸锂 仓单量,46.15,FU00058091,模糊待人工确认,Y
THS-NI-4.1,NI,4,浙江地区仓单量（手）,wr124|wr263|wr171|si_21_warrant_industrial_si|si_22_warrant_industrial_si,46.15|33.33|30.77|30.0|30.0,碳酸锂 仓单量|不锈钢仓单|沪锡总持仓量|GFEX：工业硅：仓单数量（日）|GFEX：工业硅：仓单数量（日）,碳酸锂 仓单量,46.15,FU00058091,模糊待人工确认,Y
THS-NI-4.1,NI,5,近3年同月仓单量均值（手）,wr124|al_23_lme_oi|al_25_warrant_premium_avg_price|wr172|wr21,37.5|33.33|33.33|31.58|28.57,碳酸锂 仓单量|LME：铝：3个月合约：持仓量（日）|铝：仓单溢价均价（日）|沪锡近半年月差变化|SHFE铝近3月虚实比,碳酸锂 仓单量,37.5,FU00058091,无候选/低置信,Y
THS-NI-4.1,NI,6,近3年同月仓单量标准差（手）,wr172|wr124|al_23_lme_oi|wr21|si_21_warrant_industrial_si,40.0|35.29|32.0|27.27|25.0,沪锡近半年月差变化|碳酸锂 仓单量|LME：铝：3个月合约：持仓量（日）|SHFE铝近3月虚实比|GFEX：工业硅：仓单数量（日）,沪锡近半年月差变化,40.0,a12841510,模糊待人工确认,Y
THS-NI-4.1,NI,7,沪镍主力合约收盘价（元/吨）,ni_21_close_front|wr256|wr254|wr257|ni_21_volume_front,82.73|43.33|40.0|40.0|38.52,SHFE：镍：主力合约：收盘价（日）|镍铁价格（江苏，7%≤Ni≤13%）|硫酸镍价格|镍铁折镍价|SHFE：镍：主力合约：单边交易：成交量（日）,SHFE：镍：主力合约：收盘价（日）,82.73,FU00014997,高置信,Y
THS-NI-4.1,NI,8,近1年仓单量分位（%）,wr124|wr263|i8|si_21_warrant_industrial_si|si_22_warrant_industrial_si,42.86|30.77|30.0|28.57|28.57,碳酸锂 仓单量|不锈钢仓单|SHFE铅仓单分地区_上海|GFEX：工业硅：仓单数量（日）|GFEX：工业硅：仓单数量（日）,碳酸锂 仓单量,42.86,FU00058091,模糊待人工确认,Y
THS-NI-4.1,NI,9,镍现货升贴水（元/吨）,ni_32_premium|ni_42_premium|ni_21_premium|ni_22_premium_percentile|ni_22_premium,45.88|44.58|43.33|43.33|43.33,电解镍：Ni≥99.96%：俄罗斯产：现货到岸升贴水：中国（日）|电解镍：Ni≥99.99%：日本产：现货升贴水：中国：保税区（日）|水淬镍：15-22%Ni：印尼产：升贴水（日）|水淬镍：15-22%Ni：印尼产：升贴水（日）|水淬镍：15-22%Ni：印尼产：升贴水（日）,电解镍：Ni≥99.96%：俄罗斯产：现货到岸升贴水：中国（日）,45.88,ID00265540,模糊待人工确认,Y
THS-NI-4.1,NI,10,镍进口盈亏（元/吨）,ni_41_import|ni_61_import_3|ni_62_import|wr275|ni_32_import_nickel_ferrous,100|100|100|78.0|68.42,镍豆：进口盈亏（日）|镍豆：进口盈亏（日）|镍豆：进口盈亏（日）|镍铁进口量|镍铁：印尼产：进口盈亏：中国（日）,镍豆：进口盈亏（日）,100,ID00408378,高置信,Y
THS-NI-4.1,NI,11,LME镍库存（手）,wr260|ni_41_lme_inv|ni_43_inv_2|ni_43_inv_3|ni_43_inv_percentile,100|82.11|78.0|78.0|78.0,LME镍库存|LME：镍：期货库存：迪拜（日）|LME：镍：原产国库存：埃及（月）|LME：镍：原产国库存：埃及（月）|LME：镍：原产国库存：埃及（月）,LME镍库存,100,a12764445,高置信,Y
THS-NI-4.1,NI,12,上期所镍仓单量,ni_42_lme_warrant|wr275|wr243|wr245|wr246,52.0|52.0|47.27|47.27|47.27,LME：镍：注销仓单（日）|镍铁进口量|中国镍铁产量|印尼冰镍产量（分品味）|印尼冰镍产量（高冰镍+低冰镍）,LME：镍：注销仓单（日）,52.0,FU00014818,模糊待人工确认,Y
THS-NI-4.1,NI,13,SMM纯镍社会库存:上期所,wr262|wr260|wr261|ni_41_lme_inv|ni_25_percentile_price,61.91|61.18|59.09|54.17|52.0,LME镍库存分布：洲|LME镍库存|LME镍库存分布：仓库|LME：镍：期货库存：迪拜（日）|SMM: 电解镍进口盈亏（沪伦价格差）: 日度,LME镍库存分布：洲,61.91,a12764460,模糊待人工确认,Y
THS-NI-4.1,NI,14,中国精炼镍仓单库存,wr242|wr267|wr243|wr260|ni_43_inv,81.25|59.99|52.0|52.0|50.0,中国精炼镍产量|镍铁库存|中国镍铁产量|LME镍库存|精炼镍：库存：中国：27家样本仓库（周）,中国精炼镍产量,81.25,ID01002085,高置信,Y
THS-NI-4.1,NI,15,LME镍库存（LME Nickel Stock）,wr260|ni_41_lme_inv|ni_43_inv_2|ni_43_inv_3|ni_43_inv_percentile,100|82.11|78.0|78.0|78.0,LME镍库存|LME：镍：期货库存：迪拜（日）|LME：镍：原产国库存：埃及（月）|LME：镍：原产国库存：埃及（月）|LME：镍：原产国库存：埃及（月）,LME镍库存,100,a12764445,高置信,Y
THS-NI-4.1,NI,16,上海地区仓单量、广东地区仓单量、浙江地区仓单量,wr124|wr17|li_33_import_gd|ni_41_import_nickel_powder|zn_44_inv_plant,20.69|19.35|18.75|18.18|17.65,碳酸锂 仓单量|LME仓单原产地|锂：进口数量：广东（月）|冰镍：进口数量：浙江（月）|锌锭：库存：上海保税区（周）,碳酸锂 仓单量,20.69,FU00058091,无候选/低置信,Y
THS-NI-4.1,NI,17,SMM纯镍社会库存:上海/广东/浙江,wr262|wr261|wr260|ni_41_lme_inv|ni_25_percentile_price,50.0|48.15|47.27|44.82|43.33,LME镍库存分布：洲|LME镍库存分布：仓库|LME镍库存|LME：镍：期货库存：迪拜（日）|SMM: 电解镍进口盈亏（沪伦价格差）: 日度,LME镍库存分布：洲,50.0,a12764460,模糊待人工确认,Y
THS-NI-4.1,NI,18,沪镍主力合约收盘价,ni_21_close_front|wr256|wr254|wr257|ni_21_volume_front,82.73|43.33|40.0|40.0|38.52,SHFE：镍：主力合约：收盘价（日）|镍铁价格（江苏，7%≤Ni≤13%）|硫酸镍价格|镍铁折镍价|SHFE：镍：主力合约：单边交易：成交量（日）,SHFE：镍：主力合约：收盘价（日）,82.73,FU00014997,高置信,Y
THS-NI-4.1,NI,19,镍现货升贴水,ni_32_premium|ni_42_premium|ni_21_premium|ni_22_premium_percentile|ni_22_premium,45.88|44.58|43.33|43.33|43.33,电解镍：Ni≥99.96%：俄罗斯产：现货到岸升贴水：中国（日）|电解镍：Ni≥99.99%：日本产：现货升贴水：中国：保税区（日）|水淬镍：15-22%Ni：印尼产：升贴水（日）|水淬镍：15-22%Ni：印尼产：升贴水（日）|水淬镍：15-22%Ni：印尼产：升贴水（日）,电解镍：Ni≥99.96%：俄罗斯产：现货到岸升贴水：中国（日）,45.88,ID00265540,模糊待人工确认,Y
THS-NI-4.1,NI,20,SMM纯镍现货升贴水,ni_21_lme_price|ni_25_percentile_price|ni_25_percentile_price_2|ni_25_price|ni_32_premium,48.75|43.33|43.33|43.33|41.05,SMM: 进口盈亏: 镍: 现货: LME价格: 日度|SMM: 电解镍进口盈亏（沪伦价格差）: 日度|SMM: 电解镍进口盈亏（沪伦价格差）: 日度|SMM: 电解镍进口盈亏（沪伦价格差）: 日度|电解镍：Ni≥99.96%：俄罗斯产：现货到岸升贴水：中国（日）,SMM: 进口盈亏: 镍: 现货: LME价格: 日度,48.75,a12760049,模糊待人工确认,Y
THS-NI-4.1,NI,21,Mysteel纯镍现货升贴水,ni_32_premium|ni_42_premium|ni_21_premium|ni_22_premium_percentile|ni_22_premium,37.14|36.28|32.5|32.5|32.5,电解镍：Ni≥99.96%：俄罗斯产：现货到岸升贴水：中国（日）|电解镍：Ni≥99.99%：日本产：现货升贴水：中国：保税区（日）|水淬镍：15-22%Ni：印尼产：升贴水（日）|水淬镍：15-22%Ni：印尼产：升贴水（日）|水淬镍：15-22%Ni：印尼产：升贴水（日）,电解镍：Ni≥99.96%：俄罗斯产：现货到岸升贴水：中国（日）,37.14,ID00265540,无候选/低置信,Y
THS-NI-4.1,NI,22,LME镍升贴水0-3（LME Nickel Premium/Discount 0-3）,wr260|ni_21_volume_top20|ni_42_lme_warrant|wr262|wr261,69.33|56.52|54.74|54.74|52.0,LME镍库存|LME：镍：3个月合约：成交量（日）|LME：镍：注销仓单（日）|LME镍库存分布：洲|LME镍库存分布：仓库,LME镍库存,69.33,a12764445,模糊待人工确认,Y
THS-NI-4.1,NI,23,镍进口盈亏,ni_41_import|ni_61_import_3|ni_62_import|wr275|ni_32_import_nickel_ferrous,100|100|100|78.0|68.42,镍豆：进口盈亏（日）|镍豆：进口盈亏（日）|镍豆：进口盈亏（日）|镍铁进口量|镍铁：印尼产：进口盈亏：中国（日）,镍豆：进口盈亏（日）,100,ID00408378,高置信,Y
THS-NI-4.1,NI,24,SMM镍进口盈亏,ni_25_percentile_price|ni_25_percentile_price_2|ni_25_price|ni_41_import|ni_61_import_3,94.55|94.55|94.55|86.67|86.67,SMM: 电解镍进口盈亏（沪伦价格差）: 日度|SMM: 电解镍进口盈亏（沪伦价格差）: 日度|SMM: 电解镍进口盈亏（沪伦价格差）: 日度|镍豆：进口盈亏（日）|镍豆：进口盈亏（日）,SMM: 电解镍进口盈亏（沪伦价格差）: 日度,94.55,a10000206,高置信,Y
THS-NI-4.1,NI,25,Mysteel镍豆进口盈亏,ni_41_import|ni_61_import_3|ni_62_import|ni_25_percentile_price|ni_25_percentile_price_2,78.0|78.0|78.0|57.77|57.77,镍豆：进口盈亏（日）|镍豆：进口盈亏（日）|镍豆：进口盈亏（日）|SMM: 电解镍进口盈亏（沪伦价格差）: 日度|SMM: 电解镍进口盈亏（沪伦价格差）: 日度,镍豆：进口盈亏（日）,78.0,ID00408378,高置信,Y
THS-NI-4.1,NI,26,LME镍库存,wr260|ni_41_lme_inv|ni_43_inv_2|ni_43_inv_3|ni_43_inv_percentile,100|82.11|78.0|78.0|78.0,LME镍库存|LME：镍：期货库存：迪拜（日）|LME：镍：原产国库存：埃及（月）|LME：镍：原产国库存：埃及（月）|LME：镍：原产国库存：埃及（月）,LME镍库存,100,a12764445,高置信,Y
THS-NI-4.1,NI,27,SMM LME镍库存,wr260|wr262|wr261|ni_41_lme_inv|ni_43_inv_2,86.67|82.11|78.0|70.91|67.82,LME镍库存|LME镍库存分布：洲|LME镍库存分布：仓库|LME：镍：期货库存：迪拜（日）|LME：镍：原产国库存：埃及（月）,LME镍库存,86.67,a12764445,高置信,Y
THS-NI-4.1,NI,28,Mysteel LME镍库存,wr262|wr261|ni_41_lme_inv|wr260|ni_43_inv_2,67.82|65.0|59.99|59.99|57.77,LME镍库存分布：洲|LME镍库存分布：仓库|LME：镍：期货库存：迪拜（日）|LME镍库存|LME：镍：原产国库存：埃及（月）,LME镍库存分布：洲,67.82,a12764460,模糊待人工确认,Y
THS-NI-4.1,NI,29,LME Nickel Stock（吨）,wr260|ni_42_lme_warrant|wr262|wr261|ni_41_lme_inv,39.0|32.5|32.5|31.2|28.89,LME镍库存|LME：镍：注销仓单（日）|LME镍库存分布：洲|LME镍库存分布：仓库|LME：镍：期货库存：迪拜（日）,LME镍库存,39.0,a12764445,无候选/低置信,Y
THS-NI-4.2,NI,0,上期所镍仓单量（手）,ni_42_lme_warrant|wr275|wr243|wr245|wr246,52.0|52.0|47.27|47.27|47.27,LME：镍：注销仓单（日）|镍铁进口量|中国镍铁产量|印尼冰镍产量（分品味）|印尼冰镍产量（高冰镍+低冰镍）,LME：镍：注销仓单（日）,52.0,FU00014818,模糊待人工确认,Y
THS-NI-4.2,NI,1,上期所镍注销仓单量（手）,ni_42_lme_warrant|wr275|wr243|wr245|wr246,76.47|43.33|40.0|40.0|40.0,LME：镍：注销仓单（日）|镍铁进口量|中国镍铁产量|印尼冰镍产量（分品味）|印尼冰镍产量（高冰镍+低冰镍）,LME：镍：注销仓单（日）,76.47,FU00014818,高置信,Y
THS-NI-4.2,NI,2,上海地区仓单量（手）,wr124|zn_44_inv_plant|wr263|li_63_conc|wr171,46.15|33.33|33.33|30.77|30.77,碳酸锂 仓单量|锌锭：库存：上海保税区（周）|不锈钢仓单|锂精矿海漂量(澳大利亚)|沪锡总持仓量,碳酸锂 仓单量,46.15,FU00058091,模糊待人工确认,Y
THS-NI-4.2,NI,3,广东地区仓单量（手）,wr124|si_312_output_recycle|ni_45_output|wr263|cu_43_social_stock_ec,46.15|33.33|33.33|33.33|31.58,碳酸锂 仓单量|工业硅：产量：东北地区（月）|精炼镍：产量：东北地区（月）|不锈钢仓单|铜杆：社会库存：华东地区（日）,碳酸锂 仓单量,46.15,FU00058091,模糊待人工确认,Y
THS-NI-4.2,NI,4,浙江地区仓单量（手）,wr124|wr263|wr171|si_21_warrant_industrial_si|si_22_warrant_industrial_si,46.15|33.33|30.77|30.0|30.0,碳酸锂 仓单量|不锈钢仓单|沪锡总持仓量|GFEX：工业硅：仓单数量（日）|GFEX：工业硅：仓单数量（日）,碳酸锂 仓单量,46.15,FU00058091,模糊待人工确认,Y
THS-NI-4.2,NI,5,近3年同月仓单量均值（手）,wr124|al_23_lme_oi|al_25_warrant_premium_avg_price|wr172|wr21,37.5|33.33|33.33|31.58|28.57,碳酸锂 仓单量|LME：铝：3个月合约：持仓量（日）|铝：仓单溢价均价（日）|沪锡近半年月差变化|SHFE铝近3月虚实比,碳酸锂 仓单量,37.5,FU00058091,无候选/低置信,Y
THS-NI-4.2,NI,6,近3年同月仓单量标准差（手）,wr172|wr124|al_23_lme_oi|wr21|si_21_warrant_industrial_si,40.0|35.29|32.0|27.27|25.0,沪锡近半年月差变化|碳酸锂 仓单量|LME：铝：3个月合约：持仓量（日）|SHFE铝近3月虚实比|GFEX：工业硅：仓单数量（日）,沪锡近半年月差变化,40.0,a12841510,模糊待人工确认,Y
THS-NI-4.2,NI,7,近1年仓单量分位（%）,wr124|wr263|i8|si_21_warrant_industrial_si|si_22_warrant_industrial_si,42.86|30.77|30.0|28.57|28.57,碳酸锂 仓单量|不锈钢仓单|SHFE铅仓单分地区_上海|GFEX：工业硅：仓单数量（日）|GFEX：工业硅：仓单数量（日）,碳酸锂 仓单量,42.86,FU00058091,模糊待人工确认,Y
THS-NI-4.2,NI,8,LME镍库存（手）,wr260|ni_41_lme_inv|ni_43_inv_2|ni_43_inv_3|ni_43_inv_percentile,100|82.11|78.0|78.0|78.0,LME镍库存|LME：镍：期货库存：迪拜（日）|LME：镍：原产国库存：埃及（月）|LME：镍：原产国库存：埃及（月）|LME：镍：原产国库存：埃及（月）,LME镍库存,100,a12764445,高置信,Y
THS-NI-4.2,NI,9,注销占比（%）,al_41_lme_warrant_ratio|sn_42_ratio|sn_43_ratio|i7|ni_42_ratio,40.0|40.0|40.0|33.33|30.77,LME：铝：注销占比（日）|LME：锡：注销占比（日）|LME：锡：注销占比（日）|LME铅注销仓单|LME：镍：注销占比：香港（日）,LME：铝：注销占比（日）,40.0,FU00023742,模糊待人工确认,Y
THS-NI-4.2,NI,10,镍现货升贴水（元/吨）,ni_32_premium|ni_42_premium|ni_21_premium|ni_22_premium_percentile|ni_22_premium,45.88|44.58|43.33|43.33|43.33,电解镍：Ni≥99.96%：俄罗斯产：现货到岸升贴水：中国（日）|电解镍：Ni≥99.99%：日本产：现货升贴水：中国：保税区（日）|水淬镍：15-22%Ni：印尼产：升贴水（日）|水淬镍：15-22%Ni：印尼产：升贴水（日）|水淬镍：15-22%Ni：印尼产：升贴水（日）,电解镍：Ni≥99.96%：俄罗斯产：现货到岸升贴水：中国（日）,45.88,ID00265540,模糊待人工确认,Y
THS-NI-4.2,NI,11,沪镍主力合约收盘价（元/吨）,ni_21_close_front|wr256|wr254|wr257|ni_21_volume_front,82.73|43.33|40.0|40.0|38.52,SHFE：镍：主力合约：收盘价（日）|镍铁价格（江苏，7%≤Ni≤13%）|硫酸镍价格|镍铁折镍价|SHFE：镍：主力合约：单边交易：成交量（日）,SHFE：镍：主力合约：收盘价（日）,82.73,FU00014997,高置信,Y
THS-NI-4.2,NI,12,上期所镍仓单量、上期所镍注销仓单量,ni_42_lme_warrant|ni_42_ratio|ni_32_output_h2so4|wr257|wr275,56.52|30.0|30.0|28.89|28.89,LME：镍：注销仓单（日）|LME：镍：注销占比：香港（日）|硫酸镍：实物量：产量：中国（月）|镍铁折镍价|镍铁进口量,LME：镍：注销仓单（日）,56.52,FU00014818,模糊待人工确认,Y
THS-NI-4.2,NI,13,SMM纯镍社会库存:上期所（含注销仓单）,wr262|wr260|wr261|ni_41_lme_inv|ni_25_percentile_price,61.91|61.18|59.09|54.17|52.0,LME镍库存分布：洲|LME镍库存|LME镍库存分布：仓库|LME：镍：期货库存：迪拜（日）|SMM: 电解镍进口盈亏（沪伦价格差）: 日度,LME镍库存分布：洲,61.91,a12764460,模糊待人工确认,Y
THS-NI-4.2,NI,14,Mysteel精炼镍仓单库存、注销仓单,ni_42_lme_warrant|ni_43_inv|ni_43_inv_4|ni_43_inv_implicit|ni_44_inv_2,53.79|43.33|43.33|43.33|43.33,LME：镍：注销仓单（日）|精炼镍：库存：中国：27家样本仓库（周）|精炼镍：库存：中国：27家样本仓库（周）|精炼镍：库存：中国：27家样本仓库（周）|精炼镍：库存：中国：27家样本仓库（周）,LME：镍：注销仓单（日）,53.79,FU00014818,模糊待人工确认,Y
THS-NI-4.2,NI,15,LME镍注册仓单（LME Nickel Registered Stock）、LME镍注销仓单（LME,ni_42_lme_warrant|ni_42_ratio|wr261|wr260|wr262,67.09|45.88|40.62|38.52|33.55,LME：镍：注销仓单（日）|LME：镍：注销占比：香港（日）|LME镍库存分布：仓库|LME镍库存|LME镍库存分布：洲,LME：镍：注销仓单（日）,67.09,FU00014818,模糊待人工确认,Y
THS-NI-4.2,NI,16,上期所镍仓单量、上期所镍注销仓单量、注销占比,ni_42_lme_warrant|ni_42_ratio|ni_32_output_h2so4|ni_26_percentile_openinterest_top2|wr257,46.42|41.94|25.16|23.63|22.61,LME：镍：注销仓单（日）|LME：镍：注销占比：香港（日）|硫酸镍：实物量：产量：中国（月）|SHFE：镍：单边交易：持仓量（日）|镍铁折镍价,LME：镍：注销仓单（日）,46.42,FU00014818,模糊待人工确认,Y
THS-NI-4.2,NI,17,Mysteel精炼镍仓单注销占比,ni_42_ratio|ni_42_lme_warrant|wr242|wr247|ni_43_inv,53.79|40.0|33.92|33.92|31.51,LME：镍：注销占比：香港（日）|LME：镍：注销仓单（日）|中国精炼镍产量|印尼精炼镍产量|精炼镍：库存：中国：27家样本仓库（周）,LME：镍：注销占比：香港（日）,53.79,FU00094552,模糊待人工确认,Y
THS-NI-4.2,NI,18,LME镍注销仓单占比（LME Nickel Unregistered Stock Ratio）,ni_42_lme_warrant|ni_42_ratio|wr260|wr261|wr262,100|90.44|65.0|61.91|52.0,LME：镍：注销仓单（日）|LME：镍：注销占比：香港（日）|LME镍库存|LME镍库存分布：仓库|LME镍库存分布：洲,LME：镍：注销仓单（日）,100,FU00014818,高置信,Y
THS-NI-4.2,NI,19,上期所镍仓单量、LME镍库存,wr262|wr261|wr260|ni_41_lme_inv|ni_43_inv_2,70.91|67.82|65.0|62.4|59.99,LME镍库存分布：洲|LME镍库存分布：仓库|LME镍库存|LME：镍：期货库存：迪拜（日）|LME：镍：原产国库存：埃及（月）,LME镍库存分布：洲,70.91,a12764460,高置信,Y
THS-NI-4.2,NI,20,SMM纯镍社会库存:上期所、LME镍库存,wr262|wr261|ni_21_lme_price|wr260|ni_41_lme_inv,55.72|53.79|52.0|43.33|41.94,LME镍库存分布：洲|LME镍库存分布：仓库|SMM: 进口盈亏: 镍: 现货: LME价格: 日度|LME镍库存|LME：镍：期货库存：迪拜（日）,LME镍库存分布：洲,55.72,a12764460,模糊待人工确认,Y
THS-NI-4.2,NI,21,Mysteel精炼镍仓单库存、LME镍库存,wr262|wr261|ni_41_lme_inv|ni_43_inv_2|ni_43_inv_3,50.32|48.75|45.88|44.58|44.58,LME镍库存分布：洲|LME镍库存分布：仓库|LME：镍：期货库存：迪拜（日）|LME：镍：原产国库存：埃及（月）|LME：镍：原产国库存：埃及（月）,LME镍库存分布：洲,50.32,a12764460,模糊待人工确认,Y
THS-NI-4.2,NI,22,LME Nickel Stock,wr260|ni_42_lme_warrant|wr262|wr261|ni_41_lme_inv,39.0|32.5|32.5|31.2|28.89,LME镍库存|LME：镍：注销仓单（日）|LME镍库存分布：洲|LME镍库存分布：仓库|LME：镍：期货库存：迪拜（日）,LME镍库存,39.0,a12764445,无候选/低置信,Y
THS-NI-4.2,NI,23,上期所镍仓单量、镍现货升贴水,ni_32_premium|ni_42_premium|ni_21_warrant|ni_42_lme_warrant|ni_21_premium,39.0|38.05|35.87|35.45|34.67,电解镍：Ni≥99.96%：俄罗斯产：现货到岸升贴水：中国（日）|电解镍：Ni≥99.99%：日本产：现货升贴水：中国：保税区（日）|SHFE: 镍: 仓单日报: 期货: 日度|LME：镍：注销仓单（日）|水淬镍：15-22%Ni：印尼产：升贴水（日）,电解镍：Ni≥99.96%：俄罗斯产：现货到岸升贴水：中国（日）,39.0,ID00265540,无候选/低置信,Y
THS-NI-4.2,NI,24,SMM纯镍社会库存:上期所、SMM纯镍现货升贴水,ni_21_lme_price|wr262|wr261|ni_41_lme_inv|wr260,41.37|40.62|39.39|37.14|37.14,SMM: 进口盈亏: 镍: 现货: LME价格: 日度|LME镍库存分布：洲|LME镍库存分布：仓库|LME：镍：期货库存：迪拜（日）|LME镍库存,SMM: 进口盈亏: 镍: 现货: LME价格: 日度,41.37,a12760049,模糊待人工确认,Y
THS-NI-4.2,NI,25,Mysteel精炼镍仓单库存、Mysteel纯镍现货升贴水,wr260|ni_43_inv|ni_43_inv_4|ni_43_inv_implicit|ni_44_inv_2,29.72|28.26|28.26|28.26|28.26,LME镍库存|精炼镍：库存：中国：27家样本仓库（周）|精炼镍：库存：中国：27家样本仓库（周）|精炼镍：库存：中国：27家样本仓库（周）|精炼镍：库存：中国：27家样本仓库（周）,LME镍库存,29.72,a12764445,无候选/低置信,Y
THS-NI-4.2,NI,26,LME镍升贴水0-3,wr260|ni_21_volume_top20|ni_42_lme_warrant|wr262|wr261,69.33|56.52|54.74|54.74|52.0,LME镍库存|LME：镍：3个月合约：成交量（日）|LME：镍：注销仓单（日）|LME镍库存分布：洲|LME镍库存分布：仓库,LME镍库存,69.33,a12764445,模糊待人工确认,Y
THS-NI-4.2,NI,27,上期所镍仓单量、沪镍主力合约收盘价,ni_21_close_front|wr257|ni_42_lme_warrant|ni_21_volume_front|ni_21_openinterest_front,65.0|41.05|32.5|31.51|31.51,SHFE：镍：主力合约：收盘价（日）|镍铁折镍价|LME：镍：注销仓单（日）|SHFE：镍：主力合约：单边交易：成交量（日）|SHFE：镍：主力合约：单边交易：持仓量（日）,SHFE：镍：主力合约：收盘价（日）,65.0,FU00014997,模糊待人工确认,Y
THS-NI-4.2,NI,28,SMM纯镍社会库存:上期所、沪镍主力合约收盘价,ni_21_close_front|wr262|wr261|ni_21_volume_front|ni_21_openinterest_front,68.82|43.33|41.94|40.0|40.0,SHFE：镍：主力合约：收盘价（日）|LME镍库存分布：洲|LME镍库存分布：仓库|SHFE：镍：主力合约：单边交易：成交量（日）|SHFE：镍：主力合约：单边交易：持仓量（日）,SHFE：镍：主力合约：收盘价（日）,68.82,FU00014997,模糊待人工确认,Y
THS-NI-4.2,NI,29,Mysteel精炼镍仓单库存、沪镍主力合约收盘价,ni_21_close_front|wr260|ni_43_inv|ni_43_inv_4|ni_43_inv_implicit,49.19|35.87|32.5|32.5|32.5,SHFE：镍：主力合约：收盘价（日）|LME镍库存|精炼镍：库存：中国：27家样本仓库（周）|精炼镍：库存：中国：27家样本仓库（周）|精炼镍：库存：中国：27家样本仓库（周）,SHFE：镍：主力合约：收盘价（日）,49.19,FU00014997,模糊待人工确认,Y
THS-NI-4.3,NI,0,镍社会库存总量（万吨）,wr267|wr260|wr262|wr261|ni_41_lme_inv,86.67|70.91|52.0|48.75|43.33,镍铁库存|LME镍库存|LME镍库存分布：洲|LME镍库存分布：仓库|LME：镍：期货库存：迪拜（日）,镍铁库存,86.67,a12854683,高置信,Y
THS-NI-4.3,NI,1,厂内库存（万吨）,li_44_inv_smelt|SHFE库存|si_43_inv|li_44_lc_inv_plant|wr130,66.67|57.14|54.55|54.55|54.55,冶炼厂库存总量|上期所库存|工业硅工厂库存总量|碳酸锂工厂库存总量|碳酸锂 工厂库存,冶炼厂库存总量,66.67,a10097626,模糊待人工确认,Y
THS-NI-4.3,NI,2,厂外库存（万吨）,li_44_inv_smelt|SHFE库存|si_43_inv|li_44_lc_inv_plant|wr130,66.67|57.14|54.55|54.55|54.55,冶炼厂库存总量|上期所库存|工业硅工厂库存总量|碳酸锂工厂库存总量|碳酸锂 工厂库存,冶炼厂库存总量,66.67,a10097626,模糊待人工确认,Y
THS-NI-4.3,NI,3,上海地区社会库存（万吨）,si_313_social_inv|li_22_social_inv|si_313_inv_social|wr227|社库,53.33|53.33|53.33|53.33|50.0,工业硅社会库存|碳酸锂社会库存|工业硅社会库存|工业硅社会库存(SMM)|社会库存,工业硅社会库存,53.33,a10020033,模糊待人工确认,Y
THS-NI-4.3,NI,4,广东地区社会库存（万吨）,si_313_social_inv|li_22_social_inv|si_313_inv_social|wr227|社库,53.33|53.33|53.33|53.33|50.0,工业硅社会库存|碳酸锂社会库存|工业硅社会库存|工业硅社会库存(SMM)|社会库存,工业硅社会库存,53.33,a10020033,模糊待人工确认,Y
THS-NI-4.3,NI,5,浙江地区社会库存（万吨）,si_313_social_inv|li_22_social_inv|si_313_inv_social|wr227|社库,53.33|53.33|53.33|53.33|50.0,工业硅社会库存|碳酸锂社会库存|工业硅社会库存|工业硅社会库存(SMM)|社会库存,工业硅社会库存,53.33,a10020033,模糊待人工确认,Y
THS-NI-4.3,NI,6,近3年同月社会库存均值（万吨）,si_313_social_inv|li_22_social_inv|si_313_inv_social|wr227|wr177,44.44|44.44|44.44|44.44|42.11,工业硅社会库存|碳酸锂社会库存|工业硅社会库存|工业硅社会库存(SMM)|中国锡锭社会库存,工业硅社会库存,44.44,a10020033,模糊待人工确认,Y
THS-NI-4.3,NI,7,近3年同月社会库存标准差（万吨）,si_313_social_inv|li_22_social_inv|si_313_inv_social|wr227|wr177,42.11|42.11|42.11|42.11|40.0,工业硅社会库存|碳酸锂社会库存|工业硅社会库存|工业硅社会库存(SMM)|中国锡锭社会库存,工业硅社会库存,42.11,a10020033,模糊待人工确认,Y
THS-NI-4.3,NI,8,近1年社会库存分位（%）,si_313_social_inv|li_22_social_inv|si_313_inv_social|wr227|wr177,50.0|50.0|50.0|50.0|47.06,工业硅社会库存|碳酸锂社会库存|工业硅社会库存|工业硅社会库存(SMM)|中国锡锭社会库存,工业硅社会库存,50.0,a10020033,模糊待人工确认,Y
THS-NI-4.3,NI,9,上期所镍仓单量（手）,ni_42_lme_warrant|wr275|wr243|wr245|wr246,52.0|52.0|47.27|47.27|47.27,LME：镍：注销仓单（日）|镍铁进口量|中国镍铁产量|印尼冰镍产量（分品味）|印尼冰镍产量（高冰镍+低冰镍）,LME：镍：注销仓单（日）,52.0,FU00014818,模糊待人工确认,Y
THS-NI-4.3,NI,10,镍精矿TC（美元/吨干矿）,wr253|ni_61_import_nickel_ore|ni_61_import_nickel_ore_3|ni_73_nickel_ore_arrival|wr256,47.27|28.89|28.89|28.89|28.89,印尼镍矿价格（HPM 1.6%）|镍矿：进口数量：印尼→中国（月）|镍矿：进口数量：印尼→中国（月）|镍矿：到港量：菲律宾→中国（日）|镍铁价格（江苏，7%≤Ni≤13%）,印尼镍矿价格（HPM 1.6%）,47.27,s22793258,模糊待人工确认,Y
THS-NI-4.3,NI,11,沪镍主力合约收盘价（元/吨）,ni_21_close_front|wr256|wr254|wr257|ni_21_volume_front,82.73|43.33|40.0|40.0|38.52,SHFE：镍：主力合约：收盘价（日）|镍铁价格（江苏，7%≤Ni≤13%）|硫酸镍价格|镍铁折镍价|SHFE：镍：主力合约：单边交易：成交量（日）,SHFE：镍：主力合约：收盘价（日）,82.73,FU00014997,高置信,Y
THS-NI-4.3,NI,12,在途库存（万吨）,SHFE库存|社库|li_43_inv_struct|li_43_inv_struct_2|wr152,57.14|50.0|50.0|50.0|50.0,上期所库存|社会库存|库存结构|库存结构|锂矿 外采 在途库存,上期所库存,57.14,FU00014980,模糊待人工确认,Y
THS-NI-4.3,NI,13,隐性库存（万吨）,SHFE库存|社库|li_43_inv_struct|li_43_inv_struct_2|wr178,57.14|50.0|50.0|50.0|50.0,上期所库存|社会库存|库存结构|库存结构|国内隐形库存拟合,上期所库存,57.14,FU00014980,模糊待人工确认,Y
THS-NI-4.3,NI,14,镍社会库存总量（含上期所、南储、隐性）,wr267|wr260|wr262|wr261|ni_41_lme_inv,86.67|70.91|52.0|48.75|43.33,镍铁库存|LME镍库存|LME镍库存分布：洲|LME镍库存分布：仓库|LME：镍：期货库存：迪拜（日）,镍铁库存,86.67,a12854683,高置信,Y
THS-NI-4.3,NI,15,SMM纯镍社会库存:三地总量,wr262|wr260|wr261|ni_41_lme_inv|ni_25_percentile_price,59.09|57.77|56.52|52.0|50.0,LME镍库存分布：洲|LME镍库存|LME镍库存分布：仓库|LME：镍：期货库存：迪拜（日）|SMM: 电解镍进口盈亏（沪伦价格差）: 日度,LME镍库存分布：洲,59.09,a12764460,模糊待人工确认,Y
THS-NI-4.3,NI,16,Mysteel中国精炼镍27库社会库存,wr242|ni_43_inv|ni_43_inv_4|ni_43_inv_implicit|ni_44_inv_2,50.0|43.33|43.33|43.33|43.33,中国精炼镍产量|精炼镍：库存：中国：27家样本仓库（周）|精炼镍：库存：中国：27家样本仓库（周）|精炼镍：库存：中国：27家样本仓库（周）|精炼镍：库存：中国：27家样本仓库（周）,中国精炼镍产量,50.0,ID01002085,模糊待人工确认,Y
THS-NI-4.3,NI,17,上海地区社会库存、广东地区社会库存、浙江地区社会库存,cu_43_social_stock_ec|i32|i34|i33|si_313_social_inv,36.84|31.82|31.82|27.27|24.24,铜杆：社会库存：华东地区（日）|SMM: 铅锭五地社会库存: 广东: 周度|SMM: 铅锭五地社会库存: 浙江: 周度|SMM: 铅锭五地社会库存: 江苏: 周度|工业硅社会库存,铜杆：社会库存：华东地区（日）,36.84,ID02041074,无候选/低置信,Y
THS-NI-4.3,NI,18,SMM纯镍社会库存:上海/广东/浙江,wr262|wr261|wr260|ni_41_lme_inv|ni_25_percentile_price,50.0|48.15|47.27|44.82|43.33,LME镍库存分布：洲|LME镍库存分布：仓库|LME镍库存|LME：镍：期货库存：迪拜（日）|SMM: 电解镍进口盈亏（沪伦价格差）: 日度,LME镍库存分布：洲,50.0,a12764460,模糊待人工确认,Y
THS-NI-4.3,NI,19,Mysteel中国精炼镍社会库存:上海/广东/浙江,wr242|wr262|ni_43_inv|ni_43_inv_4|ni_43_inv_implicit,43.33|39.39|39.0|39.0|39.0,中国精炼镍产量|LME镍库存分布：洲|精炼镍：库存：中国：27家样本仓库（周）|精炼镍：库存：中国：27家样本仓库（周）|精炼镍：库存：中国：27家样本仓库（周）,中国精炼镍产量,43.33,ID01002085,模糊待人工确认,Y
THS-NI-4.3,NI,20,镍社会库存总量、上期所镍仓单量,wr267|wr261|wr260|ni_44_inv|ni_43_inv,52.0|47.27|45.88|38.52|37.14,镍铁库存|LME镍库存分布：仓库|LME镍库存|镍豆：库存：中国：27家样本仓库（周）|精炼镍：库存：中国：27家样本仓库（周）,镍铁库存,52.0,a12854683,模糊待人工确认,Y
THS-NI-4.3,NI,21,SMM纯镍社会库存:三地总量、SMM纯镍社会库存:上期所,wr261|ni_21_lme_price|wr262|ni_41_lme_inv|wr260,44.58|39.56|38.23|35.14|34.67,LME镍库存分布：仓库|SMM: 进口盈亏: 镍: 现货: LME价格: 日度|LME镍库存分布：洲|LME：镍：期货库存：迪拜（日）|LME镍库存,LME镍库存分布：仓库,44.58,a10018441,模糊待人工确认,Y
THS-NI-4.3,NI,22,Mysteel中国精炼镍27库社会库存、Mysteel精炼镍仓单库存,wr261|wr242|ni_43_inv|ni_43_inv_4|ni_43_inv_implicit,34.67|31.71|30.59|30.59|30.59,LME镍库存分布：仓库|中国精炼镍产量|精炼镍：库存：中国：27家样本仓库（周）|精炼镍：库存：中国：27家样本仓库（周）|精炼镍：库存：中国：27家样本仓库（周）,LME镍库存分布：仓库,34.67,a10018441,无候选/低置信,Y
THS-NI-4.3,NI,23,镍社会库存总量、沪镍主力合约收盘价,ni_21_close_front|wr267|wr257|wr260|wr262,65.0|43.33|41.05|39.0|32.5,SHFE：镍：主力合约：收盘价（日）|镍铁库存|镍铁折镍价|LME镍库存|LME镍库存分布：洲,SHFE：镍：主力合约：收盘价（日）,65.0,FU00014997,模糊待人工确认,Y
THS-NI-4.3,NI,24,SMM纯镍社会库存:三地总量、沪镍主力合约收盘价,ni_21_close_front|wr262|wr261|ni_21_volume_front|ni_21_openinterest_front,66.86|41.94|40.62|39.0|39.0,SHFE：镍：主力合约：收盘价（日）|LME镍库存分布：洲|LME镍库存分布：仓库|SHFE：镍：主力合约：单边交易：成交量（日）|SHFE：镍：主力合约：单边交易：持仓量（日）,SHFE：镍：主力合约：收盘价（日）,66.86,FU00014997,模糊待人工确认,Y
THS-NI-4.3,NI,25,Mysteel中国精炼镍27库社会库存、沪镍主力合约收盘价,ni_21_close_front|wr242|ni_43_inv|ni_43_inv_4|ni_43_inv_implicit,43.33|37.14|34.67|34.67|34.67,SHFE：镍：主力合约：收盘价（日）|中国精炼镍产量|精炼镍：库存：中国：27家样本仓库（周）|精炼镍：库存：中国：27家样本仓库（周）|精炼镍：库存：中国：27家样本仓库（周）,SHFE：镍：主力合约：收盘价（日）,43.33,FU00014997,模糊待人工确认,Y
THS-NI-4.3,NI,26,在途库存、隐性库存,wr152|li_45_inv|wr54|SHFE库存|wr179,47.06|44.44|40.0|33.33|33.33,锂矿 外采 在途库存|碳酸锂库存中国（月）-隐性|氧化铝站台/在途库存-钢联|上期所库存|锡全球显性库存变化,锂矿 外采 在途库存,47.06,ID02093014,模糊待人工确认,Y
THS-NI-4.3,NI,27,SMM纯镍社会库存:在途/隐性,wr262|wr260|wr261|ni_41_lme_inv|ni_25_percentile_price,54.17|52.0|52.0|48.15|46.42,LME镍库存分布：洲|LME镍库存|LME镍库存分布：仓库|LME：镍：期货库存：迪拜（日）|SMM: 电解镍进口盈亏（沪伦价格差）: 日度,LME镍库存分布：洲,54.17,a12764460,模糊待人工确认,Y
THS-NI-4.3,NI,28,Mysteel中国精炼镍在途库存、隐性库存,wr242|ni_43_inv|ni_43_inv_4|ni_43_inv_implicit|ni_44_inv_2,46.42|41.05|41.05|41.05|41.05,中国精炼镍产量|精炼镍：库存：中国：27家样本仓库（周）|精炼镍：库存：中国：27家样本仓库（周）|精炼镍：库存：中国：27家样本仓库（周）|精炼镍：库存：中国：27家样本仓库（周）,中国精炼镍产量,46.42,ID01002085,模糊待人工确认,Y
THS-NI-4.3,NI,29,镍社会库存总量、LME镍库存,wr262|wr261|wr260|ni_41_lme_inv|ni_43_inv_2,70.91|67.82|65.0|62.4|59.99,LME镍库存分布：洲|LME镍库存分布：仓库|LME镍库存|LME：镍：期货库存：迪拜（日）|LME：镍：原产国库存：埃及（月）,LME镍库存分布：洲,70.91,a12764460,高置信,Y
THS-NI-4.3,NI,30,SMM纯镍社会库存:三地总量、LME镍库存,wr262|wr261|ni_21_lme_price|wr260|ni_41_lme_inv,53.79|52.0|50.73|41.05|40.62,LME镍库存分布：洲|LME镍库存分布：仓库|SMM: 进口盈亏: 镍: 现货: LME价格: 日度|LME镍库存|LME：镍：期货库存：迪拜（日）,LME镍库存分布：洲,53.79,a12764460,模糊待人工确认,Y
THS-NI-4.3,NI,31,Mysteel中国精炼镍27库社会库存、LME镍库存,wr262|wr261|ni_41_lme_inv|wr242|ni_43_inv_2,43.33|42.16|40.0|39.39|39.0,LME镍库存分布：洲|LME镍库存分布：仓库|LME：镍：期货库存：迪拜（日）|中国精炼镍产量|LME：镍：原产国库存：埃及（月）,LME镍库存分布：洲,43.33,a12764460,模糊待人工确认,Y
THS-NI-4.3,NI,32,LME Nickel Stock,wr260|ni_42_lme_warrant|wr262|wr261|ni_41_lme_inv,39.0|32.5|32.5|31.2|28.89,LME镍库存|LME：镍：注销仓单（日）|LME镍库存分布：洲|LME镍库存分布：仓库|LME：镍：期货库存：迪拜（日）,LME镍库存,39.0,a12764445,无候选/低置信,Y
THS-NI-4.4,NI,0,电解镍厂库存（万吨）,wr267|wr260|wr262|wr261|ni_41_lme_inv,78.0|65.0|48.75|45.88|41.05,镍铁库存|LME镍库存|LME镍库存分布：洲|LME镍库存分布：仓库|LME：镍：期货库存：迪拜（日）,镍铁库存,78.0,a12854683,高置信,Y
THS-NI-4.4,NI,1,电解镍厂库存天数（天）,wr267|wr260|wr262|wr261|ni_41_lme_inv,65.0|55.72|43.33|41.05|37.14,镍铁库存|LME镍库存|LME镍库存分布：洲|LME镍库存分布：仓库|LME：镍：期货库存：迪拜（日）,镍铁库存,65.0,a12854683,模糊待人工确认,Y
THS-NI-4.4,NI,2,镍铁厂库存（万吨）,wr267|wr260|wr256|wr257|wr262,100|70.91|57.77|52.0|52.0,镍铁库存|LME镍库存|镍铁价格（江苏，7%≤Ni≤13%）|镍铁折镍价|LME镍库存分布：洲,镍铁库存,100,a12854683,高置信,Y
THS-NI-4.4,NI,3,镍铁厂库存天数（天）,wr267|wr260|wr256|wr262|wr257,94.55|59.99|47.27|45.88|43.33,镍铁库存|LME镍库存|镍铁价格（江苏，7%≤Ni≤13%）|LME镍库存分布：洲|镍铁折镍价,镍铁库存,94.55,a12854683,高置信,Y
THS-NI-4.4,NI,4,高冰镍厂库存（万吨）,wr267|wr260|wr262|wr261|wr245,78.0|65.0|48.75|45.88|43.33,镍铁库存|LME镍库存|LME镍库存分布：洲|LME镍库存分布：仓库|印尼冰镍产量（分品味）,镍铁库存,78.0,a12854683,高置信,Y
THS-NI-4.4,NI,5,高冰镍厂库存天数（天）,wr267|wr260|ni_22_import|ni_313_import_2|ni_45_import,65.0|55.72|43.33|43.33|43.33,镍铁库存|LME镍库存|冰镍：进口数量合计：中国（月）|冰镍：进口数量合计：中国（月）|冰镍：进口数量合计：中国（月）,镍铁库存,65.0,a12854683,模糊待人工确认,Y
THS-NI-4.4,NI,6,精炼镍厂库存（万吨）,wr267|wr260|wr242|wr247|ni_43_inv,78.0|65.0|59.99|59.99|56.52,镍铁库存|LME镍库存|中国精炼镍产量|印尼精炼镍产量|精炼镍：库存：中国：27家样本仓库（周）,镍铁库存,78.0,a12854683,高置信,Y
THS-NI-4.4,NI,7,镍厂库存总量（万吨）,wr267|wr260|wr262|wr261|ni_41_lme_inv,97.5|78.0|55.72|52.0|45.88,镍铁库存|LME镍库存|LME镍库存分布：洲|LME镍库存分布：仓库|LME：镍：期货库存：迪拜（日）,镍铁库存,97.5,a12854683,高置信,Y
THS-NI-4.4,NI,8,近3年同月厂库存均值（万吨）,li_44_inv_smelt|si_43_inv|li_44_lc_inv_plant|wr130|i9,40.0|35.29|35.29|35.29|33.33,冶炼厂库存总量|工业硅工厂库存总量|碳酸锂工厂库存总量|碳酸锂 工厂库存|冶炼厂铅精矿库存,冶炼厂库存总量,40.0,a10097626,模糊待人工确认,Y
THS-NI-4.4,NI,9,近3年同月厂库存标准差（万吨）,wr172|li_44_inv_smelt|si_43_inv|li_44_lc_inv_plant|wr130,40.0|37.5|33.33|33.33|33.33,沪锡近半年月差变化|冶炼厂库存总量|工业硅工厂库存总量|碳酸锂工厂库存总量|碳酸锂 工厂库存,沪锡近半年月差变化,40.0,a12841510,模糊待人工确认,Y
THS-NI-4.4,NI,10,近1年厂库存分位（%）,li_44_inv_smelt|si_43_inv|li_44_lc_inv_plant|wr130|i9,46.15|40.0|40.0|40.0|37.5,冶炼厂库存总量|工业硅工厂库存总量|碳酸锂工厂库存总量|碳酸锂 工厂库存|冶炼厂铅精矿库存,冶炼厂库存总量,46.15,a10097626,模糊待人工确认,Y
THS-NI-4.4,NI,11,镍精矿TC（美元/吨干矿）,wr253|ni_61_import_nickel_ore|ni_61_import_nickel_ore_3|ni_73_nickel_ore_arrival|wr256,47.27|28.89|28.89|28.89|28.89,印尼镍矿价格（HPM 1.6%）|镍矿：进口数量：印尼→中国（月）|镍矿：进口数量：印尼→中国（月）|镍矿：到港量：菲律宾→中国（日）|镍铁价格（江苏，7%≤Ni≤13%）,印尼镍矿价格（HPM 1.6%）,47.27,s22793258,模糊待人工确认,Y
THS-NI-4.4,NI,12,沪镍主力合约收盘价（元/吨）,ni_21_close_front|wr256|wr254|wr257|ni_21_volume_front,82.73|43.33|40.0|40.0|38.52,SHFE：镍：主力合约：收盘价（日）|镍铁价格（江苏，7%≤Ni≤13%）|硫酸镍价格|镍铁折镍价|SHFE：镍：主力合约：单边交易：成交量（日）,SHFE：镍：主力合约：收盘价（日）,82.73,FU00014997,高置信,Y
THS-NI-4.4,NI,13,电解镍厂库存、电解镍厂库存天数,wr267|wr261|wr260|ni_44_inv|ni_43_inv,41.05|40.0|37.14|33.55|32.5,镍铁库存|LME镍库存分布：仓库|LME镍库存|镍豆：库存：中国：27家样本仓库（周）|精炼镍：库存：中国：27家样本仓库（周）,镍铁库存,41.05,a12854683,模糊待人工确认,Y
THS-NI-4.4,NI,14,SMM电解镍厂库存,wr260|ni_25_percentile_price|ni_25_percentile_price_2|ni_25_price|wr267,69.33|67.82|67.82|67.82|59.99,LME镍库存|SMM: 电解镍进口盈亏（沪伦价格差）: 日度|SMM: 电解镍进口盈亏（沪伦价格差）: 日度|SMM: 电解镍进口盈亏（沪伦价格差）: 日度|镍铁库存,LME镍库存,69.33,a12764445,模糊待人工确认,Y
THS-NI-4.4,NI,15,Mysteel电解镍厂库存,wr260|wr267|wr262|wr261|ni_41_lme_inv,54.74|45.88|45.21|43.33|40.0,LME镍库存|镍铁库存|LME镍库存分布：洲|LME镍库存分布：仓库|LME：镍：期货库存：迪拜（日）,LME镍库存,54.74,a12764445,模糊待人工确认,Y
THS-NI-4.4,NI,16,镍铁厂库存、镍铁厂库存天数,wr267|wr257|wr261|wr260|ni_44_inv,61.18|43.33|43.33|41.05|35.87,镍铁库存|镍铁折镍价|LME镍库存分布：仓库|LME镍库存|镍豆：库存：中国：27家样本仓库（周）,镍铁库存,61.18,a12854683,模糊待人工确认,Y
THS-NI-4.4,NI,17,SMM镍铁厂库存,wr267|wr260|wr262|wr261|ni_41_lme_inv,86.67|74.28|57.77|54.74|49.53,镍铁库存|LME镍库存|LME镍库存分布：洲|LME镍库存分布：仓库|LME：镍：期货库存：迪拜（日）,镍铁库存,86.67,a12854683,高置信,Y
THS-NI-4.4,NI,18,Mysteel镍铁厂库存,wr267|wr260|wr262|wr261|ni_41_lme_inv,65.0|57.77|47.27|45.21|41.6,镍铁库存|LME镍库存|LME镍库存分布：洲|LME镍库存分布：仓库|LME：镍：期货库存：迪拜（日）,镍铁库存,65.0,a12854683,模糊待人工确认,Y
THS-NI-4.4,NI,19,高冰镍厂库存、高冰镍厂库存天数,wr267|wr261|wr260|ni_44_inv|ni_43_inv,41.05|40.0|37.14|33.55|32.5,镍铁库存|LME镍库存分布：仓库|LME镍库存|镍豆：库存：中国：27家样本仓库（周）|精炼镍：库存：中国：27家样本仓库（周）,镍铁库存,41.05,a12854683,模糊待人工确认,Y
THS-NI-4.4,NI,20,SMM高冰镍厂库存,wr260|wr267|wr262|wr261|ni_41_lme_inv,69.33|59.99|54.74|52.0|47.27,LME镍库存|镍铁库存|LME镍库存分布：洲|LME镍库存分布：仓库|LME：镍：期货库存：迪拜（日）,LME镍库存,69.33,a12764445,模糊待人工确认,Y
THS-NI-4.4,NI,21,Mysteel高冰镍厂库存,wr260|wr267|wr262|wr261|ni_41_lme_inv,54.74|45.88|45.21|43.33|40.0,LME镍库存|镍铁库存|LME镍库存分布：洲|LME镍库存分布：仓库|LME：镍：期货库存：迪拜（日）,LME镍库存,54.74,a12764445,模糊待人工确认,Y
THS-NI-4.4,NI,22,电解镍厂库存、镍铁厂库存、高冰镍厂库存、精炼镍厂库存,ni_43_inv|ni_43_inv_4|ni_43_inv_implicit|ni_44_inv_2|ni_44_inv_days,30.24|30.24|30.24|30.24|30.24,精炼镍：库存：中国：27家样本仓库（周）|精炼镍：库存：中国：27家样本仓库（周）|精炼镍：库存：中国：27家样本仓库（周）|精炼镍：库存：中国：27家样本仓库（周）|精炼镍：库存：中国：27家样本仓库（周）,精炼镍：库存：中国：27家样本仓库（周）,30.24,ID01490913,无候选/低置信,Y
THS-NI-4.4,NI,23,SMM精炼镍厂库存:分工艺,ni_322_util_2|ni_322_util_3|ni_51_util|ni_51_util_battery|ni_51_util_cons,56.52|56.52|56.52|56.52|56.52,精炼镍：开工率：印尼（月）|精炼镍：开工率：印尼（月）|精炼镍：开工率：中国（月）|精炼镍：开工率：中国（月）|精炼镍：开工率：中国（月）,精炼镍：开工率：印尼（月）,56.52,ID02026188,模糊待人工确认,Y
THS-NI-4.4,NI,24,Mysteel精炼镍厂库存:分工艺,ni_322_util_2|ni_322_util_3|ni_51_util|ni_51_util_battery|ni_51_util_cons,48.15|48.15|48.15|48.15|48.15,精炼镍：开工率：印尼（月）|精炼镍：开工率：印尼（月）|精炼镍：开工率：中国（月）|精炼镍：开工率：中国（月）|精炼镍：开工率：中国（月）,精炼镍：开工率：印尼（月）,48.15,ID02026188,模糊待人工确认,Y
THS-NI-4.4,NI,25,镍厂库存总量、镍精矿TC,wr267|wr260|wr262|wr261|wr257,55.72|48.75|39.0|37.14|34.67,镍铁库存|LME镍库存|LME镍库存分布：洲|LME镍库存分布：仓库|镍铁折镍价,镍铁库存,55.72,a12854683,模糊待人工确认,Y
THS-NI-4.4,NI,26,SMM镍精矿TC、SMM镍厂库存总量,wr260|wr262|wr267|wr261|ni_41_lme_inv,47.27|40.0|39.0|38.52|35.87,LME镍库存|LME镍库存分布：洲|镍铁库存|LME镍库存分布：仓库|LME：镍：期货库存：迪拜（日）,LME镍库存,47.27,a12764445,模糊待人工确认,Y
THS-NI-4.4,NI,27,Mysteel镍精矿TC、Mysteel镍厂库存总量,wr260|wr262|wr261|ni_41_lme_inv|wr267,34.67|30.59|29.72|28.11|27.86,LME镍库存|LME镍库存分布：洲|LME镍库存分布：仓库|LME：镍：期货库存：迪拜（日）|镍铁库存,LME镍库存,34.67,a12764445,无候选/低置信,Y
THS-NI-4.5,NI,0,镍在途库存总量（万吨）,wr267|wr260|wr262|wr261|ni_41_lme_inv,86.67|70.91|52.0|48.75|43.33,镍铁库存|LME镍库存|LME镍库存分布：洲|LME镍库存分布：仓库|LME：镍：期货库存：迪拜（日）,镍铁库存,86.67,a12854683,高置信,Y
THS-NI-4.5,NI,1,进口在途量（万吨）,wr275|si_61_import_3|li_61_import_2|wr27|wr270,60.0|54.55|54.55|54.55|54.55,镍铁进口量|工业硅进口量|碳酸锂进口量|铝合金进口量|不锈钢进口量,镍铁进口量,60.0,CM0000138647,模糊待人工确认,Y
THS-NI-4.5,NI,2,船货在途量（万吨）,li_21_openinterest_futures|wr152|wr54|精炼产量|li_73_spot,30.77|30.77|25.0|22.22|20.0,碳酸锂期货持仓量|锂矿 外采 在途库存|氧化铝站台/在途库存-钢联|精炼产量|远期现货价,碳酸锂期货持仓量,30.77,j02803957,无候选/低置信,Y
THS-NI-4.5,NI,3,镍隐性库存总量（万吨）,wr267|wr260|wr262|wr261|ni_41_lme_inv,86.67|70.91|52.0|48.75|43.33,镍铁库存|LME镍库存|LME镍库存分布：洲|LME镍库存分布：仓库|LME：镍：期货库存：迪拜（日）,镍铁库存,86.67,a12854683,高置信,Y
THS-NI-4.5,NI,4,隐性库存占比（%）,SHFE库存|wr178|wr226|社库|li_43_inv_struct,44.44|42.86|42.86|40.0|40.0,上期所库存|国内隐形库存拟合|工业硅显性总库存|社会库存|库存结构,上期所库存,44.44,FU00014980,模糊待人工确认,Y
THS-NI-4.5,NI,5,印尼进口在途量（万吨）,wr190|wr275|wr182|si_61_import_3|li_61_import_2,57.14|50.0|47.06|46.15|46.15,印度锡净进口量|镍铁进口量|印尼精炼锡出口量变化|工业硅进口量|碳酸锂进口量,印度锡净进口量,57.14,a12840355,模糊待人工确认,Y
THS-NI-4.5,NI,6,菲律宾进口在途量（万吨）,wr275|si_61_import_3|li_61_import_2|wr27|wr270,46.15|42.86|42.86|42.86|42.86,镍铁进口量|工业硅进口量|碳酸锂进口量|铝合金进口量|不锈钢进口量,镍铁进口量,46.15,CM0000138647,模糊待人工确认,Y
THS-NI-4.5,NI,7,新喀里多尼亚进口在途量（万吨）,ni_314_import_5|ni_61_import_nickel_ore_5|ni_62_import_2|wr185|ni_311_output_nickel_ore_2,42.86|42.86|42.86|40.0|38.71,镍矿：进口数量：新喀里多尼亚→中国（月）|镍矿：进口数量：新喀里多尼亚→中国（月）|镍矿：进口数量：新喀里多尼亚→中国（月）|马来西亚锡矿进口量|USGS：镍矿：含镍：产量：新喀里多尼亚（年）,镍矿：进口数量：新喀里多尼亚→中国（月）,42.86,CM0000451009,模糊待人工确认,Y
THS-NI-4.5,NI,8,近3年同月隐性库存均值（万吨）,wr178|wr226|wr172|wr179|SHFE库存,31.58|31.58|30.0|30.0|28.57,国内隐形库存拟合|工业硅显性总库存|沪锡近半年月差变化|锡全球显性库存变化|上期所库存,国内隐形库存拟合,31.58,a10167095,无候选/低置信,Y
THS-NI-4.5,NI,9,近3年同月隐性库存标准差（万吨）,wr172|wr178|wr226|wr179|SHFE库存,38.1|30.0|30.0|28.57|26.67,沪锡近半年月差变化|国内隐形库存拟合|工业硅显性总库存|锡全球显性库存变化|上期所库存,沪锡近半年月差变化,38.1,a12841510,无候选/低置信,Y
THS-NI-4.5,NI,10,镍精矿TC（美元/吨干矿）,wr253|ni_61_import_nickel_ore|ni_61_import_nickel_ore_3|ni_73_nickel_ore_arrival|wr256,47.27|28.89|28.89|28.89|28.89,印尼镍矿价格（HPM 1.6%）|镍矿：进口数量：印尼→中国（月）|镍矿：进口数量：印尼→中国（月）|镍矿：到港量：菲律宾→中国（日）|镍铁价格（江苏，7%≤Ni≤13%）,印尼镍矿价格（HPM 1.6%）,47.27,s22793258,模糊待人工确认,Y
THS-NI-4.5,NI,11,上期所镍仓单量（手）,ni_42_lme_warrant|wr275|wr243|wr245|wr246,52.0|52.0|47.27|47.27|47.27,LME：镍：注销仓单（日）|镍铁进口量|中国镍铁产量|印尼冰镍产量（分品味）|印尼冰镍产量（高冰镍+低冰镍）,LME：镍：注销仓单（日）,52.0,FU00014818,模糊待人工确认,Y
THS-NI-4.5,NI,12,沪镍主力合约收盘价（元/吨）,ni_21_close_front|wr256|wr254|wr257|ni_21_volume_front,82.73|43.33|40.0|40.0|38.52,SHFE：镍：主力合约：收盘价（日）|镍铁价格（江苏，7%≤Ni≤13%）|硫酸镍价格|镍铁折镍价|SHFE：镍：主力合约：单边交易：成交量（日）,SHFE：镍：主力合约：收盘价（日）,82.73,FU00014997,高置信,Y
THS-NI-4.5,NI,13,近1年隐性库存分位（%）,wr178|wr226|SHFE库存|wr176|wr179,35.29|35.29|33.33|33.33|33.33,国内隐形库存拟合|工业硅显性总库存|上期所库存|LME库存分布变化|锡全球显性库存变化,国内隐形库存拟合,35.29,a10167095,无候选/低置信,Y
THS-NI-4.5,NI,14,镍在途库存总量、进口在途量、船货在途量,wr275|wr271|wr274|ni_22_import|ni_313_import_2,47.27|43.33|41.6|38.52|38.52,镍铁进口量|中国冰镍进口量|中国硫酸镍进口量|冰镍：进口数量合计：中国（月）|冰镍：进口数量合计：中国（月）,镍铁进口量,47.27,CM0000138647,模糊待人工确认,Y
THS-NI-4.5,NI,15,SMM纯镍社会库存:在途,wr262|wr260|wr261|ni_41_lme_inv|ni_25_percentile_price,59.09|57.77|56.52|52.0|50.0,LME镍库存分布：洲|LME镍库存|LME镍库存分布：仓库|LME：镍：期货库存：迪拜（日）|SMM: 电解镍进口盈亏（沪伦价格差）: 日度,LME镍库存分布：洲,59.09,a12764460,模糊待人工确认,Y
THS-NI-4.5,NI,16,Mysteel中国精炼镍在途库存,wr242|wr260|wr262|ni_43_inv|ni_43_inv_4,56.52|47.27|40.0|39.39|39.39,中国精炼镍产量|LME镍库存|LME镍库存分布：洲|精炼镍：库存：中国：27家样本仓库（周）|精炼镍：库存：中国：27家样本仓库（周）,中国精炼镍产量,56.52,ID01002085,模糊待人工确认,Y
THS-NI-4.5,NI,17,镍隐性库存总量、隐性库存占比,wr267|wr261|wr260|ni_44_inv|ni_43_inv,48.75|45.21|43.33|37.14|35.87,镍铁库存|LME镍库存分布：仓库|LME镍库存|镍豆：库存：中国：27家样本仓库（周）|精炼镍：库存：中国：27家样本仓库（周）,镍铁库存,48.75,a12854683,模糊待人工确认,Y
THS-NI-4.5,NI,18,SMM纯镍社会库存:隐性,wr262|wr260|wr261|ni_41_lme_inv|ni_25_percentile_price,59.09|57.77|56.52|52.0|50.0,LME镍库存分布：洲|LME镍库存|LME镍库存分布：仓库|LME：镍：期货库存：迪拜（日）|SMM: 电解镍进口盈亏（沪伦价格差）: 日度,LME镍库存分布：洲,59.09,a12764460,模糊待人工确认,Y
THS-NI-4.5,NI,19,Mysteel中国精炼镍隐性库存,wr242|wr260|wr262|ni_43_inv|ni_43_inv_4,56.52|47.27|40.0|39.39|39.39,中国精炼镍产量|LME镍库存|LME镍库存分布：洲|精炼镍：库存：中国：27家样本仓库（周）|精炼镍：库存：中国：27家样本仓库（周）,中国精炼镍产量,56.52,ID01002085,模糊待人工确认,Y
THS-NI-4.5,NI,20,印尼进口在途量、菲律宾进口在途量、新喀里多尼亚进口在途量,ni_314_import_5|ni_61_import_nickel_ore_5|ni_62_import_2|ni_311_output_nickel_ore_2|ni_314_import_4,40.0|40.0|40.0|29.17|28.57,镍矿：进口数量：新喀里多尼亚→中国（月）|镍矿：进口数量：新喀里多尼亚→中国（月）|镍矿：进口数量：新喀里多尼亚→中国（月）|USGS：镍矿：含镍：产量：新喀里多尼亚（年）|镍矿：进口数量：菲律宾→中国（月）,镍矿：进口数量：新喀里多尼亚→中国（月）,40.0,CM0000451009,模糊待人工确认,Y
THS-NI-4.5,NI,21,SMM进口镍在途量:分国别,ni_25_percentile_price|ni_25_percentile_price_2|ni_25_price|ni_22_import|ni_313_import_2,57.77|57.77|57.77|56.52|56.52,SMM: 电解镍进口盈亏（沪伦价格差）: 日度|SMM: 电解镍进口盈亏（沪伦价格差）: 日度|SMM: 电解镍进口盈亏（沪伦价格差）: 日度|冰镍：进口数量合计：中国（月）|冰镍：进口数量合计：中国（月）,SMM: 电解镍进口盈亏（沪伦价格差）: 日度,57.77,a10000206,模糊待人工确认,Y
THS-NI-4.5,NI,22,Mysteel进口镍在途量:分国别,ni_22_import|ni_313_import_2|ni_45_import|ni_45_import_3|ni_45_import_4,48.15|48.15|48.15|48.15|48.15,冰镍：进口数量合计：中国（月）|冰镍：进口数量合计：中国（月）|冰镍：进口数量合计：中国（月）|冰镍：进口数量合计：中国（月）|冰镍：进口数量合计：中国（月）,冰镍：进口数量合计：中国（月）,48.15,ID01364224,模糊待人工确认,Y
THS-NI-4.5,NI,23,镍在途库存总量、镍精矿TC,wr267|wr260|wr262|wr261|ni_41_lme_inv,52.0|45.88|37.14|35.45|32.5,镍铁库存|LME镍库存|LME镍库存分布：洲|LME镍库存分布：仓库|LME：镍：期货库存：迪拜（日）,镍铁库存,52.0,a12854683,模糊待人工确认,Y
THS-NI-4.5,NI,24,SMM镍精矿TC、SMM纯镍社会库存:在途,wr262|wr261|wr260|ni_41_lme_inv|ni_25_percentile_price,41.94|40.62|38.52|38.23|37.14,LME镍库存分布：洲|LME镍库存分布：仓库|LME镍库存|LME：镍：期货库存：迪拜（日）|SMM: 电解镍进口盈亏（沪伦价格差）: 日度,LME镍库存分布：洲,41.94,a12764460,模糊待人工确认,Y
THS-NI-4.5,NI,25,Mysteel镍精矿TC、Mysteel中国精炼镍在途库存,wr242|ni_43_inv_2|ni_43_inv_3|ni_43_inv_percentile|wr260,36.11|30.24|30.24|30.24|29.72,中国精炼镍产量|LME：镍：原产国库存：埃及（月）|LME：镍：原产国库存：埃及（月）|LME：镍：原产国库存：埃及（月）|LME镍库存,中国精炼镍产量,36.11,ID01002085,无候选/低置信,Y
THS-NI-4.5,NI,26,镍隐性库存总量、上期所镍仓单量,wr267|wr261|wr260|ni_44_inv|ni_43_inv,52.0|47.27|45.88|38.52|37.14,镍铁库存|LME镍库存分布：仓库|LME镍库存|镍豆：库存：中国：27家样本仓库（周）|精炼镍：库存：中国：27家样本仓库（周）,镍铁库存,52.0,a12854683,模糊待人工确认,Y
THS-NI-4.5,NI,27,SMM纯镍社会库存:隐性、SMM纯镍社会库存:上期所,wr261|ni_21_lme_price|wr262|ni_41_lme_inv|wr260,44.58|39.56|38.23|35.14|34.67,LME镍库存分布：仓库|SMM: 进口盈亏: 镍: 现货: LME价格: 日度|LME镍库存分布：洲|LME：镍：期货库存：迪拜（日）|LME镍库存,LME镍库存分布：仓库,44.58,a10018441,模糊待人工确认,Y
THS-NI-4.5,NI,28,Mysteel中国精炼镍隐性库存、Mysteel精炼镍仓单库存,ni_43_inv|ni_43_inv_4|ni_43_inv_implicit|ni_44_inv_2|ni_44_inv_days,37.92|37.92|37.92|37.92|37.92,精炼镍：库存：中国：27家样本仓库（周）|精炼镍：库存：中国：27家样本仓库（周）|精炼镍：库存：中国：27家样本仓库（周）|精炼镍：库存：中国：27家样本仓库（周）|精炼镍：库存：中国：27家样本仓库（周）,精炼镍：库存：中国：27家样本仓库（周）,37.92,ID01490913,无候选/低置信,Y
THS-NI-4.5,NI,29,镍在途库存总量、沪镍主力合约收盘价,ni_21_close_front|wr267|wr257|wr260|wr262,65.0|43.33|41.05|39.0|32.5,SHFE：镍：主力合约：收盘价（日）|镍铁库存|镍铁折镍价|LME镍库存|LME镍库存分布：洲,SHFE：镍：主力合约：收盘价（日）,65.0,FU00014997,模糊待人工确认,Y
THS-NI-4.5,NI,30,SMM纯镍社会库存:在途、沪镍主力合约收盘价,ni_21_close_front|wr262|wr261|ni_21_volume_front|ni_21_openinterest_front,66.86|41.94|40.62|39.0|39.0,SHFE：镍：主力合约：收盘价（日）|LME镍库存分布：洲|LME镍库存分布：仓库|SHFE：镍：主力合约：单边交易：成交量（日）|SHFE：镍：主力合约：单边交易：持仓量（日）,SHFE：镍：主力合约：收盘价（日）,66.86,FU00014997,模糊待人工确认,Y
THS-NI-4.5,NI,31,Mysteel中国精炼镍在途库存、沪镍主力合约收盘价,ni_21_close_front|wr242|wr260|ni_43_inv|ni_43_inv_4,46.67|40.62|33.55|30.95|30.95,SHFE：镍：主力合约：收盘价（日）|中国精炼镍产量|LME镍库存|精炼镍：库存：中国：27家样本仓库（周）|精炼镍：库存：中国：27家样本仓库（周）,SHFE：镍：主力合约：收盘价（日）,46.67,FU00014997,模糊待人工确认,Y
THS-NI-4.5,NI,32,具体执行,li_51_util|li_51_util_ternary_2|si_51_output_yoy_silicone_monomer|wr29|li_53_output,18.18|18.18|18.18|18.18|16.67,三元前驱体开工率|三元前驱体开工率|有机硅单体产量同比|氧化铝运行产能|三元前驱体产量华东,三元前驱体开工率,18.18,a12775149,无候选/低置信,Y
THS-NI-5.1,NI,0,不锈钢开工率（%）,wr235|wr252|wr263|开工率|li_51_util_ternary,54.55|54.55|54.55|50.0|50.0,硅片开工率|不锈钢基差|不锈钢仓单|开工率|三元材料开工率,硅片开工率,54.55,a10169445,模糊待人工确认,Y
THS-NI-5.1,NI,1,不锈钢排产计划（万吨）,wr252|wr263|wr237|wr269|wr270,50.0|50.0|47.06|46.15|46.15,不锈钢基差|不锈钢仓单|不锈钢产量：300系（印尼）|不锈钢出口量|不锈钢进口量,不锈钢基差,50.0,FU00024325,模糊待人工确认,Y
THS-NI-5.1,NI,2,电池级镍开工率（%）,ni_322_util_2|ni_322_util_3|ni_51_util|ni_51_util_battery|ni_51_util_cons,61.18|61.18|61.18|61.18|61.18,精炼镍：开工率：印尼（月）|精炼镍：开工率：印尼（月）|精炼镍：开工率：中国（月）|精炼镍：开工率：中国（月）|精炼镍：开工率：中国（月）,精炼镍：开工率：印尼（月）,61.18,ID02026188,模糊待人工确认,Y
THS-NI-5.1,NI,3,动力电池排产计划（万吨）,wr239|li_52_idx|wr240|wr140|li_52_battery,55.56|53.33|47.62|44.44|42.11,中国动力电池产量：三元|动力电池装车量|中国动力电池产量：磷酸铁锂|动力电池 出口:三元材料|动力电池装车量宁德时代（月）,中国动力电池产量：三元,55.56,ID00188827,模糊待人工确认,Y
THS-NI-5.1,NI,4,电镀镍开工率（%）,ni_322_util_2|ni_322_util_3|ni_51_util|ni_51_util_battery|ni_51_util_cons,65.0|65.0|65.0|65.0|65.0,精炼镍：开工率：印尼（月）|精炼镍：开工率：印尼（月）|精炼镍：开工率：中国（月）|精炼镍：开工率：中国（月）|精炼镍：开工率：中国（月）,精炼镍：开工率：印尼（月）,65.0,ID02026188,模糊待人工确认,Y
THS-NI-5.1,NI,5,电镀镍排产计划（万吨）,wr243|wr245|wr246|wr248|wr241,40.0|40.0|40.0|40.0|37.14,中国镍铁产量|印尼冰镍产量（分品味）|印尼冰镍产量（高冰镍+低冰镍）|印尼镍铁产量|中国硫酸镍产量,中国镍铁产量,40.0,ID01002124,模糊待人工确认,Y
THS-NI-5.1,NI,6,镍合金开工率（%）,ni_322_util_2|ni_322_util_3|ni_51_util|ni_51_util_battery|ni_51_util_cons,65.0|65.0|65.0|65.0|65.0,精炼镍：开工率：印尼（月）|精炼镍：开工率：印尼（月）|精炼镍：开工率：中国（月）|精炼镍：开工率：中国（月）|精炼镍：开工率：中国（月）,精炼镍：开工率：印尼（月）,65.0,ID02026188,模糊待人工确认,Y
THS-NI-5.1,NI,7,镍合金排产计划（万吨）,wr243|wr245|wr246|wr248|wr241,40.0|40.0|40.0|40.0|37.14,中国镍铁产量|印尼冰镍产量（分品味）|印尼冰镍产量（高冰镍+低冰镍）|印尼镍铁产量|中国硫酸镍产量,中国镍铁产量,40.0,ID01002124,模糊待人工确认,Y
THS-NI-5.1,NI,8,镍初级消费开工率（%）,ni_322_util_2|ni_322_util_3|ni_51_util|ni_51_util_battery|ni_51_util_cons,57.77|57.77|57.77|57.77|57.77,精炼镍：开工率：印尼（月）|精炼镍：开工率：印尼（月）|精炼镍：开工率：中国（月）|精炼镍：开工率：中国（月）|精炼镍：开工率：中国（月）,精炼镍：开工率：印尼（月）,57.77,ID02026188,模糊待人工确认,Y
THS-NI-5.1,NI,9,近3年同月开工率均值（%）,wr235|wr93|li_51_util_ternary|wr57|wr197,40.0|38.1|37.5|37.5|37.5,硅片开工率|SMM 碳酸锂 月度开工率|三元材料开工率|氧化铝开工率|国内锡开工率,硅片开工率,40.0,a10169445,模糊待人工确认,Y
THS-NI-5.1,NI,10,近3年同月开工率标准差（%）,wr172|wr235|wr93|li_51_util_ternary|wr57,40.0|37.5|36.36|35.29|35.29,沪锡近半年月差变化|硅片开工率|SMM 碳酸锂 月度开工率|三元材料开工率|氧化铝开工率,沪锡近半年月差变化,40.0,a12841510,模糊待人工确认,Y
THS-NI-5.1,NI,11,沪镍主力合约收盘价（元/吨）,ni_21_close_front|wr256|wr254|wr257|ni_21_volume_front,82.73|43.33|40.0|40.0|38.52,SHFE：镍：主力合约：收盘价（日）|镍铁价格（江苏，7%≤Ni≤13%）|硫酸镍价格|镍铁折镍价|SHFE：镍：主力合约：单边交易：成交量（日）,SHFE：镍：主力合约：收盘价（日）,82.73,FU00014997,高置信,Y
THS-NI-5.1,NI,12,镍精矿TC（美元/吨干矿）,wr253|ni_61_import_nickel_ore|ni_61_import_nickel_ore_3|ni_73_nickel_ore_arrival|wr256,47.27|28.89|28.89|28.89|28.89,印尼镍矿价格（HPM 1.6%）|镍矿：进口数量：印尼→中国（月）|镍矿：进口数量：印尼→中国（月）|镍矿：到港量：菲律宾→中国（日）|镍铁价格（江苏，7%≤Ni≤13%）,印尼镍矿价格（HPM 1.6%）,47.27,s22793258,模糊待人工确认,Y
THS-NI-5.1,NI,13,精炼镍开工率,ni_322_util_2|ni_322_util_3|ni_51_util|ni_51_util_battery|ni_51_util_cons,97.5|97.5|97.5|97.5|97.5,精炼镍：开工率：印尼（月）|精炼镍：开工率：印尼（月）|精炼镍：开工率：中国（月）|精炼镍：开工率：中国（月）|精炼镍：开工率：中国（月）,精炼镍：开工率：印尼（月）,97.5,ID02026188,高置信,Y
THS-NI-5.1,NI,14,精炼镍产量,ni_311_output|ni_311_output_2|ni_311_output_3|ni_312_output_2|ni_312_output_3,92.86|92.86|92.86|92.86|92.86,精炼镍：产量：印尼（月）|精炼镍：产量：印尼（月）|精炼镍：产量：中国（月）|精炼镍：产量：印尼（月）|精炼镍：产量：印尼（月）,精炼镍：产量：印尼（月）,92.86,ID02026189,高置信,Y
THS-NI-5.1,NI,15,不锈钢开工率,wr235|wr252|wr263|开工率|li_51_util_ternary,54.55|54.55|54.55|50.0|50.0,硅片开工率|不锈钢基差|不锈钢仓单|开工率|三元材料开工率,硅片开工率,54.55,a10169445,模糊待人工确认,Y
THS-NI-5.1,NI,16,精炼镍开工率、精炼镍产量,ni_322_util_2|ni_322_util_3|ni_51_util|ni_51_util_battery|ni_51_util_cons,70.91|70.91|70.91|70.91|70.91,精炼镍：开工率：印尼（月）|精炼镍：开工率：印尼（月）|精炼镍：开工率：中国（月）|精炼镍：开工率：中国（月）|精炼镍：开工率：中国（月）,精炼镍：开工率：印尼（月）,70.91,ID02026188,高置信,Y
THS-NI-5.1,NI,17,精炼镍开工率、沪镍主力合约收盘价,ni_21_close_front|ni_322_util_2|ni_322_util_3|ni_51_util|ni_51_util_battery,62.76|62.4|62.4|62.4|62.4,SHFE：镍：主力合约：收盘价（日）|精炼镍：开工率：印尼（月）|精炼镍：开工率：印尼（月）|精炼镍：开工率：中国（月）|精炼镍：开工率：中国（月）,SHFE：镍：主力合约：收盘价（日）,62.76,FU00014997,模糊待人工确认,Y
THS-NI-5.2,NI,0,不锈钢终端产量（万吨）,wr269|wr270|wr237|wr238|wr252,61.54|61.54|58.82|52.63|50.0,不锈钢出口量|不锈钢进口量|不锈钢产量：300系（印尼）|不锈钢粗钢产量：300系（中国）|不锈钢基差,不锈钢出口量,61.54,a12820603,模糊待人工确认,Y
THS-NI-5.2,NI,1,不锈钢表观消费（万吨）,ni_52_cons_steel|表观消费|si_51_apparent_cons|si_51_cons_apparent|li_53_lc_cons_apparent,73.68|57.14|53.33|53.33|53.33,不锈钢：表观消费量：中国（月）|表观消费|有机硅表观消费量|工业硅表观消费量|碳酸锂表观消费量,不锈钢：表观消费量：中国（月）,73.68,ID01002056,高置信,Y
THS-NI-5.2,NI,2,动力电池排产计划（万吨）,wr239|li_52_idx|wr240|wr140|li_52_battery,55.56|53.33|47.62|44.44|42.11,中国动力电池产量：三元|动力电池装车量|中国动力电池产量：磷酸铁锂|动力电池 出口:三元材料|动力电池装车量宁德时代（月）,中国动力电池产量：三元,55.56,ID00188827,模糊待人工确认,Y
THS-NI-5.2,NI,3,动力电池终端产量（万吨）,li_52_idx|wr239|wr240|li_52_battery|li_35_battery_lc_output,66.67|66.67|57.14|52.63|50.0,动力电池装车量|中国动力电池产量：三元|中国动力电池产量：磷酸铁锂|动力电池装车量宁德时代（月）|电池级碳酸锂产量,动力电池装车量,66.67,ID01660879,模糊待人工确认,Y
THS-NI-5.2,NI,4,电镀镍终端消费量（万吨）,wr275|wr243|wr245|wr246|wr248,40.0|37.14|37.14|37.14|37.14,镍铁进口量|中国镍铁产量|印尼冰镍产量（分品味）|印尼冰镍产量（高冰镍+低冰镍）|印尼镍铁产量,镍铁进口量,40.0,CM0000138647,模糊待人工确认,Y
THS-NI-5.2,NI,5,电镀镍排产计划（万吨）,wr243|wr245|wr246|wr248|wr241,40.0|40.0|40.0|40.0|37.14,中国镍铁产量|印尼冰镍产量（分品味）|印尼冰镍产量（高冰镍+低冰镍）|印尼镍铁产量|中国硫酸镍产量,中国镍铁产量,40.0,ID01002124,模糊待人工确认,Y
THS-NI-5.2,NI,6,镍合金终端产量（万吨）,wr243|wr245|wr246|wr248|wr241,59.99|59.99|59.99|59.99|55.72,中国镍铁产量|印尼冰镍产量（分品味）|印尼冰镍产量（高冰镍+低冰镍）|印尼镍铁产量|中国硫酸镍产量,中国镍铁产量,59.99,ID01002124,模糊待人工确认,Y
THS-NI-5.2,NI,7,镍合金排产计划（万吨）,wr243|wr245|wr246|wr248|wr241,40.0|40.0|40.0|40.0|37.14,中国镍铁产量|印尼冰镍产量（分品味）|印尼冰镍产量（高冰镍+低冰镍）|印尼镍铁产量|中国硫酸镍产量,中国镍铁产量,40.0,ID01002124,模糊待人工确认,Y
THS-NI-5.2,NI,8,镍终端消费总量（万吨）,wr256|wr267|wr254|wr257|wr275,28.89|28.89|26.0|26.0|26.0,镍铁价格（江苏，7%≤Ni≤13%）|镍铁库存|硫酸镍价格|镍铁折镍价|镍铁进口量,镍铁价格（江苏，7%≤Ni≤13%）,28.89,ID00185681,无候选/低置信,Y
THS-NI-5.2,NI,9,近3年同月终端消费均值（万吨）,si_52_cons|wr172|cu_5_2_consumption_4|wr21|表观消费,42.11|30.0|27.59|27.27|26.67,工业硅终端消费量|沪锡近半年月差变化|SMM: 电解铝平衡: 终端消费量: 月度|SHFE铝近3月虚实比|表观消费,工业硅终端消费量,42.11,a12715181,模糊待人工确认,Y
THS-NI-5.2,NI,10,近3年同月终端消费标准差（万吨）,si_52_cons|wr172|cu_5_2_consumption_4|wr21|cu_00_cons,40.0|38.1|26.67|26.09|25.81,工业硅终端消费量|沪锡近半年月差变化|SMM: 电解铝平衡: 终端消费量: 月度|SHFE铝近3月虚实比|美国铜发展协会：裸铜线：可供量终端消费（年）,工业硅终端消费量,40.0,a12715181,模糊待人工确认,Y
THS-NI-5.2,NI,11,沪镍主力合约收盘价（元/吨）,ni_21_close_front|wr256|wr254|wr257|ni_21_volume_front,82.73|43.33|40.0|40.0|38.52,SHFE：镍：主力合约：收盘价（日）|镍铁价格（江苏，7%≤Ni≤13%）|硫酸镍价格|镍铁折镍价|SHFE：镍：主力合约：单边交易：成交量（日）,SHFE：镍：主力合约：收盘价（日）,82.73,FU00014997,高置信,Y
THS-NI-5.2,NI,12,镍精矿TC（美元/吨干矿）,wr253|ni_61_import_nickel_ore|ni_61_import_nickel_ore_3|ni_73_nickel_ore_arrival|wr256,47.27|28.89|28.89|28.89|28.89,印尼镍矿价格（HPM 1.6%）|镍矿：进口数量：印尼→中国（月）|镍矿：进口数量：印尼→中国（月）|镍矿：到港量：菲律宾→中国（日）|镍铁价格（江苏，7%≤Ni≤13%）,印尼镍矿价格（HPM 1.6%）,47.27,s22793258,模糊待人工确认,Y
THS-NI-5.2,NI,13,不锈钢表观消费量,ni_52_cons_steel|si_51_apparent_cons|si_51_cons_apparent|li_53_lc_cons_apparent|li_53_apparent_cons,80.0|62.5|62.5|62.5|58.82,不锈钢：表观消费量：中国（月）|有机硅表观消费量|工业硅表观消费量|碳酸锂表观消费量|氢氧化锂表观消费量,不锈钢：表观消费量：中国（月）,80.0,ID01002056,高置信,Y
THS-NI-5.2,NI,14,三元电池排产,li_35_battery_lc_output|wr239|wr135|li_52_idx|li_73_raw,46.15|40.0|36.36|33.33|33.33,电池级碳酸锂产量|中国动力电池产量：三元|三元材料 总产量|动力电池装车量|碳酸锂(盐湖卤水原料)下月排产,电池级碳酸锂产量,46.15,a12715549,模糊待人工确认,Y
THS-NI-5.2,NI,15,不锈钢表观消费量、三元电池排产,ni_52_cons_steel|si_51_apparent_cons|si_51_cons_apparent|li_53_lc_cons_apparent|li_53_apparent_cons,61.54|45.45|45.45|45.45|43.48,不锈钢：表观消费量：中国（月）|有机硅表观消费量|工业硅表观消费量|碳酸锂表观消费量|氢氧化锂表观消费量,不锈钢：表观消费量：中国（月）,61.54,ID01002056,模糊待人工确认,Y
THS-NI-5.2,NI,16,不锈钢表观消费量、沪镍主力合约收盘价,ni_21_close_front|ni_21_volume_front|ni_21_openinterest_front|ni_26_openinterest_top20_front|ni_26_openinterest_top20_front_2,58.71|28.89|28.89|28.89|28.89,SHFE：镍：主力合约：收盘价（日）|SHFE：镍：主力合约：单边交易：成交量（日）|SHFE：镍：主力合约：单边交易：持仓量（日）|SHFE：镍：主力合约：单边交易：持仓量（日）|SHFE：镍：主力合约：单边交易：持仓量（日）,SHFE：镍：主力合约：收盘价（日）,58.71,FU00014997,模糊待人工确认,Y
THS-NI-5.2,NI,17,三元电池排产、沪镍主力合约收盘价,ni_21_close_front|ni_21_volume_front|ni_21_openinterest_front|ni_26_openinterest_top20_front|ni_26_openinterest_top20_front_2,65.0|31.51|31.51|31.51|31.51,SHFE：镍：主力合约：收盘价（日）|SHFE：镍：主力合约：单边交易：成交量（日）|SHFE：镍：主力合约：单边交易：持仓量（日）|SHFE：镍：主力合约：单边交易：持仓量（日）|SHFE：镍：主力合约：单边交易：持仓量（日）,SHFE：镍：主力合约：收盘价（日）,65.0,FU00014997,模糊待人工确认,Y
THS-NI-5.3,NI,0,不锈钢排产计划（万吨）,wr252|wr263|wr237|wr269|wr270,50.0|50.0|47.06|46.15|46.15,不锈钢基差|不锈钢仓单|不锈钢产量：300系（印尼）|不锈钢出口量|不锈钢进口量,不锈钢基差,50.0,FU00024325,模糊待人工确认,Y
THS-NI-5.3,NI,1,不锈钢开工率（%）,wr235|wr252|wr263|开工率|li_51_util_ternary,54.55|54.55|54.55|50.0|50.0,硅片开工率|不锈钢基差|不锈钢仓单|开工率|三元材料开工率,硅片开工率,54.55,a10169445,模糊待人工确认,Y
THS-NI-5.3,NI,2,动力电池排产计划（万吨）,wr239|li_52_idx|wr240|wr140|li_52_battery,55.56|53.33|47.62|44.44|42.11,中国动力电池产量：三元|动力电池装车量|中国动力电池产量：磷酸铁锂|动力电池 出口:三元材料|动力电池装车量宁德时代（月）,中国动力电池产量：三元,55.56,ID00188827,模糊待人工确认,Y
THS-NI-5.3,NI,3,动力电池开工率（%）,li_52_idx|j51_util|wr235|wr140|wr239,57.14|52.63|50.0|47.06|47.06,动力电池装车量|SMM 铅蓄电池开工率: 总|硅片开工率|动力电池 出口:三元材料|中国动力电池产量：三元,动力电池装车量,57.14,ID01660879,模糊待人工确认,Y
THS-NI-5.3,NI,4,电镀镍订单量（万吨）,wr275|wr243|wr245|wr246|wr248,47.27|43.33|43.33|43.33|43.33,镍铁进口量|中国镍铁产量|印尼冰镍产量（分品味）|印尼冰镍产量（高冰镍+低冰镍）|印尼镍铁产量,镍铁进口量,47.27,CM0000138647,模糊待人工确认,Y
THS-NI-5.3,NI,5,电镀镍开工率（%）,ni_322_util_2|ni_322_util_3|ni_51_util|ni_51_util_battery|ni_51_util_cons,65.0|65.0|65.0|65.0|65.0,精炼镍：开工率：印尼（月）|精炼镍：开工率：印尼（月）|精炼镍：开工率：中国（月）|精炼镍：开工率：中国（月）|精炼镍：开工率：中国（月）,精炼镍：开工率：印尼（月）,65.0,ID02026188,模糊待人工确认,Y
THS-NI-5.3,NI,6,镍合金排产计划（万吨）,wr243|wr245|wr246|wr248|wr241,40.0|40.0|40.0|40.0|37.14,中国镍铁产量|印尼冰镍产量（分品味）|印尼冰镍产量（高冰镍+低冰镍）|印尼镍铁产量|中国硫酸镍产量,中国镍铁产量,40.0,ID01002124,模糊待人工确认,Y
THS-NI-5.3,NI,7,镍合金开工率（%）,ni_322_util_2|ni_322_util_3|ni_51_util|ni_51_util_battery|ni_51_util_cons,65.0|65.0|65.0|65.0|65.0,精炼镍：开工率：印尼（月）|精炼镍：开工率：印尼（月）|精炼镍：开工率：中国（月）|精炼镍：开工率：中国（月）|精炼镍：开工率：中国（月）,精炼镍：开工率：印尼（月）,65.0,ID02026188,模糊待人工确认,Y
THS-NI-5.3,NI,8,镍需求先行指标总量（万吨）,ni_311_capacity|ni_32_demand_h2so4_nickel_powder|ni_32_demand_recycle_h2so4|wr256|wr267,28.89|27.86|26.0|23.63|23.63,精炼镍：运行产能：印尼（月）|硫酸镍：产品生产工序：高冰镍（以金属量计）：需求量：中国（月）|硫酸镍：产品生产工序：再生镍废料（以金属量计）：需求量：中国（月）|镍铁价格（江苏，7%≤Ni≤13%）|镍铁库存,精炼镍：运行产能：印尼（月）,28.89,ID02026190,无候选/低置信,Y
THS-NI-5.3,NI,9,近3年同月先行指标均值（万吨）,wr172|wr21|li_24_close_near_2|j23_lme_0to3|sn_23_lme_close_3m,30.0|27.27|23.53|19.05|19.05,沪锡近半年月差变化|SHFE铝近3月虚实比|近月合约收盘价|LME 铅0-3月升贴水|锡：3个月合约：收盘价（日）,沪锡近半年月差变化,30.0,a12841510,无候选/低置信,Y
THS-NI-5.3,NI,10,近3年同月先行指标标准差（万吨）,wr172|wr21|li_24_close_near_2|si_23_spread_futures|li_24_spread_futures,38.1|26.09|22.22|21.05|21.05,沪锡近半年月差变化|SHFE铝近3月虚实比|近月合约收盘价|工业硅期货月差|碳酸锂期货月差,沪锡近半年月差变化,38.1,a12841510,无候选/低置信,Y
THS-NI-5.3,NI,11,镍进口量（万吨）,wr275|ni_22_import|ni_313_import_2|ni_45_import|ni_45_import_3,100|74.28|74.28|74.28|74.28,镍铁进口量|冰镍：进口数量合计：中国（月）|冰镍：进口数量合计：中国（月）|冰镍：进口数量合计：中国（月）|冰镍：进口数量合计：中国（月）,镍铁进口量,100,CM0000138647,高置信,Y
THS-NI-5.3,NI,12,镍进口盈亏（元/吨）,ni_41_import|ni_61_import_3|ni_62_import|wr275|ni_32_import_nickel_ferrous,100|100|100|78.0|68.42,镍豆：进口盈亏（日）|镍豆：进口盈亏（日）|镍豆：进口盈亏（日）|镍铁进口量|镍铁：印尼产：进口盈亏：中国（日）,镍豆：进口盈亏（日）,100,ID00408378,高置信,Y
THS-NI-5.3,NI,13,LME镍库存（手）,wr260|ni_41_lme_inv|ni_43_inv_2|ni_43_inv_3|ni_43_inv_percentile,100|82.11|78.0|78.0|78.0,LME镍库存|LME：镍：期货库存：迪拜（日）|LME：镍：原产国库存：埃及（月）|LME：镍：原产国库存：埃及（月）|LME：镍：原产国库存：埃及（月）,LME镍库存,100,a12764445,高置信,Y
THS-NI-5.3,NI,14,上期所镍仓单量（手）,ni_42_lme_warrant|wr275|wr243|wr245|wr246,52.0|52.0|47.27|47.27|47.27,LME：镍：注销仓单（日）|镍铁进口量|中国镍铁产量|印尼冰镍产量（分品味）|印尼冰镍产量（高冰镍+低冰镍）,LME：镍：注销仓单（日）,52.0,FU00014818,模糊待人工确认,Y
THS-NI-5.3,NI,15,LME镍库存,wr260|ni_41_lme_inv|ni_43_inv_2|ni_43_inv_3|ni_43_inv_percentile,100|82.11|78.0|78.0|78.0,LME镍库存|LME：镍：期货库存：迪拜（日）|LME：镍：原产国库存：埃及（月）|LME：镍：原产国库存：埃及（月）|LME：镍：原产国库存：埃及（月）,LME镍库存,100,a12764445,高置信,Y
THS-NI-5.3,NI,16,LME镍库存（LME镍库存）,wr260|ni_41_lme_inv|ni_43_inv_2|ni_43_inv_3|ni_43_inv_percentile,100|82.11|78.0|78.0|78.0,LME镍库存|LME：镍：期货库存：迪拜（日）|LME：镍：原产国库存：埃及（月）|LME：镍：原产国库存：埃及（月）|LME：镍：原产国库存：埃及（月）,LME镍库存,100,a12764445,高置信,Y
THS-NI-5.3,NI,17,LME镍注册仓单,ni_42_lme_warrant|wr260|wr261|ni_42_ratio|wr262,100|74.28|68.42|61.91|57.77,LME：镍：注销仓单（日）|LME镍库存|LME镍库存分布：仓库|LME：镍：注销占比：香港（日）|LME镍库存分布：洲,LME：镍：注销仓单（日）,100,FU00014818,高置信,Y
THS-NI-5.3,NI,18,LME镍注册仓单（LME镍注册仓单）,ni_42_lme_warrant|wr260|wr261|ni_42_ratio|wr262,100|74.28|68.42|61.91|57.77,LME：镍：注销仓单（日）|LME镍库存|LME镍库存分布：仓库|LME：镍：注销占比：香港（日）|LME镍库存分布：洲,LME：镍：注销仓单（日）,100,FU00014818,高置信,Y
THS-NI-5.3,NI,19,LME镍注销仓单,ni_42_lme_warrant|ni_42_ratio|wr260|wr261|wr262,100|74.28|74.28|68.42|57.77,LME：镍：注销仓单（日）|LME：镍：注销占比：香港（日）|LME镍库存|LME镍库存分布：仓库|LME镍库存分布：洲,LME：镍：注销仓单（日）,100,FU00014818,高置信,Y
THS-NI-5.3,NI,20,LME镍注销仓单（LME镍注销仓单）,ni_42_lme_warrant|ni_42_ratio|wr260|wr261|wr262,100|74.28|74.28|68.42|57.77,LME：镍：注销仓单（日）|LME：镍：注销占比：香港（日）|LME镍库存|LME镍库存分布：仓库|LME镍库存分布：洲,LME：镍：注销仓单（日）,100,FU00014818,高置信,Y
THS-NI-5.3,NI,21,镍进口量,wr275|ni_22_import|ni_313_import_2|ni_45_import|ni_45_import_3,100|74.28|74.28|74.28|74.28,镍铁进口量|冰镍：进口数量合计：中国（月）|冰镍：进口数量合计：中国（月）|冰镍：进口数量合计：中国（月）|冰镍：进口数量合计：中国（月）,镍铁进口量,100,CM0000138647,高置信,Y
THS-NI-5.3,NI,22,LME镍库存、镍进口量,wr262|wr260|wr261|ni_41_lme_inv|wr275,74.28|70.91|70.91|65.0|65.0,LME镍库存分布：洲|LME镍库存|LME镍库存分布：仓库|LME：镍：期货库存：迪拜（日）|镍铁进口量,LME镍库存分布：洲,74.28,a12764460,高置信,Y
THS-NI-5.3,NI,23,LME镍库存、沪镍主力合约收盘价,ni_21_close_front|wr262|wr261|ni_41_lme_inv|ni_43_inv_2,71.72|62.4|59.99|55.72|53.79,SHFE：镍：主力合约：收盘价（日）|LME镍库存分布：洲|LME镍库存分布：仓库|LME：镍：期货库存：迪拜（日）|LME：镍：原产国库存：埃及（月）,SHFE：镍：主力合约：收盘价（日）,71.72,FU00014997,高置信,Y
THS-NI-6.1,NI,0,镍矿进口量（万吨）,wr275|wr271|wr274|ni_61_import_nickel_ore|ni_61_import_nickel_ore_3,100|86.67|80.0|72.23|72.23,镍铁进口量|中国冰镍进口量|中国硫酸镍进口量|镍矿：进口数量：印尼→中国（月）|镍矿：进口数量：印尼→中国（月）,镍铁进口量,100,CM0000138647,高置信,Y
THS-NI-6.1,NI,1,镍矿进口盈亏（元/吨）,ni_41_import|ni_61_import_3|ni_62_import|wr275|ni_25_percentile_price,100.0|100.0|100.0|70.91|65.0,镍豆：进口盈亏（日）|镍豆：进口盈亏（日）|镍豆：进口盈亏（日）|镍铁进口量|SMM: 电解镍进口盈亏（沪伦价格差）: 日度,镍豆：进口盈亏（日）,100.0,ID00408378,高置信,Y
THS-NI-6.1,NI,2,镍生铁/NPI进口量（万吨）,wr275|wr271|wr274|ni_313_import|ni_314_import_2,92.86|65.0|61.18|59.99|59.99,镍铁进口量|中国冰镍进口量|中国硫酸镍进口量|镍生铁：进口数量：中国：以金属量计（月）|镍生铁：进口数量：中国：以金属量计（月）,镍铁进口量,92.86,CM0000138647,高置信,Y
THS-NI-6.1,NI,3,镍生铁/NPI进口盈亏（元/吨）,ni_41_import|ni_61_import_3|ni_62_import|wr275|ni_32_import_nickel_ferrous,76.47|76.47|76.47|69.33|65.0,镍豆：进口盈亏（日）|镍豆：进口盈亏（日）|镍豆：进口盈亏（日）|镍铁进口量|镍铁：印尼产：进口盈亏：中国（日）,镍豆：进口盈亏（日）,76.47,ID00408378,高置信,Y
THS-NI-6.1,NI,4,高冰镍进口量（万吨）,wr271|wr275|ni_22_import|ni_313_import_2|ni_45_import,100.0|94.55|81.25|81.25|81.25,中国冰镍进口量|镍铁进口量|冰镍：进口数量合计：中国（月）|冰镍：进口数量合计：中国（月）|冰镍：进口数量合计：中国（月）,中国冰镍进口量,100.0,ID01364207,高置信,Y
THS-NI-6.1,NI,5,高冰镍进口盈亏（元/吨）,ni_41_import|ni_61_import_3|ni_62_import|wr271|wr275,92.86|92.86|92.86|74.28|65.0,镍豆：进口盈亏（日）|镍豆：进口盈亏（日）|镍豆：进口盈亏（日）|中国冰镍进口量|镍铁进口量,镍豆：进口盈亏（日）,92.86,ID00408378,高置信,Y
THS-NI-6.1,NI,6,电解镍进口量（万吨）,wr275|wr271|wr274|ni_22_import|ni_25_percentile_price,94.55|80.0|74.28|65.0|65.0,镍铁进口量|中国冰镍进口量|中国硫酸镍进口量|冰镍：进口数量合计：中国（月）|SMM: 电解镍进口盈亏（沪伦价格差）: 日度,镍铁进口量,94.55,CM0000138647,高置信,Y
THS-NI-6.1,NI,7,电解镍进口盈亏（元/吨）,ni_41_import|ni_61_import_3|ni_62_import|ni_25_percentile_price|ni_25_percentile_price_2,92.86|92.86|92.86|65.0|65.0,镍豆：进口盈亏（日）|镍豆：进口盈亏（日）|镍豆：进口盈亏（日）|SMM: 电解镍进口盈亏（沪伦价格差）: 日度|SMM: 电解镍进口盈亏（沪伦价格差）: 日度,镍豆：进口盈亏（日）,92.86,ID00408378,高置信,Y
THS-NI-6.1,NI,8,印尼镍矿进口量（万吨）,wr275|wr245|wr246|wr248|wr253,86.67|80.0|80.0|80.0|80.0,镍铁进口量|印尼冰镍产量（分品味）|印尼冰镍产量（高冰镍+低冰镍）|印尼镍铁产量|印尼镍矿价格（HPM 1.6%）,镍铁进口量,86.67,CM0000138647,高置信,Y
THS-NI-6.1,NI,9,菲律宾镍矿进口量（万吨）,wr275|wr271|ni_73_inv_nickel_ore|wr274|ni_61_import_nickel_ore,80.0|69.33|65.0|65.0|61.91,镍铁进口量|中国冰镍进口量|菲律宾镍矿：港口库存：12个港口（周）|中国硫酸镍进口量|镍矿：进口数量：印尼→中国（月）,镍铁进口量,80.0,CM0000138647,高置信,Y
THS-NI-6.1,NI,10,新喀里多尼亚镍矿进口量（万吨）,wr275|wr271|ni_314_import_5|ni_61_import_nickel_ore_5|ni_62_import_2,65.0|57.77|55.72|55.72|55.72,镍铁进口量|中国冰镍进口量|镍矿：进口数量：新喀里多尼亚→中国（月）|镍矿：进口数量：新喀里多尼亚→中国（月）|镍矿：进口数量：新喀里多尼亚→中国（月）,镍铁进口量,65.0,CM0000138647,模糊待人工确认,Y
THS-NI-6.1,NI,11,镍原料进口总量（万吨）,wr275|ni_41_import|ni_61_import_3|ni_62_import|wr271,78.0|65.0|65.0|65.0|65.0,镍铁进口量|镍豆：进口盈亏（日）|镍豆：进口盈亏（日）|镍豆：进口盈亏（日）|中国冰镍进口量,镍铁进口量,78.0,CM0000138647,高置信,Y
THS-NI-6.1,NI,12,近3年同月进口量均值（万吨）,wr144|si_321_import|si_321_import_2|si_314_by_country_import|si_314_by_country_import_2,44.44|42.11|42.11|40.0|40.0,碳酸锂 月度进口量|工业硅精炼月进口量|工业硅精炼月进口量|工业硅月进口量分国别|工业硅月进口量分国别,碳酸锂 月度进口量,44.44,a10006557,模糊待人工确认,Y
THS-NI-6.1,NI,13,近3年同月进口量标准差（万吨）,wr144|si_321_import|si_321_import_2|wr172|si_314_by_country_import,42.11|40.0|40.0|40.0|38.1,碳酸锂 月度进口量|工业硅精炼月进口量|工业硅精炼月进口量|沪锡近半年月差变化|工业硅月进口量分国别,碳酸锂 月度进口量,42.11,a10006557,模糊待人工确认,Y
THS-NI-6.1,NI,14,镍精矿TC（美元/吨干矿）,wr253|ni_61_import_nickel_ore|ni_61_import_nickel_ore_3|ni_73_nickel_ore_arrival|wr256,47.27|28.89|28.89|28.89|28.89,印尼镍矿价格（HPM 1.6%）|镍矿：进口数量：印尼→中国（月）|镍矿：进口数量：印尼→中国（月）|镍矿：到港量：菲律宾→中国（日）|镍铁价格（江苏，7%≤Ni≤13%）,印尼镍矿价格（HPM 1.6%）,47.27,s22793258,模糊待人工确认,Y
THS-NI-6.1,NI,15,沪镍主力合约收盘价（元/吨）,ni_21_close_front|wr256|wr254|wr257|ni_21_volume_front,82.73|43.33|40.0|40.0|38.52,SHFE：镍：主力合约：收盘价（日）|镍铁价格（江苏，7%≤Ni≤13%）|硫酸镍价格|镍铁折镍价|SHFE：镍：主力合约：单边交易：成交量（日）,SHFE：镍：主力合约：收盘价（日）,82.73,FU00014997,高置信,Y
THS-NI-6.2,NI,0,电解镍进口量（万吨）,wr275|wr271|wr274|ni_22_import|ni_25_percentile_price,94.55|80.0|74.28|65.0|65.0,镍铁进口量|中国冰镍进口量|中国硫酸镍进口量|冰镍：进口数量合计：中国（月）|SMM: 电解镍进口盈亏（沪伦价格差）: 日度,镍铁进口量,94.55,CM0000138647,高置信,Y
THS-NI-6.2,NI,1,电解镍进口盈亏（元/吨）,ni_41_import|ni_61_import_3|ni_62_import|ni_25_percentile_price|ni_25_percentile_price_2,92.86|92.86|92.86|65.0|65.0,镍豆：进口盈亏（日）|镍豆：进口盈亏（日）|镍豆：进口盈亏（日）|SMM: 电解镍进口盈亏（沪伦价格差）: 日度|SMM: 电解镍进口盈亏（沪伦价格差）: 日度,镍豆：进口盈亏（日）,92.86,ID00408378,高置信,Y
THS-NI-6.2,NI,2,电解镍出口量（万吨）,wr273|wr275|wr271|ni_63_export_2|wr274,74.28|70.91|59.99|55.72|55.72,中国硫酸镍出口量|镍铁进口量|中国冰镍进口量|中国海关: 电解镍出口量: 月度|中国硫酸镍进口量,中国硫酸镍出口量,74.28,a10099193,高置信,Y
THS-NI-6.2,NI,3,电解镍出口盈亏（元/吨）,ni_25_percentile_price|ni_25_percentile_price_2|ni_25_price|ni_41_import|ni_61_import_3,74.28|74.28|74.28|74.28|74.28,SMM: 电解镍进口盈亏（沪伦价格差）: 日度|SMM: 电解镍进口盈亏（沪伦价格差）: 日度|SMM: 电解镍进口盈亏（沪伦价格差）: 日度|镍豆：进口盈亏（日）|镍豆：进口盈亏（日）,SMM: 电解镍进口盈亏（沪伦价格差）: 日度,74.28,a10000206,高置信,Y
THS-NI-6.2,NI,4,精炼镍进口量（万吨）,wr275|wr242|wr247|wr271|wr274,94.55|80.0|80.0|80.0|74.28,镍铁进口量|中国精炼镍产量|印尼精炼镍产量|中国冰镍进口量|中国硫酸镍进口量,镍铁进口量,94.55,CM0000138647,高置信,Y
THS-NI-6.2,NI,5,精炼镍进口盈亏（元/吨）,ni_41_import|ni_61_import_3|ni_62_import|wr275|ni_25_percentile_price,92.86|92.86|92.86|65.0|61.91,镍豆：进口盈亏（日）|镍豆：进口盈亏（日）|镍豆：进口盈亏（日）|镍铁进口量|SMM: 电解镍进口盈亏（沪伦价格差）: 日度,镍豆：进口盈亏（日）,92.86,ID00408378,高置信,Y
THS-NI-6.2,NI,6,高冰镍进口量（万吨）,wr271|wr275|ni_22_import|ni_313_import_2|ni_45_import,100.0|94.55|81.25|81.25|81.25,中国冰镍进口量|镍铁进口量|冰镍：进口数量合计：中国（月）|冰镍：进口数量合计：中国（月）|冰镍：进口数量合计：中国（月）,中国冰镍进口量,100.0,ID01364207,高置信,Y
THS-NI-6.2,NI,7,高冰镍进口盈亏（元/吨）,ni_41_import|ni_61_import_3|ni_62_import|wr271|wr275,92.86|92.86|92.86|74.28|65.0,镍豆：进口盈亏（日）|镍豆：进口盈亏（日）|镍豆：进口盈亏（日）|中国冰镍进口量|镍铁进口量,镍豆：进口盈亏（日）,92.86,ID00408378,高置信,Y
THS-NI-6.2,NI,8,印尼电解镍进口量（万吨）,wr275|wr245|wr246|wr248|wr247,80.0|74.28|74.28|74.28|69.33,镍铁进口量|印尼冰镍产量（分品味）|印尼冰镍产量（高冰镍+低冰镍）|印尼镍铁产量|印尼精炼镍产量,镍铁进口量,80.0,CM0000138647,高置信,Y
THS-NI-6.2,NI,9,菲律宾电解镍进口量（万吨）,wr275|wr271|wr274|ni_25_percentile_price|ni_25_percentile_price_2,74.28|65.0|61.18|56.52|56.52,镍铁进口量|中国冰镍进口量|中国硫酸镍进口量|SMM: 电解镍进口盈亏（沪伦价格差）: 日度|SMM: 电解镍进口盈亏（沪伦价格差）: 日度,镍铁进口量,74.28,CM0000138647,高置信,Y
THS-NI-6.2,NI,10,新喀里多尼亚电解镍进口量（万吨）,wr275|wr271|ni_314_import_5|ni_61_import_nickel_ore_5|ni_62_import_2,61.18|54.74|53.79|53.79|53.79,镍铁进口量|中国冰镍进口量|镍矿：进口数量：新喀里多尼亚→中国（月）|镍矿：进口数量：新喀里多尼亚→中国（月）|镍矿：进口数量：新喀里多尼亚→中国（月）,镍铁进口量,61.18,CM0000138647,模糊待人工确认,Y
THS-NI-6.2,NI,11,镍精炼金属进口总量（万吨）,wr275|ni_41_import|ni_61_import_3|ni_62_import|wr271,65.0|55.72|55.72|55.72|55.72,镍铁进口量|镍豆：进口盈亏（日）|镍豆：进口盈亏（日）|镍豆：进口盈亏（日）|中国冰镍进口量,镍铁进口量,65.0,CM0000138647,模糊待人工确认,Y
THS-NI-6.2,NI,12,近3年同月进口量均值（万吨）,wr144|si_321_import|si_321_import_2|si_314_by_country_import|si_314_by_country_import_2,44.44|42.11|42.11|40.0|40.0,碳酸锂 月度进口量|工业硅精炼月进口量|工业硅精炼月进口量|工业硅月进口量分国别|工业硅月进口量分国别,碳酸锂 月度进口量,44.44,a10006557,模糊待人工确认,Y
THS-NI-6.2,NI,13,近3年同月进口量标准差（万吨）,wr144|si_321_import|si_321_import_2|wr172|si_314_by_country_import,42.11|40.0|40.0|40.0|38.1,碳酸锂 月度进口量|工业硅精炼月进口量|工业硅精炼月进口量|沪锡近半年月差变化|工业硅月进口量分国别,碳酸锂 月度进口量,42.11,a10006557,模糊待人工确认,Y
THS-NI-6.2,NI,14,镍精矿TC（美元/吨干矿）,wr253|ni_61_import_nickel_ore|ni_61_import_nickel_ore_3|ni_73_nickel_ore_arrival|wr256,47.27|28.89|28.89|28.89|28.89,印尼镍矿价格（HPM 1.6%）|镍矿：进口数量：印尼→中国（月）|镍矿：进口数量：印尼→中国（月）|镍矿：到港量：菲律宾→中国（日）|镍铁价格（江苏，7%≤Ni≤13%）,印尼镍矿价格（HPM 1.6%）,47.27,s22793258,模糊待人工确认,Y
THS-NI-6.2,NI,15,沪镍主力合约收盘价（元/吨）,ni_21_close_front|wr256|wr254|wr257|ni_21_volume_front,82.73|43.33|40.0|40.0|38.52,SHFE：镍：主力合约：收盘价（日）|镍铁价格（江苏，7%≤Ni≤13%）|硫酸镍价格|镍铁折镍价|SHFE：镍：主力合约：单边交易：成交量（日）,SHFE：镍：主力合约：收盘价（日）,82.73,FU00014997,高置信,Y
THS-NI-6.3,NI,0,不锈钢出口量（万吨）,wr269|wr270|ni_63_export_steel|wr252|wr263,100.0|83.33|58.82|54.55|54.55,不锈钢出口量|不锈钢进口量|不锈钢：出口金额：辽宁（月）|不锈钢基差|不锈钢仓单,不锈钢出口量,100.0,a12820603,高置信,Y
THS-NI-6.3,NI,1,不锈钢出口金额（亿美元）,ni_63_export_steel|wr269|wr270|ni_00_export_steel|sn_62_export_5,77.78|76.92|61.54|51.85|50.0,不锈钢：出口金额：辽宁（月）|不锈钢出口量|不锈钢进口量|印度海关：废不锈钢：出口金额：印度→中国（月）|锡：出口金额合计：关别（月）,不锈钢：出口金额：辽宁（月）,77.78,ID01580689,高置信,Y
THS-NI-6.3,NI,2,电池级镍制品出口量（万吨）,wr273|ni_63_export_2|wr275|wr271|wr274,61.18|56.52|55.72|48.75|45.88,中国硫酸镍出口量|中国海关: 电解镍出口量: 月度|镍铁进口量|中国冰镍进口量|中国硫酸镍进口量,中国硫酸镍出口量,61.18,a10099193,模糊待人工确认,Y
THS-NI-6.3,NI,3,电池级镍制品出口金额（亿美元）,ni_63_export|ni_63_export_2|wr273|wr275|ni_25_percentile_price,52.0|43.33|43.33|34.67|32.5,未锻轧非合金镍：出口金额合计：中国（月）|中国海关: 电解镍出口量: 月度|中国硫酸镍出口量|镍铁进口量|SMM: 电解镍进口盈亏（沪伦价格差）: 日度,未锻轧非合金镍：出口金额合计：中国（月）,52.0,ID00188815,模糊待人工确认,Y
THS-NI-6.3,NI,4,电镀镍制品出口量（万吨）,wr273|wr275|ni_63_export_2|wr271|wr274,65.0|59.99|59.09|52.0|48.75,中国硫酸镍出口量|镍铁进口量|中国海关: 电解镍出口量: 月度|中国冰镍进口量|中国硫酸镍进口量,中国硫酸镍出口量,65.0,a10099193,模糊待人工确认,Y
THS-NI-6.3,NI,5,电镀镍制品出口金额（亿美元）,ni_63_export|wr273|ni_63_export_2|wr275|ni_25_percentile_price,54.17|45.88|45.21|37.14|33.92,未锻轧非合金镍：出口金额合计：中国（月）|中国硫酸镍出口量|中国海关: 电解镍出口量: 月度|镍铁进口量|SMM: 电解镍进口盈亏（沪伦价格差）: 日度,未锻轧非合金镍：出口金额合计：中国（月）,54.17,ID00188815,模糊待人工确认,Y
THS-NI-6.3,NI,6,镍合金出口量（万吨）,wr273|wr275|wr271|wr274|ni_63_export_2,74.28|70.91|59.99|55.72|52.0,中国硫酸镍出口量|镍铁进口量|中国冰镍进口量|中国硫酸镍进口量|中国海关: 电解镍出口量: 月度,中国硫酸镍出口量,74.28,a10099193,高置信,Y
THS-NI-6.3,NI,7,镍合金出口金额（亿美元）,ni_63_export|wr273|wr275|ni_41_import|ni_61_import_3,70.91|52.0|43.33|37.14|37.14,未锻轧非合金镍：出口金额合计：中国（月）|中国硫酸镍出口量|镍铁进口量|镍豆：进口盈亏（日）|镍豆：进口盈亏（日）,未锻轧非合金镍：出口金额合计：中国（月）,70.91,ID00188815,高置信,Y
THS-NI-6.3,NI,8,印尼不锈钢出口量（万吨）,wr269|wr270|wr182|ni_63_export_steel|sn_62_export_2,75.0|71.43|55.56|52.63|47.62,不锈钢出口量|不锈钢进口量|印尼精炼锡出口量变化|不锈钢：出口金额：辽宁（月）|印尼：锡锭：出口数量：全球（月）,不锈钢出口量,75.0,a12820603,高置信,Y
THS-NI-6.3,NI,9,越南不锈钢出口量（万吨）,wr269|wr270|ni_63_export_steel|wr252|wr263,75.0|71.43|52.63|46.15|46.15,不锈钢出口量|不锈钢进口量|不锈钢：出口金额：辽宁（月）|不锈钢基差|不锈钢仓单,不锈钢出口量,75.0,a12820603,高置信,Y
THS-NI-6.3,NI,10,泰国不锈钢出口量（万吨）,wr269|wr270|ni_63_export_steel|wr273|i41,75.0|71.43|52.63|50.0|47.06,不锈钢出口量|不锈钢进口量|不锈钢：出口金额：辽宁（月）|中国硫酸镍出口量|中国海关铅锭出口量,不锈钢出口量,75.0,a12820603,高置信,Y
THS-NI-6.3,NI,11,镍制品出口总量（万吨）,wr273|wr275|ni_41_import|ni_61_import_3|ni_62_import,59.99|52.0|43.33|43.33|43.33,中国硫酸镍出口量|镍铁进口量|镍豆：进口盈亏（日）|镍豆：进口盈亏（日）|镍豆：进口盈亏（日）,中国硫酸镍出口量,59.99,a10099193,模糊待人工确认,Y
THS-NI-6.3,NI,12,近3年同月出口量均值（万吨）,si_62_export|si_62_export_2|wr269|li_62_export_2|pb_63_aux,37.5|37.5|37.5|35.29|33.33,工业硅出口量|工业硅出口量|不锈钢出口量|氢氧化锂出口量|铅蓄电池：出口数量终值：中国（月）,工业硅出口量,37.5,CM0000287779,无候选/低置信,Y
THS-NI-6.3,NI,13,近3年同月出口量标准差（万吨）,wr172|si_62_export|si_62_export_2|wr269|li_62_export_2,40.0|35.29|35.29|35.29|33.33,沪锡近半年月差变化|工业硅出口量|工业硅出口量|不锈钢出口量|氢氧化锂出口量,沪锡近半年月差变化,40.0,a12841510,模糊待人工确认,Y
THS-NI-6.3,NI,14,沪镍主力合约收盘价（元/吨）,ni_21_close_front|wr256|wr254|wr257|ni_21_volume_front,82.73|43.33|40.0|40.0|38.52,SHFE：镍：主力合约：收盘价（日）|镍铁价格（江苏，7%≤Ni≤13%）|硫酸镍价格|镍铁折镍价|SHFE：镍：主力合约：单边交易：成交量（日）,SHFE：镍：主力合约：收盘价（日）,82.73,FU00014997,高置信,Y
THS-NI-6.3,NI,15,镍精矿TC（美元/吨干矿）,wr253|ni_61_import_nickel_ore|ni_61_import_nickel_ore_3|ni_73_nickel_ore_arrival|wr256,47.27|28.89|28.89|28.89|28.89,印尼镍矿价格（HPM 1.6%）|镍矿：进口数量：印尼→中国（月）|镍矿：进口数量：印尼→中国（月）|镍矿：到港量：菲律宾→中国（日）|镍铁价格（江苏，7%≤Ni≤13%）,印尼镍矿价格（HPM 1.6%）,47.27,s22793258,模糊待人工确认,Y
THS-NI-6.4,NI,0,印尼镍矿对华发运量（万吨）,wr245|wr246|wr248|wr253|wr247,69.33|69.33|69.33|69.33|65.0,印尼冰镍产量（分品味）|印尼冰镍产量（高冰镍+低冰镍）|印尼镍铁产量|印尼镍矿价格（HPM 1.6%）|印尼精炼镍产量,印尼冰镍产量（分品味）,69.33,ID01858105,模糊待人工确认,Y
THS-NI-6.4,NI,1,印尼镍矿发运天数（天）,wr253|wr245|wr246|wr248|wr247,74.28|55.72|55.72|55.72|52.0,印尼镍矿价格（HPM 1.6%）|印尼冰镍产量（分品味）|印尼冰镍产量（高冰镍+低冰镍）|印尼镍铁产量|印尼精炼镍产量,印尼镍矿价格（HPM 1.6%）,74.28,s22793258,高置信,Y
THS-NI-6.4,NI,2,菲律宾镍矿对华发运量（万吨）,ni_73_inv_nickel_ore|wr275|ni_61_import_nickel_ore|ni_61_import_nickel_ore_3|ni_73_nickel_ore_arrival,50.0|34.67|33.92|33.92|33.92,菲律宾镍矿：港口库存：12个港口（周）|镍铁进口量|镍矿：进口数量：印尼→中国（月）|镍矿：进口数量：印尼→中国（月）|镍矿：到港量：菲律宾→中国（日）,菲律宾镍矿：港口库存：12个港口（周）,50.0,ID00188248,模糊待人工确认,Y
THS-NI-6.4,NI,3,菲律宾镍矿发运天数（天）,ni_73_inv_nickel_ore|ni_61_import_nickel_ore|ni_61_import_nickel_ore_3|ni_73_nickel_ore_arrival|wr253,52.0|35.45|35.45|35.45|34.67,菲律宾镍矿：港口库存：12个港口（周）|镍矿：进口数量：印尼→中国（月）|镍矿：进口数量：印尼→中国（月）|镍矿：到港量：菲律宾→中国（日）|印尼镍矿价格（HPM 1.6%）,菲律宾镍矿：港口库存：12个港口（周）,52.0,ID00188248,模糊待人工确认,Y
THS-NI-6.4,NI,4,印尼镍生铁/NPI对华发运量（万吨）,wr248|wr245|wr246|wr247|wr275,68.42|54.74|54.74|52.0|43.33,印尼镍铁产量|印尼冰镍产量（分品味）|印尼冰镍产量（高冰镍+低冰镍）|印尼精炼镍产量|镍铁进口量,印尼镍铁产量,68.42,ID01651125,模糊待人工确认,Y
THS-NI-6.4,NI,5,印尼镍生铁/NPI发运天数（天）,wr248|wr245|wr246|wr253|ni_73_cost,57.77|43.33|43.33|43.33|41.05,印尼镍铁产量|印尼冰镍产量（分品味）|印尼冰镍产量（高冰镍+低冰镍）|印尼镍矿价格（HPM 1.6%）|低镍生铁：成本（日）,印尼镍铁产量,57.77,ID01651125,模糊待人工确认,Y
THS-NI-6.4,NI,6,高冰镍对华发运量（万吨）,wr245|wr246|wr271|ni_22_import|ni_313_import_2,55.72|55.72|52.0|43.33|43.33,印尼冰镍产量（分品味）|印尼冰镍产量（高冰镍+低冰镍）|中国冰镍进口量|冰镍：进口数量合计：中国（月）|冰镍：进口数量合计：中国（月）,印尼冰镍产量（分品味）,55.72,ID01858105,模糊待人工确认,Y
THS-NI-6.4,NI,7,高冰镍发运天数（天）,ni_22_import|ni_313_import_2|ni_45_import|ni_45_import_3|ni_45_import_4,45.88|45.88|45.88|45.88|45.88,冰镍：进口数量合计：中国（月）|冰镍：进口数量合计：中国（月）|冰镍：进口数量合计：中国（月）|冰镍：进口数量合计：中国（月）|冰镍：进口数量合计：中国（月）,冰镍：进口数量合计：中国（月）,45.88,ID01364224,模糊待人工确认,Y
THS-NI-6.4,NI,8,电解镍对华发运量（万吨）,ni_63_export_2|wr275|wr243|wr245|wr246,47.27|40.0|37.14|37.14|37.14,中国海关: 电解镍出口量: 月度|镍铁进口量|中国镍铁产量|印尼冰镍产量（分品味）|印尼冰镍产量（高冰镍+低冰镍）,中国海关: 电解镍出口量: 月度,47.27,a10000647,模糊待人工确认,Y
THS-NI-6.4,NI,9,电解镍发运天数（天）,ni_25_percentile_price|ni_25_percentile_price_2|ni_25_price|ni_63_export_2|ni_62_price,37.14|37.14|37.14|37.14|37.14,SMM: 电解镍进口盈亏（沪伦价格差）: 日度|SMM: 电解镍进口盈亏（沪伦价格差）: 日度|SMM: 电解镍进口盈亏（沪伦价格差）: 日度|中国海关: 电解镍出口量: 月度|电解镍：1#：汇总价格：上海（日）,SMM: 电解镍进口盈亏（沪伦价格差）: 日度,37.14,a10000206,无候选/低置信,Y
THS-NI-6.4,NI,10,海外对华发运总量（万吨）,li_31_capacity|li_63_conc_shipment|li_31_output|wr70|wr68,40.0|33.33|30.77|28.57|25.0,海外产能|锂精矿发运量(班伯里港)|海外碳酸锂产量(智利)|发运量-几内亚官方|铝土矿海外-澳洲CIF,海外产能,40.0,a12715541,模糊待人工确认,Y
THS-NI-6.4,NI,11,近3年同月发运量均值（万吨）,li_63_conc_shipment|wr70|wr172|wr21|wr72,37.5|33.33|31.58|28.57|28.57,锂精矿发运量(班伯里港)|发运量-几内亚官方|沪锡近半年月差变化|SHFE铝近3月虚实比|发运量-路透-几内亚MA3,锂精矿发运量(班伯里港),37.5,ID02038526,无候选/低置信,Y
THS-NI-6.4,NI,12,近3年同月发运量标准差（万吨）,wr172|li_63_conc_shipment|wr70|wr21|wr72,40.0|35.29|31.58|27.27|27.27,沪锡近半年月差变化|锂精矿发运量(班伯里港)|发运量-几内亚官方|SHFE铝近3月虚实比|发运量-路透-几内亚MA3,沪锡近半年月差变化,40.0,a12841510,模糊待人工确认,Y
THS-NI-6.4,NI,13,镍精矿TC（美元/吨干矿）,wr253|ni_61_import_nickel_ore|ni_61_import_nickel_ore_3|ni_73_nickel_ore_arrival|wr256,47.27|28.89|28.89|28.89|28.89,印尼镍矿价格（HPM 1.6%）|镍矿：进口数量：印尼→中国（月）|镍矿：进口数量：印尼→中国（月）|镍矿：到港量：菲律宾→中国（日）|镍铁价格（江苏，7%≤Ni≤13%）,印尼镍矿价格（HPM 1.6%）,47.27,s22793258,模糊待人工确认,Y
THS-NI-6.4,NI,14,LME镍库存（手）,wr260|ni_41_lme_inv|ni_43_inv_2|ni_43_inv_3|ni_43_inv_percentile,100|82.11|78.0|78.0|78.0,LME镍库存|LME：镍：期货库存：迪拜（日）|LME：镍：原产国库存：埃及（月）|LME：镍：原产国库存：埃及（月）|LME：镍：原产国库存：埃及（月）,LME镍库存,100,a12764445,高置信,Y
THS-NI-7.1,NI,0,电解镍现金成本（元/吨）,ni_73_cost|ni_324_cost|ni_71_cost_nickel_ore|ni_71_cost_6|ni_25_percentile_price,55.72|55.72|44.82|44.82|37.14,低镍生铁：成本（日）|低镍生铁：成本（日）|Ramu镍钴矿：镍：实际现金成本：镍28公司（季）|镍生铁：RKEF工艺：现金成本：科纳韦：美元计（日）|SMM: 电解镍进口盈亏（沪伦价格差）: 日度,低镍生铁：成本（日）,55.72,ID01360199,模糊待人工确认,Y
THS-NI-7.1,NI,1,镍矿成本（元/吨）,ni_73_cost|ni_324_cost|wr253|ni_71_cost_nickel_ore|ni_71_cost_h2so4,70.91|70.91|52.0|40.0|32.5,低镍生铁：成本（日）|低镍生铁：成本（日）|印尼镍矿价格（HPM 1.6%）|Ramu镍钴矿：镍：实际现金成本：镍28公司（季）|硫酸镍：生产成本：中国：氢氧化镍加工工艺（日）,低镍生铁：成本（日）,70.91,ID01360199,高置信,Y
THS-NI-7.1,NI,2,电价（元/度）,si_71_power|si_71_power_2|si_71_power_3|si_71_power_4|wr112,40.0|40.0|40.0|40.0|36.36,工业硅电价|工业硅电价|工业硅电价|工业硅电价|电池级氢氧化锂(微粉) 价格,工业硅电价,40.0,ID01857527,模糊待人工确认,Y
THS-NI-7.1,NI,3,镍铁一体化成本（元/吨）,ni_73_cost|ni_324_cost|wr256|wr267|wr257,74.28|74.28|47.27|47.27|43.33,低镍生铁：成本（日）|低镍生铁：成本（日）|镍铁价格（江苏，7%≤Ni≤13%）|镍铁库存|镍铁折镍价,低镍生铁：成本（日）,74.28,ID01360199,高置信,Y
THS-NI-7.1,NI,4,TC（美元/吨干矿）,TC|cu_44_tc_conc|cu_25_tc_conc|cu_315_import_conc|si_51_util_2,40.0|22.22|18.18|18.18|18.18,TC加工费|铜精矿：长单TC价（年）|铜精矿：现货TC指导价（季）|铜精矿：进口：TC指数（周）|有机硅DMC开工率,TC加工费,40.0,ID01002200,模糊待人工确认,Y
THS-NI-7.1,NI,5,高冰镍成本（元/吨）,ni_73_cost|ni_324_cost|wr245|wr246|wr271,65.0|65.0|47.27|47.27|43.33,低镍生铁：成本（日）|低镍生铁：成本（日）|印尼冰镍产量（分品味）|印尼冰镍产量（高冰镍+低冰镍）|中国冰镍进口量,低镍生铁：成本（日）,65.0,ID01360199,模糊待人工确认,Y
THS-NI-7.1,NI,6,加工费（元/吨）,TC|wr199|wr158|wr159|wr160,60.0|42.86|37.5|37.5|37.5,TC加工费|锡冶炼厂加工费|锂辉石加工费 四川|锂辉石加工费 山东|锂辉石加工费 江苏,TC加工费,60.0,ID01002200,模糊待人工确认,Y
THS-NI-7.1,NI,7,镍冶炼成本分位（%）,ni_73_cost|ni_324_cost|wr262|ni_71_cost_h2so4|wr261,55.72|55.72|30.59|28.89|28.89,低镍生铁：成本（日）|低镍生铁：成本（日）|LME镍库存分布：洲|硫酸镍：生产成本：中国：氢氧化镍加工工艺（日）|LME镍库存分布：仓库,低镍生铁：成本（日）,55.72,ID01360199,模糊待人工确认,Y
THS-NI-7.1,NI,8,镍价（元/吨）,wr256|wr253|wr254|wr257|wr267,86.67|65.0|52.0|52.0|43.33,镍铁价格（江苏，7%≤Ni≤13%）|印尼镍矿价格（HPM 1.6%）|硫酸镍价格|镍铁折镍价|镍铁库存,镍铁价格（江苏，7%≤Ni≤13%）,86.67,ID00185681,高置信,Y
THS-NI-7.1,NI,9,精炼镍成本（元/吨）,ni_73_cost|ni_324_cost|wr242|wr247|ni_311_output,65.0|65.0|65.0|65.0|55.72,低镍生铁：成本（日）|低镍生铁：成本（日）|中国精炼镍产量|印尼精炼镍产量|精炼镍：产量：印尼（月）,低镍生铁：成本（日）,65.0,ID01360199,模糊待人工确认,Y
THS-NI-7.1,NI,10,镍冶炼成本总量（元/吨）,ni_73_cost|ni_324_cost|ni_71_cost_h2so4|ni_71_cost_nickel_ore|ni_71_cost_nickel_powder,65.0|65.0|31.2|28.89|28.89,低镍生铁：成本（日）|低镍生铁：成本（日）|硫酸镍：生产成本：中国：氢氧化镍加工工艺（日）|Ramu镍钴矿：镍：实际现金成本：镍28公司（季）|精炼镍：生产成本：中国：外采：高冰镍加工工艺（日）,低镍生铁：成本（日）,65.0,ID01360199,模糊待人工确认,Y
THS-NI-7.1,NI,11,近3年同季成本均值（元/吨）,wr232|sn_71_cost|sn_71_cost_percentile|sn_71_cost_2|sn_71_cost_3,28.57|26.67|26.67|26.67|26.67,工业硅成本|精炼锡：成本（日）|精炼锡：成本（日）|精炼锡：成本（日）|精炼锡：成本（日）,工业硅成本,28.57,ID01523500,无候选/低置信,Y
THS-NI-7.1,NI,12,近3年同季成本标准差（元/吨）,wr172|wr232|sn_71_cost|sn_71_cost_percentile|sn_71_cost_2,31.58|26.67|25.0|25.0|25.0,沪锡近半年月差变化|工业硅成本|精炼锡：成本（日）|精炼锡：成本（日）|精炼锡：成本（日）,沪锡近半年月差变化,31.58,a12841510,无候选/低置信,Y
THS-NI-7.1,NI,13,镍冶炼成本（元/吨）,ni_73_cost|ni_324_cost|ni_71_cost_h2so4|ni_71_cost_nickel_ore|ni_71_cost_nickel_powder,65.0|65.0|31.2|28.89|28.89,低镍生铁：成本（日）|低镍生铁：成本（日）|硫酸镍：生产成本：中国：氢氧化镍加工工艺（日）|Ramu镍钴矿：镍：实际现金成本：镍28公司（季）|精炼镍：生产成本：中国：外采：高冰镍加工工艺（日）,低镍生铁：成本（日）,65.0,ID01360199,模糊待人工确认,Y
THS-NI-7.1,NI,14,沪镍主力合约收盘价（元/吨）,ni_21_close_front|wr256|wr254|wr257|ni_21_volume_front,82.73|43.33|40.0|40.0|38.52,SHFE：镍：主力合约：收盘价（日）|镍铁价格（江苏，7%≤Ni≤13%）|硫酸镍价格|镍铁折镍价|SHFE：镍：主力合约：单边交易：成交量（日）,SHFE：镍：主力合约：收盘价（日）,82.73,FU00014997,高置信,Y
THS-NI-7.1,NI,15,镍精矿TC（美元/吨干矿）,wr253|ni_61_import_nickel_ore|ni_61_import_nickel_ore_3|ni_73_nickel_ore_arrival|wr256,47.27|28.89|28.89|28.89|28.89,印尼镍矿价格（HPM 1.6%）|镍矿：进口数量：印尼→中国（月）|镍矿：进口数量：印尼→中国（月）|镍矿：到港量：菲律宾→中国（日）|镍铁价格（江苏，7%≤Ni≤13%）,印尼镍矿价格（HPM 1.6%）,47.27,s22793258,模糊待人工确认,Y
THS-NI-7.1,NI,16,镍矿CIF价格（美元/湿吨）、镍矿FOB价格（美元/湿吨）,wr253|wr256|wr254|ni_00_price_nickel_ferrous|ni_31_nickel_ore_price,49.53|41.05|39.0|35.45|28.37,印尼镍矿价格（HPM 1.6%）|镍铁价格（江苏，7%≤Ni≤13%）|硫酸镍价格|镍铁矿：48.5%Fe：烘干工艺：品牌价格：日照港：榕海矿业（日）|红土镍矿：1.6%Ni，0.05%Co，20%Fe，1%Cr，35%含水：HPM价格：印尼（日）,印尼镍矿价格（HPM 1.6%）,49.53,s22793258,模糊待人工确认,Y
THS-NI-7.1,NI,17,菲律宾镍矿CIF价格（美元/湿吨）、菲律宾镍矿FOB价格（美元/湿吨）,wr253|ni_73_inv_nickel_ore|ni_00_price_nickel_ferrous|wr256|wr254,38.52|35.14|31.2|31.2|30.0,印尼镍矿价格（HPM 1.6%）|菲律宾镍矿：港口库存：12个港口（周）|镍铁矿：48.5%Fe：烘干工艺：品牌价格：日照港：榕海矿业（日）|镍铁价格（江苏，7%≤Ni≤13%）|硫酸镍价格,印尼镍矿价格（HPM 1.6%）,38.52,s22793258,无候选/低置信,Y
THS-NI-7.1,NI,18,菲律宾镍矿CIF价格（美元/湿吨）,wr253|wr256|wr254|ni_73_inv_nickel_ore|wr257,65.0|55.72|52.0|50.0|34.67,印尼镍矿价格（HPM 1.6%）|镍铁价格（江苏，7%≤Ni≤13%）|硫酸镍价格|菲律宾镍矿：港口库存：12个港口（周）|镍铁折镍价,印尼镍矿价格（HPM 1.6%）,65.0,s22793258,模糊待人工确认,Y
THS-NI-7.1,NI,19,镍铁RKEF成本（元/镍点）,ni_73_cost|ni_71_cost_6|ni_324_cost|ni_25_profit_3|wr256,69.33|69.33|69.33|52.0|43.33,低镍生铁：成本（日）|镍生铁：RKEF工艺：现金成本：科纳韦：美元计（日）|低镍生铁：成本（日）|镍生铁：RKEF工艺：利润：科纳韦：人民币计（日）|镍铁价格（江苏，7%≤Ni≤13%）,低镍生铁：成本（日）,69.33,ID01360199,模糊待人工确认,Y
THS-NI-7.1,NI,20,镍铁一体化成本（元/吨）、镍精矿TC（美元/吨干矿）,ni_73_cost|ni_324_cost|wr257|ni_71_cost_percentile|ni_71_cost_2,52.0|52.0|43.33|35.14|35.14,低镍生铁：成本（日）|低镍生铁：成本（日）|镍铁折镍价|精炼镍：生产成本：中国：红土镍矿：高冰镍加工工艺（日）|精炼镍：生产成本：中国：红土镍矿：高冰镍加工工艺（日）,低镍生铁：成本（日）,52.0,ID01360199,模糊待人工确认,Y
THS-NI-7.1,NI,21,高冰镍成本（元/吨）、镍矿成本（元/吨）、加工费（元/吨）,ni_73_cost_2|ni_324_cost_2|ni_71_cost_h2so4|ni_73_cost|ni_324_cost,46.67|46.67|45.88|37.14|37.14,精炼镍：生产成本：中国：红土镍矿：氢氧化镍加工工艺（日）|精炼镍：生产成本：中国：红土镍矿：氢氧化镍加工工艺（日）|硫酸镍：生产成本：中国：氢氧化镍加工工艺（日）|低镍生铁：成本（日）|低镍生铁：成本（日）,精炼镍：生产成本：中国：红土镍矿：氢氧化镍加工工艺（日）,46.67,ID01959843,模糊待人工确认,Y
THS-NI-7.1,NI,22,印尼高冰镍完全成本（美元/镍吨）、印尼高冰镍现金成本（美元/镍吨）,wr245|wr246|ni_71_cost_nickel_ore|ni_321_output_nickel_powder|ni_71_cost_6,41.6|41.6|38.05|34.22|31.71,印尼冰镍产量（分品味）|印尼冰镍产量（高冰镍+低冰镍）|Ramu镍钴矿：镍：实际现金成本：镍28公司（季）|高冰镍：以金属量计：产量：印尼：老口径（月）|镍生铁：RKEF工艺：现金成本：科纳韦：美元计（日）,印尼冰镍产量（分品味）,41.6,ID01858105,模糊待人工确认,Y
THS-NI-7.1,NI,23,日度分原料硫酸镍完全成本（元/镍吨）（MHP/高冰镍/镍豆）,wr254|ni_73_cost|ni_324_cost|wr241|ni_71_cost_h2so4,45.88|41.05|41.05|41.05|40.62,硫酸镍价格|低镍生铁：成本（日）|低镍生铁：成本（日）|中国硫酸镍产量|硫酸镍：生产成本：中国：氢氧化镍加工工艺（日）,硫酸镍价格,45.88,ID01722282,模糊待人工确认,Y
THS-NI-7.1,NI,24,分原料硫酸镍完全成本（元/镍吨）,wr254|ni_73_cost|ni_324_cost|wr241|ni_71_cost_h2so4,52.0|45.88|45.88|45.88|43.33,硫酸镍价格|低镍生铁：成本（日）|低镍生铁：成本（日）|中国硫酸镍产量|硫酸镍：生产成本：中国：氢氧化镍加工工艺（日）,硫酸镍价格,52.0,ID01722282,模糊待人工确认,Y
THS-NI-7.1,NI,25,日度分原料硫酸镍完全成本（元/镍吨）,wr254|ni_73_cost|ni_324_cost|wr241|ni_71_cost_h2so4,45.88|41.05|41.05|41.05|40.62,硫酸镍价格|低镍生铁：成本（日）|低镍生铁：成本（日）|中国硫酸镍产量|硫酸镍：生产成本：中国：氢氧化镍加工工艺（日）,硫酸镍价格,45.88,ID01722282,模糊待人工确认,Y
THS-NI-7.2,NI,0,电解镍日度利润（元/吨）,ni_25_percentile_price|ni_25_percentile_price_2|ni_25_price|wr259|ni_63_export_2,61.91|61.91|61.91|59.99|49.53,SMM: 电解镍进口盈亏（沪伦价格差）: 日度|SMM: 电解镍进口盈亏（沪伦价格差）: 日度|SMM: 电解镍进口盈亏（沪伦价格差）: 日度|镍铁理论利润（RKEF 山东）|中国海关: 电解镍出口量: 月度,SMM: 电解镍进口盈亏（沪伦价格差）: 日度,61.91,a10000206,模糊待人工确认,Y
THS-NI-7.2,NI,1,沪镍主力合约收盘价（元/吨）,ni_21_close_front|wr256|wr254|wr257|ni_21_volume_front,82.73|43.33|40.0|40.0|38.52,SHFE：镍：主力合约：收盘价（日）|镍铁价格（江苏，7%≤Ni≤13%）|硫酸镍价格|镍铁折镍价|SHFE：镍：主力合约：单边交易：成交量（日）,SHFE：镍：主力合约：收盘价（日）,82.73,FU00014997,高置信,Y
THS-NI-7.2,NI,2,电解镍现金成本（元/吨）,ni_73_cost|ni_324_cost|ni_71_cost_nickel_ore|ni_71_cost_6|ni_25_percentile_price,55.72|55.72|44.82|44.82|37.14,低镍生铁：成本（日）|低镍生铁：成本（日）|Ramu镍钴矿：镍：实际现金成本：镍28公司（季）|镍生铁：RKEF工艺：现金成本：科纳韦：美元计（日）|SMM: 电解镍进口盈亏（沪伦价格差）: 日度,低镍生铁：成本（日）,55.72,ID01360199,模糊待人工确认,Y
THS-NI-7.2,NI,3,镍铁一体化日度利润（元/吨）,wr259|wr256|wr267|wr257|wr275,69.33|40.0|40.0|37.14|37.14,镍铁理论利润（RKEF 山东）|镍铁价格（江苏，7%≤Ni≤13%）|镍铁库存|镍铁折镍价|镍铁进口量,镍铁理论利润（RKEF 山东）,69.33,a10020849,模糊待人工确认,Y
THS-NI-7.2,NI,4,镍矿成本（元/吨）,ni_73_cost|ni_324_cost|wr253|ni_71_cost_nickel_ore|ni_71_cost_h2so4,70.91|70.91|52.0|40.0|32.5,低镍生铁：成本（日）|低镍生铁：成本（日）|印尼镍矿价格（HPM 1.6%）|Ramu镍钴矿：镍：实际现金成本：镍28公司（季）|硫酸镍：生产成本：中国：氢氧化镍加工工艺（日）,低镍生铁：成本（日）,70.91,ID01360199,高置信,Y
THS-NI-7.2,NI,5,TC（美元/吨干矿）,TC|cu_44_tc_conc|cu_25_tc_conc|cu_315_import_conc|si_51_util_2,40.0|22.22|18.18|18.18|18.18,TC加工费|铜精矿：长单TC价（年）|铜精矿：现货TC指导价（季）|铜精矿：进口：TC指数（周）|有机硅DMC开工率,TC加工费,40.0,ID01002200,模糊待人工确认,Y
THS-NI-7.2,NI,6,高冰镍日度利润（元/吨）,wr259|wr245|wr246|ni_25_percentile_price|ni_25_percentile_price_2,59.99|40.0|40.0|37.14|37.14,镍铁理论利润（RKEF 山东）|印尼冰镍产量（分品味）|印尼冰镍产量（高冰镍+低冰镍）|SMM: 电解镍进口盈亏（沪伦价格差）: 日度|SMM: 电解镍进口盈亏（沪伦价格差）: 日度,镍铁理论利润（RKEF 山东）,59.99,a10020849,模糊待人工确认,Y
THS-NI-7.2,NI,7,加工费（元/吨）,TC|wr199|wr158|wr159|wr160,60.0|42.86|37.5|37.5|37.5,TC加工费|锡冶炼厂加工费|锂辉石加工费 四川|锂辉石加工费 山东|锂辉石加工费 江苏,TC加工费,60.0,ID01002200,模糊待人工确认,Y
THS-NI-7.2,NI,8,精炼镍日度利润（元/吨）,wr259|wr242|wr247|ni_321_capacity_util|ni_312_output,59.99|55.72|55.72|54.74|49.53,镍铁理论利润（RKEF 山东）|中国精炼镍产量|印尼精炼镍产量|精炼镍：产能利用率：中国（月）|精炼镍：二级：产量：澳大利亚（季）,镍铁理论利润（RKEF 山东）,59.99,a10020849,模糊待人工确认,Y
THS-NI-7.2,NI,9,镍冶炼日度利润分位（%）,wr259|ni_25_percentile_price|ni_25_percentile_price_2|ni_25_price|ni_21_warrant,52.0|33.92|33.92|33.92|30.0,镍铁理论利润（RKEF 山东）|SMM: 电解镍进口盈亏（沪伦价格差）: 日度|SMM: 电解镍进口盈亏（沪伦价格差）: 日度|SMM: 电解镍进口盈亏（沪伦价格差）: 日度|SHFE: 镍: 仓单日报: 期货: 日度,镍铁理论利润（RKEF 山东）,52.0,a10020849,模糊待人工确认,Y
THS-NI-7.2,NI,10,镍价（元/吨）,wr256|wr253|wr254|wr257|wr267,86.67|65.0|52.0|52.0|43.33,镍铁价格（江苏，7%≤Ni≤13%）|印尼镍矿价格（HPM 1.6%）|硫酸镍价格|镍铁折镍价|镍铁库存,镍铁价格（江苏，7%≤Ni≤13%）,86.67,ID00185681,高置信,Y
THS-NI-7.2,NI,11,镍冶炼日度利润（元/吨）,wr259|ni_25_percentile_price|ni_25_percentile_price_2|ni_25_price|ni_21_warrant,59.99|37.14|37.14|37.14|32.5,镍铁理论利润（RKEF 山东）|SMM: 电解镍进口盈亏（沪伦价格差）: 日度|SMM: 电解镍进口盈亏（沪伦价格差）: 日度|SMM: 电解镍进口盈亏（沪伦价格差）: 日度|SHFE: 镍: 仓单日报: 期货: 日度,镍铁理论利润（RKEF 山东）,59.99,a10020849,模糊待人工确认,Y
THS-NI-7.2,NI,12,近3年同日利润均值（元/吨）,li_25_profit_5|li_25_by_route_profit|li_25_by_route_profit_2|wr45|al_25_profit,28.57|28.57|28.57|28.57|26.67,分路线利润|分路线利润|分路线利润|氧化铝利润|电解铝：利润（月）,分路线利润,28.57,a12795960,无候选/低置信,Y
THS-NI-7.2,NI,13,近3年同日利润标准差（元/吨）,wr172|li_25_profit_5|li_25_by_route_profit|li_25_by_route_profit_2|wr45,31.58|26.67|26.67|26.67|26.67,沪锡近半年月差变化|分路线利润|分路线利润|分路线利润|氧化铝利润,沪锡近半年月差变化,31.58,a12841510,无候选/低置信,Y
THS-NI-7.2,NI,14,镍精矿TC（美元/吨干矿）,wr253|ni_61_import_nickel_ore|ni_61_import_nickel_ore_3|ni_73_nickel_ore_arrival|wr256,47.27|28.89|28.89|28.89|28.89,印尼镍矿价格（HPM 1.6%）|镍矿：进口数量：印尼→中国（月）|镍矿：进口数量：印尼→中国（月）|镍矿：到港量：菲律宾→中国（日）|镍铁价格（江苏，7%≤Ni≤13%）,印尼镍矿价格（HPM 1.6%）,47.27,s22793258,模糊待人工确认,Y
THS-NI-7.2,NI,15,电解镍日度利润（元/吨）、沪镍主力合约收盘价（元/吨）、电解镍现金成本（元/吨）,ni_21_close_front|ni_25_percentile_price|ni_25_percentile_price_2|ni_25_price|ni_71_cost_nickel_ore,47.89|34.22|34.22|34.22|33.92,SHFE：镍：主力合约：收盘价（日）|SMM: 电解镍进口盈亏（沪伦价格差）: 日度|SMM: 电解镍进口盈亏（沪伦价格差）: 日度|SMM: 电解镍进口盈亏（沪伦价格差）: 日度|Ramu镍钴矿：镍：实际现金成本：镍28公司（季）,SHFE：镍：主力合约：收盘价（日）,47.89,FU00014997,模糊待人工确认,Y
THS-NI-7.2,NI,16,镍铁一体化日度利润（元/吨）、镍矿成本（元/吨）、TC（美元/吨干矿）,wr259|ni_73_cost|ni_324_cost|wr257|ni_72_profit_nickel_powder,45.21|43.33|43.33|35.45|31.71,镍铁理论利润（RKEF 山东）|低镍生铁：成本（日）|低镍生铁：成本（日）|镍铁折镍价|精炼镍：生产利润：中国：红土镍矿：高冰镍加工工艺（日）,镍铁理论利润（RKEF 山东）,45.21,a10020849,模糊待人工确认,Y
THS-NI-7.2,NI,17,高冰镍日度利润（元/吨）、镍矿成本（元/吨）、加工费（元/吨）,ni_72_profit_2|ni_324_profit_h2so4|ni_71_cost_h2so4|wr259|ni_71_cost_nickel_powder,41.05|41.05|36.11|35.45|34.22,精炼镍：生产利润：中国：外采：硫酸镍加工工艺（日）|精炼镍：生产利润：中国：外采：硫酸镍加工工艺（日）|硫酸镍：生产成本：中国：氢氧化镍加工工艺（日）|镍铁理论利润（RKEF 山东）|精炼镍：生产成本：中国：外采：高冰镍加工工艺（日）,精炼镍：生产利润：中国：外采：硫酸镍加工工艺（日）,41.05,ID01959853,模糊待人工确认,Y
THS-NI-7.2,NI,18,印尼高冰镍完全成本：利润（周度）,wr245|wr246|wr248|wr253|wr259,57.77|57.77|43.33|43.33|43.33,印尼冰镍产量（分品味）|印尼冰镍产量（高冰镍+低冰镍）|印尼镍铁产量|印尼镍矿价格（HPM 1.6%）|镍铁理论利润（RKEF 山东）,印尼冰镍产量（分品味）,57.77,ID01858105,模糊待人工确认,Y
THS-NI-7.2,NI,19,分原料硫酸镍利润（元/镍吨）（MHP/高冰镍/镍豆）,wr254|wr259|wr241|wr273|wr274,59.99|55.72|52.0|48.75|48.75,硫酸镍价格|镍铁理论利润（RKEF 山东）|中国硫酸镍产量|中国硫酸镍出口量|中国硫酸镍进口量,硫酸镍价格,59.99,ID01722282,模糊待人工确认,Y
THS-NI-7.2,NI,20,分原料硫酸镍利润（元/镍吨）,wr254|wr259|wr241|wr273|wr274,59.99|55.72|52.0|48.75|48.75,硫酸镍价格|镍铁理论利润（RKEF 山东）|中国硫酸镍产量|中国硫酸镍出口量|中国硫酸镍进口量,硫酸镍价格,59.99,ID01722282,模糊待人工确认,Y
THS-NI-7.2,NI,21,镍进口盈亏（元/吨）,ni_41_import|ni_61_import_3|ni_62_import|wr275|ni_32_import_nickel_ferrous,100|100|100|78.0|68.42,镍豆：进口盈亏（日）|镍豆：进口盈亏（日）|镍豆：进口盈亏（日）|镍铁进口量|镍铁：印尼产：进口盈亏：中国（日）,镍豆：进口盈亏（日）,100,ID00408378,高置信,Y
THS-NI-7.2,NI,22,电解镍进口盈亏（元/吨）,ni_41_import|ni_61_import_3|ni_62_import|ni_25_percentile_price|ni_25_percentile_price_2,92.86|92.86|92.86|65.0|65.0,镍豆：进口盈亏（日）|镍豆：进口盈亏（日）|镍豆：进口盈亏（日）|SMM: 电解镍进口盈亏（沪伦价格差）: 日度|SMM: 电解镍进口盈亏（沪伦价格差）: 日度,镍豆：进口盈亏（日）,92.86,ID00408378,高置信,Y
THS-NI-7.2,NI,23,镍出口盈亏（元/吨）,ni_41_import|ni_61_import_3|ni_62_import|wr273|ni_25_percentile_price,86.67|86.67|86.67|59.99|54.74,镍豆：进口盈亏（日）|镍豆：进口盈亏（日）|镍豆：进口盈亏（日）|中国硫酸镍出口量|SMM: 电解镍进口盈亏（沪伦价格差）: 日度,镍豆：进口盈亏（日）,86.67,ID00408378,高置信,Y
THS-NI-7.2,NI,24,电解镍出口盈亏（元/吨）,ni_25_percentile_price|ni_25_percentile_price_2|ni_25_price|ni_41_import|ni_61_import_3,74.28|74.28|74.28|74.28|74.28,SMM: 电解镍进口盈亏（沪伦价格差）: 日度|SMM: 电解镍进口盈亏（沪伦价格差）: 日度|SMM: 电解镍进口盈亏（沪伦价格差）: 日度|镍豆：进口盈亏（日）|镍豆：进口盈亏（日）,SMM: 电解镍进口盈亏（沪伦价格差）: 日度,74.28,a10000206,高置信,Y
THS-NI-7.3,NI,0,电价（元/度）,si_71_power|si_71_power_2|si_71_power_3|si_71_power_4|wr112,40.0|40.0|40.0|40.0|36.36,工业硅电价|工业硅电价|工业硅电价|工业硅电价|电池级氢氧化锂(微粉) 价格,工业硅电价,40.0,ID01857527,模糊待人工确认,Y
THS-NI-7.3,NI,1,电解镍现金成本（元/吨）,ni_73_cost|ni_324_cost|ni_71_cost_nickel_ore|ni_71_cost_6|ni_25_percentile_price,55.72|55.72|44.82|44.82|37.14,低镍生铁：成本（日）|低镍生铁：成本（日）|Ramu镍钴矿：镍：实际现金成本：镍28公司（季）|镍生铁：RKEF工艺：现金成本：科纳韦：美元计（日）|SMM: 电解镍进口盈亏（沪伦价格差）: 日度,低镍生铁：成本（日）,55.72,ID01360199,模糊待人工确认,Y
THS-NI-7.3,NI,2,镍矿成本（元/吨）,ni_73_cost|ni_324_cost|wr253|ni_71_cost_nickel_ore|ni_71_cost_h2so4,70.91|70.91|52.0|40.0|32.5,低镍生铁：成本（日）|低镍生铁：成本（日）|印尼镍矿价格（HPM 1.6%）|Ramu镍钴矿：镍：实际现金成本：镍28公司（季）|硫酸镍：生产成本：中国：氢氧化镍加工工艺（日）,低镍生铁：成本（日）,70.91,ID01360199,高置信,Y
THS-NI-7.3,NI,3,镍精矿TC（美元/吨干矿）,wr253|ni_61_import_nickel_ore|ni_61_import_nickel_ore_3|ni_73_nickel_ore_arrival|wr256,47.27|28.89|28.89|28.89|28.89,印尼镍矿价格（HPM 1.6%）|镍矿：进口数量：印尼→中国（月）|镍矿：进口数量：印尼→中国（月）|镍矿：到港量：菲律宾→中国（日）|镍铁价格（江苏，7%≤Ni≤13%）,印尼镍矿价格（HPM 1.6%）,47.27,s22793258,模糊待人工确认,Y
THS-NI-7.3,NI,4,镍生铁/NPI成本（元/吨）,ni_73_cost|ni_324_cost|ni_71_cost_6|wr256|wr267,86.67|86.67|43.33|43.33|43.33,低镍生铁：成本（日）|低镍生铁：成本（日）|镍生铁：RKEF工艺：现金成本：科纳韦：美元计（日）|镍铁价格（江苏，7%≤Ni≤13%）|镍铁库存,低镍生铁：成本（日）,86.67,ID01360199,高置信,Y
THS-NI-7.3,NI,5,TC（美元/吨干矿）,TC|cu_44_tc_conc|cu_25_tc_conc|cu_315_import_conc|si_51_util_2,40.0|22.22|18.18|18.18|18.18,TC加工费|铜精矿：长单TC价（年）|铜精矿：现货TC指导价（季）|铜精矿：进口：TC指数（周）|有机硅DMC开工率,TC加工费,40.0,ID01002200,模糊待人工确认,Y
THS-NI-7.3,NI,6,高冰镍成本（元/吨）,ni_73_cost|ni_324_cost|wr245|wr246|wr271,65.0|65.0|47.27|47.27|43.33,低镍生铁：成本（日）|低镍生铁：成本（日）|印尼冰镍产量（分品味）|印尼冰镍产量（高冰镍+低冰镍）|中国冰镍进口量,低镍生铁：成本（日）,65.0,ID01360199,模糊待人工确认,Y
THS-NI-7.3,NI,7,加工费（元/吨）,TC|wr199|wr158|wr159|wr160,60.0|42.86|37.5|37.5|37.5,TC加工费|锡冶炼厂加工费|锂辉石加工费 四川|锂辉石加工费 山东|锂辉石加工费 江苏,TC加工费,60.0,ID01002200,模糊待人工确认,Y
THS-NI-7.3,NI,8,精炼镍成本（元/吨）,ni_73_cost|ni_324_cost|wr242|wr247|ni_311_output,65.0|65.0|65.0|65.0|55.72,低镍生铁：成本（日）|低镍生铁：成本（日）|中国精炼镍产量|印尼精炼镍产量|精炼镍：产量：印尼（月）,低镍生铁：成本（日）,65.0,ID01360199,模糊待人工确认,Y
THS-NI-7.3,NI,9,能源/原料成本总量（元/吨）,wr232|sn_71_cost|sn_71_cost_percentile|sn_71_cost_2|sn_71_cost_3,36.36|33.33|33.33|33.33|33.33,工业硅成本|精炼锡：成本（日）|精炼锡：成本（日）|精炼锡：成本（日）|精炼锡：成本（日）,工业硅成本,36.36,ID01523500,无候选/低置信,Y
THS-NI-7.3,NI,10,近3年同月成本均值（元/吨）,wr172|wr21|wr232|sn_71_cost|sn_71_cost_percentile,33.33|30.0|28.57|26.67|26.67,沪锡近半年月差变化|SHFE铝近3月虚实比|工业硅成本|精炼锡：成本（日）|精炼锡：成本（日）,沪锡近半年月差变化,33.33,a12841510,无候选/低置信,Y
THS-NI-7.3,NI,11,近3年同月成本标准差（元/吨）,wr172|wr21|wr232|al_23_lme_volume|ni_21_volume_top20,42.11|28.57|26.67|25.0|25.0,沪锡近半年月差变化|SHFE铝近3月虚实比|工业硅成本|LME：铝：3个月合约：成交量（日）|LME：镍：3个月合约：成交量（日）,沪锡近半年月差变化,42.11,a12841510,模糊待人工确认,Y
THS-NI-7.3,NI,12,沪镍主力合约收盘价（元/吨）,ni_21_close_front|wr256|wr254|wr257|ni_21_volume_front,82.73|43.33|40.0|40.0|38.52,SHFE：镍：主力合约：收盘价（日）|镍铁价格（江苏，7%≤Ni≤13%）|硫酸镍价格|镍铁折镍价|SHFE：镍：主力合约：单边交易：成交量（日）,SHFE：镍：主力合约：收盘价（日）,82.73,FU00014997,高置信,Y
THS-NI-7.3,NI,13,印尼镍矿HPM基准价（美元/湿吨）,wr253|wr245|wr246|wr248|wr247,81.25|48.75|48.75|48.75|45.88,印尼镍矿价格（HPM 1.6%）|印尼冰镍产量（分品味）|印尼冰镍产量（高冰镍+低冰镍）|印尼镍铁产量|印尼精炼镍产量,印尼镍矿价格（HPM 1.6%）,81.25,s22793258,高置信,Y
THS-NI-7.3,NI,14,菲律宾镍矿离港量（万吨）,ni_73_inv_nickel_ore|ni_31_inv_nickel_ore_2|wr275|ni_61_import_nickel_ore|ni_61_import_nickel_ore_3,65.0|40.0|40.0|37.14|37.14,菲律宾镍矿：港口库存：12个港口（周）|镍矿：菲律宾产：港口库存：14个港口（周）|镍铁进口量|镍矿：进口数量：印尼→中国（月）|镍矿：进口数量：印尼→中国（月）,菲律宾镍矿：港口库存：12个港口（周）,65.0,ID00188248,模糊待人工确认,Y
THS-NI-7.3,NI,15,镍矿港口库存（万吨）,wr267|ni_73_inv_nickel_ore|ni_31_inv_nickel_ore|ni_31_inv_nickel_ore_2|wr260,78.0|70.91|67.82|65.0|65.0,镍铁库存|菲律宾镍矿：港口库存：12个港口（周）|镍矿：印尼产：港口库存：14个港口（周）|镍矿：菲律宾产：港口库存：14个港口（周）|LME镍库存,镍铁库存,78.0,a12854683,高置信,Y
THS-NI-7.3,NI,16,菲律宾至中国海运费（美元/湿吨）,ni_73_nickel_ore_arrival|ni_314_import_4|i17|i41|li_63_idx,45.45|43.48|33.33|33.33|33.33,镍矿：到港量：菲律宾→中国（日）|镍矿：进口数量：菲律宾→中国（月）|中国海关铅锭进口量|中国海关铅锭出口量|中国),镍矿：到港量：菲律宾→中国（日）,45.45,ID01537472,模糊待人工确认,Y
THS-NI-7.3,NI,17,中国镍矿到港量（万吨）,wr243|wr241|wr242|wr271|wr273,80.0|74.28|74.28|74.28|69.33,中国镍铁产量|中国硫酸镍产量|中国精炼镍产量|中国冰镍进口量|中国硫酸镍出口量,中国镍铁产量,80.0,ID01002124,高置信,Y
THS-NI-7.3,NI,18,原图数,i15|j53_regen_days|zn_312_raw_days|wr25|i4,33.33|26.67|23.53|22.22|20.0,再生铅原料库存天数|SMM 再生铅原料库存天数|锌精矿：原料：库存天数：中国（周）|原铝进口-印度|原生铅成品库存,再生铅原料库存天数,33.33,a12810628,无候选/低置信,Y
THS-NI-7.3,NI,19,删除图数,li_61_import_total|i15|li_61_import|li_26_price_spot|li_44_inv,18.18|15.38|15.38|15.38|15.38,锂进口数量合计中国（月）|再生铅原料库存天数|碳酸锂进口数量中国（季）|碳酸锂现货价格指数|碳酸锂工厂库存天数,锂进口数量合计中国（月）,18.18,ID01485909,无候选/低置信,Y
THS-NI-7.3,NI,20,新增图数,li_61_import_total|li_52_energy|wr209|wr204|i15,18.18|18.18|18.18|16.67|15.38,锂进口数量合计中国（月）|新能源汽车销量|新疆工业硅价格(SMM)|周产量-金属硅-新疆|再生铅原料库存天数,锂进口数量合计中国（月）,18.18,ID01485909,无候选/低置信,Y
THS-NI-7.3,NI,21,最终图数,li_61_import_total|si_52_cons|i15|li_61_import|li_26_price_spot,18.18|16.67|15.38|15.38|15.38,锂进口数量合计中国（月）|工业硅终端消费量|再生铅原料库存天数|碳酸锂进口数量中国（季）|碳酸锂现货价格指数,锂进口数量合计中国（月）,18.18,ID01485909,无候选/低置信,Y
THS-NI-7.3,NI,22,8,wr219|ni_63_inv_steel|zn_313_h2so4|zn_313_h2so4_2|zn_25_tc_conc_2,9.09|5.88|5.88|5.88|5.26,硅片价格-N型182mm|不锈钢：78家样本企业：库存：中国（周）|硫酸：98%：出厂价：山东：无棣鑫岳（日）|硫酸：98%：出厂价：山东：齐成石化（日）|锌精矿：48%Zn：远期现货TC价：中国（日）,硅片价格-N型182mm,9.09,ID01994882,无候选/低置信,Y
THS-NI-7.3,NI,23,4,wr205|wr206|wr207|si_24_spot|si_24_spot_6,11.11|11.11|11.11|10.0|10.0,工业硅价格-421#(昆明)|工业硅价格-441#(华东)|工业硅价格-441#(天津港)|工业硅现货价421#|工业硅现货价421#,工业硅价格-421#(昆明),11.11,a10154493,无候选/低置信,Y
THS-NI-7.3,NI,24,2,li_26_top20_openinterest|li_26_openinterest_top20_long|li_26_openinterest_top20_long_2|li_26_openinterest_top20_long_3|li_26_openinterest_top20_short,12.5|12.5|12.5|12.5|12.5,空头前20持仓量|多头前20持仓量|多头前20持仓量|多头前20持仓量|空头前20持仓量,空头前20持仓量,12.5,FU00085347,无候选/低置信,Y
THS-NI-7.3,NI,25,6,wr12|wr13|al_00_inv|cu_323_output_recycle|cu_46_output_recycle,9.09|9.09|6.67|5.56|5.56,1A60铝杆加工费-内蒙|1A60铝杆加工费-山东|铝棒：6063：现货库存：中国（日）|再生铜杆：64家样本企业：产量：中国（月）|再生铜杆：64家样本企业：产量：江西（月）,1A60铝杆加工费-内蒙,9.09,s20016761,无候选/低置信,Y
THS-NI-7.3,NI,26,9,zn_313_h2so4|zn_313_h2so4_2|si_314_import_3|si_314_import_4|si_315_import_industrial_si,5.88|5.88|5.0|5.0|5.0,硫酸：98%：出厂价：山东：无棣鑫岳（日）|硫酸：98%：出厂价：山东：齐成石化（日）|工业硅：Si＜99.99%：进口数量：江苏（月）|工业硅：Si＜99.99%：进口数量：江苏（月）|工业硅：Si＜99.99%：进口数量：江苏（月）,硫酸：98%：出厂价：山东：无棣鑫岳（日）,5.88,ID01563956,无候选/低置信,Y
THS-SI-2.1,SI,0,工业硅期货主力合约收盘价（元/吨）,si_21_close_front|si_21_close_front_industrial_si|si_23_close|si_23_close_2|si_24_close_near_industrial_si,100|86.67|86.67|86.67|86.67,工业硅主力合约收盘价|GFEX：工业硅：主力合约：收盘价（日）|GFEX：工业硅：主力合约：收盘价（日）|GFEX：工业硅：主力合约：收盘价（日）|GFEX：工业硅：主力合约：收盘价（日）,工业硅主力合约收盘价,100,a10154400,高置信,Y
THS-SI-2.1,SI,1,工业硅期货持仓量（手）,si_21_openinterest_front|si_23_spread_futures|si_26_top20_openinterest|si_26_openinterest_top20_long|si_26_openinterest_top20_long_2,91.77|86.67|82.11|82.11|82.11,工业硅主力合约持仓量|工业硅期货月差|工业硅空头前20持仓量|工业硅多头前20持仓量|工业硅多头前20持仓量,工业硅主力合约持仓量,91.77,a10154412,高置信,Y
THS-SI-2.1,SI,2,工业硅期货日度成交量（手）,si_21_volume_front|si_23_spread_futures|wr232|wr201|si_61_import_3,82.11|76.47|69.33|68.42|65.0,工业硅主力合约成交量|工业硅期货月差|工业硅成本|中国工业硅周度产量|工业硅进口量,工业硅主力合约成交量,82.11,a10154413,高置信,Y
THS-SI-2.1,SI,3,工业硅期货日度持仓量（手）,si_21_openinterest_front|si_23_spread_futures|si_26_top20_openinterest|si_26_openinterest_top20_long|si_26_openinterest_top20_long_2,82.11|76.47|74.28|74.28|74.28,工业硅主力合约持仓量|工业硅期货月差|工业硅空头前20持仓量|工业硅多头前20持仓量|工业硅多头前20持仓量,工业硅主力合约持仓量,82.11,a10154412,高置信,Y
THS-SI-2.1,SI,4,工业硅期货日度持仓量分位（%）,si_21_openinterest_front|si_23_spread_futures|si_26_top20_openinterest|si_26_openinterest_top20_long|si_26_openinterest_top20_long_2,74.28|68.42|67.82|67.82|67.82,工业硅主力合约持仓量|工业硅期货月差|工业硅空头前20持仓量|工业硅多头前20持仓量|工业硅多头前20持仓量,工业硅主力合约持仓量,74.28,a10154412,高置信,Y
THS-SI-2.1,SI,5,工业硅期货日度多空持仓比（%）,si_23_spread_futures|si_26_top20_openinterest|si_26_openinterest_top20_long|si_26_openinterest_top20_long_2|si_26_openinterest_top20_long_3,68.42|67.82|67.82|67.82|67.82,工业硅期货月差|工业硅空头前20持仓量|工业硅多头前20持仓量|工业硅多头前20持仓量|工业硅多头前20持仓量,工业硅期货月差,68.42,FU00039384,模糊待人工确认,Y
THS-SI-2.1,SI,6,工业硅期货日度基差（元/吨）,si_23_spread_futures|si_22_basis|si_21_basis_industrial_si|si_22_basis_industrial_si|si_24_basis_industrial_si,97.5|92.86|65.0|65.0|65.0,工业硅期货月差|工业硅基差|GFEX：工业硅：基差（日）|GFEX：工业硅：基差（日）|GFEX：工业硅：基差（日）,工业硅期货月差,97.5,FU00039384,高置信,Y
THS-SI-2.1,SI,7,工业硅期货日度仓单注册量（吨）,si_23_spread_futures|si_21_warrant_industrial_si|si_22_warrant_industrial_si|si_24_warrant_industrial_si|si_42_warrant_ratio_industrial_si,68.42|62.4|62.4|62.4|62.4,工业硅期货月差|GFEX：工业硅：仓单数量（日）|GFEX：工业硅：仓单数量（日）|GFEX：工业硅：仓单数量（日）|GFEX：工业硅：仓单数量（日）,工业硅期货月差,68.42,FU00039384,模糊待人工确认,Y
THS-SI-2.1,SI,8,工业硅期货日度月差（元/吨）,si_23_spread_futures|si_22_basis|si_321_output|si_321_capacity_2|si_323_output_recycle,100|74.28|61.18|61.18|61.18,工业硅期货月差|工业硅基差|工业硅精炼月产量|工业硅精炼月产能|工业硅再生月产量,工业硅期货月差,100,FU00039384,高置信,Y
THS-SI-2.1,SI,9,近3年同日持仓量均值（手）,wr171|al_23_lme_oi|li_21_openinterest_futures|li_26_top20_openinterest|li_26_openinterest_top20_long,37.5|33.33|33.33|33.33|33.33,沪锡总持仓量|LME：铝：3个月合约：持仓量（日）|碳酸锂期货持仓量|空头前20持仓量|多头前20持仓量,沪锡总持仓量,37.5,a10177562,无候选/低置信,Y
THS-SI-2.1,SI,10,近3年同日持仓量标准差（手）,wr171|al_23_lme_oi|li_21_openinterest_futures|li_26_top20_openinterest|li_26_openinterest_top20_long,35.29|32.0|31.58|31.58|31.58,沪锡总持仓量|LME：铝：3个月合约：持仓量（日）|碳酸锂期货持仓量|空头前20持仓量|多头前20持仓量,沪锡总持仓量,35.29,a10177562,无候选/低置信,Y
THS-SI-2.2,SI,0,工业硅现货升贴水（元/吨）,si_24_spot|si_24_spot_2|si_24_spot_3|si_24_spot_4|si_24_spot_5,72.23|72.23|72.23|72.23|72.23,工业硅现货价421#|工业硅现货价553#|工业硅现货价553#|工业硅现货价553#|工业硅现货价553#,工业硅现货价421#,72.23,ID01297273,高置信,Y
THS-SI-2.2,SI,1,工业硅期货主力合约收盘价（元/吨）,si_21_close_front|si_21_close_front_industrial_si|si_23_close|si_23_close_2|si_24_close_near_industrial_si,100|86.67|86.67|86.67|86.67,工业硅主力合约收盘价|GFEX：工业硅：主力合约：收盘价（日）|GFEX：工业硅：主力合约：收盘价（日）|GFEX：工业硅：主力合约：收盘价（日）|GFEX：工业硅：主力合约：收盘价（日）,工业硅主力合约收盘价,100,a10154400,高置信,Y
THS-SI-2.2,SI,2,工业硅基差（元/吨）,si_22_basis|si_23_spread_futures|si_21_basis_industrial_si|si_22_basis_industrial_si|si_24_basis_industrial_si,100|86.67|81.25|81.25|81.25,工业硅基差|工业硅期货月差|GFEX：工业硅：基差（日）|GFEX：工业硅：基差（日）|GFEX：工业硅：基差（日）,工业硅基差,100,a12841761,高置信,Y
THS-SI-2.2,SI,3,工业硅现货价格（元/吨）,wr209|si_24_spot|si_24_spot_2|si_24_spot_3|si_24_spot_4,92.86|91.77|91.77|91.77|91.77,新疆工业硅价格(SMM)|工业硅现货价421#|工业硅现货价553#|工业硅现货价553#|工业硅现货价553#,新疆工业硅价格(SMM),92.86,ID01305501,高置信,Y
THS-SI-2.2,SI,4,工业硅仓单注册量（吨）,si_21_openinterest_front|si_41_warrant_total|si_21_warrant_industrial_si|si_22_warrant_industrial_si|si_24_warrant_industrial_si,76.47|76.47|74.28|74.28|74.28,工业硅主力合约持仓量|GFEX工业硅仓单总量|GFEX：工业硅：仓单数量（日）|GFEX：工业硅：仓单数量（日）|GFEX：工业硅：仓单数量（日）,工业硅主力合约持仓量,76.47,a10154412,高置信,Y
THS-SI-2.2,SI,5,工业硅进口盈亏（元/吨）,si_61_import_3|si_321_import|si_61_by_country_import|si_321_import_2|si_62_export,100.0|81.25|81.25|81.25|80.0,工业硅进口量|工业硅精炼月进口量|工业硅进口量分国别|工业硅精炼月进口量|工业硅出口量,工业硅进口量,100.0,CM0000287718,高置信,Y
THS-SI-2.2,SI,6,工业硅沪伦比（倍）,si_22_basis|si_71_power|si_71_power_2|si_71_power_3|si_71_power_4,70.91|70.91|70.91|70.91|70.91,工业硅基差|工业硅电价|工业硅电价|工业硅电价|工业硅电价,工业硅基差,70.91,a12841761,高置信,Y
THS-SI-2.2,SI,7,工业硅月差（元/吨）,si_22_basis|si_23_spread_futures|si_321_output|si_321_capacity_2|si_323_output_recycle,100|100|80.0|80.0|80.0,工业硅基差|工业硅期货月差|工业硅精炼月产量|工业硅精炼月产能|工业硅再生月产量,工业硅基差,100,a12841761,高置信,Y
THS-SI-2.2,SI,8,近3年同日升贴水均值（元/吨）,wr249|j23_lme_0to3|j23_lme_sp3|wr168|wr169,42.11|40.0|35.29|35.29|35.29,LME C-3M升贴水|LME 铅0-3月升贴水|LME 铅(现货/三个月)升贴水|LME锡升贴水|国内品牌升贴水,LME C-3M升贴水,42.11,j02797787,模糊待人工确认,Y
THS-SI-2.2,SI,9,近3年同日升贴水标准差（元/吨）,wr249|j23_lme_0to3|j23_lme_sp3|zn_21_lme_03|wr168,40.0|38.1|33.33|33.33|33.33,LME C-3M升贴水|LME 铅0-3月升贴水|LME 铅(现货/三个月)升贴水|LME: 锌0-3升贴水: 日度|LME锡升贴水,LME C-3M升贴水,40.0,j02797787,模糊待人工确认,Y
THS-SI-2.3,SI,0,LME工业硅收盘价（美元/吨）,si_21_close_front|si_71_power|si_71_power_2|si_71_power_3|si_71_power_4,86.67|74.28|74.28|74.28|74.28,工业硅主力合约收盘价|工业硅电价|工业硅电价|工业硅电价|工业硅电价,工业硅主力合约收盘价,86.67,a10154400,高置信,Y
THS-SI-2.3,SI,1,LME工业硅持仓量（手）,si_21_openinterest_front|si_26_top20_openinterest|si_26_openinterest_top20_long|si_26_openinterest_top20_long_2|si_26_openinterest_top20_long_3,86.67|78.0|78.0|78.0|78.0,工业硅主力合约持仓量|工业硅空头前20持仓量|工业硅多头前20持仓量|工业硅多头前20持仓量|工业硅多头前20持仓量,工业硅主力合约持仓量,86.67,a10154412,高置信,Y
THS-SI-2.3,SI,2,COMEX工业硅收盘价（美元/磅）,si_21_close_front|si_21_close_front_industrial_si|si_23_close|si_23_close_2|si_24_close_near_industrial_si,78.0|77.04|77.04|77.04|77.04,工业硅主力合约收盘价|GFEX：工业硅：主力合约：收盘价（日）|GFEX：工业硅：主力合约：收盘价（日）|GFEX：工业硅：主力合约：收盘价（日）|GFEX：工业硅：主力合约：收盘价（日）,工业硅主力合约收盘价,78.0,a10154400,高置信,Y
THS-SI-2.3,SI,3,COMEX工业硅持仓量（手）,si_21_openinterest_front|si_41_warrant_total|si_21_warrant_industrial_si|si_22_warrant_industrial_si|si_24_warrant_industrial_si,78.0|78.0|75.83|75.83|75.83,工业硅主力合约持仓量|GFEX工业硅仓单总量|GFEX：工业硅：仓单数量（日）|GFEX：工业硅：仓单数量（日）|GFEX：工业硅：仓单数量（日）,工业硅主力合约持仓量,78.0,a10154412,高置信,Y
THS-SI-2.3,SI,4,沪伦比（倍）,wr173|j22_shfe_ratio|wr170|wr171|al_62_lunlun,75.0|30.0|22.22|22.22|21.43,锡沪伦比|SMM 沪伦比值 铅 现货|沪锡价格走势|沪锡总持仓量|Mysteel：铝：沪伦比值（日）,锡沪伦比,75.0,ID01895225,高置信,Y
THS-SI-2.3,SI,5,工业硅进口盈亏（元/吨）,si_61_import_3|si_321_import|si_61_by_country_import|si_321_import_2|si_62_export,100.0|81.25|81.25|81.25|80.0,工业硅进口量|工业硅精炼月进口量|工业硅进口量分国别|工业硅精炼月进口量|工业硅出口量,工业硅进口量,100.0,CM0000287718,高置信,Y
THS-SI-2.3,SI,6,LME工业硅现货升贴水（美元/吨）,si_24_spot|si_24_spot_2|si_24_spot_3|si_24_spot_4|si_24_spot_5,61.91|61.91|61.91|61.91|61.91,工业硅现货价421#|工业硅现货价553#|工业硅现货价553#|工业硅现货价553#|工业硅现货价553#,工业硅现货价421#,61.91,ID01297273,模糊待人工确认,Y
THS-SI-2.3,SI,7,COMEX工业硅现货升贴水（美元/磅）,si_41_warrant_total|si_24_spot|si_24_spot_2|si_24_spot_3|si_24_spot_4,59.09|56.52|56.52|56.52|56.52,GFEX工业硅仓单总量|工业硅现货价421#|工业硅现货价553#|工业硅现货价553#|工业硅现货价553#,GFEX工业硅仓单总量,59.09,a10175359,模糊待人工确认,Y
THS-SI-2.3,SI,8,LME工业硅现金价格（美元/吨）,si_71_cash_cost|si_71_cost_cash|wr209|si_71_power|si_71_power_2,76.47|76.47|76.47|69.33|69.33,工业硅现金成本|工业硅现金成本|新疆工业硅价格(SMM)|工业硅电价|工业硅电价,工业硅现金成本,76.47,ID02313948,高置信,Y
THS-SI-2.3,SI,9,LME工业硅3个月期货收盘价（美元/吨）,si_21_close_front|si_23_spread_futures|si_21_close_front_industrial_si|si_23_close|si_23_close_2,67.82|61.91|60.67|60.67|60.67,工业硅主力合约收盘价|工业硅期货月差|GFEX：工业硅：主力合约：收盘价（日）|GFEX：工业硅：主力合约：收盘价（日）|GFEX：工业硅：主力合约：收盘价（日）,工业硅主力合约收盘价,67.82,a10154400,模糊待人工确认,Y
THS-SI-2.3,SI,10,近3年同日收盘价均值（美元/吨）,li_24_close_near_2|sn_23_lme_close_3m|zn_23_lme_3m|cu_24_lme_close|cu_25_lme_close_front,50.0|40.0|34.78|33.33|33.33,近月合约收盘价|锡：3个月合约：收盘价（日）|LME: 锌 3M收盘价: 日度|LME：铜：3个月合约：收盘价（日）|LME：铜：3个月合约：收盘价（日）,近月合约收盘价,50.0,a12841695,模糊待人工确认,Y
THS-SI-2.3,SI,11,近3年同日收盘价标准差（美元/吨）,li_24_close_near_2|sn_23_lme_close_3m|zn_23_lme_3m|cu_24_lme_close|cu_25_lme_close_front,47.06|38.1|33.33|32.0|32.0,近月合约收盘价|锡：3个月合约：收盘价（日）|LME: 锌 3M收盘价: 日度|LME：铜：3个月合约：收盘价（日）|LME：铜：3个月合约：收盘价（日）,近月合约收盘价,47.06,a12841695,模糊待人工确认,Y
THS-SI-2.4,SI,0,工业硅期货月差（元/吨）,si_23_spread_futures|si_22_basis|si_321_output|si_321_capacity_2|si_323_output_recycle,100|86.67|69.33|69.33|69.33,工业硅期货月差|工业硅基差|工业硅精炼月产量|工业硅精炼月产能|工业硅再生月产量,工业硅期货月差,100,FU00039384,高置信,Y
THS-SI-2.4,SI,1,工业硅期货主力合约收盘价（元/吨）,si_21_close_front|si_21_close_front_industrial_si|si_23_close|si_23_close_2|si_24_close_near_industrial_si,100|86.67|86.67|86.67|86.67,工业硅主力合约收盘价|GFEX：工业硅：主力合约：收盘价（日）|GFEX：工业硅：主力合约：收盘价（日）|GFEX：工业硅：主力合约：收盘价（日）|GFEX：工业硅：主力合约：收盘价（日）,工业硅主力合约收盘价,100,a10154400,高置信,Y
THS-SI-2.4,SI,2,工业硅期货近月合约收盘价（元/吨）,si_21_close_front|si_23_spread_futures|si_21_close_front_industrial_si|si_23_close|si_23_close_2,91.0|86.67|67.41|67.41|67.41,工业硅主力合约收盘价|工业硅期货月差|GFEX：工业硅：主力合约：收盘价（日）|GFEX：工业硅：主力合约：收盘价（日）|GFEX：工业硅：主力合约：收盘价（日）,工业硅主力合约收盘价,91.0,a10154400,高置信,Y
THS-SI-2.4,SI,3,工业硅期货远月合约收盘价（元/吨）,si_21_close_front|si_23_spread_futures|si_21_close_front_industrial_si|si_23_close|si_23_close_2,91.0|86.67|67.41|67.41|67.41,工业硅主力合约收盘价|工业硅期货月差|GFEX：工业硅：主力合约：收盘价（日）|GFEX：工业硅：主力合约：收盘价（日）|GFEX：工业硅：主力合约：收盘价（日）,工业硅主力合约收盘价,91.0,a10154400,高置信,Y
THS-SI-2.4,SI,4,工业硅期货仓单注册量（吨）,si_23_spread_futures|si_21_openinterest_front|si_41_warrant_total|si_21_warrant_industrial_si|si_22_warrant_industrial_si,76.47|68.42|68.42|67.82|67.82,工业硅期货月差|工业硅主力合约持仓量|GFEX工业硅仓单总量|GFEX：工业硅：仓单数量（日）|GFEX：工业硅：仓单数量（日）,工业硅期货月差,76.47,FU00039384,高置信,Y
THS-SI-2.4,SI,5,工业硅期货持仓量（手）,si_21_openinterest_front|si_23_spread_futures|si_26_top20_openinterest|si_26_openinterest_top20_long|si_26_openinterest_top20_long_2,91.77|86.67|82.11|82.11|82.11,工业硅主力合约持仓量|工业硅期货月差|工业硅空头前20持仓量|工业硅多头前20持仓量|工业硅多头前20持仓量,工业硅主力合约持仓量,91.77,a10154412,高置信,Y
THS-SI-2.4,SI,6,工业硅期货基差（元/吨）,si_22_basis|si_23_spread_futures|si_21_basis_industrial_si|si_22_basis_industrial_si|si_24_basis_industrial_si,100|100|72.23|72.23|72.23,工业硅基差|工业硅期货月差|GFEX：工业硅：基差（日）|GFEX：工业硅：基差（日）|GFEX：工业硅：基差（日）,工业硅基差,100,a12841761,高置信,Y
THS-SI-2.4,SI,7,近3年同日月差均值（元/吨）,wr172|wr21|li_24_close_near_2|si_23_spread_futures|li_24_spread_futures,44.44|30.0|26.67|25.0|25.0,沪锡近半年月差变化|SHFE铝近3月虚实比|近月合约收盘价|工业硅期货月差|碳酸锂期货月差,沪锡近半年月差变化,44.44,a12841510,模糊待人工确认,Y
THS-SI-2.4,SI,8,近3年同日月差标准差（元/吨）,wr172|wr21|li_24_close_near_2|si_23_spread_futures|li_24_spread_futures,42.11|28.57|25.0|23.53|23.53,沪锡近半年月差变化|SHFE铝近3月虚实比|近月合约收盘价|工业硅期货月差|碳酸锂期货月差,沪锡近半年月差变化,42.11,a12841510,模糊待人工确认,Y
THS-SI-2.5,SI,0,工业硅冶炼利润（元/吨）,si_25_profit_smelt|si_25_profit_smelt_2|si_25_cost_smelt|si_25_cost_smelt_2|si_321_output,100|100|92.86|92.86|69.33,工业硅冶炼利润|工业硅冶炼利润|工业硅冶炼成本|工业硅冶炼成本|工业硅精炼月产量,工业硅冶炼利润,100,ID01528164,高置信,Y
THS-SI-2.5,SI,1,工业硅期货主力合约收盘价（元/吨）,si_21_close_front|si_21_close_front_industrial_si|si_23_close|si_23_close_2|si_24_close_near_industrial_si,100|86.67|86.67|86.67|86.67,工业硅主力合约收盘价|GFEX：工业硅：主力合约：收盘价（日）|GFEX：工业硅：主力合约：收盘价（日）|GFEX：工业硅：主力合约：收盘价（日）|GFEX：工业硅：主力合约：收盘价（日）,工业硅主力合约收盘价,100,a10154400,高置信,Y
THS-SI-2.5,SI,2,多晶硅冶炼利润（元/吨）,si_25_profit_smelt|si_25_profit_smelt_2|wr213|wr214|wr217,92.86|92.86|65.0|65.0|59.99,工业硅冶炼利润|工业硅冶炼利润|多晶硅产能|多晶硅产量|多晶硅开工率,工业硅冶炼利润,92.86,ID01528164,高置信,Y
THS-SI-2.5,SI,3,多晶硅期货主力合约收盘价（元/吨）,si_21_close_front|si_25_close_front_polysilicon|si_21_close_front_industrial_si|si_23_close|si_23_close_2,91.0|86.67|67.41|67.41|67.41,工业硅主力合约收盘价|GFEX：多晶硅：主力合约：收盘价（日）|GFEX：工业硅：主力合约：收盘价（日）|GFEX：工业硅：主力合约：收盘价（日）|GFEX：工业硅：主力合约：收盘价（日）,工业硅主力合约收盘价,91.0,a10154400,高置信,Y
THS-SI-2.5,SI,4,工业硅估值分位（%）,si_22_basis|si_61_by_country_import|si_62_by_country_export|si_71_power|si_71_power_2,65.0|65.0|65.0|65.0|65.0,工业硅基差|工业硅进口量分国别|工业硅出口量分国别|工业硅电价|工业硅电价,工业硅基差,65.0,a12841761,模糊待人工确认,Y
THS-SI-2.5,SI,5,多晶硅估值分位（%）,wr213|wr214|wr217|wr212|wr216,65.0|65.0|59.99|55.72|55.72,多晶硅产能|多晶硅产量|多晶硅开工率|多晶硅云南产量|多晶硅区域库存,多晶硅产能,65.0,j02799420,模糊待人工确认,Y
THS-SI-2.5,SI,6,工业硅冶炼成本（元/吨）,si_25_cost_smelt|si_25_cost_smelt_2|wr232|si_25_profit_smelt|si_71_cash_cost,100|100|100|92.86|92.86,工业硅冶炼成本|工业硅冶炼成本|工业硅成本|工业硅冶炼利润|工业硅现金成本,工业硅冶炼成本,100,ID01523501,高置信,Y
THS-SI-2.5,SI,7,多晶硅冶炼成本（元/吨）,si_25_cost_smelt|si_25_cost_smelt_2|wr213|wr214|wr232,92.86|92.86|65.0|65.0|65.0,工业硅冶炼成本|工业硅冶炼成本|多晶硅产能|多晶硅产量|工业硅成本,工业硅冶炼成本,92.86,ID01523501,高置信,Y
THS-SI-2.5,SI,8,近3年同月冶炼利润均值（元/吨）,si_25_profit_smelt|si_25_profit_smelt_2|li_25_profit_smelt|sn_72_idx|wr172,44.44|44.44|42.11|35.29|30.0,工业硅冶炼利润|工业硅冶炼利润|氢氧化锂冶炼利润|冶炼锡：毛利（日）|沪锡近半年月差变化,工业硅冶炼利润,44.44,ID01528164,模糊待人工确认,Y
THS-SI-2.5,SI,9,近3年同月冶炼利润标准差（元/吨）,si_25_profit_smelt|si_25_profit_smelt_2|li_25_profit_smelt|wr172|sn_72_idx,42.11|42.11|40.0|38.1|33.33,工业硅冶炼利润|工业硅冶炼利润|氢氧化锂冶炼利润|沪锡近半年月差变化|冶炼锡：毛利（日）,工业硅冶炼利润,42.11,ID01528164,模糊待人工确认,Y
THS-SI-2.5,SI,10,工业硅冶炼利润分位（%）,si_25_profit_smelt|si_25_profit_smelt_2|si_25_cost_smelt|si_25_cost_smelt_2|si_321_output,100|100|81.25|81.25|61.18,工业硅冶炼利润|工业硅冶炼利润|工业硅冶炼成本|工业硅冶炼成本|工业硅精炼月产量,工业硅冶炼利润,100,ID01528164,高置信,Y
THS-SI-2.6,SI,0,工业硅期货多头前20持仓量（手）,si_26_top20_openinterest|si_26_openinterest_top20_long|si_26_openinterest_top20_long_2|si_26_openinterest_top20_long_3|si_26_openinterest_top20_short,100|100|100|100|100,工业硅空头前20持仓量|工业硅多头前20持仓量|工业硅多头前20持仓量|工业硅多头前20持仓量|工业硅空头前20持仓量,工业硅空头前20持仓量,100,FU00085334,高置信,Y
THS-SI-2.6,SI,1,工业硅期货空头前20持仓量（手）,si_26_top20_openinterest|si_26_openinterest_top20_long|si_26_openinterest_top20_long_2|si_26_openinterest_top20_long_3|si_26_openinterest_top20_short,100|100|100|100|100,工业硅空头前20持仓量|工业硅多头前20持仓量|工业硅多头前20持仓量|工业硅多头前20持仓量|工业硅空头前20持仓量,工业硅空头前20持仓量,100,FU00085334,高置信,Y
THS-SI-2.6,SI,2,工业硅期货多空前20净持仓（手）,si_26_top20_openinterest|si_26_openinterest_top20_long|si_26_openinterest_top20_long_2|si_26_openinterest_top20_long_3|si_26_openinterest_top20_short,97.5|97.5|97.5|97.5|97.5,工业硅空头前20持仓量|工业硅多头前20持仓量|工业硅多头前20持仓量|工业硅多头前20持仓量|工业硅空头前20持仓量,工业硅空头前20持仓量,97.5,FU00085334,高置信,Y
THS-SI-2.6,SI,3,工业硅期货主力合约收盘价（元/吨）,si_21_close_front|si_21_close_front_industrial_si|si_23_close|si_23_close_2|si_24_close_near_industrial_si,100|86.67|86.67|86.67|86.67,工业硅主力合约收盘价|GFEX：工业硅：主力合约：收盘价（日）|GFEX：工业硅：主力合约：收盘价（日）|GFEX：工业硅：主力合约：收盘价（日）|GFEX：工业硅：主力合约：收盘价（日）,工业硅主力合约收盘价,100,a10154400,高置信,Y
THS-SI-2.6,SI,4,工业硅期货多空持仓比（%）,si_23_spread_futures|si_26_top20_openinterest|si_26_openinterest_top20_long|si_26_openinterest_top20_long_2|si_26_openinterest_top20_long_3,76.47|74.28|74.28|74.28|74.28,工业硅期货月差|工业硅空头前20持仓量|工业硅多头前20持仓量|工业硅多头前20持仓量|工业硅多头前20持仓量,工业硅期货月差,76.47,FU00039384,高置信,Y
THS-SI-2.6,SI,5,工业硅期货持仓量分位（%）,si_21_openinterest_front|si_23_spread_futures|si_26_top20_openinterest|si_26_openinterest_top20_long|si_26_openinterest_top20_long_2,82.11|76.47|74.28|74.28|74.28,工业硅主力合约持仓量|工业硅期货月差|工业硅空头前20持仓量|工业硅多头前20持仓量|工业硅多头前20持仓量,工业硅主力合约持仓量,82.11,a10154412,高置信,Y
THS-SI-2.6,SI,6,工业硅期货成交量（手）,si_21_volume_front|si_23_spread_futures|wr232|si_61_import_3|si_62_export,91.77|86.67|80.0|74.28|74.28,工业硅主力合约成交量|工业硅期货月差|工业硅成本|工业硅进口量|工业硅出口量,工业硅主力合约成交量,91.77,a10154413,高置信,Y
THS-SI-2.6,SI,7,工业硅期货仓单注册量（吨）,si_23_spread_futures|si_21_openinterest_front|si_41_warrant_total|si_21_warrant_industrial_si|si_22_warrant_industrial_si,76.47|68.42|68.42|67.82|67.82,工业硅期货月差|工业硅主力合约持仓量|GFEX工业硅仓单总量|GFEX：工业硅：仓单数量（日）|GFEX：工业硅：仓单数量（日）,工业硅期货月差,76.47,FU00039384,高置信,Y
THS-SI-2.6,SI,8,工业硅期货多空前20持仓量（手）,si_26_top20_openinterest|si_26_openinterest_top20_long|si_26_openinterest_top20_long_2|si_26_openinterest_top20_long_3|si_26_openinterest_top20_short,100|100|100|100|100,工业硅空头前20持仓量|工业硅多头前20持仓量|工业硅多头前20持仓量|工业硅多头前20持仓量|工业硅空头前20持仓量,工业硅空头前20持仓量,100,FU00085334,高置信,Y
THS-SI-2.6,SI,9,近3年同日多头前20持仓量均值（手）,si_26_openinterest_top20_long|si_26_openinterest_top20_long_2|si_26_openinterest_top20_long_3|li_26_top20_openinterest|li_26_openinterest_top20_short,61.54|61.54|61.54|60.87|60.87,工业硅多头前20持仓量|工业硅多头前20持仓量|工业硅多头前20持仓量|空头前20持仓量|空头前20持仓量,工业硅多头前20持仓量,61.54,FU00085345,模糊待人工确认,Y
THS-SI-2.6,SI,10,近3年同日多头前20持仓量标准差（手）,si_26_openinterest_top20_long|si_26_openinterest_top20_long_2|si_26_openinterest_top20_long_3|li_26_top20_openinterest|li_26_openinterest_top20_short,59.26|59.26|59.26|58.33|58.33,工业硅多头前20持仓量|工业硅多头前20持仓量|工业硅多头前20持仓量|空头前20持仓量|空头前20持仓量,工业硅多头前20持仓量,59.26,FU00085345,模糊待人工确认,Y
THS-SI-3.1.1,SI,0,海外硅矿季度产量（万吨）,wr234|wr236|wr201|wr214|wr210,74.28|65.0|61.18|59.99|54.74,硅片周度产量|硅片预测月度产量|中国工业硅周度产量|多晶硅产量|工业硅云南样本周度产量,硅片周度产量,74.28,a10169478,高置信,Y
THS-SI-3.1.1,SI,1,海外硅矿季度产能（万吨）,wr213|wr234|si_321_capacity|si_323_recycle_capacity_industrial_|si_323_recycle_capacity,59.99|55.72|48.75|48.75|48.75,多晶硅产能|硅片周度产量|硅片：产能：中国（年）|硅片：产能：中国（年）|硅片：产能：中国（年）,多晶硅产能,59.99,j02799420,模糊待人工确认,Y
THS-SI-3.1.1,SI,2,海外硅矿季度开工率（%）,wr235|wr217|si_312_util_4|si_51_util_2|si_315_util_industrial_si,74.28|69.33|61.18|57.77|54.74,硅片开工率|多晶硅开工率|中国工业硅开工率|有机硅DMC开工率|工业硅：开工率：中国（周）,硅片开工率,74.28,a10169445,高置信,Y
THS-SI-3.1.1,SI,3,海外硅矿季度产能利用率（%）,si_313_util_capacity|si_312_capacity_util_2|si_315_capacity_util_industrial_si|si_321_capacity_industrial_si|si_321_capacity_util_industrial_si,74.28|67.82|67.82|67.82|67.82,中国工业硅产能利用率|多晶硅：产能利用率：中国（月）|工业硅：产能利用率：中国（月）|工业硅：产能利用率：中国（月）|工业硅：产能利用率：中国（月）,中国工业硅产能利用率,74.28,ID01445977,高置信,Y
THS-SI-3.1.1,SI,4,海外硅矿季度检修量（万吨）,wr234|wr236|wr201|wr210|wr214,52.0|45.88|43.33|39.0|37.14,硅片周度产量|硅片预测月度产量|中国工业硅周度产量|工业硅云南样本周度产量|多晶硅产量,硅片周度产量,52.0,a10169478,模糊待人工确认,Y
THS-SI-3.1.1,SI,5,海外硅矿季度进口量（万吨）,si_61_import_3|si_321_import|si_61_by_country_import|si_321_import_2|si_312_import,69.33|57.77|57.77|57.77|54.74,工业硅进口量|工业硅精炼月进口量|工业硅进口量分国别|工业硅精炼月进口量|硅铁：进口数量：中国（年）,工业硅进口量,69.33,CM0000287718,模糊待人工确认,Y
THS-SI-3.1.1,SI,6,海外硅矿季度再生产量（万吨）,si_323_output_recycle|wr234|wr236|wr201|wr214,72.23|65.0|57.77|54.74|52.0,工业硅再生月产量|硅片周度产量|硅片预测月度产量|中国工业硅周度产量|多晶硅产量,工业硅再生月产量,72.23,a12715177,高置信,Y
THS-SI-3.1.1,SI,7,海外硅矿季度加工费TC（元/吨）,wr235|wr217|wr234|si_43_inv|si_312_util_4,32.5|30.59|30.59|28.89|27.37,硅片开工率|多晶硅开工率|硅片周度产量|工业硅工厂库存总量|中国工业硅开工率,硅片开工率,32.5,a10169445,无候选/低置信,Y
THS-SI-3.1.1,SI,8,近3年同季产量均值（万吨）,精炼产量|al_00_output_2|li_32_lepid_output|wr214|li_32_output,30.77|30.0|28.57|28.57|26.67,精炼产量|3C铝型材：产量：中国（年）|锂云母产量|多晶硅产量|盐湖提锂产量,精炼产量,30.77,ID01448337,无候选/低置信,Y
THS-SI-3.1.1,SI,9,近3年同季产量标准差（万吨）,wr172|精炼产量|al_00_output_2|li_32_lepid_output|wr214,31.58|28.57|28.57|26.67|26.67,沪锡近半年月差变化|精炼产量|3C铝型材：产量：中国（年）|锂云母产量|多晶硅产量,沪锡近半年月差变化,31.58,a12841510,无候选/低置信,Y
THS-SI-3.1.2,SI,0,中国硅矿月产量（万吨）,si_312_output_2|si_312_output_3|wr201|si_312_output|si_321_output,100|100|81.25|74.28|69.33,中国工业硅月产量|中国工业硅月产量|中国工业硅周度产量|美国工业硅产量|工业硅精炼月产量,中国工业硅月产量,100,a10123426,高置信,Y
THS-SI-3.1.2,SI,1,美国硅矿月产量（万吨）,si_312_output|si_312_output_2|si_312_output_3|si_321_output|si_323_output_recycle,92.86|86.67|86.67|69.33|69.33,美国工业硅产量|中国工业硅月产量|中国工业硅月产量|工业硅精炼月产量|工业硅再生月产量,美国工业硅产量,92.86,ID01552216,高置信,Y
THS-SI-3.1.2,SI,2,巴西硅矿月产量（万吨）,si_321_output|si_323_output_recycle|si_312_output_2|si_312_output_3|wr236,69.33|69.33|69.33|69.33|69.33,工业硅精炼月产量|工业硅再生月产量|中国工业硅月产量|中国工业硅月产量|硅片预测月度产量,工业硅精炼月产量,69.33,a12715175,模糊待人工确认,Y
THS-SI-3.1.2,SI,3,中国硅矿月产能（万吨）,si_312_output_2|si_312_output_3|si_313_util_capacity|si_321_capacity_2|wr201,86.67|86.67|76.47|69.33|65.0,中国工业硅月产量|中国工业硅月产量|中国工业硅产能利用率|工业硅精炼月产能|中国工业硅周度产量,中国工业硅月产量,86.67,a10123426,高置信,Y
THS-SI-3.1.2,SI,4,美国硅矿月产能（万吨）,si_312_output|si_321_capacity_2|si_312_output_2|si_312_output_3|wr213,74.28|69.33|69.33|69.33|65.0,美国工业硅产量|工业硅精炼月产能|中国工业硅月产量|中国工业硅月产量|多晶硅产能,美国工业硅产量,74.28,ID01552216,高置信,Y
THS-SI-3.1.2,SI,5,巴西硅矿月产能（万吨）,si_321_capacity_2|wr213|si_321_capacity|si_323_recycle_capacity_industrial_|si_323_recycle_capacity,69.33|65.0|52.0|52.0|52.0,工业硅精炼月产能|多晶硅产能|硅片：产能：中国（年）|硅片：产能：中国（年）|硅片：产能：中国（年）,工业硅精炼月产能,69.33,a12750402,模糊待人工确认,Y
THS-SI-3.1.2,SI,6,中国硅矿月开工率（%）,si_312_util_4|wr235|wr217|si_312_output_2|si_312_output_3,97.5|80.0|74.28|65.0|65.0,中国工业硅开工率|硅片开工率|多晶硅开工率|中国工业硅月产量|中国工业硅月产量,中国工业硅开工率,97.5,a10123444,高置信,Y
THS-SI-3.1.2,SI,7,美国硅矿月开工率（%）,si_312_util_4|wr235|wr217|si_51_util_2|si_315_util_industrial_si,81.25|80.0|74.28|61.18|57.77,中国工业硅开工率|硅片开工率|多晶硅开工率|有机硅DMC开工率|工业硅：开工率：中国（周）,中国工业硅开工率,81.25,a10123444,高置信,Y
THS-SI-3.1.2,SI,8,巴西硅矿月开工率（%）,wr235|wr217|si_312_util_4|si_51_util_2|si_315_util_industrial_si,80.0|74.28|65.0|61.18|57.77,硅片开工率|多晶硅开工率|中国工业硅开工率|有机硅DMC开工率|工业硅：开工率：中国（周）,硅片开工率,80.0,a10169445,高置信,Y
THS-SI-3.1.2,SI,9,中国硅矿月进口量（万吨）,si_312_output_2|si_312_output_3|si_321_import|si_321_import_2|si_61_import_3,81.25|81.25|76.47|76.47|74.28,中国工业硅月产量|中国工业硅月产量|工业硅精炼月进口量|工业硅精炼月进口量|工业硅进口量,中国工业硅月产量,81.25,a10123426,高置信,Y
THS-SI-3.1.2,SI,10,美国硅矿月进口量（万吨）,si_321_import|si_321_import_2|si_61_import_3|si_314_by_country_import|si_314_by_country_import_2,76.47|76.47|74.28|72.23|72.23,工业硅精炼月进口量|工业硅精炼月进口量|工业硅进口量|工业硅月进口量分国别|工业硅月进口量分国别,工业硅精炼月进口量,76.47,a12715178,高置信,Y
THS-SI-3.1.2,SI,11,巴西硅矿月进口量（万吨）,si_321_import|si_321_import_2|si_61_import_3|si_314_by_country_import|si_314_by_country_import_2,76.47|76.47|74.28|72.23|72.23,工业硅精炼月进口量|工业硅精炼月进口量|工业硅进口量|工业硅月进口量分国别|工业硅月进口量分国别,工业硅精炼月进口量,76.47,a12715178,高置信,Y
THS-SI-3.1.2,SI,12,中国硅矿月再生产量（万吨）,si_312_output_2|si_312_output_3|si_323_output_recycle|wr201|si_312_output,91.77|91.77|76.47|72.23|65.0,中国工业硅月产量|中国工业硅月产量|工业硅再生月产量|中国工业硅周度产量|美国工业硅产量,中国工业硅月产量,91.77,a10123426,高置信,Y
THS-SI-3.1.2,SI,13,美国硅矿月再生产量（万吨）,si_312_output|si_323_output_recycle|si_312_output_2|si_312_output_3|si_321_output,81.25|76.47|76.47|76.47|61.18,美国工业硅产量|工业硅再生月产量|中国工业硅月产量|中国工业硅月产量|工业硅精炼月产量,美国工业硅产量,81.25,ID01552216,高置信,Y
THS-SI-3.1.2,SI,14,巴西硅矿月再生产量（万吨）,si_323_output_recycle|si_321_output|si_312_output_2|si_312_output_3|wr236,76.47|61.18|61.18|61.18|61.18,工业硅再生月产量|工业硅精炼月产量|中国工业硅月产量|中国工业硅月产量|硅片预测月度产量,工业硅再生月产量,76.47,a12715177,高置信,Y
THS-SI-3.1.2,SI,15,中国硅矿月加工费TC（元/吨）,si_312_util_4|si_312_output_2|si_312_output_3|wr201|si_313_util_capacity,57.77|57.77|57.77|41.05|39.0,中国工业硅开工率|中国工业硅月产量|中国工业硅月产量|中国工业硅周度产量|中国工业硅产能利用率,中国工业硅开工率,57.77,a10123444,模糊待人工确认,Y
THS-SI-3.1.2,SI,16,美国硅矿月加工费TC（元/吨）,si_312_output|si_312_util_4|si_312_output_2|si_312_output_3|wr235,45.88|43.33|43.33|43.33|34.67,美国工业硅产量|中国工业硅开工率|中国工业硅月产量|中国工业硅月产量|硅片开工率,美国工业硅产量,45.88,ID01552216,模糊待人工确认,Y
THS-SI-3.1.2,SI,17,巴西硅矿月加工费TC（元/吨）,wr235|wr217|si_23_spread_futures|si_43_inv|si_312_util_4,34.67|32.5|30.59|30.59|28.89,硅片开工率|多晶硅开工率|工业硅期货月差|工业硅工厂库存总量|中国工业硅开工率,硅片开工率,34.67,a10169445,无候选/低置信,Y
THS-SI-3.1.2,SI,18,近3年同月产量均值（万吨）,wr136|wr138|si_321_output|si_323_output_recycle|si_312_output_2,37.5|37.5|35.29|35.29|35.29,三元材料 月度产量|钴酸锂 月度产量|工业硅精炼月产量|工业硅再生月产量|中国工业硅月产量,三元材料 月度产量,37.5,a10001951,无候选/低置信,Y
THS-SI-3.1.2,SI,19,近3年同月产量标准差（万吨）,wr172|wr136|wr138|si_321_output|si_323_output_recycle,42.11|35.29|35.29|33.33|33.33,沪锡近半年月差变化|三元材料 月度产量|钴酸锂 月度产量|工业硅精炼月产量|工业硅再生月产量,沪锡近半年月差变化,42.11,a12841510,模糊待人工确认,Y
THS-SI-3.1.2,SI,20,中国硅矿月产能利用率（%）,si_313_util_capacity|si_312_output_2|si_312_output_3|si_312_capacity_util_2|si_315_capacity_util_industrial_si,100|72.23|72.23|70.91|70.91,中国工业硅产能利用率|中国工业硅月产量|中国工业硅月产量|多晶硅：产能利用率：中国（月）|工业硅：产能利用率：中国（月）,中国工业硅产能利用率,100,ID01445977,高置信,Y
THS-SI-3.1.2,SI,21,美国硅矿月产能利用率（%）,si_313_util_capacity|si_312_capacity_util_2|si_315_capacity_util_industrial_si|si_321_capacity_industrial_si|si_321_capacity_util_industrial_si,91.0|70.91|70.91|70.91|70.91,中国工业硅产能利用率|多晶硅：产能利用率：中国（月）|工业硅：产能利用率：中国（月）|工业硅：产能利用率：中国（月）|工业硅：产能利用率：中国（月）,中国工业硅产能利用率,91.0,ID01445977,高置信,Y
THS-SI-3.1.2,SI,22,巴西硅矿月产能利用率（%）,si_313_util_capacity|si_312_capacity_util_2|si_315_capacity_util_industrial_si|si_321_capacity_industrial_si|si_321_capacity_util_industrial_si,78.0|70.91|70.91|70.91|70.91,中国工业硅产能利用率|多晶硅：产能利用率：中国（月）|工业硅：产能利用率：中国（月）|工业硅：产能利用率：中国（月）|工业硅：产能利用率：中国（月）,中国工业硅产能利用率,78.0,ID01445977,高置信,Y
THS-SI-3.1.3,SI,0,国内硅矿月产量（万吨）,si_312_output_2|si_312_output_3|si_312_output|si_321_output|si_323_output_recycle,86.67|86.67|74.28|69.33|69.33,中国工业硅月产量|中国工业硅月产量|美国工业硅产量|工业硅精炼月产量|工业硅再生月产量,中国工业硅月产量,86.67,a10123426,高置信,Y
THS-SI-3.1.3,SI,1,国内硅矿月产能（万吨）,si_321_capacity_2|si_312_output_2|si_312_output_3|wr213|si_313_util_capacity,69.33|69.33|69.33|65.0|61.18,工业硅精炼月产能|中国工业硅月产量|中国工业硅月产量|多晶硅产能|中国工业硅产能利用率,工业硅精炼月产能,69.33,a12750402,模糊待人工确认,Y
THS-SI-3.1.3,SI,2,国内硅矿月开工率（%）,si_312_util_4|wr235|wr217|si_51_util_2|si_315_util_industrial_si,81.25|80.0|74.28|61.18|57.77,中国工业硅开工率|硅片开工率|多晶硅开工率|有机硅DMC开工率|工业硅：开工率：中国（周）,中国工业硅开工率,81.25,a10123444,高置信,Y
THS-SI-3.1.3,SI,3,国内硅矿月产能利用率（%）,si_313_util_capacity|si_312_capacity_util_2|si_315_capacity_util_industrial_si|si_321_capacity_industrial_si|si_321_capacity_util_industrial_si,91.0|70.91|70.91|70.91|70.91,中国工业硅产能利用率|多晶硅：产能利用率：中国（月）|工业硅：产能利用率：中国（月）|工业硅：产能利用率：中国（月）|工业硅：产能利用率：中国（月）,中国工业硅产能利用率,91.0,ID01445977,高置信,Y
THS-SI-3.1.3,SI,4,国内硅矿月检修量（万吨）,si_312_output_2|si_312_output_3|si_312_output|si_321_output|si_323_output_recycle,65.0|65.0|52.0|48.75|48.75,中国工业硅月产量|中国工业硅月产量|美国工业硅产量|工业硅精炼月产量|工业硅再生月产量,中国工业硅月产量,65.0,a10123426,模糊待人工确认,Y
THS-SI-3.1.3,SI,5,国内硅矿月进口量（万吨）,si_321_import|si_321_import_2|si_61_import_3|si_314_by_country_import|si_314_by_country_import_2,76.47|76.47|74.28|72.23|72.23,工业硅精炼月进口量|工业硅精炼月进口量|工业硅进口量|工业硅月进口量分国别|工业硅月进口量分国别,工业硅精炼月进口量,76.47,a12715178,高置信,Y
THS-SI-3.1.3,SI,6,国内硅矿月再生产量（万吨）,si_323_output_recycle|si_312_output_2|si_312_output_3|si_312_output|si_321_output,76.47|76.47|76.47|65.0|61.18,工业硅再生月产量|中国工业硅月产量|中国工业硅月产量|美国工业硅产量|工业硅精炼月产量,工业硅再生月产量,76.47,a12715177,高置信,Y
THS-SI-3.1.3,SI,7,国内硅矿月加工费TC（元/吨）,si_312_util_4|si_312_output_2|si_312_output_3|wr235|wr217,43.33|43.33|43.33|34.67|32.5,中国工业硅开工率|中国工业硅月产量|中国工业硅月产量|硅片开工率|多晶硅开工率,中国工业硅开工率,43.33,a10123444,模糊待人工确认,Y
THS-SI-3.1.3,SI,8,近3年同月产量均值（万吨）,wr136|wr138|si_321_output|si_323_output_recycle|si_312_output_2,37.5|37.5|35.29|35.29|35.29,三元材料 月度产量|钴酸锂 月度产量|工业硅精炼月产量|工业硅再生月产量|中国工业硅月产量,三元材料 月度产量,37.5,a10001951,无候选/低置信,Y
THS-SI-3.1.3,SI,9,近3年同月产量标准差（万吨）,wr172|wr136|wr138|si_321_output|si_323_output_recycle,42.11|35.29|35.29|33.33|33.33,沪锡近半年月差变化|三元材料 月度产量|钴酸锂 月度产量|工业硅精炼月产量|工业硅再生月产量,沪锡近半年月差变化,42.11,a12841510,模糊待人工确认,Y
THS-SI-3.1.4,SI,0,国内硅矿月进口总量（万吨）,si_321_import|si_321_import_2|si_314_by_country_import|si_314_by_country_import_2|si_61_import_3,65.0|65.0|61.18|61.18|59.99,工业硅精炼月进口量|工业硅精炼月进口量|工业硅月进口量分国别|工业硅月进口量分国别|工业硅进口量,工业硅精炼月进口量,65.0,a12715178,模糊待人工确认,Y
THS-SI-3.1.4,SI,1,国内硅矿月产量（万吨）,si_312_output_2|si_312_output_3|si_312_output|si_321_output|si_323_output_recycle,86.67|86.67|74.28|69.33|69.33,中国工业硅月产量|中国工业硅月产量|美国工业硅产量|工业硅精炼月产量|工业硅再生月产量,中国工业硅月产量,86.67,a10123426,高置信,Y
THS-SI-3.1.4,SI,2,中国硅矿月进口量分国别（万吨）,si_314_by_country_import|si_314_by_country_import_2|si_61_by_country_import|si_62_by_country_export|si_312_output_2,99.05|99.05|91.0|78.0|68.42,工业硅月进口量分国别|工业硅月进口量分国别|工业硅进口量分国别|工业硅出口量分国别|中国工业硅月产量,工业硅月进口量分国别,99.05,ID01517910,高置信,Y
THS-SI-3.1.4,SI,3,中国硅矿月进口总量（万吨）,si_312_output_2|si_312_output_3|si_321_import|si_321_import_2|si_314_by_country_import,69.33|69.33|65.0|65.0|61.18,中国工业硅月产量|中国工业硅月产量|工业硅精炼月进口量|工业硅精炼月进口量|工业硅月进口量分国别,中国工业硅月产量,69.33,a10123426,模糊待人工确认,Y
THS-SI-3.1.4,SI,4,国内硅矿月进口盈亏（元/吨）,si_321_import|si_321_import_2|si_314_by_country_import|si_314_by_country_import_2|si_61_import_3,57.77|57.77|54.74|54.74|52.0,工业硅精炼月进口量|工业硅精炼月进口量|工业硅月进口量分国别|工业硅月进口量分国别|工业硅进口量,工业硅精炼月进口量,57.77,a12715178,模糊待人工确认,Y
THS-SI-3.1.4,SI,5,LME工业硅收盘价（美元/吨）,si_21_close_front|si_71_power|si_71_power_2|si_71_power_3|si_71_power_4,86.67|74.28|74.28|74.28|74.28,工业硅主力合约收盘价|工业硅电价|工业硅电价|工业硅电价|工业硅电价,工业硅主力合约收盘价,86.67,a10154400,高置信,Y
THS-SI-3.1.4,SI,6,国内硅矿月沪伦比（倍）,si_312_output_2|si_312_output_3|si_23_spread_futures|si_312_output|si_312_util_4,48.75|48.75|34.67|34.67|32.5,中国工业硅月产量|中国工业硅月产量|工业硅期货月差|美国工业硅产量|中国工业硅开工率,中国工业硅月产量,48.75,a10123426,模糊待人工确认,Y
THS-SI-3.1.4,SI,7,国内硅矿月仓单注册量（吨）,si_312_output_2|si_312_output_3|si_312_output|si_51_output_yoy_silicone_monomer|si_21_warrant_industrial_si,57.77|57.77|45.88|45.88|45.21,中国工业硅月产量|中国工业硅月产量|美国工业硅产量|有机硅单体产量同比|GFEX：工业硅：仓单数量（日）,中国工业硅月产量,57.77,a10123426,模糊待人工确认,Y
THS-SI-3.1.4,SI,8,国内硅矿月加工费TC（元/吨）,si_312_util_4|si_312_output_2|si_312_output_3|wr235|wr217,43.33|43.33|43.33|34.67|32.5,中国工业硅开工率|中国工业硅月产量|中国工业硅月产量|硅片开工率|多晶硅开工率,中国工业硅开工率,43.33,a10123444,模糊待人工确认,Y
THS-SI-3.1.4,SI,9,国内硅矿月进口量（万吨）,si_321_import|si_321_import_2|si_61_import_3|si_314_by_country_import|si_314_by_country_import_2,76.47|76.47|74.28|72.23|72.23,工业硅精炼月进口量|工业硅精炼月进口量|工业硅进口量|工业硅月进口量分国别|工业硅月进口量分国别,工业硅精炼月进口量,76.47,a12715178,高置信,Y
THS-SI-3.1.4,SI,10,近3年同月进口量均值（万吨）,wr144|si_321_import|si_321_import_2|si_314_by_country_import|si_314_by_country_import_2,44.44|42.11|42.11|40.0|40.0,碳酸锂 月度进口量|工业硅精炼月进口量|工业硅精炼月进口量|工业硅月进口量分国别|工业硅月进口量分国别,碳酸锂 月度进口量,44.44,a10006557,模糊待人工确认,Y
THS-SI-3.1.4,SI,11,近3年同月进口量标准差（万吨）,wr144|si_321_import|si_321_import_2|wr172|si_314_by_country_import,42.11|40.0|40.0|40.0|38.1,碳酸锂 月度进口量|工业硅精炼月进口量|工业硅精炼月进口量|沪锡近半年月差变化|工业硅月进口量分国别,碳酸锂 月度进口量,42.11,a10006557,模糊待人工确认,Y
THS-SI-3.1.4,SI,12,国内硅矿月进口量分国别占比（%）,si_314_by_country_import|si_314_by_country_import_2|si_61_by_country_import|si_62_by_country_export|si_321_import,90.44|90.44|82.73|70.91|59.09,工业硅月进口量分国别|工业硅月进口量分国别|工业硅进口量分国别|工业硅出口量分国别|工业硅精炼月进口量,工业硅月进口量分国别,90.44,ID01517910,高置信,Y
THS-SI-3.1.5,SI,0,工业硅矿端TC加工费（元/吨）,si_52_cons|si_43_inv|si_312_util_4|si_51_cons_apparent|si_315_util_industrial_si,72.23|61.18|57.77|57.77|52.0,工业硅终端消费量|工业硅工厂库存总量|中国工业硅开工率|工业硅表观消费量|工业硅：开工率：中国（周）,工业硅终端消费量,72.23,a12715181,高置信,Y
THS-SI-3.1.5,SI,1,工业硅期货主力合约收盘价（元/吨）,si_21_close_front|si_21_close_front_industrial_si|si_23_close|si_23_close_2|si_24_close_near_industrial_si,100|86.67|86.67|86.67|86.67,工业硅主力合约收盘价|GFEX：工业硅：主力合约：收盘价（日）|GFEX：工业硅：主力合约：收盘价（日）|GFEX：工业硅：主力合约：收盘价（日）|GFEX：工业硅：主力合约：收盘价（日）,工业硅主力合约收盘价,100,a10154400,高置信,Y
THS-SI-3.1.5,SI,2,工业硅冶炼利润（元/吨）,si_25_profit_smelt|si_25_profit_smelt_2|si_25_cost_smelt|si_25_cost_smelt_2|si_321_output,100|100|92.86|92.86|69.33,工业硅冶炼利润|工业硅冶炼利润|工业硅冶炼成本|工业硅冶炼成本|工业硅精炼月产量,工业硅冶炼利润,100,ID01528164,高置信,Y
THS-SI-3.1.5,SI,3,工业硅冶炼厂开工率（%）,si_312_util_4|si_315_util_industrial_si|si_321_util_industrial_si|si_322_util|si_322_util_2,91.77|82.11|82.11|82.11|82.11,中国工业硅开工率|工业硅：开工率：中国（周）|工业硅：开工率：中国（月）|工业硅：开工率：中国（月）|工业硅：开工率：中国（月）,中国工业硅开工率,91.77,a10123444,高置信,Y
THS-SI-3.1.5,SI,4,工业硅冶炼厂产能利用率（%）,si_313_util_capacity|si_315_capacity_util_industrial_si|si_321_capacity_industrial_si|si_321_capacity_util_industrial_si|si_323_recycle_capacity_util,99.05|90.44|90.44|90.44|90.44,中国工业硅产能利用率|工业硅：产能利用率：中国（月）|工业硅：产能利用率：中国（月）|工业硅：产能利用率：中国（月）|工业硅：产能利用率：中国（月）,中国工业硅产能利用率,99.05,ID01445977,高置信,Y
THS-SI-3.1.5,SI,5,工业硅冶炼厂检修量（万吨）,si_25_profit_smelt|si_25_cost_smelt|si_25_profit_smelt_2|si_25_cost_smelt_2|si_321_output,81.25|81.25|81.25|81.25|76.47,工业硅冶炼利润|工业硅冶炼成本|工业硅冶炼利润|工业硅冶炼成本|工业硅精炼月产量,工业硅冶炼利润,81.25,ID01528164,高置信,Y
THS-SI-3.1.5,SI,6,工业硅冶炼厂进口量（万吨）,si_321_import|si_61_import_3|si_321_import_2|si_61_by_country_import|si_62_export,100|100|100|86.67|86.67,工业硅精炼月进口量|工业硅进口量|工业硅精炼月进口量|工业硅进口量分国别|工业硅出口量,工业硅精炼月进口量,100,a12715178,高置信,Y
THS-SI-3.1.5,SI,7,近3年同日TC加工费均值（元/吨）,TC|wr199|al_71_tc|wr158|wr159,41.67|31.58|30.3|30.0|30.0,TC加工费|锡冶炼厂加工费|铝棒：6063：Φ120：加工费均价：中国（日）|锂辉石加工费 四川|锂辉石加工费 山东,TC加工费,41.67,ID01154994,模糊待人工确认,Y
THS-SI-3.1.5,SI,8,近3年同日TC加工费标准差（元/吨）,TC|wr199|wr158|wr159|wr160,38.46|30.0|28.57|28.57|28.57,TC加工费|锡冶炼厂加工费|锂辉石加工费 四川|锂辉石加工费 山东|锂辉石加工费 江苏,TC加工费,38.46,ID01154994,无候选/低置信,Y
THS-SI-3.1.5,SI,9,工业硅矿端TC加工费分位（%）,si_52_cons|si_43_inv|si_312_util_4|si_51_cons_apparent|si_61_by_country_import,65.0|54.74|52.0|52.0|49.53,工业硅终端消费量|工业硅工厂库存总量|中国工业硅开工率|工业硅表观消费量|工业硅进口量分国别,工业硅终端消费量,65.0,a12715181,模糊待人工确认,Y
THS-SI-3.2.1,SI,0,工业硅精炼月产量（万吨）,si_321_output|si_321_capacity_2|si_321_import|si_321_import_2|si_323_output_recycle,100|100|100|100|97.5,工业硅精炼月产量|工业硅精炼月产能|工业硅精炼月进口量|工业硅精炼月进口量|工业硅再生月产量,工业硅精炼月产量,100,a12715175,高置信,Y
THS-SI-3.2.1,SI,1,工业硅精炼月产能（万吨）,si_321_output|si_321_capacity_2|si_321_import|si_321_import_2|si_323_output_recycle,100|100|91.77|91.77|81.25,工业硅精炼月产量|工业硅精炼月产能|工业硅精炼月进口量|工业硅精炼月进口量|工业硅再生月产量,工业硅精炼月产量,100,a12715175,高置信,Y
THS-SI-3.2.1,SI,2,多晶硅精炼月产量（万吨）,wr214|si_321_output|wr211|wr212|wr218,100.0|97.5|91.77|86.67|86.67,多晶硅产量|工业硅精炼月产量|多晶硅下月预计产量|多晶硅云南产量|多晶硅青海产量,多晶硅产量,100.0,a12853285,高置信,Y
THS-SI-3.2.1,SI,3,多晶硅精炼月产能（万吨）,wr213|si_321_capacity_2|si_321_output|wr214|si_321_capacity_polysilicon,100.0|97.5|81.25|80.0|76.47,多晶硅产能|工业硅精炼月产能|工业硅精炼月产量|多晶硅产量|多晶硅：产能：中国（年）,多晶硅产能,100.0,j02799420,高置信,Y
THS-SI-3.2.1,SI,4,金属硅精炼月产量（万吨）,si_321_output|si_321_capacity_2|si_321_import|si_321_import_2|si_323_output_recycle,97.5|81.25|76.47|76.47|65.0,工业硅精炼月产量|工业硅精炼月产能|工业硅精炼月进口量|工业硅精炼月进口量|工业硅再生月产量,工业硅精炼月产量,97.5,a12715175,高置信,Y
THS-SI-3.2.1,SI,5,金属硅精炼月产能（万吨）,si_321_capacity_2|si_321_output|si_321_import|si_321_import_2|wr213,97.5|81.25|61.18|61.18|59.99,工业硅精炼月产能|工业硅精炼月产量|工业硅精炼月进口量|工业硅精炼月进口量|多晶硅产能,工业硅精炼月产能,97.5,a12750402,高置信,Y
THS-SI-3.2.1,SI,6,工业硅精炼月开工率（%）,si_312_util_4|si_321_output|si_321_capacity_2|si_321_import|si_321_import_2,91.77|91.77|91.77|86.67|86.67,中国工业硅开工率|工业硅精炼月产量|工业硅精炼月产能|工业硅精炼月进口量|工业硅精炼月进口量,中国工业硅开工率,91.77,a10123444,高置信,Y
THS-SI-3.2.1,SI,7,多晶硅精炼月开工率（%）,wr217|wr235|si_312_util_4|si_321_output|si_321_capacity_2,100|74.28|61.18|61.18|61.18,多晶硅开工率|硅片开工率|中国工业硅开工率|工业硅精炼月产量|工业硅精炼月产能,多晶硅开工率,100,a10155018,高置信,Y
THS-SI-3.2.1,SI,8,工业硅精炼月产能利用率（%）,si_313_util_capacity|si_321_output|si_321_capacity_2|si_315_capacity_util_industrial_si|si_321_capacity_industrial_si,99.05|95.78|94.55|90.44|90.44,中国工业硅产能利用率|工业硅精炼月产量|工业硅精炼月产能|工业硅：产能利用率：中国（月）|工业硅：产能利用率：中国（月）,中国工业硅产能利用率,99.05,ID01445977,高置信,Y
THS-SI-3.2.1,SI,9,工业硅精炼月检修量（万吨）,si_321_output|si_321_import|si_321_import_2|si_321_capacity_2|si_323_output_recycle,100|100|100|91.77|76.47,工业硅精炼月产量|工业硅精炼月进口量|工业硅精炼月进口量|工业硅精炼月产能|工业硅再生月产量,工业硅精炼月产量,100,a12715175,高置信,Y
THS-SI-3.2.1,SI,10,近3年同月产量均值（万吨）,wr136|wr138|si_321_output|si_323_output_recycle|si_312_output_2,37.5|37.5|35.29|35.29|35.29,三元材料 月度产量|钴酸锂 月度产量|工业硅精炼月产量|工业硅再生月产量|中国工业硅月产量,三元材料 月度产量,37.5,a10001951,无候选/低置信,Y
THS-SI-3.2.1,SI,11,近3年同月产量标准差（万吨）,wr172|wr136|wr138|si_321_output|si_323_output_recycle,42.11|35.29|35.29|33.33|33.33,沪锡近半年月差变化|三元材料 月度产量|钴酸锂 月度产量|工业硅精炼月产量|工业硅再生月产量,沪锡近半年月差变化,42.11,a12841510,模糊待人工确认,Y
THS-SI-3.2.2,SI,0,工业硅精炼月开工率（%）,si_312_util_4|si_321_output|si_321_capacity_2|si_321_import|si_321_import_2,91.77|91.77|91.77|86.67|86.67,中国工业硅开工率|工业硅精炼月产量|工业硅精炼月产能|工业硅精炼月进口量|工业硅精炼月进口量,中国工业硅开工率,91.77,a10123444,高置信,Y
THS-SI-3.2.2,SI,1,工业硅精炼月检修量（万吨）,si_321_output|si_321_import|si_321_import_2|si_321_capacity_2|si_323_output_recycle,100|100|100|91.77|76.47,工业硅精炼月产量|工业硅精炼月进口量|工业硅精炼月进口量|工业硅精炼月产能|工业硅再生月产量,工业硅精炼月产量,100,a12715175,高置信,Y
THS-SI-3.2.2,SI,2,多晶硅精炼月开工率（%）,wr217|wr235|si_312_util_4|si_321_output|si_321_capacity_2,100|74.28|61.18|61.18|61.18,多晶硅开工率|硅片开工率|中国工业硅开工率|工业硅精炼月产量|工业硅精炼月产能,多晶硅开工率,100,a10155018,高置信,Y
THS-SI-3.2.2,SI,3,多晶硅精炼月检修量（万吨）,si_321_output|wr214|si_321_import|si_321_import_2|wr211,76.47|74.28|72.23|72.23|72.23,工业硅精炼月产量|多晶硅产量|工业硅精炼月进口量|工业硅精炼月进口量|多晶硅下月预计产量,工业硅精炼月产量,76.47,a12715175,高置信,Y
THS-SI-3.2.2,SI,4,金属硅精炼月开工率（%）,wr235|wr217|si_312_util_4|si_321_output|si_321_capacity_2,74.28|69.33|61.18|61.18|61.18,硅片开工率|多晶硅开工率|中国工业硅开工率|工业硅精炼月产量|工业硅精炼月产能,硅片开工率,74.28,a10169445,高置信,Y
THS-SI-3.2.2,SI,5,金属硅精炼月检修量（万吨）,si_321_output|si_321_import|si_321_import_2|si_321_capacity_2|si_323_output_recycle,76.47|72.23|72.23|61.18|45.88,工业硅精炼月产量|工业硅精炼月进口量|工业硅精炼月进口量|工业硅精炼月产能|工业硅再生月产量,工业硅精炼月产量,76.47,a12715175,高置信,Y
THS-SI-3.2.2,SI,6,工业硅精炼月产能利用率（%）,si_313_util_capacity|si_321_output|si_321_capacity_2|si_315_capacity_util_industrial_si|si_321_capacity_industrial_si,99.05|95.78|94.55|90.44|90.44,中国工业硅产能利用率|工业硅精炼月产量|工业硅精炼月产能|工业硅：产能利用率：中国（月）|工业硅：产能利用率：中国（月）,中国工业硅产能利用率,99.05,ID01445977,高置信,Y
THS-SI-3.2.2,SI,7,工业硅精炼月产量（万吨）,si_321_output|si_321_capacity_2|si_321_import|si_321_import_2|si_323_output_recycle,100|100|100|100|97.5,工业硅精炼月产量|工业硅精炼月产能|工业硅精炼月进口量|工业硅精炼月进口量|工业硅再生月产量,工业硅精炼月产量,100,a12715175,高置信,Y
THS-SI-3.2.2,SI,8,工业硅精炼月开工天数（天）,si_321_output|si_321_capacity_2|si_321_import|si_321_import_2|si_312_util_4,86.67|86.67|82.11|82.11|72.23,工业硅精炼月产量|工业硅精炼月产能|工业硅精炼月进口量|工业硅精炼月进口量|中国工业硅开工率,工业硅精炼月产量,86.67,a12715175,高置信,Y
THS-SI-3.2.2,SI,9,近3年同月开工率均值（%）,wr235|wr93|li_51_util_ternary|wr57|wr197,40.0|38.1|37.5|37.5|37.5,硅片开工率|SMM 碳酸锂 月度开工率|三元材料开工率|氧化铝开工率|国内锡开工率,硅片开工率,40.0,a10169445,模糊待人工确认,Y
THS-SI-3.2.2,SI,10,近3年同月开工率标准差（%）,wr172|wr235|wr93|li_51_util_ternary|wr57,40.0|37.5|36.36|35.29|35.29,沪锡近半年月差变化|硅片开工率|SMM 碳酸锂 月度开工率|三元材料开工率|氧化铝开工率,沪锡近半年月差变化,40.0,a12841510,模糊待人工确认,Y
THS-SI-3.2.2,SI,11,近3年同月检修量均值（万吨）,wr172|wr21|al_23_lme_oi|al_23_lme_volume|ni_21_volume_top20,31.58|28.57|25.0|25.0|25.0,沪锡近半年月差变化|SHFE铝近3月虚实比|LME：铝：3个月合约：持仓量（日）|LME：铝：3个月合约：成交量（日）|LME：镍：3个月合约：成交量（日）,沪锡近半年月差变化,31.58,a12841510,无候选/低置信,Y
THS-SI-3.2.2,SI,12,近3年同月检修量标准差（万吨）,wr172|wr21|al_23_lme_oi|al_23_lme_volume|ni_21_volume_top20,40.0|27.27|24.0|24.0|24.0,沪锡近半年月差变化|SHFE铝近3月虚实比|LME：铝：3个月合约：持仓量（日）|LME：铝：3个月合约：成交量（日）|LME：镍：3个月合约：成交量（日）,沪锡近半年月差变化,40.0,a12841510,模糊待人工确认,Y
THS-SI-3.2.3,SI,0,工业硅再生月产量（万吨）,si_323_output_recycle|si_321_output|si_312_output_2|si_312_output_3|si_312_output,100|97.5|97.5|97.5|86.67,工业硅再生月产量|工业硅精炼月产量|中国工业硅月产量|中国工业硅月产量|美国工业硅产量,工业硅再生月产量,100,a12715177,高置信,Y
THS-SI-3.2.3,SI,1,工业硅再生月产能（万吨）,si_323_output_recycle|si_321_capacity_2|si_321_output|si_312_output_2|si_312_output_3,100|97.5|81.25|81.25|81.25,工业硅再生月产量|工业硅精炼月产能|工业硅精炼月产量|中国工业硅月产量|中国工业硅月产量,工业硅再生月产量,100,a12715177,高置信,Y
THS-SI-3.2.3,SI,2,多晶硅再生月产量（万吨）,wr214|si_323_output_recycle|wr211|wr212|wr218,100.0|97.5|91.77|86.67|86.67,多晶硅产量|工业硅再生月产量|多晶硅下月预计产量|多晶硅云南产量|多晶硅青海产量,多晶硅产量,100.0,a12853285,高置信,Y
THS-SI-3.2.3,SI,3,多晶硅再生月产能（万吨）,wr213|si_323_output_recycle|wr214|si_321_capacity_polysilicon|si_323_recycle_capacity_polysilicon,100.0|81.25|80.0|76.47|76.47,多晶硅产能|工业硅再生月产量|多晶硅产量|多晶硅：产能：中国（年）|多晶硅：产能：中国（年）,多晶硅产能,100.0,j02799420,高置信,Y
THS-SI-3.2.3,SI,4,金属硅再生月产量（万吨）,si_323_output_recycle|si_321_output|si_312_output_2|si_312_output_3|wr236,97.5|65.0|65.0|65.0|65.0,工业硅再生月产量|工业硅精炼月产量|中国工业硅月产量|中国工业硅月产量|硅片预测月度产量,工业硅再生月产量,97.5,a12715177,高置信,Y
THS-SI-3.2.3,SI,5,金属硅再生月产能（万吨）,si_323_output_recycle|si_321_capacity_2|wr213|si_321_capacity|si_323_recycle_capacity_industrial_,81.25|65.0|59.99|48.75|48.75,工业硅再生月产量|工业硅精炼月产能|多晶硅产能|硅片：产能：中国（年）|硅片：产能：中国（年）,工业硅再生月产量,81.25,a12715177,高置信,Y
THS-SI-3.2.3,SI,6,工业硅再生月开工率（%）,si_312_util_4|si_323_output_recycle|si_315_util_industrial_si|si_321_util_industrial_si|si_322_util,91.77|91.77|82.11|82.11|82.11,中国工业硅开工率|工业硅再生月产量|工业硅：开工率：中国（周）|工业硅：开工率：中国（月）|工业硅：开工率：中国（月）,中国工业硅开工率,91.77,a10123444,高置信,Y
THS-SI-3.2.3,SI,7,多晶硅再生月开工率（%）,wr217|wr235|si_312_util_4|si_323_output_recycle|si_51_util_2,100|74.28|61.18|61.18|57.77,多晶硅开工率|硅片开工率|中国工业硅开工率|工业硅再生月产量|有机硅DMC开工率,多晶硅开工率,100,a10155018,高置信,Y
THS-SI-3.2.3,SI,8,工业硅再生月产能利用率（%）,si_313_util_capacity|si_323_output_recycle|si_315_capacity_util_industrial_si|si_321_capacity_industrial_si|si_321_capacity_util_industrial_si,99.05|95.78|90.44|90.44|90.44,中国工业硅产能利用率|工业硅再生月产量|工业硅：产能利用率：中国（月）|工业硅：产能利用率：中国（月）|工业硅：产能利用率：中国（月）,中国工业硅产能利用率,99.05,ID01445977,高置信,Y
THS-SI-3.2.3,SI,9,工业硅再生月检修量（万吨）,si_323_output_recycle|si_321_output|si_312_output_2|si_312_output_3|si_321_import,100|76.47|76.47|76.47|72.23,工业硅再生月产量|工业硅精炼月产量|中国工业硅月产量|中国工业硅月产量|工业硅精炼月进口量,工业硅再生月产量,100,a12715177,高置信,Y
THS-SI-3.2.3,SI,10,近3年同月产量均值（万吨）,wr136|wr138|si_321_output|si_323_output_recycle|si_312_output_2,37.5|37.5|35.29|35.29|35.29,三元材料 月度产量|钴酸锂 月度产量|工业硅精炼月产量|工业硅再生月产量|中国工业硅月产量,三元材料 月度产量,37.5,a10001951,无候选/低置信,Y
THS-SI-3.2.3,SI,11,近3年同月产量标准差（万吨）,wr172|wr136|wr138|si_321_output|si_323_output_recycle,42.11|35.29|35.29|33.33|33.33,沪锡近半年月差变化|三元材料 月度产量|钴酸锂 月度产量|工业硅精炼月产量|工业硅再生月产量,沪锡近半年月差变化,42.11,a12841510,模糊待人工确认,Y
THS-SI-3.2.4,SI,0,工业硅冶炼利润（元/吨）,si_25_profit_smelt|si_25_profit_smelt_2|si_25_cost_smelt|si_25_cost_smelt_2|si_321_output,100|100|92.86|92.86|69.33,工业硅冶炼利润|工业硅冶炼利润|工业硅冶炼成本|工业硅冶炼成本|工业硅精炼月产量,工业硅冶炼利润,100,ID01528164,高置信,Y
THS-SI-3.2.4,SI,1,工业硅期货主力合约收盘价（元/吨）,si_21_close_front|si_21_close_front_industrial_si|si_23_close|si_23_close_2|si_24_close_near_industrial_si,100|86.67|86.67|86.67|86.67,工业硅主力合约收盘价|GFEX：工业硅：主力合约：收盘价（日）|GFEX：工业硅：主力合约：收盘价（日）|GFEX：工业硅：主力合约：收盘价（日）|GFEX：工业硅：主力合约：收盘价（日）,工业硅主力合约收盘价,100,a10154400,高置信,Y
THS-SI-3.2.4,SI,2,多晶硅冶炼利润（元/吨）,si_25_profit_smelt|si_25_profit_smelt_2|wr213|wr214|wr217,92.86|92.86|65.0|65.0|59.99,工业硅冶炼利润|工业硅冶炼利润|多晶硅产能|多晶硅产量|多晶硅开工率,工业硅冶炼利润,92.86,ID01528164,高置信,Y
THS-SI-3.2.4,SI,3,多晶硅期货主力合约收盘价（元/吨）,si_21_close_front|si_25_close_front_polysilicon|si_21_close_front_industrial_si|si_23_close|si_23_close_2,91.0|86.67|67.41|67.41|67.41,工业硅主力合约收盘价|GFEX：多晶硅：主力合约：收盘价（日）|GFEX：工业硅：主力合约：收盘价（日）|GFEX：工业硅：主力合约：收盘价（日）|GFEX：工业硅：主力合约：收盘价（日）,工业硅主力合约收盘价,91.0,a10154400,高置信,Y
THS-SI-3.2.4,SI,4,工业硅冶炼利润分位（%）,si_25_profit_smelt|si_25_profit_smelt_2|si_25_cost_smelt|si_25_cost_smelt_2|si_321_output,100|100|81.25|81.25|61.18,工业硅冶炼利润|工业硅冶炼利润|工业硅冶炼成本|工业硅冶炼成本|工业硅精炼月产量,工业硅冶炼利润,100,ID01528164,高置信,Y
THS-SI-3.2.4,SI,5,近3年同日冶炼利润均值（元/吨）,si_25_profit_smelt|si_25_profit_smelt_2|li_25_profit_smelt|sn_72_idx|cu_25_profit,44.44|44.44|42.11|35.29|26.67,工业硅冶炼利润|工业硅冶炼利润|氢氧化锂冶炼利润|冶炼锡：毛利（日）|SMM：中国铜冶炼厂现货冶炼利润：日度,工业硅冶炼利润,44.44,ID01528164,模糊待人工确认,Y
THS-SI-3.2.4,SI,6,近3年同日冶炼利润标准差（元/吨）,si_25_profit_smelt|si_25_profit_smelt_2|li_25_profit_smelt|sn_72_idx|wr172,42.11|42.11|40.0|33.33|28.57,工业硅冶炼利润|工业硅冶炼利润|氢氧化锂冶炼利润|冶炼锡：毛利（日）|沪锡近半年月差变化,工业硅冶炼利润,42.11,ID01528164,模糊待人工确认,Y
THS-SI-3.2.4,SI,7,工业硅TC加工费（元/吨）,si_43_inv|si_312_util_4|si_52_cons|si_51_cons_apparent|si_22_basis,69.33|65.0|65.0|65.0|59.99,工业硅工厂库存总量|中国工业硅开工率|工业硅终端消费量|工业硅表观消费量|工业硅基差,工业硅工厂库存总量,69.33,a12811428,模糊待人工确认,Y
THS-SI-3.2.4,SI,8,工业硅冶炼厂开工率（%）,si_312_util_4|si_315_util_industrial_si|si_321_util_industrial_si|si_322_util|si_322_util_2,91.77|82.11|82.11|82.11|82.11,中国工业硅开工率|工业硅：开工率：中国（周）|工业硅：开工率：中国（月）|工业硅：开工率：中国（月）|工业硅：开工率：中国（月）,中国工业硅开工率,91.77,a10123444,高置信,Y
THS-SI-3.2.4,SI,9,工业硅冶炼厂检修量（万吨）,si_25_profit_smelt|si_25_cost_smelt|si_25_profit_smelt_2|si_25_cost_smelt_2|si_321_output,81.25|81.25|81.25|81.25|76.47,工业硅冶炼利润|工业硅冶炼成本|工业硅冶炼利润|工业硅冶炼成本|工业硅精炼月产量,工业硅冶炼利润,81.25,ID01528164,高置信,Y
THS-SI-3.2.4,SI,10,工业硅冶炼厂产能利用率（%）,si_313_util_capacity|si_315_capacity_util_industrial_si|si_321_capacity_industrial_si|si_321_capacity_util_industrial_si|si_323_recycle_capacity_util,99.05|90.44|90.44|90.44|90.44,中国工业硅产能利用率|工业硅：产能利用率：中国（月）|工业硅：产能利用率：中国（月）|工业硅：产能利用率：中国（月）|工业硅：产能利用率：中国（月）,中国工业硅产能利用率,99.05,ID01445977,高置信,Y
THS-SI-4.1,SI,0,工业硅交易所库存总量（吨）,si_313_social_inv|si_43_inv|si_313_inv_social|wr227|wr226,86.67|86.67|86.67|86.67|81.25,工业硅社会库存|工业硅工厂库存总量|工业硅社会库存|工业硅社会库存(SMM)|工业硅显性总库存,工业硅社会库存,86.67,a10020033,高置信,Y
THS-SI-4.1,SI,1,工业硅期货主力合约收盘价（元/吨）,si_21_close_front|si_21_close_front_industrial_si|si_23_close|si_23_close_2|si_24_close_near_industrial_si,100|86.67|86.67|86.67|86.67,工业硅主力合约收盘价|GFEX：工业硅：主力合约：收盘价（日）|GFEX：工业硅：主力合约：收盘价（日）|GFEX：工业硅：主力合约：收盘价（日）|GFEX：工业硅：主力合约：收盘价（日）,工业硅主力合约收盘价,100,a10154400,高置信,Y
THS-SI-4.1,SI,2,多晶硅交易所库存总量（吨）,wr216|si_41_inv_polysilicon|si_44_inv_polysilicon|si_44_inv_days_polysilicon|si_45_inv_implicit_polysilicon,86.67|76.47|76.47|76.47|76.47,多晶硅区域库存|多晶硅：库存：中国（周）|多晶硅：库存：中国（周）|多晶硅：库存：中国（周）|多晶硅：库存：中国（周）,多晶硅区域库存,86.67,a12862948,高置信,Y
THS-SI-4.1,SI,3,多晶硅期货主力合约收盘价（元/吨）,si_21_close_front|si_25_close_front_polysilicon|si_21_close_front_industrial_si|si_23_close|si_23_close_2,91.0|86.67|67.41|67.41|67.41,工业硅主力合约收盘价|GFEX：多晶硅：主力合约：收盘价（日）|GFEX：工业硅：主力合约：收盘价（日）|GFEX：工业硅：主力合约：收盘价（日）|GFEX：工业硅：主力合约：收盘价（日）,工业硅主力合约收盘价,91.0,a10154400,高置信,Y
THS-SI-4.1,SI,4,工业硅仓单注册量（吨）,si_21_openinterest_front|si_41_warrant_total|si_21_warrant_industrial_si|si_22_warrant_industrial_si|si_24_warrant_industrial_si,76.47|76.47|74.28|74.28|74.28,工业硅主力合约持仓量|GFEX工业硅仓单总量|GFEX：工业硅：仓单数量（日）|GFEX：工业硅：仓单数量（日）|GFEX：工业硅：仓单数量（日）,工业硅主力合约持仓量,76.47,a10154412,高置信,Y
THS-SI-4.1,SI,5,工业硅注销仓单量（吨）,si_21_openinterest_front|si_41_warrant_total|si_21_warrant_industrial_si|si_22_warrant_industrial_si|si_24_warrant_industrial_si,76.47|76.47|74.28|74.28|74.28,工业硅主力合约持仓量|GFEX工业硅仓单总量|GFEX：工业硅：仓单数量（日）|GFEX：工业硅：仓单数量（日）|GFEX：工业硅：仓单数量（日）,工业硅主力合约持仓量,76.47,a10154412,高置信,Y
THS-SI-4.1,SI,6,工业硅在途库存（吨）,si_313_social_inv|si_43_inv|si_313_inv_social|wr227|wr226,92.86|92.86|92.86|92.86|86.67,工业硅社会库存|工业硅工厂库存总量|工业硅社会库存|工业硅社会库存(SMM)|工业硅显性总库存,工业硅社会库存,92.86,a10020033,高置信,Y
THS-SI-4.1,SI,7,工业硅隐性库存（吨）,wr226|si_313_social_inv|si_43_inv|si_313_inv_social|wr227,100|92.86|92.86|92.86|92.86,工业硅显性总库存|工业硅社会库存|工业硅工厂库存总量|工业硅社会库存|工业硅社会库存(SMM),工业硅显性总库存,100,a12862942,高置信,Y
THS-SI-4.1,SI,8,工业硅库存天数（天）,si_313_social_inv|si_43_inv|si_313_inv_social|wr227|wr226,92.86|92.86|92.86|92.86|86.67,工业硅社会库存|工业硅工厂库存总量|工业硅社会库存|工业硅社会库存(SMM)|工业硅显性总库存,工业硅社会库存,92.86,a10020033,高置信,Y
THS-SI-4.1,SI,9,工业硅注销仓单占比（%）,si_41_warrant_total|si_41_warrant|si_21_warrant_industrial_si|si_22_warrant_industrial_si|si_24_warrant_industrial_si,72.23|65.0|59.09|59.09|59.09,GFEX工业硅仓单总量|GFEX工业硅仓单增减|GFEX：工业硅：仓单数量（日）|GFEX：工业硅：仓单数量（日）|GFEX：工业硅：仓单数量（日）,GFEX工业硅仓单总量,72.23,a10175359,高置信,Y
THS-SI-4.2,SI,0,工业硅仓单注册量（吨）,si_21_openinterest_front|si_41_warrant_total|si_21_warrant_industrial_si|si_22_warrant_industrial_si|si_24_warrant_industrial_si,76.47|76.47|74.28|74.28|74.28,工业硅主力合约持仓量|GFEX工业硅仓单总量|GFEX：工业硅：仓单数量（日）|GFEX：工业硅：仓单数量（日）|GFEX：工业硅：仓单数量（日）,工业硅主力合约持仓量,76.47,a10154412,高置信,Y
THS-SI-4.2,SI,1,工业硅期货主力合约收盘价（元/吨）,si_21_close_front|si_21_close_front_industrial_si|si_23_close|si_23_close_2|si_24_close_near_industrial_si,100|86.67|86.67|86.67|86.67,工业硅主力合约收盘价|GFEX：工业硅：主力合约：收盘价（日）|GFEX：工业硅：主力合约：收盘价（日）|GFEX：工业硅：主力合约：收盘价（日）|GFEX：工业硅：主力合约：收盘价（日）,工业硅主力合约收盘价,100,a10154400,高置信,Y
THS-SI-4.2,SI,2,多晶硅仓单注册量（吨）,wr214|si_42_warrant_polysilicon|wr212|wr218|si_321_output_polysilicon,80.0|74.28|69.33|69.33|61.18,多晶硅产量|GFEX：多晶硅：仓单数量（日）|多晶硅云南产量|多晶硅青海产量|多晶硅：产量：中国（月）,多晶硅产量,80.0,a12853285,高置信,Y
THS-SI-4.2,SI,3,多晶硅期货主力合约收盘价（元/吨）,si_21_close_front|si_25_close_front_polysilicon|si_21_close_front_industrial_si|si_23_close|si_23_close_2,91.0|86.67|67.41|67.41|67.41,工业硅主力合约收盘价|GFEX：多晶硅：主力合约：收盘价（日）|GFEX：工业硅：主力合约：收盘价（日）|GFEX：工业硅：主力合约：收盘价（日）|GFEX：工业硅：主力合约：收盘价（日）,工业硅主力合约收盘价,91.0,a10154400,高置信,Y
THS-SI-4.2,SI,4,工业硅注销仓单量（吨）,si_21_openinterest_front|si_41_warrant_total|si_21_warrant_industrial_si|si_22_warrant_industrial_si|si_24_warrant_industrial_si,76.47|76.47|74.28|74.28|74.28,工业硅主力合约持仓量|GFEX工业硅仓单总量|GFEX：工业硅：仓单数量（日）|GFEX：工业硅：仓单数量（日）|GFEX：工业硅：仓单数量（日）,工业硅主力合约持仓量,76.47,a10154412,高置信,Y
THS-SI-4.2,SI,5,多晶硅注销仓单量（吨）,wr214|si_42_warrant_polysilicon|wr212|wr218|si_321_output_polysilicon,80.0|74.28|69.33|69.33|61.18,多晶硅产量|GFEX：多晶硅：仓单数量（日）|多晶硅云南产量|多晶硅青海产量|多晶硅：产量：中国（月）,多晶硅产量,80.0,a12853285,高置信,Y
THS-SI-4.2,SI,6,工业硅仓单占比（%）,si_41_warrant_total|si_41_warrant|si_21_warrant_industrial_si|si_22_warrant_industrial_si|si_24_warrant_industrial_si,81.25|72.23|65.0|65.0|65.0,GFEX工业硅仓单总量|GFEX工业硅仓单增减|GFEX：工业硅：仓单数量（日）|GFEX：工业硅：仓单数量（日）|GFEX：工业硅：仓单数量（日）,GFEX工业硅仓单总量,81.25,a10175359,高置信,Y
THS-SI-4.2,SI,7,工业硅仓单分地区量（吨）,si_21_openinterest_front|si_41_warrant_total|si_21_warrant_industrial_si|si_22_warrant_industrial_si|si_24_warrant_industrial_si,72.23|72.23|70.91|70.91|70.91,工业硅主力合约持仓量|GFEX工业硅仓单总量|GFEX：工业硅：仓单数量（日）|GFEX：工业硅：仓单数量（日）|GFEX：工业硅：仓单数量（日）,工业硅主力合约持仓量,72.23,a10154412,高置信,Y
THS-SI-4.2,SI,8,近3年同日仓单注册量均值（吨）,wr124|al_25_warrant_premium_avg_price|si_21_warrant_industrial_si|si_22_warrant_industrial_si|si_24_warrant_industrial_si,33.33|30.0|24.0|24.0|24.0,碳酸锂 仓单量|铝：仓单溢价均价（日）|GFEX：工业硅：仓单数量（日）|GFEX：工业硅：仓单数量（日）|GFEX：工业硅：仓单数量（日）,碳酸锂 仓单量,33.33,FU00058091,无候选/低置信,Y
THS-SI-4.2,SI,9,近3年同日仓单注册量标准差（吨）,wr124|wr172|si_21_warrant_industrial_si|si_22_warrant_industrial_si|si_24_warrant_industrial_si,31.58|27.27|23.08|23.08|23.08,碳酸锂 仓单量|沪锡近半年月差变化|GFEX：工业硅：仓单数量（日）|GFEX：工业硅：仓单数量（日）|GFEX：工业硅：仓单数量（日）,碳酸锂 仓单量,31.58,FU00058091,无候选/低置信,Y
THS-SI-4.2,SI,10,工业硅注销仓单占比（%）,si_41_warrant_total|si_41_warrant|si_21_warrant_industrial_si|si_22_warrant_industrial_si|si_24_warrant_industrial_si,72.23|65.0|59.09|59.09|59.09,GFEX工业硅仓单总量|GFEX工业硅仓单增减|GFEX：工业硅：仓单数量（日）|GFEX：工业硅：仓单数量（日）|GFEX：工业硅：仓单数量（日）,GFEX工业硅仓单总量,72.23,a10175359,高置信,Y
THS-SI-4.3,SI,0,工业硅社会库存总量（万吨）,si_313_social_inv|si_313_inv_social|wr227|si_43_inv|wr226,100|100|100|92.86|86.67,工业硅社会库存|工业硅社会库存|工业硅社会库存(SMM)|工业硅工厂库存总量|工业硅显性总库存,工业硅社会库存,100,a10020033,高置信,Y
THS-SI-4.3,SI,1,工业硅期货主力合约收盘价（元/吨）,si_21_close_front|si_21_close_front_industrial_si|si_23_close|si_23_close_2|si_24_close_near_industrial_si,100|86.67|86.67|86.67|86.67,工业硅主力合约收盘价|GFEX：工业硅：主力合约：收盘价（日）|GFEX：工业硅：主力合约：收盘价（日）|GFEX：工业硅：主力合约：收盘价（日）|GFEX：工业硅：主力合约：收盘价（日）,工业硅主力合约收盘价,100,a10154400,高置信,Y
THS-SI-4.3,SI,2,多晶硅社会库存总量（万吨）,si_313_social_inv|si_313_inv_social|wr216|wr227|si_41_inv_polysilicon,92.86|92.86|92.86|92.86|81.25,工业硅社会库存|工业硅社会库存|多晶硅区域库存|工业硅社会库存(SMM)|多晶硅：库存：中国（周）,工业硅社会库存,92.86,a10020033,高置信,Y
THS-SI-4.3,SI,3,多晶硅期货主力合约收盘价（元/吨）,si_21_close_front|si_25_close_front_polysilicon|si_21_close_front_industrial_si|si_23_close|si_23_close_2,91.0|86.67|67.41|67.41|67.41,工业硅主力合约收盘价|GFEX：多晶硅：主力合约：收盘价（日）|GFEX：工业硅：主力合约：收盘价（日）|GFEX：工业硅：主力合约：收盘价（日）|GFEX：工业硅：主力合约：收盘价（日）,工业硅主力合约收盘价,91.0,a10154400,高置信,Y
THS-SI-4.3,SI,4,工业硅社会库存分地区量（万吨）,si_313_social_inv|si_313_inv_social|wr227|si_43_inv|wr226,82.73|82.73|82.73|72.23|68.42,工业硅社会库存|工业硅社会库存|工业硅社会库存(SMM)|工业硅工厂库存总量|工业硅显性总库存,工业硅社会库存,82.73,a10020033,高置信,Y
THS-SI-4.3,SI,5,工业硅社会库存天数（天）,si_313_social_inv|si_313_inv_social|wr227|wr228|si_43_inv,100|100|100|82.11|81.25,工业硅社会库存|工业硅社会库存|工业硅社会库存(SMM)|金属硅社会库存-天津港|工业硅工厂库存总量,工业硅社会库存,100,a10020033,高置信,Y
THS-SI-4.3,SI,6,工业硅社会库存隐性库存（万吨）,si_313_social_inv|si_313_inv_social|wr227|si_43_inv|wr226,82.73|82.73|82.73|72.23|68.42,工业硅社会库存|工业硅社会库存|工业硅社会库存(SMM)|工业硅工厂库存总量|工业硅显性总库存,工业硅社会库存,82.73,a10020033,高置信,Y
THS-SI-4.3,SI,7,工业硅社会库存在途库存（万吨）,si_313_social_inv|si_313_inv_social|wr227|si_43_inv|wr226,82.73|82.73|82.73|72.23|68.42,工业硅社会库存|工业硅社会库存|工业硅社会库存(SMM)|工业硅工厂库存总量|工业硅显性总库存,工业硅社会库存,82.73,a10020033,高置信,Y
THS-SI-4.3,SI,8,工业硅社会库存厂内库存（万吨）,si_313_social_inv|si_313_inv_social|wr227|si_43_inv|wr226,82.73|82.73|82.73|72.23|68.42,工业硅社会库存|工业硅社会库存|工业硅社会库存(SMM)|工业硅工厂库存总量|工业硅显性总库存,工业硅社会库存,82.73,a10020033,高置信,Y
THS-SI-4.3,SI,9,近3年同周库存量均值（万吨）,SHFE库存|wr125|wr126|wr128|社库,30.77|30.0|30.0|30.0|28.57,上期所库存|碳酸锂 周度库存:下游|碳酸锂 周度库存:其他|碳酸锂 周度库存:总计|社会库存,上期所库存,30.77,FU00015013,无候选/低置信,Y
THS-SI-4.3,SI,10,近3年同周库存量标准差（万吨）,wr172|SHFE库存|wr125|wr126|wr128,30.0|28.57|28.57|28.57|28.57,沪锡近半年月差变化|上期所库存|碳酸锂 周度库存:下游|碳酸锂 周度库存:其他|碳酸锂 周度库存:总计,沪锡近半年月差变化,30.0,a12841510,无候选/低置信,Y
THS-SI-4.4,SI,0,工业硅工厂库存总量（万吨）,si_43_inv|si_313_social_inv|si_313_inv_social|wr227|wr226,100|92.86|92.86|92.86|86.67,工业硅工厂库存总量|工业硅社会库存|工业硅社会库存|工业硅社会库存(SMM)|工业硅显性总库存,工业硅工厂库存总量,100,a12811428,高置信,Y
THS-SI-4.4,SI,1,工业硅工厂库存天数（天）,si_43_inv|si_313_social_inv|si_313_inv_social|wr227|wr226,100|81.25|81.25|81.25|76.47,工业硅工厂库存总量|工业硅社会库存|工业硅社会库存|工业硅社会库存(SMM)|工业硅显性总库存,工业硅工厂库存总量,100,a12811428,高置信,Y
THS-SI-4.4,SI,2,多晶硅工厂库存总量（万吨）,si_43_inv|wr216|si_41_inv_polysilicon|si_44_inv_polysilicon|si_44_inv_days_polysilicon,92.86|92.86|81.25|81.25|81.25,工业硅工厂库存总量|多晶硅区域库存|多晶硅：库存：中国（周）|多晶硅：库存：中国（周）|多晶硅：库存：中国（周）,工业硅工厂库存总量,92.86,a12811428,高置信,Y
THS-SI-4.4,SI,3,多晶硅工厂库存天数（天）,si_43_inv|wr216|si_41_inv_polysilicon|si_44_inv_polysilicon|si_44_inv_days_polysilicon,81.25|81.25|72.23|72.23|72.23,工业硅工厂库存总量|多晶硅区域库存|多晶硅：库存：中国（周）|多晶硅：库存：中国（周）|多晶硅：库存：中国（周）,工业硅工厂库存总量,81.25,a12811428,高置信,Y
THS-SI-4.4,SI,4,金属硅工厂库存总量（万吨）,si_43_inv|wr229|wr228|wr230|si_313_social_inv,92.86|81.25|76.47|76.47|55.72,工业硅工厂库存总量|金属硅社会库存-昆明|金属硅社会库存-天津港|金属硅社会库存-黄埔港|工业硅社会库存,工业硅工厂库存总量,92.86,a12811428,高置信,Y
THS-SI-4.4,SI,5,金属硅工厂库存天数（天）,wr228|si_43_inv|wr229|wr230|si_313_social_inv,82.11|81.25|72.23|68.42|48.75,金属硅社会库存-天津港|工业硅工厂库存总量|金属硅社会库存-昆明|金属硅社会库存-黄埔港|工业硅社会库存,金属硅社会库存-天津港,82.11,a10020033,高置信,Y
THS-SI-4.4,SI,6,工业硅工厂库存分地区量（万吨）,si_43_inv|si_313_social_inv|si_313_inv_social|wr227|wr226,82.73|72.23|72.23|72.23|68.42,工业硅工厂库存总量|工业硅社会库存|工业硅社会库存|工业硅社会库存(SMM)|工业硅显性总库存,工业硅工厂库存总量,82.73,a12811428,高置信,Y
THS-SI-4.4,SI,7,工业硅工厂库存分持有者量（万吨）,si_43_inv|si_313_social_inv|si_313_inv_social|wr227|wr226,75.83|68.42|68.42|68.42|65.0,工业硅工厂库存总量|工业硅社会库存|工业硅社会库存|工业硅社会库存(SMM)|工业硅显性总库存,工业硅工厂库存总量,75.83,a12811428,高置信,Y
THS-SI-4.4,SI,8,工业硅工厂库存在途库存（万吨）,si_43_inv|si_313_social_inv|si_313_inv_social|wr227|wr226,82.73|72.23|72.23|72.23|68.42,工业硅工厂库存总量|工业硅社会库存|工业硅社会库存|工业硅社会库存(SMM)|工业硅显性总库存,工业硅工厂库存总量,82.73,a12811428,高置信,Y
THS-SI-4.4,SI,9,工业硅工厂库存隐性库存（万吨）,si_43_inv|si_313_social_inv|si_313_inv_social|wr227|wr226,82.73|72.23|72.23|72.23|68.42,工业硅工厂库存总量|工业硅社会库存|工业硅社会库存|工业硅社会库存(SMM)|工业硅显性总库存,工业硅工厂库存总量,82.73,a12811428,高置信,Y
THS-SI-4.4,SI,10,近3年同月库存量均值（万吨）,wr172|SHFE库存|社库|li_43_inv_struct|li_43_inv_struct_2,31.58|30.77|28.57|28.57|28.57,沪锡近半年月差变化|上期所库存|社会库存|库存结构|库存结构,沪锡近半年月差变化,31.58,a12841510,无候选/低置信,Y
THS-SI-4.4,SI,11,近3年同月库存量标准差（万吨）,wr172|SHFE库存|wr21|社库|li_43_inv_struct,40.0|28.57|27.27|26.67|26.67,沪锡近半年月差变化|上期所库存|SHFE铝近3月虚实比|社会库存|库存结构,沪锡近半年月差变化,40.0,a12841510,模糊待人工确认,Y
THS-SI-4.5,SI,0,工业硅隐性库存总量（万吨）,wr226|si_313_social_inv|si_43_inv|si_313_inv_social|wr227,100|92.86|92.86|92.86|92.86,工业硅显性总库存|工业硅社会库存|工业硅工厂库存总量|工业硅社会库存|工业硅社会库存(SMM),工业硅显性总库存,100,a12862942,高置信,Y
THS-SI-4.5,SI,1,工业硅社会库存总量（万吨）,si_313_social_inv|si_313_inv_social|wr227|si_43_inv|wr226,100|100|100|92.86|86.67,工业硅社会库存|工业硅社会库存|工业硅社会库存(SMM)|工业硅工厂库存总量|工业硅显性总库存,工业硅社会库存,100,a10020033,高置信,Y
THS-SI-4.5,SI,2,多晶硅隐性库存总量（万吨）,wr216|si_41_inv_polysilicon|si_44_inv_polysilicon|si_44_inv_days_polysilicon|si_45_inv_implicit_polysilicon,92.86|81.25|81.25|81.25|81.25,多晶硅区域库存|多晶硅：库存：中国（周）|多晶硅：库存：中国（周）|多晶硅：库存：中国（周）|多晶硅：库存：中国（周）,多晶硅区域库存,92.86,a12862948,高置信,Y
THS-SI-4.5,SI,3,多晶硅社会库存总量（万吨）,si_313_social_inv|si_313_inv_social|wr216|wr227|si_41_inv_polysilicon,92.86|92.86|92.86|92.86|81.25,工业硅社会库存|工业硅社会库存|多晶硅区域库存|工业硅社会库存(SMM)|多晶硅：库存：中国（周）,工业硅社会库存,92.86,a10020033,高置信,Y
THS-SI-4.5,SI,4,工业硅在途库存总量（万吨）,si_313_social_inv|si_43_inv|si_313_inv_social|wr227|wr226,92.86|92.86|92.86|92.86|86.67,工业硅社会库存|工业硅工厂库存总量|工业硅社会库存|工业硅社会库存(SMM)|工业硅显性总库存,工业硅社会库存,92.86,a10020033,高置信,Y
THS-SI-4.5,SI,5,多晶硅在途库存总量（万吨）,wr216|si_41_inv_polysilicon|si_44_inv_polysilicon|si_44_inv_days_polysilicon|si_45_inv_implicit_polysilicon,92.86|81.25|81.25|81.25|81.25,多晶硅区域库存|多晶硅：库存：中国（周）|多晶硅：库存：中国（周）|多晶硅：库存：中国（周）|多晶硅：库存：中国（周）,多晶硅区域库存,92.86,a12862948,高置信,Y
THS-SI-4.5,SI,6,工业硅隐性库存分地区量（万吨）,wr226|si_313_social_inv|si_43_inv|si_313_inv_social|wr227,82.11|72.23|72.23|72.23|72.23,工业硅显性总库存|工业硅社会库存|工业硅工厂库存总量|工业硅社会库存|工业硅社会库存(SMM),工业硅显性总库存,82.11,a12862942,高置信,Y
THS-SI-4.5,SI,7,工业硅在途库存分地区量（万吨）,si_313_social_inv|si_43_inv|si_313_inv_social|wr227|wr226,72.23|72.23|72.23|72.23|68.42,工业硅社会库存|工业硅工厂库存总量|工业硅社会库存|工业硅社会库存(SMM)|工业硅显性总库存,工业硅社会库存,72.23,a10020033,高置信,Y
THS-SI-4.5,SI,8,工业硅隐性库存分持有者量（万吨）,wr226|si_313_social_inv|si_43_inv|si_313_inv_social|wr227,78.0|68.42|68.42|68.42|68.42,工业硅显性总库存|工业硅社会库存|工业硅工厂库存总量|工业硅社会库存|工业硅社会库存(SMM),工业硅显性总库存,78.0,a12862942,高置信,Y
THS-SI-4.5,SI,9,近3年同周在途库存均值（万吨）,wr152|wr54|SHFE库存|li_41_inv|wr125,42.11|36.36|28.57|28.57|28.57,锂矿 外采 在途库存|氧化铝站台/在途库存-钢联|上期所库存|锂矿：外采：在途库存：中国：锂盐厂（月）|碳酸锂 周度库存:下游,锂矿 外采 在途库存,42.11,ID02093014,模糊待人工确认,Y
THS-SI-4.5,SI,10,近3年同周在途库存标准差（万吨）,wr152|wr54|wr172|li_41_inv|wr125,40.0|34.78|28.57|27.59|27.27,锂矿 外采 在途库存|氧化铝站台/在途库存-钢联|沪锡近半年月差变化|锂矿：外采：在途库存：中国：锂盐厂（月）|碳酸锂 周度库存:下游,锂矿 外采 在途库存,40.0,ID02093014,模糊待人工确认,Y
THS-SI-5.1,SI,0,工业硅下游开工率（%）,si_312_util_4|si_315_util_industrial_si|si_321_util_industrial_si|si_322_util|si_322_util_2,97.5|86.67|86.67|86.67|86.67,中国工业硅开工率|工业硅：开工率：中国（周）|工业硅：开工率：中国（月）|工业硅：开工率：中国（月）|工业硅：开工率：中国（月）,中国工业硅开工率,97.5,a10123444,高置信,Y
THS-SI-5.1,SI,1,工业硅表观消费量（万吨）,si_51_cons_apparent|si_51_apparent_cons|si_52_cons|si_61_import_3|si_62_export,100|97.5|97.5|74.28|74.28,工业硅表观消费量|有机硅表观消费量|工业硅终端消费量|工业硅进口量|工业硅出口量,工业硅表观消费量,100,a12715180,高置信,Y
THS-SI-5.1,SI,2,多晶硅下游开工率（%）,wr217|wr235|si_312_util_4|si_51_util_2|wr211,100|80.0|65.0|61.18|61.18,多晶硅开工率|硅片开工率|中国工业硅开工率|有机硅DMC开工率|多晶硅下月预计产量,多晶硅开工率,100,a10155018,高置信,Y
THS-SI-5.1,SI,3,多晶硅表观消费量（万吨）,si_51_apparent_cons|si_51_cons_apparent|wr214|wr212|wr218,97.5|97.5|80.0|69.33|69.33,有机硅表观消费量|工业硅表观消费量|多晶硅产量|多晶硅云南产量|多晶硅青海产量,有机硅表观消费量,97.5,a12857251,高置信,Y
THS-SI-5.1,SI,4,金属硅下游开工率（%）,wr235|wr217|si_312_util_4|si_51_util_2|si_315_util_industrial_si,80.0|74.28|65.0|61.18|57.77,硅片开工率|多晶硅开工率|中国工业硅开工率|有机硅DMC开工率|工业硅：开工率：中国（周）,硅片开工率,80.0,a10169445,高置信,Y
THS-SI-5.1,SI,5,金属硅表观消费量（万吨）,si_51_apparent_cons|si_51_cons_apparent|si_51_cons|si_52_cons|wr202,97.5|97.5|74.28|65.0|48.75,有机硅表观消费量|工业硅表观消费量|USGS：硅铁及金属硅：表观消费量：美国（年）|工业硅终端消费量|周产量-金属硅-云南,有机硅表观消费量,97.5,a12857251,高置信,Y
THS-SI-5.1,SI,6,工业硅产量（万吨）,si_321_output|si_323_output_recycle|si_312_output_2|si_312_output_3|si_61_import_3,100.0|100.0|100.0|100.0|94.55,工业硅精炼月产量|工业硅再生月产量|中国工业硅月产量|中国工业硅月产量|工业硅进口量,工业硅精炼月产量,100.0,a12715175,高置信,Y
THS-SI-5.1,SI,7,工业硅终端产量（万吨）,si_52_cons|si_312_output|si_321_output|si_323_output_recycle|si_312_output_2,100|92.86|86.67|86.67|86.67,工业硅终端消费量|美国工业硅产量|工业硅精炼月产量|工业硅再生月产量|中国工业硅月产量,工业硅终端消费量,100,a12715181,高置信,Y
THS-SI-5.1,SI,8,工业硅排产计划量（万吨）,si_312_output|si_321_output|si_323_output_recycle|si_312_output_2|si_312_output_3,86.67|81.25|81.25|81.25|81.25,美国工业硅产量|工业硅精炼月产量|工业硅再生月产量|中国工业硅月产量|中国工业硅月产量,美国工业硅产量,86.67,ID01552216,高置信,Y
THS-SI-5.1,SI,9,近3年同月开工率均值（%）,wr235|wr93|li_51_util_ternary|wr57|wr197,40.0|38.1|37.5|37.5|37.5,硅片开工率|SMM 碳酸锂 月度开工率|三元材料开工率|氧化铝开工率|国内锡开工率,硅片开工率,40.0,a10169445,模糊待人工确认,Y
THS-SI-5.1,SI,10,近3年同月开工率标准差（%）,wr172|wr235|wr93|li_51_util_ternary|wr57,40.0|37.5|36.36|35.29|35.29,沪锡近半年月差变化|硅片开工率|SMM 碳酸锂 月度开工率|三元材料开工率|氧化铝开工率,沪锡近半年月差变化,40.0,a12841510,模糊待人工确认,Y
THS-SI-5.1,SI,11,多晶硅终端产量（万吨）,wr214|wr212|wr218|wr213|si_321_output_polysilicon,100|92.86|92.86|86.67|81.25,多晶硅产量|多晶硅云南产量|多晶硅青海产量|多晶硅产能|多晶硅：产量：中国（月）,多晶硅产量,100,a12853285,高置信,Y
THS-SI-5.2,SI,0,工业硅下游终端产量（万吨）,si_52_cons|si_312_output|si_321_output|si_323_output_recycle|si_312_output_2,91.77|81.25|76.47|76.47|76.47,工业硅终端消费量|美国工业硅产量|工业硅精炼月产量|工业硅再生月产量|中国工业硅月产量,工业硅终端消费量,91.77,a12715181,高置信,Y
THS-SI-5.2,SI,1,工业硅下游消费占比（%）,si_52_cons|si_51_cons_apparent|si_22_basis|si_71_power|si_71_power_2,76.47|76.47|55.72|55.72|55.72,工业硅终端消费量|工业硅表观消费量|工业硅基差|工业硅电价|工业硅电价,工业硅终端消费量,76.47,a12715181,高置信,Y
THS-SI-5.2,SI,2,多晶硅下游终端产量（万吨）,wr214|wr211|wr212|wr218|wr213,92.86|86.67|81.25|81.25|74.28,多晶硅产量|多晶硅下月预计产量|多晶硅云南产量|多晶硅青海产量|多晶硅产能,多晶硅产量,92.86,a12853285,高置信,Y
THS-SI-5.2,SI,3,多晶硅下游消费占比（%）,wr211|wr213|wr214|wr217|wr212,57.77|55.72|55.72|52.0|48.75,多晶硅下月预计产量|多晶硅产能|多晶硅产量|多晶硅开工率|多晶硅云南产量,多晶硅下月预计产量,57.77,a12731896,模糊待人工确认,Y
THS-SI-5.2,SI,4,金属硅下游终端产量（万吨）,si_52_cons|wr211|wr214|wr234|si_312_output,61.18|57.77|55.72|52.0|48.75,工业硅终端消费量|多晶硅下月预计产量|多晶硅产量|硅片周度产量|美国工业硅产量,工业硅终端消费量,61.18,a12715181,模糊待人工确认,Y
THS-SI-5.2,SI,5,金属硅下游消费占比（%）,si_51_apparent_cons|si_52_cons|si_51_cons_apparent|wr202|wr203,45.88|45.88|45.88|45.88|45.88,有机硅表观消费量|工业硅终端消费量|工业硅表观消费量|周产量-金属硅-云南|周产量-金属硅-四川,有机硅表观消费量,45.88,a12857251,模糊待人工确认,Y
THS-SI-5.2,SI,6,工业硅下游订单量（万吨）,si_61_import_3|si_62_export|si_62_export_2|si_312_output|si_321_output,74.28|74.28|74.28|69.33|65.0,工业硅进口量|工业硅出口量|工业硅出口量|美国工业硅产量|工业硅精炼月产量,工业硅进口量,74.28,CM0000287718,高置信,Y
THS-SI-5.2,SI,7,多晶硅下游订单量（万吨）,wr214|wr211|wr212|wr218|si_42_warrant_polysilicon,80.0|76.47|69.33|69.33|61.91,多晶硅产量|多晶硅下月预计产量|多晶硅云南产量|多晶硅青海产量|GFEX：多晶硅：仓单数量（日）,多晶硅产量,80.0,a12853285,高置信,Y
THS-SI-5.2,SI,8,近3年同月消费占比均值（%）,wr21|wr172|表观消费|li_24_close_near_2|cu_51_apparent_cons,36.36|30.0|26.67|23.53|23.08,SHFE铝近3月虚实比|沪锡近半年月差变化|表观消费|近月合约收盘价|电解铜：表观消费量累计值：中国（月）,SHFE铝近3月虚实比,36.36,a12852880,无候选/低置信,Y
THS-SI-5.2,SI,9,近3年同月消费占比标准差（%）,wr172|wr21|表观消费|li_24_close_near_2|si_23_spread_futures,38.1|34.78|25.0|22.22|21.05,沪锡近半年月差变化|SHFE铝近3月虚实比|表观消费|近月合约收盘价|工业硅期货月差,沪锡近半年月差变化,38.1,a12841510,无候选/低置信,Y
THS-SI-5.2,SI,10,工业硅下游消费增速（%）,si_52_cons|si_51_cons_apparent|si_22_basis|si_71_power|si_71_power_2,76.47|76.47|55.72|55.72|55.72,工业硅终端消费量|工业硅表观消费量|工业硅基差|工业硅电价|工业硅电价,工业硅终端消费量,76.47,a12715181,高置信,Y
THS-SI-5.3,SI,0,工业硅下游排产计划量（万吨）,si_312_output|si_321_output|si_323_output_recycle|si_312_output_2|si_312_output_3,76.47|72.23|72.23|72.23|72.23,美国工业硅产量|工业硅精炼月产量|工业硅再生月产量|中国工业硅月产量|中国工业硅月产量,美国工业硅产量,76.47,ID01552216,高置信,Y
THS-SI-5.3,SI,1,工业硅下游订单量（万吨）,si_61_import_3|si_62_export|si_62_export_2|si_312_output|si_321_output,74.28|74.28|74.28|69.33|65.0,工业硅进口量|工业硅出口量|工业硅出口量|美国工业硅产量|工业硅精炼月产量,工业硅进口量,74.28,CM0000287718,高置信,Y
THS-SI-5.3,SI,2,多晶硅下游排产计划量（万吨）,wr214|wr211|wr212|wr218|wr213,86.67|82.11|76.47|76.47|69.33,多晶硅产量|多晶硅下月预计产量|多晶硅云南产量|多晶硅青海产量|多晶硅产能,多晶硅产量,86.67,a12853285,高置信,Y
THS-SI-5.3,SI,3,多晶硅下游订单量（万吨）,wr214|wr211|wr212|wr218|si_42_warrant_polysilicon,80.0|76.47|69.33|69.33|61.91,多晶硅产量|多晶硅下月预计产量|多晶硅云南产量|多晶硅青海产量|GFEX：多晶硅：仓单数量（日）,多晶硅产量,80.0,a12853285,高置信,Y
THS-SI-5.3,SI,4,工业硅下游采购量（万吨）,si_61_import_3|si_62_export|si_62_export_2|si_312_output|si_321_output,74.28|74.28|74.28|69.33|65.0,工业硅进口量|工业硅出口量|工业硅出口量|美国工业硅产量|工业硅精炼月产量,工业硅进口量,74.28,CM0000287718,高置信,Y
THS-SI-5.3,SI,5,工业硅下游预付款（亿元）,si_22_basis|si_71_power|si_71_power_2|si_71_power_3|si_71_power_4,59.99|59.99|59.99|59.99|59.99,工业硅基差|工业硅电价|工业硅电价|工业硅电价|工业硅电价,工业硅基差,59.99,a12841761,模糊待人工确认,Y
THS-SI-5.3,SI,6,近3年同月排产计划量均值（万吨）,li_73_raw|wr136|wr138|si_321_output|si_323_output_recycle,31.58|31.58|31.58|30.0|30.0,碳酸锂(盐湖卤水原料)下月排产|三元材料 月度产量|钴酸锂 月度产量|工业硅精炼月产量|工业硅再生月产量,碳酸锂(盐湖卤水原料)下月排产,31.58,ID01865205,无候选/低置信,Y
THS-SI-5.3,SI,7,近3年同月排产计划量标准差（万吨）,wr172|li_73_raw|wr136|wr138|si_321_output,36.36|30.0|30.0|30.0|28.57,沪锡近半年月差变化|碳酸锂(盐湖卤水原料)下月排产|三元材料 月度产量|钴酸锂 月度产量|工业硅精炼月产量,沪锡近半年月差变化,36.36,a12841510,无候选/低置信,Y
THS-SI-5.3,SI,8,多晶硅下游预付款（亿元）,wr211|wr213|wr214|wr217|wr212,76.47|59.99|59.99|55.72|52.0,多晶硅下月预计产量|多晶硅产能|多晶硅产量|多晶硅开工率|多晶硅云南产量,多晶硅下月预计产量,76.47,a12731896,高置信,Y
THS-SI-5.3,SI,9,多晶硅下游采购量（万吨）,wr214|wr211|wr212|wr218|si_321_output_polysilicon,80.0|76.47|69.33|69.33|61.18,多晶硅产量|多晶硅下月预计产量|多晶硅云南产量|多晶硅青海产量|多晶硅：产量：中国（月）,多晶硅产量,80.0,a12853285,高置信,Y
THS-SI-6.1,SI,0,工业硅进口量（万吨）,si_321_import|si_61_import_3|si_62_export|si_321_import_2|si_62_export_2,100|100|100|100|100,工业硅精炼月进口量|工业硅进口量|工业硅出口量|工业硅精炼月进口量|工业硅出口量,工业硅精炼月进口量,100,a12715178,高置信,Y
THS-SI-6.1,SI,1,工业硅净进口量（万吨）,si_61_import_3|si_62_export|si_62_export_2|si_321_import|si_61_by_country_import,100|100.0|100.0|97.5|97.5,工业硅进口量|工业硅出口量|工业硅出口量|工业硅精炼月进口量|工业硅进口量分国别,工业硅进口量,100,CM0000287718,高置信,Y
THS-SI-6.1,SI,2,多晶硅进口量（万吨）,wr214|si_61_import_polysilicon|si_61_import_polysilicon_2|si_61_import_3|wr212,94.55|91.77|91.77|86.67|80.0,多晶硅产量|多晶硅：进口数量：陕西（月）|多晶硅：进口数量合计：中国（月）|工业硅进口量|多晶硅云南产量,多晶硅产量,94.55,a12853285,高置信,Y
THS-SI-6.1,SI,3,多晶硅净进口量（万吨）,si_61_import_polysilicon|si_61_import_polysilicon_2|wr214|si_61_import_3|wr212,86.67|86.67|86.67|80.0|74.28,多晶硅：进口数量：陕西（月）|多晶硅：进口数量合计：中国（月）|多晶硅产量|工业硅进口量|多晶硅云南产量,多晶硅：进口数量：陕西（月）,86.67,CM0000127449,高置信,Y
THS-SI-6.1,SI,4,金属硅进口量（万吨）,si_61_import_3|si_321_import|si_61_by_country_import|si_321_import_2|si_312_import,86.67|69.33|69.33|69.33|65.0,工业硅进口量|工业硅精炼月进口量|工业硅进口量分国别|工业硅精炼月进口量|硅铁：进口数量：中国（年）,工业硅进口量,86.67,CM0000287718,高置信,Y
THS-SI-6.1,SI,5,金属硅净进口量（万吨）,si_61_import_3|si_321_import|si_61_by_country_import|si_321_import_2|si_312_import,80.0|65.0|65.0|65.0|61.18,工业硅进口量|工业硅精炼月进口量|工业硅进口量分国别|工业硅精炼月进口量|硅铁：进口数量：中国（年）,工业硅进口量,80.0,CM0000287718,高置信,Y
THS-SI-6.1,SI,6,工业硅进口分国别量（万吨）,si_314_by_country_import|si_61_import_3|si_61_by_country_import|si_62_by_country_export|si_314_by_country_import_2,100|100|100|100|100,工业硅月进口量分国别|工业硅进口量|工业硅进口量分国别|工业硅出口量分国别|工业硅月进口量分国别,工业硅月进口量分国别,100,ID01517910,高置信,Y
THS-SI-6.1,SI,7,工业硅进口总量（万吨）,si_61_import_3|si_62_export|si_62_export_2|si_321_import|si_321_import_2,100|94.55|94.55|92.86|92.86,工业硅进口量|工业硅出口量|工业硅出口量|工业硅精炼月进口量|工业硅精炼月进口量,工业硅进口量,100,CM0000287718,高置信,Y
THS-SI-6.1,SI,8,工业硅保税区库存（万吨）,si_313_social_inv|si_43_inv|si_313_inv_social|wr227|wr226,86.67|86.67|86.67|86.67|81.25,工业硅社会库存|工业硅工厂库存总量|工业硅社会库存|工业硅社会库存(SMM)|工业硅显性总库存,工业硅社会库存,86.67,a10020033,高置信,Y
THS-SI-6.1,SI,9,工业硅进口关税税率（%）,si_61_import_3|si_321_import|si_61_by_country_import|si_321_import_2|si_62_export,86.67|72.23|72.23|72.23|69.33,工业硅进口量|工业硅精炼月进口量|工业硅进口量分国别|工业硅精炼月进口量|工业硅出口量,工业硅进口量,86.67,CM0000287718,高置信,Y
THS-SI-6.1,SI,10,近3年同月进口量均值（万吨）,wr144|si_321_import|si_321_import_2|si_314_by_country_import|si_314_by_country_import_2,44.44|42.11|42.11|40.0|40.0,碳酸锂 月度进口量|工业硅精炼月进口量|工业硅精炼月进口量|工业硅月进口量分国别|工业硅月进口量分国别,碳酸锂 月度进口量,44.44,a10006557,模糊待人工确认,Y
THS-SI-6.1,SI,11,近3年同月进口量标准差（万吨）,wr144|si_321_import|si_321_import_2|wr172|si_314_by_country_import,42.11|40.0|40.0|40.0|38.1,碳酸锂 月度进口量|工业硅精炼月进口量|工业硅精炼月进口量|沪锡近半年月差变化|工业硅月进口量分国别,碳酸锂 月度进口量,42.11,a10006557,模糊待人工确认,Y
THS-SI-6.1,SI,12,工业硅进口发运天数（天）,si_61_import_3|si_321_import|si_61_by_country_import|si_321_import_2|si_62_export,86.67|72.23|72.23|72.23|69.33,工业硅进口量|工业硅精炼月进口量|工业硅进口量分国别|工业硅精炼月进口量|工业硅出口量,工业硅进口量,86.67,CM0000287718,高置信,Y
THS-SI-6.2,SI,0,工业硅出口量（万吨）,si_61_import_3|si_62_export|si_62_export_2|si_321_import|si_61_by_country_import,100|100|100|86.67|86.67,工业硅进口量|工业硅出口量|工业硅出口量|工业硅精炼月进口量|工业硅进口量分国别,工业硅进口量,100,CM0000287718,高置信,Y
THS-SI-6.2,SI,1,工业硅净出口量（万吨）,si_61_import_3|si_62_export|si_62_export_2|si_62_by_country_export|si_321_import,100.0|100|100|97.5|81.25,工业硅进口量|工业硅出口量|工业硅出口量|工业硅出口量分国别|工业硅精炼月进口量,工业硅进口量,100.0,CM0000287718,高置信,Y
THS-SI-6.2,SI,2,多晶硅出口量（万吨）,wr214|si_62_export_polysilicon|si_63_export_polysilicon|si_62_export|si_62_export_2,94.55|91.77|91.77|86.67|86.67,多晶硅产量|多晶硅：出口数量合计：中国（月）|多晶硅：出口数量合计：中国（月）|工业硅出口量|工业硅出口量,多晶硅产量,94.55,a12853285,高置信,Y
THS-SI-6.2,SI,3,多晶硅净出口量（万吨）,si_62_export_polysilicon|si_63_export_polysilicon|wr214|si_62_export|si_62_export_2,86.67|86.67|86.67|80.0|80.0,多晶硅：出口数量合计：中国（月）|多晶硅：出口数量合计：中国（月）|多晶硅产量|工业硅出口量|工业硅出口量,多晶硅：出口数量合计：中国（月）,86.67,CM0000136701,高置信,Y
THS-SI-6.2,SI,4,金属硅出口量（万吨）,si_62_export|si_62_export_2|si_62_by_country_export|si_61_import_3|si_62_export_polysilicon,86.67|86.67|69.33|65.0|61.18,工业硅出口量|工业硅出口量|工业硅出口量分国别|工业硅进口量|多晶硅：出口数量合计：中国（月）,工业硅出口量,86.67,CM0000287779,高置信,Y
THS-SI-6.2,SI,5,金属硅净出口量（万吨）,si_62_export|si_62_export_2|si_62_by_country_export|si_61_import_3|si_62_export_polysilicon,80.0|80.0|65.0|59.99|57.77,工业硅出口量|工业硅出口量|工业硅出口量分国别|工业硅进口量|多晶硅：出口数量合计：中国（月）,工业硅出口量,80.0,CM0000287779,高置信,Y
THS-SI-6.2,SI,6,工业硅出口分国别量（万吨）,si_61_by_country_import|si_62_export|si_62_by_country_export|si_62_export_2|si_314_by_country_import,100|100|100|100|95.78,工业硅进口量分国别|工业硅出口量|工业硅出口量分国别|工业硅出口量|工业硅月进口量分国别,工业硅进口量分国别,100,CM0000287714,高置信,Y
THS-SI-6.2,SI,7,工业硅出口总量（万吨）,si_62_export|si_62_export_2|si_61_import_3|si_22_basis|si_71_power,100|100|94.55|78.0|78.0,工业硅出口量|工业硅出口量|工业硅进口量|工业硅基差|工业硅电价,工业硅出口量,100,CM0000287779,高置信,Y
THS-SI-6.2,SI,8,工业硅保税区仓单（万吨）,si_41_warrant_total|si_41_warrant|si_21_warrant_industrial_si|si_22_warrant_industrial_si|si_24_warrant_industrial_si,76.47|68.42|61.91|61.91|61.91,GFEX工业硅仓单总量|GFEX工业硅仓单增减|GFEX：工业硅：仓单数量（日）|GFEX：工业硅：仓单数量（日）|GFEX：工业硅：仓单数量（日）,GFEX工业硅仓单总量,76.47,a10175359,高置信,Y
THS-SI-6.2,SI,9,工业硅出口关税税率（%）,si_62_export|si_62_export_2|si_62_by_country_export|si_61_import_3|si_312_util_4,86.67|86.67|72.23|69.33|61.18,工业硅出口量|工业硅出口量|工业硅出口量分国别|工业硅进口量|中国工业硅开工率,工业硅出口量,86.67,CM0000287779,高置信,Y
THS-SI-6.2,SI,10,近3年同月出口量均值（万吨）,si_62_export|si_62_export_2|wr269|li_62_export_2|pb_63_aux,37.5|37.5|37.5|35.29|33.33,工业硅出口量|工业硅出口量|不锈钢出口量|氢氧化锂出口量|铅蓄电池：出口数量终值：中国（月）,工业硅出口量,37.5,CM0000287779,无候选/低置信,Y
THS-SI-6.2,SI,11,近3年同月出口量标准差（万吨）,wr172|si_62_export|si_62_export_2|wr269|li_62_export_2,40.0|35.29|35.29|35.29|33.33,沪锡近半年月差变化|工业硅出口量|工业硅出口量|不锈钢出口量|氢氧化锂出口量,沪锡近半年月差变化,40.0,a12841510,模糊待人工确认,Y
THS-SI-6.2,SI,12,工业硅出口发运天数（天）,si_62_export|si_62_export_2|si_62_by_country_export|si_61_import_3|si_321_import,86.67|86.67|72.23|69.33|57.77,工业硅出口量|工业硅出口量|工业硅出口量分国别|工业硅进口量|工业硅精炼月进口量,工业硅出口量,86.67,CM0000287779,高置信,Y
THS-SI-6.3,SI,0,工业硅制品出口量（万吨）,si_62_export|si_62_export_2|si_61_import_3|si_62_by_country_export|si_321_import,100|100|92.86|91.77|76.47,工业硅出口量|工业硅出口量|工业硅进口量|工业硅出口量分国别|工业硅精炼月进口量,工业硅出口量,100,CM0000287779,高置信,Y
THS-SI-6.3,SI,1,工业硅制品净出口量（万吨）,si_62_export|si_62_export_2|si_61_import_3|si_62_by_country_export|si_321_import,100|100|86.67|86.67|72.23,工业硅出口量|工业硅出口量|工业硅进口量|工业硅出口量分国别|工业硅精炼月进口量,工业硅出口量,100,CM0000287779,高置信,Y
THS-SI-6.3,SI,2,多晶硅制品出口量（万吨）,si_62_export_polysilicon|si_63_export_polysilicon|wr214|si_62_export|si_62_export_2,82.11|82.11|80.0|74.28|74.28,多晶硅：出口数量合计：中国（月）|多晶硅：出口数量合计：中国（月）|多晶硅产量|工业硅出口量|工业硅出口量,多晶硅：出口数量合计：中国（月）,82.11,CM0000136701,高置信,Y
THS-SI-6.3,SI,3,多晶硅制品净出口量（万吨）,si_62_export_polysilicon|si_63_export_polysilicon|wr214|si_62_export|si_62_export_2,78.0|78.0|74.28|69.33|69.33,多晶硅：出口数量合计：中国（月）|多晶硅：出口数量合计：中国（月）|多晶硅产量|工业硅出口量|工业硅出口量,多晶硅：出口数量合计：中国（月）,78.0,CM0000136701,高置信,Y
THS-SI-6.3,SI,4,金属硅制品出口量（万吨）,si_62_export|si_62_export_2|si_62_by_country_export|si_61_import_3|si_62_export_polysilicon,74.28|74.28|61.18|55.72|54.74,工业硅出口量|工业硅出口量|工业硅出口量分国别|工业硅进口量|多晶硅：出口数量合计：中国（月）,工业硅出口量,74.28,CM0000287779,高置信,Y
THS-SI-6.3,SI,5,金属硅制品净出口量（万吨）,si_62_export|si_62_export_2|si_62_by_country_export|si_62_export_polysilicon|si_63_export_polysilicon,69.33|69.33|57.77|52.0|52.0,工业硅出口量|工业硅出口量|工业硅出口量分国别|多晶硅：出口数量合计：中国（月）|多晶硅：出口数量合计：中国（月）,工业硅出口量,69.33,CM0000287779,模糊待人工确认,Y
THS-SI-6.3,SI,6,工业硅制品出口分国别量（万吨）,si_62_by_country_export|si_62_export|si_62_export_2|si_61_by_country_import|si_314_by_country_import,100|91.77|91.77|91.0|86.67,工业硅出口量分国别|工业硅出口量|工业硅出口量|工业硅进口量分国别|工业硅月进口量分国别,工业硅出口量分国别,100,CM0000287763,高置信,Y
THS-SI-6.3,SI,7,工业硅制品出口总量（万吨）,si_62_export|si_62_export_2|si_62_by_country_export|si_61_import_3|si_22_basis,100.0|100.0|81.25|80.0|65.0,工业硅出口量|工业硅出口量|工业硅出口量分国别|工业硅进口量|工业硅基差,工业硅出口量,100.0,CM0000287779,高置信,Y
THS-SI-6.3,SI,8,工业硅制品保税区仓单（万吨）,si_41_warrant_total|si_41_warrant|si_21_warrant_industrial_si|si_22_warrant_industrial_si|si_24_warrant_industrial_si,68.42|61.91|56.52|56.52|56.52,GFEX工业硅仓单总量|GFEX工业硅仓单增减|GFEX：工业硅：仓单数量（日）|GFEX：工业硅：仓单数量（日）|GFEX：工业硅：仓单数量（日）,GFEX工业硅仓单总量,68.42,a10175359,模糊待人工确认,Y
THS-SI-6.3,SI,9,工业硅制品出口关税税率（%）,si_62_export|si_62_export_2|si_62_by_country_export|si_61_import_3|si_312_util_4,76.47|76.47|65.0|61.18|54.74,工业硅出口量|工业硅出口量|工业硅出口量分国别|工业硅进口量|中国工业硅开工率,工业硅出口量,76.47,CM0000287779,高置信,Y
THS-SI-6.3,SI,10,近3年同月出口量均值（万吨）,si_62_export|si_62_export_2|wr269|li_62_export_2|pb_63_aux,37.5|37.5|37.5|35.29|33.33,工业硅出口量|工业硅出口量|不锈钢出口量|氢氧化锂出口量|铅蓄电池：出口数量终值：中国（月）,工业硅出口量,37.5,CM0000287779,无候选/低置信,Y
THS-SI-6.3,SI,11,近3年同月出口量标准差（万吨）,wr172|si_62_export|si_62_export_2|wr269|li_62_export_2,40.0|35.29|35.29|35.29|33.33,沪锡近半年月差变化|工业硅出口量|工业硅出口量|不锈钢出口量|氢氧化锂出口量,沪锡近半年月差变化,40.0,a12841510,模糊待人工确认,Y
THS-SI-6.3,SI,12,工业硅制品出口发运天数（天）,si_62_export|si_62_export_2|si_62_by_country_export|si_61_import_3|si_321_import,76.47|76.47|65.0|61.18|52.0,工业硅出口量|工业硅出口量|工业硅出口量分国别|工业硅进口量|工业硅精炼月进口量,工业硅出口量,76.47,CM0000287779,高置信,Y
THS-SI-6.4,SI,0,工业硅海外发运量（万吨）,si_61_import_3|si_62_export|si_62_export_2|si_312_output|si_321_output,74.28|74.28|74.28|69.33|65.0,工业硅进口量|工业硅出口量|工业硅出口量|美国工业硅产量|工业硅精炼月产量,工业硅进口量,74.28,CM0000287718,高置信,Y
THS-SI-6.4,SI,1,工业硅进口量（万吨）,si_321_import|si_61_import_3|si_62_export|si_321_import_2|si_62_export_2,100|100|100|100|100,工业硅精炼月进口量|工业硅进口量|工业硅出口量|工业硅精炼月进口量|工业硅出口量,工业硅精炼月进口量,100,a12715178,高置信,Y
THS-SI-6.4,SI,2,多晶硅海外发运量（万吨）,wr218|wr214|wr212|si_321_output_polysilicon|si_323_output_recycle_polysilicon,86.67|80.0|69.33|61.18|61.18,多晶硅青海产量|多晶硅产量|多晶硅云南产量|多晶硅：产量：中国（月）|多晶硅：产量：中国（月）,多晶硅青海产量,86.67,ID02036185,高置信,Y
THS-SI-6.4,SI,3,多晶硅进口量（万吨）,wr214|si_61_import_polysilicon|si_61_import_polysilicon_2|si_61_import_3|wr212,94.55|91.77|91.77|86.67|80.0,多晶硅产量|多晶硅：进口数量：陕西（月）|多晶硅：进口数量合计：中国（月）|工业硅进口量|多晶硅云南产量,多晶硅产量,94.55,a12853285,高置信,Y
THS-SI-6.4,SI,4,金属硅海外发运量（万吨）,wr218|wr202|wr203|wr204|wr229,52.0|48.75|48.75|48.75|45.88,多晶硅青海产量|周产量-金属硅-云南|周产量-金属硅-四川|周产量-金属硅-新疆|金属硅社会库存-昆明,多晶硅青海产量,52.0,ID02036185,模糊待人工确认,Y
THS-SI-6.4,SI,5,金属硅进口量（万吨）,si_61_import_3|si_321_import|si_61_by_country_import|si_321_import_2|si_312_import,86.67|69.33|69.33|69.33|65.0,工业硅进口量|工业硅精炼月进口量|工业硅进口量分国别|工业硅精炼月进口量|硅铁：进口数量：中国（年）,工业硅进口量,86.67,CM0000287718,高置信,Y
THS-SI-6.4,SI,6,工业硅海外发运分国别量（万吨）,si_61_by_country_import|si_62_by_country_export|si_314_by_country_import|si_314_by_country_import_2|si_61_import_3,78.0|78.0|74.28|74.28|61.18,工业硅进口量分国别|工业硅出口量分国别|工业硅月进口量分国别|工业硅月进口量分国别|工业硅进口量,工业硅进口量分国别,78.0,CM0000287714,高置信,Y
THS-SI-6.4,SI,7,工业硅海外发运总量（万吨）,si_22_basis|si_71_power|si_71_power_2|si_71_power_3|si_71_power_4,65.0|65.0|65.0|65.0|65.0,工业硅基差|工业硅电价|工业硅电价|工业硅电价|工业硅电价,工业硅基差,65.0,a12841761,模糊待人工确认,Y
THS-SI-6.4,SI,8,工业硅海外发运发运天数（天）,si_22_basis|si_71_power|si_71_power_2|si_71_power_3|si_71_power_4,48.75|48.75|48.75|48.75|48.75,工业硅基差|工业硅电价|工业硅电价|工业硅电价|工业硅电价,工业硅基差,48.75,a12841761,模糊待人工确认,Y
THS-SI-6.4,SI,9,工业硅海外发运保税区仓单（万吨）,si_41_warrant_total|si_41_warrant|si_21_warrant_industrial_si|si_22_warrant_industrial_si|si_24_warrant_industrial_si,61.91|56.52|52.0|52.0|52.0,GFEX工业硅仓单总量|GFEX工业硅仓单增减|GFEX：工业硅：仓单数量（日）|GFEX：工业硅：仓单数量（日）|GFEX：工业硅：仓单数量（日）,GFEX工业硅仓单总量,61.91,a10175359,模糊待人工确认,Y
THS-SI-6.4,SI,10,工业硅海外发运发运金额（亿元）,si_71_cash_cost|si_71_cost_cash|si_22_basis|si_71_power|si_71_power_2,57.77|57.77|48.75|48.75|48.75,工业硅现金成本|工业硅现金成本|工业硅基差|工业硅电价|工业硅电价,工业硅现金成本,57.77,ID02313948,模糊待人工确认,Y
THS-SI-6.4,SI,11,近3年同月发运量均值（万吨）,li_63_conc_shipment|wr70|wr172|wr21|wr72,37.5|33.33|31.58|28.57|28.57,锂精矿发运量(班伯里港)|发运量-几内亚官方|沪锡近半年月差变化|SHFE铝近3月虚实比|发运量-路透-几内亚MA3,锂精矿发运量(班伯里港),37.5,ID02038526,无候选/低置信,Y
THS-SI-6.4,SI,12,近3年同月发运量标准差（万吨）,wr172|li_63_conc_shipment|wr70|wr21|wr72,40.0|35.29|31.58|27.27|27.27,沪锡近半年月差变化|锂精矿发运量(班伯里港)|发运量-几内亚官方|SHFE铝近3月虚实比|发运量-路透-几内亚MA3,沪锡近半年月差变化,40.0,a12841510,模糊待人工确认,Y
THS-SI-7.1,SI,0,工业硅冶炼成本（元/吨）,si_25_cost_smelt|si_25_cost_smelt_2|wr232|si_25_profit_smelt|si_71_cash_cost,100|100|100|92.86|92.86,工业硅冶炼成本|工业硅冶炼成本|工业硅成本|工业硅冶炼利润|工业硅现金成本,工业硅冶炼成本,100,ID01523501,高置信,Y
THS-SI-7.1,SI,1,工业硅期货主力合约收盘价（元/吨）,si_21_close_front|si_21_close_front_industrial_si|si_23_close|si_23_close_2|si_24_close_near_industrial_si,100|86.67|86.67|86.67|86.67,工业硅主力合约收盘价|GFEX：工业硅：主力合约：收盘价（日）|GFEX：工业硅：主力合约：收盘价（日）|GFEX：工业硅：主力合约：收盘价（日）|GFEX：工业硅：主力合约：收盘价（日）,工业硅主力合约收盘价,100,a10154400,高置信,Y
THS-SI-7.1,SI,2,多晶硅冶炼成本（元/吨）,si_25_cost_smelt|si_25_cost_smelt_2|wr213|wr214|wr232,92.86|92.86|65.0|65.0|65.0,工业硅冶炼成本|工业硅冶炼成本|多晶硅产能|多晶硅产量|工业硅成本,工业硅冶炼成本,92.86,ID01523501,高置信,Y
THS-SI-7.1,SI,3,多晶硅期货主力合约收盘价（元/吨）,si_21_close_front|si_25_close_front_polysilicon|si_21_close_front_industrial_si|si_23_close|si_23_close_2,91.0|86.67|67.41|67.41|67.41,工业硅主力合约收盘价|GFEX：多晶硅：主力合约：收盘价（日）|GFEX：工业硅：主力合约：收盘价（日）|GFEX：工业硅：主力合约：收盘价（日）|GFEX：工业硅：主力合约：收盘价（日）,工业硅主力合约收盘价,91.0,a10154400,高置信,Y
THS-SI-7.1,SI,4,金属硅冶炼成本（元/吨）,si_25_cost_smelt|si_25_cost_smelt_2|wr232|si_25_profit_smelt|si_71_cash_cost,92.86|92.86|65.0|55.72|55.72,工业硅冶炼成本|工业硅冶炼成本|工业硅成本|工业硅冶炼利润|工业硅现金成本,工业硅冶炼成本,92.86,ID01523501,高置信,Y
THS-SI-7.1,SI,5,金属硅期货主力合约收盘价（元/吨）,si_21_close_front|si_21_close_front_industrial_si|si_23_close|si_23_close_2|si_24_close_near_industrial_si,91.0|67.41|67.41|67.41|67.41,工业硅主力合约收盘价|GFEX：工业硅：主力合约：收盘价（日）|GFEX：工业硅：主力合约：收盘价（日）|GFEX：工业硅：主力合约：收盘价（日）|GFEX：工业硅：主力合约：收盘价（日）,工业硅主力合约收盘价,91.0,a10154400,高置信,Y
THS-SI-7.1,SI,6,工业硅现金成本（元/吨）,si_71_cash_cost|si_71_cost_cash|wr232|si_25_cost_smelt|si_25_cost_smelt_2,100|100|100|92.86|92.86,工业硅现金成本|工业硅现金成本|工业硅成本|工业硅冶炼成本|工业硅冶炼成本,工业硅现金成本,100,ID02313948,高置信,Y
THS-SI-7.1,SI,7,工业硅冶炼成本分位（%）,si_25_cost_smelt|si_25_cost_smelt_2|wr232|si_25_profit_smelt|si_71_cash_cost,100|100|92.86|81.25|81.25,工业硅冶炼成本|工业硅冶炼成本|工业硅成本|工业硅冶炼利润|工业硅现金成本,工业硅冶炼成本,100,ID01523501,高置信,Y
THS-SI-7.1,SI,8,工业硅能源成本（元/吨）,wr232|si_25_cost_smelt|si_71_cash_cost|si_25_cost_smelt_2|si_71_cost_cash,100|92.86|92.86|92.86|92.86,工业硅成本|工业硅冶炼成本|工业硅现金成本|工业硅冶炼成本|工业硅现金成本,工业硅成本,100,ID01523500,高置信,Y
THS-SI-7.1,SI,9,工业硅电价（元/度）,si_71_power|si_71_power_2|si_71_power_3|si_71_power_4|wr209,100|100|100|100|86.67,工业硅电价|工业硅电价|工业硅电价|工业硅电价|新疆工业硅价格(SMM),工业硅电价,100,ID01857527,高置信,Y
THS-SI-7.1,SI,10,工业硅原料成本（元/吨）,wr232|si_25_cost_smelt|si_71_cash_cost|si_25_cost_smelt_2|si_71_cost_cash,100|92.86|92.86|92.86|92.86,工业硅成本|工业硅冶炼成本|工业硅现金成本|工业硅冶炼成本|工业硅现金成本,工业硅成本,100,ID01523500,高置信,Y
THS-SI-7.1,SI,11,近3年同季冶炼成本均值（元/吨）,si_25_cost_smelt|si_25_cost_smelt_2|sn_71_cost|sn_71_cost_percentile|sn_71_cost_2,44.44|44.44|35.29|35.29|35.29,工业硅冶炼成本|工业硅冶炼成本|精炼锡：成本（日）|精炼锡：成本（日）|精炼锡：成本（日）,工业硅冶炼成本,44.44,ID01523501,模糊待人工确认,Y
THS-SI-7.1,SI,12,近3年同季冶炼成本标准差（元/吨）,si_25_cost_smelt|si_25_cost_smelt_2|sn_71_cost|sn_71_cost_percentile|sn_71_cost_2,42.11|42.11|33.33|33.33|33.33,工业硅冶炼成本|工业硅冶炼成本|精炼锡：成本（日）|精炼锡：成本（日）|精炼锡：成本（日）,工业硅冶炼成本,42.11,ID01523501,模糊待人工确认,Y
THS-SI-7.2,SI,0,工业硅冶炼利润（元/吨）,si_25_profit_smelt|si_25_profit_smelt_2|si_25_cost_smelt|si_25_cost_smelt_2|si_321_output,100|100|92.86|92.86|69.33,工业硅冶炼利润|工业硅冶炼利润|工业硅冶炼成本|工业硅冶炼成本|工业硅精炼月产量,工业硅冶炼利润,100,ID01528164,高置信,Y
THS-SI-7.2,SI,1,工业硅期货主力合约收盘价（元/吨）,si_21_close_front|si_21_close_front_industrial_si|si_23_close|si_23_close_2|si_24_close_near_industrial_si,100|86.67|86.67|86.67|86.67,工业硅主力合约收盘价|GFEX：工业硅：主力合约：收盘价（日）|GFEX：工业硅：主力合约：收盘价（日）|GFEX：工业硅：主力合约：收盘价（日）|GFEX：工业硅：主力合约：收盘价（日）,工业硅主力合约收盘价,100,a10154400,高置信,Y
THS-SI-7.2,SI,2,多晶硅冶炼利润（元/吨）,si_25_profit_smelt|si_25_profit_smelt_2|wr213|wr214|wr217,92.86|92.86|65.0|65.0|59.99,工业硅冶炼利润|工业硅冶炼利润|多晶硅产能|多晶硅产量|多晶硅开工率,工业硅冶炼利润,92.86,ID01528164,高置信,Y
THS-SI-7.2,SI,3,多晶硅期货主力合约收盘价（元/吨）,si_21_close_front|si_25_close_front_polysilicon|si_21_close_front_industrial_si|si_23_close|si_23_close_2,91.0|86.67|67.41|67.41|67.41,工业硅主力合约收盘价|GFEX：多晶硅：主力合约：收盘价（日）|GFEX：工业硅：主力合约：收盘价（日）|GFEX：工业硅：主力合约：收盘价（日）|GFEX：工业硅：主力合约：收盘价（日）,工业硅主力合约收盘价,91.0,a10154400,高置信,Y
THS-SI-7.2,SI,4,金属硅冶炼利润（元/吨）,si_25_profit_smelt|si_25_profit_smelt_2|si_25_cost_smelt|si_25_cost_smelt_2|wr202,92.86|92.86|55.72|55.72|52.0,工业硅冶炼利润|工业硅冶炼利润|工业硅冶炼成本|工业硅冶炼成本|周产量-金属硅-云南,工业硅冶炼利润,92.86,ID01528164,高置信,Y
THS-SI-7.2,SI,5,金属硅期货主力合约收盘价（元/吨）,si_21_close_front|si_21_close_front_industrial_si|si_23_close|si_23_close_2|si_24_close_near_industrial_si,91.0|67.41|67.41|67.41|67.41,工业硅主力合约收盘价|GFEX：工业硅：主力合约：收盘价（日）|GFEX：工业硅：主力合约：收盘价（日）|GFEX：工业硅：主力合约：收盘价（日）|GFEX：工业硅：主力合约：收盘价（日）,工业硅主力合约收盘价,91.0,a10154400,高置信,Y
THS-SI-7.2,SI,6,工业硅现金利润（元/吨）,si_25_profit_smelt|si_71_cash_cost|si_25_profit_smelt_2|si_71_cost_cash|si_22_basis,92.86|92.86|92.86|92.86|65.0,工业硅冶炼利润|工业硅现金成本|工业硅冶炼利润|工业硅现金成本|工业硅基差,工业硅冶炼利润,92.86,ID01528164,高置信,Y
THS-SI-7.2,SI,7,工业硅加工费（元/吨）,si_43_inv|si_312_util_4|si_52_cons|si_51_cons_apparent|si_22_basis,80.0|74.28|74.28|74.28|70.91,工业硅工厂库存总量|中国工业硅开工率|工业硅终端消费量|工业硅表观消费量|工业硅基差,工业硅工厂库存总量,80.0,a12811428,高置信,Y
THS-SI-7.2,SI,8,工业硅能源成本（元/吨）,wr232|si_25_cost_smelt|si_71_cash_cost|si_25_cost_smelt_2|si_71_cost_cash,100|92.86|92.86|92.86|92.86,工业硅成本|工业硅冶炼成本|工业硅现金成本|工业硅冶炼成本|工业硅现金成本,工业硅成本,100,ID01523500,高置信,Y
THS-SI-7.2,SI,9,近3年同季冶炼利润均值（元/吨）,si_25_profit_smelt|si_25_profit_smelt_2|li_25_profit_smelt|sn_72_idx|cu_25_profit,44.44|44.44|42.11|35.29|26.67,工业硅冶炼利润|工业硅冶炼利润|氢氧化锂冶炼利润|冶炼锡：毛利（日）|SMM：中国铜冶炼厂现货冶炼利润：日度,工业硅冶炼利润,44.44,ID01528164,模糊待人工确认,Y
THS-SI-7.2,SI,10,近3年同季冶炼利润标准差（元/吨）,si_25_profit_smelt|si_25_profit_smelt_2|li_25_profit_smelt|sn_72_idx|wr172,42.11|42.11|40.0|33.33|28.57,工业硅冶炼利润|工业硅冶炼利润|氢氧化锂冶炼利润|冶炼锡：毛利（日）|沪锡近半年月差变化,工业硅冶炼利润,42.11,ID01528164,模糊待人工确认,Y
THS-SI-7.2,SI,11,多晶硅现金利润（元/吨）,wr213|wr214|wr217|si_25_profit_smelt|si_71_cash_cost,65.0|65.0|59.99|55.72|55.72,多晶硅产能|多晶硅产量|多晶硅开工率|工业硅冶炼利润|工业硅现金成本,多晶硅产能,65.0,j02799420,模糊待人工确认,Y
THS-SN-2.1,SN,0,沪锡主力合约收盘价（元/吨）,sn_21_close_front|sn_23_lme_close_3m|sn_21_close|sn_21_close_2|sn_23_lme_close,82.73|72.23|59.09|59.09|59.09,SHFE：锡：主力合约：收盘价（日）|锡：3个月合约：收盘价（日）|SHFE：锡：指数合约：收盘价（日）|SHFE：锡：指数合约：收盘价（日）|LME：锡：3个月合约：收盘价（日）,SHFE：锡：主力合约：收盘价（日）,82.73,FU00016042,高置信,Y
THS-SN-2.1,SN,1,持仓量（手）,wr171|wr124|wr19|li_21_openinterest_futures|li_26_top20_openinterest,50.0|44.44|40.0|37.5|37.5,沪锡总持仓量|碳酸锂 仓单量|LME持仓情况|碳酸锂期货持仓量|空头前20持仓量,沪锡总持仓量,50.0,a10177562,模糊待人工确认,Y
THS-SN-2.1,SN,2,成交量（手）,j21_volume|zn_21_volume|si_21_volume_front|wr119|wr181,33.33|33.33|33.33|33.33|30.0,沪铅主力连续成交量|LME：锌：成交量（日）|工业硅主力合约成交量|碳酸锂 成交情绪因子|印尼交易所锡锭成交量,沪铅主力连续成交量,33.33,kline:PB:D,无候选/低置信,Y
THS-SN-2.1,SN,3,沪锡基差（元/吨）,sn_21_basis|wr172|wr170|wr171|wr173,59.99|59.99|52.0|52.0|32.5,SHFE：锡：基差（日）|沪锡近半年月差变化|沪锡价格走势|沪锡总持仓量|锡沪伦比,SHFE：锡：基差（日）,59.99,FU00024289,模糊待人工确认,Y
THS-SN-2.1,SN,4,现货升贴水（元/吨）,j23_lme_sp3|wr168|wr169|wr1|wr2,50.0|50.0|50.0|46.15|46.15,LME 铅(现货/三个月)升贴水|LME锡升贴水|国内品牌升贴水|A00升贴水-上海|A00升贴水-佛山,LME 铅(现货/三个月)升贴水,50.0,j02797772,模糊待人工确认,Y
THS-SN-2.1,SN,5,多空持仓比（%）,li_26_top20_openinterest|li_26_openinterest_top20_long|li_26_openinterest_top20_long_2|li_26_openinterest_top20_long_3|li_26_openinterest_top20_short,46.15|46.15|46.15|46.15|46.15,空头前20持仓量|多头前20持仓量|多头前20持仓量|多头前20持仓量|空头前20持仓量,空头前20持仓量,46.15,FU00085347,模糊待人工确认,Y
THS-SN-2.1,SN,6,仓单注册量（吨）,wr124|wr263|wr171|i2|si_21_warrant_industrial_si,54.55|40.0|36.36|33.33|33.33,碳酸锂 仓单量|不锈钢仓单|沪锡总持仓量|SHFE铅仓单|GFEX：工业硅：仓单数量（日）,碳酸锂 仓单量,54.55,FU00058091,模糊待人工确认,Y
THS-SN-2.1,SN,7,月差（元/吨）,si_22_basis|si_23_spread_futures|li_24_spread_futures|li_24_lc_spread|wr252,28.57|28.57|28.57|28.57|28.57,工业硅基差|工业硅期货月差|碳酸锂期货月差|碳酸锂期货月差|不锈钢基差,工业硅基差,28.57,a12841761,无候选/低置信,Y
THS-SN-2.1,SN,8,近3年同月收盘价均值（元/吨）,li_24_close_near_2|sn_23_lme_close_3m|cu_24_lme_close|cu_25_lme_close_front|al_00_lme_close,62.5|50.0|41.67|41.67|41.67,近月合约收盘价|锡：3个月合约：收盘价（日）|LME：铜：3个月合约：收盘价（日）|LME：铜：3个月合约：收盘价（日）|LME：铝：3个月合约：收盘价（日）,近月合约收盘价,62.5,a12841695,模糊待人工确认,Y
THS-SN-2.1,SN,9,近3年同月收盘价标准差（元/吨）,li_24_close_near_2|sn_23_lme_close_3m|cu_24_lme_close|cu_25_lme_close_front|al_00_lme_close,58.82|47.62|40.0|40.0|40.0,近月合约收盘价|锡：3个月合约：收盘价（日）|LME：铜：3个月合约：收盘价（日）|LME：铜：3个月合约：收盘价（日）|LME：铝：3个月合约：收盘价（日）,近月合约收盘价,58.82,a12841695,模糊待人工确认,Y
THS-SN-2.1,SN,10,沪锡持仓量（手）,wr171|sn_21_openinterest_2|sn_26_openinterest_top20|sn_26_openinterest_top20_2|sn_26_openinterest_top20_3,100|52.0|52.0|52.0|52.0,沪锡总持仓量|SHFE：锡：单边交易：持仓量（日）|SHFE：锡：单边交易：持仓量（日）|SHFE：锡：单边交易：持仓量（日）|SHFE：锡：单边交易：持仓量（日）,沪锡总持仓量,100,a10177562,高置信,Y
THS-SN-2.1,SN,11,近3年同月持仓量均值（手）,al_23_lme_oi|wr171|li_21_openinterest_futures|li_26_top20_openinterest|li_26_openinterest_top20_long,41.67|37.5|33.33|33.33|33.33,LME：铝：3个月合约：持仓量（日）|沪锡总持仓量|碳酸锂期货持仓量|空头前20持仓量|多头前20持仓量,LME：铝：3个月合约：持仓量（日）,41.67,FU00014314,模糊待人工确认,Y
THS-SN-2.1,SN,12,近3年同月持仓量标准差（手）,al_23_lme_oi|wr172|wr171|li_21_openinterest_futures|li_26_top20_openinterest,40.0|40.0|35.29|31.58|31.58,LME：铝：3个月合约：持仓量（日）|沪锡近半年月差变化|沪锡总持仓量|碳酸锂期货持仓量|空头前20持仓量,LME：铝：3个月合约：持仓量（日）,40.0,FU00014314,模糊待人工确认,Y
THS-SN-2.1,SN,13,沪锡主力收盘价时序图,sn_21_close_front|sn_23_lme_close_3m|wr170|sn_21_close|sn_21_close_2,65.0|52.0|48.75|43.33|43.33,SHFE：锡：主力合约：收盘价（日）|锡：3个月合约：收盘价（日）|沪锡价格走势|SHFE：锡：指数合约：收盘价（日）|SHFE：锡：指数合约：收盘价（日）,SHFE：锡：主力合约：收盘价（日）,65.0,FU00016042,模糊待人工确认,Y
THS-SN-2.1,SN,14,沪锡社会库存时序图,wr177|sn_43_inv|sn_43_inv_2|wr179|sn_23_shfe_inv,76.47|52.0|52.0|43.33|39.0,中国锡锭社会库存|SMM: 锡锭社会库存: 上海: 周度|SMM: 锡锭社会库存: 上海: 周度|锡全球显性库存变化|SHFE：锡：期货库存（日）,中国锡锭社会库存,76.47,a10020743,高置信,Y
THS-SN-2.1,SN,15,沪锡仓单注册量时序图,wr171|sn_41_warrant|sn_42_warrant|sn_42_warrant_2|wr170,65.0|39.0|39.0|39.0|32.5,沪锡总持仓量|LME：锡：注销仓单（日）|LME：锡：注册仓单（日）|LME：锡：注册仓单（日）|沪锡价格走势,沪锡总持仓量,65.0,a10177562,模糊待人工确认,Y
THS-SN-2.1,SN,16,沪锡主力合约持仓量时序图,wr171|sn_21_shfe_openinterest_front|sn_21_shfe_volume_front|sn_21_close_front|sn_21_openinterest_2,76.47|60.67|43.33|41.6|40.0,沪锡总持仓量|SHFE：锡：主力合约：单边交易：持仓量（日）|SHFE：锡：主力合约：单边交易：成交量（日）|SHFE：锡：主力合约：收盘价（日）|SHFE：锡：单边交易：持仓量（日）,沪锡总持仓量,76.47,a10177562,高置信,Y
THS-SN-2.1,SN,17,沪锡主力合约成交量时序图,sn_21_shfe_volume_front|sn_21_shfe_openinterest_front|wr181|sn_21_volume|wr171,60.67|52.0|49.53|47.27|45.88,SHFE：锡：主力合约：单边交易：成交量（日）|SHFE：锡：主力合约：单边交易：持仓量（日）|印尼交易所锡锭成交量|SHFE：锡：年成交量（日）|沪锡总持仓量,SHFE：锡：主力合约：单边交易：成交量（日）,60.67,FU00018041,模糊待人工确认,Y
THS-SN-2.2,SN,0,锡锭现货升贴水（元/吨）,wr168|sn_22_premium|sn_22_premium_2|sn_22_premium_3|sn_22_premium_4,74.28|68.42|68.42|68.42|68.42,LME锡升贴水|锡锭：升贴水：中国：小牌（日）|锡锭：升贴水：中国：小牌（日）|锡锭：升贴水：中国：云锡（日）|锡锭：升贴水：中国：云锡（日）,LME锡升贴水,74.28,j02797784,高置信,Y
THS-SN-2.2,SN,1,锡锭基差（元/吨）,sn_21_basis|wr174|wr198|wr177|wr172,59.99|52.0|52.0|43.33|40.0,SHFE：锡：基差（日）|锡锭进口利润|国内锡锭产量|中国锡锭社会库存|沪锡近半年月差变化,SHFE：锡：基差（日）,59.99,FU00024289,模糊待人工确认,Y
THS-SN-2.2,SN,2,锡锭现货价格（元/吨）,sn_22_import|sn_23_import|wr170|sn_23_lme_settle|sn_22_price,65.0|65.0|65.0|61.18|46.42,锡锭：现货：进口盈亏（日）|锡锭：现货：进口盈亏（日）|沪锡价格走势|LME：锡：现货结算价（日）|SMM: 进口盈亏: 锡: 现货: LME价格: 日度,锡锭：现货：进口盈亏（日）,65.0,ID01590826,模糊待人工确认,Y
THS-SN-2.2,SN,3,锡锭进口盈亏（元/吨）,sn_22_import|sn_23_import|wr174|wr188|wr190,97.5|97.5|86.67|59.99|59.99,锡锭：现货：进口盈亏（日）|锡锭：现货：进口盈亏（日）|锡锭进口利润|国内锡矿进口量|印度锡净进口量,锡锭：现货：进口盈亏（日）,97.5,ID01590826,高置信,Y
THS-SN-2.2,SN,4,沪伦比（%）,wr173|j22_shfe_ratio|wr170|wr171|al_62_lunlun,75.0|30.0|22.22|22.22|21.43,锡沪伦比|SMM 沪伦比值 铅 现货|沪锡价格走势|沪锡总持仓量|Mysteel：铝：沪伦比值（日）,锡沪伦比,75.0,ID01895225,高置信,Y
THS-SN-2.2,SN,5,锡锭仓单注册量（吨）,wr171|wr198|sn_41_warrant|sn_42_warrant|sn_42_warrant_2,59.99|59.99|45.88|45.88|45.88,沪锡总持仓量|国内锡锭产量|LME：锡：注销仓单（日）|LME：锡：注册仓单（日）|LME：锡：注册仓单（日）,沪锡总持仓量,59.99,a10177562,模糊待人工确认,Y
THS-SN-2.2,SN,6,锡锭月差（元/吨）,wr172|wr174|wr198|wr177|sn_21_basis,59.99|52.0|52.0|43.33|40.0,沪锡近半年月差变化|锡锭进口利润|国内锡锭产量|中国锡锭社会库存|SHFE：锡：基差（日）,沪锡近半年月差变化,59.99,a12841510,模糊待人工确认,Y
THS-SN-2.2,SN,7,锡锭现货升贴水分地区（元/吨）,wr168|sn_22_premium|sn_22_premium_2|sn_22_premium_3|sn_22_premium_4,61.18|59.09|59.09|59.09|59.09,LME锡升贴水|锡锭：升贴水：中国：小牌（日）|锡锭：升贴水：中国：小牌（日）|锡锭：升贴水：中国：云锡（日）|锡锭：升贴水：中国：云锡（日）,LME锡升贴水,61.18,j02797784,模糊待人工确认,Y
THS-SN-2.2,SN,8,近3年同月升贴水均值（元/吨）,j23_lme_0to3|wr249|j23_lme_sp3|wr168|wr169,50.0|42.11|35.29|35.29|35.29,LME 铅0-3月升贴水|LME C-3M升贴水|LME 铅(现货/三个月)升贴水|LME锡升贴水|国内品牌升贴水,LME 铅0-3月升贴水,50.0,a10021406,模糊待人工确认,Y
THS-SN-2.2,SN,9,近3年同月升贴水标准差（元/吨）,j23_lme_0to3|wr172|wr249|j23_lme_sp3|zn_21_lme_03,47.62|40.0|40.0|33.33|33.33,LME 铅0-3月升贴水|沪锡近半年月差变化|LME C-3M升贴水|LME 铅(现货/三个月)升贴水|LME: 锌0-3升贴水: 日度,LME 铅0-3月升贴水,47.62,a10021406,模糊待人工确认,Y
THS-SN-2.2,SN,10,锡锭现货升贴水时序图,wr168|sn_22_premium|sn_22_premium_2|sn_22_premium_3|sn_22_premium_4,61.18|59.09|59.09|59.09|59.09,LME锡升贴水|锡锭：升贴水：中国：小牌（日）|锡锭：升贴水：中国：小牌（日）|锡锭：升贴水：中国：云锡（日）|锡锭：升贴水：中国：云锡（日）,LME锡升贴水,61.18,j02797784,模糊待人工确认,Y
THS-SN-2.2,SN,11,锡锭现货价格时序图,sn_22_import|sn_23_import|sn_23_lme_settle|wr170|sn_22_price,54.74|54.74|52.0|52.0|41.94,锡锭：现货：进口盈亏（日）|锡锭：现货：进口盈亏（日）|LME：锡：现货结算价（日）|沪锡价格走势|SMM: 进口盈亏: 锡: 现货: LME价格: 日度,锡锭：现货：进口盈亏（日）,54.74,ID01590826,模糊待人工确认,Y
THS-SN-2.2,SN,12,锡锭基差时序图,sn_21_basis|wr174|wr198|wr177|wr172,48.75|40.0|40.0|34.67|32.5,SHFE：锡：基差（日）|锡锭进口利润|国内锡锭产量|中国锡锭社会库存|沪锡近半年月差变化,SHFE：锡：基差（日）,48.75,FU00024289,模糊待人工确认,Y
THS-SN-2.2,SN,13,锡锭进口盈亏时序图,sn_22_import|sn_23_import|wr174|wr188|wr190,82.11|82.11|69.33|48.75|48.75,锡锭：现货：进口盈亏（日）|锡锭：现货：进口盈亏（日）|锡锭进口利润|国内锡矿进口量|印度锡净进口量,锡锭：现货：进口盈亏（日）,82.11,ID01590826,高置信,Y
THS-SN-2.2,SN,14,沪伦比时序图,wr173|j22_shfe_ratio|al_62_lunlun|pb_23_lunlun|zn_23_lunlun_2,60.0|37.5|30.0|30.0|23.08,锡沪伦比|SMM 沪伦比值 铅 现货|Mysteel：铝：沪伦比值（日）|Mysteel：铅：沪伦比值（日）|SMM: 精炼锌进口盈亏: 锌沪伦比值: 日度,锡沪伦比,60.0,ID01895225,模糊待人工确认,Y
THS-SN-2.3,SN,0,LME锡期货收盘价（美元/吨）,sn_23_lme_close|sn_23_lme_settle|wr168|sn_21_close_front|sn_21_close,79.13|78.0|65.0|56.52|56.52,LME：锡：3个月合约：收盘价（日）|LME：锡：现货结算价（日）|LME锡升贴水|SHFE：锡：主力合约：收盘价（日）|SHFE：锡：指数合约：收盘价（日）,LME：锡：3个月合约：收盘价（日）,79.13,FU00080251,高置信,Y
THS-SN-2.3,SN,1,COMEX锡期货收盘价（美元/吨）,sn_23_lme_close|sn_23_lme_settle|sn_21_close_front|sn_21_close|sn_21_close_2,62.4|59.09|52.0|52.0|52.0,LME：锡：3个月合约：收盘价（日）|LME：锡：现货结算价（日）|SHFE：锡：主力合约：收盘价（日）|SHFE：锡：指数合约：收盘价（日）|SHFE：锡：指数合约：收盘价（日）,LME：锡：3个月合约：收盘价（日）,62.4,FU00080251,模糊待人工确认,Y
THS-SN-2.3,SN,2,LME锡现货现金价（美元/吨）,sn_23_lme_settle|wr168|sn_23_lme_close|sn_41_warrant|sn_42_ratio,91.0|65.0|56.52|54.74|54.74,LME：锡：现货结算价（日）|LME锡升贴水|LME：锡：3个月合约：收盘价（日）|LME：锡：注销仓单（日）|LME：锡：注销占比（日）,LME：锡：现货结算价（日）,91.0,ID00188156,高置信,Y
THS-SN-2.3,SN,3,LME锡仓单注册量（吨）,sn_41_warrant|sn_42_warrant|sn_42_warrant_2|sn_42_ratio|sn_43_ratio,82.11|82.11|82.11|68.42|68.42,LME：锡：注销仓单（日）|LME：锡：注册仓单（日）|LME：锡：注册仓单（日）|LME：锡：注销占比（日）|LME：锡：注销占比（日）,LME：锡：注销仓单（日）,82.11,FU00015902,高置信,Y
THS-SN-2.3,SN,4,LME锡库存（吨）,wr168|sn_23_lme_inv|sn_41_lme_inv|sn_41_warrant|sn_42_ratio,80.0|78.0|78.0|65.0|65.0,LME锡升贴水|LME：锡：原产国库存：埃及（月）|LME：锡：原产国库存：埃及（月）|LME：锡：注销仓单（日）|LME：锡：注销占比（日）,LME锡升贴水,80.0,j02797784,高置信,Y
THS-SN-2.3,SN,5,沪伦比（%）,wr173|j22_shfe_ratio|wr170|wr171|al_62_lunlun,75.0|30.0|22.22|22.22|21.43,锡沪伦比|SMM 沪伦比值 铅 现货|沪锡价格走势|沪锡总持仓量|Mysteel：铝：沪伦比值（日）,锡沪伦比,75.0,ID01895225,高置信,Y
THS-SN-2.3,SN,6,进口盈亏（元/吨）,cu_21_import|ni_41_import|ni_61_import_3|ni_62_import|pb_23_aux_5,66.67|57.14|57.14|57.14|57.14,铜：进口盈亏（日）|镍豆：进口盈亏（日）|镍豆：进口盈亏（日）|镍豆：进口盈亏（日）|铅锭：进口盈亏（日）,铜：进口盈亏（日）,66.67,ID01030232,模糊待人工确认,Y
THS-SN-2.3,SN,7,近3年同月收盘价均值（美元/吨）,li_24_close_near_2|sn_23_lme_close_3m|cu_24_lme_close|cu_25_lme_close_front|al_00_lme_close,62.5|50.0|41.67|41.67|41.67,近月合约收盘价|锡：3个月合约：收盘价（日）|LME：铜：3个月合约：收盘价（日）|LME：铜：3个月合约：收盘价（日）|LME：铝：3个月合约：收盘价（日）,近月合约收盘价,62.5,a12841695,模糊待人工确认,Y
THS-SN-2.3,SN,8,近3年同月收盘价标准差（美元/吨）,li_24_close_near_2|sn_23_lme_close_3m|cu_24_lme_close|cu_25_lme_close_front|al_00_lme_close,58.82|47.62|40.0|40.0|40.0,近月合约收盘价|锡：3个月合约：收盘价（日）|LME：铜：3个月合约：收盘价（日）|LME：铜：3个月合约：收盘价（日）|LME：铝：3个月合约：收盘价（日）,近月合约收盘价,58.82,a12841695,模糊待人工确认,Y
THS-SN-2.3,SN,9,近3年同月库存均值（吨）,SHFE库存|wr172|社库|li_43_inv_struct|li_43_inv_struct_2,33.33|33.33|30.77|30.77|30.77,上期所库存|沪锡近半年月差变化|社会库存|库存结构|库存结构,上期所库存,33.33,FU00014953,无候选/低置信,Y
THS-SN-2.3,SN,10,近3年同月库存标准差（吨）,wr172|SHFE库存|社库|li_43_inv_struct|li_43_inv_struct_2,42.11|30.77|28.57|28.57|28.57,沪锡近半年月差变化|上期所库存|社会库存|库存结构|库存结构,沪锡近半年月差变化,42.11,a12841510,模糊待人工确认,Y
THS-SN-2.3,SN,11,LME锡期货收盘价时序图,sn_23_lme_close|sn_23_lme_settle|wr168|sn_21_close_front|sn_21_close,70.01|67.82|54.74|50.0|50.0,LME：锡：3个月合约：收盘价（日）|LME：锡：现货结算价（日）|LME锡升贴水|SHFE：锡：主力合约：收盘价（日）|SHFE：锡：指数合约：收盘价（日）,LME：锡：3个月合约：收盘价（日）,70.01,FU00080251,高置信,Y
THS-SN-2.3,SN,12,LME锡库存时序图,sn_23_lme_inv|sn_41_lme_inv|wr168|sn_41_warrant|sn_42_ratio,67.82|67.82|65.0|54.74|54.74,LME：锡：原产国库存：埃及（月）|LME：锡：原产国库存：埃及（月）|LME锡升贴水|LME：锡：注销仓单（日）|LME：锡：注销占比（日）,LME：锡：原产国库存：埃及（月）,67.82,ID02226171,模糊待人工确认,Y
THS-SN-2.3,SN,13,LME锡注销仓单占比时序图,sn_41_warrant|sn_42_ratio|sn_43_ratio|sn_42_warrant|sn_42_warrant_2,90.44|90.44|90.44|79.13|79.13,LME：锡：注销仓单（日）|LME：锡：注销占比（日）|LME：锡：注销占比（日）|LME：锡：注册仓单（日）|LME：锡：注册仓单（日）,LME：锡：注销仓单（日）,90.44,FU00015902,高置信,Y
THS-SN-2.3,SN,14,LME锡现货结算价时序图,sn_23_lme_settle|wr168|sn_23_lme_close|sn_41_warrant|sn_42_ratio,100|54.74|50.0|47.27|47.27,LME：锡：现货结算价（日）|LME锡升贴水|LME：锡：3个月合约：收盘价（日）|LME：锡：注销仓单（日）|LME：锡：注销占比（日）,LME：锡：现货结算价（日）,100,ID00188156,高置信,Y
THS-SN-2.3,SN,15,LME锡现货现金价时序图,sn_23_lme_settle|wr168|sn_23_lme_close|sn_41_warrant|sn_42_ratio,79.13|54.74|50.0|47.27|47.27,LME：锡：现货结算价（日）|LME锡升贴水|LME：锡：3个月合约：收盘价（日）|LME：锡：注销仓单（日）|LME：锡：注销占比（日）,LME：锡：现货结算价（日）,79.13,ID00188156,高置信,Y
THS-SN-2.4,SN,0,沪锡月差（元/吨）,wr172|wr170|wr171|sn_21_basis|sn_23_lme_close_3m,80.0|52.0|52.0|40.0|37.14,沪锡近半年月差变化|沪锡价格走势|沪锡总持仓量|SHFE：锡：基差（日）|锡：3个月合约：收盘价（日）,沪锡近半年月差变化,80.0,a12841510,高置信,Y
THS-SN-2.4,SN,1,沪锡主力合约收盘价（元/吨）,sn_21_close_front|sn_23_lme_close_3m|sn_21_close|sn_21_close_2|sn_23_lme_close,82.73|72.23|59.09|59.09|59.09,SHFE：锡：主力合约：收盘价（日）|锡：3个月合约：收盘价（日）|SHFE：锡：指数合约：收盘价（日）|SHFE：锡：指数合约：收盘价（日）|LME：锡：3个月合约：收盘价（日）,SHFE：锡：主力合约：收盘价（日）,82.73,FU00016042,高置信,Y
THS-SN-2.4,SN,2,LME锡月差（美元/吨）,wr168|sn_23_lme_close|sn_41_warrant|sn_42_ratio|sn_42_warrant,80.0|65.0|65.0|65.0|65.0,LME锡升贴水|LME：锡：3个月合约：收盘价（日）|LME：锡：注销仓单（日）|LME：锡：注销占比（日）|LME：锡：注册仓单（日）,LME锡升贴水,80.0,j02797784,高置信,Y
THS-SN-2.4,SN,3,LME锡期货收盘价（美元/吨）,sn_23_lme_close|sn_23_lme_settle|wr168|sn_21_close_front|sn_21_close,79.13|78.0|65.0|56.52|56.52,LME：锡：3个月合约：收盘价（日）|LME：锡：现货结算价（日）|LME锡升贴水|SHFE：锡：主力合约：收盘价（日）|SHFE：锡：指数合约：收盘价（日）,LME：锡：3个月合约：收盘价（日）,79.13,FU00080251,高置信,Y
THS-SN-2.4,SN,4,沪锡期限结构（元/吨）,wr170|wr171|wr172|sn_23_shfe_inv|sn_23_lme_settle,43.33|43.33|34.67|30.59|30.59,沪锡价格走势|沪锡总持仓量|沪锡近半年月差变化|SHFE：锡：期货库存（日）|LME：锡：现货结算价（日）,沪锡价格走势,43.33,a12841487,模糊待人工确认,Y
THS-SN-2.4,SN,5,LME锡期限结构（美元/吨）,wr168|sn_23_lme_settle|sn_41_warrant|sn_42_ratio|sn_42_warrant,69.33|68.42|57.77|57.77|57.77,LME锡升贴水|LME：锡：现货结算价（日）|LME：锡：注销仓单（日）|LME：锡：注销占比（日）|LME：锡：注册仓单（日）,LME锡升贴水,69.33,j02797784,模糊待人工确认,Y
THS-SN-2.4,SN,6,沪锡近远月价差（元/吨）,wr172|wr170|sn_23_lme_close_3m|wr171|sn_23_lme_close,81.25|59.99|45.88|40.0|37.14,沪锡近半年月差变化|沪锡价格走势|锡：3个月合约：收盘价（日）|沪锡总持仓量|LME：锡：3个月合约：收盘价（日）,沪锡近半年月差变化,81.25,a12841510,高置信,Y
THS-SN-2.4,SN,7,LME锡近远月价差（美元/吨）,sn_23_lme_close|sn_23_lme_settle|wr168|wr172|sn_41_warrant,67.82|65.0|65.0|57.77|54.74,LME：锡：3个月合约：收盘价（日）|LME：锡：现货结算价（日）|LME锡升贴水|沪锡近半年月差变化|LME：锡：注销仓单（日）,LME：锡：3个月合约：收盘价（日）,67.82,FU00080251,模糊待人工确认,Y
THS-SN-2.4,SN,8,近3年同月月差均值（元/吨）,wr172|wr20|wr21|al_24_lme_spread|li_24_close_near_2,44.44|30.0|30.0|27.59|26.67,沪锡近半年月差变化|LME铝远月月差3-15|SHFE铝近3月虚实比|LME：铝：3个月合约：结算价（日）· 月差参考锚|近月合约收盘价,沪锡近半年月差变化,44.44,a12841510,模糊待人工确认,Y
THS-SN-2.4,SN,9,近3年同月月差标准差（元/吨）,wr172|wr20|wr21|al_24_lme_spread|li_24_close_near_2,42.11|28.57|28.57|26.67|25.0,沪锡近半年月差变化|LME铝远月月差3-15|SHFE铝近3月虚实比|LME：铝：3个月合约：结算价（日）· 月差参考锚|近月合约收盘价,沪锡近半年月差变化,42.11,a12841510,模糊待人工确认,Y
THS-SN-2.4,SN,10,近3年同月月差均值（美元/吨）,wr172|wr20|wr21|al_24_lme_spread|li_24_close_near_2,44.44|30.0|30.0|27.59|26.67,沪锡近半年月差变化|LME铝远月月差3-15|SHFE铝近3月虚实比|LME：铝：3个月合约：结算价（日）· 月差参考锚|近月合约收盘价,沪锡近半年月差变化,44.44,a12841510,模糊待人工确认,Y
THS-SN-2.4,SN,11,近3年同月月差标准差（美元/吨）,wr172|wr20|wr21|al_24_lme_spread|li_24_close_near_2,42.11|28.57|28.57|26.67|25.0,沪锡近半年月差变化|LME铝远月月差3-15|SHFE铝近3月虚实比|LME：铝：3个月合约：结算价（日）· 月差参考锚|近月合约收盘价,沪锡近半年月差变化,42.11,a12841510,模糊待人工确认,Y
THS-SN-2.4,SN,12,沪锡月差时序图,wr172|wr170|wr171|sn_21_basis|sn_23_lme_close_3m,65.0|40.0|40.0|32.5|30.59,沪锡近半年月差变化|沪锡价格走势|沪锡总持仓量|SHFE：锡：基差（日）|锡：3个月合约：收盘价（日）,沪锡近半年月差变化,65.0,a12841510,模糊待人工确认,Y
THS-SN-2.4,SN,13,LME锡月差时序图,wr168|sn_23_lme_close|sn_41_warrant|sn_42_ratio|sn_42_warrant,65.0|56.52|54.74|54.74|54.74,LME锡升贴水|LME：锡：3个月合约：收盘价（日）|LME：锡：注销仓单（日）|LME：锡：注销占比（日）|LME：锡：注册仓单（日）,LME锡升贴水,65.0,j02797784,模糊待人工确认,Y
THS-SN-2.4,SN,14,沪锡期限结构时序图,wr170|wr171|wr172|sn_23_shfe_inv|sn_23_lme_settle,34.67|34.67|28.89|26.0|26.0,沪锡价格走势|沪锡总持仓量|沪锡近半年月差变化|SHFE：锡：期货库存（日）|LME：锡：现货结算价（日）,沪锡价格走势,34.67,a12841487,无候选/低置信,Y
THS-SN-2.4,SN,15,LME锡期限结构时序图,sn_23_lme_settle|wr168|sn_41_warrant|sn_42_ratio|sn_42_warrant,59.09|57.77|49.53|49.53|49.53,LME：锡：现货结算价（日）|LME锡升贴水|LME：锡：注销仓单（日）|LME：锡：注销占比（日）|LME：锡：注册仓单（日）,LME：锡：现货结算价（日）,59.09,ID00188156,模糊待人工确认,Y
THS-SN-2.4,SN,16,沪锡近远月价差时序图,wr172|wr170|sn_23_lme_close_3m|sn_23_lme_close|wr171,68.42|48.75|39.0|32.5|32.5,沪锡近半年月差变化|沪锡价格走势|锡：3个月合约：收盘价（日）|LME：锡：3个月合约：收盘价（日）|沪锡总持仓量,沪锡近半年月差变化,68.42,a12841510,模糊待人工确认,Y
THS-SN-2.5,SN,0,沪锡估值分位（%）,wr170|wr171|wr172|wr173|sn_71_cost,43.33|43.33|34.67|26.0|21.67,沪锡价格走势|沪锡总持仓量|沪锡近半年月差变化|锡沪伦比|精炼锡：成本（日）,沪锡价格走势,43.33,a12841487,模糊待人工确认,Y
THS-SN-2.5,SN,1,沪锡主力合约收盘价（元/吨）,sn_21_close_front|sn_23_lme_close_3m|sn_21_close|sn_21_close_2|sn_23_lme_close,82.73|72.23|59.09|59.09|59.09,SHFE：锡：主力合约：收盘价（日）|锡：3个月合约：收盘价（日）|SHFE：锡：指数合约：收盘价（日）|SHFE：锡：指数合约：收盘价（日）|LME：锡：3个月合约：收盘价（日）,SHFE：锡：主力合约：收盘价（日）,82.73,FU00016042,高置信,Y
THS-SN-2.5,SN,2,LME锡估值分位（%）,wr168|sn_41_warrant|sn_42_ratio|sn_42_warrant|sn_42_warrant_2,69.33|57.77|57.77|57.77|57.77,LME锡升贴水|LME：锡：注销仓单（日）|LME：锡：注销占比（日）|LME：锡：注册仓单（日）|LME：锡：注册仓单（日）,LME锡升贴水,69.33,j02797784,模糊待人工确认,Y
THS-SN-2.5,SN,3,LME锡期货收盘价（美元/吨）,sn_23_lme_close|sn_23_lme_settle|wr168|sn_21_close_front|sn_21_close,79.13|78.0|65.0|56.52|56.52,LME：锡：3个月合约：收盘价（日）|LME：锡：现货结算价（日）|LME锡升贴水|SHFE：锡：主力合约：收盘价（日）|SHFE：锡：指数合约：收盘价（日）,LME：锡：3个月合约：收盘价（日）,79.13,FU00080251,高置信,Y
THS-SN-2.5,SN,4,锡锭冶炼利润（元/吨）,wr174|sn_72_idx|wr199|sn_71_util|wr198,86.67|65.0|59.99|43.33|43.33,锡锭进口利润|冶炼锡：毛利（日）|锡冶炼厂加工费|锡：冶炼厂：开工率：中国（月）|国内锡锭产量,锡锭进口利润,86.67,ID01590826,高置信,Y
THS-SN-2.5,SN,5,锡锭现货价格（元/吨）,sn_22_import|sn_23_import|wr170|sn_23_lme_settle|sn_22_price,65.0|65.0|65.0|61.18|46.42,锡锭：现货：进口盈亏（日）|锡锭：现货：进口盈亏（日）|沪锡价格走势|LME：锡：现货结算价（日）|SMM: 进口盈亏: 锡: 现货: LME价格: 日度,锡锭：现货：进口盈亏（日）,65.0,ID01590826,模糊待人工确认,Y
THS-SN-2.5,SN,6,锡精矿冶炼利润（元/吨）,sn_72_idx|wr174|wr199|sn_311_output_2|sn_311_output_3,59.99|59.99|55.72|48.75|48.75,冶炼锡：毛利（日）|锡锭进口利润|锡冶炼厂加工费|锡精矿：产量：中国（月）|锡精矿：产量：中国（月）,冶炼锡：毛利（日）,59.99,ID02105841,模糊待人工确认,Y
THS-SN-2.5,SN,7,锡精矿价格（元/吨）,wr170|sn_311_output_2|sn_311_output_3|sn_312_output_2|sn_312_output_ratio,70.91|55.72|55.72|55.72|55.72,沪锡价格走势|锡精矿：产量：中国（月）|锡精矿：产量：中国（月）|锡精矿：产量：中国（月）|锡精矿：产量：中国（月）,沪锡价格走势,70.91,a12841487,高置信,Y
THS-SN-2.5,SN,8,再生锡冶炼利润（元/吨）,sn_72_idx|wr174|wr196|wr199|sn_71_util,59.99|59.99|55.72|55.72|41.05,冶炼锡：毛利（日）|锡锭进口利润|国内再生锡产量|锡冶炼厂加工费|锡：冶炼厂：开工率：中国（月）,冶炼锡：毛利（日）,59.99,ID02105841,模糊待人工确认,Y
THS-SN-2.5,SN,9,再生锡价格（元/吨）,wr170|wr196|sn_23_lme_close_3m|sn_25_price|sn_73_price,70.91|65.0|34.67|32.5|32.5,沪锡价格走势|国内再生锡产量|锡：3个月合约：收盘价（日）|锡精矿：1#：40%Sn：汇总价格：云南（日）|锡精矿：1#：40%Sn：汇总价格：云南（日）,沪锡价格走势,70.91,a12841487,高置信,Y
THS-SN-2.5,SN,10,焊锡冶炼利润（元/吨）,sn_72_idx|wr174|wr199|sn_71_util|sn_312_output_3,65.0|65.0|59.99|43.33|32.5,冶炼锡：毛利（日）|锡锭进口利润|锡冶炼厂加工费|锡：冶炼厂：开工率：中国（月）|锡矿：产量：澳大利亚（季）,冶炼锡：毛利（日）,65.0,ID02105841,模糊待人工确认,Y
THS-SN-2.5,SN,11,焊锡价格（元/吨）,wr170|sn_23_lme_close_3m|sn_23_lme_settle|sn_25_price|sn_73_price,78.0|37.14|34.67|33.92|33.92,沪锡价格走势|锡：3个月合约：收盘价（日）|LME：锡：现货结算价（日）|锡精矿：1#：40%Sn：汇总价格：云南（日）|锡精矿：1#：40%Sn：汇总价格：云南（日）,沪锡价格走势,78.0,a12841487,高置信,Y
THS-SN-2.5,SN,12,近3年同月冶炼利润均值（元/吨）,si_25_profit_smelt|si_25_profit_smelt_2|li_25_profit_smelt|sn_72_idx|wr172,44.44|44.44|42.11|35.29|30.0,工业硅冶炼利润|工业硅冶炼利润|氢氧化锂冶炼利润|冶炼锡：毛利（日）|沪锡近半年月差变化,工业硅冶炼利润,44.44,ID01528164,模糊待人工确认,Y
THS-SN-2.5,SN,13,近3年同月冶炼利润标准差（元/吨）,si_25_profit_smelt|si_25_profit_smelt_2|li_25_profit_smelt|wr172|sn_72_idx,42.11|42.11|40.0|38.1|33.33,工业硅冶炼利润|工业硅冶炼利润|氢氧化锂冶炼利润|沪锡近半年月差变化|冶炼锡：毛利（日）,工业硅冶炼利润,42.11,ID01528164,模糊待人工确认,Y
THS-SN-2.5,SN,14,近3年同月估值分位均值（%）,al_25_lme_quantile|wr172|wr21|al_25_close_quantile|li_24_close_near_2,37.5|30.0|27.27|25.0|23.53,LME：铝：3个月合约：结算价（日）· 历史估值分位|沪锡近半年月差变化|SHFE铝近3月虚实比|SHFE：铝：主力合约：收盘价（日）· 历史估值分位|近月合约收盘价,LME：铝：3个月合约：结算价（日）· 历史估值分位,37.5,DERIVED:QUANTILE:al_23_lme_settle,无候选/低置信,Y
THS-SN-2.5,SN,15,近3年同月估值分位标准差（%）,wr172|al_25_lme_quantile|wr21|al_25_close_quantile|li_24_close_near_2,38.1|36.36|26.09|24.24|22.22,沪锡近半年月差变化|LME：铝：3个月合约：结算价（日）· 历史估值分位|SHFE铝近3月虚实比|SHFE：铝：主力合约：收盘价（日）· 历史估值分位|近月合约收盘价,沪锡近半年月差变化,38.1,a12841510,无候选/低置信,Y
THS-SN-2.5,SN,16,锡锭冶炼利润时序图,wr174|sn_72_idx|wr199|sn_71_util|wr198,69.33|52.0|48.75|37.14|34.67,锡锭进口利润|冶炼锡：毛利（日）|锡冶炼厂加工费|锡：冶炼厂：开工率：中国（月）|国内锡锭产量,锡锭进口利润,69.33,ID01590826,模糊待人工确认,Y
THS-SN-2.5,SN,17,锡精矿冶炼利润时序图,sn_72_idx|wr174|wr199|sn_311_output_2|sn_311_output_3,48.75|48.75|45.88|41.05|41.05,冶炼锡：毛利（日）|锡锭进口利润|锡冶炼厂加工费|锡精矿：产量：中国（月）|锡精矿：产量：中国（月）,冶炼锡：毛利（日）,48.75,ID02105841,模糊待人工确认,Y
THS-SN-2.5,SN,18,再生锡冶炼利润时序图,sn_72_idx|wr174|wr196|wr199|sn_71_util,48.75|48.75|45.88|45.88|35.45,冶炼锡：毛利（日）|锡锭进口利润|国内再生锡产量|锡冶炼厂加工费|锡：冶炼厂：开工率：中国（月）,冶炼锡：毛利（日）,48.75,ID02105841,模糊待人工确认,Y
THS-SN-2.5,SN,19,锡精矿加工费时序图,sn_71_tc|sn_71_tc_2|sn_71_tc_3|sn_72_tc|sn_72_tc_2,65.0|65.0|65.0|65.0|65.0,锡精矿：40%Sn：加工费：云南（日）|锡精矿：40%Sn：加工费：云南（日）|锡精矿：40%Sn：加工费：云南（日）|锡精矿：40%Sn：加工费：云南（日）|锡精矿：40%Sn：加工费：云南（日）,锡精矿：40%Sn：加工费：云南（日）,65.0,ID01538256,模糊待人工确认,Y
THS-SN-2.5,SN,20,沪锡主力合约收盘价时序图,sn_21_close_front|sn_23_lme_close_3m|sn_21_close|sn_21_close_2|sn_23_lme_close,72.8|61.91|52.0|52.0|52.0,SHFE：锡：主力合约：收盘价（日）|锡：3个月合约：收盘价（日）|SHFE：锡：指数合约：收盘价（日）|SHFE：锡：指数合约：收盘价（日）|LME：锡：3个月合约：收盘价（日）,SHFE：锡：主力合约：收盘价（日）,72.8,FU00016042,高置信,Y
THS-SN-2.6,SN,0,多头前20持仓量（手）,li_26_openinterest_top20_long|li_26_openinterest_top20_long_2|li_26_openinterest_top20_long_3|li_26_top20_openinterest|li_26_openinterest_top20_short,100.0|100.0|100.0|87.5|87.5,多头前20持仓量|多头前20持仓量|多头前20持仓量|空头前20持仓量|空头前20持仓量,多头前20持仓量,100.0,FU00085341,高置信,Y
THS-SN-2.6,SN,1,空头前20持仓量（手）,li_26_top20_openinterest|li_26_openinterest_top20_short|li_26_openinterest_top20_short_2|li_26_openinterest_top20_long|li_26_openinterest_top20_long_2,100.0|100.0|100.0|87.5|87.5,空头前20持仓量|空头前20持仓量|空头前20持仓量|多头前20持仓量|多头前20持仓量,空头前20持仓量,100.0,FU00085347,高置信,Y
THS-SN-2.6,SN,2,多头前20持仓占比（%）,li_26_openinterest_top20_long|li_26_openinterest_top20_long_2|li_26_openinterest_top20_long_3|li_26_top20_openinterest|li_26_openinterest_top20_short,82.35|82.35|82.35|70.59|70.59,多头前20持仓量|多头前20持仓量|多头前20持仓量|空头前20持仓量|空头前20持仓量,多头前20持仓量,82.35,FU00085341,高置信,Y
THS-SN-2.6,SN,3,空头前20持仓占比（%）,li_26_top20_openinterest|li_26_openinterest_top20_short|li_26_openinterest_top20_short_2|li_26_openinterest_top20_long|li_26_openinterest_top20_long_2,82.35|82.35|82.35|70.59|70.59,空头前20持仓量|空头前20持仓量|空头前20持仓量|多头前20持仓量|多头前20持仓量,空头前20持仓量,82.35,FU00085347,高置信,Y
THS-SN-2.6,SN,4,多空持仓比（%）,li_26_top20_openinterest|li_26_openinterest_top20_long|li_26_openinterest_top20_long_2|li_26_openinterest_top20_long_3|li_26_openinterest_top20_short,46.15|46.15|46.15|46.15|46.15,空头前20持仓量|多头前20持仓量|多头前20持仓量|多头前20持仓量|空头前20持仓量,空头前20持仓量,46.15,FU00085347,模糊待人工确认,Y
THS-SN-2.6,SN,5,沪锡主力合约收盘价（元/吨）,sn_21_close_front|sn_23_lme_close_3m|sn_21_close|sn_21_close_2|sn_23_lme_close,82.73|72.23|59.09|59.09|59.09,SHFE：锡：主力合约：收盘价（日）|锡：3个月合约：收盘价（日）|SHFE：锡：指数合约：收盘价（日）|SHFE：锡：指数合约：收盘价（日）|LME：锡：3个月合约：收盘价（日）,SHFE：锡：主力合约：收盘价（日）,82.73,FU00016042,高置信,Y
THS-SN-2.6,SN,6,多头前20净持仓（手）,li_26_openinterest_top20_long|li_26_openinterest_top20_long_2|li_26_openinterest_top20_long_3|li_26_top20_openinterest|li_26_openinterest_top20_short,87.5|87.5|87.5|75.0|75.0,多头前20持仓量|多头前20持仓量|多头前20持仓量|空头前20持仓量|空头前20持仓量,多头前20持仓量,87.5,FU00085341,高置信,Y
THS-SN-2.6,SN,7,空头前20净持仓（手）,li_26_top20_openinterest|li_26_openinterest_top20_short|li_26_openinterest_top20_short_2|li_26_openinterest_top20_long|li_26_openinterest_top20_long_2,87.5|87.5|87.5|75.0|75.0,空头前20持仓量|空头前20持仓量|空头前20持仓量|多头前20持仓量|多头前20持仓量,空头前20持仓量,87.5,FU00085347,高置信,Y
THS-SN-2.6,SN,8,前20总持仓量（手）,li_26_top20_openinterest|li_26_openinterest_top20_long|li_26_openinterest_top20_long_2|li_26_openinterest_top20_long_3|li_26_openinterest_top20_short,80.0|80.0|80.0|80.0|80.0,空头前20持仓量|多头前20持仓量|多头前20持仓量|多头前20持仓量|空头前20持仓量,空头前20持仓量,80.0,FU00085347,高置信,Y
THS-SN-2.6,SN,9,近3年同月多空持仓比均值（%）,wr21|al_23_lme_oi|li_26_top20_openinterest|li_26_openinterest_top20_long|li_26_openinterest_top20_long_2,34.78|30.77|30.0|30.0|30.0,SHFE铝近3月虚实比|LME：铝：3个月合约：持仓量（日）|空头前20持仓量|多头前20持仓量|多头前20持仓量,SHFE铝近3月虚实比,34.78,a12852880,无候选/低置信,Y
THS-SN-2.6,SN,10,近3年同月多空持仓比标准差（%）,wr172|wr21|al_23_lme_oi|li_26_top20_openinterest|li_26_openinterest_top20_long,36.36|33.33|29.63|28.57|28.57,沪锡近半年月差变化|SHFE铝近3月虚实比|LME：铝：3个月合约：持仓量（日）|空头前20持仓量|多头前20持仓量,沪锡近半年月差变化,36.36,a12841510,无候选/低置信,Y
THS-SN-2.6,SN,11,近3年同月前20总持仓量均值（手）,li_26_top20_openinterest|li_26_openinterest_top20_long|li_26_openinterest_top20_long_2|li_26_openinterest_top20_long_3|li_26_openinterest_top20_short,54.55|54.55|54.55|54.55|54.55,空头前20持仓量|多头前20持仓量|多头前20持仓量|多头前20持仓量|空头前20持仓量,空头前20持仓量,54.55,FU00085347,模糊待人工确认,Y
THS-SN-2.6,SN,12,近3年同月前20总持仓量标准差（手）,li_26_top20_openinterest|li_26_openinterest_top20_long|li_26_openinterest_top20_long_2|li_26_openinterest_top20_long_3|li_26_openinterest_top20_short,52.17|52.17|52.17|52.17|52.17,空头前20持仓量|多头前20持仓量|多头前20持仓量|多头前20持仓量|空头前20持仓量,空头前20持仓量,52.17,FU00085347,模糊待人工确认,Y
THS-SN-2.6,SN,13,沪锡多头前20持仓量时序图,wr171|sn_21_openinterest|sn_21_openinterest_3|sn_21_openinterest_4|sn_21_openinterest_2,68.42|44.58|44.58|44.58|37.14,沪锡总持仓量|LME：锡：其他报告头寸多头持仓量：投资基金（周）|LME：锡：其他报告头寸多头持仓量：投资基金（周）|LME：锡：其他报告头寸多头持仓量：投资基金（周）|SHFE：锡：单边交易：持仓量（日）,沪锡总持仓量,68.42,a10177562,模糊待人工确认,Y
THS-SN-2.6,SN,14,沪锡空头前20持仓量时序图,wr171|sn_21_openinterest|sn_21_openinterest_2|sn_21_openinterest_3|sn_21_openinterest_4,68.42|37.14|37.14|37.14|37.14,沪锡总持仓量|LME：锡：其他报告头寸多头持仓量：投资基金（周）|SHFE：锡：单边交易：持仓量（日）|LME：锡：其他报告头寸多头持仓量：投资基金（周）|LME：锡：其他报告头寸多头持仓量：投资基金（周）,沪锡总持仓量,68.42,a10177562,模糊待人工确认,Y
THS-SN-2.6,SN,15,沪锡多空持仓比时序图,wr171|wr173|sn_21_openinterest|sn_21_openinterest_3|sn_21_openinterest_4,65.0|37.14|32.5|32.5|32.5,沪锡总持仓量|锡沪伦比|LME：锡：其他报告头寸多头持仓量：投资基金（周）|LME：锡：其他报告头寸多头持仓量：投资基金（周）|LME：锡：其他报告头寸多头持仓量：投资基金（周）,沪锡总持仓量,65.0,a10177562,模糊待人工确认,Y
THS-SN-2.6,SN,16,沪锡前20净持仓时序图,wr171|wr170|sn_21_openinterest_2|sn_26_openinterest_top20|sn_26_openinterest_top20_2,61.18|30.59|30.0|30.0|30.0,沪锡总持仓量|沪锡价格走势|SHFE：锡：单边交易：持仓量（日）|SHFE：锡：单边交易：持仓量（日）|SHFE：锡：单边交易：持仓量（日）,沪锡总持仓量,61.18,a10177562,模糊待人工确认,Y
THS-SN-2.6,SN,17,沪锡前20总持仓量时序图,wr171|sn_21_openinterest_2|sn_26_openinterest_top20|sn_26_openinterest_top20_2|sn_26_openinterest_top20_3,86.67|38.52|38.52|38.52|38.52,沪锡总持仓量|SHFE：锡：单边交易：持仓量（日）|SHFE：锡：单边交易：持仓量（日）|SHFE：锡：单边交易：持仓量（日）|SHFE：锡：单边交易：持仓量（日）,沪锡总持仓量,86.67,a10177562,高置信,Y
THS-SN-3.1.1,SN,0,缅甸锡矿产量（万吨）,wr187|wr189|sn_311_output_2|sn_311_output_3|sn_312_output_2,86.67|81.25|69.33|69.33|69.33,国内锡矿产量|缅甸进口至我国锡矿量|锡精矿：产量：中国（月）|锡精矿：产量：中国（月）|锡精矿：产量：中国（月）,国内锡矿产量,86.67,ID00299777,高置信,Y
THS-SN-3.1.1,SN,1,海外锡精矿产量（万吨）,sn_311_output_2|sn_311_output_3|sn_312_output_2|sn_312_output_ratio|sn_312_output_ratio_2,81.25|81.25|81.25|81.25|81.25,锡精矿：产量：中国（月）|锡精矿：产量：中国（月）|锡精矿：产量：中国（月）|锡精矿：产量：中国（月）|锡精矿：产量：中国（月）,锡精矿：产量：中国（月）,81.25,ID01590150,高置信,Y
THS-SN-3.1.1,SN,2,海外精炼锡产量（万吨）,wr183|sn_311_output|sn_321_output|sn_323_output_recycle|sn_323_output_recycle_3,69.33|68.42|68.42|68.42|68.42,巴西精炼锡出口量|精炼锡：产量：印尼：天马（季）|精炼锡：产量：印尼：天马（季）|精炼锡：产量：印尼：天马（季）|精炼锡：产量：印尼：天马（季）,巴西精炼锡出口量,69.33,a12840345,模糊待人工确认,Y
THS-SN-3.1.1,SN,3,海外锡矿开工率（%）,wr197|sn_71_util|sn_321_util|sn_321_util_2|wr187,80.0|54.74|52.0|52.0|40.0,国内锡开工率|锡：冶炼厂：开工率：中国（月）|锡：加工企业：开工率：中国（月）|锡：加工企业：开工率：中国（月）|国内锡矿产量,国内锡开工率,80.0,a10113278,高置信,Y
THS-SN-3.1.1,SN,4,海外锡矿产量（万吨）,wr187|sn_311_output_2|sn_311_output_3|sn_312_output_2|sn_312_output_ratio,86.67|69.33|69.33|69.33|69.33,国内锡矿产量|锡精矿：产量：中国（月）|锡精矿：产量：中国（月）|锡精矿：产量：中国（月）|锡精矿：产量：中国（月）,国内锡矿产量,86.67,ID00299777,高置信,Y
THS-SN-3.1.1,SN,5,海外锡矿产能利用率（%）,sn_312_output_3|wr187|sn_311_output_2|sn_311_output_3|sn_312_output_2,54.74|52.0|43.33|43.33|43.33,锡矿：产量：澳大利亚（季）|国内锡矿产量|锡精矿：产量：中国（月）|锡精矿：产量：中国（月）|锡精矿：产量：中国（月）,锡矿：产量：澳大利亚（季）,54.74,ID01655716,模糊待人工确认,Y
THS-SN-3.1.1,SN,6,海外锡矿加工费TC（美元/吨）,wr199|sn_71_tc|sn_71_tc_2|sn_71_tc_3|sn_72_tc,65.0|54.17|54.17|54.17|54.17,锡冶炼厂加工费|锡精矿：40%Sn：加工费：云南（日）|锡精矿：40%Sn：加工费：云南（日）|锡精矿：40%Sn：加工费：云南（日）|锡精矿：40%Sn：加工费：云南（日）,锡冶炼厂加工费,65.0,a10000748,模糊待人工确认,Y
THS-SN-3.1.1,SN,7,海外锡矿进口量（万吨）,wr188|wr185|wr190|wr191|wr192,92.86|81.25|74.28|74.28|74.28,国内锡矿进口量|马来西亚锡矿进口量|印度锡净进口量|日本锡净进口量|美国锡净进口量,国内锡矿进口量,92.86,a10003098,高置信,Y
THS-SN-3.1.1,SN,8,近3年同季产量均值（万吨）,精炼产量|al_00_output_2|li_32_lepid_output|wr214|li_32_output,30.77|30.0|28.57|28.57|26.67,精炼产量|3C铝型材：产量：中国（年）|锂云母产量|多晶硅产量|盐湖提锂产量,精炼产量,30.77,a10003083,无候选/低置信,Y
THS-SN-3.1.1,SN,9,近3年同季产量标准差（万吨）,wr172|精炼产量|al_00_output_2|li_32_lepid_output|wr214,31.58|28.57|28.57|26.67|26.67,沪锡近半年月差变化|精炼产量|3C铝型材：产量：中国（年）|锂云母产量|多晶硅产量,沪锡近半年月差变化,31.58,a12841510,无候选/低置信,Y
THS-SN-3.1.1,SN,10,缅甸锡矿产量时序图,wr187|wr189|sn_311_output_2|sn_311_output_3|sn_312_output_2,69.33|68.42|57.77|57.77|57.77,国内锡矿产量|缅甸进口至我国锡矿量|锡精矿：产量：中国（月）|锡精矿：产量：中国（月）|锡精矿：产量：中国（月）,国内锡矿产量,69.33,ID00299777,模糊待人工确认,Y
THS-SN-3.1.1,SN,11,海外锡精矿产量时序图,sn_311_output_2|sn_311_output_3|sn_312_output_2|sn_312_output_ratio|sn_312_output_ratio_2,68.42|68.42|68.42|68.42|68.42,锡精矿：产量：中国（月）|锡精矿：产量：中国（月）|锡精矿：产量：中国（月）|锡精矿：产量：中国（月）|锡精矿：产量：中国（月）,锡精矿：产量：中国（月）,68.42,ID01590150,模糊待人工确认,Y
THS-SN-3.1.1,SN,12,海外精炼锡产量时序图,sn_311_output|sn_321_output|sn_323_output_recycle|sn_323_output_recycle_3|sn_323_output_recycle_4,59.09|59.09|59.09|59.09|59.09,精炼锡：产量：印尼：天马（季）|精炼锡：产量：印尼：天马（季）|精炼锡：产量：印尼：天马（季）|精炼锡：产量：印尼：天马（季）|精炼锡：产量：印尼：天马（季）,精炼锡：产量：印尼：天马（季）,59.09,ID01838775,模糊待人工确认,Y
THS-SN-3.1.1,SN,13,海外锡矿开工率时序图,wr197|sn_71_util|sn_321_util|sn_321_util_2|wr187,65.0|47.27|45.21|45.21|32.5,国内锡开工率|锡：冶炼厂：开工率：中国（月）|锡：加工企业：开工率：中国（月）|锡：加工企业：开工率：中国（月）|国内锡矿产量,国内锡开工率,65.0,a10113278,模糊待人工确认,Y
THS-SN-3.1.1,SN,14,海外锡矿产能利用率时序图,sn_312_output_3|wr187|sn_311_output_2|sn_311_output_3|sn_312_output_2,47.27|43.33|37.14|37.14|37.14,锡矿：产量：澳大利亚（季）|国内锡矿产量|锡精矿：产量：中国（月）|锡精矿：产量：中国（月）|锡精矿：产量：中国（月）,锡矿：产量：澳大利亚（季）,47.27,ID01655716,模糊待人工确认,Y
THS-SN-3.1.2,SN,0,缅甸锡矿产量（万吨）,wr187|wr189|sn_311_output_2|sn_311_output_3|sn_312_output_2,86.67|81.25|69.33|69.33|69.33,国内锡矿产量|缅甸进口至我国锡矿量|锡精矿：产量：中国（月）|锡精矿：产量：中国（月）|锡精矿：产量：中国（月）,国内锡矿产量,86.67,ID00299777,高置信,Y
THS-SN-3.1.2,SN,1,海外锡精矿产量（万吨）,sn_311_output_2|sn_311_output_3|sn_312_output_2|sn_312_output_ratio|sn_312_output_ratio_2,81.25|81.25|81.25|81.25|81.25,锡精矿：产量：中国（月）|锡精矿：产量：中国（月）|锡精矿：产量：中国（月）|锡精矿：产量：中国（月）|锡精矿：产量：中国（月）,锡精矿：产量：中国（月）,81.25,ID01590150,高置信,Y
THS-SN-3.1.2,SN,2,印尼锡精矿产量（万吨）,sn_311_output_2|sn_311_output_3|sn_312_output_2|sn_312_output_ratio|sn_312_output_ratio_2,81.25|81.25|81.25|81.25|81.25,锡精矿：产量：中国（月）|锡精矿：产量：中国（月）|锡精矿：产量：中国（月）|锡精矿：产量：中国（月）|锡精矿：产量：中国（月）,锡精矿：产量：中国（月）,81.25,ID01590150,高置信,Y
THS-SN-3.1.2,SN,3,俄罗斯锡精矿产量（万吨）,sn_311_output_2|sn_311_output_3|sn_312_output_2|sn_312_output_ratio|sn_312_output_ratio_2,76.47|76.47|76.47|76.47|76.47,锡精矿：产量：中国（月）|锡精矿：产量：中国（月）|锡精矿：产量：中国（月）|锡精矿：产量：中国（月）|锡精矿：产量：中国（月）,锡精矿：产量：中国（月）,76.47,ID01590150,高置信,Y
THS-SN-3.1.2,SN,4,澳大利亚锡精矿产量（万吨）,sn_311_output_2|sn_311_output_3|sn_312_output_2|sn_312_output_ratio|sn_312_output_ratio_2,72.23|72.23|72.23|72.23|72.23,锡精矿：产量：中国（月）|锡精矿：产量：中国（月）|锡精矿：产量：中国（月）|锡精矿：产量：中国（月）|锡精矿：产量：中国（月）,锡精矿：产量：中国（月）,72.23,ID01590150,高置信,Y
THS-SN-3.1.2,SN,5,缅甸锡精矿产量占比（%）,sn_311_output_2|sn_311_output_3|sn_312_output_2|sn_312_output_ratio|sn_312_output_ratio_2,72.23|72.23|72.23|72.23|72.23,锡精矿：产量：中国（月）|锡精矿：产量：中国（月）|锡精矿：产量：中国（月）|锡精矿：产量：中国（月）|锡精矿：产量：中国（月）,锡精矿：产量：中国（月）,72.23,ID01590150,高置信,Y
THS-SN-3.1.2,SN,6,印尼锡精矿产量占比（%）,sn_311_output_2|sn_311_output_3|sn_312_output_2|sn_312_output_ratio|sn_312_output_ratio_2,72.23|72.23|72.23|72.23|72.23,锡精矿：产量：中国（月）|锡精矿：产量：中国（月）|锡精矿：产量：中国（月）|锡精矿：产量：中国（月）|锡精矿：产量：中国（月）,锡精矿：产量：中国（月）,72.23,ID01590150,高置信,Y
THS-SN-3.1.2,SN,7,俄罗斯锡精矿产量占比（%）,sn_311_output_2|sn_311_output_3|sn_312_output_2|sn_312_output_ratio|sn_312_output_ratio_2,68.42|68.42|68.42|68.42|68.42,锡精矿：产量：中国（月）|锡精矿：产量：中国（月）|锡精矿：产量：中国（月）|锡精矿：产量：中国（月）|锡精矿：产量：中国（月）,锡精矿：产量：中国（月）,68.42,ID01590150,模糊待人工确认,Y
THS-SN-3.1.2,SN,8,近3年同月产量均值（万吨）,wr136|wr138|si_321_output|si_323_output_recycle|si_312_output_2,37.5|37.5|35.29|35.29|35.29,三元材料 月度产量|钴酸锂 月度产量|工业硅精炼月产量|工业硅再生月产量|中国工业硅月产量,三元材料 月度产量,37.5,a10001951,无候选/低置信,Y
THS-SN-3.1.2,SN,9,近3年同月产量标准差（万吨）,wr172|wr136|wr138|si_321_output|si_323_output_recycle,42.11|35.29|35.29|33.33|33.33,沪锡近半年月差变化|三元材料 月度产量|钴酸锂 月度产量|工业硅精炼月产量|工业硅再生月产量,沪锡近半年月差变化,42.11,a12841510,模糊待人工确认,Y
THS-SN-3.1.2,SN,10,海外锡精矿产量总量（万吨）,sn_311_output_2|sn_311_output_3|sn_312_output_2|sn_312_output_ratio|sn_312_output_ratio_2,81.25|81.25|81.25|81.25|81.25,锡精矿：产量：中国（月）|锡精矿：产量：中国（月）|锡精矿：产量：中国（月）|锡精矿：产量：中国（月）|锡精矿：产量：中国（月）,锡精矿：产量：中国（月）,81.25,ID01590150,高置信,Y
THS-SN-3.1.2,SN,11,缅甸锡精矿产量（万吨）,sn_311_output_2|sn_311_output_3|sn_312_output_2|sn_312_output_ratio|sn_312_output_ratio_2,81.25|81.25|81.25|81.25|81.25,锡精矿：产量：中国（月）|锡精矿：产量：中国（月）|锡精矿：产量：中国（月）|锡精矿：产量：中国（月）|锡精矿：产量：中国（月）,锡精矿：产量：中国（月）,81.25,ID01590150,高置信,Y
THS-SN-3.1.2,SN,12,缅甸锡精矿产量时序图,sn_311_output_2|sn_311_output_3|sn_312_output_2|sn_312_output_ratio|sn_312_output_ratio_2,68.42|68.42|68.42|68.42|68.42,锡精矿：产量：中国（月）|锡精矿：产量：中国（月）|锡精矿：产量：中国（月）|锡精矿：产量：中国（月）|锡精矿：产量：中国（月）,锡精矿：产量：中国（月）,68.42,ID01590150,模糊待人工确认,Y
THS-SN-3.1.2,SN,13,印尼锡精矿产量时序图,sn_311_output_2|sn_311_output_3|sn_312_output_2|sn_312_output_ratio|sn_312_output_ratio_2,68.42|68.42|68.42|68.42|68.42,锡精矿：产量：中国（月）|锡精矿：产量：中国（月）|锡精矿：产量：中国（月）|锡精矿：产量：中国（月）|锡精矿：产量：中国（月）,锡精矿：产量：中国（月）,68.42,ID01590150,模糊待人工确认,Y
THS-SN-3.1.2,SN,14,俄罗斯锡精矿产量时序图,sn_311_output_2|sn_311_output_3|sn_312_output_2|sn_312_output_ratio|sn_312_output_ratio_2,65.0|65.0|65.0|65.0|65.0,锡精矿：产量：中国（月）|锡精矿：产量：中国（月）|锡精矿：产量：中国（月）|锡精矿：产量：中国（月）|锡精矿：产量：中国（月）,锡精矿：产量：中国（月）,65.0,ID01590150,模糊待人工确认,Y
THS-SN-3.1.2,SN,15,澳大利亚锡精矿产量时序图,sn_311_output_2|sn_311_output_3|sn_312_output_2|sn_312_output_ratio|sn_312_output_ratio_2,61.91|61.91|61.91|61.91|61.91,锡精矿：产量：中国（月）|锡精矿：产量：中国（月）|锡精矿：产量：中国（月）|锡精矿：产量：中国（月）|锡精矿：产量：中国（月）,锡精矿：产量：中国（月）,61.91,ID01590150,模糊待人工确认,Y
THS-SN-3.1.2,SN,16,分国别锡精矿产量结构占比时序图,wr187|sn_311_output_2|sn_311_output_3|sn_312_output_2|sn_312_output_ratio,61.91|54.17|54.17|54.17|54.17,国内锡矿产量|锡精矿：产量：中国（月）|锡精矿：产量：中国（月）|锡精矿：产量：中国（月）|锡精矿：产量：中国（月）,国内锡矿产量,61.91,ID00299777,模糊待人工确认,Y
THS-SN-3.1.3,SN,0,国内锡精矿产量（万吨）,wr187|wr198|wr188|wr196|wr200,100|100.0|92.86|92.86|86.67,国内锡矿产量|国内锡锭产量|国内锡矿进口量|国内再生锡产量|国内初级锡材产量,国内锡矿产量,100,ID00299777,高置信,Y
THS-SN-3.1.3,SN,1,国内锡矿产量（万吨）,wr187|wr188|wr196|wr198|wr200,100|100.0|100.0|100|92.86,国内锡矿产量|国内锡矿进口量|国内再生锡产量|国内锡锭产量|国内初级锡材产量,国内锡矿产量,100,ID00299777,高置信,Y
THS-SN-3.1.3,SN,2,国内锡矿开工率（%）,wr197|wr187|wr188|wr198|wr196,100|80.0|74.28|59.99|55.72,国内锡开工率|国内锡矿产量|国内锡矿进口量|国内锡锭产量|国内再生锡产量,国内锡开工率,100,a10113278,高置信,Y
THS-SN-3.1.3,SN,3,国内锡矿产能利用率（%）,wr187|wr197|wr198|wr188|wr196,86.67|69.33|69.33|65.0|65.0,国内锡矿产量|国内锡开工率|国内锡锭产量|国内锡矿进口量|国内再生锡产量,国内锡矿产量,86.67,ID00299777,高置信,Y
THS-SN-3.1.3,SN,4,国内锡矿加工费TC（美元/吨）,wr187|wr197|wr188|wr199|sn_71_tc,69.33|69.33|65.0|65.0|54.17,国内锡矿产量|国内锡开工率|国内锡矿进口量|锡冶炼厂加工费|锡精矿：40%Sn：加工费：云南（日）,国内锡矿产量,69.33,ID00299777,模糊待人工确认,Y
THS-SN-3.1.3,SN,5,国内锡矿进口量（万吨）,wr187|wr188|wr192|wr193|wr185,100.0|100|92.86|92.86|81.25,国内锡矿产量|国内锡矿进口量|美国锡净进口量|韩国锡净进口量|马来西亚锡矿进口量,国内锡矿产量,100.0,ID00299777,高置信,Y
THS-SN-3.1.3,SN,6,国内锡矿检修量（万吨）,wr187|wr188|wr198|wr196|wr200,100.0|92.86|80.0|74.28|69.33,国内锡矿产量|国内锡矿进口量|国内锡锭产量|国内再生锡产量|国内初级锡材产量,国内锡矿产量,100.0,ID00299777,高置信,Y
THS-SN-3.1.3,SN,7,近3年同月产量均值（万吨）,wr136|wr138|si_321_output|si_323_output_recycle|si_312_output_2,37.5|37.5|35.29|35.29|35.29,三元材料 月度产量|钴酸锂 月度产量|工业硅精炼月产量|工业硅再生月产量|中国工业硅月产量,三元材料 月度产量,37.5,a10001951,无候选/低置信,Y
THS-SN-3.1.3,SN,8,近3年同月产量标准差（万吨）,wr172|wr136|wr138|si_321_output|si_323_output_recycle,42.11|35.29|35.29|33.33|33.33,沪锡近半年月差变化|三元材料 月度产量|钴酸锂 月度产量|工业硅精炼月产量|工业硅再生月产量,沪锡近半年月差变化,42.11,a12841510,模糊待人工确认,Y
THS-SN-3.1.3,SN,9,近3年同月加工费TC均值（美元/吨）,TC|wr199|al_71_tc|wr158|wr159,35.29|31.58|30.3|30.0|30.0,TC加工费|锡冶炼厂加工费|铝棒：6063：Φ120：加工费均价：中国（日）|锂辉石加工费 四川|锂辉石加工费 山东,TC加工费,35.29,ID01001800,无候选/低置信,Y
THS-SN-3.1.3,SN,10,近3年同月加工费TC标准差（美元/吨）,wr172|TC|wr199|wr158|wr159,36.36|33.33|30.0|28.57|28.57,沪锡近半年月差变化|TC加工费|锡冶炼厂加工费|锂辉石加工费 四川|锂辉石加工费 山东,沪锡近半年月差变化,36.36,a12841510,无候选/低置信,Y
THS-SN-3.1.3,SN,11,国内锡精矿产量时序图,wr187|wr198|wr188|wr196|wr200,97.5|81.25|76.47|76.47|72.23,国内锡矿产量|国内锡锭产量|国内锡矿进口量|国内再生锡产量|国内初级锡材产量,国内锡矿产量,97.5,ID00299777,高置信,Y
THS-SN-3.1.3,SN,12,国内锡矿开工率时序图,wr197|wr187|wr188|wr198|sn_71_util,97.5|65.0|61.18|48.75|47.27,国内锡开工率|国内锡矿产量|国内锡矿进口量|国内锡锭产量|锡：冶炼厂：开工率：中国（月）,国内锡开工率,97.5,a10113278,高置信,Y
THS-SN-3.1.3,SN,13,国内锡矿产能利用率时序图,wr187|wr197|wr198|wr188|wr196,72.23|57.77|57.77|54.74|54.74,国内锡矿产量|国内锡开工率|国内锡锭产量|国内锡矿进口量|国内再生锡产量,国内锡矿产量,72.23,ID00299777,高置信,Y
THS-SN-3.1.3,SN,14,国内锡矿检修量时序图,wr187|wr188|wr198|wr196|wr200,81.25|76.47|65.0|61.18|57.77,国内锡矿产量|国内锡矿进口量|国内锡锭产量|国内再生锡产量|国内初级锡材产量,国内锡矿产量,81.25,ID00299777,高置信,Y
THS-SN-3.1.3,SN,15,国内锡矿社会库存时序图,wr177|wr187|wr188|sn_43_inv|sn_43_inv_2,82.11|61.18|57.77|48.15|48.15,中国锡锭社会库存|国内锡矿产量|国内锡矿进口量|SMM: 锡锭社会库存: 上海: 周度|SMM: 锡锭社会库存: 上海: 周度,中国锡锭社会库存,82.11,a10020743,高置信,Y
THS-SN-3.1.4,SN,0,缅甸锡矿进口量（万吨）,wr188|wr185|wr189|wr190|wr191,92.86|81.25|76.47|74.28|74.28,国内锡矿进口量|马来西亚锡矿进口量|缅甸进口至我国锡矿量|印度锡净进口量|日本锡净进口量,国内锡矿进口量,92.86,a10003098,高置信,Y
THS-SN-3.1.4,SN,1,总进口量（万吨）,wr275|si_61_import_3|li_61_import_2|wr27|wr270,66.67|60.0|60.0|60.0|60.0,镍铁进口量|工业硅进口量|碳酸锂进口量|铝合金进口量|不锈钢进口量,镍铁进口量,66.67,CM0000138647,模糊待人工确认,Y
THS-SN-3.1.4,SN,2,印尼锡矿进口量（万吨）,wr188|wr190|wr185|wr182|wr191,92.86|92.86|81.25|76.47|74.28,国内锡矿进口量|印度锡净进口量|马来西亚锡矿进口量|印尼精炼锡出口量变化|日本锡净进口量,国内锡矿进口量,92.86,a10003098,高置信,Y
THS-SN-3.1.4,SN,3,缅甸锡矿进口量占比（%）,wr188|wr185|wr189|wr190|wr191,81.25|72.23|68.42|65.0|65.0,国内锡矿进口量|马来西亚锡矿进口量|缅甸进口至我国锡矿量|印度锡净进口量|日本锡净进口量,国内锡矿进口量,81.25,a10003098,高置信,Y
THS-SN-3.1.4,SN,4,印尼锡矿进口量占比（%）,wr188|wr190|wr185|wr182|wr191,81.25|81.25|72.23|68.42|65.0,国内锡矿进口量|印度锡净进口量|马来西亚锡矿进口量|印尼精炼锡出口量变化|日本锡净进口量,国内锡矿进口量,81.25,a10003098,高置信,Y
THS-SN-3.1.4,SN,5,俄罗斯锡矿进口量占比（%）,wr188|wr185|wr190|wr191|wr192,76.47|68.42|61.18|61.18|61.18,国内锡矿进口量|马来西亚锡矿进口量|印度锡净进口量|日本锡净进口量|美国锡净进口量,国内锡矿进口量,76.47,a10003098,高置信,Y
THS-SN-3.1.4,SN,6,俄罗斯锡矿进口量（万吨）,wr188|wr185|wr190|wr191|wr192,86.67|76.47|69.33|69.33|69.33,国内锡矿进口量|马来西亚锡矿进口量|印度锡净进口量|日本锡净进口量|美国锡净进口量,国内锡矿进口量,86.67,a10003098,高置信,Y
THS-SN-3.1.4,SN,7,澳大利亚锡矿进口量（万吨）,wr185|wr188|wr190|wr191|wr192,86.67|81.25|65.0|65.0|65.0,马来西亚锡矿进口量|国内锡矿进口量|印度锡净进口量|日本锡净进口量|美国锡净进口量,马来西亚锡矿进口量,86.67,a12764410,高置信,Y
THS-SN-3.1.4,SN,8,锡矿总进口量（万吨）,wr188|wr185|wr190|wr191|wr192,100.0|86.67|80.0|80.0|80.0,国内锡矿进口量|马来西亚锡矿进口量|印度锡净进口量|日本锡净进口量|美国锡净进口量,国内锡矿进口量,100.0,a10003098,高置信,Y
THS-SN-3.1.4,SN,9,近3年同月进口量均值（万吨）,wr144|si_321_import|si_321_import_2|si_314_by_country_import|si_314_by_country_import_2,44.44|42.11|42.11|40.0|40.0,碳酸锂 月度进口量|工业硅精炼月进口量|工业硅精炼月进口量|工业硅月进口量分国别|工业硅月进口量分国别,碳酸锂 月度进口量,44.44,a10006557,模糊待人工确认,Y
THS-SN-3.1.4,SN,10,近3年同月进口量标准差（万吨）,wr144|si_321_import|si_321_import_2|wr172|si_314_by_country_import,42.11|40.0|40.0|40.0|38.1,碳酸锂 月度进口量|工业硅精炼月进口量|工业硅精炼月进口量|沪锡近半年月差变化|工业硅月进口量分国别,碳酸锂 月度进口量,42.11,a10006557,模糊待人工确认,Y
THS-SN-3.1.4,SN,11,近3年同月总进口量均值（万吨）,wr144|si_321_import|si_321_import_2|si_314_by_country_import|si_314_by_country_import_2,42.11|40.0|40.0|38.1|38.1,碳酸锂 月度进口量|工业硅精炼月进口量|工业硅精炼月进口量|工业硅月进口量分国别|工业硅月进口量分国别,碳酸锂 月度进口量,42.11,a10006557,模糊待人工确认,Y
THS-SN-3.1.4,SN,12,近3年同月总进口量标准差（万吨）,wr144|si_321_import|si_321_import_2|wr172|si_314_by_country_import,40.0|38.1|38.1|38.1|36.36,碳酸锂 月度进口量|工业硅精炼月进口量|工业硅精炼月进口量|沪锡近半年月差变化|工业硅月进口量分国别,碳酸锂 月度进口量,40.0,a10006557,模糊待人工确认,Y
THS-SN-3.1.4,SN,13,缅甸锡矿进口量时序图,wr188|wr185|wr189|wr190|wr191,76.47|68.42|65.0|61.18|61.18,国内锡矿进口量|马来西亚锡矿进口量|缅甸进口至我国锡矿量|印度锡净进口量|日本锡净进口量,国内锡矿进口量,76.47,a10003098,高置信,Y
THS-SN-3.1.4,SN,14,印尼锡矿进口量时序图,wr188|wr190|wr185|wr182|wr191,76.47|76.47|68.42|65.0|61.18,国内锡矿进口量|印度锡净进口量|马来西亚锡矿进口量|印尼精炼锡出口量变化|日本锡净进口量,国内锡矿进口量,76.47,a10003098,高置信,Y
THS-SN-3.1.4,SN,15,俄罗斯锡矿进口量时序图,wr188|wr185|wr190|wr191|wr192,72.23|65.0|57.77|57.77|57.77,国内锡矿进口量|马来西亚锡矿进口量|印度锡净进口量|日本锡净进口量|美国锡净进口量,国内锡矿进口量,72.23,a10003098,高置信,Y
THS-SN-3.1.4,SN,16,锡矿总进口量时序图,wr188|wr185|wr190|wr191|wr192,81.25|72.23|65.0|65.0|65.0,国内锡矿进口量|马来西亚锡矿进口量|印度锡净进口量|日本锡净进口量|美国锡净进口量,国内锡矿进口量,81.25,a10003098,高置信,Y
THS-SN-3.1.4,SN,17,印尼锡矿出口量时序图,wr182|sn_62_export_2|sn_62_export_3|sn_62_export_4|wr188,78.0|67.82|67.82|67.82|61.18,印尼精炼锡出口量变化|印尼：锡锭：出口数量：全球（月）|印尼：锡锭：出口数量：全球（月）|印尼：锡锭：出口数量：全球（月）|国内锡矿进口量,印尼精炼锡出口量变化,78.0,a12820786,高置信,Y
THS-SN-3.1.5,SN,0,国内锡矿加工费TC（美元/吨）,wr187|wr197|wr188|wr199|sn_71_tc,69.33|69.33|65.0|65.0|54.17,国内锡矿产量|国内锡开工率|国内锡矿进口量|锡冶炼厂加工费|锡精矿：40%Sn：加工费：云南（日）,国内锡矿产量,69.33,ID00299777,模糊待人工确认,Y
THS-SN-3.1.5,SN,1,国内锡精矿产量（万吨）,wr187|wr198|wr188|wr196|wr200,100|100.0|92.86|92.86|86.67,国内锡矿产量|国内锡锭产量|国内锡矿进口量|国内再生锡产量|国内初级锡材产量,国内锡矿产量,100,ID00299777,高置信,Y
THS-SN-3.1.5,SN,2,海外锡矿加工费TC（美元/吨）,wr199|sn_71_tc|sn_71_tc_2|sn_71_tc_3|sn_72_tc,65.0|54.17|54.17|54.17|54.17,锡冶炼厂加工费|锡精矿：40%Sn：加工费：云南（日）|锡精矿：40%Sn：加工费：云南（日）|锡精矿：40%Sn：加工费：云南（日）|锡精矿：40%Sn：加工费：云南（日）,锡冶炼厂加工费,65.0,a10000748,模糊待人工确认,Y
THS-SN-3.1.5,SN,3,海外锡精矿产量（万吨）,sn_311_output_2|sn_311_output_3|sn_312_output_2|sn_312_output_ratio|sn_312_output_ratio_2,81.25|81.25|81.25|81.25|81.25,锡精矿：产量：中国（月）|锡精矿：产量：中国（月）|锡精矿：产量：中国（月）|锡精矿：产量：中国（月）|锡精矿：产量：中国（月）,锡精矿：产量：中国（月）,81.25,ID01590150,高置信,Y
THS-SN-3.1.5,SN,4,缅甸锡矿加工费TC（美元/吨）,wr199|wr189|sn_71_tc|sn_71_tc_2|sn_71_tc_3,65.0|54.74|54.17|54.17|54.17,锡冶炼厂加工费|缅甸进口至我国锡矿量|锡精矿：40%Sn：加工费：云南（日）|锡精矿：40%Sn：加工费：云南（日）|锡精矿：40%Sn：加工费：云南（日）,锡冶炼厂加工费,65.0,a10000748,模糊待人工确认,Y
THS-SN-3.1.5,SN,5,印尼锡矿加工费TC（美元/吨）,wr199|sn_71_tc|sn_71_tc_2|sn_71_tc_3|sn_72_tc,65.0|54.17|54.17|54.17|54.17,锡冶炼厂加工费|锡精矿：40%Sn：加工费：云南（日）|锡精矿：40%Sn：加工费：云南（日）|锡精矿：40%Sn：加工费：云南（日）|锡精矿：40%Sn：加工费：云南（日）,锡冶炼厂加工费,65.0,a10000748,模糊待人工确认,Y
THS-SN-3.1.5,SN,6,俄罗斯锡矿加工费TC（美元/吨）,wr199|sn_71_tc|sn_71_tc_2|sn_71_tc_3|sn_72_tc,61.18|52.0|52.0|52.0|52.0,锡冶炼厂加工费|锡精矿：40%Sn：加工费：云南（日）|锡精矿：40%Sn：加工费：云南（日）|锡精矿：40%Sn：加工费：云南（日）|锡精矿：40%Sn：加工费：云南（日）,锡冶炼厂加工费,61.18,a10000748,模糊待人工确认,Y
THS-SN-3.1.5,SN,7,澳大利亚锡矿加工费TC（美元/吨）,wr199|sn_71_tc|sn_71_tc_2|sn_71_tc_3|sn_72_tc,57.77|50.0|50.0|50.0|50.0,锡冶炼厂加工费|锡精矿：40%Sn：加工费：云南（日）|锡精矿：40%Sn：加工费：云南（日）|锡精矿：40%Sn：加工费：云南（日）|锡精矿：40%Sn：加工费：云南（日）,锡冶炼厂加工费,57.77,a10000748,模糊待人工确认,Y
THS-SN-3.1.5,SN,8,近3年同月加工费TC均值（美元/吨）,TC|wr199|al_71_tc|wr158|wr159,35.29|31.58|30.3|30.0|30.0,TC加工费|锡冶炼厂加工费|铝棒：6063：Φ120：加工费均价：中国（日）|锂辉石加工费 四川|锂辉石加工费 山东,TC加工费,35.29,ID01001800,无候选/低置信,Y
THS-SN-3.1.5,SN,9,近3年同月加工费TC标准差（美元/吨）,wr172|TC|wr199|wr158|wr159,36.36|33.33|30.0|28.57|28.57,沪锡近半年月差变化|TC加工费|锡冶炼厂加工费|锂辉石加工费 四川|锂辉石加工费 山东,沪锡近半年月差变化,36.36,a12841510,无候选/低置信,Y
THS-SN-3.1.5,SN,10,锡矿加工费TC估值分位（%）,wr199|sn_71_tc|sn_71_tc_2|sn_71_tc_3|sn_72_tc,57.77|50.0|50.0|50.0|50.0,锡冶炼厂加工费|锡精矿：40%Sn：加工费：云南（日）|锡精矿：40%Sn：加工费：云南（日）|锡精矿：40%Sn：加工费：云南（日）|锡精矿：40%Sn：加工费：云南（日）,锡冶炼厂加工费,57.77,a10000748,模糊待人工确认,Y
THS-SN-3.1.5,SN,11,缅甸锡矿进口量（万吨）,wr188|wr185|wr189|wr190|wr191,92.86|81.25|76.47|74.28|74.28,国内锡矿进口量|马来西亚锡矿进口量|缅甸进口至我国锡矿量|印度锡净进口量|日本锡净进口量,国内锡矿进口量,92.86,a10003098,高置信,Y
THS-SN-3.1.5,SN,12,国内锡矿加工费TC时序图,wr187|wr197|wr188|wr199|sn_71_tc,57.77|57.77|54.74|54.74|48.15,国内锡矿产量|国内锡开工率|国内锡矿进口量|锡冶炼厂加工费|锡精矿：40%Sn：加工费：云南（日）,国内锡矿产量,57.77,ID00299777,模糊待人工确认,Y
THS-SN-3.1.5,SN,13,海外锡矿加工费TC时序图,wr199|sn_71_tc|sn_71_tc_2|sn_71_tc_3|sn_72_tc,54.74|48.15|48.15|48.15|48.15,锡冶炼厂加工费|锡精矿：40%Sn：加工费：云南（日）|锡精矿：40%Sn：加工费：云南（日）|锡精矿：40%Sn：加工费：云南（日）|锡精矿：40%Sn：加工费：云南（日）,锡冶炼厂加工费,54.74,a10000748,模糊待人工确认,Y
THS-SN-3.1.5,SN,14,分国别锡矿加工费TC时序图,wr199|sn_71_tc|sn_71_tc_2|sn_71_tc_3|sn_72_tc,52.0|46.42|46.42|46.42|46.42,锡冶炼厂加工费|锡精矿：40%Sn：加工费：云南（日）|锡精矿：40%Sn：加工费：云南（日）|锡精矿：40%Sn：加工费：云南（日）|锡精矿：40%Sn：加工费：云南（日）,锡冶炼厂加工费,52.0,a10000748,模糊待人工确认,Y
THS-SN-3.1.5,SN,15,锡矿加工费TC分地区时序图,wr199|sn_71_tc|sn_71_tc_2|sn_71_tc_3|sn_72_tc,52.0|46.42|46.42|46.42|46.42,锡冶炼厂加工费|锡精矿：40%Sn：加工费：云南（日）|锡精矿：40%Sn：加工费：云南（日）|锡精矿：40%Sn：加工费：云南（日）|锡精矿：40%Sn：加工费：云南（日）,锡冶炼厂加工费,52.0,a10000748,模糊待人工确认,Y
THS-SN-3.1.5,SN,16,缅甸锡矿加工费TC时序图,wr199|sn_71_tc|sn_71_tc_2|sn_71_tc_3|sn_72_tc,54.74|48.15|48.15|48.15|48.15,锡冶炼厂加工费|锡精矿：40%Sn：加工费：云南（日）|锡精矿：40%Sn：加工费：云南（日）|锡精矿：40%Sn：加工费：云南（日）|锡精矿：40%Sn：加工费：云南（日）,锡冶炼厂加工费,54.74,a10000748,模糊待人工确认,Y
THS-SN-3.2.1,SN,0,国内精炼锡产量（万吨）,wr187|wr198|wr196|wr200|wr195,100.0|100.0|92.86|86.67|76.47,国内锡矿产量|国内锡锭产量|国内再生锡产量|国内初级锡材产量|中国精炼锡进口量变化,国内锡矿产量,100.0,ID00299777,高置信,Y
THS-SN-3.2.1,SN,1,国内锡精矿产量（万吨）,wr187|wr198|wr188|wr196|wr200,100|100.0|92.86|92.86|86.67,国内锡矿产量|国内锡锭产量|国内锡矿进口量|国内再生锡产量|国内初级锡材产量,国内锡矿产量,100,ID00299777,高置信,Y
THS-SN-3.2.1,SN,2,海外精炼锡产量（万吨）,wr183|sn_311_output|sn_321_output|sn_323_output_recycle|sn_323_output_recycle_3,69.33|68.42|68.42|68.42|68.42,巴西精炼锡出口量|精炼锡：产量：印尼：天马（季）|精炼锡：产量：印尼：天马（季）|精炼锡：产量：印尼：天马（季）|精炼锡：产量：印尼：天马（季）,巴西精炼锡出口量,69.33,a12840345,模糊待人工确认,Y
THS-SN-3.2.1,SN,3,海外锡精矿产量（万吨）,sn_311_output_2|sn_311_output_3|sn_312_output_2|sn_312_output_ratio|sn_312_output_ratio_2,81.25|81.25|81.25|81.25|81.25,锡精矿：产量：中国（月）|锡精矿：产量：中国（月）|锡精矿：产量：中国（月）|锡精矿：产量：中国（月）|锡精矿：产量：中国（月）,锡精矿：产量：中国（月）,81.25,ID01590150,高置信,Y
THS-SN-3.2.1,SN,4,国内精炼锡开工率（%）,wr197|wr195|sn_71_cost|sn_71_cost_percentile|sn_71_cost_2,100|57.77|55.72|55.72|55.72,国内锡开工率|中国精炼锡进口量变化|精炼锡：成本（日）|精炼锡：成本（日）|精炼锡：成本（日）,国内锡开工率,100,a10113278,高置信,Y
THS-SN-3.2.1,SN,5,国内精炼锡产能利用率（%）,wr187|wr197|wr198|wr196|wr200,65.0|65.0|65.0|61.18|57.77,国内锡矿产量|国内锡开工率|国内锡锭产量|国内再生锡产量|国内初级锡材产量,国内锡矿产量,65.0,ID00299777,模糊待人工确认,Y
THS-SN-3.2.1,SN,6,国内精炼锡检修量（万吨）,wr187|wr198|wr195|wr188|wr196,74.28|74.28|72.23|69.33|69.33,国内锡矿产量|国内锡锭产量|中国精炼锡进口量变化|国内锡矿进口量|国内再生锡产量,国内锡矿产量,74.28,ID00299777,高置信,Y
THS-SN-3.2.1,SN,7,国内精炼锡进口量（万吨）,wr188|wr195|wr192|wr193|wr183,100|100|86.67|86.67|81.25,国内锡矿进口量|中国精炼锡进口量变化|美国锡净进口量|韩国锡净进口量|巴西精炼锡出口量,国内锡矿进口量,100,a10003098,高置信,Y
THS-SN-3.2.1,SN,8,近3年同月产量均值（万吨）,wr136|wr138|si_321_output|si_323_output_recycle|si_312_output_2,37.5|37.5|35.29|35.29|35.29,三元材料 月度产量|钴酸锂 月度产量|工业硅精炼月产量|工业硅再生月产量|中国工业硅月产量,三元材料 月度产量,37.5,a10001951,无候选/低置信,Y
THS-SN-3.2.1,SN,9,近3年同月产量标准差（万吨）,wr172|wr136|wr138|si_321_output|si_323_output_recycle,42.11|35.29|35.29|33.33|33.33,沪锡近半年月差变化|三元材料 月度产量|钴酸锂 月度产量|工业硅精炼月产量|工业硅再生月产量,沪锡近半年月差变化,42.11,a12841510,模糊待人工确认,Y
THS-SN-3.2.1,SN,10,近3年同月开工率均值（%）,wr235|wr93|li_51_util_ternary|wr57|wr197,40.0|38.1|37.5|37.5|37.5,硅片开工率|SMM 碳酸锂 月度开工率|三元材料开工率|氧化铝开工率|国内锡开工率,硅片开工率,40.0,a10169445,模糊待人工确认,Y
THS-SN-3.2.1,SN,11,近3年同月开工率标准差（%）,wr172|wr235|wr93|li_51_util_ternary|wr57,40.0|37.5|36.36|35.29|35.29,沪锡近半年月差变化|硅片开工率|SMM 碳酸锂 月度开工率|三元材料开工率|氧化铝开工率,沪锡近半年月差变化,40.0,a12841510,模糊待人工确认,Y
THS-SN-3.2.1,SN,12,国内精炼锡产量时序图,wr187|wr198|wr196|wr200|wr195,81.25|81.25|76.47|72.23|65.0,国内锡矿产量|国内锡锭产量|国内再生锡产量|国内初级锡材产量|中国精炼锡进口量变化,国内锡矿产量,81.25,ID00299777,高置信,Y
THS-SN-3.2.1,SN,13,海外精炼锡产量时序图,sn_311_output|sn_321_output|sn_323_output_recycle|sn_323_output_recycle_3|sn_323_output_recycle_4,59.09|59.09|59.09|59.09|59.09,精炼锡：产量：印尼：天马（季）|精炼锡：产量：印尼：天马（季）|精炼锡：产量：印尼：天马（季）|精炼锡：产量：印尼：天马（季）|精炼锡：产量：印尼：天马（季）,精炼锡：产量：印尼：天马（季）,59.09,ID01838775,模糊待人工确认,Y
THS-SN-3.2.1,SN,14,国内精炼锡开工率时序图,wr197|wr195|sn_71_cost|sn_71_cost_percentile|sn_71_cost_2,91.77|49.53|45.88|45.88|45.88,国内锡开工率|中国精炼锡进口量变化|精炼锡：成本（日）|精炼锡：成本（日）|精炼锡：成本（日）,国内锡开工率,91.77,a10113278,高置信,Y
THS-SN-3.2.1,SN,15,国内精炼锡产能利用率时序图,wr187|wr197|wr198|wr196|wr200,54.74|54.74|54.74|52.0|49.53,国内锡矿产量|国内锡开工率|国内锡锭产量|国内再生锡产量|国内初级锡材产量,国内锡矿产量,54.74,ID00299777,模糊待人工确认,Y
THS-SN-3.2.1,SN,16,国内精炼锡社会库存时序图,wr177|wr195|sn_43_inv|sn_43_inv_2|sn_71_cost,78.0|47.27|46.42|46.42|43.33,中国锡锭社会库存|中国精炼锡进口量变化|SMM: 锡锭社会库存: 上海: 周度|SMM: 锡锭社会库存: 上海: 周度|精炼锡：成本（日）,中国锡锭社会库存,78.0,a10020743,高置信,Y
THS-SN-3.2.2,SN,0,国内精炼锡开工率（%）,wr197|wr195|sn_71_cost|sn_71_cost_percentile|sn_71_cost_2,100|57.77|55.72|55.72|55.72,国内锡开工率|中国精炼锡进口量变化|精炼锡：成本（日）|精炼锡：成本（日）|精炼锡：成本（日）,国内锡开工率,100,a10113278,高置信,Y
THS-SN-3.2.2,SN,1,国内精炼锡检修量（万吨）,wr187|wr198|wr195|wr188|wr196,74.28|74.28|72.23|69.33|69.33,国内锡矿产量|国内锡锭产量|中国精炼锡进口量变化|国内锡矿进口量|国内再生锡产量,国内锡矿产量,74.28,ID00299777,高置信,Y
THS-SN-3.2.2,SN,2,国内精炼锡产能利用率（%）,wr187|wr197|wr198|wr196|wr200,65.0|65.0|65.0|61.18|57.77,国内锡矿产量|国内锡开工率|国内锡锭产量|国内再生锡产量|国内初级锡材产量,国内锡矿产量,65.0,ID00299777,模糊待人工确认,Y
THS-SN-3.2.2,SN,3,国内精炼锡开工天数（天）,wr197|wr195|sn_71_cost|sn_71_cost_percentile|sn_71_cost_2,86.67|54.74|52.0|52.0|52.0,国内锡开工率|中国精炼锡进口量变化|精炼锡：成本（日）|精炼锡：成本（日）|精炼锡：成本（日）,国内锡开工率,86.67,a10113278,高置信,Y
THS-SN-3.2.2,SN,4,海外精炼锡开工率（%）,wr197|sn_71_cost|sn_71_cost_percentile|sn_71_cost_2|sn_71_cost_3,74.28|55.72|55.72|55.72|55.72,国内锡开工率|精炼锡：成本（日）|精炼锡：成本（日）|精炼锡：成本（日）|精炼锡：成本（日）,国内锡开工率,74.28,a10113278,高置信,Y
THS-SN-3.2.2,SN,5,海外精炼锡检修量（万吨）,wr183|wr182|wr184|wr195|sn_71_cost,65.0|57.77|57.77|57.77|55.72,巴西精炼锡出口量|印尼精炼锡出口量变化|马来西亚精炼锡出口量|中国精炼锡进口量变化|精炼锡：成本（日）,巴西精炼锡出口量,65.0,a12840345,模糊待人工确认,Y
THS-SN-3.2.2,SN,6,国内精炼锡产能（万吨）,wr187|wr198|wr196|wr200|wr195,80.0|80.0|74.28|69.33|61.18,国内锡矿产量|国内锡锭产量|国内再生锡产量|国内初级锡材产量|中国精炼锡进口量变化,国内锡矿产量,80.0,ID00299777,高置信,Y
THS-SN-3.2.2,SN,7,近3年同月开工率均值（%）,wr235|wr93|li_51_util_ternary|wr57|wr197,40.0|38.1|37.5|37.5|37.5,硅片开工率|SMM 碳酸锂 月度开工率|三元材料开工率|氧化铝开工率|国内锡开工率,硅片开工率,40.0,a10169445,模糊待人工确认,Y
THS-SN-3.2.2,SN,8,近3年同月开工率标准差（%）,wr172|wr235|wr93|li_51_util_ternary|wr57,40.0|37.5|36.36|35.29|35.29,沪锡近半年月差变化|硅片开工率|SMM 碳酸锂 月度开工率|三元材料开工率|氧化铝开工率,沪锡近半年月差变化,40.0,a12841510,模糊待人工确认,Y
THS-SN-3.2.2,SN,9,近3年同月检修量均值（万吨）,wr172|wr21|al_23_lme_oi|al_23_lme_volume|ni_21_volume_top20,31.58|28.57|25.0|25.0|25.0,沪锡近半年月差变化|SHFE铝近3月虚实比|LME：铝：3个月合约：持仓量（日）|LME：铝：3个月合约：成交量（日）|LME：镍：3个月合约：成交量（日）,沪锡近半年月差变化,31.58,a12841510,无候选/低置信,Y
THS-SN-3.2.2,SN,10,近3年同月检修量标准差（万吨）,wr172|wr21|al_23_lme_oi|al_23_lme_volume|ni_21_volume_top20,40.0|27.27|24.0|24.0|24.0,沪锡近半年月差变化|SHFE铝近3月虚实比|LME：铝：3个月合约：持仓量（日）|LME：铝：3个月合约：成交量（日）|LME：镍：3个月合约：成交量（日）,沪锡近半年月差变化,40.0,a12841510,模糊待人工确认,Y
THS-SN-3.2.2,SN,11,缅甸精炼锡开工率（%）,wr197|sn_71_cost|sn_71_cost_percentile|sn_71_cost_2|sn_71_cost_3,74.28|55.72|55.72|55.72|55.72,国内锡开工率|精炼锡：成本（日）|精炼锡：成本（日）|精炼锡：成本（日）|精炼锡：成本（日）,国内锡开工率,74.28,a10113278,高置信,Y
THS-SN-3.2.2,SN,12,印尼精炼锡开工率（%）,wr197|wr182|sn_71_cost|sn_71_cost_percentile|sn_71_cost_2,74.28|72.23|55.72|55.72|55.72,国内锡开工率|印尼精炼锡出口量变化|精炼锡：成本（日）|精炼锡：成本（日）|精炼锡：成本（日）,国内锡开工率,74.28,a10113278,高置信,Y
THS-SN-3.2.2,SN,13,俄罗斯精炼锡开工率（%）,wr197|sn_71_cost|sn_71_cost_percentile|sn_71_cost_2|sn_71_cost_3,69.33|52.0|52.0|52.0|52.0,国内锡开工率|精炼锡：成本（日）|精炼锡：成本（日）|精炼锡：成本（日）|精炼锡：成本（日）,国内锡开工率,69.33,a10113278,模糊待人工确认,Y
THS-SN-3.2.2,SN,14,国内精炼锡检修量时序图,wr195|wr187|wr198|wr188|wr196,61.91|61.18|61.18|57.77|57.77,中国精炼锡进口量变化|国内锡矿产量|国内锡锭产量|国内锡矿进口量|国内再生锡产量,中国精炼锡进口量变化,61.91,a12749487,模糊待人工确认,Y
THS-SN-3.2.2,SN,15,海外精炼锡开工率时序图,wr197|sn_71_cost|sn_71_cost_percentile|sn_71_cost_2|sn_71_cost_3,61.18|45.88|45.88|45.88|45.88,国内锡开工率|精炼锡：成本（日）|精炼锡：成本（日）|精炼锡：成本（日）|精炼锡：成本（日）,国内锡开工率,61.18,a10113278,模糊待人工确认,Y
THS-SN-3.2.2,SN,16,海外精炼锡检修量时序图,wr183|wr182|wr184|wr195|sn_71_cost,54.74|49.53|49.53|49.53|45.88,巴西精炼锡出口量|印尼精炼锡出口量变化|马来西亚精炼锡出口量|中国精炼锡进口量变化|精炼锡：成本（日）,巴西精炼锡出口量,54.74,a12840345,模糊待人工确认,Y
THS-SN-3.2.2,SN,17,国内精炼锡开工天数时序图,wr197|wr195|sn_311_output|sn_321_output|sn_323_output_recycle,72.23|47.27|43.33|43.33|43.33,国内锡开工率|中国精炼锡进口量变化|精炼锡：产量：印尼：天马（季）|精炼锡：产量：印尼：天马（季）|精炼锡：产量：印尼：天马（季）,国内锡开工率,72.23,a10113278,高置信,Y
THS-SN-3.2.2,SN,18,国内精炼锡产能时序图,wr187|wr198|wr196|wr200|wr195,65.0|65.0|61.18|57.77|52.0,国内锡矿产量|国内锡锭产量|国内再生锡产量|国内初级锡材产量|中国精炼锡进口量变化,国内锡矿产量,65.0,ID00299777,模糊待人工确认,Y
THS-SN-3.2.3,SN,0,再生锡产量（万吨）,wr196|wr187|wr198|wr200|sn_311_output_2,92.86|70.91|70.91|59.99|55.72,国内再生锡产量|国内锡矿产量|国内锡锭产量|国内初级锡材产量|锡精矿：产量：中国（月）,国内再生锡产量,92.86,a12731582,高置信,Y
THS-SN-3.2.3,SN,1,再生锡进口量（万吨）,wr188|wr190|wr191|wr192|wr193,80.0|80.0|80.0|80.0|80.0,国内锡矿进口量|印度锡净进口量|日本锡净进口量|美国锡净进口量|韩国锡净进口量,国内锡矿进口量,80.0,a10003098,高置信,Y
THS-SN-3.2.3,SN,2,再生锡开工率（%）,wr197|wr196|sn_71_util|sn_321_util|sn_321_util_2,86.67|59.99|57.77|54.74|54.74,国内锡开工率|国内再生锡产量|锡：冶炼厂：开工率：中国（月）|锡：加工企业：开工率：中国（月）|锡：加工企业：开工率：中国（月）,国内锡开工率,86.67,a10113278,高置信,Y
THS-SN-3.2.3,SN,3,再生锡检修量（万吨）,wr196|wr171|wr187|wr198|wr188,80.0|43.33|43.33|43.33|40.0,国内再生锡产量|沪锡总持仓量|国内锡矿产量|国内锡锭产量|国内锡矿进口量,国内再生锡产量,80.0,a12731582,高置信,Y
THS-SN-3.2.3,SN,4,再生锡产能利用率（%）,wr196|sn_312_output_3|sn_72_idx|wr174|wr187,69.33|43.33|37.14|37.14|37.14,国内再生锡产量|锡矿：产量：澳大利亚（季）|冶炼锡：毛利（日）|锡锭进口利润|国内锡矿产量,国内再生锡产量,69.33,a12731582,模糊待人工确认,Y
THS-SN-3.2.3,SN,5,再生锡开工天数（天）,wr197|wr196|sn_71_util|sn_321_util|sn_321_util_2,59.99|55.72|41.05|39.0|39.0,国内锡开工率|国内再生锡产量|锡：冶炼厂：开工率：中国（月）|锡：加工企业：开工率：中国（月）|锡：加工企业：开工率：中国（月）,国内锡开工率,59.99,a10113278,模糊待人工确认,Y
THS-SN-3.2.3,SN,6,缅甸再生锡产能（万吨）,wr196|wr189|wr187|wr198|wr200,74.28|45.88|40.0|40.0|34.67,国内再生锡产量|缅甸进口至我国锡矿量|国内锡矿产量|国内锡锭产量|国内初级锡材产量,国内再生锡产量,74.28,a12731582,高置信,Y
THS-SN-3.2.3,SN,7,印尼再生锡产能（万吨）,wr196|wr181|wr182|wr187|wr198,74.28|45.88|45.88|40.0|40.0,国内再生锡产量|印尼交易所锡锭成交量|印尼精炼锡出口量变化|国内锡矿产量|国内锡锭产量,国内再生锡产量,74.28,a12731582,高置信,Y
THS-SN-3.2.3,SN,8,国内再生锡产能（万吨）,wr196|wr187|wr198|wr200|wr197,100|80.0|80.0|69.33|59.99,国内再生锡产量|国内锡矿产量|国内锡锭产量|国内初级锡材产量|国内锡开工率,国内再生锡产量,100,a12731582,高置信,Y
THS-SN-3.2.3,SN,9,近3年同月产量均值（万吨）,wr136|wr138|si_321_output|si_323_output_recycle|si_312_output_2,37.5|37.5|35.29|35.29|35.29,三元材料 月度产量|钴酸锂 月度产量|工业硅精炼月产量|工业硅再生月产量|中国工业硅月产量,三元材料 月度产量,37.5,a10001951,无候选/低置信,Y
THS-SN-3.2.3,SN,10,近3年同月产量标准差（万吨）,wr172|wr136|wr138|si_321_output|si_323_output_recycle,42.11|35.29|35.29|33.33|33.33,沪锡近半年月差变化|三元材料 月度产量|钴酸锂 月度产量|工业硅精炼月产量|工业硅再生月产量,沪锡近半年月差变化,42.11,a12841510,模糊待人工确认,Y
THS-SN-3.2.3,SN,11,近3年同月开工率均值（%）,wr235|wr93|li_51_util_ternary|wr57|wr197,40.0|38.1|37.5|37.5|37.5,硅片开工率|SMM 碳酸锂 月度开工率|三元材料开工率|氧化铝开工率|国内锡开工率,硅片开工率,40.0,a10169445,模糊待人工确认,Y
THS-SN-3.2.3,SN,12,近3年同月开工率标准差（%）,wr172|wr235|wr93|li_51_util_ternary|wr57,40.0|37.5|36.36|35.29|35.29,沪锡近半年月差变化|硅片开工率|SMM 碳酸锂 月度开工率|三元材料开工率|氧化铝开工率,沪锡近半年月差变化,40.0,a12841510,模糊待人工确认,Y
THS-SN-3.2.3,SN,13,近3年同月进口量均值（万吨）,wr144|si_321_import|si_321_import_2|si_314_by_country_import|si_314_by_country_import_2,44.44|42.11|42.11|40.0|40.0,碳酸锂 月度进口量|工业硅精炼月进口量|工业硅精炼月进口量|工业硅月进口量分国别|工业硅月进口量分国别,碳酸锂 月度进口量,44.44,a10006557,模糊待人工确认,Y
THS-SN-3.2.3,SN,14,近3年同月进口量标准差（万吨）,wr144|si_321_import|si_321_import_2|wr172|si_314_by_country_import,42.11|40.0|40.0|40.0|38.1,碳酸锂 月度进口量|工业硅精炼月进口量|工业硅精炼月进口量|沪锡近半年月差变化|工业硅月进口量分国别,碳酸锂 月度进口量,42.11,a10006557,模糊待人工确认,Y
THS-SN-3.2.3,SN,15,缅甸再生锡产量（万吨）,wr196|wr189|wr187|wr198|wr200,92.86|61.18|59.99|59.99|52.0,国内再生锡产量|缅甸进口至我国锡矿量|国内锡矿产量|国内锡锭产量|国内初级锡材产量,国内再生锡产量,92.86,a12731582,高置信,Y
THS-SN-3.2.3,SN,16,印尼再生锡产量（万吨）,wr196|wr181|wr182|wr187|wr198,92.86|61.18|61.18|59.99|59.99,国内再生锡产量|印尼交易所锡锭成交量|印尼精炼锡出口量变化|国内锡矿产量|国内锡锭产量,国内再生锡产量,92.86,a12731582,高置信,Y
THS-SN-3.2.3,SN,17,国内再生锡产量（万吨）,wr187|wr196|wr198|wr200|wr188,100.0|100|100.0|86.67|74.28,国内锡矿产量|国内再生锡产量|国内锡锭产量|国内初级锡材产量|国内锡矿进口量,国内锡矿产量,100.0,ID00299777,高置信,Y
THS-SN-3.2.3,SN,18,再生锡产量时序图,wr196|wr187|wr198|wr200|sn_311_output_2,86.67|55.72|55.72|48.75|45.88,国内再生锡产量|国内锡矿产量|国内锡锭产量|国内初级锡材产量|锡精矿：产量：中国（月）,国内再生锡产量,86.67,a12731582,高置信,Y
THS-SN-3.2.3,SN,19,再生锡进口量时序图,wr188|wr190|wr191|wr192|wr193,65.0|65.0|65.0|65.0|65.0,国内锡矿进口量|印度锡净进口量|日本锡净进口量|美国锡净进口量|韩国锡净进口量,国内锡矿进口量,65.0,a10003098,模糊待人工确认,Y
THS-SN-3.2.3,SN,20,再生锡开工率时序图,wr197|sn_71_util|wr196|sn_321_util|sn_321_util_2,69.33|49.53|48.75|47.27|47.27,国内锡开工率|锡：冶炼厂：开工率：中国（月）|国内再生锡产量|锡：加工企业：开工率：中国（月）|锡：加工企业：开工率：中国（月）,国内锡开工率,69.33,a10113278,模糊待人工确认,Y
THS-SN-3.2.3,SN,21,再生锡检修量时序图,wr196|wr171|wr187|wr198|wr188,65.0|34.67|34.67|34.67|32.5,国内再生锡产量|沪锡总持仓量|国内锡矿产量|国内锡锭产量|国内锡矿进口量,国内再生锡产量,65.0,a12731582,模糊待人工确认,Y
THS-SN-3.2.3,SN,22,再生锡产能利用率时序图,wr196|sn_312_output_3|sn_72_idx|wr174|wr187,57.77|37.14|30.59|30.59|30.59,国内再生锡产量|锡矿：产量：澳大利亚（季）|冶炼锡：毛利（日）|锡锭进口利润|国内锡矿产量,国内再生锡产量,57.77,a12731582,模糊待人工确认,Y
THS-SN-3.2.4,SN,0,国内精炼锡冶炼利润（元/吨）,wr195|sn_71_cost|sn_71_cost_percentile|sn_71_cost_2|sn_71_cost_3,54.74|52.0|52.0|52.0|52.0,中国精炼锡进口量变化|精炼锡：成本（日）|精炼锡：成本（日）|精炼锡：成本（日）|精炼锡：成本（日）,中国精炼锡进口量变化,54.74,a12749487,模糊待人工确认,Y
THS-SN-3.2.4,SN,1,国内精炼锡开工率（%）,wr197|wr195|sn_71_cost|sn_71_cost_percentile|sn_71_cost_2,100|57.77|55.72|55.72|55.72,国内锡开工率|中国精炼锡进口量变化|精炼锡：成本（日）|精炼锡：成本（日）|精炼锡：成本（日）,国内锡开工率,100,a10113278,高置信,Y
THS-SN-3.2.4,SN,2,海外精炼锡冶炼利润（元/吨）,sn_71_cost|sn_71_cost_percentile|sn_71_cost_2|sn_71_cost_3|sn_72_idx,52.0|52.0|52.0|52.0|52.0,精炼锡：成本（日）|精炼锡：成本（日）|精炼锡：成本（日）|精炼锡：成本（日）|冶炼锡：毛利（日）,精炼锡：成本（日）,52.0,ID02105843,模糊待人工确认,Y
THS-SN-3.2.4,SN,3,海外精炼锡开工率（%）,wr197|sn_71_cost|sn_71_cost_percentile|sn_71_cost_2|sn_71_cost_3,74.28|55.72|55.72|55.72|55.72,国内锡开工率|精炼锡：成本（日）|精炼锡：成本（日）|精炼锡：成本（日）|精炼锡：成本（日）,国内锡开工率,74.28,a10113278,高置信,Y
THS-SN-3.2.4,SN,4,缅甸锡矿冶炼利润（元/吨）,wr189|sn_72_idx|wr174|wr199|sn_312_output_3,57.77|55.72|55.72|52.0|43.33,缅甸进口至我国锡矿量|冶炼锡：毛利（日）|锡锭进口利润|锡冶炼厂加工费|锡矿：产量：澳大利亚（季）,缅甸进口至我国锡矿量,57.77,a10154831,模糊待人工确认,Y
THS-SN-3.2.4,SN,5,缅甸锡矿加工费TC（美元/吨）,wr199|wr189|sn_71_tc|sn_71_tc_2|sn_71_tc_3,65.0|54.74|54.17|54.17|54.17,锡冶炼厂加工费|缅甸进口至我国锡矿量|锡精矿：40%Sn：加工费：云南（日）|锡精矿：40%Sn：加工费：云南（日）|锡精矿：40%Sn：加工费：云南（日）,锡冶炼厂加工费,65.0,a10000748,模糊待人工确认,Y
THS-SN-3.2.4,SN,6,缅甸精炼锡冶炼利润（元/吨）,sn_71_cost|sn_71_cost_percentile|sn_71_cost_2|sn_71_cost_3|sn_72_idx,52.0|52.0|52.0|52.0|52.0,精炼锡：成本（日）|精炼锡：成本（日）|精炼锡：成本（日）|精炼锡：成本（日）|冶炼锡：毛利（日）,精炼锡：成本（日）,52.0,ID02105843,模糊待人工确认,Y
THS-SN-3.2.4,SN,7,印尼精炼锡冶炼利润（元/吨）,wr182|sn_71_cost|sn_71_cost_percentile|sn_71_cost_2|sn_71_cost_3,68.42|52.0|52.0|52.0|52.0,印尼精炼锡出口量变化|精炼锡：成本（日）|精炼锡：成本（日）|精炼锡：成本（日）|精炼锡：成本（日）,印尼精炼锡出口量变化,68.42,a12820786,模糊待人工确认,Y
THS-SN-3.2.4,SN,8,近3年同月冶炼利润均值（元/吨）,si_25_profit_smelt|si_25_profit_smelt_2|li_25_profit_smelt|sn_72_idx|wr172,44.44|44.44|42.11|35.29|30.0,工业硅冶炼利润|工业硅冶炼利润|氢氧化锂冶炼利润|冶炼锡：毛利（日）|沪锡近半年月差变化,工业硅冶炼利润,44.44,ID01528164,模糊待人工确认,Y
THS-SN-3.2.4,SN,9,近3年同月冶炼利润标准差（元/吨）,si_25_profit_smelt|si_25_profit_smelt_2|li_25_profit_smelt|wr172|sn_72_idx,42.11|42.11|40.0|38.1|33.33,工业硅冶炼利润|工业硅冶炼利润|氢氧化锂冶炼利润|沪锡近半年月差变化|冶炼锡：毛利（日）,工业硅冶炼利润,42.11,ID01528164,模糊待人工确认,Y
THS-SN-3.2.4,SN,10,锡锭冶炼利润（元/吨）,wr174|sn_72_idx|wr199|sn_71_util|wr198,86.67|65.0|59.99|43.33|43.33,锡锭进口利润|冶炼锡：毛利（日）|锡冶炼厂加工费|锡：冶炼厂：开工率：中国（月）|国内锡锭产量,锡锭进口利润,86.67,ID01590826,高置信,Y
THS-SN-3.2.4,SN,11,再生锡冶炼利润（元/吨）,sn_72_idx|wr174|wr196|wr199|sn_71_util,59.99|59.99|55.72|55.72|41.05,冶炼锡：毛利（日）|锡锭进口利润|国内再生锡产量|锡冶炼厂加工费|锡：冶炼厂：开工率：中国（月）,冶炼锡：毛利（日）,59.99,ID02105841,模糊待人工确认,Y
THS-SN-3.2.4,SN,12,国内精炼锡冶炼利润估值分位（%）,wr195|sn_71_cost|sn_71_cost_percentile|sn_71_cost_2|sn_71_cost_3,45.21|41.05|41.05|41.05|41.05,中国精炼锡进口量变化|精炼锡：成本（日）|精炼锡：成本（日）|精炼锡：成本（日）|精炼锡：成本（日）,中国精炼锡进口量变化,45.21,a12749487,模糊待人工确认,Y
THS-SN-3.2.4,SN,13,国内精炼锡冶炼利润时序图,wr195|sn_71_cost|sn_71_cost_percentile|sn_71_cost_2|sn_71_cost_3,47.27|43.33|43.33|43.33|43.33,中国精炼锡进口量变化|精炼锡：成本（日）|精炼锡：成本（日）|精炼锡：成本（日）|精炼锡：成本（日）,中国精炼锡进口量变化,47.27,a12749487,模糊待人工确认,Y
THS-SN-3.2.4,SN,14,海外精炼锡冶炼利润时序图,sn_71_cost|sn_71_cost_percentile|sn_71_cost_2|sn_71_cost_3|sn_72_idx,43.33|43.33|43.33|43.33|43.33,精炼锡：成本（日）|精炼锡：成本（日）|精炼锡：成本（日）|精炼锡：成本（日）|冶炼锡：毛利（日）,精炼锡：成本（日）,43.33,ID02105843,模糊待人工确认,Y
THS-SN-3.2.4,SN,15,锡锭冶炼利润时序图,wr174|sn_72_idx|wr199|sn_71_util|wr198,69.33|52.0|48.75|37.14|34.67,锡锭进口利润|冶炼锡：毛利（日）|锡冶炼厂加工费|锡：冶炼厂：开工率：中国（月）|国内锡锭产量,锡锭进口利润,69.33,ID01590826,模糊待人工确认,Y
THS-SN-3.2.4,SN,16,再生锡冶炼利润时序图,sn_72_idx|wr174|wr196|wr199|sn_71_util,48.75|48.75|45.88|45.88|35.45,冶炼锡：毛利（日）|锡锭进口利润|国内再生锡产量|锡冶炼厂加工费|锡：冶炼厂：开工率：中国（月）,冶炼锡：毛利（日）,48.75,ID02105841,模糊待人工确认,Y
THS-SN-3.2.4,SN,17,缅甸锡矿冶炼利润时序图,wr189|sn_72_idx|wr174|wr199|sn_312_output_3,49.53|45.88|45.88|43.33|37.14,缅甸进口至我国锡矿量|冶炼锡：毛利（日）|锡锭进口利润|锡冶炼厂加工费|锡矿：产量：澳大利亚（季）,缅甸进口至我国锡矿量,49.53,a10154831,模糊待人工确认,Y
THS-SN-4.1,SN,0,沪锡交易所库存（手）,wr177|wr179|wr181|sn_23_shfe_inv|wr170,52.0|48.75|45.88|43.33|40.0,中国锡锭社会库存|锡全球显性库存变化|印尼交易所锡锭成交量|SHFE：锡：期货库存（日）|沪锡价格走势,中国锡锭社会库存,52.0,a10020743,模糊待人工确认,Y
THS-SN-4.1,SN,1,LME锡交易所库存（手）,sn_23_lme_inv|sn_41_lme_inv|wr168|sn_41_warrant|sn_42_ratio,67.82|67.82|65.0|54.74|54.74,LME：锡：原产国库存：埃及（月）|LME：锡：原产国库存：埃及（月）|LME锡升贴水|LME：锡：注销仓单（日）|LME：锡：注销占比（日）,LME：锡：原产国库存：埃及（月）,67.82,ID02226171,模糊待人工确认,Y
THS-SN-4.1,SN,2,沪锡仓单注册量（手）,wr171|sn_41_warrant|sn_42_warrant|sn_42_warrant_2|wr170,80.0|45.88|45.88|45.88|40.0,沪锡总持仓量|LME：锡：注销仓单（日）|LME：锡：注册仓单（日）|LME：锡：注册仓单（日）|沪锡价格走势,沪锡总持仓量,80.0,a10177562,高置信,Y
THS-SN-4.1,SN,3,沪锡注销仓单量（手）,wr171|sn_41_warrant|sn_42_warrant|sn_42_warrant_2|sn_42_ratio,80.0|76.47|61.18|61.18|45.88,沪锡总持仓量|LME：锡：注销仓单（日）|LME：锡：注册仓单（日）|LME：锡：注册仓单（日）|LME：锡：注销占比（日）,沪锡总持仓量,80.0,a10177562,高置信,Y
THS-SN-4.1,SN,4,沪锡主力合约收盘价（元/吨）,sn_21_close_front|sn_23_lme_close_3m|sn_21_close|sn_21_close_2|sn_23_lme_close,82.73|72.23|59.09|59.09|59.09,SHFE：锡：主力合约：收盘价（日）|锡：3个月合约：收盘价（日）|SHFE：锡：指数合约：收盘价（日）|SHFE：锡：指数合约：收盘价（日）|LME：锡：3个月合约：收盘价（日）,SHFE：锡：主力合约：收盘价（日）,82.73,FU00016042,高置信,Y
THS-SN-4.1,SN,5,沪锡仓单总量（手）,wr171|sn_41_warrant|sn_42_warrant|sn_42_warrant_2|wr170,78.0|55.72|55.72|55.72|52.0,沪锡总持仓量|LME：锡：注销仓单（日）|LME：锡：注册仓单（日）|LME：锡：注册仓单（日）|沪锡价格走势,沪锡总持仓量,78.0,a10177562,高置信,Y
THS-SN-4.1,SN,6,近3年同月库存均值（手）,SHFE库存|wr172|社库|li_43_inv_struct|li_43_inv_struct_2,33.33|33.33|30.77|30.77|30.77,上期所库存|沪锡近半年月差变化|社会库存|库存结构|库存结构,上期所库存,33.33,FU00014953,无候选/低置信,Y
THS-SN-4.1,SN,7,近3年同月库存标准差（手）,wr172|SHFE库存|社库|li_43_inv_struct|li_43_inv_struct_2,42.11|30.77|28.57|28.57|28.57,沪锡近半年月差变化|上期所库存|社会库存|库存结构|库存结构,沪锡近半年月差变化,42.11,a12841510,模糊待人工确认,Y
THS-SN-4.1,SN,8,沪锡在途库存（手）,wr177|wr179|sn_23_shfe_inv|wr170|wr171,55.72|52.0|45.88|43.33|43.33,中国锡锭社会库存|锡全球显性库存变化|SHFE：锡：期货库存（日）|沪锡价格走势|沪锡总持仓量,中国锡锭社会库存,55.72,a10020743,模糊待人工确认,Y
THS-SN-4.1,SN,9,沪锡隐性库存（手）,wr179|wr177|sn_23_shfe_inv|wr170|wr171,69.33|55.72|45.88|43.33|43.33,锡全球显性库存变化|中国锡锭社会库存|SHFE：锡：期货库存（日）|沪锡价格走势|沪锡总持仓量,锡全球显性库存变化,69.33,a12731428,模糊待人工确认,Y
THS-SN-4.1,SN,10,沪锡库存天数（天）,wr177|wr179|sn_23_shfe_inv|wr170|wr171,55.72|52.0|45.88|43.33|43.33,中国锡锭社会库存|锡全球显性库存变化|SHFE：锡：期货库存（日）|沪锡价格走势|沪锡总持仓量,中国锡锭社会库存,55.72,a10020743,模糊待人工确认,Y
THS-SN-4.1,SN,11,沪锡交易所库存时序图,wr177|wr179|wr181|sn_23_shfe_inv|sn_43_inv_plant,43.33|41.05|39.0|37.14|33.92,中国锡锭社会库存|锡全球显性库存变化|印尼交易所锡锭成交量|SHFE：锡：期货库存（日）|镀锡板（带）：钢铁企业：厂内库存（月）,中国锡锭社会库存,43.33,a10020743,模糊待人工确认,Y
THS-SN-4.1,SN,12,LME锡交易所库存时序图,sn_23_lme_inv|sn_41_lme_inv|wr168|sn_41_warrant|sn_42_ratio,59.99|59.99|54.74|47.27|47.27,LME：锡：原产国库存：埃及（月）|LME：锡：原产国库存：埃及（月）|LME锡升贴水|LME：锡：注销仓单（日）|LME：锡：注销占比（日）,LME：锡：原产国库存：埃及（月）,59.99,ID02226171,模糊待人工确认,Y
THS-SN-4.1,SN,13,沪锡仓单注册量时序图,wr171|sn_41_warrant|sn_42_warrant|sn_42_warrant_2|wr170,65.0|39.0|39.0|39.0|32.5,沪锡总持仓量|LME：锡：注销仓单（日）|LME：锡：注册仓单（日）|LME：锡：注册仓单（日）|沪锡价格走势,沪锡总持仓量,65.0,a10177562,模糊待人工确认,Y
THS-SN-4.1,SN,14,沪锡仓单总量时序图,wr171|sn_41_warrant|sn_42_warrant|sn_42_warrant_2|wr170,59.99|45.88|45.88|45.88|40.0,沪锡总持仓量|LME：锡：注销仓单（日）|LME：锡：注册仓单（日）|LME：锡：注册仓单（日）|沪锡价格走势,沪锡总持仓量,59.99,a10177562,模糊待人工确认,Y
THS-SN-4.1,SN,15,沪锡仓单注册量与LME锡仓单总量时序图,sn_41_warrant|sn_42_warrant|sn_42_warrant_2|wr171|wr168,57.77|57.77|57.77|45.21|43.33,LME：锡：注销仓单（日）|LME：锡：注册仓单（日）|LME：锡：注册仓单（日）|沪锡总持仓量|LME锡升贴水,LME：锡：注销仓单（日）,57.77,FU00015902,模糊待人工确认,Y
THS-SN-4.2,SN,0,沪锡仓单总量（手）,wr171|sn_41_warrant|sn_42_warrant|sn_42_warrant_2|wr170,78.0|55.72|55.72|55.72|52.0,沪锡总持仓量|LME：锡：注销仓单（日）|LME：锡：注册仓单（日）|LME：锡：注册仓单（日）|沪锡价格走势,沪锡总持仓量,78.0,a10177562,高置信,Y
THS-SN-4.2,SN,1,沪锡注销仓单量（手）,wr171|sn_41_warrant|sn_42_warrant|sn_42_warrant_2|sn_42_ratio,80.0|76.47|61.18|61.18|45.88,沪锡总持仓量|LME：锡：注销仓单（日）|LME：锡：注册仓单（日）|LME：锡：注册仓单（日）|LME：锡：注销占比（日）,沪锡总持仓量,80.0,a10177562,高置信,Y
THS-SN-4.2,SN,2,沪锡注销占比（%）,sn_42_ratio|sn_43_ratio|wr173|sn_41_warrant|wr170,81.25|81.25|52.0|48.75|43.33,LME：锡：注销占比（日）|LME：锡：注销占比（日）|锡沪伦比|LME：锡：注销仓单（日）|沪锡价格走势,LME：锡：注销占比（日）,81.25,FU00023901,高置信,Y
THS-SN-4.2,SN,3,沪锡仓单注册量（手）,wr171|sn_41_warrant|sn_42_warrant|sn_42_warrant_2|wr170,80.0|45.88|45.88|45.88|40.0,沪锡总持仓量|LME：锡：注销仓单（日）|LME：锡：注册仓单（日）|LME：锡：注册仓单（日）|沪锡价格走势,沪锡总持仓量,80.0,a10177562,高置信,Y
THS-SN-4.2,SN,4,LME锡仓单总量（手）,sn_41_warrant|sn_42_warrant|sn_42_warrant_2|wr168|sn_42_ratio,97.5|97.5|97.5|80.0|65.0,LME：锡：注销仓单（日）|LME：锡：注册仓单（日）|LME：锡：注册仓单（日）|LME锡升贴水|LME：锡：注销占比（日）,LME：锡：注销仓单（日）,97.5,FU00015902,高置信,Y
THS-SN-4.2,SN,5,沪锡在途仓单（手）,wr171|sn_41_warrant|sn_42_warrant|sn_42_warrant_2|wr170,65.0|48.75|48.75|48.75|43.33,沪锡总持仓量|LME：锡：注销仓单（日）|LME：锡：注册仓单（日）|LME：锡：注册仓单（日）|沪锡价格走势,沪锡总持仓量,65.0,a10177562,模糊待人工确认,Y
THS-SN-4.2,SN,6,沪锡隐性仓单（手）,wr171|sn_41_warrant|sn_42_warrant|sn_42_warrant_2|wr170,65.0|48.75|48.75|48.75|43.33,沪锡总持仓量|LME：锡：注销仓单（日）|LME：锡：注册仓单（日）|LME：锡：注册仓单（日）|沪锡价格走势,沪锡总持仓量,65.0,a10177562,模糊待人工确认,Y
THS-SN-4.2,SN,7,近3年同月仓单均值（手）,al_25_warrant_premium_avg_price|wr172|wr21|wr263|li_24_close_near_2,35.29|33.33|30.0|28.57|26.67,铝：仓单溢价均价（日）|沪锡近半年月差变化|SHFE铝近3月虚实比|不锈钢仓单|近月合约收盘价,铝：仓单溢价均价（日）,35.29,ID01172779,无候选/低置信,Y
THS-SN-4.2,SN,8,近3年同月仓单标准差（手）,wr172|wr21|wr263|al_23_lme_oi|li_24_close_near_2,42.11|28.57|26.67|25.0|25.0,沪锡近半年月差变化|SHFE铝近3月虚实比|不锈钢仓单|LME：铝：3个月合约：持仓量（日）|近月合约收盘价,沪锡近半年月差变化,42.11,a12841510,模糊待人工确认,Y
THS-SN-4.2,SN,9,沪锡主力合约收盘价（元/吨）,sn_21_close_front|sn_23_lme_close_3m|sn_21_close|sn_21_close_2|sn_23_lme_close,82.73|72.23|59.09|59.09|59.09,SHFE：锡：主力合约：收盘价（日）|锡：3个月合约：收盘价（日）|SHFE：锡：指数合约：收盘价（日）|SHFE：锡：指数合约：收盘价（日）|LME：锡：3个月合约：收盘价（日）,SHFE：锡：主力合约：收盘价（日）,82.73,FU00016042,高置信,Y
THS-SN-4.2,SN,10,沪锡注销仓单量时序图,sn_41_warrant|wr171|sn_42_warrant|sn_42_warrant_2|sn_42_ratio,65.0|65.0|52.0|52.0|39.0,LME：锡：注销仓单（日）|沪锡总持仓量|LME：锡：注册仓单（日）|LME：锡：注册仓单（日）|LME：锡：注销占比（日）,LME：锡：注销仓单（日）,65.0,FU00015902,模糊待人工确认,Y
THS-SN-4.2,SN,11,沪锡注销占比时序图,sn_42_ratio|sn_43_ratio|sn_41_warrant|wr173|wr170,68.42|68.42|41.05|40.0|34.67,LME：锡：注销占比（日）|LME：锡：注销占比（日）|LME：锡：注销仓单（日）|锡沪伦比|沪锡价格走势,LME：锡：注销占比（日）,68.42,FU00023901,模糊待人工确认,Y
THS-SN-4.2,SN,12,LME锡注销仓单量时序图,sn_41_warrant|sn_42_warrant|sn_42_warrant_2|sn_42_ratio|sn_43_ratio,94.55|82.73|82.73|70.91|70.91,LME：锡：注销仓单（日）|LME：锡：注册仓单（日）|LME：锡：注册仓单（日）|LME：锡：注销占比（日）|LME：锡：注销占比（日）,LME：锡：注销仓单（日）,94.55,FU00015902,高置信,Y
THS-SN-4.2,SN,13,LME锡注销仓单占比时序图,sn_41_warrant|sn_42_ratio|sn_43_ratio|sn_42_warrant|sn_42_warrant_2,90.44|90.44|90.44|79.13|79.13,LME：锡：注销仓单（日）|LME：锡：注销占比（日）|LME：锡：注销占比（日）|LME：锡：注册仓单（日）|LME：锡：注册仓单（日）,LME：锡：注销仓单（日）,90.44,FU00015902,高置信,Y
THS-SN-4.2,SN,14,沪锡仓单总量时序图,wr171|sn_41_warrant|sn_42_warrant|sn_42_warrant_2|wr170,59.99|45.88|45.88|45.88|40.0,沪锡总持仓量|LME：锡：注销仓单（日）|LME：锡：注册仓单（日）|LME：锡：注册仓单（日）|沪锡价格走势,沪锡总持仓量,59.99,a10177562,模糊待人工确认,Y
THS-SN-4.3,SN,0,国内社会库存总量（万吨）,wr177|社库|si_313_social_inv|li_22_social_inv|si_313_inv_social,71.43|66.67|61.54|61.54|61.54,中国锡锭社会库存|社会库存|工业硅社会库存|碳酸锂社会库存|工业硅社会库存,中国锡锭社会库存,71.43,a10020743,高置信,Y
THS-SN-4.3,SN,1,厂内库存（万吨）,li_44_inv_smelt|SHFE库存|si_43_inv|li_44_lc_inv_plant|wr130,66.67|57.14|54.55|54.55|54.55,冶炼厂库存总量|上期所库存|工业硅工厂库存总量|碳酸锂工厂库存总量|碳酸锂 工厂库存,冶炼厂库存总量,66.67,a10097626,模糊待人工确认,Y
THS-SN-4.3,SN,2,缅甸社会库存占比（%）,si_313_social_inv|li_22_social_inv|si_313_inv_social|wr227|社库,53.33|53.33|53.33|53.33|50.0,工业硅社会库存|碳酸锂社会库存|工业硅社会库存|工业硅社会库存(SMM)|社会库存,工业硅社会库存,53.33,a10020033,模糊待人工确认,Y
THS-SN-4.3,SN,3,印尼社会库存占比（%）,si_313_social_inv|li_22_social_inv|si_313_inv_social|wr227|社库,53.33|53.33|53.33|53.33|50.0,工业硅社会库存|碳酸锂社会库存|工业硅社会库存|工业硅社会库存(SMM)|社会库存,工业硅社会库存,53.33,a10020033,模糊待人工确认,Y
THS-SN-4.3,SN,4,国内社会库存占比（%）,wr177|si_313_social_inv|li_22_social_inv|si_313_inv_social|wr227,62.5|53.33|53.33|53.33|53.33,中国锡锭社会库存|工业硅社会库存|碳酸锂社会库存|工业硅社会库存|工业硅社会库存(SMM),中国锡锭社会库存,62.5,a10020743,模糊待人工确认,Y
THS-SN-4.3,SN,5,在途库存（万吨）,SHFE库存|社库|li_43_inv_struct|li_43_inv_struct_2|wr152,57.14|50.0|50.0|50.0|50.0,上期所库存|社会库存|库存结构|库存结构|锂矿 外采 在途库存,上期所库存,57.14,FU00014953,模糊待人工确认,Y
THS-SN-4.3,SN,6,隐性库存（万吨）,SHFE库存|社库|li_43_inv_struct|li_43_inv_struct_2|wr178,57.14|50.0|50.0|50.0|50.0,上期所库存|社会库存|库存结构|库存结构|国内隐形库存拟合,上期所库存,57.14,FU00014953,模糊待人工确认,Y
THS-SN-4.3,SN,7,社会库存天数（天）,社库|wr228|si_313_social_inv|li_22_social_inv|si_313_inv_social,66.67|62.5|61.54|61.54|61.54,社会库存|金属硅社会库存-天津港|工业硅社会库存|碳酸锂社会库存|工业硅社会库存,社会库存,66.67,ID01517441,模糊待人工确认,Y
THS-SN-4.3,SN,8,注销占比（%）,al_41_lme_warrant_ratio|sn_42_ratio|sn_43_ratio|i7|ni_42_ratio,40.0|40.0|40.0|33.33|30.77,LME：铝：注销占比（日）|LME：锡：注销占比（日）|LME：锡：注销占比（日）|LME铅注销仓单|LME：镍：注销占比：香港（日）,LME：铝：注销占比（日）,40.0,FU00023742,模糊待人工确认,Y
THS-SN-4.3,SN,9,近3年同周库存均值（万吨）,SHFE库存|wr125|wr126|wr128|社库,33.33|31.58|31.58|31.58|30.77,上期所库存|碳酸锂 周度库存:下游|碳酸锂 周度库存:其他|碳酸锂 周度库存:总计|社会库存,上期所库存,33.33,FU00014953,无候选/低置信,Y
THS-SN-4.3,SN,10,近3年同周库存标准差（万吨）,wr172|SHFE库存|wr125|wr126|wr128,31.58|30.77|30.0|30.0|30.0,沪锡近半年月差变化|上期所库存|碳酸锂 周度库存:下游|碳酸锂 周度库存:其他|碳酸锂 周度库存:总计,沪锡近半年月差变化,31.58,a12841510,无候选/低置信,Y
THS-SN-4.3,SN,11,沪锡主力合约收盘价（元/吨）,sn_21_close_front|sn_23_lme_close_3m|sn_21_close|sn_21_close_2|sn_23_lme_close,82.73|72.23|59.09|59.09|59.09,SHFE：锡：主力合约：收盘价（日）|锡：3个月合约：收盘价（日）|SHFE：锡：指数合约：收盘价（日）|SHFE：锡：指数合约：收盘价（日）|LME：锡：3个月合约：收盘价（日）,SHFE：锡：主力合约：收盘价（日）,82.73,FU00016042,高置信,Y
THS-SN-4.3,SN,12,缅甸社会库存（万吨）,社库|si_313_social_inv|li_22_social_inv|si_313_inv_social|wr227,66.67|61.54|61.54|61.54|61.54,社会库存|工业硅社会库存|碳酸锂社会库存|工业硅社会库存|工业硅社会库存(SMM),社会库存,66.67,ID01517441,模糊待人工确认,Y
THS-SN-4.3,SN,13,印尼社会库存（万吨）,社库|si_313_social_inv|li_22_social_inv|si_313_inv_social|wr227,66.67|61.54|61.54|61.54|61.54,社会库存|工业硅社会库存|碳酸锂社会库存|工业硅社会库存|工业硅社会库存(SMM),社会库存,66.67,ID01517441,模糊待人工确认,Y
THS-SN-4.3,SN,14,国内社会库存（万吨）,wr177|社库|si_313_social_inv|li_22_social_inv|si_313_inv_social,71.43|66.67|61.54|61.54|61.54,中国锡锭社会库存|社会库存|工业硅社会库存|碳酸锂社会库存|工业硅社会库存,中国锡锭社会库存,71.43,a10020743,高置信,Y
THS-SN-4.3,SN,15,国内社会库存总量时序图,wr177|si_313_social_inv|li_22_social_inv|si_313_inv_social|wr227,58.82|50.0|50.0|50.0|50.0,中国锡锭社会库存|工业硅社会库存|碳酸锂社会库存|工业硅社会库存|工业硅社会库存(SMM),中国锡锭社会库存,58.82,a10020743,模糊待人工确认,Y
THS-SN-4.3,SN,16,厂内库存时序图,wr151|li_44_inv_smelt|wr52|al_4_inv_aluminum_2|si_43_inv,53.33|50.0|50.0|44.44|42.86,锂矿 外采 厂内库存|冶炼厂库存总量|氧化铝厂内库存(除新疆)-钢联|电解铝：厂内库存：中国（日）|工业硅工厂库存总量,锂矿 外采 厂内库存,53.33,ID02069945,模糊待人工确认,Y
THS-SN-4.3,SN,17,国内社会库存分地区时序图,cu_43_social_stock_ec|wr177|si_313_social_inv|li_22_social_inv|si_313_inv_social,50.0|50.0|42.11|42.11|42.11,铜杆：社会库存：华东地区（日）|中国锡锭社会库存|工业硅社会库存|碳酸锂社会库存|工业硅社会库存,铜杆：社会库存：华东地区（日）,50.0,ID02041074,模糊待人工确认,Y
THS-SN-4.3,SN,18,国内社会库存与沪锡主力合约收盘价时序图,sn_21_close_front|wr177|sn_23_lme_close_3m|sn_21_close|sn_21_close_2,56.88|50.0|46.42|40.62|40.62,SHFE：锡：主力合约：收盘价（日）|中国锡锭社会库存|锡：3个月合约：收盘价（日）|SHFE：锡：指数合约：收盘价（日）|SHFE：锡：指数合约：收盘价（日）,SHFE：锡：主力合约：收盘价（日）,56.88,FU00016042,模糊待人工确认,Y
THS-SN-4.3,SN,19,国内社会库存天数时序图,wr177|wr228|si_313_social_inv|li_22_social_inv|si_313_inv_social,52.63|47.62|44.44|44.44|44.44,中国锡锭社会库存|金属硅社会库存-天津港|工业硅社会库存|碳酸锂社会库存|工业硅社会库存,中国锡锭社会库存,52.63,a10020743,模糊待人工确认,Y
THS-SN-4.4,SN,0,国内工厂库存总量（万吨）,si_43_inv|li_44_lc_inv_plant|wr130|wr178|li_44_inv_smelt,61.54|61.54|61.54|57.14|54.55,工业硅工厂库存总量|碳酸锂工厂库存总量|碳酸锂 工厂库存|国内隐形库存拟合|冶炼厂库存总量,工业硅工厂库存总量,61.54,a12811428,模糊待人工确认,Y
THS-SN-4.4,SN,1,厂内库存（万吨）,li_44_inv_smelt|SHFE库存|si_43_inv|li_44_lc_inv_plant|wr130,66.67|57.14|54.55|54.55|54.55,冶炼厂库存总量|上期所库存|工业硅工厂库存总量|碳酸锂工厂库存总量|碳酸锂 工厂库存,冶炼厂库存总量,66.67,a10097626,模糊待人工确认,Y
THS-SN-4.4,SN,2,缅甸厂内库存占比（%）,wr151|wr52|li_44_inv_smelt|al_4_inv_aluminum_2|si_43_inv,50.0|47.06|46.15|42.11|40.0,锂矿 外采 厂内库存|氧化铝厂内库存(除新疆)-钢联|冶炼厂库存总量|电解铝：厂内库存：中国（日）|工业硅工厂库存总量,锂矿 外采 厂内库存,50.0,ID02069945,模糊待人工确认,Y
THS-SN-4.4,SN,3,印尼厂内库存占比（%）,wr151|wr52|li_44_inv_smelt|al_4_inv_aluminum_2|si_43_inv,50.0|47.06|46.15|42.11|40.0,锂矿 外采 厂内库存|氧化铝厂内库存(除新疆)-钢联|冶炼厂库存总量|电解铝：厂内库存：中国（日）|工业硅工厂库存总量,锂矿 外采 厂内库存,50.0,ID02069945,模糊待人工确认,Y
THS-SN-4.4,SN,4,国内厂内库存占比（%）,al_43_inv_plant|wr151|wr178|wr52|li_44_inv_smelt,50.0|50.0|50.0|47.06|46.15,SMM: 国内电解铝厂内库存: 周度|锂矿 外采 厂内库存|国内隐形库存拟合|氧化铝厂内库存(除新疆)-钢联|冶炼厂库存总量,SMM: 国内电解铝厂内库存: 周度,50.0,a12820686,模糊待人工确认,Y
THS-SN-4.4,SN,5,在途库存（万吨）,SHFE库存|社库|li_43_inv_struct|li_43_inv_struct_2|wr152,57.14|50.0|50.0|50.0|50.0,上期所库存|社会库存|库存结构|库存结构|锂矿 外采 在途库存,上期所库存,57.14,FU00014953,模糊待人工确认,Y
THS-SN-4.4,SN,6,隐性库存（万吨）,SHFE库存|社库|li_43_inv_struct|li_43_inv_struct_2|wr178,57.14|50.0|50.0|50.0|50.0,上期所库存|社会库存|库存结构|库存结构|国内隐形库存拟合,上期所库存,57.14,FU00014953,模糊待人工确认,Y
THS-SN-4.4,SN,7,工厂库存天数（天）,li_44_inv|si_43_inv|li_44_lc_inv_plant|wr130|li_44_inv_smelt,66.67|61.54|61.54|61.54|54.55,碳酸锂工厂库存天数|工业硅工厂库存总量|碳酸锂工厂库存总量|碳酸锂 工厂库存|冶炼厂库存总量,碳酸锂工厂库存天数,66.67,a12805120,模糊待人工确认,Y
THS-SN-4.4,SN,8,注销占比（%）,al_41_lme_warrant_ratio|sn_42_ratio|sn_43_ratio|i7|ni_42_ratio,40.0|40.0|40.0|33.33|30.77,LME：铝：注销占比（日）|LME：锡：注销占比（日）|LME：锡：注销占比（日）|LME铅注销仓单|LME：镍：注销占比：香港（日）,LME：铝：注销占比（日）,40.0,FU00023742,模糊待人工确认,Y
THS-SN-4.4,SN,9,近3年同月库存均值（万吨）,SHFE库存|wr172|社库|li_43_inv_struct|li_43_inv_struct_2,33.33|33.33|30.77|30.77|30.77,上期所库存|沪锡近半年月差变化|社会库存|库存结构|库存结构,上期所库存,33.33,FU00014953,无候选/低置信,Y
THS-SN-4.4,SN,10,近3年同月库存标准差（万吨）,wr172|SHFE库存|社库|li_43_inv_struct|li_43_inv_struct_2,42.11|30.77|28.57|28.57|28.57,沪锡近半年月差变化|上期所库存|社会库存|库存结构|库存结构,沪锡近半年月差变化,42.11,a12841510,模糊待人工确认,Y
THS-SN-4.4,SN,11,沪锡主力合约收盘价（元/吨）,sn_21_close_front|sn_23_lme_close_3m|sn_21_close|sn_21_close_2|sn_23_lme_close,82.73|72.23|59.09|59.09|59.09,SHFE：锡：主力合约：收盘价（日）|锡：3个月合约：收盘价（日）|SHFE：锡：指数合约：收盘价（日）|SHFE：锡：指数合约：收盘价（日）|LME：锡：3个月合约：收盘价（日）,SHFE：锡：主力合约：收盘价（日）,82.73,FU00016042,高置信,Y
THS-SN-4.4,SN,12,缅甸厂内库存（万吨）,wr151|li_44_inv_smelt|wr52|al_4_inv_aluminum_2|si_43_inv,57.14|54.55|53.33|47.06|46.15,锂矿 外采 厂内库存|冶炼厂库存总量|氧化铝厂内库存(除新疆)-钢联|电解铝：厂内库存：中国（日）|工业硅工厂库存总量,锂矿 外采 厂内库存,57.14,ID02069945,模糊待人工确认,Y
THS-SN-4.4,SN,13,印尼厂内库存（万吨）,wr151|li_44_inv_smelt|wr52|al_4_inv_aluminum_2|si_43_inv,57.14|54.55|53.33|47.06|46.15,锂矿 外采 厂内库存|冶炼厂库存总量|氧化铝厂内库存(除新疆)-钢联|电解铝：厂内库存：中国（日）|工业硅工厂库存总量,锂矿 外采 厂内库存,57.14,ID02069945,模糊待人工确认,Y
THS-SN-4.4,SN,14,国内厂内库存（万吨）,wr151|wr178|al_43_inv_plant|li_44_inv_smelt|wr52,57.14|57.14|54.55|54.55|53.33,锂矿 外采 厂内库存|国内隐形库存拟合|SMM: 国内电解铝厂内库存: 周度|冶炼厂库存总量|氧化铝厂内库存(除新疆)-钢联,锂矿 外采 厂内库存,57.14,ID02069945,模糊待人工确认,Y
THS-SN-4.4,SN,15,厂内库存时序图,wr151|li_44_inv_smelt|wr52|al_4_inv_aluminum_2|si_43_inv,53.33|50.0|50.0|44.44|42.86,锂矿 外采 厂内库存|冶炼厂库存总量|氧化铝厂内库存(除新疆)-钢联|电解铝：厂内库存：中国（日）|工业硅工厂库存总量,锂矿 外采 厂内库存,53.33,ID02069945,模糊待人工确认,Y
THS-SN-4.4,SN,16,工厂库存总量与沪锡主力合约收盘价时序图,sn_21_close_front|sn_23_lme_close_3m|sn_21_close|sn_21_close_2|sn_23_lme_close,60.67|50.0|43.33|43.33|43.33,SHFE：锡：主力合约：收盘价（日）|锡：3个月合约：收盘价（日）|SHFE：锡：指数合约：收盘价（日）|SHFE：锡：指数合约：收盘价（日）|LME：锡：3个月合约：收盘价（日）,SHFE：锡：主力合约：收盘价（日）,60.67,FU00016042,模糊待人工确认,Y
THS-SN-4.4,SN,17,工厂库存天数时序图,li_44_inv|si_43_inv|li_44_lc_inv_plant|wr130|i15,66.67|50.0|50.0|50.0|44.44,碳酸锂工厂库存天数|工业硅工厂库存总量|碳酸锂工厂库存总量|碳酸锂 工厂库存|再生铅原料库存天数,碳酸锂工厂库存天数,66.67,a12805120,模糊待人工确认,Y
THS-SN-4.5,SN,0,隐性库存总量（万吨）,SHFE库存|社库|li_43_inv_struct|li_43_inv_struct_2|wr178,57.14|50.0|50.0|50.0|50.0,上期所库存|社会库存|库存结构|库存结构|国内隐形库存拟合,上期所库存,57.14,FU00014953,模糊待人工确认,Y
THS-SN-4.5,SN,1,在途库存总量（万吨）,SHFE库存|社库|li_43_inv_struct|li_43_inv_struct_2|wr152,57.14|50.0|50.0|50.0|50.0,上期所库存|社会库存|库存结构|库存结构|锂矿 外采 在途库存,上期所库存,57.14,FU00014953,模糊待人工确认,Y
THS-SN-4.5,SN,2,缅甸隐性库存占比（%）,wr178|wr226|SHFE库存|wr179|社库,37.5|37.5|36.36|35.29|33.33,国内隐形库存拟合|工业硅显性总库存|上期所库存|锡全球显性库存变化|社会库存,国内隐形库存拟合,37.5,a10167095,无候选/低置信,Y
THS-SN-4.5,SN,3,印尼隐性库存占比（%）,wr178|wr226|SHFE库存|wr179|社库,37.5|37.5|36.36|35.29|33.33,国内隐形库存拟合|工业硅显性总库存|上期所库存|锡全球显性库存变化|社会库存,国内隐形库存拟合,37.5,a10167095,无候选/低置信,Y
THS-SN-4.5,SN,4,国内隐性库存占比（%）,wr178|wr151|wr177|wr226|SHFE库存,62.5|37.5|37.5|37.5|36.36,国内隐形库存拟合|锂矿 外采 厂内库存|中国锡锭社会库存|工业硅显性总库存|上期所库存,国内隐形库存拟合,62.5,a10167095,模糊待人工确认,Y
THS-SN-4.5,SN,5,缅甸在途库存占比（%）,wr152|wr54|SHFE库存|社库|li_43_inv_struct,50.0|42.11|36.36|33.33|33.33,锂矿 外采 在途库存|氧化铝站台/在途库存-钢联|上期所库存|社会库存|库存结构,锂矿 外采 在途库存,50.0,ID02093014,模糊待人工确认,Y
THS-SN-4.5,SN,6,印尼在途库存占比（%）,wr152|wr54|SHFE库存|社库|li_43_inv_struct,50.0|42.11|36.36|33.33|33.33,锂矿 外采 在途库存|氧化铝站台/在途库存-钢联|上期所库存|社会库存|库存结构,锂矿 外采 在途库存,50.0,ID02093014,模糊待人工确认,Y
THS-SN-4.5,SN,7,国内在途库存占比（%）,wr152|wr178|wr54|wr151|wr177,50.0|50.0|42.11|37.5|37.5,锂矿 外采 在途库存|国内隐形库存拟合|氧化铝站台/在途库存-钢联|锂矿 外采 厂内库存|中国锡锭社会库存,锂矿 外采 在途库存,50.0,ID02093014,模糊待人工确认,Y
THS-SN-4.5,SN,8,隐性库存占比（%）,SHFE库存|wr178|wr226|社库|li_43_inv_struct,44.44|42.86|42.86|40.0|40.0,上期所库存|国内隐形库存拟合|工业硅显性总库存|社会库存|库存结构,上期所库存,44.44,FU00014953,模糊待人工确认,Y
THS-SN-4.5,SN,9,在途库存占比（%）,wr152|wr54|SHFE库存|社库|li_43_inv_struct,57.14|47.06|44.44|40.0|40.0,锂矿 外采 在途库存|氧化铝站台/在途库存-钢联|上期所库存|社会库存|库存结构,锂矿 外采 在途库存,57.14,ID02093014,模糊待人工确认,Y
THS-SN-4.5,SN,10,近3年同月库存均值（万吨）,SHFE库存|wr172|社库|li_43_inv_struct|li_43_inv_struct_2,33.33|33.33|30.77|30.77|30.77,上期所库存|沪锡近半年月差变化|社会库存|库存结构|库存结构,上期所库存,33.33,FU00014953,无候选/低置信,Y
THS-SN-4.5,SN,11,近3年同月库存标准差（万吨）,wr172|SHFE库存|社库|li_43_inv_struct|li_43_inv_struct_2,42.11|30.77|28.57|28.57|28.57,沪锡近半年月差变化|上期所库存|社会库存|库存结构|库存结构,沪锡近半年月差变化,42.11,a12841510,模糊待人工确认,Y
THS-SN-4.5,SN,12,隐性库存天数（天）,i15|li_44_inv|wr83|wr131|wr132,53.33|53.33|53.33|50.0|50.0,再生铅原料库存天数|碳酸锂工厂库存天数|铝土矿库存天数-全国|碳酸锂 库存天数:上游|碳酸锂 库存天数:总计,再生铅原料库存天数,53.33,a12810628,模糊待人工确认,Y
THS-SN-4.5,SN,13,在途库存天数（天）,wr152|i15|li_44_inv|wr83|wr131,57.14|53.33|53.33|53.33|50.0,锂矿 外采 在途库存|再生铅原料库存天数|碳酸锂工厂库存天数|铝土矿库存天数-全国|碳酸锂 库存天数:上游,锂矿 外采 在途库存,57.14,ID02093014,模糊待人工确认,Y
THS-SN-4.5,SN,14,隐性/在途库存总量（万吨）,wr152|wr54|SHFE库存|wr178|wr226,57.14|47.06|44.44|42.86|42.86,锂矿 外采 在途库存|氧化铝站台/在途库存-钢联|上期所库存|国内隐形库存拟合|工业硅显性总库存,锂矿 外采 在途库存,57.14,ID02093014,模糊待人工确认,Y
THS-SN-4.5,SN,15,沪锡主力合约收盘价（元/吨）,sn_21_close_front|sn_23_lme_close_3m|sn_21_close|sn_21_close_2|sn_23_lme_close,82.73|72.23|59.09|59.09|59.09,SHFE：锡：主力合约：收盘价（日）|锡：3个月合约：收盘价（日）|SHFE：锡：指数合约：收盘价（日）|SHFE：锡：指数合约：收盘价（日）|LME：锡：3个月合约：收盘价（日）,SHFE：锡：主力合约：收盘价（日）,82.73,FU00016042,高置信,Y
THS-SN-4.5,SN,16,隐性库存占比时序图,wr178|wr226|SHFE库存|wr179|社库,35.29|35.29|33.33|33.33|30.77,国内隐形库存拟合|工业硅显性总库存|上期所库存|锡全球显性库存变化|社会库存,国内隐形库存拟合,35.29,a10167095,无候选/低置信,Y
THS-SN-4.5,SN,17,在途库存占比时序图,wr152|wr54|SHFE库存|社库|li_41_inv,47.06|40.0|33.33|30.77|30.77,锂矿 外采 在途库存|氧化铝站台/在途库存-钢联|上期所库存|社会库存|锂矿：外采：在途库存：中国：锂盐厂（月）,锂矿 外采 在途库存,47.06,ID02093014,模糊待人工确认,Y
THS-SN-5.1,SN,0,焊锡/锡焊料开工率（%）,wr197|sn_71_util|sn_321_util|sn_321_util_2|wr199,74.28|52.0|49.53|49.53|34.67,国内锡开工率|锡：冶炼厂：开工率：中国（月）|锡：加工企业：开工率：中国（月）|锡：加工企业：开工率：中国（月）|锡冶炼厂加工费,国内锡开工率,74.28,a10113278,高置信,Y
THS-SN-5.1,SN,1,锡表观消费量（万吨）,sn_51_cons|wr171|wr187|wr198|wr188,62.4|43.33|43.33|43.33|40.0,SEAISI：镀锡板（带）：表观消费量：印尼（年）|沪锡总持仓量|国内锡矿产量|国内锡锭产量|国内锡矿进口量,SEAISI：镀锡板（带）：表观消费量：印尼（年）,62.4,ID00346045,模糊待人工确认,Y
THS-SN-5.1,SN,2,锡化工开工率（%）,wr197|sn_321_util|sn_321_util_2|sn_71_util|wr199,86.67|68.42|68.42|57.77|40.0,国内锡开工率|锡：加工企业：开工率：中国（月）|锡：加工企业：开工率：中国（月）|锡：冶炼厂：开工率：中国（月）|锡冶炼厂加工费,国内锡开工率,86.67,a10113278,高置信,Y
THS-SN-5.1,SN,3,电子级锡开工率（%）,wr197|sn_71_util|sn_321_util|sn_321_util_2|wr199,80.0|54.74|52.0|52.0|37.14,国内锡开工率|锡：冶炼厂：开工率：中国（月）|锡：加工企业：开工率：中国（月）|锡：加工企业：开工率：中国（月）|锡冶炼厂加工费,国内锡开工率,80.0,a10113278,高置信,Y
THS-SN-5.1,SN,4,终端产量（万吨）,精炼产量|si_52_cons|li_32_lepid_output|wr214|li_32_output,50.0|50.0|44.44|44.44|40.0,精炼产量|工业硅终端消费量|锂云母产量|多晶硅产量|盐湖提锂产量,精炼产量,50.0,a10003083,模糊待人工确认,Y
THS-SN-5.1,SN,5,排产计划（万吨）,li_73_raw|li_53_plan|wr33|精炼产量|li_31_capacity,36.36|30.77|28.57|25.0|25.0,碳酸锂(盐湖卤水原料)下月排产|碳酸锂下月排产中国（月）|阿拉丁氧化铝产量-总计|精炼产量|海外产能,碳酸锂(盐湖卤水原料)下月排产,36.36,ID01865205,无候选/低置信,Y
THS-SN-5.1,SN,6,缅甸消费占比（%）,表观消费|li_53_cons_struct|si_51_apparent_cons|si_52_cons|si_51_cons_apparent,40.0|30.77|28.57|28.57|28.57,表观消费|消费结构-三元材料|有机硅表观消费量|工业硅终端消费量|工业硅表观消费量,表观消费,40.0,ID00187499,模糊待人工确认,Y
THS-SN-5.1,SN,7,印尼消费占比（%）,表观消费|wr245|wr246|wr248|wr253,40.0|33.33|33.33|33.33|33.33,表观消费|印尼冰镍产量（分品味）|印尼冰镍产量（高冰镍+低冰镍）|印尼镍铁产量|印尼镍矿价格（HPM 1.6%）,表观消费,40.0,ID00187499,模糊待人工确认,Y
THS-SN-5.1,SN,8,国内消费占比（%）,表观消费|wr187|wr197|wr198|li_53_cons_struct,40.0|33.33|33.33|33.33|30.77,表观消费|国内锡矿产量|国内锡开工率|国内锡锭产量|消费结构-三元材料,表观消费,40.0,ID00187499,模糊待人工确认,Y
THS-SN-5.1,SN,9,近3年同月开工率均值（%）,wr235|wr93|li_51_util_ternary|wr57|wr197,40.0|38.1|37.5|37.5|37.5,硅片开工率|SMM 碳酸锂 月度开工率|三元材料开工率|氧化铝开工率|国内锡开工率,硅片开工率,40.0,a10169445,模糊待人工确认,Y
THS-SN-5.1,SN,10,近3年同月开工率标准差（%）,wr172|wr235|wr93|li_51_util_ternary|wr57,40.0|37.5|36.36|35.29|35.29,沪锡近半年月差变化|硅片开工率|SMM 碳酸锂 月度开工率|三元材料开工率|氧化铝开工率,沪锡近半年月差变化,40.0,a12841510,模糊待人工确认,Y
THS-SN-5.1,SN,11,沪锡主力合约收盘价（元/吨）,sn_21_close_front|sn_23_lme_close_3m|sn_21_close|sn_21_close_2|sn_23_lme_close,82.73|72.23|59.09|59.09|59.09,SHFE：锡：主力合约：收盘价（日）|锡：3个月合约：收盘价（日）|SHFE：锡：指数合约：收盘价（日）|SHFE：锡：指数合约：收盘价（日）|LME：锡：3个月合约：收盘价（日）,SHFE：锡：主力合约：收盘价（日）,82.73,FU00016042,高置信,Y
THS-SN-5.1,SN,12,库存天数（天）,SHFE库存|社库|li_43_inv_struct|li_43_inv_struct_2|wr267,57.14|50.0|50.0|50.0|50.0,上期所库存|社会库存|库存结构|库存结构|镍铁库存,上期所库存,57.14,FU00014953,模糊待人工确认,Y
THS-SN-5.1,SN,13,消费占比（%）,表观消费|li_53_cons_struct|si_51_apparent_cons|si_52_cons|si_51_cons_apparent,50.0|36.36|33.33|33.33|33.33,表观消费|消费结构-三元材料|有机硅表观消费量|工业硅终端消费量|工业硅表观消费量,表观消费,50.0,ID00187499,模糊待人工确认,Y
THS-SN-5.1,SN,14,焊锡开工率时序图,wr197|sn_71_util|sn_321_util|sn_321_util_2|wr199,74.28|52.0|49.53|49.53|34.67,国内锡开工率|锡：冶炼厂：开工率：中国（月）|锡：加工企业：开工率：中国（月）|锡：加工企业：开工率：中国（月）|锡冶炼厂加工费,国内锡开工率,74.28,a10113278,高置信,Y
THS-SN-5.1,SN,15,锡化工开工率时序图,wr197|sn_321_util|sn_321_util_2|sn_71_util|wr199,69.33|59.09|59.09|49.53|32.5,国内锡开工率|锡：加工企业：开工率：中国（月）|锡：加工企业：开工率：中国（月）|锡：冶炼厂：开工率：中国（月）|锡冶炼厂加工费,国内锡开工率,69.33,a10113278,模糊待人工确认,Y
THS-SN-5.1,SN,16,焊锡表观消费量时序图,sn_51_cons|wr171|wr187|wr198|wr188,53.79|32.5|32.5|32.5|30.59,SEAISI：镀锡板（带）：表观消费量：印尼（年）|沪锡总持仓量|国内锡矿产量|国内锡锭产量|国内锡矿进口量,SEAISI：镀锡板（带）：表观消费量：印尼（年）,53.79,ID00346045,模糊待人工确认,Y
THS-SN-5.1,SN,17,锡化工表观消费量时序图,sn_51_cons|wr199|wr171|wr187|wr197,52.0|43.33|30.59|30.59|30.59,SEAISI：镀锡板（带）：表观消费量：印尼（年）|锡冶炼厂加工费|沪锡总持仓量|国内锡矿产量|国内锡开工率,SEAISI：镀锡板（带）：表观消费量：印尼（年）,52.0,ID00346045,模糊待人工确认,Y
THS-SN-5.1,SN,18,焊锡/锡化工开工率时序图,wr197|sn_321_util|sn_321_util_2|sn_71_util|wr199,61.18|54.17|54.17|45.21|28.89,国内锡开工率|锡：加工企业：开工率：中国（月）|锡：加工企业：开工率：中国（月）|锡：冶炼厂：开工率：中国（月）|锡冶炼厂加工费,国内锡开工率,61.18,a10113278,模糊待人工确认,Y
THS-SN-5.2,SN,0,焊锡/锡焊料终端产量（万吨）,wr187|wr198|wr196|wr200|sn_311_output_2,52.0|52.0|48.75|45.88|43.33,国内锡矿产量|国内锡锭产量|国内再生锡产量|国内初级锡材产量|锡精矿：产量：中国（月）,国内锡矿产量,52.0,ID00299777,模糊待人工确认,Y
THS-SN-5.2,SN,1,焊锡/锡焊料终端订单量（万吨）,wr171|wr187|wr198|sn_21_openinterest_2|sn_26_openinterest_top20,32.5|32.5|32.5|31.2|31.2,沪锡总持仓量|国内锡矿产量|国内锡锭产量|SHFE：锡：单边交易：持仓量（日）|SHFE：锡：单边交易：持仓量（日）,沪锡总持仓量,32.5,a10177562,无候选/低置信,Y
THS-SN-5.2,SN,2,锡化工终端产量（万吨）,wr187|wr198|wr196|wr200|sn_311_output_2,59.99|59.99|55.72|52.0|48.75,国内锡矿产量|国内锡锭产量|国内再生锡产量|国内初级锡材产量|锡精矿：产量：中国（月）,国内锡矿产量,59.99,ID00299777,模糊待人工确认,Y
THS-SN-5.2,SN,3,电子级锡终端产量（万吨）,wr200|wr187|wr198|wr196|sn_311_output_2,65.0|55.72|55.72|52.0|45.88,国内初级锡材产量|国内锡矿产量|国内锡锭产量|国内再生锡产量|锡精矿：产量：中国（月）,国内初级锡材产量,65.0,a10003083,模糊待人工确认,Y
THS-SN-5.2,SN,4,终端排产计划（万吨）,li_73_raw|si_52_cons|li_53_plan|wr33|精炼产量,30.77|28.57|26.67|25.0|20.0,碳酸锂(盐湖卤水原料)下月排产|工业硅终端消费量|碳酸锂下月排产中国（月）|阿拉丁氧化铝产量-总计|精炼产量,碳酸锂(盐湖卤水原料)下月排产,30.77,ID01865205,无候选/低置信,Y
THS-SN-5.2,SN,5,终端消费占比（%）,si_52_cons|表观消费|cu_5_2_consumption_4|cu_00_cons|li_53_cons_struct,57.14|40.0|33.33|32.0|30.77,工业硅终端消费量|表观消费|SMM: 电解铝平衡: 终端消费量: 月度|美国铜发展协会：裸铜线：可供量终端消费（年）|消费结构-三元材料,工业硅终端消费量,57.14,a12715181,模糊待人工确认,Y
THS-SN-5.2,SN,6,缅甸终端消费占比（%）,si_52_cons|表观消费|cu_5_2_consumption_4|cu_00_cons|cu_5_2_consumption,50.0|33.33|30.77|29.63|27.59,工业硅终端消费量|表观消费|SMM: 电解铝平衡: 终端消费量: 月度|美国铜发展协会：裸铜线：可供量终端消费（年）|SMM: 电解铜供需平衡表: 终端消费量: 月度,工业硅终端消费量,50.0,a12715181,模糊待人工确认,Y
THS-SN-5.2,SN,7,印尼终端消费占比（%）,si_52_cons|表观消费|cu_5_2_consumption_4|cu_00_cons|wr245,50.0|33.33|30.77|29.63|28.57,工业硅终端消费量|表观消费|SMM: 电解铝平衡: 终端消费量: 月度|美国铜发展协会：裸铜线：可供量终端消费（年）|印尼冰镍产量（分品味）,工业硅终端消费量,50.0,a12715181,模糊待人工确认,Y
THS-SN-5.2,SN,8,国内终端消费占比（%）,si_52_cons|cu_00_cons|表观消费|cu_5_2_consumption_4|wr187,50.0|37.04|33.33|30.77|28.57,工业硅终端消费量|美国铜发展协会：裸铜线：可供量终端消费（年）|表观消费|SMM: 电解铝平衡: 终端消费量: 月度|国内锡矿产量,工业硅终端消费量,50.0,a12715181,模糊待人工确认,Y
THS-SN-5.2,SN,9,近3年同月终端产量均值（万吨）,wr136|wr138|si_321_output|si_323_output_recycle|si_52_cons,33.33|33.33|31.58|31.58|31.58,三元材料 月度产量|钴酸锂 月度产量|工业硅精炼月产量|工业硅再生月产量|工业硅终端消费量,三元材料 月度产量,33.33,a10001951,无候选/低置信,Y
THS-SN-5.2,SN,10,近3年同月终端产量标准差（万吨）,wr172|wr136|wr138|si_321_output|si_323_output_recycle,38.1|31.58|31.58|30.0|30.0,沪锡近半年月差变化|三元材料 月度产量|钴酸锂 月度产量|工业硅精炼月产量|工业硅再生月产量,沪锡近半年月差变化,38.1,a12841510,无候选/低置信,Y
THS-SN-5.2,SN,11,终端库存天数（天）,i15|li_44_inv|wr83|wr131|wr132,53.33|53.33|53.33|50.0|50.0,再生铅原料库存天数|碳酸锂工厂库存天数|铝土矿库存天数-全国|碳酸锂 库存天数:上游|碳酸锂 库存天数:总计,再生铅原料库存天数,53.33,a12810628,模糊待人工确认,Y
THS-SN-5.2,SN,12,终端消费增速（%）,si_52_cons|表观消费|cu_5_2_consumption_4|cu_00_cons|li_53_cons_struct,57.14|40.0|33.33|32.0|30.77,工业硅终端消费量|表观消费|SMM: 电解铝平衡: 终端消费量: 月度|美国铜发展协会：裸铜线：可供量终端消费（年）|消费结构-三元材料,工业硅终端消费量,57.14,a12715181,模糊待人工确认,Y
THS-SN-5.2,SN,13,终端产量（万吨）,精炼产量|si_52_cons|li_32_lepid_output|wr214|li_32_output,50.0|50.0|44.44|44.44|40.0,精炼产量|工业硅终端消费量|锂云母产量|多晶硅产量|盐湖提锂产量,精炼产量,50.0,a10003083,模糊待人工确认,Y
THS-SN-5.2,SN,14,沪锡主力合约收盘价（元/吨）,sn_21_close_front|sn_23_lme_close_3m|sn_21_close|sn_21_close_2|sn_23_lme_close,82.73|72.23|59.09|59.09|59.09,SHFE：锡：主力合约：收盘价（日）|锡：3个月合约：收盘价（日）|SHFE：锡：指数合约：收盘价（日）|SHFE：锡：指数合约：收盘价（日）|LME：锡：3个月合约：收盘价（日）,SHFE：锡：主力合约：收盘价（日）,82.73,FU00016042,高置信,Y
THS-SN-5.2,SN,15,焊锡终端产量时序图,wr187|wr198|wr196|wr200|sn_311_output_2,52.0|52.0|48.75|45.88|43.33,国内锡矿产量|国内锡锭产量|国内再生锡产量|国内初级锡材产量|锡精矿：产量：中国（月）,国内锡矿产量,52.0,ID00299777,模糊待人工确认,Y
THS-SN-5.2,SN,16,锡化工终端产量时序图,wr187|wr198|wr196|wr200|sn_311_output_2,48.75|48.75|45.88|43.33|41.05,国内锡矿产量|国内锡锭产量|国内再生锡产量|国内初级锡材产量|锡精矿：产量：中国（月）,国内锡矿产量,48.75,ID00299777,模糊待人工确认,Y
THS-SN-5.2,SN,17,焊锡终端库存时序图,wr177|wr179|sn_23_shfe_inv|sn_43_inv_plant|sn_23_lme_inv,45.88|43.33|39.0|35.45|33.92,中国锡锭社会库存|锡全球显性库存变化|SHFE：锡：期货库存（日）|镀锡板（带）：钢铁企业：厂内库存（月）|LME：锡：原产国库存：埃及（月）,中国锡锭社会库存,45.88,a10020743,模糊待人工确认,Y
THS-SN-5.2,SN,18,锡化工终端库存时序图,wr177|wr179|sn_23_shfe_inv|sn_43_inv_plant|sn_23_lme_inv,43.33|41.05|37.14|33.92|32.5,中国锡锭社会库存|锡全球显性库存变化|SHFE：锡：期货库存（日）|镀锡板（带）：钢铁企业：厂内库存（月）|LME：锡：原产国库存：埃及（月）,中国锡锭社会库存,43.33,a10020743,模糊待人工确认,Y
THS-SN-5.2,SN,19,焊锡/锡化工终端产量时序图,wr187|wr198|wr196|wr200|sn_311_output_2,43.33|43.33|41.05|39.0|37.14,国内锡矿产量|国内锡锭产量|国内再生锡产量|国内初级锡材产量|锡精矿：产量：中国（月）,国内锡矿产量,43.33,ID00299777,模糊待人工确认,Y
THS-SN-5.3,SN,0,焊锡/锡焊料订单量（万吨）,wr171|wr187|wr198|wr188|wr190,37.14|37.14|37.14|34.67|34.67,沪锡总持仓量|国内锡矿产量|国内锡锭产量|国内锡矿进口量|印度锡净进口量,沪锡总持仓量,37.14,a10177562,无候选/低置信,Y
THS-SN-5.3,SN,1,焊锡/锡焊料排产计划（万吨）,wr187|wr198|wr196|sn_323_output_recycle_2|sn_31_usgs_output_tin_ore,34.67|34.67|32.5|31.2|31.2,国内锡矿产量|国内锡锭产量|国内再生锡产量|USGS：锡矿：含锡：产量：缅甸（年）|USGS：锡矿：含锡：产量：印尼（年）,国内锡矿产量,34.67,ID00299777,无候选/低置信,Y
THS-SN-5.3,SN,2,锡化工订单量（万吨）,wr171|wr187|wr197|wr198|wr188,43.33|43.33|43.33|43.33|40.0,沪锡总持仓量|国内锡矿产量|国内锡开工率|国内锡锭产量|国内锡矿进口量,沪锡总持仓量,43.33,a10177562,模糊待人工确认,Y
THS-SN-5.3,SN,3,电子级锡订单量（万吨）,wr200|sn_61_import_5|wr171|wr187|wr198,52.0|41.05|40.0|40.0|40.0,国内初级锡材产量|电解锡：净进口数量：中国（年）|沪锡总持仓量|国内锡矿产量|国内锡锭产量,国内初级锡材产量,52.0,a10003083,模糊待人工确认,Y
THS-SN-5.3,SN,4,排产计划（万吨）,li_73_raw|li_53_plan|wr33|精炼产量|li_31_capacity,36.36|30.77|28.57|25.0|25.0,碳酸锂(盐湖卤水原料)下月排产|碳酸锂下月排产中国（月）|阿拉丁氧化铝产量-总计|精炼产量|海外产能,碳酸锂(盐湖卤水原料)下月排产,36.36,ID01865205,无候选/低置信,Y
THS-SN-5.3,SN,5,消费占比（%）,表观消费|li_53_cons_struct|si_51_apparent_cons|si_52_cons|si_51_cons_apparent,50.0|36.36|33.33|33.33|33.33,表观消费|消费结构-三元材料|有机硅表观消费量|工业硅终端消费量|工业硅表观消费量,表观消费,50.0,ID00187499,模糊待人工确认,Y
THS-SN-5.3,SN,6,缅甸需求增速（%）,wr120|wr121|wr189|li_51_smm_demand|sn_311_output_tin_ore,33.33|26.67|25.0|22.22|21.05,碳酸锂 总需求|碳酸锂 磷酸铁锂需求|缅甸进口至我国锡矿量|SMM碳酸锂供需平衡需求（月）|USGS：锡矿：产量：缅甸（年）,碳酸锂 总需求,33.33,ID01245889,无候选/低置信,Y
THS-SN-5.3,SN,7,印尼需求增速（%）,wr120|wr245|wr246|wr248|wr253,33.33|33.33|33.33|33.33|33.33,碳酸锂 总需求|印尼冰镍产量（分品味）|印尼冰镍产量（高冰镍+低冰镍）|印尼镍铁产量|印尼镍矿价格（HPM 1.6%）,碳酸锂 总需求,33.33,ID01245889,无候选/低置信,Y
THS-SN-5.3,SN,8,国内需求增速（%）,wr120|wr187|wr197|wr198|wr169,33.33|33.33|33.33|33.33|30.77,碳酸锂 总需求|国内锡矿产量|国内锡开工率|国内锡锭产量|国内品牌升贴水,碳酸锂 总需求,33.33,ID01245889,无候选/低置信,Y
THS-SN-5.3,SN,9,近3年同月订单量均值（万吨）,wr172|wr21|al_23_lme_oi|al_23_lme_volume|ni_21_volume_top20,31.58|28.57|25.0|25.0|25.0,沪锡近半年月差变化|SHFE铝近3月虚实比|LME：铝：3个月合约：持仓量（日）|LME：铝：3个月合约：成交量（日）|LME：镍：3个月合约：成交量（日）,沪锡近半年月差变化,31.58,a12841510,无候选/低置信,Y
THS-SN-5.3,SN,10,近3年同月订单量标准差（万吨）,wr172|wr21|al_23_lme_oi|al_23_lme_volume|ni_21_volume_top20,40.0|27.27|24.0|24.0|24.0,沪锡近半年月差变化|SHFE铝近3月虚实比|LME：铝：3个月合约：持仓量（日）|LME：铝：3个月合约：成交量（日）|LME：镍：3个月合约：成交量（日）,沪锡近半年月差变化,40.0,a12841510,模糊待人工确认,Y
THS-SN-5.3,SN,11,沪锡主力合约收盘价（元/吨）,sn_21_close_front|sn_23_lme_close_3m|sn_21_close|sn_21_close_2|sn_23_lme_close,82.73|72.23|59.09|59.09|59.09,SHFE：锡：主力合约：收盘价（日）|锡：3个月合约：收盘价（日）|SHFE：锡：指数合约：收盘价（日）|SHFE：锡：指数合约：收盘价（日）|LME：锡：3个月合约：收盘价（日）,SHFE：锡：主力合约：收盘价（日）,82.73,FU00016042,高置信,Y
THS-SN-5.3,SN,12,库存天数（天）,SHFE库存|社库|li_43_inv_struct|li_43_inv_struct_2|wr267,57.14|50.0|50.0|50.0|50.0,上期所库存|社会库存|库存结构|库存结构|镍铁库存,上期所库存,57.14,FU00014953,模糊待人工确认,Y
THS-SN-5.3,SN,13,需求增速（%）,wr120|wr121|li_51_smm_demand|wr222|cu_5_3_balance,40.0|30.77|25.0|18.18|16.67,碳酸锂 总需求|碳酸锂 磷酸铁锂需求|SMM碳酸锂供需平衡需求（月）|多晶硅供需平衡|SMM: 铜产业链平衡: 铜精矿需求量: 季度,碳酸锂 总需求,40.0,ID01245889,模糊待人工确认,Y
THS-SN-5.3,SN,14,焊锡订单量时序图,wr171|wr187|wr198|wr188|wr190,37.14|37.14|37.14|34.67|34.67,沪锡总持仓量|国内锡矿产量|国内锡锭产量|国内锡矿进口量|印度锡净进口量,沪锡总持仓量,37.14,a10177562,无候选/低置信,Y
THS-SN-5.3,SN,15,排产计划时序图,li_73_raw|li_53_plan|wr33|精炼产量|li_31_capacity,28.57|25.0|23.53|18.18|18.18,碳酸锂(盐湖卤水原料)下月排产|碳酸锂下月排产中国（月）|阿拉丁氧化铝产量-总计|精炼产量|海外产能,碳酸锂(盐湖卤水原料)下月排产,28.57,ID01865205,无候选/低置信,Y
THS-SN-5.3,SN,16,焊锡订单量同比增速时序图,wr171|wr187|wr198|sn_21_openinterest_2|sn_26_openinterest_top20,32.5|32.5|32.5|31.2|31.2,沪锡总持仓量|国内锡矿产量|国内锡锭产量|SHFE：锡：单边交易：持仓量（日）|SHFE：锡：单边交易：持仓量（日）,沪锡总持仓量,32.5,a10177562,无候选/低置信,Y
THS-SN-5.3,SN,17,锡化工订单量同比增速时序图,wr171|wr187|wr197|wr198|sn_21_openinterest_2,30.59|30.59|30.59|30.59|30.0,沪锡总持仓量|国内锡矿产量|国内锡开工率|国内锡锭产量|SHFE：锡：单边交易：持仓量（日）,沪锡总持仓量,30.59,a10177562,无候选/低置信,Y
THS-SN-6.1,SN,0,锡精矿进口量（万吨）,wr188|wr185|wr190|wr191|wr192,100.0|86.67|80.0|80.0|80.0,国内锡矿进口量|马来西亚锡矿进口量|印度锡净进口量|日本锡净进口量|美国锡净进口量,国内锡矿进口量,100.0,a10003098,高置信,Y
THS-SN-6.1,SN,1,再生锡进口量（万吨）,wr188|wr190|wr191|wr192|wr193,80.0|80.0|80.0|80.0|80.0,国内锡矿进口量|印度锡净进口量|日本锡净进口量|美国锡净进口量|韩国锡净进口量,国内锡矿进口量,80.0,a10003098,高置信,Y
THS-SN-6.1,SN,2,缅甸锡精矿进口量（万吨）,wr188|wr185|wr189|sn_61_import|sn_61_import_2,86.67|76.47|72.23|70.91|70.91,国内锡矿进口量|马来西亚锡矿进口量|缅甸进口至我国锡矿量|锡精矿：进口数量：缅甸→中国（月）|锡精矿：进口数量：缅甸→中国（月）,国内锡矿进口量,86.67,a10003098,高置信,Y
THS-SN-6.1,SN,3,印尼锡精矿进口量（万吨）,wr188|wr190|wr185|wr182|sn_61_import,86.67|86.67|76.47|72.23|70.91,国内锡矿进口量|印度锡净进口量|马来西亚锡矿进口量|印尼精炼锡出口量变化|锡精矿：进口数量：缅甸→中国（月）,国内锡矿进口量,86.67,a10003098,高置信,Y
THS-SN-6.1,SN,4,俄罗斯锡精矿进口量（万吨）,wr188|wr185|sn_61_import|sn_61_import_2|sn_61_import_3,81.25|72.23|67.82|67.82|67.82,国内锡矿进口量|马来西亚锡矿进口量|锡精矿：进口数量：缅甸→中国（月）|锡精矿：进口数量：缅甸→中国（月）|锡精矿：进口数量：缅甸→中国（月）,国内锡矿进口量,81.25,a10003098,高置信,Y
THS-SN-6.1,SN,5,缅甸再生锡进口量（万吨）,wr189|wr188|wr190|wr191|wr192,72.23|69.33|69.33|69.33|69.33,缅甸进口至我国锡矿量|国内锡矿进口量|印度锡净进口量|日本锡净进口量|美国锡净进口量,缅甸进口至我国锡矿量,72.23,a10154831,高置信,Y
THS-SN-6.1,SN,6,印尼再生锡进口量（万吨）,wr190|wr182|wr188|wr191|wr192,86.67|72.23|69.33|69.33|69.33,印度锡净进口量|印尼精炼锡出口量变化|国内锡矿进口量|日本锡净进口量|美国锡净进口量,印度锡净进口量,86.67,a12840355,高置信,Y
THS-SN-6.1,SN,7,国内再生锡进口量（万吨）,wr188|wr196|wr192|wr193|wr187,100|100|86.67|86.67|74.28,国内锡矿进口量|国内再生锡产量|美国锡净进口量|韩国锡净进口量|国内锡矿产量,国内锡矿进口量,100,a10003098,高置信,Y
THS-SN-6.1,SN,8,锡锭进口量（万吨）,wr174|wr188|wr190|wr191|wr192,94.55|86.67|86.67|86.67|86.67,锡锭进口利润|国内锡矿进口量|印度锡净进口量|日本锡净进口量|美国锡净进口量,锡锭进口利润,94.55,ID01590826,高置信,Y
THS-SN-6.1,SN,9,锡锭净进口量（万吨）,wr190|wr191|wr192|wr193|wr174,100.0|100.0|100.0|100.0|86.67,印度锡净进口量|日本锡净进口量|美国锡净进口量|韩国锡净进口量|锡锭进口利润,印度锡净进口量,100.0,a12840355,高置信,Y
THS-SN-6.1,SN,10,近3年同月进口量均值（万吨）,wr144|si_321_import|si_321_import_2|si_314_by_country_import|si_314_by_country_import_2,44.44|42.11|42.11|40.0|40.0,碳酸锂 月度进口量|工业硅精炼月进口量|工业硅精炼月进口量|工业硅月进口量分国别|工业硅月进口量分国别,碳酸锂 月度进口量,44.44,a10006557,模糊待人工确认,Y
THS-SN-6.1,SN,11,近3年同月进口量标准差（万吨）,wr144|si_321_import|si_321_import_2|wr172|si_314_by_country_import,42.11|40.0|40.0|40.0|38.1,碳酸锂 月度进口量|工业硅精炼月进口量|工业硅精炼月进口量|沪锡近半年月差变化|工业硅月进口量分国别,碳酸锂 月度进口量,42.11,a10006557,模糊待人工确认,Y
THS-SN-6.1,SN,12,保税区库存（万吨）,SHFE库存|wr216|社库|li_43_inv_struct|li_43_inv_struct_2,50.0|50.0|44.44|44.44|44.44,上期所库存|多晶硅区域库存|社会库存|库存结构|库存结构,上期所库存,50.0,FU00014953,模糊待人工确认,Y
THS-SN-6.1,SN,13,保税区仓单（手）,wr263|zn_44_inv_plant|wr124|i2|i6,40.0|37.5|36.36|33.33|30.77,不锈钢仓单|锌锭：库存：上海保税区（周）|碳酸锂 仓单量|SHFE铅仓单|LME铅注册仓单,不锈钢仓单,40.0,a12805275,模糊待人工确认,Y
THS-SN-6.1,SN,14,海外发运量（万吨）,li_63_conc_shipment|li_31_output|wr70|li_31_capacity|wr72,54.55|50.0|46.15|44.44|37.5,锂精矿发运量(班伯里港)|海外碳酸锂产量(智利)|发运量-几内亚官方|海外产能|发运量-路透-几内亚MA3,锂精矿发运量(班伯里港),54.55,ID02038526,模糊待人工确认,Y
THS-SN-6.1,SN,15,发运天数（天）,li_63_conc_shipment|wr70|i15|li_44_inv|wr83,40.0|33.33|30.77|30.77|30.77,锂精矿发运量(班伯里港)|发运量-几内亚官方|再生铅原料库存天数|碳酸锂工厂库存天数|铝土矿库存天数-全国,锂精矿发运量(班伯里港),40.0,ID02038526,模糊待人工确认,Y
THS-SN-6.1,SN,16,锡精矿进口量时序图,wr188|wr185|sn_61_import|sn_61_import_2|sn_61_import_3,81.25|72.23|67.82|67.82|67.82,国内锡矿进口量|马来西亚锡矿进口量|锡精矿：进口数量：缅甸→中国（月）|锡精矿：进口数量：缅甸→中国（月）|锡精矿：进口数量：缅甸→中国（月）,国内锡矿进口量,81.25,a10003098,高置信,Y
THS-SN-6.1,SN,17,再生锡进口量时序图,wr188|wr190|wr191|wr192|wr193,65.0|65.0|65.0|65.0|65.0,国内锡矿进口量|印度锡净进口量|日本锡净进口量|美国锡净进口量|韩国锡净进口量,国内锡矿进口量,65.0,a10003098,模糊待人工确认,Y
THS-SN-6.1,SN,18,锡精矿进口量分国别时序图,sn_61_import|sn_61_import_2|sn_61_import_3|sn_61_import_4|wr188,70.01|70.01|70.01|70.01|68.42,锡精矿：进口数量：缅甸→中国（月）|锡精矿：进口数量：缅甸→中国（月）|锡精矿：进口数量：缅甸→中国（月）|锡精矿：进口数量：缅甸→中国（月）|国内锡矿进口量,锡精矿：进口数量：缅甸→中国（月）,70.01,ID02105844,高置信,Y
THS-SN-6.1,SN,19,再生锡进口量分国别时序图,wr188|wr190|wr191|wr192|wr193,54.74|54.74|54.74|54.74|54.74,国内锡矿进口量|印度锡净进口量|日本锡净进口量|美国锡净进口量|韩国锡净进口量,国内锡矿进口量,54.74,a10003098,模糊待人工确认,Y
THS-SN-6.1,SN,20,锡精矿与再生锡进口量时序图,wr188|wr185|sn_61_import|sn_61_import_2|sn_61_import_3,65.0|59.09|57.77|57.77|57.77,国内锡矿进口量|马来西亚锡矿进口量|锡精矿：进口数量：缅甸→中国（月）|锡精矿：进口数量：缅甸→中国（月）|锡精矿：进口数量：缅甸→中国（月）,国内锡矿进口量,65.0,a10003098,模糊待人工确认,Y
THS-SN-6.2,SN,0,精炼锡进口量（万吨）,wr183|sn_314_import|sn_314_import_2|sn_314_import_3|sn_314_import_4,92.86|82.11|82.11|82.11|82.11,巴西精炼锡出口量|精炼锡：进口数量：澳大利亚（季）|精炼锡：进口数量：澳大利亚（季）|精炼锡：进口数量：澳大利亚（季）|精炼锡：进口数量：澳大利亚（季）,巴西精炼锡出口量,92.86,a12840345,高置信,Y
THS-SN-6.2,SN,1,精炼锡出口量（万吨）,wr183|sn_62_export|sn_63_export|sn_63_export_2|sn_63_export_3,97.5|82.11|82.11|82.11|82.11,巴西精炼锡出口量|精炼锡：出口数量：马来西亚（月）|精炼锡：出口数量：马来西亚（月）|精炼锡：出口数量：马来西亚（月）|精炼锡：出口数量：马来西亚（月）,巴西精炼锡出口量,97.5,a12840345,高置信,Y
THS-SN-6.2,SN,2,精炼锡净进口量（万吨）,wr190|wr191|wr192|wr193|wr195,92.86|92.86|92.86|92.86|91.77,印度锡净进口量|日本锡净进口量|美国锡净进口量|韩国锡净进口量|中国精炼锡进口量变化,印度锡净进口量,92.86,a12840355,高置信,Y
THS-SN-6.2,SN,3,关税税率（%）,开工率|wr235|li_51_util_ternary|wr57|wr197,28.57|22.22|20.0|20.0|20.0,开工率|硅片开工率|三元材料开工率|氧化铝开工率|国内锡开工率,开工率,28.57,a10083975,无候选/低置信,Y
THS-SN-6.2,SN,4,缅甸锡锭进口量（万吨）,wr174|wr189|wr188|wr190|wr191,80.0|76.47|74.28|74.28|74.28,锡锭进口利润|缅甸进口至我国锡矿量|国内锡矿进口量|印度锡净进口量|日本锡净进口量,锡锭进口利润,80.0,ID01590826,高置信,Y
THS-SN-6.2,SN,5,印尼锡锭进口量（万吨）,wr190|wr174|sn_62_export_2|sn_62_export_3|sn_62_export_4,92.86|80.0|78.0|78.0|78.0,印度锡净进口量|锡锭进口利润|印尼：锡锭：出口数量：全球（月）|印尼：锡锭：出口数量：全球（月）|印尼：锡锭：出口数量：全球（月）,印度锡净进口量,92.86,a12840355,高置信,Y
THS-SN-6.2,SN,6,俄罗斯锡锭进口量（万吨）,wr174|wr188|wr190|wr191|wr192,74.28|69.33|69.33|69.33|69.33,锡锭进口利润|国内锡矿进口量|印度锡净进口量|日本锡净进口量|美国锡净进口量,锡锭进口利润,74.28,ID01590826,高置信,Y
THS-SN-6.2,SN,7,缅甸锡锭出口量（万吨）,wr183|sn_62_export_2|sn_62_export_3|sn_62_export_4|wr182,69.33|65.0|65.0|65.0|61.18,巴西精炼锡出口量|印尼：锡锭：出口数量：全球（月）|印尼：锡锭：出口数量：全球（月）|印尼：锡锭：出口数量：全球（月）|印尼精炼锡出口量变化,巴西精炼锡出口量,69.33,a12840345,模糊待人工确认,Y
THS-SN-6.2,SN,8,印尼锡锭出口量（万吨）,wr182|sn_62_export_2|sn_62_export_3|sn_62_export_4|wr181,91.77|91.0|91.0|91.0|76.47,印尼精炼锡出口量变化|印尼：锡锭：出口数量：全球（月）|印尼：锡锭：出口数量：全球（月）|印尼：锡锭：出口数量：全球（月）|印尼交易所锡锭成交量,印尼精炼锡出口量变化,91.77,a12820786,高置信,Y
THS-SN-6.2,SN,9,俄罗斯锡锭出口量（万吨）,wr183|sn_62_export_2|sn_62_export_3|sn_62_export_4|wr182,65.0|61.91|61.91|61.91|57.77,巴西精炼锡出口量|印尼：锡锭：出口数量：全球（月）|印尼：锡锭：出口数量：全球（月）|印尼：锡锭：出口数量：全球（月）|印尼精炼锡出口量变化,巴西精炼锡出口量,65.0,a12840345,模糊待人工确认,Y
THS-SN-6.2,SN,10,近3年同月进口量均值（万吨）,wr144|si_321_import|si_321_import_2|si_314_by_country_import|si_314_by_country_import_2,44.44|42.11|42.11|40.0|40.0,碳酸锂 月度进口量|工业硅精炼月进口量|工业硅精炼月进口量|工业硅月进口量分国别|工业硅月进口量分国别,碳酸锂 月度进口量,44.44,a10006557,模糊待人工确认,Y
THS-SN-6.2,SN,11,近3年同月进口量标准差（万吨）,wr144|si_321_import|si_321_import_2|wr172|si_314_by_country_import,42.11|40.0|40.0|40.0|38.1,碳酸锂 月度进口量|工业硅精炼月进口量|工业硅精炼月进口量|沪锡近半年月差变化|工业硅月进口量分国别,碳酸锂 月度进口量,42.11,a10006557,模糊待人工确认,Y
THS-SN-6.2,SN,12,近3年同月出口量均值（万吨）,si_62_export|si_62_export_2|wr269|li_62_export_2|pb_63_aux,37.5|37.5|37.5|35.29|33.33,工业硅出口量|工业硅出口量|不锈钢出口量|氢氧化锂出口量|铅蓄电池：出口数量终值：中国（月）,工业硅出口量,37.5,CM0000287779,无候选/低置信,Y
THS-SN-6.2,SN,13,近3年同月出口量标准差（万吨）,wr172|si_62_export|si_62_export_2|wr269|li_62_export_2,40.0|35.29|35.29|35.29|33.33,沪锡近半年月差变化|工业硅出口量|工业硅出口量|不锈钢出口量|氢氧化锂出口量,沪锡近半年月差变化,40.0,a12841510,模糊待人工确认,Y
THS-SN-6.2,SN,14,保税区仓单（手）,wr263|zn_44_inv_plant|wr124|i2|i6,40.0|37.5|36.36|33.33|30.77,不锈钢仓单|锌锭：库存：上海保税区（周）|碳酸锂 仓单量|SHFE铅仓单|LME铅注册仓单,不锈钢仓单,40.0,a12805275,模糊待人工确认,Y
THS-SN-6.2,SN,15,进出口金额（亿元）,sn_62_export_5|al_63_export|li_63_export_value|ni_63_export_steel|al_6_1_import_2,57.14|50.0|50.0|50.0|50.0,锡：出口金额合计：关别（月）|铝制品：出口金额：安徽（月）|锂的碳酸盐出口金额合计中国（月）|不锈钢：出口金额：辽宁（月）|巴西：进口金额：氧化铝（周）,锡：出口金额合计：关别（月）,57.14,CM0000629636,模糊待人工确认,Y
THS-SN-6.2,SN,16,沪锡主力合约收盘价（元/吨）,sn_21_close_front|sn_23_lme_close_3m|sn_21_close|sn_21_close_2|sn_23_lme_close,82.73|72.23|59.09|59.09|59.09,SHFE：锡：主力合约：收盘价（日）|锡：3个月合约：收盘价（日）|SHFE：锡：指数合约：收盘价（日）|SHFE：锡：指数合约：收盘价（日）|LME：锡：3个月合约：收盘价（日）,SHFE：锡：主力合约：收盘价（日）,82.73,FU00016042,高置信,Y
THS-SN-6.2,SN,17,精炼锡进口量时序图,wr195|wr183|sn_314_import|sn_314_import_2|sn_314_import_3,82.11|76.47|70.91|70.91|70.91,中国精炼锡进口量变化|巴西精炼锡出口量|精炼锡：进口数量：澳大利亚（季）|精炼锡：进口数量：澳大利亚（季）|精炼锡：进口数量：澳大利亚（季）,中国精炼锡进口量变化,82.11,a12749487,高置信,Y
THS-SN-6.2,SN,18,精炼锡出口量时序图,wr183|wr182|wr184|sn_62_export|sn_63_export,91.77|82.11|82.11|70.91|70.91,巴西精炼锡出口量|印尼精炼锡出口量变化|马来西亚精炼锡出口量|精炼锡：出口数量：马来西亚（月）|精炼锡：出口数量：马来西亚（月）,巴西精炼锡出口量,91.77,a12840345,高置信,Y
THS-SN-6.2,SN,19,精炼锡净进口量时序图,wr195|wr190|wr191|wr192|wr193,78.0|76.47|76.47|76.47|76.47,中国精炼锡进口量变化|印度锡净进口量|日本锡净进口量|美国锡净进口量|韩国锡净进口量,中国精炼锡进口量变化,78.0,a12749487,高置信,Y
THS-SN-6.2,SN,20,保税区仓单时序图,zn_44_inv_plant|wr263|wr124|i2|cu_44_bonded,31.58|30.77|28.57|26.67|26.09,锌锭：库存：上海保税区（周）|不锈钢仓单|碳酸锂 仓单量|SHFE铅仓单|电解铜：现货库存：中国：保税区（日）,锌锭：库存：上海保税区（周）,31.58,ID01030219,无候选/低置信,Y
THS-SN-6.2,SN,21,精炼锡进口量分国别时序图,wr195|wr183|sn_314_import|sn_314_import_2|sn_314_import_3,70.91|65.0|62.4|62.4|62.4,中国精炼锡进口量变化|巴西精炼锡出口量|精炼锡：进口数量：澳大利亚（季）|精炼锡：进口数量：澳大利亚（季）|精炼锡：进口数量：澳大利亚（季）,中国精炼锡进口量变化,70.91,a12749487,高置信,Y
THS-SN-6.3,SN,0,锡焊料/焊锡出口量（万吨）,wr183|wr182|wr184|wr188|wr190,65.0|57.77|57.77|52.0|52.0,巴西精炼锡出口量|印尼精炼锡出口量变化|马来西亚精炼锡出口量|国内锡矿进口量|印度锡净进口量,巴西精炼锡出口量,65.0,a12840345,模糊待人工确认,Y
THS-SN-6.3,SN,1,锡化工出口量（万吨）,wr183|wr182|wr184|wr188|wr190,74.28|65.0|65.0|59.99|59.99,巴西精炼锡出口量|印尼精炼锡出口量变化|马来西亚精炼锡出口量|国内锡矿进口量|印度锡净进口量,巴西精炼锡出口量,74.28,a12840345,高置信,Y
THS-SN-6.3,SN,2,电子级锡出口量（万吨）,wr183|wr182|wr184|wr188|wr190,69.33|61.18|61.18|55.72|55.72,巴西精炼锡出口量|印尼精炼锡出口量变化|马来西亚精炼锡出口量|国内锡矿进口量|印度锡净进口量,巴西精炼锡出口量,69.33,a12840345,模糊待人工确认,Y
THS-SN-6.3,SN,3,缅甸电子级锡出口量（万吨）,wr183|wr182|wr184|wr189|sn_61_import_5,61.18|54.74|54.74|54.74|49.53,巴西精炼锡出口量|印尼精炼锡出口量变化|马来西亚精炼锡出口量|缅甸进口至我国锡矿量|电解锡：净进口数量：中国（年）,巴西精炼锡出口量,61.18,a12840345,模糊待人工确认,Y
THS-SN-6.3,SN,4,印尼电子级锡出口量（万吨）,wr182|sn_62_export_2|sn_62_export_3|sn_62_export_4|wr190,82.11|70.91|70.91|70.91|65.0,印尼精炼锡出口量变化|印尼：锡锭：出口数量：全球（月）|印尼：锡锭：出口数量：全球（月）|印尼：锡锭：出口数量：全球（月）|印度锡净进口量,印尼精炼锡出口量变化,82.11,a12820786,高置信,Y
THS-SN-6.3,SN,5,保税区仓单（手）,wr263|zn_44_inv_plant|wr124|i2|i6,40.0|37.5|36.36|33.33|30.77,不锈钢仓单|锌锭：库存：上海保税区（周）|碳酸锂 仓单量|SHFE铅仓单|LME铅注册仓单,不锈钢仓单,40.0,a12805275,模糊待人工确认,Y
THS-SN-6.3,SN,6,进出口金额（亿元）,sn_62_export_5|al_63_export|li_63_export_value|ni_63_export_steel|al_6_1_import_2,57.14|50.0|50.0|50.0|50.0,锡：出口金额合计：关别（月）|铝制品：出口金额：安徽（月）|锂的碳酸盐出口金额合计中国（月）|不锈钢：出口金额：辽宁（月）|巴西：进口金额：氧化铝（周）,锡：出口金额合计：关别（月）,57.14,CM0000629636,模糊待人工确认,Y
THS-SN-6.3,SN,7,锡制品出口量（万吨）,wr183|wr182|wr184|wr188|wr190,74.28|65.0|65.0|59.99|59.99,巴西精炼锡出口量|印尼精炼锡出口量变化|马来西亚精炼锡出口量|国内锡矿进口量|印度锡净进口量,巴西精炼锡出口量,74.28,a12840345,高置信,Y
THS-SN-6.3,SN,8,近3年同月出口量均值（万吨）,si_62_export|si_62_export_2|wr269|li_62_export_2|pb_63_aux,37.5|37.5|37.5|35.29|33.33,工业硅出口量|工业硅出口量|不锈钢出口量|氢氧化锂出口量|铅蓄电池：出口数量终值：中国（月）,工业硅出口量,37.5,CM0000287779,无候选/低置信,Y
THS-SN-6.3,SN,9,近3年同月出口量标准差（万吨）,wr172|si_62_export|si_62_export_2|wr269|li_62_export_2,40.0|35.29|35.29|35.29|33.33,沪锡近半年月差变化|工业硅出口量|工业硅出口量|不锈钢出口量|氢氧化锂出口量,沪锡近半年月差变化,40.0,a12841510,模糊待人工确认,Y
THS-SN-6.3,SN,10,关税税率（%）,开工率|wr235|li_51_util_ternary|wr57|wr197,28.57|22.22|20.0|20.0|20.0,开工率|硅片开工率|三元材料开工率|氧化铝开工率|国内锡开工率,开工率,28.57,a10083975,无候选/低置信,Y
THS-SN-6.3,SN,11,沪锡主力合约收盘价（元/吨）,sn_21_close_front|sn_23_lme_close_3m|sn_21_close|sn_21_close_2|sn_23_lme_close,82.73|72.23|59.09|59.09|59.09,SHFE：锡：主力合约：收盘价（日）|锡：3个月合约：收盘价（日）|SHFE：锡：指数合约：收盘价（日）|SHFE：锡：指数合约：收盘价（日）|LME：锡：3个月合约：收盘价（日）,SHFE：锡：主力合约：收盘价（日）,82.73,FU00016042,高置信,Y
THS-SN-6.3,SN,12,缅甸出口占比（%）,wr7|wr189|wr90|si_62_export|si_62_export_2,40.0|37.5|36.36|33.33|33.33,铝材出口-总量|缅甸进口至我国锡矿量|氧化铝出口|工业硅出口量|工业硅出口量,铝材出口-总量,40.0,a10096868,模糊待人工确认,Y
THS-SN-6.3,SN,13,印尼出口占比（%）,wr182|sn_62_export_2|sn_62_export_3|sn_62_export_4|wr7,50.0|42.11|42.11|42.11|40.0,印尼精炼锡出口量变化|印尼：锡锭：出口数量：全球（月）|印尼：锡锭：出口数量：全球（月）|印尼：锡锭：出口数量：全球（月）|铝材出口-总量,印尼精炼锡出口量变化,50.0,a12820786,模糊待人工确认,Y
THS-SN-6.3,SN,14,国内出口占比（%）,wr188|wr273|i41|wr7|wr90,46.15|42.86|40.0|40.0|36.36,国内锡矿进口量|中国硫酸镍出口量|中国海关铅锭出口量|铝材出口-总量|氧化铝出口,国内锡矿进口量,46.15,a10003098,模糊待人工确认,Y
THS-SN-6.3,SN,15,锡焊料/焊锡出口量时序图,wr183|wr182|wr184|sn_62_export|sn_62_export_2,54.74|49.53|49.53|43.33|43.33,巴西精炼锡出口量|印尼精炼锡出口量变化|马来西亚精炼锡出口量|精炼锡：出口数量：马来西亚（月）|印尼：锡锭：出口数量：全球（月）,巴西精炼锡出口量,54.74,a12840345,模糊待人工确认,Y
THS-SN-6.3,SN,16,锡化工出口量时序图,wr183|wr182|wr184|wr188|wr190,61.18|54.74|54.74|48.75|48.75,巴西精炼锡出口量|印尼精炼锡出口量变化|马来西亚精炼锡出口量|国内锡矿进口量|印度锡净进口量,巴西精炼锡出口量,61.18,a12840345,模糊待人工确认,Y
THS-SN-6.3,SN,17,锡焊料/焊锡出口量分国别时序图,wr183|sn_62_export_5|wr182|wr184|sn_61_import_5,47.27|45.21|43.33|43.33|40.0,巴西精炼锡出口量|锡：出口金额合计：关别（月）|印尼精炼锡出口量变化|马来西亚精炼锡出口量|电解锡：净进口数量：中国（年）,巴西精炼锡出口量,47.27,a12840345,模糊待人工确认,Y
THS-SN-6.3,SN,18,锡化工出口量分国别时序图,wr183|sn_62_export_5|wr182|wr184|sn_61_import_5,52.0|49.53|47.27|47.27|43.33,巴西精炼锡出口量|锡：出口金额合计：关别（月）|印尼精炼锡出口量变化|马来西亚精炼锡出口量|电解锡：净进口数量：中国（年）,巴西精炼锡出口量,52.0,a12840345,模糊待人工确认,Y
THS-SN-6.3,SN,19,锡焊料/焊锡与锡化工出口量时序图,wr183|wr182|wr184|sn_62_export|sn_62_export_2,45.21|41.6|41.6|37.14|37.14,巴西精炼锡出口量|印尼精炼锡出口量变化|马来西亚精炼锡出口量|精炼锡：出口数量：马来西亚（月）|印尼：锡锭：出口数量：全球（月）,巴西精炼锡出口量,45.21,a12840345,模糊待人工确认,Y
THS-SN-6.4,SN,0,海外发运量（万吨）,li_63_conc_shipment|li_31_output|wr70|li_31_capacity|wr72,54.55|50.0|46.15|44.44|37.5,锂精矿发运量(班伯里港)|海外碳酸锂产量(智利)|发运量-几内亚官方|海外产能|发运量-路透-几内亚MA3,锂精矿发运量(班伯里港),54.55,ID02038526,模糊待人工确认,Y
THS-SN-6.4,SN,1,发运天数（天）,li_63_conc_shipment|wr70|i15|li_44_inv|wr83,40.0|33.33|30.77|30.77|30.77,锂精矿发运量(班伯里港)|发运量-几内亚官方|再生铅原料库存天数|碳酸锂工厂库存天数|铝土矿库存天数-全国,锂精矿发运量(班伯里港),40.0,ID02038526,模糊待人工确认,Y
THS-SN-6.4,SN,2,缅甸发运量（万吨）,li_63_conc_shipment|wr70|wr189|wr72|精炼产量,54.55|46.15|40.0|37.5|22.22,锂精矿发运量(班伯里港)|发运量-几内亚官方|缅甸进口至我国锡矿量|发运量-路透-几内亚MA3|精炼产量,锂精矿发运量(班伯里港),54.55,ID02038526,模糊待人工确认,Y
THS-SN-6.4,SN,3,印尼发运量（万吨）,li_63_conc_shipment|wr245|wr246|wr248|wr247,54.55|54.55|54.55|54.55|50.0,锂精矿发运量(班伯里港)|印尼冰镍产量（分品味）|印尼冰镍产量（高冰镍+低冰镍）|印尼镍铁产量|印尼精炼镍产量,锂精矿发运量(班伯里港),54.55,ID02038526,模糊待人工确认,Y
THS-SN-6.4,SN,4,俄罗斯发运量（万吨）,li_63_conc_shipment|wr24|wr70|wr72|sn_31_usgs_output_tin_ore_2,50.0|46.15|42.86|35.29|26.09,锂精矿发运量(班伯里港)|原铝进口-俄罗斯|发运量-几内亚官方|发运量-路透-几内亚MA3|USGS：锡矿：含锡：产量：俄罗斯（年）,锂精矿发运量(班伯里港),50.0,ID02038526,模糊待人工确认,Y
THS-SN-6.4,SN,5,保税区仓单（手）,wr263|zn_44_inv_plant|wr124|i2|i6,40.0|37.5|36.36|33.33|30.77,不锈钢仓单|锌锭：库存：上海保税区（周）|碳酸锂 仓单量|SHFE铅仓单|LME铅注册仓单,不锈钢仓单,40.0,a12805275,模糊待人工确认,Y
THS-SN-6.4,SN,6,进出口金额（亿元）,sn_62_export_5|al_63_export|li_63_export_value|ni_63_export_steel|al_6_1_import_2,57.14|50.0|50.0|50.0|50.0,锡：出口金额合计：关别（月）|铝制品：出口金额：安徽（月）|锂的碳酸盐出口金额合计中国（月）|不锈钢：出口金额：辽宁（月）|巴西：进口金额：氧化铝（周）,锡：出口金额合计：关别（月）,57.14,CM0000629636,模糊待人工确认,Y
THS-SN-6.4,SN,7,近3年同月发运量均值（万吨）,li_63_conc_shipment|wr70|wr172|wr21|wr72,37.5|33.33|31.58|28.57|28.57,锂精矿发运量(班伯里港)|发运量-几内亚官方|沪锡近半年月差变化|SHFE铝近3月虚实比|发运量-路透-几内亚MA3,锂精矿发运量(班伯里港),37.5,ID02038526,无候选/低置信,Y
THS-SN-6.4,SN,8,近3年同月发运量标准差（万吨）,wr172|li_63_conc_shipment|wr70|wr21|wr72,40.0|35.29|31.58|27.27|27.27,沪锡近半年月差变化|锂精矿发运量(班伯里港)|发运量-几内亚官方|SHFE铝近3月虚实比|发运量-路透-几内亚MA3,沪锡近半年月差变化,40.0,a12841510,模糊待人工确认,Y
THS-SN-6.4,SN,9,关税税率（%）,开工率|wr235|li_51_util_ternary|wr57|wr197,28.57|22.22|20.0|20.0|20.0,开工率|硅片开工率|三元材料开工率|氧化铝开工率|国内锡开工率,开工率,28.57,a10083975,无候选/低置信,Y
THS-SN-6.4,SN,10,沪锡主力合约收盘价（元/吨）,sn_21_close_front|sn_23_lme_close_3m|sn_21_close|sn_21_close_2|sn_23_lme_close,82.73|72.23|59.09|59.09|59.09,SHFE：锡：主力合约：收盘价（日）|锡：3个月合约：收盘价（日）|SHFE：锡：指数合约：收盘价（日）|SHFE：锡：指数合约：收盘价（日）|LME：锡：3个月合约：收盘价（日）,SHFE：锡：主力合约：收盘价（日）,82.73,FU00016042,高置信,Y
THS-SN-6.4,SN,11,缅甸发运占比（%）,li_63_conc_shipment|wr70|al_41_lme_warrant_ratio|sn_42_ratio|sn_43_ratio,33.33|28.57|25.0|25.0|25.0,锂精矿发运量(班伯里港)|发运量-几内亚官方|LME：铝：注销占比（日）|LME：锡：注销占比（日）|LME：锡：注销占比（日）,锂精矿发运量(班伯里港),33.33,ID02038526,无候选/低置信,Y
THS-SN-6.4,SN,12,印尼发运占比（%）,li_63_conc_shipment|wr245|wr246|wr248|wr253,33.33|33.33|33.33|33.33|33.33,锂精矿发运量(班伯里港)|印尼冰镍产量（分品味）|印尼冰镍产量（高冰镍+低冰镍）|印尼镍铁产量|印尼镍矿价格（HPM 1.6%）,锂精矿发运量(班伯里港),33.33,ID02038526,无候选/低置信,Y
THS-SN-6.4,SN,13,俄罗斯发运占比（%）,wr24|li_63_conc_shipment|wr70|sn_31_usgs_output_tin_ore_2|al_6_4_output_9,42.86|30.77|26.67|25.0|25.0,原铝进口-俄罗斯|锂精矿发运量(班伯里港)|发运量-几内亚官方|USGS：锡矿：含锡：产量：俄罗斯（年）|SMM: 海外氧化铝产量 - 俄罗斯: 月度,原铝进口-俄罗斯,42.86,a12724765,模糊待人工确认,Y
THS-SN-6.4,SN,14,海外发运量时序图,li_63_conc_shipment|li_31_output|wr70|li_31_capacity|wr72,42.86|40.0|37.5|33.33|31.58,锂精矿发运量(班伯里港)|海外碳酸锂产量(智利)|发运量-几内亚官方|海外产能|发运量-路透-几内亚MA3,锂精矿发运量(班伯里港),42.86,ID02038526,模糊待人工确认,Y
THS-SN-6.4,SN,15,海外发运量分国别时序图,si_61_by_country_import|si_62_by_country_export|si_314_by_country_import|si_314_by_country_import_2|li_63_conc_shipment,40.0|40.0|38.1|38.1|35.29,工业硅进口量分国别|工业硅出口量分国别|工业硅月进口量分国别|工业硅月进口量分国别|锂精矿发运量(班伯里港),工业硅进口量分国别,40.0,CM0000287714,模糊待人工确认,Y
THS-SN-6.4,SN,16,发运天数时序图,li_63_conc_shipment|wr70|i15|li_44_inv|wr83,30.77|26.67|25.0|25.0|25.0,锂精矿发运量(班伯里港)|发运量-几内亚官方|再生铅原料库存天数|碳酸锂工厂库存天数|铝土矿库存天数-全国,锂精矿发运量(班伯里港),30.77,ID02038526,无候选/低置信,Y
THS-SN-6.4,SN,17,发运量分国别结构占比时序图,si_61_by_country_import|si_62_by_country_export|si_314_by_country_import|si_314_by_country_import_2|li_63_conc_shipment,36.36|36.36|34.78|34.78|31.58,工业硅进口量分国别|工业硅出口量分国别|工业硅月进口量分国别|工业硅月进口量分国别|锂精矿发运量(班伯里港),工业硅进口量分国别,36.36,CM0000287714,无候选/低置信,Y
THS-SN-6.4,SN,18,海外发运量与发运天数时序图,li_63_conc_shipment|li_31_output|wr70|wr72|li_31_capacity,31.58|30.0|28.57|25.0|23.53,锂精矿发运量(班伯里港)|海外碳酸锂产量(智利)|发运量-几内亚官方|发运量-路透-几内亚MA3|海外产能,锂精矿发运量(班伯里港),31.58,ID02038526,无候选/低置信,Y
THS-SN-7.1,SN,0,冶炼成本（元/吨）,sn_71_cost|sn_71_cost_percentile|sn_71_cost_2|sn_71_cost_3|si_25_cost_smelt,60.0|60.0|60.0|60.0|57.14,精炼锡：成本（日）|精炼锡：成本（日）|精炼锡：成本（日）|精炼锡：成本（日）|工业硅冶炼成本,精炼锡：成本（日）,60.0,ID02105843,模糊待人工确认,Y
THS-SN-7.1,SN,1,现金成本（元/吨）,si_71_cash_cost|si_71_cost_cash|wr59|wr232|sn_71_cost,57.14|57.14|57.14|44.44|40.0,工业硅现金成本|工业硅现金成本|氧化铝(河南)现金成本|工业硅成本|精炼锡：成本（日）,工业硅现金成本,57.14,ID02313948,模糊待人工确认,Y
THS-SN-7.1,SN,2,加工费（元/吨）,TC|wr199|wr158|wr159|wr160,60.0|42.86|37.5|37.5|37.5,TC加工费|锡冶炼厂加工费|锂辉石加工费 四川|锂辉石加工费 山东|锂辉石加工费 江苏,TC加工费,60.0,ID01001800,模糊待人工确认,Y
THS-SN-7.1,SN,3,原料成本（元/吨）,wr232|sn_71_cost|sn_71_cost_percentile|sn_71_cost_2|sn_71_cost_3,44.44|40.0|40.0|40.0|40.0,工业硅成本|精炼锡：成本（日）|精炼锡：成本（日）|精炼锡：成本（日）|精炼锡：成本（日）,工业硅成本,44.44,ID01523500,模糊待人工确认,Y
THS-SN-7.1,SN,4,电价（元/度）,si_71_power|si_71_power_2|si_71_power_3|si_71_power_4|wr112,40.0|40.0|40.0|40.0|36.36,工业硅电价|工业硅电价|工业硅电价|工业硅电价|电池级氢氧化锂(微粉) 价格,工业硅电价,40.0,ID01857527,模糊待人工确认,Y
THS-SN-7.1,SN,5,能源成本（元/吨）,wr232|sn_71_cost|sn_71_cost_percentile|sn_71_cost_2|sn_71_cost_3,44.44|40.0|40.0|40.0|40.0,工业硅成本|精炼锡：成本（日）|精炼锡：成本（日）|精炼锡：成本（日）|精炼锡：成本（日）,工业硅成本,44.44,ID01523500,模糊待人工确认,Y
THS-SN-7.1,SN,6,冶炼利润（元/吨）,sn_72_idx|si_25_profit_smelt|si_25_profit_smelt_2|li_25_profit_smelt|li_25_profit_5,60.0|57.14|57.14|50.0|44.44,冶炼锡：毛利（日）|工业硅冶炼利润|工业硅冶炼利润|氢氧化锂冶炼利润|分路线利润,冶炼锡：毛利（日）,60.0,ID02105841,模糊待人工确认,Y
THS-SN-7.1,SN,7,分位成本（元/吨）,li_71_total_cost|wr232|sn_71_cost|sn_71_cost_percentile|sn_71_cost_2,54.55|44.44|40.0|40.0|40.0,分路线完全成本|工业硅成本|精炼锡：成本（日）|精炼锡：成本（日）|精炼锡：成本（日）,分路线完全成本,54.55,ID01835358,模糊待人工确认,Y
THS-SN-7.1,SN,8,近3年同季成本均值（元/吨）,wr232|sn_71_cost|sn_71_cost_percentile|sn_71_cost_2|sn_71_cost_3,28.57|26.67|26.67|26.67|26.67,工业硅成本|精炼锡：成本（日）|精炼锡：成本（日）|精炼锡：成本（日）|精炼锡：成本（日）,工业硅成本,28.57,ID01523500,无候选/低置信,Y
THS-SN-7.1,SN,9,近3年同季成本标准差（元/吨）,wr172|wr232|sn_71_cost|sn_71_cost_percentile|sn_71_cost_2,31.58|26.67|25.0|25.0|25.0,沪锡近半年月差变化|工业硅成本|精炼锡：成本（日）|精炼锡：成本（日）|精炼锡：成本（日）,沪锡近半年月差变化,31.58,a12841510,无候选/低置信,Y
THS-SN-7.1,SN,10,近3年同季加工费均值（元/吨）,TC|wr199|wr158|wr159|wr160,40.0|35.29|33.33|33.33|33.33,TC加工费|锡冶炼厂加工费|锂辉石加工费 四川|锂辉石加工费 山东|锂辉石加工费 江苏,TC加工费,40.0,ID01001800,模糊待人工确认,Y
THS-SN-7.1,SN,11,近3年同季加工费标准差（元/吨）,TC|wr199|wr158|wr159|wr160,37.5|33.33|31.58|31.58|31.58,TC加工费|锡冶炼厂加工费|锂辉石加工费 四川|锂辉石加工费 山东|锂辉石加工费 江苏,TC加工费,37.5,ID01001800,无候选/低置信,Y
THS-SN-7.1,SN,12,沪锡主力合约收盘价（元/吨）,sn_21_close_front|sn_23_lme_close_3m|sn_21_close|sn_21_close_2|sn_23_lme_close,82.73|72.23|59.09|59.09|59.09,SHFE：锡：主力合约：收盘价（日）|锡：3个月合约：收盘价（日）|SHFE：锡：指数合约：收盘价（日）|SHFE：锡：指数合约：收盘价（日）|LME：锡：3个月合约：收盘价（日）,SHFE：锡：主力合约：收盘价（日）,82.73,FU00016042,高置信,Y
THS-SN-7.1,SN,13,现金成本时序图,si_71_cash_cost|si_71_cost_cash|wr59|al_324_cost|al_71_cost,57.14|57.14|57.14|44.44|40.0,工业硅现金成本|工业硅现金成本|氧化铝(河南)现金成本|氧化铝：现金成本：中国（月）|电解铝：生产现金成本：中国（月）,工业硅现金成本,57.14,ID02313948,模糊待人工确认,Y
THS-SN-7.1,SN,14,冶炼利润时序图,si_25_profit_smelt|si_25_profit_smelt_2|li_25_profit_smelt|sn_72_idx|li_25_profit_5,57.14|57.14|53.33|46.15|33.33,工业硅冶炼利润|工业硅冶炼利润|氢氧化锂冶炼利润|冶炼锡：毛利（日）|分路线利润,工业硅冶炼利润,57.14,ID01528164,模糊待人工确认,Y
THS-SN-7.2,SN,0,冶炼利润（元/吨）,sn_72_idx|si_25_profit_smelt|si_25_profit_smelt_2|li_25_profit_smelt|li_25_profit_5,60.0|57.14|57.14|50.0|44.44,冶炼锡：毛利（日）|工业硅冶炼利润|工业硅冶炼利润|氢氧化锂冶炼利润|分路线利润,冶炼锡：毛利（日）,60.0,ID02105841,模糊待人工确认,Y
THS-SN-7.2,SN,1,加工费（元/吨）,TC|wr199|wr158|wr159|wr160,60.0|42.86|37.5|37.5|37.5,TC加工费|锡冶炼厂加工费|锂辉石加工费 四川|锂辉石加工费 山东|锂辉石加工费 江苏,TC加工费,60.0,ID01001800,模糊待人工确认,Y
THS-SN-7.2,SN,2,原料成本（元/吨）,wr232|sn_71_cost|sn_71_cost_percentile|sn_71_cost_2|sn_71_cost_3,44.44|40.0|40.0|40.0|40.0,工业硅成本|精炼锡：成本（日）|精炼锡：成本（日）|精炼锡：成本（日）|精炼锡：成本（日）,工业硅成本,44.44,ID01523500,模糊待人工确认,Y
THS-SN-7.2,SN,3,电价（元/度）,si_71_power|si_71_power_2|si_71_power_3|si_71_power_4|wr112,40.0|40.0|40.0|40.0|36.36,工业硅电价|工业硅电价|工业硅电价|工业硅电价|电池级氢氧化锂(微粉) 价格,工业硅电价,40.0,ID01857527,模糊待人工确认,Y
THS-SN-7.2,SN,4,现金成本（元/吨）,si_71_cash_cost|si_71_cost_cash|wr59|wr232|sn_71_cost,57.14|57.14|57.14|44.44|40.0,工业硅现金成本|工业硅现金成本|氧化铝(河南)现金成本|工业硅成本|精炼锡：成本（日）,工业硅现金成本,57.14,ID02313948,模糊待人工确认,Y
THS-SN-7.2,SN,5,分位成本（元/吨）,li_71_total_cost|wr232|sn_71_cost|sn_71_cost_percentile|sn_71_cost_2,54.55|44.44|40.0|40.0|40.0,分路线完全成本|工业硅成本|精炼锡：成本（日）|精炼锡：成本（日）|精炼锡：成本（日）,分路线完全成本,54.55,ID01835358,模糊待人工确认,Y
THS-SN-7.2,SN,6,冶炼成本（元/吨）,sn_71_cost|sn_71_cost_percentile|sn_71_cost_2|sn_71_cost_3|si_25_cost_smelt,60.0|60.0|60.0|60.0|57.14,精炼锡：成本（日）|精炼锡：成本（日）|精炼锡：成本（日）|精炼锡：成本（日）|工业硅冶炼成本,精炼锡：成本（日）,60.0,ID02105843,模糊待人工确认,Y
THS-SN-7.2,SN,7,能源成本（元/吨）,wr232|sn_71_cost|sn_71_cost_percentile|sn_71_cost_2|sn_71_cost_3,44.44|40.0|40.0|40.0|40.0,工业硅成本|精炼锡：成本（日）|精炼锡：成本（日）|精炼锡：成本（日）|精炼锡：成本（日）,工业硅成本,44.44,ID01523500,模糊待人工确认,Y
THS-SN-7.2,SN,8,沪锡主力合约收盘价（元/吨）,sn_21_close_front|sn_23_lme_close_3m|sn_21_close|sn_21_close_2|sn_23_lme_close,82.73|72.23|59.09|59.09|59.09,SHFE：锡：主力合约：收盘价（日）|锡：3个月合约：收盘价（日）|SHFE：锡：指数合约：收盘价（日）|SHFE：锡：指数合约：收盘价（日）|LME：锡：3个月合约：收盘价（日）,SHFE：锡：主力合约：收盘价（日）,82.73,FU00016042,高置信,Y
THS-SN-7.2,SN,9,近3年同月加工费均值（元/吨）,TC|wr199|wr158|wr159|wr160,40.0|35.29|33.33|33.33|33.33,TC加工费|锡冶炼厂加工费|锂辉石加工费 四川|锂辉石加工费 山东|锂辉石加工费 江苏,TC加工费,40.0,ID01001800,模糊待人工确认,Y
THS-SN-7.2,SN,10,近3年同月加工费标准差（元/吨）,wr172|TC|wr199|wr158|wr159,40.0|37.5|33.33|31.58|31.58,沪锡近半年月差变化|TC加工费|锡冶炼厂加工费|锂辉石加工费 四川|锂辉石加工费 山东,沪锡近半年月差变化,40.0,a12841510,模糊待人工确认,Y
THS-SN-7.2,SN,11,近3年同月冶炼成本均值（元/吨）,si_25_cost_smelt|si_25_cost_smelt_2|sn_71_cost|sn_71_cost_percentile|sn_71_cost_2,44.44|44.44|35.29|35.29|35.29,工业硅冶炼成本|工业硅冶炼成本|精炼锡：成本（日）|精炼锡：成本（日）|精炼锡：成本（日）,工业硅冶炼成本,44.44,ID01523501,模糊待人工确认,Y
THS-SN-7.2,SN,12,近3年同月冶炼成本标准差（元/吨）,si_25_cost_smelt|si_25_cost_smelt_2|wr172|sn_71_cost|sn_71_cost_percentile,42.11|42.11|38.1|33.33|33.33,工业硅冶炼成本|工业硅冶炼成本|沪锡近半年月差变化|精炼锡：成本（日）|精炼锡：成本（日）,工业硅冶炼成本,42.11,ID01523501,模糊待人工确认,Y
THS-SN-7.2,SN,13,冶炼利润时序图,si_25_profit_smelt|si_25_profit_smelt_2|li_25_profit_smelt|sn_72_idx|li_25_profit_5,57.14|57.14|53.33|46.15|33.33,工业硅冶炼利润|工业硅冶炼利润|氢氧化锂冶炼利润|冶炼锡：毛利（日）|分路线利润,工业硅冶炼利润,57.14,ID01528164,模糊待人工确认,Y
THS-SN-7.2,SN,14,锡锭冶炼利润时序图,wr174|sn_72_idx|wr199|sn_71_util|wr198,69.33|52.0|48.75|37.14|34.67,锡锭进口利润|冶炼锡：毛利（日）|锡冶炼厂加工费|锡：冶炼厂：开工率：中国（月）|国内锡锭产量,锡锭进口利润,69.33,ID01590826,模糊待人工确认,Y
THS-SN-7.2,SN,15,现金成本时序图,si_71_cash_cost|si_71_cost_cash|wr59|al_324_cost|al_71_cost,57.14|57.14|57.14|44.44|40.0,工业硅现金成本|工业硅现金成本|氧化铝(河南)现金成本|氧化铝：现金成本：中国（月）|电解铝：生产现金成本：中国（月）,工业硅现金成本,57.14,ID02313948,模糊待人工确认,Y
THS-SN-7.3,SN,0,电价（元/度）,si_71_power|si_71_power_2|si_71_power_3|si_71_power_4|wr112,40.0|40.0|40.0|40.0|36.36,工业硅电价|工业硅电价|工业硅电价|工业硅电价|电池级氢氧化锂(微粉) 价格,工业硅电价,40.0,ID01857527,模糊待人工确认,Y
THS-SN-7.3,SN,1,煤价（元/吨）,si_315_price_silica|si_315_price_silica_2|si_315_price_silica_3|si_315_price_silica_4|wr255,33.33|33.33|33.33|33.33|33.33,硅石价格|硅石价格|硅石价格|硅石价格|铬矿价格（块矿，36-38%Cr，南非产）,硅石价格,33.33,ID01857528,无候选/低置信,Y
THS-SN-7.3,SN,2,锡精矿价格（元/吨）,wr170|sn_311_output_2|sn_311_output_3|sn_312_output_2|sn_312_output_ratio,70.91|55.72|55.72|55.72|55.72,沪锡价格走势|锡精矿：产量：中国（月）|锡精矿：产量：中国（月）|锡精矿：产量：中国（月）|锡精矿：产量：中国（月）,沪锡价格走势,70.91,a12841487,高置信,Y
THS-SN-7.3,SN,3,再生锡价格（元/吨）,wr170|wr196|sn_23_lme_close_3m|sn_25_price|sn_73_price,70.91|65.0|34.67|32.5|32.5,沪锡价格走势|国内再生锡产量|锡：3个月合约：收盘价（日）|锡精矿：1#：40%Sn：汇总价格：云南（日）|锡精矿：1#：40%Sn：汇总价格：云南（日）,沪锡价格走势,70.91,a12841487,高置信,Y
THS-SN-7.3,SN,4,缅甸锡矿价格（元/吨）,wr170|wr189|wr187|sn_25_price|sn_73_price,65.0|65.0|43.33|41.6|41.6,沪锡价格走势|缅甸进口至我国锡矿量|国内锡矿产量|锡精矿：1#：40%Sn：汇总价格：云南（日）|锡精矿：1#：40%Sn：汇总价格：云南（日）,沪锡价格走势,65.0,a12841487,模糊待人工确认,Y
THS-SN-7.3,SN,5,加工费（元/吨）,TC|wr199|wr158|wr159|wr160,60.0|42.86|37.5|37.5|37.5,TC加工费|锡冶炼厂加工费|锂辉石加工费 四川|锂辉石加工费 山东|锂辉石加工费 江苏,TC加工费,60.0,ID01001800,模糊待人工确认,Y
THS-SN-7.3,SN,6,原料成本（元/吨）,wr232|sn_71_cost|sn_71_cost_percentile|sn_71_cost_2|sn_71_cost_3,44.44|40.0|40.0|40.0|40.0,工业硅成本|精炼锡：成本（日）|精炼锡：成本（日）|精炼锡：成本（日）|精炼锡：成本（日）,工业硅成本,44.44,ID01523500,模糊待人工确认,Y
THS-SN-7.3,SN,7,能源成本（元/吨）,wr232|sn_71_cost|sn_71_cost_percentile|sn_71_cost_2|sn_71_cost_3,44.44|40.0|40.0|40.0|40.0,工业硅成本|精炼锡：成本（日）|精炼锡：成本（日）|精炼锡：成本（日）|精炼锡：成本（日）,工业硅成本,44.44,ID01523500,模糊待人工确认,Y
THS-SN-7.3,SN,8,近3年同月价格均值（元/吨）,li_24_close_near_2|wr172|sn_23_lme_close_3m|si_315_price_silica|si_315_price_silica_2,40.0|33.33|31.58|30.77|30.77,近月合约收盘价|沪锡近半年月差变化|锡：3个月合约：收盘价（日）|硅石价格|硅石价格,近月合约收盘价,40.0,a12841695,模糊待人工确认,Y
THS-SN-7.3,SN,9,近3年同月价格标准差（元/吨）,wr172|li_24_close_near_2|sn_23_lme_close_3m|si_315_price_silica|si_315_price_silica_2,42.11|37.5|30.0|28.57|28.57,沪锡近半年月差变化|近月合约收盘价|锡：3个月合约：收盘价（日）|硅石价格|硅石价格,沪锡近半年月差变化,42.11,a12841510,模糊待人工确认,Y
THS-SN-7.3,SN,10,沪锡主力合约收盘价（元/吨）,sn_21_close_front|sn_23_lme_close_3m|sn_21_close|sn_21_close_2|sn_23_lme_close,82.73|72.23|59.09|59.09|59.09,SHFE：锡：主力合约：收盘价（日）|锡：3个月合约：收盘价（日）|SHFE：锡：指数合约：收盘价（日）|SHFE：锡：指数合约：收盘价（日）|LME：锡：3个月合约：收盘价（日）,SHFE：锡：主力合约：收盘价（日）,82.73,FU00016042,高置信,Y
THS-SN-7.3,SN,11,冶炼利润（元/吨）,sn_72_idx|si_25_profit_smelt|si_25_profit_smelt_2|li_25_profit_smelt|li_25_profit_5,60.0|57.14|57.14|50.0|44.44,冶炼锡：毛利（日）|工业硅冶炼利润|工业硅冶炼利润|氢氧化锂冶炼利润|分路线利润,冶炼锡：毛利（日）,60.0,ID02105841,模糊待人工确认,Y
THS-SN-7.3,SN,12,电价时序图,si_71_power|si_71_power_2|si_71_power_3|si_71_power_4|wr112,40.0|40.0|40.0|40.0|28.57,工业硅电价|工业硅电价|工业硅电价|工业硅电价|电池级氢氧化锂(微粉) 价格,工业硅电价,40.0,ID01857527,模糊待人工确认,Y
THS-SN-7.3,SN,13,锡精矿价格时序图,wr170|sn_25_price|sn_73_price|sn_73_price_2|sn_311_output_2,55.72|48.15|48.15|48.15|45.88,沪锡价格走势|锡精矿：1#：40%Sn：汇总价格：云南（日）|锡精矿：1#：40%Sn：汇总价格：云南（日）|锡精矿：1#：40%Sn：汇总价格：云南（日）|锡精矿：产量：中国（月）,沪锡价格走势,55.72,a12841487,模糊待人工确认,Y
THS-SN-7.3,SN,14,再生锡价格时序图,wr170|wr196|sn_25_price|sn_73_price|sn_73_price_2,55.72|52.0|28.89|28.89|28.89,沪锡价格走势|国内再生锡产量|锡精矿：1#：40%Sn：汇总价格：云南（日）|锡精矿：1#：40%Sn：汇总价格：云南（日）|锡精矿：1#：40%Sn：汇总价格：云南（日）,沪锡价格走势,55.72,a12841487,模糊待人工确认,Y
THS-SN-7.3,SN,15,原料成本时序图,wr232|sn_71_cost|sn_71_cost_percentile|sn_71_cost_2|sn_71_cost_3,33.33|30.77|30.77|30.77|30.77,工业硅成本|精炼锡：成本（日）|精炼锡：成本（日）|精炼锡：成本（日）|精炼锡：成本（日）,工业硅成本,33.33,ID01523500,无候选/低置信,Y
THS-SN-7.3,SN,16,能源成本时序图,wr232|sn_71_cost|sn_71_cost_percentile|sn_71_cost_2|sn_71_cost_3,33.33|30.77|30.77|30.77|30.77,工业硅成本|精炼锡：成本（日）|精炼锡：成本（日）|精炼锡：成本（日）|精炼锡：成本（日）,工业硅成本,33.33,ID01523500,无候选/低置信,Y
THS-SN-7.3,SN,17,缅甸锡矿价格时序图,wr189|wr170|sn_25_price|sn_73_price|sn_73_price_2,54.74|52.0|37.14|37.14|37.14,缅甸进口至我国锡矿量|沪锡价格走势|锡精矿：1#：40%Sn：汇总价格：云南（日）|锡精矿：1#：40%Sn：汇总价格：云南（日）|锡精矿：1#：40%Sn：汇总价格：云南（日）,缅甸进口至我国锡矿量,54.74,a10154831,模糊待人工确认,Y
THS-SN-7.3,SN,18,缅甸锡矿加工费TC时序图,wr199|sn_71_tc|sn_71_tc_2|sn_71_tc_3|sn_72_tc,54.74|48.15|48.15|48.15|48.15,锡冶炼厂加工费|锡精矿：40%Sn：加工费：云南（日）|锡精矿：40%Sn：加工费：云南（日）|锡精矿：40%Sn：加工费：云南（日）|锡精矿：40%Sn：加工费：云南（日）,锡冶炼厂加工费,54.74,a10000748,模糊待人工确认,Y
THS-ZN-2.1,ZN,0,锌主力合约收盘价（元/吨）,zn_21_close_front|zn_21_close_near|zn_21_close_far|zn_23_close_front|zn_24_close_near,86.67|86.67|86.67|86.67|86.67,SHFE：锌：主力合约：收盘价（日）|SHFE：锌：主力合约：收盘价（日）|SHFE：锌：主力合约：收盘价（日）|SHFE：锌：主力合约：收盘价（日）|SHFE：锌：主力合约：收盘价（日）,SHFE：锌：主力合约：收盘价（日）,86.67,FU00016362,高置信,Y
THS-ZN-2.1,ZN,1,持仓量（手）,wr171|wr124|wr19|li_21_openinterest_futures|li_26_top20_openinterest,50.0|44.44|40.0|37.5|37.5,沪锡总持仓量|碳酸锂 仓单量|LME持仓情况|碳酸锂期货持仓量|空头前20持仓量,沪锡总持仓量,50.0,a10177562,模糊待人工确认,Y
THS-ZN-2.1,ZN,2,成交量（手）,j21_volume|zn_21_volume|si_21_volume_front|wr119|wr181,33.33|33.33|33.33|33.33|30.0,沪铅主力连续成交量|LME：锌：成交量（日）|工业硅主力合约成交量|碳酸锂 成交情绪因子|印尼交易所锡锭成交量,沪铅主力连续成交量,33.33,kline:PB:D,无候选/低置信,Y
THS-ZN-2.1,ZN,3,锌基差（元/吨）,zn_21_basis|zn_21_volume|zn_22_premium_5|zn_22_premium_6|zn_311_output_3,65.0|21.67|21.67|21.67|21.67,SHFE：锌：基差（日）|LME：锌：成交量（日）|锌锭：升贴水：广东（日）|锌锭：升贴水：广东（日）|锌精矿：产量：中国（月）,SHFE：锌：基差（日）,65.0,FU00024317,模糊待人工确认,Y
THS-ZN-2.1,ZN,4,现货升贴水（元/吨）,j23_lme_sp3|wr168|wr169|wr1|wr2,50.0|50.0|50.0|46.15|46.15,LME 铅(现货/三个月)升贴水|LME锡升贴水|国内品牌升贴水|A00升贴水-上海|A00升贴水-佛山,LME 铅(现货/三个月)升贴水,50.0,j02797772,模糊待人工确认,Y
THS-ZN-2.1,ZN,5,锌近月合约收盘价（元/吨）,zn_23_lme_close|zn_21_close_front|zn_21_close_near|zn_21_close_far|zn_21_close,74.28|61.91|61.91|61.91|61.91,LME：锌：3个月合约：收盘价（日）|SHFE：锌：主力合约：收盘价（日）|SHFE：锌：主力合约：收盘价（日）|SHFE：锌：主力合约：收盘价（日）|SHFE：锌：指数合约：收盘价（日）,LME：锌：3个月合约：收盘价（日）,74.28,FU00080253,高置信,Y
THS-ZN-2.1,ZN,6,锌远月合约收盘价（元/吨）,zn_23_lme_close|zn_21_close_front|zn_21_close_near|zn_21_close_far|zn_21_close,74.28|61.91|61.91|61.91|61.91,LME：锌：3个月合约：收盘价（日）|SHFE：锌：主力合约：收盘价（日）|SHFE：锌：主力合约：收盘价（日）|SHFE：锌：主力合约：收盘价（日）|SHFE：锌：指数合约：收盘价（日）,LME：锌：3个月合约：收盘价（日）,74.28,FU00080253,高置信,Y
THS-ZN-2.1,ZN,7,月差（元/吨）,si_22_basis|si_23_spread_futures|li_24_spread_futures|li_24_lc_spread|wr252,28.57|28.57|28.57|28.57|28.57,工业硅基差|工业硅期货月差|碳酸锂期货月差|碳酸锂期货月差|不锈钢基差,工业硅基差,28.57,a12841761,无候选/低置信,Y
THS-ZN-2.1,ZN,8,锌仓单注册量（手）,zn_64_lme_reg|zn_41_lme_warrant|zn_26_lme_oi|zn_26_openinterest_top20|zn_26_openinterest,49.53|48.75|43.33|37.14|37.14,LME: 锌仓库注册仓单: 合计: 日度|LME：锌：注销仓单（日）|LME: 锌: 持仓量: 日度|SHFE：锌：单边交易：持仓量（日）|SHFE：锌：单边交易：持仓量（日）,LME: 锌仓库注册仓单: 合计: 日度,49.53,a10017976,模糊待人工确认,Y
THS-ZN-2.1,ZN,9,上期所锌仓单量（手）,zn_41_lme_warrant|zn_26_lme_oi|zn_26_openinterest_top20|zn_26_openinterest|zn_26_openinterest_2,52.0|45.88|39.0|39.0|39.0,LME：锌：注销仓单（日）|LME: 锌: 持仓量: 日度|SHFE：锌：单边交易：持仓量（日）|SHFE：锌：单边交易：持仓量（日）|SHFE：锌：单边交易：持仓量（日）,LME：锌：注销仓单（日）,52.0,FU00016166,模糊待人工确认,Y
THS-ZN-2.1,ZN,10,多空持仓比（%）,li_26_top20_openinterest|li_26_openinterest_top20_long|li_26_openinterest_top20_long_2|li_26_openinterest_top20_long_3|li_26_openinterest_top20_short,46.15|46.15|46.15|46.15|46.15,空头前20持仓量|多头前20持仓量|多头前20持仓量|多头前20持仓量|空头前20持仓量,空头前20持仓量,46.15,FU00085347,模糊待人工确认,Y
THS-ZN-2.1,ZN,11,前20大多头持仓量（手）,li_26_top20_openinterest|li_26_openinterest_top20_long|li_26_openinterest_top20_long_2|li_26_openinterest_top20_long_3|li_26_openinterest_top20_short,70.59|70.59|70.59|70.59|70.59,空头前20持仓量|多头前20持仓量|多头前20持仓量|多头前20持仓量|空头前20持仓量,空头前20持仓量,70.59,FU00085347,高置信,Y
THS-ZN-2.1,ZN,12,前20大空头持仓量（手）,li_26_top20_openinterest|li_26_openinterest_top20_long|li_26_openinterest_top20_long_2|li_26_openinterest_top20_long_3|li_26_openinterest_top20_short,70.59|70.59|70.59|70.59|70.59,空头前20持仓量|多头前20持仓量|多头前20持仓量|多头前20持仓量|空头前20持仓量,空头前20持仓量,70.59,FU00085347,高置信,Y
THS-ZN-2.1,ZN,13,近3年同月收盘价均值（元/吨）,li_24_close_near_2|sn_23_lme_close_3m|cu_24_lme_close|cu_25_lme_close_front|al_00_lme_close,62.5|50.0|41.67|41.67|41.67,近月合约收盘价|锡：3个月合约：收盘价（日）|LME：铜：3个月合约：收盘价（日）|LME：铜：3个月合约：收盘价（日）|LME：铝：3个月合约：收盘价（日）,近月合约收盘价,62.5,a12841695,模糊待人工确认,Y
THS-ZN-2.1,ZN,14,近3年同月收盘价标准差（元/吨）,li_24_close_near_2|sn_23_lme_close_3m|cu_24_lme_close|cu_25_lme_close_front|al_00_lme_close,58.82|47.62|40.0|40.0|40.0,近月合约收盘价|锡：3个月合约：收盘价（日）|LME：铜：3个月合约：收盘价（日）|LME：铜：3个月合约：收盘价（日）|LME：铝：3个月合约：收盘价（日）,近月合约收盘价,58.82,a12841695,模糊待人工确认,Y
THS-ZN-2.1,ZN,15,锌进口盈亏（元/吨）,zn_21_import|zn_314_import|zn_323_import_recycle_3|zn_71_cost|zn_71_cost_2,86.67|86.67|86.67|52.0|52.0,锌锭：进口盈亏：含税（日）|锌锭：进口盈亏：含税（日）|锌锭：进口盈亏：含税（日）|锌锭：进口：理论成本（日）|锌锭：进口：理论成本（日）,锌锭：进口盈亏：含税（日）,86.67,ID01030236,高置信,Y
THS-ZN-2.1,ZN,16,沪伦比（元/吨）,wr173|j22_shfe_ratio|wr170|wr171|al_62_lunlun,75.0|30.0|22.22|22.22|21.43,锡沪伦比|SMM 沪伦比值 铅 现货|沪锡价格走势|沪锡总持仓量|Mysteel：铝：沪伦比值（日）,锡沪伦比,75.0,ID01895225,高置信,Y
THS-ZN-2.2,ZN,0,锌基差（元/吨）,zn_21_basis|zn_21_volume|zn_22_premium_5|zn_22_premium_6|zn_311_output_3,65.0|21.67|21.67|21.67|21.67,SHFE：锌：基差（日）|LME：锌：成交量（日）|锌锭：升贴水：广东（日）|锌锭：升贴水：广东（日）|锌精矿：产量：中国（月）,SHFE：锌：基差（日）,65.0,FU00024317,模糊待人工确认,Y
THS-ZN-2.2,ZN,1,现货升贴水（元/吨）,j23_lme_sp3|wr168|wr169|wr1|wr2,50.0|50.0|50.0|46.15|46.15,LME 铅(现货/三个月)升贴水|LME锡升贴水|国内品牌升贴水|A00升贴水-上海|A00升贴水-佛山,LME 铅(现货/三个月)升贴水,50.0,j02797772,模糊待人工确认,Y
THS-ZN-2.2,ZN,2,锌近月合约收盘价（元/吨）,zn_23_lme_close|zn_21_close_front|zn_21_close_near|zn_21_close_far|zn_21_close,74.28|61.91|61.91|61.91|61.91,LME：锌：3个月合约：收盘价（日）|SHFE：锌：主力合约：收盘价（日）|SHFE：锌：主力合约：收盘价（日）|SHFE：锌：主力合约：收盘价（日）|SHFE：锌：指数合约：收盘价（日）,LME：锌：3个月合约：收盘价（日）,74.28,FU00080253,高置信,Y
THS-ZN-2.2,ZN,3,锌远月合约收盘价（元/吨）,zn_23_lme_close|zn_21_close_front|zn_21_close_near|zn_21_close_far|zn_21_close,74.28|61.91|61.91|61.91|61.91,LME：锌：3个月合约：收盘价（日）|SHFE：锌：主力合约：收盘价（日）|SHFE：锌：主力合约：收盘价（日）|SHFE：锌：主力合约：收盘价（日）|SHFE：锌：指数合约：收盘价（日）,LME：锌：3个月合约：收盘价（日）,74.28,FU00080253,高置信,Y
THS-ZN-2.2,ZN,4,月差（元/吨）,si_22_basis|si_23_spread_futures|li_24_spread_futures|li_24_lc_spread|wr252,28.57|28.57|28.57|28.57|28.57,工业硅基差|工业硅期货月差|碳酸锂期货月差|碳酸锂期货月差|不锈钢基差,工业硅基差,28.57,a12841761,无候选/低置信,Y
THS-ZN-2.2,ZN,5,锌进口盈亏（元/吨）,zn_21_import|zn_314_import|zn_323_import_recycle_3|zn_71_cost|zn_71_cost_2,86.67|86.67|86.67|52.0|52.0,锌锭：进口盈亏：含税（日）|锌锭：进口盈亏：含税（日）|锌锭：进口盈亏：含税（日）|锌锭：进口：理论成本（日）|锌锭：进口：理论成本（日）,锌锭：进口盈亏：含税（日）,86.67,ID01030236,高置信,Y
THS-ZN-2.2,ZN,6,沪伦比（元/吨）,wr173|j22_shfe_ratio|wr170|wr171|al_62_lunlun,75.0|30.0|22.22|22.22|21.43,锡沪伦比|SMM 沪伦比值 铅 现货|沪锡价格走势|沪锡总持仓量|Mysteel：铝：沪伦比值（日）,锡沪伦比,75.0,ID01895225,高置信,Y
THS-ZN-2.2,ZN,7,锌仓单注册量（手）,zn_64_lme_reg|zn_41_lme_warrant|zn_26_lme_oi|zn_26_openinterest_top20|zn_26_openinterest,49.53|48.75|43.33|37.14|37.14,LME: 锌仓库注册仓单: 合计: 日度|LME：锌：注销仓单（日）|LME: 锌: 持仓量: 日度|SHFE：锌：单边交易：持仓量（日）|SHFE：锌：单边交易：持仓量（日）,LME: 锌仓库注册仓单: 合计: 日度,49.53,a10017976,模糊待人工确认,Y
THS-ZN-2.2,ZN,8,上期所锌仓单量（手）,zn_41_lme_warrant|zn_26_lme_oi|zn_26_openinterest_top20|zn_26_openinterest|zn_26_openinterest_2,52.0|45.88|39.0|39.0|39.0,LME：锌：注销仓单（日）|LME: 锌: 持仓量: 日度|SHFE：锌：单边交易：持仓量（日）|SHFE：锌：单边交易：持仓量（日）|SHFE：锌：单边交易：持仓量（日）,LME：锌：注销仓单（日）,52.0,FU00016166,模糊待人工确认,Y
THS-ZN-2.2,ZN,9,上海锌现货升贴水（元/吨）,zn_22_aux|zn_22_premium_5|zn_22_premium_6|zn_21_lme_03|zn_22_basis,80.0|61.18|61.18|49.53|43.33,SMM: 上海锌锭现货升贴水_M合约: 日度|锌锭：升贴水：广东（日）|锌锭：升贴水：广东（日）|LME: 锌0-3升贴水: 日度|SMM: 上海锌锭现货10: 15期货价格: 日度,SMM: 上海锌锭现货升贴水_M合约: 日度,80.0,a10021321,高置信,Y
THS-ZN-2.2,ZN,10,广东锌现货升贴水（元/吨）,zn_22_premium_5|zn_22_premium_6|zn_22_aux|zn_21_lme_03|zn_23_lme_cash,61.18|61.18|59.99|49.53|39.0,锌锭：升贴水：广东（日）|锌锭：升贴水：广东（日）|SMM: 上海锌锭现货升贴水_M合约: 日度|LME: 锌0-3升贴水: 日度|LME: 锌: 现货价: 日度,锌锭：升贴水：广东（日）,61.18,ID01167397,模糊待人工确认,Y
THS-ZN-2.2,ZN,11,天津锌现货升贴水（元/吨）,zn_22_premium_5|zn_22_premium_6|zn_22_aux|zn_21_lme_03|zn_23_lme_cash,61.18|61.18|59.99|49.53|39.0,锌锭：升贴水：广东（日）|锌锭：升贴水：广东（日）|SMM: 上海锌锭现货升贴水_M合约: 日度|LME: 锌0-3升贴水: 日度|LME: 锌: 现货价: 日度,锌锭：升贴水：广东（日）,61.18,ID01167397,模糊待人工确认,Y
THS-ZN-2.2,ZN,12,锌现货升贴水（元/吨）,zn_22_premium_5|zn_22_premium_6|zn_22_aux|zn_21_lme_03|zn_23_lme_cash,69.33|69.33|65.0|54.74|43.33,锌锭：升贴水：广东（日）|锌锭：升贴水：广东（日）|SMM: 上海锌锭现货升贴水_M合约: 日度|LME: 锌0-3升贴水: 日度|LME: 锌: 现货价: 日度,锌锭：升贴水：广东（日）,69.33,ID01167397,模糊待人工确认,Y
THS-ZN-2.2,ZN,13,近3年同月升贴水均值（元/吨）,j23_lme_0to3|wr249|j23_lme_sp3|wr168|wr169,50.0|42.11|35.29|35.29|35.29,LME 铅0-3月升贴水|LME C-3M升贴水|LME 铅(现货/三个月)升贴水|LME锡升贴水|国内品牌升贴水,LME 铅0-3月升贴水,50.0,a10021406,模糊待人工确认,Y
THS-ZN-2.2,ZN,14,近3年同月升贴水标准差（元/吨）,j23_lme_0to3|wr172|wr249|j23_lme_sp3|zn_21_lme_03,47.62|40.0|40.0|33.33|33.33,LME 铅0-3月升贴水|沪锡近半年月差变化|LME C-3M升贴水|LME 铅(现货/三个月)升贴水|LME: 锌0-3升贴水: 日度,LME 铅0-3月升贴水,47.62,a10021406,模糊待人工确认,Y
THS-ZN-2.2,ZN,15,锌主力合约收盘价（元/吨）,zn_21_close_front|zn_21_close_near|zn_21_close_far|zn_23_close_front|zn_24_close_near,86.67|86.67|86.67|86.67|86.67,SHFE：锌：主力合约：收盘价（日）|SHFE：锌：主力合约：收盘价（日）|SHFE：锌：主力合约：收盘价（日）|SHFE：锌：主力合约：收盘价（日）|SHFE：锌：主力合约：收盘价（日）,SHFE：锌：主力合约：收盘价（日）,86.67,FU00016362,高置信,Y
THS-ZN-2.2,ZN,16,LME锌库存（手）,zn_21_lme_inv|zn_23_comex|zn_21_volume|zn_22_lme_inv|zn_41_lme_warrant,86.67|72.23|69.33|65.0|65.0,LME: 锌库存总计: 日度|COMEX：锌：期货库存（日）|LME：锌：成交量（日）|LME：锌：特高级：原产国库存：巴林（月）|LME：锌：注销仓单（日）,LME: 锌库存总计: 日度,86.67,a10017992,高置信,Y
THS-ZN-2.3,ZN,0,LME锌收盘价（美元/吨）,zn_23_lme_3m|zn_23_lme_close|zn_23_lme_cash|zn_21_volume|zn_21_close_front,91.0|86.67|68.42|65.0|61.91,LME: 锌 3M收盘价: 日度|LME：锌：3个月合约：收盘价（日）|LME: 锌: 现货价: 日度|LME：锌：成交量（日）|SHFE：锌：主力合约：收盘价（日）,LME: 锌 3M收盘价: 日度,91.0,a10017942,高置信,Y
THS-ZN-2.3,ZN,1,COMEX锌收盘价（美元/吨）,zn_23_comex|zn_23_lme_3m|zn_23_lme_close|zn_21_close_front|zn_21_close_near,74.28|70.91|67.82|56.52|56.52,COMEX：锌：期货库存（日）|LME: 锌 3M收盘价: 日度|LME：锌：3个月合约：收盘价（日）|SHFE：锌：主力合约：收盘价（日）|SHFE：锌：主力合约：收盘价（日）,COMEX：锌：期货库存（日）,74.28,FU00078777,高置信,Y
THS-ZN-2.3,ZN,2,沪伦比（元/吨）,wr173|j22_shfe_ratio|wr170|wr171|al_62_lunlun,75.0|30.0|22.22|22.22|21.43,锡沪伦比|SMM 沪伦比值 铅 现货|沪锡价格走势|沪锡总持仓量|Mysteel：铝：沪伦比值（日）,锡沪伦比,75.0,ID01895225,高置信,Y
THS-ZN-2.3,ZN,3,锌主力合约收盘价（元/吨）,zn_21_close_front|zn_21_close_near|zn_21_close_far|zn_23_close_front|zn_24_close_near,86.67|86.67|86.67|86.67|86.67,SHFE：锌：主力合约：收盘价（日）|SHFE：锌：主力合约：收盘价（日）|SHFE：锌：主力合约：收盘价（日）|SHFE：锌：主力合约：收盘价（日）|SHFE：锌：主力合约：收盘价（日）,SHFE：锌：主力合约：收盘价（日）,86.67,FU00016362,高置信,Y
THS-ZN-2.3,ZN,4,锌进口盈亏（元/吨）,zn_21_import|zn_314_import|zn_323_import_recycle_3|zn_71_cost|zn_71_cost_2,86.67|86.67|86.67|52.0|52.0,锌锭：进口盈亏：含税（日）|锌锭：进口盈亏：含税（日）|锌锭：进口盈亏：含税（日）|锌锭：进口：理论成本（日）|锌锭：进口：理论成本（日）,锌锭：进口盈亏：含税（日）,86.67,ID01030236,高置信,Y
THS-ZN-2.3,ZN,5,LME锌库存（手）,zn_21_lme_inv|zn_23_comex|zn_21_volume|zn_22_lme_inv|zn_41_lme_warrant,86.67|72.23|69.33|65.0|65.0,LME: 锌库存总计: 日度|COMEX：锌：期货库存（日）|LME：锌：成交量（日）|LME：锌：特高级：原产国库存：巴林（月）|LME：锌：注销仓单（日）,LME: 锌库存总计: 日度,86.67,a10017992,高置信,Y
THS-ZN-2.3,ZN,6,LME锌仓单注册量（手）,zn_41_lme_warrant|zn_64_lme_reg|zn_26_lme_oi|zn_21_volume|zn_53_lme_cancel,82.11|75.83|74.28|72.23|65.0,LME：锌：注销仓单（日）|LME: 锌仓库注册仓单: 合计: 日度|LME: 锌: 持仓量: 日度|LME：锌：成交量（日）|LME: 锌仓库注销仓单: 合计: 日度,LME：锌：注销仓单（日）,82.11,FU00016166,高置信,Y
THS-ZN-2.3,ZN,7,LME锌现货升贴水（美元/吨）,zn_21_lme_03|zn_23_lme_cash|zn_22_aux|zn_21_volume|zn_22_premium_5,82.73|74.28|67.41|57.77|57.77,LME: 锌0-3升贴水: 日度|LME: 锌: 现货价: 日度|SMM: 上海锌锭现货升贴水_M合约: 日度|LME：锌：成交量（日）|锌锭：升贴水：广东（日）,LME: 锌0-3升贴水: 日度,82.73,a10097491,高置信,Y
THS-ZN-2.3,ZN,8,近3年同月收盘价均值（美元/吨）,li_24_close_near_2|sn_23_lme_close_3m|cu_24_lme_close|cu_25_lme_close_front|al_00_lme_close,62.5|50.0|41.67|41.67|41.67,近月合约收盘价|锡：3个月合约：收盘价（日）|LME：铜：3个月合约：收盘价（日）|LME：铜：3个月合约：收盘价（日）|LME：铝：3个月合约：收盘价（日）,近月合约收盘价,62.5,a12841695,模糊待人工确认,Y
THS-ZN-2.3,ZN,9,近3年同月收盘价标准差（美元/吨）,li_24_close_near_2|sn_23_lme_close_3m|cu_24_lme_close|cu_25_lme_close_front|al_00_lme_close,58.82|47.62|40.0|40.0|40.0,近月合约收盘价|锡：3个月合约：收盘价（日）|LME：铜：3个月合约：收盘价（日）|LME：铜：3个月合约：收盘价（日）|LME：铝：3个月合约：收盘价（日）,近月合约收盘价,58.82,a12841695,模糊待人工确认,Y
THS-ZN-2.3,ZN,10,沪锌主力合约收盘价（元/吨）,zn_21_close_front|zn_21_close_near|zn_21_close_far|zn_23_close_front|zn_24_close_near,82.73|82.73|82.73|82.73|82.73,SHFE：锌：主力合约：收盘价（日）|SHFE：锌：主力合约：收盘价（日）|SHFE：锌：主力合约：收盘价（日）|SHFE：锌：主力合约：收盘价（日）|SHFE：锌：主力合约：收盘价（日）,SHFE：锌：主力合约：收盘价（日）,82.73,FU00016362,高置信,Y
THS-ZN-2.4,ZN,0,锌近月合约收盘价（元/吨）,zn_23_lme_close|zn_21_close_front|zn_21_close_near|zn_21_close_far|zn_21_close,74.28|61.91|61.91|61.91|61.91,LME：锌：3个月合约：收盘价（日）|SHFE：锌：主力合约：收盘价（日）|SHFE：锌：主力合约：收盘价（日）|SHFE：锌：主力合约：收盘价（日）|SHFE：锌：指数合约：收盘价（日）,LME：锌：3个月合约：收盘价（日）,74.28,FU00080253,高置信,Y
THS-ZN-2.4,ZN,1,锌远月合约收盘价（元/吨）,zn_23_lme_close|zn_21_close_front|zn_21_close_near|zn_21_close_far|zn_21_close,74.28|61.91|61.91|61.91|61.91,LME：锌：3个月合约：收盘价（日）|SHFE：锌：主力合约：收盘价（日）|SHFE：锌：主力合约：收盘价（日）|SHFE：锌：主力合约：收盘价（日）|SHFE：锌：指数合约：收盘价（日）,LME：锌：3个月合约：收盘价（日）,74.28,FU00080253,高置信,Y
THS-ZN-2.4,ZN,2,月差（元/吨）,si_22_basis|si_23_spread_futures|li_24_spread_futures|li_24_lc_spread|wr252,28.57|28.57|28.57|28.57|28.57,工业硅基差|工业硅期货月差|碳酸锂期货月差|碳酸锂期货月差|不锈钢基差,工业硅基差,28.57,a12841761,无候选/低置信,Y
THS-ZN-2.4,ZN,3,锌次近月合约收盘价（元/吨）,zn_23_lme_close|zn_21_close_front|zn_21_close_near|zn_21_close_far|zn_21_close,70.91|59.09|59.09|59.09|59.09,LME：锌：3个月合约：收盘价（日）|SHFE：锌：主力合约：收盘价（日）|SHFE：锌：主力合约：收盘价（日）|SHFE：锌：主力合约：收盘价（日）|SHFE：锌：指数合约：收盘价（日）,LME：锌：3个月合约：收盘价（日）,70.91,FU00080253,高置信,Y
THS-ZN-2.4,ZN,4,期限结构斜率（元/吨/月）,li_24_futures_struct|li_43_inv_struct|li_43_inv_struct_2|主连|li_53_cons_struct,53.33|40.0|40.0|30.77|30.77,碳酸锂期货期限结构|库存结构|库存结构|期货主连结算价|消费结构-三元材料,碳酸锂期货期限结构,53.33,FU00050048,模糊待人工确认,Y
THS-ZN-2.4,ZN,5,锌仓单注册量（手）,zn_64_lme_reg|zn_41_lme_warrant|zn_26_lme_oi|zn_26_openinterest_top20|zn_26_openinterest,49.53|48.75|43.33|37.14|37.14,LME: 锌仓库注册仓单: 合计: 日度|LME：锌：注销仓单（日）|LME: 锌: 持仓量: 日度|SHFE：锌：单边交易：持仓量（日）|SHFE：锌：单边交易：持仓量（日）,LME: 锌仓库注册仓单: 合计: 日度,49.53,a10017976,模糊待人工确认,Y
THS-ZN-2.4,ZN,6,LME锌库存（手）,zn_21_lme_inv|zn_23_comex|zn_21_volume|zn_22_lme_inv|zn_41_lme_warrant,86.67|72.23|69.33|65.0|65.0,LME: 锌库存总计: 日度|COMEX：锌：期货库存（日）|LME：锌：成交量（日）|LME：锌：特高级：原产国库存：巴林（月）|LME：锌：注销仓单（日）,LME: 锌库存总计: 日度,86.67,a10017992,高置信,Y
THS-ZN-2.4,ZN,7,锌月差（元/吨）,zn_21_basis|zn_23_lme_close|zn_61_conc_import|zn_53_alloy_export|zn_53_export,43.33|30.59|30.59|30.59|30.59,SHFE：锌：基差（日）|LME：锌：3个月合约：收盘价（日）|中国海关: 锌精矿进口量: 月度|中国海关: 锌合金出口量: 月度|中国海关: 精炼锌出口量: 月度,SHFE：锌：基差（日）,43.33,FU00024317,模糊待人工确认,Y
THS-ZN-2.4,ZN,8,沪伦比（元/吨）,wr173|j22_shfe_ratio|wr170|wr171|al_62_lunlun,75.0|30.0|22.22|22.22|21.43,锡沪伦比|SMM 沪伦比值 铅 现货|沪锡价格走势|沪锡总持仓量|Mysteel：铝：沪伦比值（日）,锡沪伦比,75.0,ID01895225,高置信,Y
THS-ZN-2.4,ZN,9,锌进口盈亏（元/吨）,zn_21_import|zn_314_import|zn_323_import_recycle_3|zn_71_cost|zn_71_cost_2,86.67|86.67|86.67|52.0|52.0,锌锭：进口盈亏：含税（日）|锌锭：进口盈亏：含税（日）|锌锭：进口盈亏：含税（日）|锌锭：进口：理论成本（日）|锌锭：进口：理论成本（日）,锌锭：进口盈亏：含税（日）,86.67,ID01030236,高置信,Y
THS-ZN-2.4,ZN,10,近3年同月月差均值（元/吨）,wr172|wr20|wr21|al_24_lme_spread|li_24_close_near_2,44.44|30.0|30.0|27.59|26.67,沪锡近半年月差变化|LME铝远月月差3-15|SHFE铝近3月虚实比|LME：铝：3个月合约：结算价（日）· 月差参考锚|近月合约收盘价,沪锡近半年月差变化,44.44,a12841510,模糊待人工确认,Y
THS-ZN-2.4,ZN,11,近3年同月月差标准差（元/吨）,wr172|wr20|wr21|al_24_lme_spread|li_24_close_near_2,42.11|28.57|28.57|26.67|25.0,沪锡近半年月差变化|LME铝远月月差3-15|SHFE铝近3月虚实比|LME：铝：3个月合约：结算价（日）· 月差参考锚|近月合约收盘价,沪锡近半年月差变化,42.11,a12841510,模糊待人工确认,Y
THS-ZN-2.4,ZN,12,锌期限结构斜率（元/吨/月）,zn_52_util_2|zn_23_comex|zn_52_util|zn_321_capacity_util|zn_323_recycle_capacity_util,27.37|27.37|22.61|21.67|21.67,氧化锌企业：开工率：中国（月）|COMEX：锌：期货库存（日）|镀锌板卷：钢铁企业：开工率：中国（周）|样本企业：原生锌：产能利用率：中国（月）|样本企业：精炼锌：产能利用率：中国（月）,氧化锌企业：开工率：中国（月）,27.37,ID01002075,无候选/低置信,Y
THS-ZN-2.4,ZN,13,近3年同期斜率分位（%）,wr172|al_25_lme_quantile|wr21|开工率|li_25_profit_5,22.22|20.0|20.0|16.67|14.29,沪锡近半年月差变化|LME：铝：3个月合约：结算价（日）· 历史估值分位|SHFE铝近3月虚实比|开工率|分路线利润,沪锡近半年月差变化,22.22,a12841510,无候选/低置信,Y
THS-ZN-2.5,ZN,0,电解锌冶炼利润（元/吨）,zn_25_profit|zn_25_profit_2|zn_25_profit_3|zn_25_profit_percentile|zn_25_cash_profit,43.33|43.33|43.33|38.23|33.92,云南罗平锌电：营业利润（季）|云南罗平锌电：营业利润（季）|云南罗平锌电：营业利润（季）|云南驰宏锌锗：分行业：有色金属冶炼和压延加工业：利润率（半年）|SMM: 精炼锌企业生产利润（不含硫酸和小金属收益）: 日度,云南罗平锌电：营业利润（季）,43.33,LC00139956,模糊待人工确认,Y
THS-ZN-2.5,ZN,1,沪锌主力合约收盘价（元/吨）,zn_21_close_front|zn_21_close_near|zn_21_close_far|zn_23_close_front|zn_24_close_near,82.73|82.73|82.73|82.73|82.73,SHFE：锌：主力合约：收盘价（日）|SHFE：锌：主力合约：收盘价（日）|SHFE：锌：主力合约：收盘价（日）|SHFE：锌：主力合约：收盘价（日）|SHFE：锌：主力合约：收盘价（日）,SHFE：锌：主力合约：收盘价（日）,82.73,FU00016362,高置信,Y
THS-ZN-2.5,ZN,2,锌精矿成本（元/吨）,zn_311_output_3|zn_311_output_4|zn_313_output|zn_313_output_2|zn_25_cost_conc,55.72|55.72|55.72|55.72|54.17,锌精矿：产量：中国（月）|锌精矿：产量：中国（月）|锌精矿：产量：中国（月）|锌精矿：产量：中国（月）|云南驰宏锌锗：分产品：锌精矿：成本比例（半年）,锌精矿：产量：中国（月）,55.72,ID01001563,模糊待人工确认,Y
THS-ZN-2.5,ZN,3,锌精矿加工费（元/吨）,zn_25_tc_conc|zn_311_tc_imp|zn_25_aux|zn_312_aux|zn_312_aux_2,74.28|67.82|59.99|59.99|59.99,锌精矿：50%Zn：加工费：白银（日）|锌精矿：进口：50%Zn：加工费均价（日）|锌精矿：国产：50%Zn：加工费均价：广西（日）|锌精矿：国产：50%Zn：加工费均价：河南（日）|锌精矿：国产：50%Zn：加工费均价：湖南（日）,锌精矿：50%Zn：加工费：白银（日）,74.28,ID01510737,高置信,Y
THS-ZN-2.5,ZN,4,锌精矿TC（美元/吨干矿）,zn_311_output_3|zn_311_output_4|zn_313_output|zn_313_output_2|zn_25_tc_conc_2,55.72|55.72|55.72|55.72|54.17,锌精矿：产量：中国（月）|锌精矿：产量：中国（月）|锌精矿：产量：中国（月）|锌精矿：产量：中国（月）|锌精矿：48%Zn：远期现货TC价：中国（日）,锌精矿：产量：中国（月）,55.72,ID01001563,模糊待人工确认,Y
THS-ZN-2.5,ZN,5,锌冶炼估值分位（%）,zn_22_plant_inv|zn_25_profit_percentile|zn_311_output_recycle|zn_312_output_recycle_4|zn_313_output_recycle,32.5|22.95|20.8|20.8|20.8,SMM: 精炼锌冶炼厂成品库存: 月度|云南驰宏锌锗：分行业：有色金属冶炼和压延加工业：利润率（半年）|USGS：锌矿石及精炼锌：产量：美国（年）|USGS：锌矿石及精炼锌：产量：美国（年）|USGS：锌矿石及精炼锌：产量：美国（年）,SMM: 精炼锌冶炼厂成品库存: 月度,32.5,a10001841,无候选/低置信,Y
THS-ZN-2.5,ZN,6,电解锌现金成本（元/吨）,zn_71_cost|zn_71_cost_2|zn_21_volume|zn_323_output|zn_63_output,45.88|45.88|32.5|32.5|32.5,锌锭：进口：理论成本（日）|锌锭：进口：理论成本（日）|LME：锌：成交量（日）|锌合金：产量：中国（月）|锌合金：产量：中国（月）,锌锭：进口：理论成本（日）,45.88,ID01030235,模糊待人工确认,Y
THS-ZN-2.5,ZN,7,锌冶炼利润分位（%）,zn_25_profit|zn_25_profit_2|zn_25_profit_3|zn_25_profit_percentile|zn_25_cash_profit,43.33|43.33|43.33|38.23|33.92,云南罗平锌电：营业利润（季）|云南罗平锌电：营业利润（季）|云南罗平锌电：营业利润（季）|云南驰宏锌锗：分行业：有色金属冶炼和压延加工业：利润率（半年）|SMM: 精炼锌企业生产利润（不含硫酸和小金属收益）: 日度,云南罗平锌电：营业利润（季）,43.33,LC00139956,模糊待人工确认,Y
THS-ZN-2.5,ZN,8,近3年同期利润均值（元/吨）,li_25_profit_5|li_25_by_route_profit|li_25_by_route_profit_2|wr45|al_25_profit,28.57|28.57|28.57|28.57|26.67,分路线利润|分路线利润|分路线利润|氧化铝利润|电解铝：利润（月）,分路线利润,28.57,a12795960,无候选/低置信,Y
THS-ZN-2.5,ZN,9,再生锌冶炼利润（元/吨）,zn_323_output_recycle|zn_25_profit|zn_25_profit_2|zn_25_profit_3|zn_25_profit_percentile,48.75|43.33|43.33|43.33|38.23,再生锌：产量：中国（月）|云南罗平锌电：营业利润（季）|云南罗平锌电：营业利润（季）|云南罗平锌电：营业利润（季）|云南驰宏锌锗：分行业：有色金属冶炼和压延加工业：利润率（半年）,再生锌：产量：中国（月）,48.75,ID01510884,模糊待人工确认,Y
THS-ZN-2.5,ZN,10,锌合金冶炼利润（元/吨）,zn_323_output|zn_63_output|zn_25_profit_percentile|zn_25_profit|zn_25_profit_2,48.75|48.75|45.88|43.33|43.33,锌合金：产量：中国（月）|锌合金：产量：中国（月）|云南驰宏锌锗：分行业：有色金属冶炼和压延加工业：利润率（半年）|云南罗平锌电：营业利润（季）|云南罗平锌电：营业利润（季）,锌合金：产量：中国（月）,48.75,ID01001564,模糊待人工确认,Y
THS-ZN-2.5,ZN,11,近3年同月利润均值（元/吨）,wr172|wr21|li_25_profit_5|li_25_by_route_profit|li_25_by_route_profit_2,33.33|30.0|28.57|28.57|28.57,沪锡近半年月差变化|SHFE铝近3月虚实比|分路线利润|分路线利润|分路线利润,沪锡近半年月差变化,33.33,a12841510,无候选/低置信,Y
THS-ZN-2.5,ZN,12,近3年同月利润标准差（元/吨）,wr172|wr21|li_25_profit_5|li_25_by_route_profit|li_25_by_route_profit_2,42.11|28.57|26.67|26.67|26.67,沪锡近半年月差变化|SHFE铝近3月虚实比|分路线利润|分路线利润|分路线利润,沪锡近半年月差变化,42.11,a12841510,模糊待人工确认,Y
THS-ZN-2.6,ZN,0,前20大多头持仓量（手）,li_26_top20_openinterest|li_26_openinterest_top20_long|li_26_openinterest_top20_long_2|li_26_openinterest_top20_long_3|li_26_openinterest_top20_short,70.59|70.59|70.59|70.59|70.59,空头前20持仓量|多头前20持仓量|多头前20持仓量|多头前20持仓量|空头前20持仓量,空头前20持仓量,70.59,FU00085347,高置信,Y
THS-ZN-2.6,ZN,1,前20大空头持仓量（手）,li_26_top20_openinterest|li_26_openinterest_top20_long|li_26_openinterest_top20_long_2|li_26_openinterest_top20_long_3|li_26_openinterest_top20_short,70.59|70.59|70.59|70.59|70.59,空头前20持仓量|多头前20持仓量|多头前20持仓量|多头前20持仓量|空头前20持仓量,空头前20持仓量,70.59,FU00085347,高置信,Y
THS-ZN-2.6,ZN,2,多空持仓比（%）,li_26_top20_openinterest|li_26_openinterest_top20_long|li_26_openinterest_top20_long_2|li_26_openinterest_top20_long_3|li_26_openinterest_top20_short,46.15|46.15|46.15|46.15|46.15,空头前20持仓量|多头前20持仓量|多头前20持仓量|多头前20持仓量|空头前20持仓量,空头前20持仓量,46.15,FU00085347,模糊待人工确认,Y
THS-ZN-2.6,ZN,3,前20大净持仓量（手）,li_26_top20_openinterest|li_26_openinterest_top20_long|li_26_openinterest_top20_long_2|li_26_openinterest_top20_long_3|li_26_openinterest_top20_short,75.0|75.0|75.0|75.0|75.0,空头前20持仓量|多头前20持仓量|多头前20持仓量|多头前20持仓量|空头前20持仓量,空头前20持仓量,75.0,FU00085347,高置信,Y
THS-ZN-2.6,ZN,4,沪锌主力合约收盘价（元/吨）,zn_21_close_front|zn_21_close_near|zn_21_close_far|zn_23_close_front|zn_24_close_near,82.73|82.73|82.73|82.73|82.73,SHFE：锌：主力合约：收盘价（日）|SHFE：锌：主力合约：收盘价（日）|SHFE：锌：主力合约：收盘价（日）|SHFE：锌：主力合约：收盘价（日）|SHFE：锌：主力合约：收盘价（日）,SHFE：锌：主力合约：收盘价（日）,82.73,FU00016362,高置信,Y
THS-ZN-2.6,ZN,5,近3年同月净持仓量均值（手）,al_23_lme_oi|wr171|li_21_openinterest_futures|li_26_top20_openinterest|li_26_openinterest_top20_long,40.0|35.29|31.58|31.58|31.58,LME：铝：3个月合约：持仓量（日）|沪锡总持仓量|碳酸锂期货持仓量|空头前20持仓量|多头前20持仓量,LME：铝：3个月合约：持仓量（日）,40.0,FU00014314,模糊待人工确认,Y
THS-ZN-2.6,ZN,6,近3年同月净持仓量标准差（手）,al_23_lme_oi|wr172|wr171|li_21_openinterest_futures|li_26_top20_openinterest,38.46|38.1|33.33|30.0|30.0,LME：铝：3个月合约：持仓量（日）|沪锡近半年月差变化|沪锡总持仓量|碳酸锂期货持仓量|空头前20持仓量,LME：铝：3个月合约：持仓量（日）,38.46,FU00014314,无候选/低置信,Y
THS-ZN-2.6,ZN,7,锌冶炼估值分位（%）,zn_22_plant_inv|zn_25_profit_percentile|zn_311_output_recycle|zn_312_output_recycle_4|zn_313_output_recycle,32.5|22.95|20.8|20.8|20.8,SMM: 精炼锌冶炼厂成品库存: 月度|云南驰宏锌锗：分行业：有色金属冶炼和压延加工业：利润率（半年）|USGS：锌矿石及精炼锌：产量：美国（年）|USGS：锌矿石及精炼锌：产量：美国（年）|USGS：锌矿石及精炼锌：产量：美国（年）,SMM: 精炼锌冶炼厂成品库存: 月度,32.5,a10001841,无候选/低置信,Y
THS-ZN-2.6,ZN,8,总持仓量（手）,wr171|li_21_openinterest_futures|li_26_top20_openinterest|li_26_openinterest_top20_long|li_26_openinterest_top20_long_2,66.67|50.0|50.0|50.0|50.0,沪锡总持仓量|碳酸锂期货持仓量|空头前20持仓量|多头前20持仓量|多头前20持仓量,沪锡总持仓量,66.67,a10177562,模糊待人工确认,Y
THS-ZN-2.6,ZN,9,成交量（手）,j21_volume|zn_21_volume|si_21_volume_front|wr119|wr181,33.33|33.33|33.33|33.33|30.0,沪铅主力连续成交量|LME：锌：成交量（日）|工业硅主力合约成交量|碳酸锂 成交情绪因子|印尼交易所锡锭成交量,沪铅主力连续成交量,33.33,kline:PB:D,无候选/低置信,Y
THS-ZN-2.6,ZN,10,LME锌库存（手）,zn_21_lme_inv|zn_23_comex|zn_21_volume|zn_22_lme_inv|zn_41_lme_warrant,86.67|72.23|69.33|65.0|65.0,LME: 锌库存总计: 日度|COMEX：锌：期货库存（日）|LME：锌：成交量（日）|LME：锌：特高级：原产国库存：巴林（月）|LME：锌：注销仓单（日）,LME: 锌库存总计: 日度,86.67,a10017992,高置信,Y
THS-ZN-3.1.1,ZN,0,海外锌矿产量（万吨）,zn_311_output_3|zn_311_output_4|zn_313_output|zn_313_output_2|zn_312_output_2,69.33|69.33|69.33|69.33|61.18,锌精矿：产量：中国（月）|锌精矿：产量：中国（月）|锌精矿：产量：中国（月）|锌精矿：产量：中国（月）|锌精矿：产量：澳大利亚（季）,锌精矿：产量：中国（月）,69.33,ID01001563,模糊待人工确认,Y
THS-ZN-3.1.1,ZN,1,海外锌矿加工费TC（美元/吨干矿）,zn_25_tc_conc|zn_311_tc_imp|zn_25_aux|zn_312_aux|zn_312_aux_2,54.17|50.0|44.82|44.82|44.82,锌精矿：50%Zn：加工费：白银（日）|锌精矿：进口：50%Zn：加工费均价（日）|锌精矿：国产：50%Zn：加工费均价：广西（日）|锌精矿：国产：50%Zn：加工费均价：河南（日）|锌精矿：国产：50%Zn：加工费均价：湖南（日）,锌精矿：50%Zn：加工费：白银（日）,54.17,ID01510737,模糊待人工确认,Y
THS-ZN-3.1.1,ZN,2,海外锌精炼产量（万吨）,zn_311_output_3|zn_311_output_4|zn_313_output|zn_313_output_2|zn_314_output_2,65.0|65.0|65.0|65.0|65.0,锌精矿：产量：中国（月）|锌精矿：产量：中国（月）|锌精矿：产量：中国（月）|锌精矿：产量：中国（月）|精炼锌：产量：中国（周）,锌精矿：产量：中国（月）,65.0,ID01001563,模糊待人工确认,Y
THS-ZN-3.1.1,ZN,3,海外锌矿开工率（%）,zn_52_util_2|zn_52_util|zn_61_conc_import|zn_25_tc_conc|zn_311_output_3,54.74|45.21|37.14|35.45|32.5,氧化锌企业：开工率：中国（月）|镀锌板卷：钢铁企业：开工率：中国（周）|中国海关: 锌精矿进口量: 月度|锌精矿：50%Zn：加工费：白银（日）|锌精矿：产量：中国（月）,氧化锌企业：开工率：中国（月）,54.74,ID01002075,模糊待人工确认,Y
THS-ZN-3.1.1,ZN,4,海外锌矿产能利用率（%）,zn_321_capacity_util|zn_323_recycle_capacity_util|zn_52_gi_cap_util|zn_312_output_2|zn_311_aux,59.99|59.99|57.77|52.0|52.0,样本企业：原生锌：产能利用率：中国（月）|样本企业：精炼锌：产能利用率：中国（月）|镀锌板卷：钢铁企业：产能利用率：中国（周）|锌精矿：产量：澳大利亚（季）|锌：矿山产量：澳大利亚（季）,样本企业：原生锌：产能利用率：中国（月）,59.99,ID01167334,模糊待人工确认,Y
THS-ZN-3.1.1,ZN,5,海外锌矿产能（万吨）,zn_311_output_3|zn_311_output_4|zn_313_output|zn_313_output_2|zn_312_output_2,52.0|52.0|52.0|52.0|45.88,锌精矿：产量：中国（月）|锌精矿：产量：中国（月）|锌精矿：产量：中国（月）|锌精矿：产量：中国（月）|锌精矿：产量：澳大利亚（季）,锌精矿：产量：中国（月）,52.0,ID01001563,模糊待人工确认,Y
THS-ZN-3.1.1,ZN,6,海外锌矿检修量（万吨）,zn_61_conc_import|zn_311_output_3|zn_311_output_4|zn_313_output|zn_313_output_2,49.53|48.75|48.75|48.75|48.75,中国海关: 锌精矿进口量: 月度|锌精矿：产量：中国（月）|锌精矿：产量：中国（月）|锌精矿：产量：中国（月）|锌精矿：产量：中国（月）,中国海关: 锌精矿进口量: 月度,49.53,a10001843,模糊待人工确认,Y
THS-ZN-3.1.1,ZN,7,海外锌矿进口量（万吨）,zn_61_conc_import|zn_62_import_4|zn_311_import|zn_311_import_2|zn_312_import_3,74.28|61.91|59.09|59.09|59.09,中国海关: 锌精矿进口量: 月度|中国海关: 精炼锌进口量: 月度|锌矿砂及其精矿：进口数量：陕西（月）|锌矿砂及其精矿：进口数量：陕西（月）|锌矿石及其精矿：进口数量：印度（年）,中国海关: 锌精矿进口量: 月度,74.28,a10001843,高置信,Y
THS-ZN-3.1.1,ZN,8,海外锌矿进口量分国别（万吨）,zn_61_conc_import|zn_312_import|zn_312_import_4|zn_311_output_3|zn_311_output_4,65.0|55.72|55.72|54.74|54.74,中国海关: 锌精矿进口量: 月度|锌矿砂及其精矿：进口数量：秘鲁→中国（月）|锌矿砂及其精矿：进口数量：南非→中国（月）|锌精矿：产量：中国（月）|锌精矿：产量：中国（月）,中国海关: 锌精矿进口量: 月度,65.0,a10001843,模糊待人工确认,Y
THS-ZN-3.1.1,ZN,9,海外锌矿再生产量（万吨）,zn_311_output_3|zn_311_output_4|zn_313_output|zn_313_output_2|zn_323_output_recycle,61.18|61.18|61.18|61.18|61.18,锌精矿：产量：中国（月）|锌精矿：产量：中国（月）|锌精矿：产量：中国（月）|锌精矿：产量：中国（月）|再生锌：产量：中国（月）,锌精矿：产量：中国（月）,61.18,ID01001563,模糊待人工确认,Y
THS-ZN-3.1.1,ZN,10,近3年同季产量均值（万吨）,精炼产量|al_00_output_2|li_32_lepid_output|wr214|li_32_output,30.77|30.0|28.57|28.57|26.67,精炼产量|3C铝型材：产量：中国（年）|锂云母产量|多晶硅产量|盐湖提锂产量,精炼产量,30.77,ID01510883,无候选/低置信,Y
THS-ZN-3.1.1,ZN,11,近3年同季产量标准差（万吨）,wr172|精炼产量|al_00_output_2|li_32_lepid_output|wr214,31.58|28.57|28.57|26.67|26.67,沪锡近半年月差变化|精炼产量|3C铝型材：产量：中国（年）|锂云母产量|多晶硅产量,沪锡近半年月差变化,31.58,a12841510,无候选/低置信,Y
THS-ZN-3.1.2,ZN,0,秘鲁锌矿产量（万吨）,zn_311_output_3|zn_311_output_4|zn_313_output|zn_313_output_2|zn_312_output_2,69.33|69.33|69.33|69.33|61.18,锌精矿：产量：中国（月）|锌精矿：产量：中国（月）|锌精矿：产量：中国（月）|锌精矿：产量：中国（月）|锌精矿：产量：澳大利亚（季）,锌精矿：产量：中国（月）,69.33,ID01001563,模糊待人工确认,Y
THS-ZN-3.1.2,ZN,1,澳大利亚锌矿产量（万吨）,zn_311_output_3|zn_311_output_4|zn_313_output|zn_313_output_2|zn_312_output_2,61.18|61.18|61.18|61.18|54.74,锌精矿：产量：中国（月）|锌精矿：产量：中国（月）|锌精矿：产量：中国（月）|锌精矿：产量：中国（月）|锌精矿：产量：澳大利亚（季）,锌精矿：产量：中国（月）,61.18,ID01001563,模糊待人工确认,Y
THS-ZN-3.1.2,ZN,2,印度锌矿产量（万吨）,zn_311_output_3|zn_311_output_4|zn_313_output|zn_313_output_2|zn_312_output_2,69.33|69.33|69.33|69.33|61.18,锌精矿：产量：中国（月）|锌精矿：产量：中国（月）|锌精矿：产量：中国（月）|锌精矿：产量：中国（月）|锌精矿：产量：澳大利亚（季）,锌精矿：产量：中国（月）,69.33,ID01001563,模糊待人工确认,Y
THS-ZN-3.1.2,ZN,3,南非锌矿产量（万吨）,zn_311_output_3|zn_311_output_4|zn_313_output|zn_313_output_2|zn_312_output_2,69.33|69.33|69.33|69.33|61.18,锌精矿：产量：中国（月）|锌精矿：产量：中国（月）|锌精矿：产量：中国（月）|锌精矿：产量：中国（月）|锌精矿：产量：澳大利亚（季）,锌精矿：产量：中国（月）,69.33,ID01001563,模糊待人工确认,Y
THS-ZN-3.1.2,ZN,4,秘鲁锌精炼产量（万吨）,zn_311_output_3|zn_311_output_4|zn_313_output|zn_313_output_2|zn_314_output_2,65.0|65.0|65.0|65.0|65.0,锌精矿：产量：中国（月）|锌精矿：产量：中国（月）|锌精矿：产量：中国（月）|锌精矿：产量：中国（月）|精炼锌：产量：中国（周）,锌精矿：产量：中国（月）,65.0,ID01001563,模糊待人工确认,Y
THS-ZN-3.1.2,ZN,5,澳大利亚锌精炼产量（万吨）,zn_311_output_3|zn_311_output_4|zn_313_output|zn_313_output_2|zn_314_output_2,57.77|57.77|57.77|57.77|57.77,锌精矿：产量：中国（月）|锌精矿：产量：中国（月）|锌精矿：产量：中国（月）|锌精矿：产量：中国（月）|精炼锌：产量：中国（周）,锌精矿：产量：中国（月）,57.77,ID01001563,模糊待人工确认,Y
THS-ZN-3.1.2,ZN,6,印度锌精炼产量（万吨）,zn_311_output_3|zn_311_output_4|zn_313_output|zn_313_output_2|zn_314_output_2,65.0|65.0|65.0|65.0|65.0,锌精矿：产量：中国（月）|锌精矿：产量：中国（月）|锌精矿：产量：中国（月）|锌精矿：产量：中国（月）|精炼锌：产量：中国（周）,锌精矿：产量：中国（月）,65.0,ID01001563,模糊待人工确认,Y
THS-ZN-3.1.2,ZN,7,南非锌精炼产量（万吨）,zn_311_output_3|zn_311_output_4|zn_313_output|zn_313_output_2|zn_314_output_2,65.0|65.0|65.0|65.0|65.0,锌精矿：产量：中国（月）|锌精矿：产量：中国（月）|锌精矿：产量：中国（月）|锌精矿：产量：中国（月）|精炼锌：产量：中国（周）,锌精矿：产量：中国（月）,65.0,ID01001563,模糊待人工确认,Y
THS-ZN-3.1.2,ZN,8,秘鲁锌矿开工率（%）,zn_52_util_2|zn_52_util|zn_25_tc_conc|zn_311_output_3|zn_311_output_4,54.74|45.21|35.45|32.5|32.5,氧化锌企业：开工率：中国（月）|镀锌板卷：钢铁企业：开工率：中国（周）|锌精矿：50%Zn：加工费：白银（日）|锌精矿：产量：中国（月）|锌精矿：产量：中国（月）,氧化锌企业：开工率：中国（月）,54.74,ID01002075,模糊待人工确认,Y
THS-ZN-3.1.2,ZN,9,澳大利亚锌矿开工率（%）,zn_312_output_2|zn_312_output_5|zn_311_aux|zn_52_util_2|zn_52_util,52.0|52.0|52.0|49.53|41.6,锌精矿：产量：澳大利亚（季）|精炼锌：产量：澳大利亚（季）|锌：矿山产量：澳大利亚（季）|氧化锌企业：开工率：中国（月）|镀锌板卷：钢铁企业：开工率：中国（周）,锌精矿：产量：澳大利亚（季）,52.0,ID01655537,模糊待人工确认,Y
THS-ZN-3.1.2,ZN,10,印度锌矿开工率（%）,zn_52_util_2|zn_52_util|zn_25_tc_conc|zn_311_output_3|zn_311_output_4,54.74|45.21|35.45|32.5|32.5,氧化锌企业：开工率：中国（月）|镀锌板卷：钢铁企业：开工率：中国（周）|锌精矿：50%Zn：加工费：白银（日）|锌精矿：产量：中国（月）|锌精矿：产量：中国（月）,氧化锌企业：开工率：中国（月）,54.74,ID01002075,模糊待人工确认,Y
THS-ZN-3.1.2,ZN,11,南非锌矿开工率（%）,zn_52_util_2|zn_52_util|zn_25_tc_conc|zn_311_output_3|zn_311_output_4,54.74|45.21|35.45|32.5|32.5,氧化锌企业：开工率：中国（月）|镀锌板卷：钢铁企业：开工率：中国（周）|锌精矿：50%Zn：加工费：白银（日）|锌精矿：产量：中国（月）|锌精矿：产量：中国（月）,氧化锌企业：开工率：中国（月）,54.74,ID01002075,模糊待人工确认,Y
THS-ZN-3.1.2,ZN,12,秘鲁锌矿产能利用率（%）,zn_321_capacity_util|zn_323_recycle_capacity_util|zn_52_gi_cap_util|zn_312_output_2|zn_311_aux,59.99|59.99|57.77|52.0|52.0,样本企业：原生锌：产能利用率：中国（月）|样本企业：精炼锌：产能利用率：中国（月）|镀锌板卷：钢铁企业：产能利用率：中国（周）|锌精矿：产量：澳大利亚（季）|锌：矿山产量：澳大利亚（季）,样本企业：原生锌：产能利用率：中国（月）,59.99,ID01167334,模糊待人工确认,Y
THS-ZN-3.1.2,ZN,13,澳大利亚锌矿产能利用率（%）,zn_321_capacity_util|zn_323_recycle_capacity_util|zn_52_gi_cap_util|zn_312_output_2|zn_312_output_5,55.72|55.72|53.79|47.27|47.27,样本企业：原生锌：产能利用率：中国（月）|样本企业：精炼锌：产能利用率：中国（月）|镀锌板卷：钢铁企业：产能利用率：中国（周）|锌精矿：产量：澳大利亚（季）|精炼锌：产量：澳大利亚（季）,样本企业：原生锌：产能利用率：中国（月）,55.72,ID01167334,模糊待人工确认,Y
THS-ZN-3.1.2,ZN,14,印度锌矿产能利用率（%）,zn_321_capacity_util|zn_323_recycle_capacity_util|zn_52_gi_cap_util|zn_312_output_2|zn_311_aux,59.99|59.99|57.77|52.0|52.0,样本企业：原生锌：产能利用率：中国（月）|样本企业：精炼锌：产能利用率：中国（月）|镀锌板卷：钢铁企业：产能利用率：中国（周）|锌精矿：产量：澳大利亚（季）|锌：矿山产量：澳大利亚（季）,样本企业：原生锌：产能利用率：中国（月）,59.99,ID01167334,模糊待人工确认,Y
THS-ZN-3.1.2,ZN,15,南非锌矿产能利用率（%）,zn_321_capacity_util|zn_323_recycle_capacity_util|zn_52_gi_cap_util|zn_312_output_2|zn_311_aux,59.99|59.99|57.77|52.0|52.0,样本企业：原生锌：产能利用率：中国（月）|样本企业：精炼锌：产能利用率：中国（月）|镀锌板卷：钢铁企业：产能利用率：中国（周）|锌精矿：产量：澳大利亚（季）|锌：矿山产量：澳大利亚（季）,样本企业：原生锌：产能利用率：中国（月）,59.99,ID01167334,模糊待人工确认,Y
THS-ZN-3.1.2,ZN,16,秘鲁锌矿检修量（万吨）,zn_311_output_3|zn_311_output_4|zn_313_output|zn_313_output_2|zn_312_output_2,48.75|48.75|48.75|48.75|43.33,锌精矿：产量：中国（月）|锌精矿：产量：中国（月）|锌精矿：产量：中国（月）|锌精矿：产量：中国（月）|锌精矿：产量：澳大利亚（季）,锌精矿：产量：中国（月）,48.75,ID01001563,模糊待人工确认,Y
THS-ZN-3.1.2,ZN,17,澳大利亚锌矿检修量（万吨）,zn_312_output_2|zn_312_output_5|zn_311_aux|zn_311_output_3|zn_311_output_4,52.0|52.0|52.0|43.33|43.33,锌精矿：产量：澳大利亚（季）|精炼锌：产量：澳大利亚（季）|锌：矿山产量：澳大利亚（季）|锌精矿：产量：中国（月）|锌精矿：产量：中国（月）,锌精矿：产量：澳大利亚（季）,52.0,ID01655537,模糊待人工确认,Y
THS-ZN-3.1.2,ZN,18,印度锌矿检修量（万吨）,zn_311_output_3|zn_311_output_4|zn_313_output|zn_313_output_2|zn_312_output_2,48.75|48.75|48.75|48.75|43.33,锌精矿：产量：中国（月）|锌精矿：产量：中国（月）|锌精矿：产量：中国（月）|锌精矿：产量：中国（月）|锌精矿：产量：澳大利亚（季）,锌精矿：产量：中国（月）,48.75,ID01001563,模糊待人工确认,Y
THS-ZN-3.1.2,ZN,19,南非锌矿检修量（万吨）,zn_311_output_3|zn_311_output_4|zn_313_output|zn_313_output_2|zn_312_output_2,48.75|48.75|48.75|48.75|43.33,锌精矿：产量：中国（月）|锌精矿：产量：中国（月）|锌精矿：产量：中国（月）|锌精矿：产量：中国（月）|锌精矿：产量：澳大利亚（季）,锌精矿：产量：中国（月）,48.75,ID01001563,模糊待人工确认,Y
THS-ZN-3.1.2,ZN,20,秘鲁锌矿进口量（万吨）,zn_61_conc_import|zn_311_import|zn_311_import_2|zn_312_import_3|zn_314_import_2,61.91|59.09|59.09|59.09|59.09,中国海关: 锌精矿进口量: 月度|锌矿砂及其精矿：进口数量：陕西（月）|锌矿砂及其精矿：进口数量：陕西（月）|锌矿石及其精矿：进口数量：印度（年）|锌矿砂及其精矿：进口数量：陕西（月）,中国海关: 锌精矿进口量: 月度,61.91,a10001843,模糊待人工确认,Y
THS-ZN-3.1.2,ZN,21,澳大利亚锌矿进口量（万吨）,zn_61_conc_import|zn_311_import|zn_311_import_2|zn_312_import_3|zn_314_import_2,56.52|54.17|54.17|54.17|54.17,中国海关: 锌精矿进口量: 月度|锌矿砂及其精矿：进口数量：陕西（月）|锌矿砂及其精矿：进口数量：陕西（月）|锌矿石及其精矿：进口数量：印度（年）|锌矿砂及其精矿：进口数量：陕西（月）,中国海关: 锌精矿进口量: 月度,56.52,a10001843,模糊待人工确认,Y
THS-ZN-3.1.2,ZN,22,印度锌矿进口量（万吨）,zn_61_conc_import|zn_311_import|zn_311_import_2|zn_314_import_2|zn_312_import,61.91|59.09|59.09|59.09|52.0,中国海关: 锌精矿进口量: 月度|锌矿砂及其精矿：进口数量：陕西（月）|锌矿砂及其精矿：进口数量：陕西（月）|锌矿砂及其精矿：进口数量：陕西（月）|锌矿砂及其精矿：进口数量：秘鲁→中国（月）,中国海关: 锌精矿进口量: 月度,61.91,a10001843,模糊待人工确认,Y
THS-ZN-3.1.2,ZN,23,南非锌矿进口量（万吨）,zn_61_conc_import|zn_311_import|zn_311_import_2|zn_312_import_3|zn_314_import_2,61.91|59.09|59.09|59.09|59.09,中国海关: 锌精矿进口量: 月度|锌矿砂及其精矿：进口数量：陕西（月）|锌矿砂及其精矿：进口数量：陕西（月）|锌矿石及其精矿：进口数量：印度（年）|锌矿砂及其精矿：进口数量：陕西（月）,中国海关: 锌精矿进口量: 月度,61.91,a10001843,模糊待人工确认,Y
THS-ZN-3.1.2,ZN,24,秘鲁锌矿再生产量（万吨）,zn_311_output_3|zn_311_output_4|zn_313_output|zn_313_output_2|zn_323_output_recycle,61.18|61.18|61.18|61.18|61.18,锌精矿：产量：中国（月）|锌精矿：产量：中国（月）|锌精矿：产量：中国（月）|锌精矿：产量：中国（月）|再生锌：产量：中国（月）,锌精矿：产量：中国（月）,61.18,ID01001563,模糊待人工确认,Y
THS-ZN-3.1.2,ZN,25,澳大利亚锌矿再生产量（万吨）,zn_311_output_3|zn_311_output_4|zn_313_output|zn_313_output_2|zn_323_output_recycle,54.74|54.74|54.74|54.74|54.74,锌精矿：产量：中国（月）|锌精矿：产量：中国（月）|锌精矿：产量：中国（月）|锌精矿：产量：中国（月）|再生锌：产量：中国（月）,锌精矿：产量：中国（月）,54.74,ID01001563,模糊待人工确认,Y
THS-ZN-3.1.2,ZN,26,印度锌矿再生产量（万吨）,zn_311_output_3|zn_311_output_4|zn_313_output|zn_313_output_2|zn_323_output_recycle,61.18|61.18|61.18|61.18|61.18,锌精矿：产量：中国（月）|锌精矿：产量：中国（月）|锌精矿：产量：中国（月）|锌精矿：产量：中国（月）|再生锌：产量：中国（月）,锌精矿：产量：中国（月）,61.18,ID01001563,模糊待人工确认,Y
THS-ZN-3.1.2,ZN,27,南非锌矿再生产量（万吨）,zn_311_output_3|zn_311_output_4|zn_313_output|zn_313_output_2|zn_323_output_recycle,61.18|61.18|61.18|61.18|61.18,锌精矿：产量：中国（月）|锌精矿：产量：中国（月）|锌精矿：产量：中国（月）|锌精矿：产量：中国（月）|再生锌：产量：中国（月）,锌精矿：产量：中国（月）,61.18,ID01001563,模糊待人工确认,Y
THS-ZN-3.1.2,ZN,28,近3年同月秘鲁产量均值（万吨）,wr136|wr138|si_321_output|si_323_output_recycle|si_312_output_2,33.33|33.33|31.58|31.58|31.58,三元材料 月度产量|钴酸锂 月度产量|工业硅精炼月产量|工业硅再生月产量|中国工业硅月产量,三元材料 月度产量,33.33,a10001951,无候选/低置信,Y
THS-ZN-3.1.2,ZN,29,近3年同月秘鲁产量标准差（万吨）,wr172|wr136|wr138|si_321_output|si_323_output_recycle,38.1|31.58|31.58|30.0|30.0,沪锡近半年月差变化|三元材料 月度产量|钴酸锂 月度产量|工业硅精炼月产量|工业硅再生月产量,沪锡近半年月差变化,38.1,a12841510,无候选/低置信,Y
THS-ZN-3.1.3,ZN,0,国内锌矿产量（万吨）,zn_311_output_3|zn_311_output_4|zn_313_output|zn_313_output_2|zn_312_output_2,69.33|69.33|69.33|69.33|61.18,锌精矿：产量：中国（月）|锌精矿：产量：中国（月）|锌精矿：产量：中国（月）|锌精矿：产量：中国（月）|锌精矿：产量：澳大利亚（季）,锌精矿：产量：中国（月）,69.33,ID01001563,模糊待人工确认,Y
THS-ZN-3.1.3,ZN,1,国内锌矿加工费TC（美元/吨干矿）,zn_25_tc_conc|zn_311_tc_imp|zn_25_tc_conc_2|zn_315_tc_percentile|zn_315_tc,54.17|50.0|37.14|37.14|37.14,锌精矿：50%Zn：加工费：白银（日）|锌精矿：进口：50%Zn：加工费均价（日）|锌精矿：48%Zn：远期现货TC价：中国（日）|锌精矿：48%Zn：远期现货TC价：中国（日）|锌精矿：48%Zn：远期现货TC价：中国（日）,锌精矿：50%Zn：加工费：白银（日）,54.17,ID01510737,模糊待人工确认,Y
THS-ZN-3.1.3,ZN,2,国内锌矿开工率（%）,zn_52_util_2|zn_52_util|zn_61_conc_import|zn_25_tc_conc|zn_311_tc_imp,54.74|45.21|37.14|35.45|32.5,氧化锌企业：开工率：中国（月）|镀锌板卷：钢铁企业：开工率：中国（周）|中国海关: 锌精矿进口量: 月度|锌精矿：50%Zn：加工费：白银（日）|锌精矿：进口：50%Zn：加工费均价（日）,氧化锌企业：开工率：中国（月）,54.74,ID01002075,模糊待人工确认,Y
THS-ZN-3.1.3,ZN,3,国内锌矿产能利用率（%）,zn_321_capacity_util|zn_323_recycle_capacity_util|zn_52_gi_cap_util|zn_312_output_2|zn_311_aux,59.99|59.99|57.77|52.0|52.0,样本企业：原生锌：产能利用率：中国（月）|样本企业：精炼锌：产能利用率：中国（月）|镀锌板卷：钢铁企业：产能利用率：中国（周）|锌精矿：产量：澳大利亚（季）|锌：矿山产量：澳大利亚（季）,样本企业：原生锌：产能利用率：中国（月）,59.99,ID01167334,模糊待人工确认,Y
THS-ZN-3.1.3,ZN,4,国内锌矿产能（万吨）,zn_312_output_2|zn_311_aux|zn_312_output|zn_312_output_3|zn_311_output,45.88|45.88|41.05|41.05|39.0,锌精矿：产量：澳大利亚（季）|锌：矿山产量：澳大利亚（季）|USGS：锌矿：产量：秘鲁（年）|USGS：锌矿：产量：印度（年）|ILZSG：锌矿：产量：全球（月）,锌精矿：产量：澳大利亚（季）,45.88,ID01655537,模糊待人工确认,Y
THS-ZN-3.1.3,ZN,5,国内锌矿检修量（万吨）,zn_61_conc_import|zn_312_output_2|zn_311_aux|zn_312_output|zn_312_output_3,49.53|43.33|43.33|39.0|39.0,中国海关: 锌精矿进口量: 月度|锌精矿：产量：澳大利亚（季）|锌：矿山产量：澳大利亚（季）|USGS：锌矿：产量：秘鲁（年）|USGS：锌矿：产量：印度（年）,中国海关: 锌精矿进口量: 月度,49.53,a10001843,模糊待人工确认,Y
THS-ZN-3.1.3,ZN,6,国内锌矿进口量（万吨）,zn_61_conc_import|zn_62_import_4|zn_311_import|zn_311_import_2|zn_312_import_3,74.28|61.91|59.09|59.09|59.09,中国海关: 锌精矿进口量: 月度|中国海关: 精炼锌进口量: 月度|锌矿砂及其精矿：进口数量：陕西（月）|锌矿砂及其精矿：进口数量：陕西（月）|锌矿石及其精矿：进口数量：印度（年）,中国海关: 锌精矿进口量: 月度,74.28,a10001843,高置信,Y
THS-ZN-3.1.3,ZN,7,国内锌矿进口量分国别（万吨）,zn_61_conc_import|zn_312_import|zn_312_import_4|zn_314_import_5|zn_314_import_6,65.0|55.72|55.72|54.17|54.17,中国海关: 锌精矿进口量: 月度|锌矿砂及其精矿：进口数量：秘鲁→中国（月）|锌矿砂及其精矿：进口数量：南非→中国（月）|精炼锌：进口数量：秘鲁→中国（月）|精炼锌：进口数量：秘鲁→中国（月）,中国海关: 锌精矿进口量: 月度,65.0,a10001843,模糊待人工确认,Y
THS-ZN-3.1.3,ZN,8,国内锌矿再生产量（万吨）,zn_311_output_3|zn_311_output_4|zn_313_output|zn_313_output_2|zn_323_output_recycle,61.18|61.18|61.18|61.18|61.18,锌精矿：产量：中国（月）|锌精矿：产量：中国（月）|锌精矿：产量：中国（月）|锌精矿：产量：中国（月）|再生锌：产量：中国（月）,锌精矿：产量：中国（月）,61.18,ID01001563,模糊待人工确认,Y
THS-ZN-3.1.3,ZN,9,近3年同月产量均值（万吨）,wr136|wr138|si_321_output|si_323_output_recycle|si_312_output_2,37.5|37.5|35.29|35.29|35.29,三元材料 月度产量|钴酸锂 月度产量|工业硅精炼月产量|工业硅再生月产量|中国工业硅月产量,三元材料 月度产量,37.5,a10001951,无候选/低置信,Y
THS-ZN-3.1.3,ZN,10,近3年同月产量标准差（万吨）,wr172|wr136|wr138|si_321_output|si_323_output_recycle,42.11|35.29|35.29|33.33|33.33,沪锡近半年月差变化|三元材料 月度产量|钴酸锂 月度产量|工业硅精炼月产量|工业硅再生月产量,沪锡近半年月差变化,42.11,a12841510,模糊待人工确认,Y
THS-ZN-3.1.3,ZN,11,国内锌矿TC（美元/吨干矿）,zn_25_tc_conc_2|zn_315_tc_percentile|zn_315_tc|zn_315_tc_2|zn_61_conc_import,41.6|41.6|41.6|41.6|39.0,锌精矿：48%Zn：远期现货TC价：中国（日）|锌精矿：48%Zn：远期现货TC价：中国（日）|锌精矿：48%Zn：远期现货TC价：中国（日）|锌精矿：48%Zn：远期现货TC价：中国（日）|中国海关: 锌精矿进口量: 月度,锌精矿：48%Zn：远期现货TC价：中国（日）,41.6,ID01320770,模糊待人工确认,Y
THS-ZN-3.1.4,ZN,0,国内锌矿进口总量（万吨）,zn_61_conc_import|zn_62_import_4|zn_311_import|zn_311_import_2|zn_312_import_3,65.0|52.0|49.53|49.53|49.53,中国海关: 锌精矿进口量: 月度|中国海关: 精炼锌进口量: 月度|锌矿砂及其精矿：进口数量：陕西（月）|锌矿砂及其精矿：进口数量：陕西（月）|锌矿石及其精矿：进口数量：印度（年）,中国海关: 锌精矿进口量: 月度,65.0,a10001843,模糊待人工确认,Y
THS-ZN-3.1.4,ZN,1,锌矿TC（美元/吨干矿）,zn_25_tc_conc_2|zn_315_tc_percentile|zn_315_tc|zn_315_tc_2|zn_311_output_3,45.21|45.21|45.21|45.21|40.0,锌精矿：48%Zn：远期现货TC价：中国（日）|锌精矿：48%Zn：远期现货TC价：中国（日）|锌精矿：48%Zn：远期现货TC价：中国（日）|锌精矿：48%Zn：远期现货TC价：中国（日）|锌精矿：产量：中国（月）,锌精矿：48%Zn：远期现货TC价：中国（日）,45.21,ID01320770,模糊待人工确认,Y
THS-ZN-3.1.4,ZN,2,秘鲁锌矿进口量（万吨）,zn_61_conc_import|zn_311_import|zn_311_import_2|zn_312_import_3|zn_314_import_2,61.91|59.09|59.09|59.09|59.09,中国海关: 锌精矿进口量: 月度|锌矿砂及其精矿：进口数量：陕西（月）|锌矿砂及其精矿：进口数量：陕西（月）|锌矿石及其精矿：进口数量：印度（年）|锌矿砂及其精矿：进口数量：陕西（月）,中国海关: 锌精矿进口量: 月度,61.91,a10001843,模糊待人工确认,Y
THS-ZN-3.1.4,ZN,3,澳大利亚锌矿进口量（万吨）,zn_61_conc_import|zn_311_import|zn_311_import_2|zn_312_import_3|zn_314_import_2,56.52|54.17|54.17|54.17|54.17,中国海关: 锌精矿进口量: 月度|锌矿砂及其精矿：进口数量：陕西（月）|锌矿砂及其精矿：进口数量：陕西（月）|锌矿石及其精矿：进口数量：印度（年）|锌矿砂及其精矿：进口数量：陕西（月）,中国海关: 锌精矿进口量: 月度,56.52,a10001843,模糊待人工确认,Y
THS-ZN-3.1.4,ZN,4,印度锌矿进口量（万吨）,zn_61_conc_import|zn_311_import|zn_311_import_2|zn_314_import_2|zn_312_import,61.91|59.09|59.09|59.09|52.0,中国海关: 锌精矿进口量: 月度|锌矿砂及其精矿：进口数量：陕西（月）|锌矿砂及其精矿：进口数量：陕西（月）|锌矿砂及其精矿：进口数量：陕西（月）|锌矿砂及其精矿：进口数量：秘鲁→中国（月）,中国海关: 锌精矿进口量: 月度,61.91,a10001843,模糊待人工确认,Y
THS-ZN-3.1.4,ZN,5,南非锌矿进口量（万吨）,zn_61_conc_import|zn_311_import|zn_311_import_2|zn_312_import_3|zn_314_import_2,61.91|59.09|59.09|59.09|59.09,中国海关: 锌精矿进口量: 月度|锌矿砂及其精矿：进口数量：陕西（月）|锌矿砂及其精矿：进口数量：陕西（月）|锌矿石及其精矿：进口数量：印度（年）|锌矿砂及其精矿：进口数量：陕西（月）,中国海关: 锌精矿进口量: 月度,61.91,a10001843,模糊待人工确认,Y
THS-ZN-3.1.4,ZN,6,锌矿进口盈亏（元/吨）,zn_21_import|zn_314_import|zn_323_import_recycle_3|zn_61_conc_import|zn_61_conc_imp_pnl,81.25|81.25|81.25|52.0|52.0,锌锭：进口盈亏：含税（日）|锌锭：进口盈亏：含税（日）|锌锭：进口盈亏：含税（日）|中国海关: 锌精矿进口量: 月度|SMM: 锌精矿日度进口盈亏: 锌精矿进口盈亏: 日度,锌锭：进口盈亏：含税（日）,81.25,ID01030236,高置信,Y
THS-ZN-3.1.4,ZN,7,沪伦比（元/吨）,wr173|j22_shfe_ratio|wr170|wr171|al_62_lunlun,75.0|30.0|22.22|22.22|21.43,锡沪伦比|SMM 沪伦比值 铅 现货|沪锡价格走势|沪锡总持仓量|Mysteel：铝：沪伦比值（日）,锡沪伦比,75.0,ID01895225,高置信,Y
THS-ZN-3.1.4,ZN,8,锌矿进口量（万吨）,zn_61_conc_import|zn_311_import|zn_311_import_2|zn_312_import_3|zn_314_import_2,68.42|65.0|65.0|65.0|65.0,中国海关: 锌精矿进口量: 月度|锌矿砂及其精矿：进口数量：陕西（月）|锌矿砂及其精矿：进口数量：陕西（月）|锌矿石及其精矿：进口数量：印度（年）|锌矿砂及其精矿：进口数量：陕西（月）,中国海关: 锌精矿进口量: 月度,68.42,a10001843,模糊待人工确认,Y
THS-ZN-3.1.4,ZN,9,LME锌库存（手）,zn_21_lme_inv|zn_23_comex|zn_21_volume|zn_22_lme_inv|zn_41_lme_warrant,86.67|72.23|69.33|65.0|65.0,LME: 锌库存总计: 日度|COMEX：锌：期货库存（日）|LME：锌：成交量（日）|LME：锌：特高级：原产国库存：巴林（月）|LME：锌：注销仓单（日）,LME: 锌库存总计: 日度,86.67,a10017992,高置信,Y
THS-ZN-3.1.4,ZN,10,近3年同月进口量均值（万吨）,wr144|si_321_import|si_321_import_2|si_314_by_country_import|si_314_by_country_import_2,44.44|42.11|42.11|40.0|40.0,碳酸锂 月度进口量|工业硅精炼月进口量|工业硅精炼月进口量|工业硅月进口量分国别|工业硅月进口量分国别,碳酸锂 月度进口量,44.44,a10006557,模糊待人工确认,Y
THS-ZN-3.1.4,ZN,11,近3年同月进口量标准差（万吨）,wr144|si_321_import|si_321_import_2|wr172|si_314_by_country_import,42.11|40.0|40.0|40.0|38.1,碳酸锂 月度进口量|工业硅精炼月进口量|工业硅精炼月进口量|沪锡近半年月差变化|工业硅月进口量分国别,碳酸锂 月度进口量,42.11,a10006557,模糊待人工确认,Y
THS-ZN-3.1.4,ZN,12,上期所锌仓单注册量（手）,zn_64_lme_reg|zn_41_lme_warrant|zn_26_lme_oi|zn_26_openinterest_top20|zn_26_openinterest,47.27|45.88|41.05|35.45|35.45,LME: 锌仓库注册仓单: 合计: 日度|LME：锌：注销仓单（日）|LME: 锌: 持仓量: 日度|SHFE：锌：单边交易：持仓量（日）|SHFE：锌：单边交易：持仓量（日）,LME: 锌仓库注册仓单: 合计: 日度,47.27,a10017976,模糊待人工确认,Y
THS-ZN-3.1.4,ZN,13,近3年同月秘鲁进口量均值（万吨）,wr144|si_321_import|si_321_import_2|si_314_by_country_import|si_314_by_country_import_2,40.0|38.1|38.1|36.36|36.36,碳酸锂 月度进口量|工业硅精炼月进口量|工业硅精炼月进口量|工业硅月进口量分国别|工业硅月进口量分国别,碳酸锂 月度进口量,40.0,a10006557,模糊待人工确认,Y
THS-ZN-3.1.4,ZN,14,近3年同月秘鲁进口量标准差（万吨）,wr144|si_321_import|si_321_import_2|wr172|si_314_by_country_import,38.1|36.36|36.36|36.36|34.78,碳酸锂 月度进口量|工业硅精炼月进口量|工业硅精炼月进口量|沪锡近半年月差变化|工业硅月进口量分国别,碳酸锂 月度进口量,38.1,a10006557,无候选/低置信,Y
THS-ZN-3.1.5,ZN,0,锌精矿TC（美元/吨干矿）,zn_311_output_3|zn_311_output_4|zn_313_output|zn_313_output_2|zn_25_tc_conc_2,55.72|55.72|55.72|55.72|54.17,锌精矿：产量：中国（月）|锌精矿：产量：中国（月）|锌精矿：产量：中国（月）|锌精矿：产量：中国（月）|锌精矿：48%Zn：远期现货TC价：中国（日）,锌精矿：产量：中国（月）,55.72,ID01001563,模糊待人工确认,Y
THS-ZN-3.1.5,ZN,1,电解锌冶炼利润（元/吨）,zn_25_profit|zn_25_profit_2|zn_25_profit_3|zn_25_profit_percentile|zn_25_cash_profit,43.33|43.33|43.33|38.23|33.92,云南罗平锌电：营业利润（季）|云南罗平锌电：营业利润（季）|云南罗平锌电：营业利润（季）|云南驰宏锌锗：分行业：有色金属冶炼和压延加工业：利润率（半年）|SMM: 精炼锌企业生产利润（不含硫酸和小金属收益）: 日度,云南罗平锌电：营业利润（季）,43.33,LC00139956,模糊待人工确认,Y
THS-ZN-3.1.5,ZN,2,近3年同期TC分位（%）,TC|cu_44_tc_conc|wr172|zn_25_tc_conc_2|zn_315_tc_percentile,28.57|22.22|22.22|21.43|21.43,TC加工费|铜精矿：长单TC价（年）|沪锡近半年月差变化|锌精矿：48%Zn：远期现货TC价：中国（日）|锌精矿：48%Zn：远期现货TC价：中国（日）,TC加工费,28.57,ID01320080,无候选/低置信,Y
THS-ZN-3.1.5,ZN,3,锌矿进口盈亏（元/吨）,zn_21_import|zn_314_import|zn_323_import_recycle_3|zn_61_conc_import|zn_61_conc_imp_pnl,81.25|81.25|81.25|52.0|52.0,锌锭：进口盈亏：含税（日）|锌锭：进口盈亏：含税（日）|锌锭：进口盈亏：含税（日）|中国海关: 锌精矿进口量: 月度|SMM: 锌精矿日度进口盈亏: 锌精矿进口盈亏: 日度,锌锭：进口盈亏：含税（日）,81.25,ID01030236,高置信,Y
THS-ZN-3.1.5,ZN,4,沪伦比（元/吨）,wr173|j22_shfe_ratio|wr170|wr171|al_62_lunlun,75.0|30.0|22.22|22.22|21.43,锡沪伦比|SMM 沪伦比值 铅 现货|沪锡价格走势|沪锡总持仓量|Mysteel：铝：沪伦比值（日）,锡沪伦比,75.0,ID01895225,高置信,Y
THS-ZN-3.1.5,ZN,5,近3年同月TC均值（美元/吨干矿）,wr172|wr21|TC|li_24_close_near_2|cu_44_tc_conc,33.33|30.0|28.57|26.67|22.22,沪锡近半年月差变化|SHFE铝近3月虚实比|TC加工费|近月合约收盘价|铜精矿：长单TC价（年）,沪锡近半年月差变化,33.33,a12841510,无候选/低置信,Y
THS-ZN-3.1.5,ZN,6,近3年同月TC标准差（美元/吨干矿）,wr172|wr21|TC|li_24_close_near_2|si_23_spread_futures,42.11|28.57|26.67|25.0|23.53,沪锡近半年月差变化|SHFE铝近3月虚实比|TC加工费|近月合约收盘价|工业硅期货月差,沪锡近半年月差变化,42.11,a12841510,模糊待人工确认,Y
THS-ZN-3.1.5,ZN,7,上期所锌仓单注册量（手）,zn_64_lme_reg|zn_41_lme_warrant|zn_26_lme_oi|zn_26_openinterest_top20|zn_26_openinterest,47.27|45.88|41.05|35.45|35.45,LME: 锌仓库注册仓单: 合计: 日度|LME：锌：注销仓单（日）|LME: 锌: 持仓量: 日度|SHFE：锌：单边交易：持仓量（日）|SHFE：锌：单边交易：持仓量（日）,LME: 锌仓库注册仓单: 合计: 日度,47.27,a10017976,模糊待人工确认,Y
THS-ZN-3.1.5,ZN,8,LME锌库存（手）,zn_21_lme_inv|zn_23_comex|zn_21_volume|zn_22_lme_inv|zn_41_lme_warrant,86.67|72.23|69.33|65.0|65.0,LME: 锌库存总计: 日度|COMEX：锌：期货库存（日）|LME：锌：成交量（日）|LME：锌：特高级：原产国库存：巴林（月）|LME：锌：注销仓单（日）,LME: 锌库存总计: 日度,86.67,a10017992,高置信,Y
THS-ZN-3.1.5,ZN,9,锌冶炼利润分位（%）,zn_25_profit|zn_25_profit_2|zn_25_profit_3|zn_25_profit_percentile|zn_25_cash_profit,43.33|43.33|43.33|38.23|33.92,云南罗平锌电：营业利润（季）|云南罗平锌电：营业利润（季）|云南罗平锌电：营业利润（季）|云南驰宏锌锗：分行业：有色金属冶炼和压延加工业：利润率（半年）|SMM: 精炼锌企业生产利润（不含硫酸和小金属收益）: 日度,云南罗平锌电：营业利润（季）,43.33,LC00139956,模糊待人工确认,Y
THS-ZN-3.2.1,ZN,0,国内锌精炼产量（万吨）,zn_311_output_3|zn_311_output_4|zn_313_output|zn_313_output_2|zn_314_output_2,65.0|65.0|65.0|65.0|65.0,锌精矿：产量：中国（月）|锌精矿：产量：中国（月）|锌精矿：产量：中国（月）|锌精矿：产量：中国（月）|精炼锌：产量：中国（周）,锌精矿：产量：中国（月）,65.0,ID01001563,模糊待人工确认,Y
THS-ZN-3.2.1,ZN,1,电解锌冶炼利润（元/吨）,zn_25_profit|zn_25_profit_2|zn_25_profit_3|zn_25_profit_percentile|zn_25_cash_profit,43.33|43.33|43.33|38.23|33.92,云南罗平锌电：营业利润（季）|云南罗平锌电：营业利润（季）|云南罗平锌电：营业利润（季）|云南驰宏锌锗：分行业：有色金属冶炼和压延加工业：利润率（半年）|SMM: 精炼锌企业生产利润（不含硫酸和小金属收益）: 日度,云南罗平锌电：营业利润（季）,43.33,LC00139956,模糊待人工确认,Y
THS-ZN-3.2.1,ZN,2,国内锌精炼开工率（%）,zn_52_util_2|zn_52_util|zn_61_conc_import|zn_53_export|zn_62_import_4,52.0|43.33|35.45|35.45|35.45,氧化锌企业：开工率：中国（月）|镀锌板卷：钢铁企业：开工率：中国（周）|中国海关: 锌精矿进口量: 月度|中国海关: 精炼锌出口量: 月度|中国海关: 精炼锌进口量: 月度,氧化锌企业：开工率：中国（月）,52.0,ID01002075,模糊待人工确认,Y
THS-ZN-3.2.1,ZN,3,国内锌精炼产能利用率（%）,zn_323_recycle_capacity_util|zn_321_capacity_util|zn_52_gi_cap_util|zn_312_output_2|zn_312_output_5,67.41|57.77|55.72|49.53|49.53,样本企业：精炼锌：产能利用率：中国（月）|样本企业：原生锌：产能利用率：中国（月）|镀锌板卷：钢铁企业：产能利用率：中国（周）|锌精矿：产量：澳大利亚（季）|精炼锌：产量：澳大利亚（季）,样本企业：精炼锌：产能利用率：中国（月）,67.41,ID00407929,模糊待人工确认,Y
THS-ZN-3.2.1,ZN,4,国内锌精炼产能（万吨）,zn_311_output_3|zn_311_output_4|zn_313_output|zn_313_output_2|zn_314_output_2,48.75|48.75|48.75|48.75|48.75,锌精矿：产量：中国（月）|锌精矿：产量：中国（月）|锌精矿：产量：中国（月）|锌精矿：产量：中国（月）|精炼锌：产量：中国（周）,锌精矿：产量：中国（月）,48.75,ID01001563,模糊待人工确认,Y
THS-ZN-3.2.1,ZN,5,国内锌精炼检修量（万吨）,zn_61_conc_import|zn_53_export|zn_62_import_4|zn_311_output_3|zn_311_output_4,47.27|47.27|47.27|45.88|45.88,中国海关: 锌精矿进口量: 月度|中国海关: 精炼锌出口量: 月度|中国海关: 精炼锌进口量: 月度|锌精矿：产量：中国（月）|锌精矿：产量：中国（月）,中国海关: 锌精矿进口量: 月度,47.27,a10001843,模糊待人工确认,Y
THS-ZN-3.2.1,ZN,6,国内锌精炼进口量（万吨）,zn_61_conc_import|zn_62_import_4|zn_314_import_5|zn_314_import_6|zn_53_export,70.91|70.91|59.09|59.09|59.09,中国海关: 锌精矿进口量: 月度|中国海关: 精炼锌进口量: 月度|精炼锌：进口数量：秘鲁→中国（月）|精炼锌：进口数量：秘鲁→中国（月）|中国海关: 精炼锌出口量: 月度,中国海关: 锌精矿进口量: 月度,70.91,a10001843,高置信,Y
THS-ZN-3.2.1,ZN,7,国内锌精炼进口量分国别（万吨）,zn_314_import_5|zn_314_import_6|zn_61_conc_import|zn_62_import_4|zn_314_import_3,62.4|62.4|62.4|62.4|55.72,精炼锌：进口数量：秘鲁→中国（月）|精炼锌：进口数量：秘鲁→中国（月）|中国海关: 锌精矿进口量: 月度|中国海关: 精炼锌进口量: 月度|USGS：精炼锌：消费进口量：美国（年）,精炼锌：进口数量：秘鲁→中国（月）,62.4,ID02041395,模糊待人工确认,Y
THS-ZN-3.2.1,ZN,8,国内锌精炼再生产量（万吨）,zn_311_output_3|zn_311_output_4|zn_313_output|zn_313_output_2|zn_323_output_recycle,57.77|57.77|57.77|57.77|57.77,锌精矿：产量：中国（月）|锌精矿：产量：中国（月）|锌精矿：产量：中国（月）|锌精矿：产量：中国（月）|再生锌：产量：中国（月）,锌精矿：产量：中国（月）,57.77,ID01001563,模糊待人工确认,Y
THS-ZN-3.2.1,ZN,9,近3年同月产量均值（万吨）,wr136|wr138|si_321_output|si_323_output_recycle|si_312_output_2,37.5|37.5|35.29|35.29|35.29,三元材料 月度产量|钴酸锂 月度产量|工业硅精炼月产量|工业硅再生月产量|中国工业硅月产量,三元材料 月度产量,37.5,a10001951,无候选/低置信,Y
THS-ZN-3.2.1,ZN,10,近3年同月产量标准差（万吨）,wr172|wr136|wr138|si_321_output|si_323_output_recycle,42.11|35.29|35.29|33.33|33.33,沪锡近半年月差变化|三元材料 月度产量|钴酸锂 月度产量|工业硅精炼月产量|工业硅再生月产量,沪锡近半年月差变化,42.11,a12841510,模糊待人工确认,Y
THS-ZN-3.2.1,ZN,11,锌精矿TC（美元/吨干矿）,zn_311_output_3|zn_311_output_4|zn_313_output|zn_313_output_2|zn_25_tc_conc_2,55.72|55.72|55.72|55.72|54.17,锌精矿：产量：中国（月）|锌精矿：产量：中国（月）|锌精矿：产量：中国（月）|锌精矿：产量：中国（月）|锌精矿：48%Zn：远期现货TC价：中国（日）,锌精矿：产量：中国（月）,55.72,ID01001563,模糊待人工确认,Y
THS-ZN-3.2.2,ZN,0,国内锌精炼开工率（%）,zn_52_util_2|zn_52_util|zn_61_conc_import|zn_53_export|zn_62_import_4,52.0|43.33|35.45|35.45|35.45,氧化锌企业：开工率：中国（月）|镀锌板卷：钢铁企业：开工率：中国（周）|中国海关: 锌精矿进口量: 月度|中国海关: 精炼锌出口量: 月度|中国海关: 精炼锌进口量: 月度,氧化锌企业：开工率：中国（月）,52.0,ID01002075,模糊待人工确认,Y
THS-ZN-3.2.2,ZN,1,国内锌精炼产量（万吨）,zn_311_output_3|zn_311_output_4|zn_313_output|zn_313_output_2|zn_314_output_2,65.0|65.0|65.0|65.0|65.0,锌精矿：产量：中国（月）|锌精矿：产量：中国（月）|锌精矿：产量：中国（月）|锌精矿：产量：中国（月）|精炼锌：产量：中国（周）,锌精矿：产量：中国（月）,65.0,ID01001563,模糊待人工确认,Y
THS-ZN-3.2.2,ZN,2,国内锌精炼检修量（万吨）,zn_61_conc_import|zn_53_export|zn_62_import_4|zn_311_output_3|zn_311_output_4,47.27|47.27|47.27|45.88|45.88,中国海关: 锌精矿进口量: 月度|中国海关: 精炼锌出口量: 月度|中国海关: 精炼锌进口量: 月度|锌精矿：产量：中国（月）|锌精矿：产量：中国（月）,中国海关: 锌精矿进口量: 月度,47.27,a10001843,模糊待人工确认,Y
THS-ZN-3.2.2,ZN,3,国内锌精炼开工天数（天）,zn_312_raw_days|zn_52_util_2|zn_312_port_inv_4|zn_314_import_5|zn_314_import_6,45.21|37.14|37.14|33.92|33.92,锌精矿：原料：库存天数：中国（周）|氧化锌企业：开工率：中国（月）|锌精矿：港口库存：天津港（周）|精炼锌：进口数量：秘鲁→中国（月）|精炼锌：进口数量：秘鲁→中国（月）,锌精矿：原料：库存天数：中国（周）,45.21,ID01167314,模糊待人工确认,Y
THS-ZN-3.2.2,ZN,4,国内锌精炼产能（万吨）,zn_311_output_3|zn_311_output_4|zn_313_output|zn_313_output_2|zn_314_output_2,48.75|48.75|48.75|48.75|48.75,锌精矿：产量：中国（月）|锌精矿：产量：中国（月）|锌精矿：产量：中国（月）|锌精矿：产量：中国（月）|精炼锌：产量：中国（周）,锌精矿：产量：中国（月）,48.75,ID01001563,模糊待人工确认,Y
THS-ZN-3.2.2,ZN,5,国内锌精炼产能利用率（%）,zn_323_recycle_capacity_util|zn_321_capacity_util|zn_52_gi_cap_util|zn_312_output_2|zn_312_output_5,67.41|57.77|55.72|49.53|49.53,样本企业：精炼锌：产能利用率：中国（月）|样本企业：原生锌：产能利用率：中国（月）|镀锌板卷：钢铁企业：产能利用率：中国（周）|锌精矿：产量：澳大利亚（季）|精炼锌：产量：澳大利亚（季）,样本企业：精炼锌：产能利用率：中国（月）,67.41,ID00407929,模糊待人工确认,Y
THS-ZN-3.2.2,ZN,6,锌精矿TC（美元/吨干矿）,zn_311_output_3|zn_311_output_4|zn_313_output|zn_313_output_2|zn_25_tc_conc_2,55.72|55.72|55.72|55.72|54.17,锌精矿：产量：中国（月）|锌精矿：产量：中国（月）|锌精矿：产量：中国（月）|锌精矿：产量：中国（月）|锌精矿：48%Zn：远期现货TC价：中国（日）,锌精矿：产量：中国（月）,55.72,ID01001563,模糊待人工确认,Y
THS-ZN-3.2.2,ZN,7,近3年同月检修量均值（万吨）,wr172|wr21|al_23_lme_oi|al_23_lme_volume|ni_21_volume_top20,31.58|28.57|25.0|25.0|25.0,沪锡近半年月差变化|SHFE铝近3月虚实比|LME：铝：3个月合约：持仓量（日）|LME：铝：3个月合约：成交量（日）|LME：镍：3个月合约：成交量（日）,沪锡近半年月差变化,31.58,a12841510,无候选/低置信,Y
THS-ZN-3.2.2,ZN,8,近3年同月检修量标准差（万吨）,wr172|wr21|al_23_lme_oi|al_23_lme_volume|ni_21_volume_top20,40.0|27.27|24.0|24.0|24.0,沪锡近半年月差变化|SHFE铝近3月虚实比|LME：铝：3个月合约：持仓量（日）|LME：铝：3个月合约：成交量（日）|LME：镍：3个月合约：成交量（日）,沪锡近半年月差变化,40.0,a12841510,模糊待人工确认,Y
THS-ZN-3.2.2,ZN,9,电解锌冶炼利润（元/吨）,zn_25_profit|zn_25_profit_2|zn_25_profit_3|zn_25_profit_percentile|zn_25_cash_profit,43.33|43.33|43.33|38.23|33.92,云南罗平锌电：营业利润（季）|云南罗平锌电：营业利润（季）|云南罗平锌电：营业利润（季）|云南驰宏锌锗：分行业：有色金属冶炼和压延加工业：利润率（半年）|SMM: 精炼锌企业生产利润（不含硫酸和小金属收益）: 日度,云南罗平锌电：营业利润（季）,43.33,LC00139956,模糊待人工确认,Y
THS-ZN-3.2.2,ZN,10,国内锌精炼进口量（万吨）,zn_61_conc_import|zn_62_import_4|zn_314_import_5|zn_314_import_6|zn_53_export,70.91|70.91|59.09|59.09|59.09,中国海关: 锌精矿进口量: 月度|中国海关: 精炼锌进口量: 月度|精炼锌：进口数量：秘鲁→中国（月）|精炼锌：进口数量：秘鲁→中国（月）|中国海关: 精炼锌出口量: 月度,中国海关: 锌精矿进口量: 月度,70.91,a10001843,高置信,Y
THS-ZN-3.2.3,ZN,0,国内再生锌产量（万吨）,zn_323_output_recycle|zn_312_output_7|zn_321_output|zn_321_output_recycle|zn_51_output,81.25|49.53|49.53|49.53|49.53,再生锌：产量：中国（月）|样本企业：原生锌：产量：中国（月）|样本企业：原生锌：产量：中国（月）|样本企业：原生锌：产量：中国（月）|样本企业：原生锌：产量：中国（月）,再生锌：产量：中国（月）,81.25,ID01510884,高置信,Y
THS-ZN-3.2.3,ZN,1,国内锌精炼产量（万吨）,zn_311_output_3|zn_311_output_4|zn_313_output|zn_313_output_2|zn_314_output_2,65.0|65.0|65.0|65.0|65.0,锌精矿：产量：中国（月）|锌精矿：产量：中国（月）|锌精矿：产量：中国（月）|锌精矿：产量：中国（月）|精炼锌：产量：中国（周）,锌精矿：产量：中国（月）,65.0,ID01001563,模糊待人工确认,Y
THS-ZN-3.2.3,ZN,2,再生锌进口量（万吨）,zn_323_output_recycle|zn_314_import_5|zn_314_import_6|zn_61_conc_import|zn_62_import_4,69.33|52.0|52.0|52.0|52.0,再生锌：产量：中国（月）|精炼锌：进口数量：秘鲁→中国（月）|精炼锌：进口数量：秘鲁→中国（月）|中国海关: 锌精矿进口量: 月度|中国海关: 精炼锌进口量: 月度,再生锌：产量：中国（月）,69.33,ID01510884,模糊待人工确认,Y
THS-ZN-3.2.3,ZN,3,再生锌进口量分国别（万吨）,zn_323_output_recycle|zn_314_import_5|zn_314_import_6|zn_314_net_exp|zn_314_import_3,72.23|56.52|56.52|54.17|50.0,再生锌：产量：中国（月）|精炼锌：进口数量：秘鲁→中国（月）|精炼锌：进口数量：秘鲁→中国（月）|锌粉及片状粉末：进口数量合计：中国（月）|USGS：精炼锌：消费进口量：美国（年）,再生锌：产量：中国（月）,72.23,ID01510884,高置信,Y
THS-ZN-3.2.3,ZN,4,再生锌开工率（%）,zn_52_util_2|zn_323_output_recycle|zn_52_util|zn_321_capacity_util|zn_312_output_7,57.77|52.0|47.27|33.92|26.0,氧化锌企业：开工率：中国（月）|再生锌：产量：中国（月）|镀锌板卷：钢铁企业：开工率：中国（周）|样本企业：原生锌：产能利用率：中国（月）|样本企业：原生锌：产量：中国（月）,氧化锌企业：开工率：中国（月）,57.77,ID01002075,模糊待人工确认,Y
THS-ZN-3.2.3,ZN,5,再生锌产能利用率（%）,zn_321_capacity_util|zn_323_recycle_capacity_util|zn_323_output_recycle|zn_52_gi_cap_util|zn_312_output_2,72.8|62.4|61.18|59.99|41.05,样本企业：原生锌：产能利用率：中国（月）|样本企业：精炼锌：产能利用率：中国（月）|再生锌：产量：中国（月）|镀锌板卷：钢铁企业：产能利用率：中国（周）|锌精矿：产量：澳大利亚（季）,样本企业：原生锌：产能利用率：中国（月）,72.8,ID01167334,高置信,Y
THS-ZN-3.2.3,ZN,6,再生锌产能（万吨）,zn_323_output_recycle|zn_321_capacity_util|zn_312_output_7|zn_321_output|zn_321_output_recycle,74.28|47.27|41.05|41.05|41.05,再生锌：产量：中国（月）|样本企业：原生锌：产能利用率：中国（月）|样本企业：原生锌：产量：中国（月）|样本企业：原生锌：产量：中国（月）|样本企业：原生锌：产量：中国（月）,再生锌：产量：中国（月）,74.28,ID01510884,高置信,Y
THS-ZN-3.2.3,ZN,7,再生锌检修量（万吨）,zn_323_output_recycle|zn_312_output_7|zn_321_output|zn_321_output_recycle|zn_51_output,69.33|39.0|39.0|39.0|39.0,再生锌：产量：中国（月）|样本企业：原生锌：产量：中国（月）|样本企业：原生锌：产量：中国（月）|样本企业：原生锌：产量：中国（月）|样本企业：原生锌：产量：中国（月）,再生锌：产量：中国（月）,69.33,ID01510884,模糊待人工确认,Y
THS-ZN-3.2.3,ZN,8,再生锌进口盈亏（元/吨）,zn_21_import|zn_314_import|zn_323_import_recycle_3|zn_323_output_recycle|zn_23_lunlun_2,76.47|76.47|76.47|48.75|48.15,锌锭：进口盈亏：含税（日）|锌锭：进口盈亏：含税（日）|锌锭：进口盈亏：含税（日）|再生锌：产量：中国（月）|SMM: 精炼锌进口盈亏: 锌沪伦比值: 日度,锌锭：进口盈亏：含税（日）,76.47,ID01030236,高置信,Y
THS-ZN-3.2.3,ZN,9,沪伦比（元/吨）,wr173|j22_shfe_ratio|wr170|wr171|al_62_lunlun,75.0|30.0|22.22|22.22|21.43,锡沪伦比|SMM 沪伦比值 铅 现货|沪锡价格走势|沪锡总持仓量|Mysteel：铝：沪伦比值（日）,锡沪伦比,75.0,ID01895225,高置信,Y
THS-ZN-3.2.3,ZN,10,近3年同月产量均值（万吨）,wr136|wr138|si_321_output|si_323_output_recycle|si_312_output_2,37.5|37.5|35.29|35.29|35.29,三元材料 月度产量|钴酸锂 月度产量|工业硅精炼月产量|工业硅再生月产量|中国工业硅月产量,三元材料 月度产量,37.5,a10001951,无候选/低置信,Y
THS-ZN-3.2.3,ZN,11,近3年同月产量标准差（万吨）,wr172|wr136|wr138|si_321_output|si_323_output_recycle,42.11|35.29|35.29|33.33|33.33,沪锡近半年月差变化|三元材料 月度产量|钴酸锂 月度产量|工业硅精炼月产量|工业硅再生月产量,沪锡近半年月差变化,42.11,a12841510,模糊待人工确认,Y
THS-ZN-3.2.3,ZN,12,锌合金产量（万吨）,zn_323_output|zn_63_output|zn_311_output_3|zn_311_output_4|zn_313_output,92.86|92.86|55.72|55.72|55.72,锌合金：产量：中国（月）|锌合金：产量：中国（月）|锌精矿：产量：中国（月）|锌精矿：产量：中国（月）|锌精矿：产量：中国（月）,锌合金：产量：中国（月）,92.86,ID01001564,高置信,Y
THS-ZN-3.2.4,ZN,0,电解锌冶炼利润（元/吨）,zn_25_profit|zn_25_profit_2|zn_25_profit_3|zn_25_profit_percentile|zn_25_cash_profit,43.33|43.33|43.33|38.23|33.92,云南罗平锌电：营业利润（季）|云南罗平锌电：营业利润（季）|云南罗平锌电：营业利润（季）|云南驰宏锌锗：分行业：有色金属冶炼和压延加工业：利润率（半年）|SMM: 精炼锌企业生产利润（不含硫酸和小金属收益）: 日度,云南罗平锌电：营业利润（季）,43.33,LC00139956,模糊待人工确认,Y
THS-ZN-3.2.4,ZN,1,锌精矿TC（美元/吨干矿）,zn_311_output_3|zn_311_output_4|zn_313_output|zn_313_output_2|zn_25_tc_conc_2,55.72|55.72|55.72|55.72|54.17,锌精矿：产量：中国（月）|锌精矿：产量：中国（月）|锌精矿：产量：中国（月）|锌精矿：产量：中国（月）|锌精矿：48%Zn：远期现货TC价：中国（日）,锌精矿：产量：中国（月）,55.72,ID01001563,模糊待人工确认,Y
THS-ZN-3.2.4,ZN,2,电解锌冶炼利润分位（%）,zn_25_profit|zn_25_profit_2|zn_25_profit_3|zn_25_profit_percentile|zn_25_cash_profit,39.0|39.0|39.0|36.11|31.2,云南罗平锌电：营业利润（季）|云南罗平锌电：营业利润（季）|云南罗平锌电：营业利润（季）|云南驰宏锌锗：分行业：有色金属冶炼和压延加工业：利润率（半年）|SMM: 精炼锌企业生产利润（不含硫酸和小金属收益）: 日度,云南罗平锌电：营业利润（季）,39.0,LC00139956,无候选/低置信,Y
THS-ZN-3.2.4,ZN,3,近3年同期利润均值（元/吨）,li_25_profit_5|li_25_by_route_profit|li_25_by_route_profit_2|wr45|al_25_profit,28.57|28.57|28.57|28.57|26.67,分路线利润|分路线利润|分路线利润|氧化铝利润|电解铝：利润（月）,分路线利润,28.57,a12795960,无候选/低置信,Y
THS-ZN-3.2.4,ZN,4,锌矿进口盈亏（元/吨）,zn_21_import|zn_314_import|zn_323_import_recycle_3|zn_61_conc_import|zn_61_conc_imp_pnl,81.25|81.25|81.25|52.0|52.0,锌锭：进口盈亏：含税（日）|锌锭：进口盈亏：含税（日）|锌锭：进口盈亏：含税（日）|中国海关: 锌精矿进口量: 月度|SMM: 锌精矿日度进口盈亏: 锌精矿进口盈亏: 日度,锌锭：进口盈亏：含税（日）,81.25,ID01030236,高置信,Y
THS-ZN-3.2.4,ZN,5,沪伦比（元/吨）,wr173|j22_shfe_ratio|wr170|wr171|al_62_lunlun,75.0|30.0|22.22|22.22|21.43,锡沪伦比|SMM 沪伦比值 铅 现货|沪锡价格走势|沪锡总持仓量|Mysteel：铝：沪伦比值（日）,锡沪伦比,75.0,ID01895225,高置信,Y
THS-ZN-3.2.4,ZN,6,近3年同月利润均值（元/吨）,wr172|wr21|li_25_profit_5|li_25_by_route_profit|li_25_by_route_profit_2,33.33|30.0|28.57|28.57|28.57,沪锡近半年月差变化|SHFE铝近3月虚实比|分路线利润|分路线利润|分路线利润,沪锡近半年月差变化,33.33,a12841510,无候选/低置信,Y
THS-ZN-3.2.4,ZN,7,近3年同月利润标准差（元/吨）,wr172|wr21|li_25_profit_5|li_25_by_route_profit|li_25_by_route_profit_2,42.11|28.57|26.67|26.67|26.67,沪锡近半年月差变化|SHFE铝近3月虚实比|分路线利润|分路线利润|分路线利润,沪锡近半年月差变化,42.11,a12841510,模糊待人工确认,Y
THS-ZN-3.2.4,ZN,8,LME锌库存（手）,zn_21_lme_inv|zn_23_comex|zn_21_volume|zn_22_lme_inv|zn_41_lme_warrant,86.67|72.23|69.33|65.0|65.0,LME: 锌库存总计: 日度|COMEX：锌：期货库存（日）|LME：锌：成交量（日）|LME：锌：特高级：原产国库存：巴林（月）|LME：锌：注销仓单（日）,LME: 锌库存总计: 日度,86.67,a10017992,高置信,Y
THS-ZN-3.2.4,ZN,9,上期所锌仓单注册量（手）,zn_64_lme_reg|zn_41_lme_warrant|zn_26_lme_oi|zn_26_openinterest_top20|zn_26_openinterest,47.27|45.88|41.05|35.45|35.45,LME: 锌仓库注册仓单: 合计: 日度|LME：锌：注销仓单（日）|LME: 锌: 持仓量: 日度|SHFE：锌：单边交易：持仓量（日）|SHFE：锌：单边交易：持仓量（日）,LME: 锌仓库注册仓单: 合计: 日度,47.27,a10017976,模糊待人工确认,Y
THS-ZN-3.2.4,ZN,10,锌合金冶炼利润（元/吨）,zn_323_output|zn_63_output|zn_25_profit_percentile|zn_25_profit|zn_25_profit_2,48.75|48.75|45.88|43.33|43.33,锌合金：产量：中国（月）|锌合金：产量：中国（月）|云南驰宏锌锗：分行业：有色金属冶炼和压延加工业：利润率（半年）|云南罗平锌电：营业利润（季）|云南罗平锌电：营业利润（季）,锌合金：产量：中国（月）,48.75,ID01001564,模糊待人工确认,Y
THS-ZN-4.1,ZN,0,上期所锌库存（手）,zn_41_inv|zn_41_inv_2|zn_42_inv_implicit|zn_43_inv|zn_43_inv_2,55.72|55.72|55.72|55.72|55.72,镀锌板卷：库存：中国（周）|镀锌板卷：库存：中国（周）|镀锌板卷：库存：中国（周）|镀锌板卷：库存：中国（周）|镀锌板卷：库存：中国（周）,镀锌板卷：库存：中国（周）,55.72,ID00366838,模糊待人工确认,Y
THS-ZN-4.1,ZN,1,上期所锌仓单注册量（手）,zn_64_lme_reg|zn_41_lme_warrant|zn_26_lme_oi|zn_26_openinterest_top20|zn_26_openinterest,47.27|45.88|41.05|35.45|35.45,LME: 锌仓库注册仓单: 合计: 日度|LME：锌：注销仓单（日）|LME: 锌: 持仓量: 日度|SHFE：锌：单边交易：持仓量（日）|SHFE：锌：单边交易：持仓量（日）,LME: 锌仓库注册仓单: 合计: 日度,47.27,a10017976,模糊待人工确认,Y
THS-ZN-4.1,ZN,2,LME锌库存（手）,zn_21_lme_inv|zn_23_comex|zn_21_volume|zn_22_lme_inv|zn_41_lme_warrant,86.67|72.23|69.33|65.0|65.0,LME: 锌库存总计: 日度|COMEX：锌：期货库存（日）|LME：锌：成交量（日）|LME：锌：特高级：原产国库存：巴林（月）|LME：锌：注销仓单（日）,LME: 锌库存总计: 日度,86.67,a10017992,高置信,Y
THS-ZN-4.1,ZN,3,LME锌注销仓单（手）,zn_41_lme_warrant|zn_53_lme_cancel|zn_64_lme_reg|zn_26_lme_oi|zn_21_volume,100|90.44|79.13|65.0|61.18,LME：锌：注销仓单（日）|LME: 锌仓库注销仓单: 合计: 日度|LME: 锌仓库注册仓单: 合计: 日度|LME: 锌: 持仓量: 日度|LME：锌：成交量（日）,LME：锌：注销仓单（日）,100,FU00016166,高置信,Y
THS-ZN-4.1,ZN,4,近3年同日库存均值（手）,SHFE库存|社库|li_43_inv_struct|li_43_inv_struct_2|wr267,33.33|30.77|30.77|30.77|30.77,上期所库存|社会库存|库存结构|库存结构|镍铁库存,上期所库存,33.33,FU00014947,无候选/低置信,Y
THS-ZN-4.1,ZN,5,近3年同日库存标准差（手）,wr172|SHFE库存|社库|li_43_inv_struct|li_43_inv_struct_2,31.58|30.77|28.57|28.57|28.57,沪锡近半年月差变化|上期所库存|社会库存|库存结构|库存结构,沪锡近半年月差变化,31.58,a12841510,无候选/低置信,Y
THS-ZN-4.1,ZN,6,上期所锌注销仓单（手）,zn_41_lme_warrant|zn_53_lme_cancel|zn_64_lme_reg|zn_21_warrant|zn_42_warrant_cancel,81.25|61.91|49.53|33.92|31.2,LME：锌：注销仓单（日）|LME: 锌仓库注销仓单: 合计: 日度|LME: 锌仓库注册仓单: 合计: 日度|SHFE: 锌: 仓单日报: 期货: 日度|SHFE: 锌: 仓单日报: 期货增减: 日度,LME：锌：注销仓单（日）,81.25,FU00016166,高置信,Y
THS-ZN-4.1,ZN,7,沪锌主力合约收盘价（元/吨）,zn_21_close_front|zn_21_close_near|zn_21_close_far|zn_23_close_front|zn_24_close_near,82.73|82.73|82.73|82.73|82.73,SHFE：锌：主力合约：收盘价（日）|SHFE：锌：主力合约：收盘价（日）|SHFE：锌：主力合约：收盘价（日）|SHFE：锌：主力合约：收盘价（日）|SHFE：锌：主力合约：收盘价（日）,SHFE：锌：主力合约：收盘价（日）,82.73,FU00016362,高置信,Y
THS-ZN-4.1,ZN,8,上期所锌库存分地区（手）,zn_44_inv_plant|zn_41_inv|zn_41_inv_2|zn_42_inv_implicit|zn_43_inv,57.77|45.88|45.88|45.88|45.88,锌锭：库存：上海保税区（周）|镀锌板卷：库存：中国（周）|镀锌板卷：库存：中国（周）|镀锌板卷：库存：中国（周）|镀锌板卷：库存：中国（周）,锌锭：库存：上海保税区（周）,57.77,ID01030219,模糊待人工确认,Y
THS-ZN-4.1,ZN,9,在途库存（手）,SHFE库存|社库|li_43_inv_struct|li_43_inv_struct_2|wr152,57.14|50.0|50.0|50.0|50.0,上期所库存|社会库存|库存结构|库存结构|锂矿 外采 在途库存,上期所库存,57.14,FU00014947,模糊待人工确认,Y
THS-ZN-4.2,ZN,0,上期所锌仓单注册量（手）,zn_64_lme_reg|zn_41_lme_warrant|zn_26_lme_oi|zn_26_openinterest_top20|zn_26_openinterest,47.27|45.88|41.05|35.45|35.45,LME: 锌仓库注册仓单: 合计: 日度|LME：锌：注销仓单（日）|LME: 锌: 持仓量: 日度|SHFE：锌：单边交易：持仓量（日）|SHFE：锌：单边交易：持仓量（日）,LME: 锌仓库注册仓单: 合计: 日度,47.27,a10017976,模糊待人工确认,Y
THS-ZN-4.2,ZN,1,上期所锌注销仓单（手）,zn_41_lme_warrant|zn_53_lme_cancel|zn_64_lme_reg|zn_21_warrant|zn_42_warrant_cancel,81.25|61.91|49.53|33.92|31.2,LME：锌：注销仓单（日）|LME: 锌仓库注销仓单: 合计: 日度|LME: 锌仓库注册仓单: 合计: 日度|SHFE: 锌: 仓单日报: 期货: 日度|SHFE: 锌: 仓单日报: 期货增减: 日度,LME：锌：注销仓单（日）,81.25,FU00016166,高置信,Y
THS-ZN-4.2,ZN,2,LME锌注销仓单（手）,zn_41_lme_warrant|zn_53_lme_cancel|zn_64_lme_reg|zn_26_lme_oi|zn_21_volume,100|90.44|79.13|65.0|61.18,LME：锌：注销仓单（日）|LME: 锌仓库注销仓单: 合计: 日度|LME: 锌仓库注册仓单: 合计: 日度|LME: 锌: 持仓量: 日度|LME：锌：成交量（日）,LME：锌：注销仓单（日）,100,FU00016166,高置信,Y
THS-ZN-4.2,ZN,3,LME锌库存（手）,zn_21_lme_inv|zn_23_comex|zn_21_volume|zn_22_lme_inv|zn_41_lme_warrant,86.67|72.23|69.33|65.0|65.0,LME: 锌库存总计: 日度|COMEX：锌：期货库存（日）|LME：锌：成交量（日）|LME：锌：特高级：原产国库存：巴林（月）|LME：锌：注销仓单（日）,LME: 锌库存总计: 日度,86.67,a10017992,高置信,Y
THS-ZN-4.2,ZN,4,近3年同日仓单均值（手）,al_25_warrant_premium_avg_price|wr263|wr124|i2|cu_22_warrant_premium_avg_price,35.29|28.57|26.67|25.0|24.0,铝：仓单溢价均价（日）|不锈钢仓单|碳酸锂 仓单量|SHFE铅仓单|铜：火法：仓单溢价均价：上海：美元（日）,铝：仓单溢价均价（日）,35.29,ID01172779,无候选/低置信,Y
THS-ZN-4.2,ZN,5,近3年同日仓单标准差（手）,wr172|wr263|wr124|i2|i6,31.58|26.67|25.0|23.53|22.22,沪锡近半年月差变化|不锈钢仓单|碳酸锂 仓单量|SHFE铅仓单|LME铅注册仓单,沪锡近半年月差变化,31.58,a12841510,无候选/低置信,Y
THS-ZN-4.2,ZN,6,在途库存（手）,SHFE库存|社库|li_43_inv_struct|li_43_inv_struct_2|wr152,57.14|50.0|50.0|50.0|50.0,上期所库存|社会库存|库存结构|库存结构|锂矿 外采 在途库存,上期所库存,57.14,FU00014947,模糊待人工确认,Y
THS-ZN-4.2,ZN,7,隐性库存（手）,SHFE库存|社库|li_43_inv_struct|li_43_inv_struct_2|wr178,57.14|50.0|50.0|50.0|50.0,上期所库存|社会库存|库存结构|库存结构|国内隐形库存拟合,上期所库存,57.14,FU00014947,模糊待人工确认,Y
THS-ZN-4.2,ZN,8,上期所锌仓单分地区（手）,zn_42_warrant|zn_41_lme_warrant|zn_53_lme_cancel|zn_64_lme_reg|zn_21_warrant,53.79|45.88|35.45|35.45|32.5,SHFE: 锌: 仓单日报分地区_上海: 期货: 日度|LME：锌：注销仓单（日）|LME: 锌仓库注销仓单: 合计: 日度|LME: 锌仓库注册仓单: 合计: 日度|SHFE: 锌: 仓单日报: 期货: 日度,SHFE: 锌: 仓单日报分地区_上海: 期货: 日度,53.79,a10023853,模糊待人工确认,Y
THS-ZN-4.2,ZN,9,上期所锌仓单持有天数（天）,zn_41_lme_warrant|zn_312_raw_days|zn_53_lme_cancel|zn_64_lme_reg|zn_21_warrant,43.33|35.45|33.92|33.92|31.2,LME：锌：注销仓单（日）|锌精矿：原料：库存天数：中国（周）|LME: 锌仓库注销仓单: 合计: 日度|LME: 锌仓库注册仓单: 合计: 日度|SHFE: 锌: 仓单日报: 期货: 日度,LME：锌：注销仓单（日）,43.33,FU00016166,模糊待人工确认,Y
THS-ZN-4.3,ZN,0,国内锌社会库存总量（万吨）,zn_41_inv|zn_41_inv_2|zn_42_inv_implicit|zn_43_inv|zn_43_inv_2,45.88|45.88|45.88|45.88|45.88,镀锌板卷：库存：中国（周）|镀锌板卷：库存：中国（周）|镀锌板卷：库存：中国（周）|镀锌板卷：库存：中国（周）|镀锌板卷：库存：中国（周）,镀锌板卷：库存：中国（周）,45.88,ID00366838,模糊待人工确认,Y
THS-ZN-4.3,ZN,1,上期所锌库存（手）,zn_41_inv|zn_41_inv_2|zn_42_inv_implicit|zn_43_inv|zn_43_inv_2,55.72|55.72|55.72|55.72|55.72,镀锌板卷：库存：中国（周）|镀锌板卷：库存：中国（周）|镀锌板卷：库存：中国（周）|镀锌板卷：库存：中国（周）|镀锌板卷：库存：中国（周）,镀锌板卷：库存：中国（周）,55.72,ID00366838,模糊待人工确认,Y
THS-ZN-4.3,ZN,2,国内锌厂内库存（万吨）,zn_41_inv|zn_41_inv_2|zn_42_inv_implicit|zn_43_inv|zn_43_inv_2,45.88|45.88|45.88|45.88|45.88,镀锌板卷：库存：中国（周）|镀锌板卷：库存：中国（周）|镀锌板卷：库存：中国（周）|镀锌板卷：库存：中国（周）|镀锌板卷：库存：中国（周）,镀锌板卷：库存：中国（周）,45.88,ID00366838,模糊待人工确认,Y
THS-ZN-4.3,ZN,3,国内锌在途库存（万吨）,zn_41_inv|zn_41_inv_2|zn_42_inv_implicit|zn_43_inv|zn_43_inv_2,45.88|45.88|45.88|45.88|45.88,镀锌板卷：库存：中国（周）|镀锌板卷：库存：中国（周）|镀锌板卷：库存：中国（周）|镀锌板卷：库存：中国（周）|镀锌板卷：库存：中国（周）,镀锌板卷：库存：中国（周）,45.88,ID00366838,模糊待人工确认,Y
THS-ZN-4.3,ZN,4,国内锌隐性库存（万吨）,zn_41_inv|zn_41_inv_2|zn_42_inv_implicit|zn_43_inv|zn_43_inv_2,45.88|45.88|45.88|45.88|45.88,镀锌板卷：库存：中国（周）|镀锌板卷：库存：中国（周）|镀锌板卷：库存：中国（周）|镀锌板卷：库存：中国（周）|镀锌板卷：库存：中国（周）,镀锌板卷：库存：中国（周）,45.88,ID00366838,模糊待人工确认,Y
THS-ZN-4.3,ZN,5,近3年同周库存均值（万吨）,SHFE库存|wr125|wr126|wr128|社库,33.33|31.58|31.58|31.58|30.77,上期所库存|碳酸锂 周度库存:下游|碳酸锂 周度库存:其他|碳酸锂 周度库存:总计|社会库存,上期所库存,33.33,FU00014947,无候选/低置信,Y
THS-ZN-4.3,ZN,6,近3年同周库存标准差（万吨）,wr172|SHFE库存|wr125|wr126|wr128,31.58|30.77|30.0|30.0|30.0,沪锡近半年月差变化|上期所库存|碳酸锂 周度库存:下游|碳酸锂 周度库存:其他|碳酸锂 周度库存:总计,沪锡近半年月差变化,31.58,a12841510,无候选/低置信,Y
THS-ZN-4.3,ZN,7,沪锌主力合约收盘价（元/吨）,zn_21_close_front|zn_21_close_near|zn_21_close_far|zn_23_close_front|zn_24_close_near,82.73|82.73|82.73|82.73|82.73,SHFE：锌：主力合约：收盘价（日）|SHFE：锌：主力合约：收盘价（日）|SHFE：锌：主力合约：收盘价（日）|SHFE：锌：主力合约：收盘价（日）|SHFE：锌：主力合约：收盘价（日）,SHFE：锌：主力合约：收盘价（日）,82.73,FU00016362,高置信,Y
THS-ZN-4.3,ZN,8,国内锌社会库存分地区（万吨）,zn_44_inv_plant|zn_41_inv|zn_41_inv_2|zn_42_inv_implicit|zn_43_inv,49.53|39.0|39.0|39.0|39.0,锌锭：库存：上海保税区（周）|镀锌板卷：库存：中国（周）|镀锌板卷：库存：中国（周）|镀锌板卷：库存：中国（周）|镀锌板卷：库存：中国（周）,锌锭：库存：上海保税区（周）,49.53,ID01030219,模糊待人工确认,Y
THS-ZN-4.3,ZN,9,锌锭现货升贴水（元/吨）,zn_22_premium_5|zn_22_premium_6|zn_21_lme_03|zn_22_aux|zn_21_premium,81.25|81.25|52.0|50.56|44.82,锌锭：升贴水：广东（日）|锌锭：升贴水：广东（日）|LME: 锌0-3升贴水: 日度|SMM: 上海锌锭现货升贴水_M合约: 日度|锌锭：0#：Zn≥99.995%：升贴水：广东（日）,锌锭：升贴水：广东（日）,81.25,ID01167397,高置信,Y
THS-ZN-4.4,ZN,0,国内锌厂内锌锭库存（万吨）,zn_44_inv_plant|zn_41_inv|zn_41_inv_2|zn_42_inv_implicit|zn_43_inv,52.0|41.05|41.05|41.05|41.05,锌锭：库存：上海保税区（周）|镀锌板卷：库存：中国（周）|镀锌板卷：库存：中国（周）|镀锌板卷：库存：中国（周）|镀锌板卷：库存：中国（周）,锌锭：库存：上海保税区（周）,52.0,ID01030219,模糊待人工确认,Y
THS-ZN-4.4,ZN,1,国内锌社会库存总量（万吨）,zn_41_inv|zn_41_inv_2|zn_42_inv_implicit|zn_43_inv|zn_43_inv_2,45.88|45.88|45.88|45.88|45.88,镀锌板卷：库存：中国（周）|镀锌板卷：库存：中国（周）|镀锌板卷：库存：中国（周）|镀锌板卷：库存：中国（周）|镀锌板卷：库存：中国（周）,镀锌板卷：库存：中国（周）,45.88,ID00366838,模糊待人工确认,Y
THS-ZN-4.4,ZN,2,国内锌厂内锌合金库存（万吨）,zn_53_alloy_export|zn_323_output|zn_63_output|zn_41_inv|zn_41_inv_2,43.33|41.05|41.05|39.0|39.0,中国海关: 锌合金出口量: 月度|锌合金：产量：中国（月）|锌合金：产量：中国（月）|镀锌板卷：库存：中国（周）|镀锌板卷：库存：中国（周）,中国海关: 锌合金出口量: 月度,43.33,a10018028,模糊待人工确认,Y
THS-ZN-4.4,ZN,3,国内锌厂内库存占比（%）,zn_41_inv|zn_41_inv_2|zn_42_inv_implicit|zn_43_inv|zn_43_inv_2,41.05|41.05|41.05|41.05|41.05,镀锌板卷：库存：中国（周）|镀锌板卷：库存：中国（周）|镀锌板卷：库存：中国（周）|镀锌板卷：库存：中国（周）|镀锌板卷：库存：中国（周）,镀锌板卷：库存：中国（周）,41.05,ID00366838,模糊待人工确认,Y
THS-ZN-4.4,ZN,4,国内锌厂内库存天数（天）,zn_312_raw_days|zn_312_port_inv_4|zn_41_inv|zn_41_inv_2|zn_42_inv_implicit,56.52|49.53|41.05|41.05|41.05,锌精矿：原料：库存天数：中国（周）|锌精矿：港口库存：天津港（周）|镀锌板卷：库存：中国（周）|镀锌板卷：库存：中国（周）|镀锌板卷：库存：中国（周）,锌精矿：原料：库存天数：中国（周）,56.52,ID01167314,模糊待人工确认,Y
THS-ZN-4.4,ZN,5,近3年同月/同周库存均值（万吨）,wr172|SHFE库存|wr125|wr126|wr128,30.0|28.57|28.57|28.57|28.57,沪锡近半年月差变化|上期所库存|碳酸锂 周度库存:下游|碳酸锂 周度库存:其他|碳酸锂 周度库存:总计,沪锡近半年月差变化,30.0,a12841510,无候选/低置信,Y
THS-ZN-4.4,ZN,6,近3年同月/同周库存标准差（万吨）,wr172|wr125|wr126|wr128|SHFE库存,38.1|27.27|27.27|27.27|26.67,沪锡近半年月差变化|碳酸锂 周度库存:下游|碳酸锂 周度库存:其他|碳酸锂 周度库存:总计|上期所库存,沪锡近半年月差变化,38.1,a12841510,无候选/低置信,Y
THS-ZN-4.4,ZN,7,上期所锌仓单注册量（手）,zn_64_lme_reg|zn_41_lme_warrant|zn_26_lme_oi|zn_26_openinterest_top20|zn_26_openinterest,47.27|45.88|41.05|35.45|35.45,LME: 锌仓库注册仓单: 合计: 日度|LME：锌：注销仓单（日）|LME: 锌: 持仓量: 日度|SHFE：锌：单边交易：持仓量（日）|SHFE：锌：单边交易：持仓量（日）,LME: 锌仓库注册仓单: 合计: 日度,47.27,a10017976,模糊待人工确认,Y
THS-ZN-4.4,ZN,8,国内锌厂内锌锭库存分地区（万吨）,zn_44_inv_plant|zn_22_plant_inv|zn_41_inv|zn_41_inv_2|zn_42_inv_implicit,56.52|35.87|35.45|35.45|35.45,锌锭：库存：上海保税区（周）|SMM: 精炼锌冶炼厂成品库存: 月度|镀锌板卷：库存：中国（周）|镀锌板卷：库存：中国（周）|镀锌板卷：库存：中国（周）,锌锭：库存：上海保税区（周）,56.52,ID01030219,模糊待人工确认,Y
THS-ZN-4.4,ZN,9,锌锭现货升贴水（元/吨）,zn_22_premium_5|zn_22_premium_6|zn_21_lme_03|zn_22_aux|zn_21_premium,81.25|81.25|52.0|50.56|44.82,锌锭：升贴水：广东（日）|锌锭：升贴水：广东（日）|LME: 锌0-3升贴水: 日度|SMM: 上海锌锭现货升贴水_M合约: 日度|锌锭：0#：Zn≥99.995%：升贴水：广东（日）,锌锭：升贴水：广东（日）,81.25,ID01167397,高置信,Y
THS-ZN-4.5,ZN,0,国内锌隐性库存总量（万吨）,zn_41_inv|zn_41_inv_2|zn_42_inv_implicit|zn_43_inv|zn_43_inv_2,45.88|45.88|45.88|45.88|45.88,镀锌板卷：库存：中国（周）|镀锌板卷：库存：中国（周）|镀锌板卷：库存：中国（周）|镀锌板卷：库存：中国（周）|镀锌板卷：库存：中国（周）,镀锌板卷：库存：中国（周）,45.88,ID00366838,模糊待人工确认,Y
THS-ZN-4.5,ZN,1,国内锌社会库存总量（万吨）,zn_41_inv|zn_41_inv_2|zn_42_inv_implicit|zn_43_inv|zn_43_inv_2,45.88|45.88|45.88|45.88|45.88,镀锌板卷：库存：中国（周）|镀锌板卷：库存：中国（周）|镀锌板卷：库存：中国（周）|镀锌板卷：库存：中国（周）|镀锌板卷：库存：中国（周）,镀锌板卷：库存：中国（周）,45.88,ID00366838,模糊待人工确认,Y
THS-ZN-4.5,ZN,2,国内锌在途库存总量（万吨）,zn_41_inv|zn_41_inv_2|zn_42_inv_implicit|zn_43_inv|zn_43_inv_2,45.88|45.88|45.88|45.88|45.88,镀锌板卷：库存：中国（周）|镀锌板卷：库存：中国（周）|镀锌板卷：库存：中国（周）|镀锌板卷：库存：中国（周）|镀锌板卷：库存：中国（周）,镀锌板卷：库存：中国（周）,45.88,ID00366838,模糊待人工确认,Y
THS-ZN-4.5,ZN,3,国内锌隐性库存占比（%）,zn_41_inv|zn_41_inv_2|zn_42_inv_implicit|zn_43_inv|zn_43_inv_2,41.05|41.05|41.05|41.05|41.05,镀锌板卷：库存：中国（周）|镀锌板卷：库存：中国（周）|镀锌板卷：库存：中国（周）|镀锌板卷：库存：中国（周）|镀锌板卷：库存：中国（周）,镀锌板卷：库存：中国（周）,41.05,ID00366838,模糊待人工确认,Y
THS-ZN-4.5,ZN,4,国内锌在途库存占比（%）,zn_41_inv|zn_41_inv_2|zn_42_inv_implicit|zn_43_inv|zn_43_inv_2,41.05|41.05|41.05|41.05|41.05,镀锌板卷：库存：中国（周）|镀锌板卷：库存：中国（周）|镀锌板卷：库存：中国（周）|镀锌板卷：库存：中国（周）|镀锌板卷：库存：中国（周）,镀锌板卷：库存：中国（周）,41.05,ID00366838,模糊待人工确认,Y
THS-ZN-4.5,ZN,5,近3年同月/同周均值（万吨）,wr172|wr21|li_24_close_near_2|j23_lme_0to3|sn_23_lme_close_3m,33.33|30.0|26.67|21.05|21.05,沪锡近半年月差变化|SHFE铝近3月虚实比|近月合约收盘价|LME 铅0-3月升贴水|锡：3个月合约：收盘价（日）,沪锡近半年月差变化,33.33,a12841510,无候选/低置信,Y
THS-ZN-4.5,ZN,6,国内锌隐性库存分地区（万吨）,zn_44_inv_plant|zn_41_inv|zn_41_inv_2|zn_42_inv_implicit|zn_43_inv,49.53|39.0|39.0|39.0|39.0,锌锭：库存：上海保税区（周）|镀锌板卷：库存：中国（周）|镀锌板卷：库存：中国（周）|镀锌板卷：库存：中国（周）|镀锌板卷：库存：中国（周）,锌锭：库存：上海保税区（周）,49.53,ID01030219,模糊待人工确认,Y
THS-ZN-4.5,ZN,7,锌锭现货升贴水（元/吨）,zn_22_premium_5|zn_22_premium_6|zn_21_lme_03|zn_22_aux|zn_21_premium,81.25|81.25|52.0|50.56|44.82,锌锭：升贴水：广东（日）|锌锭：升贴水：广东（日）|LME: 锌0-3升贴水: 日度|SMM: 上海锌锭现货升贴水_M合约: 日度|锌锭：0#：Zn≥99.995%：升贴水：广东（日）,锌锭：升贴水：广东（日）,81.25,ID01167397,高置信,Y
THS-ZN-5.1,ZN,0,国内锌表观消费量（万吨）,zn_51_cons|zn_51_cons_2|zn_51_cons_3|zn_52_cons|zn_314_import_3,62.4|62.4|62.4|44.82|41.6,USGS：精炼锌：表观消费量：美国（年）|USGS：精炼锌：表观消费量：美国（年）|USGS：精炼锌：表观消费量：美国（年）|中国有色金属工业年鉴：锌锭：消费量：台湾省（年）|USGS：精炼锌：消费进口量：美国（年）,USGS：精炼锌：表观消费量：美国（年）,62.4,ID01552275,模糊待人工确认,Y
THS-ZN-5.1,ZN,1,国内锌精炼产量（万吨）,zn_311_output_3|zn_311_output_4|zn_313_output|zn_313_output_2|zn_314_output_2,65.0|65.0|65.0|65.0|65.0,锌精矿：产量：中国（月）|锌精矿：产量：中国（月）|锌精矿：产量：中国（月）|锌精矿：产量：中国（月）|精炼锌：产量：中国（周）,锌精矿：产量：中国（月）,65.0,ID01001563,模糊待人工确认,Y
THS-ZN-5.1,ZN,2,国内锌冶炼开工率（%）,zn_52_util_2|zn_52_util|zn_25_profit_percentile|zn_22_plant_inv|zn_61_conc_import,52.0|43.33|37.14|31.2|23.63,氧化锌企业：开工率：中国（月）|镀锌板卷：钢铁企业：开工率：中国（周）|云南驰宏锌锗：分行业：有色金属冶炼和压延加工业：利润率（半年）|SMM: 精炼锌冶炼厂成品库存: 月度|中国海关: 锌精矿进口量: 月度,氧化锌企业：开工率：中国（月）,52.0,ID01002075,模糊待人工确认,Y
THS-ZN-5.1,ZN,3,国内锌冶炼产量（万吨）,zn_311_output_3|zn_311_output_4|zn_313_output|zn_313_output_2|zn_323_output_recycle,48.75|48.75|48.75|48.75|48.75,锌精矿：产量：中国（月）|锌精矿：产量：中国（月）|锌精矿：产量：中国（月）|锌精矿：产量：中国（月）|再生锌：产量：中国（月）,锌精矿：产量：中国（月）,48.75,ID01001563,模糊待人工确认,Y
THS-ZN-5.1,ZN,4,国内锌社会库存总量（万吨）,zn_41_inv|zn_41_inv_2|zn_42_inv_implicit|zn_43_inv|zn_43_inv_2,45.88|45.88|45.88|45.88|45.88,镀锌板卷：库存：中国（周）|镀锌板卷：库存：中国（周）|镀锌板卷：库存：中国（周）|镀锌板卷：库存：中国（周）|镀锌板卷：库存：中国（周）,镀锌板卷：库存：中国（周）,45.88,ID00366838,模糊待人工确认,Y
THS-ZN-5.1,ZN,5,国内锌冶炼订单量（万吨）,zn_61_conc_import|zn_53_alloy_export|zn_53_export|zn_63_zno_trade|zn_62_import_4,35.45|35.45|35.45|35.45|35.45,中国海关: 锌精矿进口量: 月度|中国海关: 锌合金出口量: 月度|中国海关: 精炼锌出口量: 月度|中国海关: 氧化锌出口量: 月度|中国海关: 精炼锌进口量: 月度,中国海关: 锌精矿进口量: 月度,35.45,a10001843,无候选/低置信,Y
THS-ZN-5.1,ZN,6,国内锌冶炼排产计划（万吨）,zn_22_plant_inv|zn_312_output_4|zn_312_output_6|zn_312_output_8|zn_312_output_9,30.0|27.86|27.86|27.86|27.86,SMM: 精炼锌冶炼厂成品库存: 月度|中国有色金属工业年鉴：锌锭：产量：秘鲁（年）|中国有色金属工业年鉴：锌锭：产量：印度（年）|中国有色金属工业年鉴：锌锭：产量：秘鲁（年）|中国有色金属工业年鉴：锌锭：产量：秘鲁（年）,SMM: 精炼锌冶炼厂成品库存: 月度,30.0,a10001841,无候选/低置信,Y
THS-ZN-5.1,ZN,7,国内锌冶炼需求增速（%）,zn_22_plant_inv|zn_61_conc_import|zn_53_alloy_export|zn_53_export|zn_63_zno_trade,30.0|22.61|22.61|22.61|22.61,SMM: 精炼锌冶炼厂成品库存: 月度|中国海关: 锌精矿进口量: 月度|中国海关: 锌合金出口量: 月度|中国海关: 精炼锌出口量: 月度|中国海关: 氧化锌出口量: 月度,SMM: 精炼锌冶炼厂成品库存: 月度,30.0,a10001841,无候选/低置信,Y
THS-ZN-5.1,ZN,8,国内锌冶炼消费占比（%）,zn_52_cons|zn_314_import_3|zn_314_import_4|zn_51_cons|zn_51_cons_2,34.67|30.0|30.0|30.0|30.0,中国有色金属工业年鉴：锌锭：消费量：台湾省（年）|USGS：精炼锌：消费进口量：美国（年）|USGS：精炼锌：消费进口量：美国（年）|USGS：精炼锌：表观消费量：美国（年）|USGS：精炼锌：表观消费量：美国（年）,中国有色金属工业年鉴：锌锭：消费量：台湾省（年）,34.67,ID00303820,无候选/低置信,Y
THS-ZN-5.1,ZN,9,国内锌冶炼表观消费量（万吨）,zn_51_cons|zn_51_cons_2|zn_51_cons_3|zn_52_cons|zn_314_import_3,57.77|57.77|57.77|41.94|38.52,USGS：精炼锌：表观消费量：美国（年）|USGS：精炼锌：表观消费量：美国（年）|USGS：精炼锌：表观消费量：美国（年）|中国有色金属工业年鉴：锌锭：消费量：台湾省（年）|USGS：精炼锌：消费进口量：美国（年）,USGS：精炼锌：表观消费量：美国（年）,57.77,ID01552275,模糊待人工确认,Y
THS-ZN-5.1,ZN,10,近3年同月表观消费量均值（万吨）,si_51_apparent_cons|si_51_cons_apparent|li_53_lc_cons_apparent|li_53_apparent_cons|li_51_consumption,50.0|50.0|50.0|47.62|45.45,有机硅表观消费量|工业硅表观消费量|碳酸锂表观消费量|氢氧化锂表观消费量|碳酸锂表观消费量中国（月）,有机硅表观消费量,50.0,a12857251,模糊待人工确认,Y
THS-ZN-5.1,ZN,11,近3年同月表观消费量标准差（万吨）,si_51_apparent_cons|si_51_cons_apparent|li_53_lc_cons_apparent|li_53_apparent_cons|li_51_consumption,47.62|47.62|47.62|45.45|43.48,有机硅表观消费量|工业硅表观消费量|碳酸锂表观消费量|氢氧化锂表观消费量|碳酸锂表观消费量中国（月）,有机硅表观消费量,47.62,a12857251,模糊待人工确认,Y
THS-ZN-5.2,ZN,0,国内镀锌板产量（万吨）,zn_63_coated_export|zn_52_gi_turnover|zn_311_output_3|zn_311_output_4|zn_313_output,61.91|57.77|48.75|48.75|48.75,中国海关: 镀锌板出口量: 月度|镀锌板卷：成交量：中国（日）|锌精矿：产量：中国（月）|锌精矿：产量：中国（月）|锌精矿：产量：中国（月）,中国海关: 镀锌板出口量: 月度,61.91,a12803961,模糊待人工确认,Y
THS-ZN-5.2,ZN,1,国内锌锭消费量（万吨）,zn_52_cons|zn_314_import_3|zn_314_import_4|zn_51_cons|zn_51_cons_2,55.72|43.33|43.33|43.33|43.33,中国有色金属工业年鉴：锌锭：消费量：台湾省（年）|USGS：精炼锌：消费进口量：美国（年）|USGS：精炼锌：消费进口量：美国（年）|USGS：精炼锌：表观消费量：美国（年）|USGS：精炼锌：表观消费量：美国（年）,中国有色金属工业年鉴：锌锭：消费量：台湾省（年）,55.72,ID00303820,模糊待人工确认,Y
THS-ZN-5.2,ZN,2,国内氧化锌产量（万吨）,zn_63_zno_trade|zn_63_zno_exp_by_ctry|zn_311_output_3|zn_311_output_4|zn_313_output,61.91|54.17|48.75|48.75|48.75,中国海关: 氧化锌出口量: 月度|中国海关: 氧化锌出口量: 越南: 月度|锌精矿：产量：中国（月）|锌精矿：产量：中国（月）|锌精矿：产量：中国（月）,中国海关: 氧化锌出口量: 月度,61.91,a10018034,模糊待人工确认,Y
THS-ZN-5.2,ZN,3,国内压铸合金产量（万吨）,wr187|wr198|wr196|wr175|wr200,57.14|57.14|53.33|50.0|50.0,国内锡矿产量|国内锡锭产量|国内再生锡产量|国内智能手机产量|国内初级锡材产量,国内锡矿产量,57.14,ID00299777,模糊待人工确认,Y
THS-ZN-5.2,ZN,4,国内电池级锌产量（万吨）,zn_311_output_3|zn_311_output_4|zn_313_output|zn_313_output_2|zn_323_output_recycle,45.88|45.88|45.88|45.88|45.88,锌精矿：产量：中国（月）|锌精矿：产量：中国（月）|锌精矿：产量：中国（月）|锌精矿：产量：中国（月）|再生锌：产量：中国（月）,锌精矿：产量：中国（月）,45.88,ID01001563,模糊待人工确认,Y
THS-ZN-5.2,ZN,5,国内镀锌板开工率（%）,zn_52_util|zn_52_util_2|zn_63_coated_export|zn_41_inv|zn_41_inv_2,65.0|52.0|47.27|43.33|43.33,镀锌板卷：钢铁企业：开工率：中国（周）|氧化锌企业：开工率：中国（月）|中国海关: 镀锌板出口量: 月度|镀锌板卷：库存：中国（周）|镀锌板卷：库存：中国（周）,镀锌板卷：钢铁企业：开工率：中国（周）,65.0,ID00366835,模糊待人工确认,Y
THS-ZN-5.2,ZN,6,国内氧化锌开工率（%）,zn_52_util_2|zn_63_zno_trade|zn_52_util|zn_63_zno_exp_by_ctry|zn_61_conc_import,78.0|47.27|43.33|41.6|23.63,氧化锌企业：开工率：中国（月）|中国海关: 氧化锌出口量: 月度|镀锌板卷：钢铁企业：开工率：中国（周）|中国海关: 氧化锌出口量: 越南: 月度|中国海关: 锌精矿进口量: 月度,氧化锌企业：开工率：中国（月）,78.0,ID01002075,高置信,Y
THS-ZN-5.2,ZN,7,近3年同月产量均值（万吨）,wr136|wr138|si_321_output|si_323_output_recycle|si_312_output_2,37.5|37.5|35.29|35.29|35.29,三元材料 月度产量|钴酸锂 月度产量|工业硅精炼月产量|工业硅再生月产量|中国工业硅月产量,三元材料 月度产量,37.5,a10001951,无候选/低置信,Y
THS-ZN-5.2,ZN,8,近3年同月产量标准差（万吨）,wr172|wr136|wr138|si_321_output|si_323_output_recycle,42.11|35.29|35.29|33.33|33.33,沪锡近半年月差变化|三元材料 月度产量|钴酸锂 月度产量|工业硅精炼月产量|工业硅再生月产量,沪锡近半年月差变化,42.11,a12841510,模糊待人工确认,Y
THS-ZN-5.2,ZN,9,国内镀锌板/热镀锌消费量（万吨）,zn_63_coated_export|zn_52_gi_turnover|zn_52_cons|zn_314_import_3|zn_314_import_4,52.0|47.27|40.62|37.14|37.14,中国海关: 镀锌板出口量: 月度|镀锌板卷：成交量：中国（日）|中国有色金属工业年鉴：锌锭：消费量：台湾省（年）|USGS：精炼锌：消费进口量：美国（年）|USGS：精炼锌：消费进口量：美国（年）,中国海关: 镀锌板出口量: 月度,52.0,a12803961,模糊待人工确认,Y
THS-ZN-5.3,ZN,0,国内镀锌板订单量（万吨）,zn_63_coated_export|zn_52_gi_turnover|zn_41_inv|zn_41_inv_2|zn_42_inv_implicit,59.09|54.74|43.33|43.33|43.33,中国海关: 镀锌板出口量: 月度|镀锌板卷：成交量：中国（日）|镀锌板卷：库存：中国（周）|镀锌板卷：库存：中国（周）|镀锌板卷：库存：中国（周）,中国海关: 镀锌板出口量: 月度,59.09,a12803961,模糊待人工确认,Y
THS-ZN-5.3,ZN,1,国内镀锌板排产计划（万吨）,zn_63_coated_export|zn_41_inv|zn_41_inv_2|zn_42_inv_implicit|zn_43_inv,45.21|41.05|41.05|41.05|41.05,中国海关: 镀锌板出口量: 月度|镀锌板卷：库存：中国（周）|镀锌板卷：库存：中国（周）|镀锌板卷：库存：中国（周）|镀锌板卷：库存：中国（周）,中国海关: 镀锌板出口量: 月度,45.21,a12803961,模糊待人工确认,Y
THS-ZN-5.3,ZN,2,国内锌出口量（万吨）,zn_53_alloy_export|zn_53_export|zn_63_zno_trade|zn_63_coated_export|zn_63_zno_exp_by_ctry,65.0|65.0|65.0|65.0|56.52,中国海关: 锌合金出口量: 月度|中国海关: 精炼锌出口量: 月度|中国海关: 氧化锌出口量: 月度|中国海关: 镀锌板出口量: 月度|中国海关: 氧化锌出口量: 越南: 月度,中国海关: 锌合金出口量: 月度,65.0,a10018028,模糊待人工确认,Y
THS-ZN-5.3,ZN,3,国内锌精炼产量（万吨）,zn_311_output_3|zn_311_output_4|zn_313_output|zn_313_output_2|zn_314_output_2,65.0|65.0|65.0|65.0|65.0,锌精矿：产量：中国（月）|锌精矿：产量：中国（月）|锌精矿：产量：中国（月）|锌精矿：产量：中国（月）|精炼锌：产量：中国（周）,锌精矿：产量：中国（月）,65.0,ID01001563,模糊待人工确认,Y
THS-ZN-5.3,ZN,4,国内制造业PMI（%）,cu_5_3_pmi|cu_5_3_pmi_2|cu_5_3_pmi_3|cu_5_3_pmi_4|cu_5_3_pmi_5,60.0|60.0|60.0|60.0|60.0,南非：制造业PMI：数值（月）|瑞典：制造业PMI：数值（月）|瑞士：制造业PMI：数值（月）|希腊：制造业PMI：数值（月）|香港：制造业PMI：数值（月）,南非：制造业PMI：数值（月）,60.0,GM0000000488,模糊待人工确认,Y
THS-ZN-5.3,ZN,5,国内锌表观消费量（万吨）,zn_51_cons|zn_51_cons_2|zn_51_cons_3|zn_52_cons|zn_314_import_3,62.4|62.4|62.4|44.82|41.6,USGS：精炼锌：表观消费量：美国（年）|USGS：精炼锌：表观消费量：美国（年）|USGS：精炼锌：表观消费量：美国（年）|中国有色金属工业年鉴：锌锭：消费量：台湾省（年）|USGS：精炼锌：消费进口量：美国（年）,USGS：精炼锌：表观消费量：美国（年）,62.4,ID01552275,模糊待人工确认,Y
THS-ZN-5.3,ZN,6,LME锌库存（手）,zn_21_lme_inv|zn_23_comex|zn_21_volume|zn_22_lme_inv|zn_41_lme_warrant,86.67|72.23|69.33|65.0|65.0,LME: 锌库存总计: 日度|COMEX：锌：期货库存（日）|LME：锌：成交量（日）|LME：锌：特高级：原产国库存：巴林（月）|LME：锌：注销仓单（日）,LME: 锌库存总计: 日度,86.67,a10017992,高置信,Y
THS-ZN-5.3,ZN,7,LME锌注销仓单（手）,zn_41_lme_warrant|zn_53_lme_cancel|zn_64_lme_reg|zn_26_lme_oi|zn_21_volume,100|90.44|79.13|65.0|61.18,LME：锌：注销仓单（日）|LME: 锌仓库注销仓单: 合计: 日度|LME: 锌仓库注册仓单: 合计: 日度|LME: 锌: 持仓量: 日度|LME：锌：成交量（日）,LME：锌：注销仓单（日）,100,FU00016166,高置信,Y
THS-ZN-5.3,ZN,8,沪锌主力合约收盘价（元/吨）,zn_21_close_front|zn_21_close_near|zn_21_close_far|zn_23_close_front|zn_24_close_near,82.73|82.73|82.73|82.73|82.73,SHFE：锌：主力合约：收盘价（日）|SHFE：锌：主力合约：收盘价（日）|SHFE：锌：主力合约：收盘价（日）|SHFE：锌：主力合约：收盘价（日）|SHFE：锌：主力合约：收盘价（日）,SHFE：锌：主力合约：收盘价（日）,82.73,FU00016362,高置信,Y
THS-ZN-5.3,ZN,9,LME锌收盘价（美元/吨）,zn_23_lme_3m|zn_23_lme_close|zn_23_lme_cash|zn_21_volume|zn_21_close_front,91.0|86.67|68.42|65.0|61.91,LME: 锌 3M收盘价: 日度|LME：锌：3个月合约：收盘价（日）|LME: 锌: 现货价: 日度|LME：锌：成交量（日）|SHFE：锌：主力合约：收盘价（日）,LME: 锌 3M收盘价: 日度,91.0,a10017942,高置信,Y
THS-ZN-5.3,ZN,10,沪伦比（元/吨）,wr173|j22_shfe_ratio|wr170|wr171|al_62_lunlun,75.0|30.0|22.22|22.22|21.43,锡沪伦比|SMM 沪伦比值 铅 现货|沪锡价格走势|沪锡总持仓量|Mysteel：铝：沪伦比值（日）,锡沪伦比,75.0,ID01895225,高置信,Y
THS-ZN-5.3,ZN,11,国内电池级锌订单量（万吨）,zn_61_conc_import|zn_53_alloy_export|zn_53_export|zn_63_zno_trade|zn_62_import_4,33.92|33.92|33.92|33.92|33.92,中国海关: 锌精矿进口量: 月度|中国海关: 锌合金出口量: 月度|中国海关: 精炼锌出口量: 月度|中国海关: 氧化锌出口量: 月度|中国海关: 精炼锌进口量: 月度,中国海关: 锌精矿进口量: 月度,33.92,a10001843,无候选/低置信,Y
THS-ZN-5.3,ZN,12,国内电池级锌产量（万吨）,zn_311_output_3|zn_311_output_4|zn_313_output|zn_313_output_2|zn_323_output_recycle,45.88|45.88|45.88|45.88|45.88,锌精矿：产量：中国（月）|锌精矿：产量：中国（月）|锌精矿：产量：中国（月）|锌精矿：产量：中国（月）|再生锌：产量：中国（月）,锌精矿：产量：中国（月）,45.88,ID01001563,模糊待人工确认,Y
THS-ZN-5.3,ZN,13,近3年同月表观消费量均值（万吨）,si_51_apparent_cons|si_51_cons_apparent|li_53_lc_cons_apparent|li_53_apparent_cons|li_51_consumption,50.0|50.0|50.0|47.62|45.45,有机硅表观消费量|工业硅表观消费量|碳酸锂表观消费量|氢氧化锂表观消费量|碳酸锂表观消费量中国（月）,有机硅表观消费量,50.0,a12857251,模糊待人工确认,Y
THS-ZN-5.3,ZN,14,近3年同月表观消费量标准差（万吨）,si_51_apparent_cons|si_51_cons_apparent|li_53_lc_cons_apparent|li_53_apparent_cons|li_51_consumption,47.62|47.62|47.62|45.45|43.48,有机硅表观消费量|工业硅表观消费量|碳酸锂表观消费量|氢氧化锂表观消费量|碳酸锂表观消费量中国（月）,有机硅表观消费量,47.62,a12857251,模糊待人工确认,Y
THS-ZN-6.1,ZN,0,国内锌精矿进口量（万吨）,zn_61_conc_import|zn_311_import|zn_311_import_2|zn_312_import_3|zn_314_import_2,82.73|67.82|67.82|67.82|67.82,中国海关: 锌精矿进口量: 月度|锌矿砂及其精矿：进口数量：陕西（月）|锌矿砂及其精矿：进口数量：陕西（月）|锌矿石及其精矿：进口数量：印度（年）|锌矿砂及其精矿：进口数量：陕西（月）,中国海关: 锌精矿进口量: 月度,82.73,a10001843,高置信,Y
THS-ZN-6.1,ZN,1,国内锌精炼产量（万吨）,zn_311_output_3|zn_311_output_4|zn_313_output|zn_313_output_2|zn_314_output_2,65.0|65.0|65.0|65.0|65.0,锌精矿：产量：中国（月）|锌精矿：产量：中国（月）|锌精矿：产量：中国（月）|锌精矿：产量：中国（月）|精炼锌：产量：中国（周）,锌精矿：产量：中国（月）,65.0,ID01001563,模糊待人工确认,Y
THS-ZN-6.1,ZN,2,国内再生锌进口量（万吨）,zn_323_output_recycle|zn_61_conc_import|zn_62_import_4|zn_314_import_5|zn_314_import_6,61.18|59.09|59.09|47.27|47.27,再生锌：产量：中国（月）|中国海关: 锌精矿进口量: 月度|中国海关: 精炼锌进口量: 月度|精炼锌：进口数量：秘鲁→中国（月）|精炼锌：进口数量：秘鲁→中国（月）,再生锌：产量：中国（月）,61.18,ID01510884,模糊待人工确认,Y
THS-ZN-6.1,ZN,3,国内再生锌产量（万吨）,zn_323_output_recycle|zn_312_output_7|zn_321_output|zn_321_output_recycle|zn_51_output,81.25|49.53|49.53|49.53|49.53,再生锌：产量：中国（月）|样本企业：原生锌：产量：中国（月）|样本企业：原生锌：产量：中国（月）|样本企业：原生锌：产量：中国（月）|样本企业：原生锌：产量：中国（月）,再生锌：产量：中国（月）,81.25,ID01510884,高置信,Y
THS-ZN-6.1,ZN,4,国内锌精矿进口量分国别（万吨）,zn_61_conc_import|zn_311_output_3|zn_311_output_4|zn_313_output|zn_313_output_2,72.8|65.0|65.0|65.0|65.0,中国海关: 锌精矿进口量: 月度|锌精矿：产量：中国（月）|锌精矿：产量：中国（月）|锌精矿：产量：中国（月）|锌精矿：产量：中国（月）,中国海关: 锌精矿进口量: 月度,72.8,a10001843,高置信,Y
THS-ZN-6.1,ZN,5,国内锌精矿进口量总量（万吨）,zn_61_conc_import|zn_311_import|zn_311_import_2|zn_312_import_3|zn_314_import_2,82.73|67.82|67.82|67.82|67.82,中国海关: 锌精矿进口量: 月度|锌矿砂及其精矿：进口数量：陕西（月）|锌矿砂及其精矿：进口数量：陕西（月）|锌矿石及其精矿：进口数量：印度（年）|锌矿砂及其精矿：进口数量：陕西（月）,中国海关: 锌精矿进口量: 月度,82.73,a10001843,高置信,Y
THS-ZN-6.1,ZN,6,国内锌精矿保税区库存（万吨）,zn_312_port_inv|zn_61_inv_conc|zn_312_port_inv_2|zn_312_port_inv_3|zn_312_port_inv_4,61.91|59.09|59.09|59.09|59.09,锌精矿：港口库存：中国（周）|锌精矿：原料：库存：中国（周）|锌精矿：港口库存：锦州港（周）|锌精矿：港口库存：黄埔港（周）|锌精矿：港口库存：天津港（周）,锌精矿：港口库存：中国（周）,61.91,ID00188330,模糊待人工确认,Y
THS-ZN-6.1,ZN,7,国内锌精矿进口盈亏（元/吨）,zn_21_import|zn_314_import|zn_323_import_recycle_3|zn_61_conc_import|zn_61_conc_imp_pnl,68.42|68.42|68.42|67.82|55.15,锌锭：进口盈亏：含税（日）|锌锭：进口盈亏：含税（日）|锌锭：进口盈亏：含税（日）|中国海关: 锌精矿进口量: 月度|SMM: 锌精矿日度进口盈亏: 锌精矿进口盈亏: 日度,锌锭：进口盈亏：含税（日）,68.42,ID01030236,模糊待人工确认,Y
THS-ZN-6.1,ZN,8,沪伦比（元/吨）,wr173|j22_shfe_ratio|wr170|wr171|al_62_lunlun,75.0|30.0|22.22|22.22|21.43,锡沪伦比|SMM 沪伦比值 铅 现货|沪锡价格走势|沪锡总持仓量|Mysteel：铝：沪伦比值（日）,锡沪伦比,75.0,ID01895225,高置信,Y
THS-ZN-6.1,ZN,9,国内锌精矿发运量（万吨）,zn_311_output_3|zn_311_output_4|zn_313_output|zn_313_output_2|zn_61_conc_import,61.18|61.18|61.18|61.18|59.09,锌精矿：产量：中国（月）|锌精矿：产量：中国（月）|锌精矿：产量：中国（月）|锌精矿：产量：中国（月）|中国海关: 锌精矿进口量: 月度,锌精矿：产量：中国（月）,61.18,ID01001563,模糊待人工确认,Y
THS-ZN-6.1,ZN,10,近3年同月进口量均值（万吨）,wr144|si_321_import|si_321_import_2|si_314_by_country_import|si_314_by_country_import_2,44.44|42.11|42.11|40.0|40.0,碳酸锂 月度进口量|工业硅精炼月进口量|工业硅精炼月进口量|工业硅月进口量分国别|工业硅月进口量分国别,碳酸锂 月度进口量,44.44,a10006557,模糊待人工确认,Y
THS-ZN-6.1,ZN,11,近3年同月进口量标准差（万吨）,wr144|si_321_import|si_321_import_2|wr172|si_314_by_country_import,42.11|40.0|40.0|40.0|38.1,碳酸锂 月度进口量|工业硅精炼月进口量|工业硅精炼月进口量|沪锡近半年月差变化|工业硅月进口量分国别,碳酸锂 月度进口量,42.11,a10006557,模糊待人工确认,Y
THS-ZN-6.1,ZN,12,国内锌精矿关税税率（%）,zn_61_conc_import|zn_311_output_3|zn_311_output_4|zn_313_output|zn_313_output_2,45.21|43.33|43.33|43.33|43.33,中国海关: 锌精矿进口量: 月度|锌精矿：产量：中国（月）|锌精矿：产量：中国（月）|锌精矿：产量：中国（月）|锌精矿：产量：中国（月）,中国海关: 锌精矿进口量: 月度,45.21,a10001843,模糊待人工确认,Y
THS-ZN-6.2,ZN,0,国内电锌进口量（万吨）,zn_61_conc_import|zn_62_import_4|zn_314_import_5|zn_314_import_6|zn_53_alloy_export,61.91|61.91|49.53|49.53|49.53,中国海关: 锌精矿进口量: 月度|中国海关: 精炼锌进口量: 月度|精炼锌：进口数量：秘鲁→中国（月）|精炼锌：进口数量：秘鲁→中国（月）|中国海关: 锌合金出口量: 月度,中国海关: 锌精矿进口量: 月度,61.91,a10001843,模糊待人工确认,Y
THS-ZN-6.2,ZN,1,国内电锌出口量（万吨）,zn_53_alloy_export|zn_53_export|zn_63_zno_trade|zn_63_coated_export|zn_63_zno_exp_by_ctry,61.91|61.91|61.91|61.91|54.17,中国海关: 锌合金出口量: 月度|中国海关: 精炼锌出口量: 月度|中国海关: 氧化锌出口量: 月度|中国海关: 镀锌板出口量: 月度|中国海关: 氧化锌出口量: 越南: 月度,中国海关: 锌合金出口量: 月度,61.91,a10018028,模糊待人工确认,Y
THS-ZN-6.2,ZN,2,国内电锌净进口量（万吨）,zn_61_conc_import|zn_62_import_4|zn_314_import_5|zn_314_import_6|zn_53_alloy_export,59.09|59.09|47.27|47.27|47.27,中国海关: 锌精矿进口量: 月度|中国海关: 精炼锌进口量: 月度|精炼锌：进口数量：秘鲁→中国（月）|精炼锌：进口数量：秘鲁→中国（月）|中国海关: 锌合金出口量: 月度,中国海关: 锌精矿进口量: 月度,59.09,a10001843,模糊待人工确认,Y
THS-ZN-6.2,ZN,3,国内电锌进口量分国别（万吨）,zn_314_import_5|zn_314_import_6|zn_61_conc_import|zn_62_import_4|zn_314_net_exp,54.17|54.17|54.17|54.17|52.0,精炼锌：进口数量：秘鲁→中国（月）|精炼锌：进口数量：秘鲁→中国（月）|中国海关: 锌精矿进口量: 月度|中国海关: 精炼锌进口量: 月度|锌粉及片状粉末：进口数量合计：中国（月）,精炼锌：进口数量：秘鲁→中国（月）,54.17,ID02041395,模糊待人工确认,Y
THS-ZN-6.2,ZN,4,国内电锌进口量总量（万吨）,zn_61_conc_import|zn_62_import_4|zn_314_import_5|zn_314_import_6|zn_53_alloy_export,61.91|61.91|49.53|49.53|49.53,中国海关: 锌精矿进口量: 月度|中国海关: 精炼锌进口量: 月度|精炼锌：进口数量：秘鲁→中国（月）|精炼锌：进口数量：秘鲁→中国（月）|中国海关: 锌合金出口量: 月度,中国海关: 锌精矿进口量: 月度,61.91,a10001843,模糊待人工确认,Y
THS-ZN-6.2,ZN,5,国内电锌保税区库存（万吨）,zn_44_inv_plant|zn_41_inv|zn_41_inv_2|zn_42_inv_implicit|zn_43_inv,52.0|41.05|41.05|41.05|41.05,锌锭：库存：上海保税区（周）|镀锌板卷：库存：中国（周）|镀锌板卷：库存：中国（周）|镀锌板卷：库存：中国（周）|镀锌板卷：库存：中国（周）,锌锭：库存：上海保税区（周）,52.0,ID01030219,模糊待人工确认,Y
THS-ZN-6.2,ZN,6,国内电锌保税区仓单（手）,zn_44_inv_plant|zn_41_lme_warrant|zn_53_lme_cancel|zn_64_lme_reg|zn_21_warrant,52.0|41.05|32.5|32.5|30.0,锌锭：库存：上海保税区（周）|LME：锌：注销仓单（日）|LME: 锌仓库注销仓单: 合计: 日度|LME: 锌仓库注册仓单: 合计: 日度|SHFE: 锌: 仓单日报: 期货: 日度,锌锭：库存：上海保税区（周）,52.0,ID01030219,模糊待人工确认,Y
THS-ZN-6.2,ZN,7,近3年同月出口量均值（万吨）,si_62_export|si_62_export_2|wr269|li_62_export_2|pb_63_aux,37.5|37.5|37.5|35.29|33.33,工业硅出口量|工业硅出口量|不锈钢出口量|氢氧化锂出口量|铅蓄电池：出口数量终值：中国（月）,工业硅出口量,37.5,CM0000287779,无候选/低置信,Y
THS-ZN-6.2,ZN,8,近3年同月出口量标准差（万吨）,wr172|si_62_export|si_62_export_2|wr269|li_62_export_2,40.0|35.29|35.29|35.29|33.33,沪锡近半年月差变化|工业硅出口量|工业硅出口量|不锈钢出口量|氢氧化锂出口量,沪锡近半年月差变化,40.0,a12841510,模糊待人工确认,Y
THS-ZN-6.2,ZN,9,国内电锌进出口金额（亿美元）,zn_61_conc_import|zn_53_alloy_export|zn_53_export|zn_63_zno_trade|zn_62_import_4,45.21|45.21|45.21|45.21|45.21,中国海关: 锌精矿进口量: 月度|中国海关: 锌合金出口量: 月度|中国海关: 精炼锌出口量: 月度|中国海关: 氧化锌出口量: 月度|中国海关: 精炼锌进口量: 月度,中国海关: 锌精矿进口量: 月度,45.21,a10001843,模糊待人工确认,Y
THS-ZN-6.2,ZN,10,国内电锌关税税率（%）,zn_21_import|zn_314_import|zn_323_import_recycle_3|zn_44_inv_plant|zn_61_conc_import,28.89|28.89|28.89|27.37|23.63,锌锭：进口盈亏：含税（日）|锌锭：进口盈亏：含税（日）|锌锭：进口盈亏：含税（日）|锌锭：库存：上海保税区（周）|中国海关: 锌精矿进口量: 月度,锌锭：进口盈亏：含税（日）,28.89,ID01030236,无候选/低置信,Y
THS-ZN-6.3,ZN,0,国内镀锌板出口量（万吨）,zn_63_coated_export|zn_53_alloy_export|zn_53_export|zn_63_zno_trade|zn_63_prod_trade,82.73|59.09|59.09|59.09|55.15,中国海关: 镀锌板出口量: 月度|中国海关: 锌合金出口量: 月度|中国海关: 精炼锌出口量: 月度|中国海关: 氧化锌出口量: 月度|中国海关: 电镀锌的铁或非合金钢平板轧材出口量: 月度,中国海关: 镀锌板出口量: 月度,82.73,a12803961,高置信,Y
THS-ZN-6.3,ZN,1,国内镀锌板产量（万吨）,zn_63_coated_export|zn_52_gi_turnover|zn_311_output_3|zn_311_output_4|zn_313_output,61.91|57.77|48.75|48.75|48.75,中国海关: 镀锌板出口量: 月度|镀锌板卷：成交量：中国（日）|锌精矿：产量：中国（月）|锌精矿：产量：中国（月）|锌精矿：产量：中国（月）,中国海关: 镀锌板出口量: 月度,61.91,a12803961,模糊待人工确认,Y
THS-ZN-6.3,ZN,2,国内锌合金出口量（万吨）,zn_53_alloy_export|zn_323_output|zn_63_output|zn_53_export|zn_63_zno_trade,82.73|61.18|61.18|59.09|59.09,中国海关: 锌合金出口量: 月度|锌合金：产量：中国（月）|锌合金：产量：中国（月）|中国海关: 精炼锌出口量: 月度|中国海关: 氧化锌出口量: 月度,中国海关: 锌合金出口量: 月度,82.73,a10018028,高置信,Y
THS-ZN-6.3,ZN,3,国内锌合金产量（万吨）,zn_323_output|zn_63_output|zn_53_alloy_export|zn_311_output_3|zn_311_output_4,81.25|81.25|61.91|48.75|48.75,锌合金：产量：中国（月）|锌合金：产量：中国（月）|中国海关: 锌合金出口量: 月度|锌精矿：产量：中国（月）|锌精矿：产量：中国（月）,锌合金：产量：中国（月）,81.25,ID01001564,高置信,Y
THS-ZN-6.3,ZN,4,国内氧化锌出口量（万吨）,zn_63_zno_trade|zn_63_zno_exp_by_ctry|zn_53_alloy_export|zn_53_export|zn_63_coated_export,82.73|72.8|59.09|59.09|59.09,中国海关: 氧化锌出口量: 月度|中国海关: 氧化锌出口量: 越南: 月度|中国海关: 锌合金出口量: 月度|中国海关: 精炼锌出口量: 月度|中国海关: 镀锌板出口量: 月度,中国海关: 氧化锌出口量: 月度,82.73,a10018034,高置信,Y
THS-ZN-6.3,ZN,5,国内氧化锌产量（万吨）,zn_63_zno_trade|zn_63_zno_exp_by_ctry|zn_311_output_3|zn_311_output_4|zn_313_output,61.91|54.17|48.75|48.75|48.75,中国海关: 氧化锌出口量: 月度|中国海关: 氧化锌出口量: 越南: 月度|锌精矿：产量：中国（月）|锌精矿：产量：中国（月）|锌精矿：产量：中国（月）,中国海关: 氧化锌出口量: 月度,61.91,a10018034,模糊待人工确认,Y
THS-ZN-6.3,ZN,6,国内压铸合金出口量（万吨）,wr27|zn_53_alloy_export|pb_63_alloy_export|wr188|wr273,53.33|52.17|52.17|50.0|47.06,铝合金进口量|中国海关: 锌合金出口量: 月度|中国海关: 铅合金出口量: 月度|国内锡矿进口量|中国硫酸镍出口量,铝合金进口量,53.33,ID01114281,模糊待人工确认,Y
THS-ZN-6.3,ZN,7,国内压铸合金产量（万吨）,wr187|wr198|wr196|wr175|wr200,57.14|57.14|53.33|50.0|50.0,国内锡矿产量|国内锡锭产量|国内再生锡产量|国内智能手机产量|国内初级锡材产量,国内锡矿产量,57.14,ID00299777,模糊待人工确认,Y
THS-ZN-6.3,ZN,8,国内锌制品出口金额（亿美元）,zn_53_alloy_export|zn_53_export|zn_63_zno_trade|zn_63_coated_export|zn_63_zno_exp_by_ctry,45.21|45.21|45.21|45.21|40.0,中国海关: 锌合金出口量: 月度|中国海关: 精炼锌出口量: 月度|中国海关: 氧化锌出口量: 月度|中国海关: 镀锌板出口量: 月度|中国海关: 氧化锌出口量: 越南: 月度,中国海关: 锌合金出口量: 月度,45.21,a10018028,模糊待人工确认,Y
THS-ZN-6.3,ZN,9,国内锌制品出口量（万吨）,zn_53_alloy_export|zn_53_export|zn_63_zno_trade|zn_63_coated_export|zn_63_zno_exp_by_ctry,59.09|59.09|59.09|59.09|52.0,中国海关: 锌合金出口量: 月度|中国海关: 精炼锌出口量: 月度|中国海关: 氧化锌出口量: 月度|中国海关: 镀锌板出口量: 月度|中国海关: 氧化锌出口量: 越南: 月度,中国海关: 锌合金出口量: 月度,59.09,a10018028,模糊待人工确认,Y
THS-ZN-6.3,ZN,10,国内锌制品出口量分国别（万吨）,zn_53_alloy_export|zn_53_export|zn_63_zno_trade|zn_63_coated_export|zn_63_zno_exp_by_ctry,52.0|52.0|52.0|52.0|46.42,中国海关: 锌合金出口量: 月度|中国海关: 精炼锌出口量: 月度|中国海关: 氧化锌出口量: 月度|中国海关: 镀锌板出口量: 月度|中国海关: 氧化锌出口量: 越南: 月度,中国海关: 锌合金出口量: 月度,52.0,a10018028,模糊待人工确认,Y
THS-ZN-6.3,ZN,11,国内锌制品出口量总量（万吨）,zn_53_alloy_export|zn_53_export|zn_63_zno_trade|zn_63_coated_export|zn_63_zno_exp_by_ctry,59.09|59.09|59.09|59.09|52.0,中国海关: 锌合金出口量: 月度|中国海关: 精炼锌出口量: 月度|中国海关: 氧化锌出口量: 月度|中国海关: 镀锌板出口量: 月度|中国海关: 氧化锌出口量: 越南: 月度,中国海关: 锌合金出口量: 月度,59.09,a10018028,模糊待人工确认,Y
THS-ZN-6.3,ZN,12,近3年同月出口量均值（万吨）,si_62_export|si_62_export_2|wr269|li_62_export_2|pb_63_aux,37.5|37.5|37.5|35.29|33.33,工业硅出口量|工业硅出口量|不锈钢出口量|氢氧化锂出口量|铅蓄电池：出口数量终值：中国（月）,工业硅出口量,37.5,CM0000287779,无候选/低置信,Y
THS-ZN-6.3,ZN,13,近3年同月出口量标准差（万吨）,wr172|si_62_export|si_62_export_2|wr269|li_62_export_2,40.0|35.29|35.29|35.29|33.33,沪锡近半年月差变化|工业硅出口量|工业硅出口量|不锈钢出口量|氢氧化锂出口量,沪锡近半年月差变化,40.0,a12841510,模糊待人工确认,Y
THS-ZN-6.3,ZN,14,沪锌主力合约收盘价（元/吨）,zn_21_close_front|zn_21_close_near|zn_21_close_far|zn_23_close_front|zn_24_close_near,82.73|82.73|82.73|82.73|82.73,SHFE：锌：主力合约：收盘价（日）|SHFE：锌：主力合约：收盘价（日）|SHFE：锌：主力合约：收盘价（日）|SHFE：锌：主力合约：收盘价（日）|SHFE：锌：主力合约：收盘价（日）,SHFE：锌：主力合约：收盘价（日）,82.73,FU00016362,高置信,Y
THS-ZN-6.4,ZN,0,海外对华锌精矿发运量（万吨）,zn_311_output_3|zn_311_output_4|zn_313_output|zn_313_output_2|zn_61_conc_import,54.74|54.74|54.74|54.74|54.17,锌精矿：产量：中国（月）|锌精矿：产量：中国（月）|锌精矿：产量：中国（月）|锌精矿：产量：中国（月）|中国海关: 锌精矿进口量: 月度,锌精矿：产量：中国（月）,54.74,ID01001563,模糊待人工确认,Y
THS-ZN-6.4,ZN,1,国内锌精矿进口量（万吨）,zn_61_conc_import|zn_311_import|zn_311_import_2|zn_312_import_3|zn_314_import_2,82.73|67.82|67.82|67.82|67.82,中国海关: 锌精矿进口量: 月度|锌矿砂及其精矿：进口数量：陕西（月）|锌矿砂及其精矿：进口数量：陕西（月）|锌矿石及其精矿：进口数量：印度（年）|锌矿砂及其精矿：进口数量：陕西（月）,中国海关: 锌精矿进口量: 月度,82.73,a10001843,高置信,Y
THS-ZN-6.4,ZN,2,海外对华电锌发运量（万吨）,zn_61_conc_import|zn_53_alloy_export|zn_53_export|zn_63_zno_trade|zn_62_import_4,33.92|33.92|33.92|33.92|33.92,中国海关: 锌精矿进口量: 月度|中国海关: 锌合金出口量: 月度|中国海关: 精炼锌出口量: 月度|中国海关: 氧化锌出口量: 月度|中国海关: 精炼锌进口量: 月度,中国海关: 锌精矿进口量: 月度,33.92,a10001843,无候选/低置信,Y
THS-ZN-6.4,ZN,3,国内电锌进口量（万吨）,zn_61_conc_import|zn_62_import_4|zn_314_import_5|zn_314_import_6|zn_53_alloy_export,61.91|61.91|49.53|49.53|49.53,中国海关: 锌精矿进口量: 月度|中国海关: 精炼锌进口量: 月度|精炼锌：进口数量：秘鲁→中国（月）|精炼锌：进口数量：秘鲁→中国（月）|中国海关: 锌合金出口量: 月度,中国海关: 锌精矿进口量: 月度,61.91,a10001843,模糊待人工确认,Y
THS-ZN-6.4,ZN,4,海外对华锌发运天数（天）,zn_312_raw_days|zn_312_port_inv_4|zn_21_close|zn_21_close_2|zn_23_close,33.92|24.77|22.61|22.61|22.61,锌精矿：原料：库存天数：中国（周）|锌精矿：港口库存：天津港（周）|SHFE：锌：指数合约：收盘价（日）|SHFE：锌：指数合约：收盘价（日）|SHFE：锌：指数合约：收盘价（日）,锌精矿：原料：库存天数：中国（周）,33.92,ID01167314,无候选/低置信,Y
THS-ZN-6.4,ZN,5,海外对华锌发运量（万吨）,zn_61_conc_import|zn_53_alloy_export|zn_53_export|zn_63_zno_trade|zn_62_import_4,35.45|35.45|35.45|35.45|35.45,中国海关: 锌精矿进口量: 月度|中国海关: 锌合金出口量: 月度|中国海关: 精炼锌出口量: 月度|中国海关: 氧化锌出口量: 月度|中国海关: 精炼锌进口量: 月度,中国海关: 锌精矿进口量: 月度,35.45,a10001843,无候选/低置信,Y
THS-ZN-6.4,ZN,6,海外对华锌发运量分国别（万吨）,zn_311_output_3|zn_311_output_4|zn_313_output|zn_313_output_2|zn_323_output_recycle,39.0|39.0|39.0|39.0|39.0,锌精矿：产量：中国（月）|锌精矿：产量：中国（月）|锌精矿：产量：中国（月）|锌精矿：产量：中国（月）|再生锌：产量：中国（月）,锌精矿：产量：中国（月）,39.0,ID01001563,无候选/低置信,Y
THS-ZN-6.4,ZN,7,海外对华锌发运量总量（万吨）,zn_61_conc_import|zn_53_alloy_export|zn_53_export|zn_63_zno_trade|zn_62_import_4,35.45|35.45|35.45|35.45|35.45,中国海关: 锌精矿进口量: 月度|中国海关: 锌合金出口量: 月度|中国海关: 精炼锌出口量: 月度|中国海关: 氧化锌出口量: 月度|中国海关: 精炼锌进口量: 月度,中国海关: 锌精矿进口量: 月度,35.45,a10001843,无候选/低置信,Y
THS-ZN-6.4,ZN,8,海外对华锌保税区库存（万吨）,zn_44_inv_plant|zn_41_inv|zn_41_inv_2|zn_42_inv_implicit|zn_43_inv,49.53|39.0|39.0|39.0|39.0,锌锭：库存：上海保税区（周）|镀锌板卷：库存：中国（周）|镀锌板卷：库存：中国（周）|镀锌板卷：库存：中国（周）|镀锌板卷：库存：中国（周）,锌锭：库存：上海保税区（周）,49.53,ID01030219,模糊待人工确认,Y
THS-ZN-6.4,ZN,9,海外对华锌保税区仓单（手）,zn_44_inv_plant|zn_41_lme_warrant|zn_53_lme_cancel|zn_64_lme_reg|zn_21_warrant,49.53|39.0|31.2|31.2|28.89,锌锭：库存：上海保税区（周）|LME：锌：注销仓单（日）|LME: 锌仓库注销仓单: 合计: 日度|LME: 锌仓库注册仓单: 合计: 日度|SHFE: 锌: 仓单日报: 期货: 日度,锌锭：库存：上海保税区（周）,49.53,ID01030219,模糊待人工确认,Y
THS-ZN-6.4,ZN,10,近3年同月发运量均值（万吨）,li_63_conc_shipment|wr70|wr172|wr21|wr72,37.5|33.33|31.58|28.57|28.57,锂精矿发运量(班伯里港)|发运量-几内亚官方|沪锡近半年月差变化|SHFE铝近3月虚实比|发运量-路透-几内亚MA3,锂精矿发运量(班伯里港),37.5,ID02038526,无候选/低置信,Y
THS-ZN-6.4,ZN,11,近3年同月发运量标准差（万吨）,wr172|li_63_conc_shipment|wr70|wr21|wr72,40.0|35.29|31.58|27.27|27.27,沪锡近半年月差变化|锂精矿发运量(班伯里港)|发运量-几内亚官方|SHFE铝近3月虚实比|发运量-路透-几内亚MA3,沪锡近半年月差变化,40.0,a12841510,模糊待人工确认,Y
THS-ZN-6.4,ZN,12,海外对华锌发运盈亏（元/吨）,zn_21_import|zn_314_import|zn_323_import_recycle_3|zn_23_lunlun_2|zn_23_lunlun,41.05|41.05|41.05|26.9|25.16,锌锭：进口盈亏：含税（日）|锌锭：进口盈亏：含税（日）|锌锭：进口盈亏：含税（日）|SMM: 精炼锌进口盈亏: 锌沪伦比值: 日度|SMM: 精炼锌进口盈亏: 沪市锌锭升贴水: 日度,锌锭：进口盈亏：含税（日）,41.05,ID01030236,模糊待人工确认,Y
THS-ZN-6.4,ZN,13,沪伦比（元/吨）,wr173|j22_shfe_ratio|wr170|wr171|al_62_lunlun,75.0|30.0|22.22|22.22|21.43,锡沪伦比|SMM 沪伦比值 铅 现货|沪锡价格走势|沪锡总持仓量|Mysteel：铝：沪伦比值（日）,锡沪伦比,75.0,ID01895225,高置信,Y
THS-ZN-7.1,ZN,0,国内锌冶炼成本（元/吨）,zn_71_cost|zn_71_cost_2|zn_22_plant_inv|zn_21_volume|zn_25_cost_conc,45.88|45.88|43.33|32.5|30.0,锌锭：进口：理论成本（日）|锌锭：进口：理论成本（日）|SMM: 精炼锌冶炼厂成品库存: 月度|LME：锌：成交量（日）|云南驰宏锌锗：分产品：锌精矿：成本比例（半年）,锌锭：进口：理论成本（日）,45.88,ID01030235,模糊待人工确认,Y
THS-ZN-7.1,ZN,1,国内锌冶炼成本分位（%）,zn_71_cost|zn_71_cost_2|zn_22_plant_inv|zn_21_volume|zn_25_cost_conc,41.05|41.05|40.0|28.89|27.86,锌锭：进口：理论成本（日）|锌锭：进口：理论成本（日）|SMM: 精炼锌冶炼厂成品库存: 月度|LME：锌：成交量（日）|云南驰宏锌锗：分产品：锌精矿：成本比例（半年）,锌锭：进口：理论成本（日）,41.05,ID01030235,模糊待人工确认,Y
THS-ZN-7.1,ZN,2,国内锌精炼产量（万吨）,zn_311_output_3|zn_311_output_4|zn_313_output|zn_313_output_2|zn_314_output_2,65.0|65.0|65.0|65.0|65.0,锌精矿：产量：中国（月）|锌精矿：产量：中国（月）|锌精矿：产量：中国（月）|锌精矿：产量：中国（月）|精炼锌：产量：中国（周）,锌精矿：产量：中国（月）,65.0,ID01001563,模糊待人工确认,Y
THS-ZN-7.1,ZN,3,国内锌冶炼加工费（元/吨）,zn_25_tc_conc|zn_311_tc_imp|zn_25_profit_percentile|zn_25_aux|zn_312_aux,45.21|41.6|37.14|37.14|37.14,锌精矿：50%Zn：加工费：白银（日）|锌精矿：进口：50%Zn：加工费均价（日）|云南驰宏锌锗：分行业：有色金属冶炼和压延加工业：利润率（半年）|锌精矿：国产：50%Zn：加工费均价：广西（日）|锌精矿：国产：50%Zn：加工费均价：河南（日）,锌精矿：50%Zn：加工费：白银（日）,45.21,ID01510737,模糊待人工确认,Y
THS-ZN-7.1,ZN,4,国内锌电解成本（元/吨）,zn_71_cost|zn_71_cost_2|zn_21_volume|zn_25_cost_conc|zn_25_profit,45.88|45.88|32.5|30.0|28.89,锌锭：进口：理论成本（日）|锌锭：进口：理论成本（日）|LME：锌：成交量（日）|云南驰宏锌锗：分产品：锌精矿：成本比例（半年）|云南罗平锌电：营业利润（季）,锌锭：进口：理论成本（日）,45.88,ID01030235,模糊待人工确认,Y
THS-ZN-7.1,ZN,5,国内锌现金成本（元/吨）,zn_71_cost|zn_71_cost_2|zn_53_alloy_export|zn_21_volume|zn_25_cost_conc,45.88|45.88|37.14|32.5|30.0,锌锭：进口：理论成本（日）|锌锭：进口：理论成本（日）|中国海关: 锌合金出口量: 月度|LME：锌：成交量（日）|云南驰宏锌锗：分产品：锌精矿：成本比例（半年）,锌锭：进口：理论成本（日）,45.88,ID01030235,模糊待人工确认,Y
THS-ZN-7.1,ZN,6,国内锌冶炼利润（元/吨）,zn_25_profit|zn_25_profit_2|zn_25_profit_3|zn_25_profit_percentile|zn_25_cash_profit,43.33|43.33|43.33|38.23|33.92,云南罗平锌电：营业利润（季）|云南罗平锌电：营业利润（季）|云南罗平锌电：营业利润（季）|云南驰宏锌锗：分行业：有色金属冶炼和压延加工业：利润率（半年）|SMM: 精炼锌企业生产利润（不含硫酸和小金属收益）: 日度,云南罗平锌电：营业利润（季）,43.33,LC00139956,模糊待人工确认,Y
THS-ZN-7.1,ZN,7,国内锌电价（元/度）,zn_25_profit|zn_25_profit_2|zn_25_profit_3|zn_23_lme_cash|zn_23_lme_3m,32.5|32.5|32.5|30.59|28.89,云南罗平锌电：营业利润（季）|云南罗平锌电：营业利润（季）|云南罗平锌电：营业利润（季）|LME: 锌: 现货价: 日度|LME: 锌 3M收盘价: 日度,云南罗平锌电：营业利润（季）,32.5,LC00139956,无候选/低置信,Y
THS-ZN-7.1,ZN,8,国内锌原料成本（元/吨）,zn_71_cost|zn_71_cost_2|zn_61_inv_conc|zn_51_gi_raw_inv|zn_312_raw_days,45.88|45.88|41.05|39.0|37.14,锌锭：进口：理论成本（日）|锌锭：进口：理论成本（日）|锌精矿：原料：库存：中国（周）|SMM: 镀锌原料库存: 周度|锌精矿：原料：库存天数：中国（周）,锌锭：进口：理论成本（日）,45.88,ID01030235,模糊待人工确认,Y
THS-ZN-7.1,ZN,9,近3年同季成本均值（元/吨）,wr232|sn_71_cost|sn_71_cost_percentile|sn_71_cost_2|sn_71_cost_3,28.57|26.67|26.67|26.67|26.67,工业硅成本|精炼锡：成本（日）|精炼锡：成本（日）|精炼锡：成本（日）|精炼锡：成本（日）,工业硅成本,28.57,ID01523500,无候选/低置信,Y
THS-ZN-7.1,ZN,10,近3年同季成本标准差（元/吨）,wr172|wr232|sn_71_cost|sn_71_cost_percentile|sn_71_cost_2,31.58|26.67|25.0|25.0|25.0,沪锡近半年月差变化|工业硅成本|精炼锡：成本（日）|精炼锡：成本（日）|精炼锡：成本（日）,沪锡近半年月差变化,31.58,a12841510,无候选/低置信,Y
THS-ZN-7.2,ZN,0,国内锌冶炼日度利润（元/吨）,zn_22_plant_inv|zn_25_profit|zn_25_profit_2|zn_25_profit_3|zn_21_lme_inv,40.0|39.0|39.0|39.0|37.14,SMM: 精炼锌冶炼厂成品库存: 月度|云南罗平锌电：营业利润（季）|云南罗平锌电：营业利润（季）|云南罗平锌电：营业利润（季）|LME: 锌库存总计: 日度,SMM: 精炼锌冶炼厂成品库存: 月度,40.0,a10001841,模糊待人工确认,Y
THS-ZN-7.2,ZN,1,国内锌精炼日度产量（吨）,zn_311_output_3|zn_311_output_4|zn_313_output|zn_313_output_2|zn_314_output_2,57.77|57.77|57.77|57.77|57.77,锌精矿：产量：中国（月）|锌精矿：产量：中国（月）|锌精矿：产量：中国（月）|锌精矿：产量：中国（月）|精炼锌：产量：中国（周）,锌精矿：产量：中国（月）,57.77,ID01001563,模糊待人工确认,Y
THS-ZN-7.2,ZN,2,国内锌电解日度利润（元/吨）,zn_25_profit|zn_25_profit_2|zn_25_profit_3|zn_21_lme_inv|zn_26_lme_oi,52.0|52.0|52.0|37.14|37.14,云南罗平锌电：营业利润（季）|云南罗平锌电：营业利润（季）|云南罗平锌电：营业利润（季）|LME: 锌库存总计: 日度|LME: 锌: 持仓量: 日度,云南罗平锌电：营业利润（季）,52.0,LC00139956,模糊待人工确认,Y
THS-ZN-7.2,ZN,3,国内锌冶炼日度加工费（元/吨）,zn_25_tc_conc|zn_311_tc_imp|zn_22_plant_inv|zn_21_lme_inv|zn_26_lme_oi,41.6|38.52|38.52|35.45|35.45,锌精矿：50%Zn：加工费：白银（日）|锌精矿：进口：50%Zn：加工费均价（日）|SMM: 精炼锌冶炼厂成品库存: 月度|LME: 锌库存总计: 日度|LME: 锌: 持仓量: 日度,锌精矿：50%Zn：加工费：白银（日）,41.6,ID01510737,模糊待人工确认,Y
THS-ZN-7.2,ZN,4,国内锌冶炼日度原料成本（元/吨）,zn_71_cost|zn_71_cost_2|zn_22_plant_inv|zn_61_inv_conc|zn_21_lme_inv,37.14|37.14|37.14|33.92|33.92,锌锭：进口：理论成本（日）|锌锭：进口：理论成本（日）|SMM: 精炼锌冶炼厂成品库存: 月度|锌精矿：原料：库存：中国（周）|LME: 锌库存总计: 日度,锌锭：进口：理论成本（日）,37.14,ID01030235,无候选/低置信,Y
THS-ZN-7.2,ZN,5,国内锌冶炼日度电价（元/度）,zn_22_plant_inv|zn_21_lme_inv|zn_26_lme_oi|zn_23_lme_cash|zn_23_lme_3m,40.0|37.14|37.14|37.14|35.45,SMM: 精炼锌冶炼厂成品库存: 月度|LME: 锌库存总计: 日度|LME: 锌: 持仓量: 日度|LME: 锌: 现货价: 日度|LME: 锌 3M收盘价: 日度,SMM: 精炼锌冶炼厂成品库存: 月度,40.0,a10001841,模糊待人工确认,Y
THS-ZN-7.2,ZN,6,国内锌冶炼日度现金成本（元/吨）,zn_71_cost|zn_71_cost_2|zn_22_plant_inv|zn_21_lme_inv|zn_26_lme_oi,37.14|37.14|37.14|33.92|33.92,锌锭：进口：理论成本（日）|锌锭：进口：理论成本（日）|SMM: 精炼锌冶炼厂成品库存: 月度|LME: 锌库存总计: 日度|LME: 锌: 持仓量: 日度,锌锭：进口：理论成本（日）,37.14,ID01030235,无候选/低置信,Y
THS-ZN-7.2,ZN,7,国内锌冶炼日度分位成本（%）,zn_71_cost|zn_71_cost_2|zn_22_plant_inv|zn_25_cost_conc|zn_21_lme_inv,37.14|37.14|37.14|34.67|33.92,锌锭：进口：理论成本（日）|锌锭：进口：理论成本（日）|SMM: 精炼锌冶炼厂成品库存: 月度|云南驰宏锌锗：分产品：锌精矿：成本比例（半年）|LME: 锌库存总计: 日度,锌锭：进口：理论成本（日）,37.14,ID01030235,无候选/低置信,Y
THS-ZN-7.2,ZN,8,近3年同日产量均值（吨）,精炼产量|al_00_output_2|li_32_lepid_output|wr214|li_32_output,30.77|30.0|28.57|28.57|26.67,精炼产量|3C铝型材：产量：中国（年）|锂云母产量|多晶硅产量|盐湖提锂产量,精炼产量,30.77,ID01510883,无候选/低置信,Y
THS-ZN-7.2,ZN,9,近3年同日产量标准差（吨）,wr172|精炼产量|al_00_output_2|li_32_lepid_output|wr214,31.58|28.57|28.57|26.67|26.67,沪锡近半年月差变化|精炼产量|3C铝型材：产量：中国（年）|锂云母产量|多晶硅产量,沪锡近半年月差变化,31.58,a12841510,无候选/低置信,Y
THS-ZN-7.3,ZN,0,国内锌冶炼月电价（元/度）,zn_22_plant_inv|zn_23_lme_close|zn_61_conc_import|zn_53_alloy_export|zn_53_export,41.6|35.45|35.45|35.45|35.45,SMM: 精炼锌冶炼厂成品库存: 月度|LME：锌：3个月合约：收盘价（日）|中国海关: 锌精矿进口量: 月度|中国海关: 锌合金出口量: 月度|中国海关: 精炼锌出口量: 月度,SMM: 精炼锌冶炼厂成品库存: 月度,41.6,a10001841,模糊待人工确认,Y
THS-ZN-7.3,ZN,1,国内锌电解月成本（元/吨）,zn_71_cost|zn_71_cost_2|zn_61_conc_import|zn_53_alloy_export|zn_53_export,43.33|43.33|35.45|35.45|35.45,锌锭：进口：理论成本（日）|锌锭：进口：理论成本（日）|中国海关: 锌精矿进口量: 月度|中国海关: 锌合金出口量: 月度|中国海关: 精炼锌出口量: 月度,锌锭：进口：理论成本（日）,43.33,ID01030235,模糊待人工确认,Y
THS-ZN-7.3,ZN,2,国内锌冶炼月煤炭成本（元/吨）,zn_71_cost|zn_71_cost_2|zn_22_plant_inv|zn_61_conc_import|zn_53_alloy_export,39.0|39.0|38.52|32.5|32.5,锌锭：进口：理论成本（日）|锌锭：进口：理论成本（日）|SMM: 精炼锌冶炼厂成品库存: 月度|中国海关: 锌精矿进口量: 月度|中国海关: 锌合金出口量: 月度,锌锭：进口：理论成本（日）,39.0,ID01030235,无候选/低置信,Y
THS-ZN-7.3,ZN,3,国内锌冶炼月成本（元/吨）,zn_71_cost|zn_71_cost_2|zn_22_plant_inv|zn_61_conc_import|zn_53_alloy_export,43.33|43.33|41.6|35.45|35.45,锌锭：进口：理论成本（日）|锌锭：进口：理论成本（日）|SMM: 精炼锌冶炼厂成品库存: 月度|中国海关: 锌精矿进口量: 月度|中国海关: 锌合金出口量: 月度,锌锭：进口：理论成本（日）,43.33,ID01030235,模糊待人工确认,Y
THS-ZN-7.3,ZN,4,国内锌冶炼月柴油成本（元/吨）,zn_71_cost|zn_71_cost_2|zn_22_plant_inv|zn_61_conc_import|zn_53_alloy_export,39.0|39.0|38.52|32.5|32.5,锌锭：进口：理论成本（日）|锌锭：进口：理论成本（日）|SMM: 精炼锌冶炼厂成品库存: 月度|中国海关: 锌精矿进口量: 月度|中国海关: 锌合金出口量: 月度,锌锭：进口：理论成本（日）,39.0,ID01030235,无候选/低置信,Y
THS-ZN-7.3,ZN,5,国内锌冶炼月天然气成本（元/吨）,zn_71_cost|zn_71_cost_2|zn_22_plant_inv|zn_61_conc_import|zn_53_alloy_export,37.14|37.14|37.14|31.2|31.2,锌锭：进口：理论成本（日）|锌锭：进口：理论成本（日）|SMM: 精炼锌冶炼厂成品库存: 月度|中国海关: 锌精矿进口量: 月度|中国海关: 锌合金出口量: 月度,锌锭：进口：理论成本（日）,37.14,ID01030235,无候选/低置信,Y
THS-ZN-7.3,ZN,6,国内锌精矿月成本（元/吨）,zn_61_conc_import|zn_25_cost_conc|zn_311_output_3|zn_311_output_4|zn_313_output,59.09|48.15|45.88|45.88|45.88,中国海关: 锌精矿进口量: 月度|云南驰宏锌锗：分产品：锌精矿：成本比例（半年）|锌精矿：产量：中国（月）|锌精矿：产量：中国（月）|锌精矿：产量：中国（月）,中国海关: 锌精矿进口量: 月度,59.09,a10001843,模糊待人工确认,Y
THS-ZN-7.3,ZN,7,国内锌精矿进口量（万吨）,zn_61_conc_import|zn_311_import|zn_311_import_2|zn_312_import_3|zn_314_import_2,82.73|67.82|67.82|67.82|67.82,中国海关: 锌精矿进口量: 月度|锌矿砂及其精矿：进口数量：陕西（月）|锌矿砂及其精矿：进口数量：陕西（月）|锌矿石及其精矿：进口数量：印度（年）|锌矿砂及其精矿：进口数量：陕西（月）,中国海关: 锌精矿进口量: 月度,82.73,a10001843,高置信,Y
THS-ZN-7.3,ZN,8,国内锌冶炼月硫酸成本（元/吨）,zn_71_cost|zn_71_cost_2|zn_22_plant_inv|zn_61_conc_import|zn_53_alloy_export,39.0|39.0|38.52|32.5|32.5,锌锭：进口：理论成本（日）|锌锭：进口：理论成本（日）|SMM: 精炼锌冶炼厂成品库存: 月度|中国海关: 锌精矿进口量: 月度|中国海关: 锌合金出口量: 月度,锌锭：进口：理论成本（日）,39.0,ID01030235,无候选/低置信,Y
THS-ZN-7.3,ZN,9,国内锌冶炼月能源成本分结构（元/吨）,zn_22_plant_inv|zn_71_cost|zn_71_cost_2|zn_61_conc_import|zn_53_alloy_export,34.67|33.92|33.92|28.89|28.89,SMM: 精炼锌冶炼厂成品库存: 月度|锌锭：进口：理论成本（日）|锌锭：进口：理论成本（日）|中国海关: 锌精矿进口量: 月度|中国海关: 锌合金出口量: 月度,SMM: 精炼锌冶炼厂成品库存: 月度,34.67,a10001841,无候选/低置信,Y
THS-ZN-7.3,ZN,10,国内锌冶炼月能源成本（元/吨）,zn_71_cost|zn_71_cost_2|zn_22_plant_inv|zn_61_conc_import|zn_53_alloy_export,39.0|39.0|38.52|32.5|32.5,锌锭：进口：理论成本（日）|锌锭：进口：理论成本（日）|SMM: 精炼锌冶炼厂成品库存: 月度|中国海关: 锌精矿进口量: 月度|中国海关: 锌合金出口量: 月度,锌锭：进口：理论成本（日）,39.0,ID01030235,无候选/低置信,Y
THS-ZN-7.3,ZN,11,近3年同月能源成本均值（元/吨）,wr172|wr21|wr232|al_23_lme_volume|ni_21_volume_top20,30.0|27.27|25.0|24.0|24.0,沪锡近半年月差变化|SHFE铝近3月虚实比|工业硅成本|LME：铝：3个月合约：成交量（日）|LME：镍：3个月合约：成交量（日）,沪锡近半年月差变化,30.0,a12841510,无候选/低置信,Y
THS-ZN-7.3,ZN,12,近3年同月能源成本标准差（元/吨）,wr172|wr21|wr232|al_23_lme_volume|ni_21_volume_top20,38.1|26.09|23.53|23.08|23.08,沪锡近半年月差变化|SHFE铝近3月虚实比|工业硅成本|LME：铝：3个月合约：成交量（日）|LME：镍：3个月合约：成交量（日）,沪锡近半年月差变化,38.1,a12841510,无候选/低置信,Y
