alias_id,canonical_key,canonical_name,canonical_unit,variety_family,metric_noun,variety_token,alias_name,alias_norm,alias_type,unit_suffix,chart_suffix,alias_source,alias_origin_sample,distinct_form_count,evidence_count,relation,confidence,blacklist_rule,risk_case_ids,review_flag,review_priority,confusable_neighbor_count
A-00312,al_00_close_front|al_53_close_front,SHFE：铝：主力合约：收盘价（日）||SHFE：铝：主力合约：收盘价（日）,元/吨||元/吨,AL,未识别,铝,SHFE：铝：主力合约：收盘价（日）,SHFE:铝:主力合约:收盘价(日,mixed_script,,,INDICATORS_V1_NAME,al_00_close_front|al_53_close_front,1,2,canonical_conflict,0.55,,,manual_review,P0_manual,0
A-00106,al_23_lme_settle|al_24_lme_settle,LME：铝：3个月合约：结算价（日）||LME：铝：3个月合约：结算价（日）,美元/吨||美元/吨,AL,结算价,铝,LME：铝：3个月合约：结算价（日）,LME:铝:3个月合约:结算价(日,mixed_script,,,INDICATORS_V1_NAME,al_23_lme_settle|al_24_lme_settle,1,2,canonical_conflict,0.55,,,manual_review,P0_manual,1
A-02893,al_2_output_2|al_312_global_output,国际铝业协会：原铝：产量：全球（月）||国际铝业协会：原铝：产量：全球（月）,||吨,AL,产量,原铝|铝,国际铝业协会：原铝：产量：全球（月）,国际铝业协会:原铝:产量:全球(月,canonical,,,INDICATORS_V1_NAME,al_2_output_2|al_312_global_output,1,2,canonical_conflict,0.55,,,manual_review,P0_manual,0
A-03313,al_314_alumina_net_imp|al_3_import_alumina,氧化铝：净进口数量：中国（月）||氧化铝：净进口数量：中国（月）,吨||,AL|AO,未识别,氧化铝|铝,氧化铝：净进口数量：中国（月）,氧化铝:净进口数量:中国(月,canonical,,,INDICATORS_V1_NAME,al_314_alumina_net_imp|al_3_import_alumina,1,2,canonical_conflict,0.55,,,manual_review,P0_manual,0
A-04231,al_314_bauxite_port_inv|al_62_import,铝土矿：进口：港口库存：中国（周）||铝土矿：进口：港口库存：中国（周）,吨||万吨,AL|AO,库存,铝土矿|铝土|铝,铝土矿：进口：港口库存：中国（周）,铝土矿:进口:港口库存:中国(周,canonical,,,INDICATORS_V1_NAME,al_314_bauxite_port_inv|al_62_import,1,2,canonical_conflict,0.55,,,manual_review,P0_manual,2
A-04273,al_315_tc_tc|al_315_tc_tc_percentile,铝棒：6063：Φ120：加工费：佛山（日）||铝棒：6063：Φ120：加工费：佛山（日）,元/吨||元/吨,AL,加工费,铝棒|铝,铝棒：6063：Φ120：加工费：佛山（日）,铝棒:6063:Φ120:加工费:佛山(日,numeric_code,,,INDICATORS_V1_NAME,al_315_tc_tc|al_315_tc_tc_percentile,1,2,canonical_conflict,0.55,,,manual_review,P0_manual,0
A-03315,al_41_inv|al_45_inv_implicit_percentile,氧化铝：库存：中国（周）||氧化铝：库存：中国（周）,万吨||万吨,AL|AO,库存,氧化铝|铝,氧化铝：库存：中国（周）,氧化铝:库存:中国(周,canonical,,,INDICATORS_V1_NAME,al_41_inv|al_45_inv_implicit_percentile,1,2,canonical_conflict,0.55,,,manual_review,P0_manual,0
A-00112,al_41_lme_warrant|al_41_warrant|al_41_warrant_ratio,LME：铝：注销仓单（日）||LME：铝：注销仓单（日）||LME：铝：注销仓单（日）,吨||吨||吨,AL,注销仓单|仓单,铝,LME：铝：注销仓单（日）,LME:铝:注销仓单(日,mixed_script,,,INDICATORS_V1_NAME,al_41_lme_warrant|al_41_warrant|al_41_warrant_ratio,1,3,canonical_conflict,0.55,,,manual_review,P0_manual,7
A-03316,al_52_inv_alumina|al_61_alumina_port_inv,氧化铝：港口库存：中国（周）||氧化铝：港口库存：中国（周）,||吨,AL|AO,库存,氧化铝|铝,氧化铝：港口库存：中国（周）,氧化铝:港口库存:中国(周,canonical,,,INDICATORS_V1_NAME,al_52_inv_alumina|al_61_alumina_port_inv,1,2,canonical_conflict,0.55,,,manual_review,P0_manual,2
A-00293,cu_22_close_front|cu_24_shfe_close_far|cu_24_shfe_close_near,SHFE：电解铜：主力合约：收盘价（日）||SHFE：电解铜：主力合约：收盘价（日）||SHFE：电解铜：主力合约：收盘价（日）,元/吨||元/吨||元/吨,CU,未识别,电解铜|铜,SHFE：电解铜：主力合约：收盘价（日）,SHFE:电解铜:主力合约:收盘价(日,mixed_script,,,INDICATORS_V1_NAME,cu_22_close_front|cu_24_shfe_close_far|cu_24_shfe_close_near,1,3,canonical_conflict,0.55,,,manual_review,P0_manual,0
A-00023,cu_23_comex_close|cu_24_comex_close_far,COMEX：铜：主力合约：收盘价（日）||COMEX：铜：主力合约：收盘价（日）,美元/磅||美元/磅,CU,未识别,铜,COMEX：铜：主力合约：收盘价（日）,COMEX:铜:主力合约:收盘价(日,cross_report_synonym,,,INDICATORS_V1_NAME|THS_MATCHED,THS-ZN-2.3|cu_23_comex_close|cu_24_comex_close_far,1,3,canonical_conflict,0.55,,,manual_review,P0_manual,0
A-00096,cu_24_lme_close|cu_25_lme_close_front,LME：铜：3个月合约：收盘价（日）||LME：铜：3个月合约：收盘价（日）,美元/吨||美元/吨,CU,未识别,铜,LME：铜：3个月合约：收盘价（日）,LME:铜:3个月合约:收盘价(日,mixed_script,,,INDICATORS_V1_NAME,cu_24_lme_close|cu_25_lme_close_front,1,2,canonical_conflict,0.55,,,manual_review,P0_manual,0
A-00377,cu_25_profit|cu_324_profit,SMM：中国铜冶炼厂现货冶炼利润：日度||SMM：中国铜冶炼厂现货冶炼利润：日度,||,CU,冶炼利润|利润,铜,SMM：中国铜冶炼厂现货冶炼利润：日度,SMM:中国铜冶炼厂现货冶炼利润:日度,mixed_script,,,INDICATORS_V1_NAME,cu_25_profit|cu_324_profit,1,2,canonical_conflict,0.55,,,manual_review,P0_manual,0
A-03684,cu_311_output_ratio_struct|cu_313_output|cu_321_output,矿产粗铜：产量：中国（月）||矿产粗铜：产量：中国（月）||矿产粗铜：产量：中国（月）,万吨||万吨||万吨,CU,产量,铜,矿产粗铜：产量：中国（月）,矿产粗铜:产量:中国(月,canonical,,,INDICATORS_V1_NAME,cu_311_output_ratio_struct|cu_313_output|cu_321_output,1,3,canonical_conflict,0.55,,,manual_review,P0_manual,2
A-04206,cu_42_inv_conc|cu_64_cu_conc_port_inv,铜精矿：港口库存：中国（周）||铜精矿：港口库存：中国（周）,||吨,CU,库存,铜精矿|铜,铜精矿：港口库存：中国（周）,铜精矿:港口库存:中国(周,canonical,,,INDICATORS_V1_NAME,cu_42_inv_conc|cu_64_cu_conc_port_inv,1,2,canonical_conflict,0.55,,,manual_review,P0_manual,3
A-00524,i18|i3,SMM铅锭五地社库总计||SMM铅锭五地社库,万吨||万吨,PB,未识别,铅锭|铅,SMM铅锭五地社库总计,SMM铅锭五地社库,suffix_variant,,总计,INDICATORS_V1_NAME,i18|i3,2,2,canonical_conflict,0.55,,,manual_review,P0_manual,0
A-00066,li_21_basis|li_22_basis_carbonate_battery,GFEX：碳酸锂：基差（日）||GFEX：碳酸锂：基差（日）,元/吨||元/吨,LI,基差,碳酸锂|锂,GFEX：碳酸锂：基差（日）,GFEX:碳酸锂:基差(日,mixed_script,,,INDICATORS_V1_NAME,li_21_basis|li_22_basis_carbonate_battery,1,2,canonical_conflict,0.55,,,manual_review,P0_manual,1
A-00061,li_21_close_front|li_24_close_far|li_24_close_near,GFEX：碳酸锂：主力合约：收盘价（日）||GFEX：碳酸锂：主力合约：收盘价（日）||GFEX：碳酸锂：主力合约：收盘价（日）,元/吨||元/吨||元/吨,LI,未识别,碳酸锂|锂,GFEX：碳酸锂：主力合约：收盘价（日）,GFEX:碳酸锂:主力合约:收盘价(日,mixed_script,,,INDICATORS_V1_NAME,li_21_close_front|li_24_close_far|li_24_close_near,1,3,canonical_conflict,0.55,,,manual_review,P0_manual,0
A-00067,li_21_close|li_21_close_2,GFEX：碳酸锂：指数合约：收盘价（日）||GFEX：碳酸锂：指数合约：收盘价（日）,元/吨||元/吨,LI,未识别,碳酸锂|锂,GFEX：碳酸锂：指数合约：收盘价（日）,GFEX:碳酸锂:指数合约:收盘价(日,mixed_script,,,INDICATORS_V1_NAME,li_21_close|li_21_close_2,1,2,canonical_conflict,0.55,,,manual_review,P0_manual,0
A-00060,li_21_openinterest_longshort|li_26_openinterest_longshort|li_26_openinterest_longshort_2|li_26_openinterest_top20|li_26_openinterest_top20_2|li_26_openinterest_top20_3|li_26_openinterest_top20_4,GFEX：碳酸锂：主力合约：单边交易：持仓量（日）||GFEX：碳酸锂：主力合约：单边交易：持仓量（日）||GFEX：碳酸锂：主力合约：单边交易：持仓量（日）||GFEX：碳酸锂：主力合约：单边交易：持仓量（日）||GFEX：碳酸锂：主力合约：单边交易：持仓量（日）||GFEX：碳酸锂：主力合约：单边交易：持仓量（日）||GFEX：碳酸锂：主力合约：单边交易：持仓量（日）,手||手||手||手||手||手||手,LI,持仓量|持仓,碳酸锂|锂,GFEX：碳酸锂：主力合约：单边交易：持仓量（日）,GFEX:碳酸锂:主力合约:单边交易:持仓量(日,mixed_script,,,INDICATORS_V1_NAME,li_26_openinterest_longshort|li_26_openinterest_longshort_2|li_26_openinterest_top20,1,7,canonical_conflict,0.55,,,manual_review,P0_manual,4
A-00065,li_21_openinterest|li_21_openinterest_2|li_21_openinterest_3,GFEX：碳酸锂：单边交易：持仓量（日）||GFEX：碳酸锂：单边交易：持仓量（日）||GFEX：碳酸锂：单边交易：持仓量（日）,手||手||手,LI,持仓量|持仓,碳酸锂|锂,GFEX：碳酸锂：单边交易：持仓量（日）,GFEX:碳酸锂:单边交易:持仓量(日,mixed_script,,,INDICATORS_V1_NAME,li_21_openinterest|li_21_openinterest_2|li_21_openinterest_3,1,3,canonical_conflict,0.55,,,manual_review,P0_manual,5
A-03737,li_21_premium|li_22_premium|li_22_premium_2|li_22_premium_carbonate_battery|li_22_premium_ratio_carbonate,碳酸锂：电池级：升贴水：中国（日）||碳酸锂：电池级：升贴水：中国（日）||碳酸锂：电池级：升贴水：中国（日）||碳酸锂：电池级：升贴水：中国（日）||碳酸锂：电池级：升贴水：中国（日）,元/吨||元/吨||元/吨||元/吨||元/吨,LI,升贴水|贴水,碳酸锂|锂,碳酸锂：电池级：升贴水：中国（日）,碳酸锂:电池级:升贴水:中国(日,canonical,,,INDICATORS_V1_NAME,li_21_premium|li_22_premium_2|li_22_premium_ratio_carbonate,1,5,canonical_conflict,0.55,,,manual_review,P0_manual,0
A-00062,li_21_warrant|li_41_warrant|li_41_warrant_2|li_42_inv_warrant_days|li_42_warrant_carbonate|li_42_warrant_carbonate_battery|li_42_warrant_carbonate_industrial|li_42_warrant_ratio,GFEX：碳酸锂：仓单数量（日）||GFEX：碳酸锂：仓单数量（日）||GFEX：碳酸锂：仓单数量（日）||GFEX：碳酸锂：仓单数量（日）||GFEX：碳酸锂：仓单数量（日）||GFEX：碳酸锂：仓单数量（日）||GFEX：碳酸锂：仓单数量（日）||GFEX：碳酸锂：仓单数量（日）,手||手||手||手||手||手||手||手,LI,仓单,碳酸锂|锂,GFEX：碳酸锂：仓单数量（日）,GFEX:碳酸锂:仓单数量(日,mixed_script,,,INDICATORS_V1_NAME,li_41_warrant|li_42_inv_warrant_days|li_42_warrant_carbonate_battery,1,8,canonical_conflict,0.55,,,manual_review,P0_manual,2
A-03735,li_22_premium_carbonate_industrial|li_22_premium_ratio_carbonate_2,碳酸锂：工业级：Li2CO3≥99.2%：升贴水：中国：盐湖工业股份：蓝科（日）||碳酸锂：工业级：Li2CO3≥99.2%：升贴水：中国：盐湖工业股份：蓝科（日）,元/吨||元/吨,LI,升贴水|贴水,碳酸锂|锂,碳酸锂：工业级：Li2CO3≥99.2%：升贴水：中国：盐湖工业股份：蓝科（日）,碳酸锂:工业级:Li2CO3≥99.2%:升贴水:中国:盐湖工业股份:蓝科(日,mixed_script,,,INDICATORS_V1_NAME,li_22_premium_carbonate_industrial|li_22_premium_ratio_carbonate_2,1,2,canonical_conflict,0.55,,,manual_review,P0_manual,0
A-03782,li_24_lc_spread|li_24_spread_futures,碳酸锂期货月差||碳酸锂期货月差,元/吨||元/吨,LI,月差,碳酸锂|锂,碳酸锂期货月差,碳酸锂期货月差,canonical,,,INDICATORS_V1_NAME,li_24_lc_spread|li_24_spread_futures,1,2,canonical_conflict,0.55,,,manual_review,P0_manual,0
A-02531,li_25_by_route_profit|li_25_by_route_profit_2|li_25_profit_5,分路线利润||分路线利润||分路线利润,元/吨||元/吨||元/吨,未识别,利润,无,分路线利润,分路线利润,canonical,,,INDICATORS_V1_NAME,li_25_by_route_profit|li_25_by_route_profit_2|li_25_profit_5,1,3,canonical_conflict,0.55,,,manual_review,P0_manual,0
A-03738,li_25_profit_3|li_25_profit_4,碳酸锂：碳化法：生产利润（日）||碳酸锂：碳化法：生产利润（日）,元/吨||元/吨,LI,利润,碳酸锂|锂,碳酸锂：碳化法：生产利润（日）,碳酸锂:碳化法:生产利润(日,canonical,,,INDICATORS_V1_NAME,li_25_profit_3|li_25_profit_4,1,2,canonical_conflict,0.55,,,manual_review,P0_manual,0
A-03727,li_25_profit|li_25_profit_carbonate,碳酸锂：原料：外采锂精矿：生产利润（日）||碳酸锂：原料：外采锂精矿：生产利润（日）,元/吨||元/吨,LI,利润,锂精矿|碳酸锂|锂,碳酸锂：原料：外采锂精矿：生产利润（日）,碳酸锂:原料:外采锂精矿:生产利润(日,canonical,,,INDICATORS_V1_NAME,li_25_profit|li_25_profit_carbonate,1,2,canonical_conflict,0.55,,,manual_review,P0_manual,0
A-02906,li_26_openinterest_top20_long|li_26_openinterest_top20_long_2|li_26_openinterest_top20_long_3,多头前20持仓量||多头前20持仓量||多头前20持仓量,手||手||手,LI,持仓量|持仓,无,多头前20持仓量,多头前20持仓量,unit_variant,手,,INDICATORS_V1_NAME|THS_MATCHED|THS_SERIES,THS-LI-2.6|THS-SI-2.6|THS-SN-2.6|li_26_openinterest_top20_long|li_26_openinterest_top20_long_2|li_26_openinterest_top20_long_3,2,12,canonical_conflict,0.55,,,manual_review,P0_manual,2
A-03832,li_26_openinterest_top20_short|li_26_openinterest_top20_short_2|li_26_top20_openinterest,空头前20持仓量||空头前20持仓量||空头前20持仓量,手||手||手,LI,持仓量|持仓,无,空头前20持仓量,空头前20持仓量,unit_variant,手,,INDICATORS_V1_NAME|THS_MATCHED|THS_SERIES,THS-LI-2.6|THS-SN-2.6|THS-ZN-2.6|li_26_openinterest_top20_short|li_26_openinterest_top20_short_2|li_26_top20_openinterest,2,26,canonical_conflict,0.55,,,manual_review,P0_manual,2
A-00552,li_311_output|li_312_output_2,USGS：锂矿：含锂：产量：全球（年）||USGS：锂矿：含锂：产量：全球（年）,吨||吨,LI,产量,锂,USGS：锂矿：含锂：产量：全球（年）,USGS:锂矿:含锂:产量:全球(年,mixed_script,,,INDICATORS_V1_NAME,li_311_output|li_312_output_2,1,2,canonical_conflict,0.55,,,manual_review,P0_manual,6
A-03720,li_313_output_3|li_321_output_2,碳酸锂（原料盐湖卤水）：产量：中国（月）||碳酸锂（原料盐湖卤水）：产量：中国（月）,吨||吨,LI,产量,碳酸锂|锂,碳酸锂（原料盐湖卤水）：产量：中国（月）,碳酸锂(原料盐湖卤水):产量:中国(月,canonical,,,INDICATORS_V1_NAME,li_313_output_3|li_321_output_2,1,2,canonical_conflict,0.55,,,manual_review,P0_manual,0
A-03721,li_313_output|li_321_output_3,碳酸锂（原料锂云母）：产量：中国（月）||碳酸锂（原料锂云母）：产量：中国（月）,吨||吨,LI,产量,锂云母|碳酸锂|锂,碳酸锂（原料锂云母）：产量：中国（月）,碳酸锂(原料锂云母):产量:中国(月,canonical,,,INDICATORS_V1_NAME,li_313_output|li_321_output_3,1,2,canonical_conflict,0.55,,,manual_review,P0_manual,0
A-02426,li_314_import_2|li_314_import_3|li_314_import_4,产业在线：碳酸锂：进口数量：中国（季）||产业在线：碳酸锂：进口数量：中国（季）||产业在线：碳酸锂：进口数量：中国（季）,吨||吨||吨,LI,未识别,碳酸锂|锂,产业在线：碳酸锂：进口数量：中国（季）,产业在线:碳酸锂:进口数量:中国(季,canonical,,,INDICATORS_V1_NAME,li_314_import_2|li_314_import_3|li_314_import_4,1,3,canonical_conflict,0.55,,,manual_review,P0_manual,0
A-03529,li_31_output_lithium_ore_au|li_31_output_lithium_ore_au_2,澳洲/巴西/非洲锂矿产量||澳洲/巴西/非洲锂矿产量,吨||吨,LI,产量,锂,澳洲/巴西/非洲锂矿产量,澳洲/巴西/非洲锂矿产量,cross_report_synonym,,,INDICATORS_V1_NAME|THS_MATCHED,THS-LI-3.1.2|li_31_output_lithium_ore_au|li_31_output_lithium_ore_au_2,1,4,canonical_conflict,0.55,,,manual_review,P0_manual,0
A-03725,li_321_output_carbonate_battery|li_321_output_carbonate_industrial|li_323_output_recycle_carbonate,碳酸锂：产量：中国（月）||碳酸锂：产量：中国（月）||碳酸锂：产量：中国（月）,吨||吨||吨,LI,产量,碳酸锂|锂,碳酸锂：产量：中国（月）,碳酸锂:产量:中国(月,canonical,,,INDICATORS_V1_NAME,li_321_output_carbonate_battery|li_321_output_carbonate_industrial|li_323_output_recycle_carbonate,1,3,canonical_conflict,0.55,,,manual_review,P0_manual,2
A-03290,li_321_output|li_323_output_recycle,氢氧化锂：产量：中国（月）||氢氧化锂：产量：中国（月）,吨||吨,LI,产量,氢氧化锂|锂,氢氧化锂：产量：中国（月）,氢氧化锂:产量:中国(月,canonical,,,INDICATORS_V1_NAME,li_321_output|li_323_output_recycle,1,2,canonical_conflict,0.55,,,manual_review,P0_manual,1
A-04315,li_32_by_country_import_conc|li_61_by_country_import_conc|li_61_by_country_import_conc_2|li_61_by_country_import_conc_3,锂精矿进口分国别||锂精矿进口分国别||锂精矿进口分国别||锂精矿进口分国别,吨||万吨||万吨||万吨,LI,未识别,锂精矿|锂,锂精矿进口分国别,锂精矿进口分国别,cross_report_synonym,,,INDICATORS_V1_NAME|THS_MATCHED,THS-LI-3.1.2|THS-ZN-3.2.1|THS-ZN-6.1|li_32_by_country_import_conc|li_61_by_country_import_conc_2|li_61_by_country_import_conc_3,1,14,canonical_conflict,0.55,,,manual_review,P0_manual,0
A-02696,li_36_idx|li_36_recycle_lc,回收料产碳酸锂||回收料产碳酸锂,吨||吨,LI,未识别,碳酸锂|锂,回收料产碳酸锂,回收料产碳酸锂,canonical,,,INDICATORS_V1_NAME,li_36_idx|li_36_recycle_lc,1,2,canonical_conflict,0.55,,,manual_review,P0_manual,0
A-03736,li_41_inv_carbonate_battery|li_41_inv_carbonate_industrial|li_41_inv_implicit|li_43_inv_days|li_44_inv_carbonate|li_44_inv_carbonate_battery|li_44_inv_carbonate_industrial,碳酸锂：库存：中国（月）||碳酸锂：库存：中国（月）||碳酸锂：库存：中国（月）||碳酸锂：库存：中国（月）||碳酸锂：库存：中国（月）||碳酸锂：库存：中国（月）||碳酸锂：库存：中国（月）,吨||吨||吨||吨||吨||吨||吨,LI,库存,碳酸锂|锂,碳酸锂：库存：中国（月）,碳酸锂:库存:中国(月,canonical,,,INDICATORS_V1_NAME,li_41_inv_carbonate_battery|li_41_inv_implicit|li_43_inv_days,1,7,canonical_conflict,0.55,,,manual_review,P0_manual,0
A-03733,li_43_inv_plant|li_44_inv_plant_2|li_44_inv_plant_3|li_44_inv_plant_days,碳酸锂：回收料：厂内库存：中国（月）||碳酸锂：回收料：厂内库存：中国（月）||碳酸锂：回收料：厂内库存：中国（月）||碳酸锂：回收料：厂内库存：中国（月）,吨||吨||吨||吨,LI,厂内库存|库存,碳酸锂|锂,碳酸锂：回收料：厂内库存：中国（月）,碳酸锂:回收料:厂内库存:中国(月,canonical,,,INDICATORS_V1_NAME,li_43_inv_plant|li_44_inv_plant_2|li_44_inv_plant_days,1,4,canonical_conflict,0.55,,,manual_review,P0_manual,0
A-03181,li_43_inv_struct|li_43_inv_struct_2,库存结构||库存结构,吨||吨,未识别,库存,无,库存结构,库存结构,canonical,,,INDICATORS_V1_NAME,li_43_inv_struct|li_43_inv_struct_2,1,2,canonical_conflict,0.55,,,manual_review,P0_manual,0
A-02216,li_51_util|li_51_util_ternary_2,三元前驱体开工率||三元前驱体开工率,%||%,未识别,开工率|开工,无,三元前驱体开工率,三元前驱体开工率,canonical,,,INDICATORS_V1_NAME,li_51_util|li_51_util_ternary_2,1,2,canonical_conflict,0.55,,,manual_review,P0_manual,0
A-03811,li_52_lfp_output|li_52_output,磷酸铁锂产量||磷酸铁锂产量,万吨||万吨,LI,产量,磷酸铁锂|锂,磷酸铁锂产量,磷酸铁锂产量,canonical,,,INDICATORS_V1_NAME,li_52_lfp_output|li_52_output,1,2,canonical_conflict,0.55,,,manual_review,P0_manual,0
A-04334,li_71_conc_price|li_71_spod_price_conc,锂辉石精矿价格||锂辉石精矿价格,美元/吨||美元/吨,LI,价格,锂辉石|锂,锂辉石精矿价格,锂辉石精矿价格,cross_report_synonym,,,INDICATORS_V1_NAME|THS_MATCHED,THS-SN-2.5|THS-SN-7.3|li_71_conc_price|li_71_spod_price_conc,1,4,canonical_conflict,0.55,,,manual_review,P0_manual,0
A-04292,li_71_lepid_price|li_71_lepid_price_2|li_71_price,锂云母价格||锂云母价格||锂云母价格,元/干吨度||元/干吨度||元/干吨度,LI,价格,锂云母|锂,锂云母价格,锂云母价格,cross_report_synonym,,,INDICATORS_V1_NAME|THS_MATCHED,THS-LI-3.1.5|li_71_lepid_price|li_71_lepid_price_2|li_71_price,1,4,canonical_conflict,0.55,,,manual_review,P0_manual,0
A-04148,li_73_spot|li_73_spot_fwd|li_73_spot_fwd_2|li_73_spot_fwd_3,远期现货价||远期现货价||远期现货价||远期现货价,美元/吨||美元/吨||美元/吨||美元/吨,NI,未识别,无,远期现货价,远期现货价,cross_report_synonym,,,INDICATORS_V1_NAME|THS_MATCHED,THS-NI-2.2|li_73_spot|li_73_spot_fwd|li_73_spot_fwd_3,1,5,canonical_conflict,0.55,,,manual_review,P0_manual,0
A-00233,ni_21_far_price|ni_21_front_price|ni_21_near_price|ni_24_far_price|ni_24_near_price|ni_24_price|ni_24_price_2,MHP：NI≥34%，CO≥2%：镍远期现货价格：中国主要港口（日）||MHP：NI≥34%，CO≥2%：镍远期现货价格：中国主要港口（日）||MHP：NI≥34%，CO≥2%：镍远期现货价格：中国主要港口（日）||MHP：NI≥34%，CO≥2%：镍远期现货价格：中国主要港口（日）||MHP：NI≥34%，CO≥2%：镍远期现货价格：中国主要港口（日）||MHP：NI≥34%，CO≥2%：镍远期现货价格：中国主要港口（日）||MHP：NI≥34%，CO≥2%：镍远期现货价格：中国主要港口（日）,美元/金属吨||美元/金属吨||美元/金属吨||美元/金属吨||美元/金属吨||美元/金属吨||美元/金属吨,NI,现货价格|价格,镍,MHP：NI≥34%，CO≥2%：镍远期现货价格：中国主要港口（日）,"MHP:NI≥34%,CO≥2%:镍远期现货价格:中国主要港口(日",mixed_script,,,INDICATORS_V1_NAME,ni_21_front_price|ni_24_near_price|ni_24_price_2,1,7,canonical_conflict,0.55,,,manual_review,P0_manual,0
A-00339,ni_21_openinterest_front|ni_26_openinterest_top20_front|ni_26_openinterest_top20_front_2,SHFE：镍：主力合约：单边交易：持仓量（日）||SHFE：镍：主力合约：单边交易：持仓量（日）||SHFE：镍：主力合约：单边交易：持仓量（日）,手||手||手,NI,持仓量|持仓,镍,SHFE：镍：主力合约：单边交易：持仓量（日）,SHFE:镍:主力合约:单边交易:持仓量(日,mixed_script,,,INDICATORS_V1_NAME,ni_21_openinterest_front|ni_26_openinterest_top20_front|ni_26_openinterest_top20_front_2,1,3,canonical_conflict,0.55,,,manual_review,P0_manual,8
A-03344,ni_21_premium|ni_22_premium|ni_22_premium_2|ni_22_premium_percentile|ni_23_premium,水淬镍：15-22%Ni：印尼产：升贴水（日）||水淬镍：15-22%Ni：印尼产：升贴水（日）||水淬镍：15-22%Ni：印尼产：升贴水（日）||水淬镍：15-22%Ni：印尼产：升贴水（日）||水淬镍：15-22%Ni：印尼产：升贴水（日）,美元/金属吨||美元/金属吨||美元/金属吨||美元/金属吨||美元/金属吨,NI,升贴水|贴水,镍,水淬镍：15-22%Ni：印尼产：升贴水（日）,水淬镍:15-22%Ni:印尼产:升贴水(日,mixed_script,,,INDICATORS_V1_NAME,ni_21_premium|ni_22_premium_2|ni_22_premium_percentile,1,5,canonical_conflict,0.55,,,manual_review,P0_manual,0
A-02507,ni_22_import|ni_313_import_2|ni_45_import|ni_45_import_3|ni_45_import_4,冰镍：进口数量合计：中国（月）||冰镍：进口数量合计：中国（月）||冰镍：进口数量合计：中国（月）||冰镍：进口数量合计：中国（月）||冰镍：进口数量合计：中国（月）,千克||千克||千克||千克||千克,NI,未识别,冰镍|镍,冰镍：进口数量合计：中国（月）,冰镍:进口数量合计:中国(月,canonical,,,INDICATORS_V1_NAME,ni_22_import|ni_45_import|ni_45_import_4,1,5,canonical_conflict,0.55,,,manual_review,P0_manual,0
A-00430,ni_25_percentile_price|ni_25_percentile_price_2|ni_25_price,SMM: 电解镍进口盈亏（沪伦价格差）: 日度||SMM: 电解镍进口盈亏（沪伦价格差）: 日度||SMM: 电解镍进口盈亏（沪伦价格差）: 日度,||||,NI,盈亏|价格,电解镍|镍,SMM: 电解镍进口盈亏（沪伦价格差）: 日度,SMM:电解镍进口盈亏(沪伦价格差,unit_variant,:日度,,INDICATORS_V1_NAME,ni_25_percentile_price|ni_25_percentile_price_2|ni_25_price,1,3,canonical_conflict,0.55,,,manual_review,P0_manual,0
A-02519,ni_25_profit|ni_25_profit_2|ni_315_profit|ni_72_profit|ni_72_profit_3|ni_72_profit_4|ni_72_profit_5|ni_72_profit_percentile,冷轧不锈钢：外购低镍铁：201/J1：利润：中国（日）||冷轧不锈钢：外购低镍铁：201/J1：利润：中国（日）||冷轧不锈钢：外购低镍铁：201/J1：利润：中国（日）||冷轧不锈钢：外购低镍铁：201/J1：利润：中国（日）||冷轧不锈钢：外购低镍铁：201/J1：利润：中国（日）||冷轧不锈钢：外购低镍铁：201/J1：利润：中国（日）||冷轧不锈钢：外购低镍铁：201/J1：利润：中国（日）||冷轧不锈钢：外购低镍铁：201/J1：利润：中国（日）,元/吨||元/吨||元/吨||元/吨||元/吨||元/吨||元/吨||元/吨,NI,利润,不锈钢|镍铁|镍,冷轧不锈钢：外购低镍铁：201/J1：利润：中国（日）,冷轧不锈钢:外购低镍铁:201/J1:利润:中国(日,mixed_script,,,INDICATORS_V1_NAME,ni_72_profit|ni_72_profit_4|ni_72_profit_5,1,8,canonical_conflict,0.55,,,manual_review,P0_manual,0
A-03854,ni_311_output_3|ni_313_output|ni_323_output_recycle|ni_52_output|ni_52_output_2,精炼镍：产量：中国（月）||精炼镍：产量：中国（月）||精炼镍：产量：中国（月）||精炼镍：产量：中国（月）||精炼镍：产量：中国（月）,吨||吨||吨||吨||吨,NI,产量,精炼镍|镍,精炼镍：产量：中国（月）,精炼镍:产量:中国(月,cross_report_synonym,,,INDICATORS_V1_NAME|THS_MATCHED,THS-NI-4.1|ni_311_output_3|ni_323_output_recycle|ni_52_output,1,6,canonical_conflict,0.55,,,manual_review,P0_manual,6
A-00566,ni_311_output_nickel_ore|ni_311_output_nickel_ore_3,USGS：镍矿：含镍：产量：印尼（年）||USGS：镍矿：含镍：产量：印尼（年）,吨||吨,NI,产量,镍矿|镍,USGS：镍矿：含镍：产量：印尼（年）,USGS:镍矿:含镍:产量:印尼(年,mixed_script,,,INDICATORS_V1_NAME,ni_311_output_nickel_ore|ni_311_output_nickel_ore_3,1,2,canonical_conflict,0.55,,,manual_review,P0_manual,7
A-03856,ni_311_output|ni_311_output_2|ni_312_output_2|ni_312_output_3,精炼镍：产量：印尼（月）||精炼镍：产量：印尼（月）||精炼镍：产量：印尼（月）||精炼镍：产量：印尼（月）,吨||吨||吨||吨,NI,产量,精炼镍|镍,精炼镍：产量：印尼（月）,精炼镍:产量:印尼(月,canonical,,,INDICATORS_V1_NAME,ni_311_output_2|ni_312_output_2|ni_312_output_3,1,4,canonical_conflict,0.55,,,manual_review,P0_manual,0
A-04519,ni_312_nickel_ore_capacity|ni_312_nickel_ore_capacity_2,镍生铁企业：产能：以金属量计：印尼（月）||镍生铁企业：产能：以金属量计：印尼（月）,万吨||万吨,NI,产能,镍生铁|镍,镍生铁企业：产能：以金属量计：印尼（月）,镍生铁企业:产能:以金属量计:印尼(月,canonical,,,INDICATORS_V1_NAME,ni_312_nickel_ore_capacity|ni_312_nickel_ore_capacity_2,1,2,canonical_conflict,0.55,,,manual_review,P0_manual,0
A-04515,ni_313_import|ni_314_import_2|ni_323_import_nickel_powder|ni_61_import|ni_61_import_nickel_ore_4,镍生铁：进口数量：中国：以金属量计（月）||镍生铁：进口数量：中国：以金属量计（月）||镍生铁：进口数量：中国：以金属量计（月）||镍生铁：进口数量：中国：以金属量计（月）||镍生铁：进口数量：中国：以金属量计（月）,万吨||万吨||万吨||万吨||万吨,NI,未识别,镍生铁|镍,镍生铁：进口数量：中国：以金属量计（月）,镍生铁:进口数量:中国:以金属量计(月,canonical,,,INDICATORS_V1_NAME,ni_313_import|ni_323_import_nickel_powder|ni_61_import,1,5,canonical_conflict,0.55,,,manual_review,P0_manual,0
A-03702,ni_313_output_3|ni_313_output_nickel_ore|ni_313_output_nickel_ore_2|ni_313_output_nickel_ore_3|ni_313_output_nickel_ore_4|ni_313_output_nickel_ore_5|ni_313_output_nickel_ore_6,硫化镍矿：产量：伦丁矿业：Eagle矿区（季）||硫化镍矿：产量：伦丁矿业：Eagle矿区（季）||硫化镍矿：产量：伦丁矿业：Eagle矿区（季）||硫化镍矿：产量：伦丁矿业：Eagle矿区（季）||硫化镍矿：产量：伦丁矿业：Eagle矿区（季）||硫化镍矿：产量：伦丁矿业：Eagle矿区（季）||硫化镍矿：产量：伦丁矿业：Eagle矿区（季）,吨||吨||吨||吨||吨||吨||吨,NI,产量,镍矿|镍,硫化镍矿：产量：伦丁矿业：Eagle矿区（季）,硫化镍矿:产量:伦丁矿业:Eagle矿区(季,mixed_script,,,INDICATORS_V1_NAME,ni_313_output_nickel_ore|ni_313_output_nickel_ore_2|ni_313_output_nickel_ore_4,1,7,canonical_conflict,0.55,,,manual_review,P0_manual,0
A-02504,ni_314_import_3|ni_314_import_9|ni_323_import|ni_323_import_2|ni_45_import_2|ni_53_import|ni_61_import_5|ni_61_import_6,冰镍：进口数量：印尼→中国（月）||冰镍：进口数量：印尼→中国（月）||冰镍：进口数量：印尼→中国（月）||冰镍：进口数量：印尼→中国（月）||冰镍：进口数量：印尼→中国（月）||冰镍：进口数量：印尼→中国（月）||冰镍：进口数量：印尼→中国（月）||冰镍：进口数量：印尼→中国（月）,千克||千克||千克||千克||千克||千克||千克||千克,NI,未识别,冰镍|镍,冰镍：进口数量：印尼→中国（月）,冰镍:进口数量:印尼→中国(月,canonical,,,INDICATORS_V1_NAME,ni_314_import_9|ni_323_import_2|ni_45_import_2,1,8,canonical_conflict,0.55,,,manual_review,P0_manual,0
A-04526,ni_314_import_5|ni_61_import_nickel_ore_5|ni_62_import_2,镍矿：进口数量：新喀里多尼亚→中国（月）||镍矿：进口数量：新喀里多尼亚→中国（月）||镍矿：进口数量：新喀里多尼亚→中国（月）,吨||吨||吨,NI,未识别,镍矿|镍,镍矿：进口数量：新喀里多尼亚→中国（月）,镍矿:进口数量:新喀里多尼亚→中国(月,canonical,,,INDICATORS_V1_NAME,ni_314_import_5|ni_61_import_nickel_ore_5|ni_62_import_2,1,3,canonical_conflict,0.55,,,manual_review,P0_manual,0
A-03270,ni_314_import_7|ni_314_import_8,未锻轧非合金镍：镍钴总量≥99.99%，钴≤0.005%：进口金额：挪威→中国（月）||未锻轧非合金镍：镍钴总量≥99.99%，钴≤0.005%：进口金额：挪威→中国（月）,美元||美元,NI,未识别,镍,未锻轧非合金镍：镍钴总量≥99.99%，钴≤0.005%：进口金额：挪威→中国（月）,"未锻轧非合金镍:镍钴总量≥99.99%,钴≤0.005%:进口金额:挪威→中国(月",numeric_code,,,INDICATORS_V1_NAME,ni_314_import_7|ni_314_import_8,1,2,canonical_conflict,0.55,,,manual_review,P0_manual,0
A-02377,ni_314_import|ni_61_import_4,中国海关: 镍矿进口量: 总: 月度||中国海关: 镍矿进口量: 总: 月度,||,NI,进口量,镍矿|镍,中国海关: 镍矿进口量: 总: 月度,中国海关:镍矿进口量:总:月度,canonical,,,INDICATORS_V1_NAME,ni_314_import|ni_61_import_4,1,2,canonical_conflict,0.55,,,manual_review,P0_manual,9
A-03855,ni_321_output|ni_321_output_2|ni_321_output_3|ni_321_output_4,精炼镍：产量：华南地区（月）||精炼镍：产量：华南地区（月）||精炼镍：产量：华南地区（月）||精炼镍：产量：华南地区（月）,吨||吨||吨||吨,NI,产量,精炼镍|镍,精炼镍：产量：华南地区（月）,精炼镍:产量:华南地区(月,canonical,,,INDICATORS_V1_NAME,ni_321_output_2|ni_321_output_3|ni_321_output_4,1,4,canonical_conflict,0.55,,,manual_review,P0_manual,0
A-03860,ni_322_util_2|ni_322_util_3,精炼镍：开工率：印尼（月）||精炼镍：开工率：印尼（月）,百分比||百分比,NI,开工率|开工,精炼镍|镍,精炼镍：开工率：印尼（月）,精炼镍:开工率:印尼(月,cross_report_synonym,,,INDICATORS_V1_NAME|THS_MATCHED,THS-NI-3.1.1|THS-NI-3.1.2|ni_322_util_2|ni_322_util_3,1,4,canonical_conflict,0.55,,,manual_review,P0_manual,0
A-03715,ni_322_util_4|ni_322_util_5,硫酸镍企业：开工率：中国（月）||硫酸镍企业：开工率：中国（月）,百分比||百分比,ENTITY|NI,开工率|开工,硫酸镍|硫酸|镍,硫酸镍企业：开工率：中国（月）,硫酸镍企业:开工率:中国(月,canonical,,,INDICATORS_V1_NAME,ni_322_util_4|ni_322_util_5,1,2,canonical_conflict,0.55,,,manual_review,P0_manual,3
A-03865,ni_324_cost_2|ni_73_cost_2,精炼镍：生产成本：中国：红土镍矿：氢氧化镍加工工艺（日）||精炼镍：生产成本：中国：红土镍矿：氢氧化镍加工工艺（日）,元/吨||元/吨,NI,生产成本|成本,精炼镍|镍矿|镍,精炼镍：生产成本：中国：红土镍矿：氢氧化镍加工工艺（日）,精炼镍:生产成本:中国:红土镍矿:氢氧化镍加工工艺(日,canonical,,,INDICATORS_V1_NAME,ni_324_cost_2|ni_73_cost_2,1,2,canonical_conflict,0.55,,,manual_review,P0_manual,0
A-02439,ni_324_cost|ni_73_cost,低镍生铁：成本（日）||低镍生铁：成本（日）,元/吨||元/吨,NI,成本,镍生铁|镍,低镍生铁：成本（日）,低镍生铁:成本(日,canonical,,,INDICATORS_V1_NAME,ni_324_cost|ni_73_cost,1,2,canonical_conflict,0.55,,,manual_review,P0_manual,0
A-03862,ni_324_profit_h2so4|ni_72_profit_2,精炼镍：生产利润：中国：外采：硫酸镍加工工艺（日）||精炼镍：生产利润：中国：外采：硫酸镍加工工艺（日）,元/吨||元/吨,ENTITY|NI,利润,硫酸镍|精炼镍|硫酸|镍,精炼镍：生产利润：中国：外采：硫酸镍加工工艺（日）,精炼镍:生产利润:中国:外采:硫酸镍加工工艺(日,canonical,,,INDICATORS_V1_NAME,ni_324_profit_h2so4|ni_72_profit_2,1,2,canonical_conflict,0.55,,,manual_review,P0_manual,0
A-03863,ni_324_profit|ni_72_profit_nickel_powder,精炼镍：生产利润：中国：红土镍矿：高冰镍加工工艺（日）||精炼镍：生产利润：中国：红土镍矿：高冰镍加工工艺（日）,元/吨||元/吨,NI,利润,高冰镍|精炼镍|镍矿|冰镍|镍,精炼镍：生产利润：中国：红土镍矿：高冰镍加工工艺（日）,精炼镍:生产利润:中国:红土镍矿:高冰镍加工工艺(日,canonical,,,INDICATORS_V1_NAME,ni_324_profit|ni_72_profit_nickel_powder,1,2,canonical_conflict,0.55,,,manual_review,P0_manual,0
A-04553,ni_41_import|ni_61_import_3|ni_62_import,镍豆：进口盈亏（日）||镍豆：进口盈亏（日）||镍豆：进口盈亏（日）,元/吨||元/吨||元/吨,NI,盈亏,镍豆|镍,镍豆：进口盈亏（日）,镍豆:进口盈亏(日,cross_report_synonym,,,INDICATORS_V1_NAME|THS_MATCHED,THS-NI-2.2|THS-NI-4.1|THS-NI-7.2|ni_41_import|ni_61_import_3|ni_62_import,1,18,canonical_conflict,0.55,,,manual_review,P0_manual,2
A-00139,ni_43_inv_2|ni_43_inv_3|ni_43_inv_percentile,LME：镍：原产国库存：埃及（月）||LME：镍：原产国库存：埃及（月）||LME：镍：原产国库存：埃及（月）,吨||吨||吨,NI,库存,镍,LME：镍：原产国库存：埃及（月）,LME:镍:原产国库存:埃及(月,mixed_script,,,INDICATORS_V1_NAME,ni_43_inv_2|ni_43_inv_3|ni_43_inv_percentile,1,3,canonical_conflict,0.55,,,manual_review,P0_manual,2
A-03858,ni_43_inv|ni_43_inv_4|ni_43_inv_implicit|ni_44_inv_2|ni_44_inv_3|ni_44_inv_4|ni_44_inv_5|ni_44_inv_6|ni_44_inv_days|ni_44_inv_percentile|ni_45_inv|ni_45_inv_implicit|ni_45_inv_implicit_2|ni_45_inv_implicit_3|ni_45_inv_implicit_percentile|ni_45_inv_implicit_ratio,精炼镍：库存：中国：27家样本仓库（周）||精炼镍：库存：中国：27家样本仓库（周）||精炼镍：库存：中国：27家样本仓库（周）||精炼镍：库存：中国：27家样本仓库（周）||精炼镍：库存：中国：27家样本仓库（周）||精炼镍：库存：中国：27家样本仓库（周）||精炼镍：库存：中国：27家样本仓库（周）||精炼镍：库存：中国：27家样本仓库（周）||精炼镍：库存：中国：27家样本仓库（周）||精炼镍：库存：中国：27家样本仓库（周）||精炼镍：库存：中国：27家样本仓库（周）||精炼镍：库存：中国：27家样本仓库（周）||精炼镍：库存：中国：27家样本仓库（周）||精炼镍：库存：中国：27家样本仓库（周）||精炼镍：库存：中国：27家样本仓库（周）||精炼镍：库存：中国：27家样本仓库（周）,吨||吨||吨||吨||吨||吨||吨||吨||吨||吨||吨||吨||吨||吨||吨||吨,NI,库存,精炼镍|镍,精炼镍：库存：中国：27家样本仓库（周）,精炼镍:库存:中国:27家样本仓库(周,cross_report_synonym,,,INDICATORS_V1_NAME|THS_MATCHED,THS-NI-4.3|ni_43_inv_implicit|ni_44_inv_4|ni_44_inv_days,1,20,canonical_conflict,0.55,,,manual_review,P0_manual,0
A-03859,ni_51_util|ni_51_util_battery|ni_51_util_cons|ni_53_util,精炼镍：开工率：中国（月）||精炼镍：开工率：中国（月）||精炼镍：开工率：中国（月）||精炼镍：开工率：中国（月）,百分比||百分比||百分比||百分比,NI,开工率|开工,精炼镍|镍,精炼镍：开工率：中国（月）,精炼镍:开工率:中国(月,canonical,,,INDICATORS_V1_NAME,ni_51_util|ni_51_util_battery|ni_51_util_cons,1,4,canonical_conflict,0.55,,,manual_review,P0_manual,2
A-04561,ni_61_import_2|ni_61_import_nickel_ore_2|ni_61_import_nickel_powder,镍铁：哥伦比亚产：进口盈亏：中国（日）||镍铁：哥伦比亚产：进口盈亏：中国（日）||镍铁：哥伦比亚产：进口盈亏：中国（日）,元/吨||元/吨||元/吨,NI,盈亏,镍铁|镍,镍铁：哥伦比亚产：进口盈亏：中国（日）,镍铁:哥伦比亚产:进口盈亏:中国(日,canonical,,,INDICATORS_V1_NAME,ni_61_import_2|ni_61_import_nickel_ore_2|ni_61_import_nickel_powder,1,3,canonical_conflict,0.55,,,manual_review,P0_manual,0
A-04525,ni_61_import_nickel_ore|ni_61_import_nickel_ore_3,镍矿：进口数量：印尼→中国（月）||镍矿：进口数量：印尼→中国（月）,吨||吨,NI,未识别,镍矿|镍,镍矿：进口数量：印尼→中国（月）,镍矿:进口数量:印尼→中国(月,canonical,,,INDICATORS_V1_NAME,ni_61_import_nickel_ore|ni_61_import_nickel_ore_3,1,2,canonical_conflict,0.55,,,manual_review,P0_manual,0
A-04531,ni_63_export_3|ni_63_export_4,镍矿石：出口数量：菲律宾→印尼（月）||镍矿石：出口数量：菲律宾→印尼（月）,千克||千克,NI,未识别,镍矿|镍,镍矿石：出口数量：菲律宾→印尼（月）,镍矿石:出口数量:菲律宾→印尼(月,canonical,,,INDICATORS_V1_NAME,ni_63_export_3|ni_63_export_4,1,2,canonical_conflict,0.55,,,manual_review,P0_manual,0
A-03866,ni_71_cost_2|ni_71_cost_5|ni_71_cost_percentile,精炼镍：生产成本：中国：红土镍矿：高冰镍加工工艺（日）||精炼镍：生产成本：中国：红土镍矿：高冰镍加工工艺（日）||精炼镍：生产成本：中国：红土镍矿：高冰镍加工工艺（日）,元/吨||元/吨||元/吨,NI,生产成本|成本,高冰镍|精炼镍|镍矿|冰镍|镍,精炼镍：生产成本：中国：红土镍矿：高冰镍加工工艺（日）,精炼镍:生产成本:中国:红土镍矿:高冰镍加工工艺(日,canonical,,,INDICATORS_V1_NAME,ni_71_cost_2|ni_71_cost_5|ni_71_cost_percentile,1,3,canonical_conflict,0.55,,,manual_review,P0_manual,0
A-03864,ni_71_cost|ni_71_cost_3|ni_71_cost_4|ni_71_cost_nickel_powder|ni_73_cost_3|ni_73_cost_4,精炼镍：生产成本：中国：外采：高冰镍加工工艺（日）||精炼镍：生产成本：中国：外采：高冰镍加工工艺（日）||精炼镍：生产成本：中国：外采：高冰镍加工工艺（日）||精炼镍：生产成本：中国：外采：高冰镍加工工艺（日）||精炼镍：生产成本：中国：外采：高冰镍加工工艺（日）||精炼镍：生产成本：中国：外采：高冰镍加工工艺（日）,元/吨||元/吨||元/吨||元/吨||元/吨||元/吨,NI,生产成本|成本,精炼镍|高冰镍|冰镍|镍,精炼镍：生产成本：中国：外采：高冰镍加工工艺（日）,精炼镍:生产成本:中国:外采:高冰镍加工工艺(日,cross_report_synonym,,,INDICATORS_V1_NAME|THS_MATCHED,THS-NI-7.1|THS-NI-7.3|ni_71_cost|ni_71_cost_4|ni_71_cost_nickel_powder,1,8,canonical_conflict,0.55,,,manual_review,P0_manual,0
A-00297,pb_21_aux|pb_21_aux_2,SHFE: 铅: 主力合约: 收盘价: 日度||SHFE: 铅: 主力合约: 收盘价: 日度,||,PB,未识别,铅,SHFE: 铅: 主力合约: 收盘价: 日度,SHFE:铅:主力合约:收盘价:日度,mixed_script,,,INDICATORS_V1_NAME,pb_21_aux|pb_21_aux_2,1,2,canonical_conflict,0.55,,,manual_review,P0_manual,0
A-00443,pb_23_aux_3|pb_23_aux_4,SMM: 进口盈亏: 铅: 现货: LME价格: 日度||SMM: 进口盈亏: 铅: 现货: LME价格: 日度,||,PB,盈亏|价格,铅,SMM: 进口盈亏: 铅: 现货: LME价格: 日度,SMM:进口盈亏:铅:现货:LME价格:日度,mixed_script,,,INDICATORS_V1_NAME,pb_23_aux_3|pb_23_aux_4,1,2,canonical_conflict,0.55,,,manual_review,P0_manual,2
A-00448,pb_313_aux_2|pb_313_aux_5|pb_81_aux,SMM: 铅精矿平衡(新): 矿产铅产量: 月度||SMM: 铅精矿平衡(新): 其他含铅伴生矿产量: 月度||SMM: 铅精矿平衡(新): 表观消费量: 月度,||||,PB,未识别,铅精矿|铅,SMM: 铅精矿平衡(新): 其他含铅伴生矿产量: 月度,SMM:铅精矿平衡(新,unit_variant,:其他含铅伴生矿产量:月度|:矿产铅产量:月度|:表观消费量:月度,,INDICATORS_V1_NAME,pb_313_aux_2|pb_313_aux_5|pb_81_aux,3,3,canonical_conflict,0.55,,,manual_review,P0_manual,0
A-02342,pb_314_aux_2|pb_61_aux,中国海关: 其他铅(粗铅)进口量: 乌兹别克斯坦: 月度||中国海关: 其他铅(粗铅)进口量: 阿曼: 月度,||,PB,未识别,铅,中国海关: 其他铅(粗铅)进口量: 乌兹别克斯坦: 月度,中国海关:其他铅(粗铅,unit_variant,进口量:乌兹别克斯坦:月度|进口量:阿曼:月度,,INDICATORS_V1_NAME,pb_314_aux_2|pb_61_aux,2,2,canonical_conflict,0.55,,,manual_review,P0_manual,0
A-00059,si_21_basis_industrial_si|si_22_basis_industrial_si|si_24_basis_industrial_si,GFEX：工业硅：基差（日）||GFEX：工业硅：基差（日）||GFEX：工业硅：基差（日）,元/吨||元/吨||元/吨,SI,基差,工业硅|硅,GFEX：工业硅：基差（日）,GFEX:工业硅:基差(日,mixed_script,,,INDICATORS_V1_NAME,si_21_basis_industrial_si|si_22_basis_industrial_si|si_24_basis_industrial_si,1,3,canonical_conflict,0.55,,,manual_review,P0_manual,1
A-00055,si_21_close_front_industrial_si|si_23_close|si_23_close_2|si_24_close_far_industrial_si|si_24_close_near_industrial_si|si_71_close_front,GFEX：工业硅：主力合约：收盘价（日）||GFEX：工业硅：主力合约：收盘价（日）||GFEX：工业硅：主力合约：收盘价（日）||GFEX：工业硅：主力合约：收盘价（日）||GFEX：工业硅：主力合约：收盘价（日）||GFEX：工业硅：主力合约：收盘价（日）,元/吨||元/吨||元/吨||元/吨||元/吨||元/吨,SI,未识别,工业硅|硅,GFEX：工业硅：主力合约：收盘价（日）,GFEX:工业硅:主力合约:收盘价(日,mixed_script,,,INDICATORS_V1_NAME,si_23_close_2|si_24_close_near_industrial_si|si_71_close_front,1,6,canonical_conflict,0.55,,,manual_review,P0_manual,0
A-00058,si_21_openinterest_industrial_si|si_26_percentile_openinterest_indu,GFEX：工业硅：单边交易：持仓量（日）||GFEX：工业硅：单边交易：持仓量（日）,手||手,SI,持仓量|持仓,工业硅|硅,GFEX：工业硅：单边交易：持仓量（日）,GFEX:工业硅:单边交易:持仓量(日,mixed_script,,,INDICATORS_V1_NAME,si_21_openinterest_industrial_si|si_26_percentile_openinterest_indu,1,2,canonical_conflict,0.55,,,manual_review,P0_manual,5
A-00054,si_21_openinterest|si_21_openinterest_2|si_21_openinterest_industrial_si_2|si_21_openinterest_longshort_indus|si_21_percentile_openinterest_indu|si_26_openinterest_longshort_indus|si_26_openinterest_longshort_top20|si_26_openinterest_longshort_top20_2|si_26_openinterest_top20|si_26_openinterest_top20_2|si_26_openinterest_top20_industria|si_26_openinterest_top20_industria_2,GFEX：工业硅：主力合约：单边交易：持仓量（日）||GFEX：工业硅：主力合约：单边交易：持仓量（日）||GFEX：工业硅：主力合约：单边交易：持仓量（日）||GFEX：工业硅：主力合约：单边交易：持仓量（日）||GFEX：工业硅：主力合约：单边交易：持仓量（日）||GFEX：工业硅：主力合约：单边交易：持仓量（日）||GFEX：工业硅：主力合约：单边交易：持仓量（日）||GFEX：工业硅：主力合约：单边交易：持仓量（日）||GFEX：工业硅：主力合约：单边交易：持仓量（日）||GFEX：工业硅：主力合约：单边交易：持仓量（日）||GFEX：工业硅：主力合约：单边交易：持仓量（日）||GFEX：工业硅：主力合约：单边交易：持仓量（日）,手||手||手||手||手||手||手||手||手||手||手||手,SI,持仓量|持仓,工业硅|硅,GFEX：工业硅：主力合约：单边交易：持仓量（日）,GFEX:工业硅:主力合约:单边交易:持仓量(日,mixed_script,,,INDICATORS_V1_NAME,si_21_openinterest|si_21_openinterest_industrial_si_2|si_21_openinterest_longshort_indus,1,12,canonical_conflict,0.55,,,manual_review,P0_manual,4
A-00056,si_21_warrant_industrial_si|si_22_warrant_industrial_si|si_24_warrant_industrial_si|si_42_warrant|si_42_warrant_2|si_42_warrant_industrial_si|si_42_warrant_ratio_industrial_si|si_62_warrant_industrial_si|si_63_warrant_industrial_si|si_64_warrant_shipment_industrial_,GFEX：工业硅：仓单数量（日）||GFEX：工业硅：仓单数量（日）||GFEX：工业硅：仓单数量（日）||GFEX：工业硅：仓单数量（日）||GFEX：工业硅：仓单数量（日）||GFEX：工业硅：仓单数量（日）||GFEX：工业硅：仓单数量（日）||GFEX：工业硅：仓单数量（日）||GFEX：工业硅：仓单数量（日）||GFEX：工业硅：仓单数量（日）,手||手||手||手||手||手||手||手||手||手,SI,仓单,工业硅|硅,GFEX：工业硅：仓单数量（日）,GFEX:工业硅:仓单数量(日,mixed_script,,,INDICATORS_V1_NAME,si_42_warrant_ratio_industrial_si|si_63_warrant_industrial_si|si_64_warrant_shipment_industrial_,1,10,canonical_conflict,0.55,,,manual_review,P0_manual,1
A-03104,si_24_spot_2|si_24_spot_3|si_24_spot_4|si_24_spot_5,工业硅现货价553#||工业硅现货价553#||工业硅现货价553#||工业硅现货价553#,元/吨||元/吨||元/吨||元/吨,SI,未识别,工业硅|硅,工业硅现货价553#,工业硅现货价553#,numeric_code,,,INDICATORS_V1_NAME,si_24_spot_2|si_24_spot_3|si_24_spot_5,1,4,canonical_conflict,0.55,,,manual_review,P0_manual,0
A-03103,si_24_spot|si_24_spot_6|si_24_spot_7,工业硅现货价421#||工业硅现货价421#||工业硅现货价421#,元/吨||元/吨||元/吨,SI,未识别,工业硅|硅,工业硅现货价421#,工业硅现货价421#,numeric_code,,,INDICATORS_V1_NAME,si_24_spot|si_24_spot_6|si_24_spot_7,1,3,canonical_conflict,0.55,,,manual_review,P0_manual,0
A-02979,si_25_cost_industrial_si|si_71_cost|si_71_cost_2|si_71_cost_3|si_71_cost_industrial_si_2|si_71_cost_percentile_industrial_s,工业硅：421#：成本：新疆（周）||工业硅：421#：成本：新疆（周）||工业硅：421#：成本：新疆（周）||工业硅：421#：成本：新疆（周）||工业硅：421#：成本：新疆（周）||工业硅：421#：成本：新疆（周）,元/吨||元/吨||元/吨||元/吨||元/吨||元/吨,SI,成本,工业硅|硅,工业硅：421#：成本：新疆（周）,工业硅:421#:成本:新疆(周,numeric_code,,,INDICATORS_V1_NAME,si_71_cost_3|si_71_cost_industrial_si_2|si_71_cost_percentile_industrial_s,1,6,canonical_conflict,0.55,,,manual_review,P0_manual,0
A-03034,si_25_cost_smelt|si_25_cost_smelt_2,工业硅冶炼成本||工业硅冶炼成本,元/吨||元/吨,SI,成本,工业硅|硅,工业硅冶炼成本,工业硅冶炼成本,unit_variant,元/吨,,INDICATORS_V1_NAME|THS_MATCHED|THS_SERIES,THS-NI-7.1|THS-SI-2.5|THS-SI-7.1|THS-SN-7.1|THS-SN-7.2|si_25_cost_smelt|si_25_cost_smelt_2,2,10,canonical_conflict,0.55,,,manual_review,P0_manual,0
A-03028,si_25_profit_smelt|si_25_profit_smelt_2,工业硅冶炼利润||工业硅冶炼利润,元/吨||元/吨,SI,冶炼利润|利润,工业硅|硅,工业硅冶炼利润,工业硅冶炼利润,unit_variant,元/吨,,INDICATORS_V1_NAME|THS_MATCHED|THS_SERIES,THS-SI-3.1.5|THS-SI-3.2.4|THS-SI-7.2|THS-SN-3.2.4|THS-ZN-3.2.1|THS-ZN-3.2.4|si_25_profit_smelt|si_25_profit_smelt_2,2,44,canonical_conflict,0.55,,,manual_review,P0_manual,0
A-02977,si_25_profit|si_25_profit_2|si_25_profit_industrial_si|si_25_profit_percentile_industrial|si_324_profit|si_324_profit_2|si_72_profit|si_72_profit_2|si_72_profit_3,工业硅：421#：利润：新疆（周）||工业硅：421#：利润：新疆（周）||工业硅：421#：利润：新疆（周）||工业硅：421#：利润：新疆（周）||工业硅：421#：利润：新疆（周）||工业硅：421#：利润：新疆（周）||工业硅：421#：利润：新疆（周）||工业硅：421#：利润：新疆（周）||工业硅：421#：利润：新疆（周）,元/吨||元/吨||元/吨||元/吨||元/吨||元/吨||元/吨||元/吨||元/吨,SI,利润,工业硅|硅,工业硅：421#：利润：新疆（周）,工业硅:421#:利润:新疆(周,numeric_code,,,INDICATORS_V1_NAME,si_324_profit|si_324_profit_2|si_72_profit,1,9,canonical_conflict,0.55,,,manual_review,P0_manual,0
A-03059,si_26_openinterest_top20_long|si_26_openinterest_top20_long_2|si_26_openinterest_top20_long_3,工业硅多头前20持仓量||工业硅多头前20持仓量||工业硅多头前20持仓量,手||手||手,SI,持仓量|持仓,工业硅|硅,工业硅多头前20持仓量,工业硅多头前20持仓量,canonical,,,INDICATORS_V1_NAME,si_26_openinterest_top20_long|si_26_openinterest_top20_long_2|si_26_openinterest_top20_long_3,1,3,canonical_conflict,0.55,,,manual_review,P0_manual,1
A-03120,si_26_openinterest_top20_short|si_26_openinterest_top20_short_2|si_26_top20_openinterest,工业硅空头前20持仓量||工业硅空头前20持仓量||工业硅空头前20持仓量,手||手||手,SI,持仓量|持仓,工业硅|硅,工业硅空头前20持仓量,工业硅空头前20持仓量,canonical,,,INDICATORS_V1_NAME,si_26_openinterest_top20_short|si_26_openinterest_top20_short_2|si_26_top20_openinterest,1,3,canonical_conflict,0.55,,,manual_review,P0_manual,1
A-03697,si_311_output|si_311_output_recycle,硅锰：产量：内蒙古（月）||硅锰：产量：内蒙古（月）,吨||吨,SI,产量,硅,硅锰：产量：内蒙古（月）,硅锰:产量:内蒙古(月,canonical,,,INDICATORS_V1_NAME,si_311_output|si_311_output_recycle,1,2,canonical_conflict,0.55,,,manual_review,P0_manual,0
A-03694,si_312_import|si_314_import,硅铁：进口数量：中国（年）||硅铁：进口数量：中国（年）,吨||吨,SI,未识别,硅,硅铁：进口数量：中国（年）,硅铁:进口数量:中国(年,canonical,,,INDICATORS_V1_NAME,si_312_import|si_314_import,1,2,canonical_conflict,0.55,,,manual_review,P0_manual,0
A-02319,si_312_output_2|si_312_output_3,中国工业硅月产量||中国工业硅月产量,万吨||万吨,SI,产量,工业硅|硅,中国工业硅月产量,中国工业硅月产量,canonical,,,INDICATORS_V1_NAME,si_312_output_2|si_312_output_3,1,2,canonical_conflict,0.55,,,manual_review,P0_manual,0
A-03700,si_312_util_2|si_312_util_3|si_321_util_polysilicon|si_323_util_recycle_polysilicon,硅锰企业：开工率：中国（周）||硅锰企业：开工率：中国（周）||硅锰企业：开工率：中国（周）||硅锰企业：开工率：中国（周）,百分比||百分比||百分比||百分比,SI,开工率|开工,硅,硅锰企业：开工率：中国（周）,硅锰企业:开工率:中国(周,canonical,,,INDICATORS_V1_NAME,si_312_util_3|si_321_util_polysilicon|si_323_util_recycle_polysilicon,1,4,canonical_conflict,0.55,,,manual_review,P0_manual,0
A-03113,si_313_inv_social|si_313_social_inv|wr227,工业硅社会库存||工业硅社会库存||工业硅社会库存(SMM),万吨||万吨||,SI,社会库存|库存,工业硅|硅,工业硅社会库存(SMM),工业硅社会库存,unit_variant,SMM,,INDICATORS_V1_NAME|PDF_TEMPLATE,TPL-SI-018|si_313_inv_social|si_313_social_inv|wr227,2,4,canonical_conflict,0.55,,,manual_review,P0_manual,0
A-03071,si_314_by_country_import|si_314_by_country_import_2,工业硅月进口量分国别||工业硅月进口量分国别,吨||吨,SI,进口量,工业硅|硅,工业硅月进口量分国别,工业硅月进口量分国别,canonical,,,INDICATORS_V1_NAME,si_314_by_country_import|si_314_by_country_import_2,1,2,canonical_conflict,0.55,,,manual_review,P0_manual,0
A-02986,si_314_import_3|si_314_import_4|si_315_import_industrial_si|si_61_import|si_61_import_industrial_si|si_61_import_industrial_si_3,工业硅：Si＜99.99%：进口数量：江苏（月）||工业硅：Si＜99.99%：进口数量：江苏（月）||工业硅：Si＜99.99%：进口数量：江苏（月）||工业硅：Si＜99.99%：进口数量：江苏（月）||工业硅：Si＜99.99%：进口数量：江苏（月）||工业硅：Si＜99.99%：进口数量：江苏（月）,吨||吨||吨||吨||吨||吨,SI,未识别,工业硅|硅,工业硅：Si＜99.99%：进口数量：江苏（月）,工业硅:Si＜99.99%:进口数量:江苏(月,mixed_script,,,INDICATORS_V1_NAME,si_314_import_3|si_314_import_4|si_61_import,1,6,canonical_conflict,0.55,,,manual_review,P0_manual,0
A-02990,si_315_capacity_util_industrial_si|si_321_capacity_industrial_si|si_321_capacity_util_industrial_si|si_323_recycle_capacity_util,工业硅：产能利用率：中国（月）||工业硅：产能利用率：中国（月）||工业硅：产能利用率：中国（月）||工业硅：产能利用率：中国（月）,百分比||百分比||百分比||百分比,SI,产能利用率|产能,工业硅|硅,工业硅：产能利用率：中国（月）,工业硅:产能利用率:中国(月,canonical,,,INDICATORS_V1_NAME,si_321_capacity_industrial_si|si_321_capacity_util_industrial_si|si_323_recycle_capacity_util,1,4,canonical_conflict,0.55,,,manual_review,P0_manual,2
A-03693,si_315_price_silica|si_315_price_silica_2|si_315_price_silica_3|si_315_price_silica_4,硅石价格||硅石价格||硅石价格||硅石价格,元/吨||元/吨||元/吨||元/吨,SI,价格,硅,硅石价格,硅石价格,cross_report_synonym,,,INDICATORS_V1_NAME|THS_MATCHED,THS-AL-3.3|si_315_price_silica|si_315_price_silica_3|si_315_price_silica_4,1,5,canonical_conflict,0.55,,,manual_review,P0_manual,0
A-02994,si_315_util_industrial_si|si_51_util|si_51_util_industrial_si,工业硅：开工率：中国（周）||工业硅：开工率：中国（周）||工业硅：开工率：中国（周）,百分比||百分比||百分比,SI,开工率|开工,工业硅|硅,工业硅：开工率：中国（周）,工业硅:开工率:中国(周,canonical,,,INDICATORS_V1_NAME,si_315_util_industrial_si|si_51_util|si_51_util_industrial_si,1,3,canonical_conflict,0.55,,,manual_review,P0_manual,0
A-02908,si_321_capacity_polysilicon|si_323_recycle_capacity_polysilicon,多晶硅：产能：中国（年）||多晶硅：产能：中国（年）,万吨||万吨,SI,产能,多晶硅|硅,多晶硅：产能：中国（年）,多晶硅:产能:中国(年,canonical,,,INDICATORS_V1_NAME,si_321_capacity_polysilicon|si_323_recycle_capacity_polysilicon,1,2,canonical_conflict,0.55,,,manual_review,P0_manual,0
A-03685,si_321_capacity|si_323_recycle_capacity|si_323_recycle_capacity_industrial_,硅片：产能：中国（年）||硅片：产能：中国（年）||硅片：产能：中国（年）,吉瓦||吉瓦||吉瓦,SI,产能,硅片|硅,硅片：产能：中国（年）,硅片:产能:中国(年,canonical,,,INDICATORS_V1_NAME,si_321_capacity|si_323_recycle_capacity|si_323_recycle_capacity_industrial_,1,3,canonical_conflict,0.55,,,manual_review,P0_manual,0
A-03127,si_321_import|si_321_import_2,工业硅精炼月进口量||工业硅精炼月进口量,吨||吨,SI,进口量,工业硅|硅,工业硅精炼月进口量,工业硅精炼月进口量,canonical,,,INDICATORS_V1_NAME,si_321_import|si_321_import_2,1,2,canonical_conflict,0.55,,,manual_review,P0_manual,0
A-02911,si_321_output_polysilicon|si_323_output_recycle_polysilicon|si_51_output_polysilicon|si_52_output_polysilicon,多晶硅：产量：中国（月）||多晶硅：产量：中国（月）||多晶硅：产量：中国（月）||多晶硅：产量：中国（月）,吨||吨||吨||吨,SI,产量,多晶硅|硅,多晶硅：产量：中国（月）,多晶硅:产量:中国(月,canonical,,,INDICATORS_V1_NAME,si_323_output_recycle_polysilicon|si_51_output_polysilicon|si_52_output_polysilicon,1,4,canonical_conflict,0.55,,,manual_review,P0_manual,2
A-02995,si_321_util_industrial_si|si_322_util|si_322_util_2|si_322_util_3|si_323_util_recycle_industrial_si,工业硅：开工率：中国（月）||工业硅：开工率：中国（月）||工业硅：开工率：中国（月）||工业硅：开工率：中国（月）||工业硅：开工率：中国（月）,百分比||百分比||百分比||百分比||百分比,SI,开工率|开工,工业硅|硅,工业硅：开工率：中国（月）,工业硅:开工率:中国(月,canonical,,,INDICATORS_V1_NAME,si_321_util_industrial_si|si_322_util|si_322_util_2,1,5,canonical_conflict,0.55,,,manual_review,P0_manual,4
A-02915,si_41_inv_polysilicon|si_44_inv_days_polysilicon|si_44_inv_polysilicon|si_45_inv_implicit_polysilicon|si_45_inv_polysilicon,多晶硅：库存：中国（周）||多晶硅：库存：中国（周）||多晶硅：库存：中国（周）||多晶硅：库存：中国（周）||多晶硅：库存：中国（周）,万吨||万吨||万吨||万吨||万吨,SI,库存,多晶硅|硅,多晶硅：库存：中国（周）,多晶硅:库存:中国(周,canonical,,,INDICATORS_V1_NAME,si_44_inv_days_polysilicon|si_45_inv_implicit_polysilicon|si_45_inv_polysilicon,1,5,canonical_conflict,0.55,,,manual_review,P0_manual,0
A-02988,si_61_import_2|si_61_import_industrial_si_2|si_61_import_industrial_si_4|si_61_import_shipment_days|si_61_import_tariff_industrial_si,工业硅：Si＜99.99%：进口数量合计：中国（月）||工业硅：Si＜99.99%：进口数量合计：中国（月）||工业硅：Si＜99.99%：进口数量合计：中国（月）||工业硅：Si＜99.99%：进口数量合计：中国（月）||工业硅：Si＜99.99%：进口数量合计：中国（月）,吨||吨||吨||吨||吨,SI,未识别,工业硅|硅,工业硅：Si＜99.99%：进口数量合计：中国（月）,工业硅:Si＜99.99%:进口数量合计:中国(月,mixed_script,,,INDICATORS_V1_NAME,si_61_import_industrial_si_2|si_61_import_industrial_si_4|si_61_import_tariff_industrial_si,1,5,canonical_conflict,0.55,,,manual_review,P0_manual,0
A-02983,si_62_export_industrial_si|si_62_export_shipment_days|si_62_export_tariff_industrial_si|si_63_export_industrial_si|si_63_export_shipment_days|si_63_export_tariff_industrial_si,工业硅：Si＜99.99%：出口数量合计：中国（月）||工业硅：Si＜99.99%：出口数量合计：中国（月）||工业硅：Si＜99.99%：出口数量合计：中国（月）||工业硅：Si＜99.99%：出口数量合计：中国（月）||工业硅：Si＜99.99%：出口数量合计：中国（月）||工业硅：Si＜99.99%：出口数量合计：中国（月）,吨||吨||吨||吨||吨||吨,SI,未识别,工业硅|硅,工业硅：Si＜99.99%：出口数量合计：中国（月）,工业硅:Si＜99.99%:出口数量合计:中国(月,mixed_script,,,INDICATORS_V1_NAME,si_62_export_shipment_days|si_63_export_industrial_si|si_63_export_shipment_days,1,6,canonical_conflict,0.55,,,manual_review,P0_manual,0
A-02914,si_62_export_polysilicon|si_63_export_polysilicon,多晶硅：出口数量合计：中国（月）||多晶硅：出口数量合计：中国（月）,吨||吨,SI,未识别,多晶硅|硅,多晶硅：出口数量合计：中国（月）,多晶硅:出口数量合计:中国(月,canonical,,,INDICATORS_V1_NAME,si_62_export_polysilicon|si_63_export_polysilicon,1,2,canonical_conflict,0.55,,,manual_review,P0_manual,0
A-03042,si_62_export|si_62_export_2,工业硅出口量||工业硅出口量,吨||吨,SI,出口量,工业硅|硅,工业硅出口量,工业硅出口量,unit_variant,万吨,,INDICATORS_V1_NAME|THS_MATCHED|THS_SERIES,THS-SI-6.2|THS-SN-6.3|si_62_export|si_62_export_2,2,4,canonical_conflict,0.55,,,manual_review,P0_manual,0
A-03108,si_71_cash_cost|si_71_cost_cash,工业硅现金成本||工业硅现金成本,元/吨||元/吨,SI,成本,工业硅|硅,工业硅现金成本,工业硅现金成本,unit_variant,元/吨,,INDICATORS_V1_NAME|THS_MATCHED|THS_SERIES,THS-NI-7.2|THS-SI-7.1|THS-SN-7.2|THS-ZN-7.1|si_71_cash_cost|si_71_cost_cash,2,12,canonical_conflict,0.55,,,manual_review,P0_manual,0
A-02980,si_71_cost_industrial_si|si_72_profit_industrial_si,工业硅：421#：现金成本：四川（周）||工业硅：421#：现金成本：四川（周）,元/吨||元/吨,SI,成本,工业硅|硅,工业硅：421#：现金成本：四川（周）,工业硅:421#:现金成本:四川(周,numeric_code,,,INDICATORS_V1_NAME,si_71_cost_industrial_si|si_72_profit_industrial_si,1,2,canonical_conflict,0.55,,,manual_review,P0_manual,0
A-03109,si_71_power|si_71_power_2|si_71_power_3|si_71_power_4,工业硅电价||工业硅电价||工业硅电价||工业硅电价,元/千瓦时||元/千瓦时||元/千瓦时||元/千瓦时,SI,未识别,工业硅|硅,工业硅电价,工业硅电价,unit_variant,元/度,,INDICATORS_V1_NAME|THS_MATCHED|THS_SERIES,THS-NI-7.3|THS-SI-7.1|THS-SN-7.2|THS-SN-7.3|si_71_power_2|si_71_power_3|si_71_power_4,2,10,canonical_conflict,0.55,,,manual_review,P0_manual,0
A-03564,si_72_cost|si_72_cost_power|si_72_cost_power_2,电力成本分项||电力成本分项||电力成本分项,元/吨||元/吨||元/吨,ENTITY,成本,电力,电力成本分项,电力成本分项,cross_report_synonym,,,INDICATORS_V1_NAME|THS_MATCHED,THS-AL-3.2|si_72_cost|si_72_cost_power|si_72_cost_power_2,1,4,canonical_conflict,0.55,,,manual_review,P0_manual,0
A-00336,sn_21_close|sn_21_close_2|sn_23_close|sn_23_close_2,SHFE：锡：指数合约：收盘价（日）||SHFE：锡：指数合约：收盘价（日）||SHFE：锡：指数合约：收盘价（日）||SHFE：锡：指数合约：收盘价（日）,元/吨||元/吨||元/吨||元/吨,SN,未识别,锡,SHFE：锡：指数合约：收盘价（日）,SHFE:锡:指数合约:收盘价(日,mixed_script,,,INDICATORS_V1_NAME,sn_21_close|sn_21_close_2|sn_23_close_2,1,4,canonical_conflict,0.55,,,manual_review,P0_manual,0
A-00333,sn_21_openinterest_2|sn_26_openinterest_top20|sn_26_openinterest_top20_2|sn_26_openinterest_top20_3|sn_26_openinterest_top20_4|sn_26_openinterest_top20_5,SHFE：锡：单边交易：持仓量（日）||SHFE：锡：单边交易：持仓量（日）||SHFE：锡：单边交易：持仓量（日）||SHFE：锡：单边交易：持仓量（日）||SHFE：锡：单边交易：持仓量（日）||SHFE：锡：单边交易：持仓量（日）,手||手||手||手||手||手,SN,持仓量|持仓,锡,SHFE：锡：单边交易：持仓量（日）,SHFE:锡:单边交易:持仓量(日,mixed_script,,,INDICATORS_V1_NAME,sn_21_openinterest_2|sn_26_openinterest_top20_3|sn_26_openinterest_top20_5,1,6,canonical_conflict,0.55,,,manual_review,P0_manual,7
A-00128,sn_21_openinterest|sn_21_openinterest_3|sn_21_openinterest_4,LME：锡：其他报告头寸多头持仓量：投资基金（周）||LME：锡：其他报告头寸多头持仓量：投资基金（周）||LME：锡：其他报告头寸多头持仓量：投资基金（周）,手||手||手,SN,持仓量|持仓,锡,LME：锡：其他报告头寸多头持仓量：投资基金（周）,LME:锡:其他报告头寸多头持仓量:投资基金(周,mixed_script,,,INDICATORS_V1_NAME,sn_21_openinterest|sn_21_openinterest_3|sn_21_openinterest_4,1,3,canonical_conflict,0.55,,,manual_review,P0_manual,2
A-04449,sn_22_import|sn_23_import,锡锭：现货：进口盈亏（日）||锡锭：现货：进口盈亏（日）,元/吨||元/吨,SN,盈亏,锡锭|锡,锡锭：现货：进口盈亏（日）,锡锭:现货:进口盈亏(日,cross_report_synonym,,,INDICATORS_V1_NAME|THS_MATCHED,THS-SN-2.2|THS-SN-2.5|THS-SN-3.2.4|sn_22_import|sn_23_import,1,10,canonical_conflict,0.55,,,manual_review,P0_manual,2
A-04445,sn_22_premium_3|sn_22_premium_4,锡锭：升贴水：中国：云锡（日）||锡锭：升贴水：中国：云锡（日）,元/吨||元/吨,SN,升贴水|贴水,锡锭|锡,锡锭：升贴水：中国：云锡（日）,锡锭:升贴水:中国:云锡(日,canonical,,,INDICATORS_V1_NAME,sn_22_premium_3|sn_22_premium_4,1,2,canonical_conflict,0.55,,,manual_review,P0_manual,0
A-04446,sn_22_premium|sn_22_premium_2,锡锭：升贴水：中国：小牌（日）||锡锭：升贴水：中国：小牌（日）,元/吨||元/吨,SN,升贴水|贴水,锡锭|锡,锡锭：升贴水：中国：小牌（日）,锡锭:升贴水:中国:小牌(日,canonical,,,INDICATORS_V1_NAME,sn_22_premium|sn_22_premium_2,1,2,canonical_conflict,0.55,,,manual_review,P0_manual,0
A-00129,sn_23_lme_inv|sn_41_lme_inv,LME：锡：原产国库存：埃及（月）||LME：锡：原产国库存：埃及（月）,吨||吨,SN,库存,锡,LME：锡：原产国库存：埃及（月）,LME:锡:原产国库存:埃及(月,cross_report_synonym,,,INDICATORS_V1_NAME|THS_MATCHED,THS-SN-2.4|sn_23_lme_inv|sn_41_lme_inv,1,3,canonical_conflict,0.55,,,manual_review,P0_manual,2
A-04434,sn_25_price|sn_73_price|sn_73_price_2,锡精矿：1#：40%Sn：汇总价格：云南（日）||锡精矿：1#：40%Sn：汇总价格：云南（日）||锡精矿：1#：40%Sn：汇总价格：云南（日）,元/吨||元/吨||元/吨,SN,价格,锡精矿|锡,锡精矿：1#：40%Sn：汇总价格：云南（日）,锡精矿:1#:40%Sn:汇总价格:云南(日,mixed_script,,,INDICATORS_V1_NAME,sn_25_price|sn_73_price|sn_73_price_2,1,3,canonical_conflict,0.55,,,manual_review,P0_manual,0
A-04436,sn_311_output_2|sn_311_output_3|sn_312_output_2|sn_312_output_4|sn_312_output_5|sn_312_output_6|sn_312_output_ratio|sn_312_output_ratio_2|sn_312_output_ratio_3,锡精矿：产量：中国（月）||锡精矿：产量：中国（月）||锡精矿：产量：中国（月）||锡精矿：产量：中国（月）||锡精矿：产量：中国（月）||锡精矿：产量：中国（月）||锡精矿：产量：中国（月）||锡精矿：产量：中国（月）||锡精矿：产量：中国（月）,吨||吨||吨||吨||吨||吨||吨||吨||吨,SN,产量,锡精矿|锡,锡精矿：产量：中国（月）,锡精矿:产量:中国(月,canonical,,,INDICATORS_V1_NAME,sn_311_output_2|sn_312_output_4|sn_312_output_ratio,1,9,canonical_conflict,0.55,,,manual_review,P0_manual,6
A-04421,sn_311_output_tin_ore_2|sn_313_output_tin_ore,锡矿：产量：刚果：阿尔法明（季）||锡矿：产量：刚果：阿尔法明（季）,吨||吨,SN,产量,锡矿|锡,锡矿：产量：刚果：阿尔法明（季）,锡矿:产量:刚果:阿尔法明(季,canonical,,,INDICATORS_V1_NAME,sn_311_output_tin_ore_2|sn_313_output_tin_ore,1,2,canonical_conflict,0.55,,,manual_review,P0_manual,0
A-03841,sn_311_output|sn_321_output|sn_323_output_recycle|sn_323_output_recycle_3|sn_323_output_recycle_4|sn_51_output|sn_52_output|sn_52_output_2|sn_52_output_3|sn_52_output_4|sn_52_output_5,精炼锡：产量：印尼：天马（季）||精炼锡：产量：印尼：天马（季）||精炼锡：产量：印尼：天马（季）||精炼锡：产量：印尼：天马（季）||精炼锡：产量：印尼：天马（季）||精炼锡：产量：印尼：天马（季）||精炼锡：产量：印尼：天马（季）||精炼锡：产量：印尼：天马（季）||精炼锡：产量：印尼：天马（季）||精炼锡：产量：印尼：天马（季）||精炼锡：产量：印尼：天马（季）,吨||吨||吨||吨||吨||吨||吨||吨||吨||吨||吨,SN,产量,精炼锡|锡,精炼锡：产量：印尼：天马（季）,精炼锡:产量:印尼:天马(季,canonical,,,INDICATORS_V1_NAME,sn_323_output_recycle|sn_323_output_recycle_4|sn_52_output_3,1,11,canonical_conflict,0.55,,,manual_review,P0_manual,0
A-04274,sn_313_tc_tc|sn_313_tc_tc_2,铝棒：6063：Φ120：加工费：无锡（日）||铝棒：6063：Φ120：加工费：无锡（日）,元/吨||元/吨,AL|SN,加工费,铝棒|铝|锡,铝棒：6063：Φ120：加工费：无锡（日）,铝棒:6063:Φ120:加工费:无锡(日,numeric_code,,,INDICATORS_V1_NAME,sn_313_tc_tc|sn_313_tc_tc_2,1,2,canonical_conflict,0.55,,,manual_review,P0_manual,0
A-04432,sn_314_import_tin_ore|sn_314_import_tin_ore_5,锡矿砂及其精矿：进口数量：缅甸→中国（月）||锡矿砂及其精矿：进口数量：缅甸→中国（月）,吨||吨,SN,未识别,锡矿|锡,锡矿砂及其精矿：进口数量：缅甸→中国（月）,锡矿砂及其精矿:进口数量:缅甸→中国(月,canonical,,,INDICATORS_V1_NAME,sn_314_import_tin_ore|sn_314_import_tin_ore_5,1,2,canonical_conflict,0.55,,,manual_review,P0_manual,0
A-03844,sn_314_import|sn_314_import_2|sn_314_import_3|sn_314_import_4|sn_314_import_5|sn_321_import|sn_323_import_recycle|sn_61_import_recycle|sn_61_import_recycle_2|sn_61_import_recycle_3|sn_62_import|sn_62_import_2,精炼锡：进口数量：澳大利亚（季）||精炼锡：进口数量：澳大利亚（季）||精炼锡：进口数量：澳大利亚（季）||精炼锡：进口数量：澳大利亚（季）||精炼锡：进口数量：澳大利亚（季）||精炼锡：进口数量：澳大利亚（季）||精炼锡：进口数量：澳大利亚（季）||精炼锡：进口数量：澳大利亚（季）||精炼锡：进口数量：澳大利亚（季）||精炼锡：进口数量：澳大利亚（季）||精炼锡：进口数量：澳大利亚（季）||精炼锡：进口数量：澳大利亚（季）,吨||吨||吨||吨||吨||吨||吨||吨||吨||吨||吨||吨,SN,未识别,精炼锡|锡,精炼锡：进口数量：澳大利亚（季）,精炼锡:进口数量:澳大利亚(季,canonical,,,INDICATORS_V1_NAME,sn_314_import_2|sn_323_import_recycle|sn_61_import_recycle,1,12,canonical_conflict,0.55,,,manual_review,P0_manual,0
A-04403,sn_321_util|sn_321_util_2,锡：加工企业：开工率：中国（月）||锡：加工企业：开工率：中国（月）,百分比||百分比,SN,开工率|开工,锡,锡：加工企业：开工率：中国（月）,锡:加工企业:开工率:中国(月,canonical,,,INDICATORS_V1_NAME,sn_321_util|sn_321_util_2,1,2,canonical_conflict,0.55,,,manual_review,P0_manual,3
A-00133,sn_42_ratio|sn_43_ratio,LME：锡：注销占比（日）||LME：锡：注销占比（日）,百分比||百分比,SN,占比,锡,LME：锡：注销占比（日）,LME:锡:注销占比(日,mixed_script,,,INDICATORS_V1_NAME,sn_42_ratio|sn_43_ratio,1,2,canonical_conflict,0.55,,,manual_review,P0_manual,2
A-00131,sn_42_warrant|sn_42_warrant_2,LME：锡：注册仓单（日）||LME：锡：注册仓单（日）,吨||吨,SN,注册仓单|仓单,锡,LME：锡：注册仓单（日）,LME:锡:注册仓单(日,cross_report_synonym,,,INDICATORS_V1_NAME|THS_MATCHED,THS-SN-2.1|THS-SN-4.1|sn_42_warrant|sn_42_warrant_2,1,4,canonical_conflict,0.55,,,manual_review,P0_manual,7
A-00463,sn_43_inv|sn_43_inv_2,SMM: 锡锭社会库存: 上海: 周度||SMM: 锡锭社会库存: 上海: 周度,||,SN,社会库存|库存,锡锭|锡,SMM: 锡锭社会库存: 上海: 周度,SMM:锡锭社会库存:上海:周度,cross_report_synonym,,,INDICATORS_V1_NAME|THS_MATCHED,THS-NI-4.2|THS-NI-4.3|THS-NI-4.5|sn_43_inv|sn_43_inv_2,1,8,canonical_conflict,0.55,,,manual_review,P0_manual,5
A-04437,sn_61_import|sn_61_import_2|sn_61_import_3|sn_61_import_4,锡精矿：进口数量：缅甸→中国（月）||锡精矿：进口数量：缅甸→中国（月）||锡精矿：进口数量：缅甸→中国（月）||锡精矿：进口数量：缅甸→中国（月）,金属吨||金属吨||金属吨||金属吨,SN,未识别,锡精矿|锡,锡精矿：进口数量：缅甸→中国（月）,锡精矿:进口数量:缅甸→中国(月,canonical,,,INDICATORS_V1_NAME,sn_61_import|sn_61_import_3|sn_61_import_4,1,4,canonical_conflict,0.55,,,manual_review,P0_manual,0
A-02581,sn_62_export_2|sn_62_export_3|sn_62_export_4,印尼：锡锭：出口数量：全球（月）||印尼：锡锭：出口数量：全球（月）||印尼：锡锭：出口数量：全球（月）,吨||吨||吨,SN,未识别,锡锭|锡,印尼：锡锭：出口数量：全球（月）,印尼:锡锭:出口数量:全球(月,canonical,,,INDICATORS_V1_NAME,sn_62_export_2|sn_62_export_3|sn_62_export_4,1,3,canonical_conflict,0.55,,,manual_review,P0_manual,0
A-03842,sn_62_export|sn_63_export|sn_63_export_2|sn_63_export_3|sn_63_export_4|sn_63_export_5|sn_63_export_ratio|sn_63_export_ratio_2,精炼锡：出口数量：马来西亚（月）||精炼锡：出口数量：马来西亚（月）||精炼锡：出口数量：马来西亚（月）||精炼锡：出口数量：马来西亚（月）||精炼锡：出口数量：马来西亚（月）||精炼锡：出口数量：马来西亚（月）||精炼锡：出口数量：马来西亚（月）||精炼锡：出口数量：马来西亚（月）,吨||吨||吨||吨||吨||吨||吨||吨,SN,未识别,精炼锡|锡,精炼锡：出口数量：马来西亚（月）,精炼锡:出口数量:马来西亚(月,canonical,,,INDICATORS_V1_NAME,sn_63_export_2|sn_63_export_3|sn_63_export_ratio_2,1,8,canonical_conflict,0.55,,,manual_review,P0_manual,0
A-03843,sn_71_cost|sn_71_cost_2|sn_71_cost_3|sn_71_cost_percentile,精炼锡：成本（日）||精炼锡：成本（日）||精炼锡：成本（日）||精炼锡：成本（日）,元||元||元||元,SN,成本,精炼锡|锡,精炼锡：成本（日）,精炼锡:成本(日,cross_report_synonym,,,INDICATORS_V1_NAME|THS_MATCHED,THS-NI-7.1|THS-NI-7.3|sn_71_cost|sn_71_cost_3|sn_71_cost_percentile,1,6,canonical_conflict,0.55,,,manual_review,P0_manual,0
A-04435,sn_71_tc|sn_71_tc_2|sn_71_tc_3|sn_72_tc|sn_72_tc_2,锡精矿：40%Sn：加工费：云南（日）||锡精矿：40%Sn：加工费：云南（日）||锡精矿：40%Sn：加工费：云南（日）||锡精矿：40%Sn：加工费：云南（日）||锡精矿：40%Sn：加工费：云南（日）,元/吨||元/吨||元/吨||元/吨||元/吨,SN,加工费,锡精矿|锡,锡精矿：40%Sn：加工费：云南（日）,锡精矿:40%Sn:加工费:云南(日,mixed_script,,,INDICATORS_V1_NAME,sn_71_tc_2|sn_71_tc_3|sn_72_tc,1,5,canonical_conflict,0.55,,,manual_review,P0_manual,0
A-00319,zn_21_close_far|zn_21_close_front|zn_21_close_near|zn_23_close_front|zn_24_close_near,SHFE：锌：主力合约：收盘价（日）||SHFE：锌：主力合约：收盘价（日）||SHFE：锌：主力合约：收盘价（日）||SHFE：锌：主力合约：收盘价（日）||SHFE：锌：主力合约：收盘价（日）,元/吨||元/吨||元/吨||元/吨||元/吨,ZN,未识别,锌,SHFE：锌：主力合约：收盘价（日）,SHFE:锌:主力合约:收盘价(日,mixed_script,,,INDICATORS_V1_NAME,zn_21_close_far|zn_21_close_near|zn_23_close_front,1,5,canonical_conflict,0.55,,,manual_review,P0_manual,0
A-00328,zn_21_close|zn_21_close_2|zn_23_close|zn_23_close_2,SHFE：锌：指数合约：收盘价（日）||SHFE：锌：指数合约：收盘价（日）||SHFE：锌：指数合约：收盘价（日）||SHFE：锌：指数合约：收盘价（日）,元/吨||元/吨||元/吨||元/吨,ZN,未识别,锌,SHFE：锌：指数合约：收盘价（日）,SHFE:锌:指数合约:收盘价(日,mixed_script,,,INDICATORS_V1_NAME,zn_21_close|zn_21_close_2|zn_23_close,1,4,canonical_conflict,0.55,,,manual_review,P0_manual,0
A-04397,zn_21_import|zn_314_import|zn_323_import_recycle_3,锌锭：进口盈亏：含税（日）||锌锭：进口盈亏：含税（日）||锌锭：进口盈亏：含税（日）,元/吨||元/吨||元/吨,ZN,盈亏,锌锭|锌,锌锭：进口盈亏：含税（日）,锌锭:进口盈亏:含税(日,canonical,,,INDICATORS_V1_NAME,zn_21_import|zn_314_import|zn_323_import_recycle_3,1,3,canonical_conflict,0.55,,,manual_review,P0_manual,2
A-04392,zn_21_premium|zn_22_premium_2|zn_22_premium_4|zn_43_premium,锌锭：0#：Zn≥99.995%：升贴水：广东（日）||锌锭：0#：Zn≥99.995%：升贴水：广东（日）||锌锭：0#：Zn≥99.995%：升贴水：广东（日）||锌锭：0#：Zn≥99.995%：升贴水：广东（日）,元/吨||元/吨||元/吨||元/吨,ZN,升贴水|贴水,锌锭|锌,锌锭：0#：Zn≥99.995%：升贴水：广东（日）,锌锭:0#:Zn≥99.995%:升贴水:广东(日,mixed_script,,,INDICATORS_V1_NAME,zn_21_premium|zn_22_premium_2|zn_43_premium,1,4,canonical_conflict,0.55,,,manual_review,P0_manual,1
A-04393,zn_22_premium_5|zn_22_premium_6,锌锭：升贴水：广东（日）||锌锭：升贴水：广东（日）,元/吨||元/吨,ZN,升贴水|贴水,锌锭|锌,锌锭：升贴水：广东（日）,锌锭:升贴水:广东(日,canonical,,,INDICATORS_V1_NAME,zn_22_premium_5|zn_22_premium_6,1,2,canonical_conflict,0.55,,,manual_review,P0_manual,0
A-02416,zn_25_profit|zn_25_profit_2|zn_25_profit_3,云南罗平锌电：营业利润（季）||云南罗平锌电：营业利润（季）||云南罗平锌电：营业利润（季）,元||元||元,ZN,利润,锌,云南罗平锌电：营业利润（季）,云南罗平锌电:营业利润(季,canonical,,,INDICATORS_V1_NAME,zn_25_profit|zn_25_profit_2|zn_25_profit_3,1,3,canonical_conflict,0.55,,,manual_review,P0_manual,0
A-04364,zn_25_tc_conc_2|zn_315_tc|zn_315_tc_2|zn_315_tc_percentile,锌精矿：48%Zn：远期现货TC价：中国（日）||锌精矿：48%Zn：远期现货TC价：中国（日）||锌精矿：48%Zn：远期现货TC价：中国（日）||锌精矿：48%Zn：远期现货TC价：中国（日）,美元/干吨||美元/干吨||美元/干吨||美元/干吨,ZN,TC,锌精矿|锌,锌精矿：48%Zn：远期现货TC价：中国（日）,锌精矿:48%Zn:远期现货TC价:中国(日,mixed_script,,,INDICATORS_V1_NAME,zn_25_tc_conc_2|zn_315_tc|zn_315_tc_2,1,4,canonical_conflict,0.55,,,manual_review,P0_manual,0
A-00325,zn_26_openinterest|zn_26_openinterest_2|zn_26_openinterest_3|zn_26_openinterest_top20,SHFE：锌：单边交易：持仓量（日）||SHFE：锌：单边交易：持仓量（日）||SHFE：锌：单边交易：持仓量（日）||SHFE：锌：单边交易：持仓量（日）,手||手||手||手,ZN,持仓量|持仓,锌,SHFE：锌：单边交易：持仓量（日）,SHFE:锌:单边交易:持仓量(日,mixed_script,,,INDICATORS_V1_NAME,zn_26_openinterest|zn_26_openinterest_2|zn_26_openinterest_top20,1,4,canonical_conflict,0.55,,,manual_review,P0_manual,8
A-04358,zn_311_import|zn_311_import_2|zn_314_import_2,锌矿砂及其精矿：进口数量：陕西（月）||锌矿砂及其精矿：进口数量：陕西（月）||锌矿砂及其精矿：进口数量：陕西（月）,吨||吨||吨,ZN,未识别,锌矿|锌,锌矿砂及其精矿：进口数量：陕西（月）,锌矿砂及其精矿:进口数量:陕西(月,canonical,,,INDICATORS_V1_NAME,zn_311_import|zn_311_import_2|zn_314_import_2,1,3,canonical_conflict,0.55,,,manual_review,P0_manual,0
A-04367,zn_311_output_3|zn_311_output_4|zn_313_output|zn_313_output_2,锌精矿：产量：中国（月）||锌精矿：产量：中国（月）||锌精矿：产量：中国（月）||锌精矿：产量：中国（月）,万吨||万吨||万吨||万吨,ZN,产量,锌精矿|锌,锌精矿：产量：中国（月）,锌精矿:产量:中国(月,canonical,,,INDICATORS_V1_NAME,zn_311_output_4|zn_313_output|zn_313_output_2,1,4,canonical_conflict,0.55,,,manual_review,P0_manual,6
A-00559,zn_311_output_recycle|zn_312_output_recycle_4|zn_313_output_recycle,USGS：锌矿石及精炼锌：产量：美国（年）||USGS：锌矿石及精炼锌：产量：美国（年）||USGS：锌矿石及精炼锌：产量：美国（年）,千吨||千吨||千吨,ZN,产量,锌矿|锌,USGS：锌矿石及精炼锌：产量：美国（年）,USGS:锌矿石及精炼锌:产量:美国(年,mixed_script,,,INDICATORS_V1_NAME,zn_311_output_recycle|zn_312_output_recycle_4|zn_313_output_recycle,1,3,canonical_conflict,0.55,,,manual_review,P0_manual,0
A-02327,zn_312_output_4|zn_312_output_8|zn_312_output_9,中国有色金属工业年鉴：锌锭：产量：秘鲁（年）||中国有色金属工业年鉴：锌锭：产量：秘鲁（年）||中国有色金属工业年鉴：锌锭：产量：秘鲁（年）,万吨||万吨||万吨,ZN,产量,锌锭|锌,中国有色金属工业年鉴：锌锭：产量：秘鲁（年）,中国有色金属工业年鉴:锌锭:产量:秘鲁(年,canonical,,,INDICATORS_V1_NAME,zn_312_output_4|zn_312_output_8|zn_312_output_9,1,3,canonical_conflict,0.55,,,manual_review,P0_manual,2
A-03274,zn_312_output_7|zn_321_output|zn_321_output_recycle|zn_51_output|zn_52_output|zn_52_output_battery|zn_72_output|zn_72_output_2|zn_72_output_3,样本企业：原生锌：产量：中国（月）||样本企业：原生锌：产量：中国（月）||样本企业：原生锌：产量：中国（月）||样本企业：原生锌：产量：中国（月）||样本企业：原生锌：产量：中国（月）||样本企业：原生锌：产量：中国（月）||样本企业：原生锌：产量：中国（月）||样本企业：原生锌：产量：中国（月）||样本企业：原生锌：产量：中国（月）,万吨||万吨||万吨||万吨||万吨||万吨||万吨||万吨||万吨,ZN,产量,锌,样本企业：原生锌：产量：中国（月）,样本企业:原生锌:产量:中国(月,canonical,,,INDICATORS_V1_NAME,zn_312_output_7|zn_52_output|zn_72_output_2,1,9,canonical_conflict,0.55,,,manual_review,P0_manual,1
A-00542,zn_314_import_3|zn_314_import_4,USGS：精炼锌：消费进口量：美国（年）||USGS：精炼锌：消费进口量：美国（年）,千吨||千吨,ZN,进口量|消费,锌,USGS：精炼锌：消费进口量：美国（年）,USGS:精炼锌:消费进口量:美国(年,mixed_script,,,INDICATORS_V1_NAME,zn_314_import_3|zn_314_import_4,1,2,canonical_conflict,0.55,,,manual_review,P0_manual,0
A-03840,zn_314_import_5|zn_314_import_6,精炼锌：进口数量：秘鲁→中国（月）||精炼锌：进口数量：秘鲁→中国（月）,吨||吨,ZN,未识别,锌,精炼锌：进口数量：秘鲁→中国（月）,精炼锌:进口数量:秘鲁→中国(月,canonical,,,INDICATORS_V1_NAME,zn_314_import_5|zn_314_import_6,1,2,canonical_conflict,0.55,,,manual_review,P0_manual,0
A-04362,zn_321_import|zn_321_import_2|zn_62_import|zn_62_import_2|zn_62_import_3,锌粉及片状粉末：进口数量：辽宁（月）||锌粉及片状粉末：进口数量：辽宁（月）||锌粉及片状粉末：进口数量：辽宁（月）||锌粉及片状粉末：进口数量：辽宁（月）||锌粉及片状粉末：进口数量：辽宁（月）,千克||千克||千克||千克||千克,ZN,未识别,锌,锌粉及片状粉末：进口数量：辽宁（月）,锌粉及片状粉末:进口数量:辽宁(月,canonical,,,INDICATORS_V1_NAME,zn_321_import|zn_321_import_2|zn_62_import_3,1,5,canonical_conflict,0.55,,,manual_review,P0_manual,0
A-03839,zn_323_import_recycle|zn_323_import_recycle_2,精炼锌：进口数量：哈萨克斯坦→中国（月）||精炼锌：进口数量：哈萨克斯坦→中国（月）,吨||吨,ZN,未识别,锌,精炼锌：进口数量：哈萨克斯坦→中国（月）,精炼锌:进口数量:哈萨克斯坦→中国(月,canonical,,,INDICATORS_V1_NAME,zn_323_import_recycle|zn_323_import_recycle_2,1,2,canonical_conflict,0.55,,,manual_review,P0_manual,0
A-04345,zn_323_output|zn_63_output,锌合金：产量：中国（月）||锌合金：产量：中国（月）,万吨||万吨,ZN,产量,锌,锌合金：产量：中国（月）,锌合金:产量:中国(月,cross_report_synonym,,,INDICATORS_V1_NAME|THS_MATCHED,THS-ZN-3.2.3|zn_323_output|zn_63_output,1,3,canonical_conflict,0.55,,,manual_review,P0_manual,2
A-04463,zn_41_inv|zn_41_inv_2|zn_42_inv_implicit|zn_43_inv|zn_43_inv_2|zn_44_inv,镀锌板卷：库存：中国（周）||镀锌板卷：库存：中国（周）||镀锌板卷：库存：中国（周）||镀锌板卷：库存：中国（周）||镀锌板卷：库存：中国（周）||镀锌板卷：库存：中国（周）,万吨||万吨||万吨||万吨||万吨||万吨,ENTITY|ZN,库存,镀锌板卷|锌,镀锌板卷：库存：中国（周）,镀锌板卷:库存:中国(周,canonical,,,INDICATORS_V1_NAME,zn_41_inv|zn_43_inv_2|zn_44_inv,1,6,canonical_conflict,0.55,,,manual_review,P0_manual,0
A-00543,zn_51_cons|zn_51_cons_2|zn_51_cons_3,USGS：精炼锌：表观消费量：美国（年）||USGS：精炼锌：表观消费量：美国（年）||USGS：精炼锌：表观消费量：美国（年）,千吨||千吨||千吨,ZN,表观消费|消费量|消费,锌,USGS：精炼锌：表观消费量：美国（年）,USGS:精炼锌:表观消费量:美国(年,mixed_script,,,INDICATORS_V1_NAME,zn_51_cons|zn_51_cons_2|zn_51_cons_3,1,3,canonical_conflict,0.55,,,manual_review,P0_manual,1
A-04149,zn_62_export|zn_62_export_2,重点钢铁企业：产品营销：镀锌板（带）：出口量占产量累计值（月）||重点钢铁企业：产品营销：镀锌板（带）：出口量占产量累计值（月）,百分比||百分比,ENTITY|ZN,出口量|产量,钢铁企业|锌,重点钢铁企业：产品营销：镀锌板（带）：出口量占产量累计值（月）,重点钢铁企业:产品营销:镀锌板(带):出口量占产量累计值(月,canonical,,,INDICATORS_V1_NAME,zn_62_export|zn_62_export_2,1,2,canonical_conflict,0.55,,,manual_review,P0_manual,0
A-04396,zn_71_cost|zn_71_cost_2,锌锭：进口：理论成本（日）||锌锭：进口：理论成本（日）,元/吨||元/吨,ZN,成本,锌锭|锌,锌锭：进口：理论成本（日）,锌锭:进口:理论成本(日,canonical,,,INDICATORS_V1_NAME,zn_71_cost|zn_71_cost_2,1,2,canonical_conflict,0.55,,,manual_review,P0_manual,0
A-00099,,,,CU,价格,铜,LME：铜：期货价格：全球（月）,LME:铜:期货价格:全球(月,cross_report_synonym,,,RISK_DB_MATCHED|THS_MATCHED,RISK-015|THS-NI-2.3,1,2,confusable_warn,0.60,BL-022,RISK_DB,manual_review,P0_manual,1
A-00142,,,,NI,注册仓单|仓单,镍,LME：镍：注册仓单（日）,LME:镍:注册仓单(日,cross_report_synonym,,,RISK_DB_MATCHED|THS_MATCHED,RISK-025|RISK-029|RISK-030|THS-NI-2.3|THS-SN-2.3|THS-SN-4.1,1,11,confusable_warn,0.60,BL-018,RISK_DB,manual_review,P0_manual,4
A-00148,,,,CU,非仓单|库存|仓单,无,LME：非仓单库存：欧洲（日）,LME:非仓单库存:欧洲(日,cross_report_synonym,,,RISK_DB_MATCHED|THS_MATCHED,RISK-001|THS-NI-4.1|THS-NI-4.2|THS-NI-4.3,1,5,confusable_warn,0.60,BL-005,RISK_DB,manual_review,P0_manual,1
A-00154,,,,AL,场内库存|库存,无,LME主要仓库场内库存,LME主要仓库场内库存,cross_report_synonym,,,PDF_TEMPLATE|RISK_DB_SRC,RISK-001|TPL-AL-013,1,2,confusable_warn,0.60,BL-005,RISK_DB,manual_review,P0_manual,1
A-00270,,,,NI,在途库存|库存|TC,精炼镍|镍精矿|镍,Mysteel镍精矿TC、Mysteel中国精炼镍在途库存,"Mysteel镍精矿TC,Mysteel中国精炼镍在途库存",cross_report_synonym,,,RISK_DB_SRC|THS_SERIES,RISK-021|THS-NI-4.5,1,2,confusable_warn,0.60,BL-022,RISK_DB,manual_review,P0_manual,1
A-00271,,,,NI,库存|TC,镍精矿|镍,Mysteel镍精矿TC、Mysteel镍厂库存总量,"Mysteel镍精矿TC,Mysteel镍厂库存总量",cross_report_synonym,,,RISK_DB_SRC|THS_SERIES,RISK-020|THS-NI-4.4,1,2,confusable_warn,0.60,BL-022,RISK_DB,manual_review,P0_manual,1
A-00391,,,,ENTITY,销量,乘用车,SMM: 国产乘用车销量-新能源汽车: 周度,SMM:国产乘用车销量-新能源汽车:周度,mixed_script,,,RISK_DB_MATCHED,RISK-006|RISK-007,1,2,confusable_warn,0.60,BL-002,RISK_DB,manual_review,P0_manual,1
A-00395,,,,LC,产量,无,SMM: 境内其他电池产量: 月度,SMM:境内其他电池产量:月度,mixed_script,,,RISK_DB_MATCHED,RISK-003|RISK-004|RISK-008,1,3,confusable_warn,0.60,BL-003,RISK_DB,manual_review,P0_manual,1
A-02460,,,,LI,销量,磷酸铁锂|锂,其他电池(磷酸铁锂) 销量,其他电池(磷酸铁锂)销量,cross_report_synonym,,,PDF_TEMPLATE|RISK_DB_SRC,RISK-003|RISK-004|RISK-008|TPL-LC-084|TPL-LC-086|TPL-LC-099,1,6,confusable_warn,0.60,BL-003,RISK_DB,manual_review,P0_manual,1
A-02549,,,,NI,加工费,无,加工费（元/吨）,加工费,unit_variant,元/吨,,THS_SERIES,THS-NI-7.2|THS-SN-7.2|THS-SN-7.3,1,6,confusable_warn,0.60,BL-013,,manual_review,P0_manual,4
A-02564,,,,NI,升贴水|贴水,无,升贴水（美元/吨）,升贴水,unit_variant,美元/吨,,THS_SERIES,THS-NI-2.3,1,1,confusable_warn,0.60,BL-023,,manual_review,P0_manual,3
A-02658,,,,LI,厂内库存|库存,无,厂内库存（万吨）,厂内库存,unit_variant,万吨|万吨LCE,时序图,THS_SERIES,THS-LI-4.3|THS-NI-4.3|THS-SN-4.4,3,6,confusable_warn,0.60,BL-005,,manual_review,P0_manual,4
A-02661,,,,LI,库存天数|厂内库存|库存,无,厂内库存天数（天）,厂内库存天数(天,cross_report_synonym,,,RISK_DB_SRC|THS_SERIES,RISK-039|THS-LI-4.4,1,2,confusable_warn,0.60,BL-012,RISK_DB,manual_review,P0_manual,1
A-02815,,,,ZN,库存天数|厂内库存|库存,锌,国内锌厂内库存天数（天）,国内锌厂内库存天数(天,cross_report_synonym,,,RISK_DB_SRC|THS_SERIES,RISK-050|THS-ZN-4.4,1,2,confusable_warn,0.60,BL-012,RISK_DB,manual_review,P0_manual,1
A-02898,,,,SN,库存天数|在途库存|库存,无,在途库存天数（天）,在途库存天数(天,cross_report_synonym,,,RISK_DB_SRC|THS_SERIES,RISK-047|THS-SN-4.5,1,2,confusable_warn,0.60,BL-012,RISK_DB,manual_review,P0_manual,1
A-02947,,,,SI,库存天数|工厂库存|库存,多晶硅|硅,多晶硅工厂库存天数（天）,多晶硅工厂库存天数(天,cross_report_synonym,,,RISK_DB_SRC|THS_SERIES,RISK-042|THS-SI-4.4,1,2,confusable_warn,0.60,BL-012,RISK_DB,manual_review,P0_manual,1
A-03155,,,,SN,库存天数|工厂库存|库存,无,工厂库存天数（天）,工厂库存天数(天,cross_report_synonym,,,RISK_DB_SRC|THS_SERIES,RISK-045|THS-SN-4.4,1,2,confusable_warn,0.60,BL-012,RISK_DB,manual_review,P0_manual,1
A-03180,,,,LI,库存天数|库存,无,库存天数（天）,库存天数(天,cross_report_synonym,,,RISK_DB_SRC|THS_SERIES,RISK-038|RISK-048|RISK-049|THS-LI-4.3|THS-SN-5.1|THS-SN-5.3,1,6,confusable_warn,0.60,BL-012,RISK_DB,manual_review,P0_manual,1
A-03224,,,,ENTITY,产量,乘用车,新能源乘用车 产量,新能源乘用车产量,cross_report_synonym,,,PDF_TEMPLATE|RISK_DB_SRC,RISK-006|RISK-007|TPL-LC-091|TPL-LC-092,1,4,confusable_warn,0.60,BL-002,RISK_DB,manual_review,P0_manual,1
A-03652,,,,NI,库存天数|库存,电解镍|镍,电解镍厂库存天数（天）,电解镍厂库存天数(天,cross_report_synonym,,,RISK_DB_SRC|THS_SERIES,RISK-040|THS-NI-4.4,1,2,confusable_warn,0.60,BL-012,RISK_DB,manual_review,P0_manual,1
A-03739,,,,LI,需求,碳酸锂|锂,碳酸锂 三元523需求,碳酸锂三元523需求,cross_report_synonym,,,PDF_TEMPLATE|RISK_DB_SRC,RISK-002|TPL-LC-054,1,2,confusable_warn,0.60,BL-009,RISK_DB,manual_review,P0_manual,1
A-03821,,,,SN,社会库存|库存天数|库存,无,社会库存天数（天）,社会库存天数(天,cross_report_synonym,,,RISK_DB_SRC|THS_SERIES,RISK-044|THS-SN-4.3,1,2,confusable_warn,0.60,BL-012,RISK_DB,manual_review,P0_manual,1
A-04163,,,,SI,库存天数|工厂库存|库存,金属硅|硅,金属硅工厂库存天数（天）,金属硅工厂库存天数(天,cross_report_synonym,,,RISK_DB_SRC|THS_SERIES,RISK-043|THS-SI-4.4,1,2,confusable_warn,0.60,BL-012,RISK_DB,manual_review,P0_manual,1
A-04200,,,,CU,加工费,铜管|铜,铜管：H62：加工费：安徽（月）,铜管:H62:加工费:安徽(月,cross_report_synonym,,,RISK_DB_MATCHED|THS_MATCHED,RISK-022|RISK-023|THS-SI-3.1.3|THS-SI-3.1.4,1,4,confusable_warn,0.60,BL-019,RISK_DB,manual_review,P0_manual,1
A-04447,,,,SN,库存,锡锭|锡,锡锭：库存：中国（周）,锡锭:库存:中国(周,cross_report_synonym,,,RISK_DB_MATCHED|THS_MATCHED,RISK-044|THS-SN-2.1|THS-SN-4.3,1,10,confusable_warn,0.60,BL-012,RISK_DB,manual_review,P0_manual,1
A-04466,,,,ENTITY|ZN,产量,镀锌板卷|钢铁企业|锌,镀锌板卷：钢铁企业：产量：中国（周）,镀锌板卷:钢铁企业:产量:中国(周,cross_report_synonym,,,RISK_DB_MATCHED|THS_MATCHED,RISK-031|RISK-032|THS-SN-5.1,1,4,confusable_warn,0.60,BL-025,RISK_DB,manual_review,P0_manual,2
A-04626,,,,NI,库存天数|库存,高冰镍|冰镍|镍,高冰镍厂库存天数（天）,高冰镍厂库存天数(天,cross_report_synonym,,,RISK_DB_SRC|THS_SERIES,RISK-041|THS-NI-4.4,1,2,confusable_warn,0.60,BL-012,RISK_DB,manual_review,P0_manual,1
A-00165,LME库存,LME库存,吨,SN,库存,无,LME库存,LME库存,suffix_variant,,变化,INDICATORS_V1_KEY|INDICATORS_V1_NAME|PDF_TEMPLATE,LME库存|TPL-SN-030,2,3,synonym_with_confusable_neighbor,0.75,,,manual_review,P1_manual,4
A-00315,al_00_basis,SHFE：铝：基差（日）,元/吨,AL,基差,铝,SHFE：铝：基差（日）,SHFE:铝:基差(日,mixed_script,,,INDICATORS_V1_NAME,al_00_basis,1,1,synonym_with_confusable_neighbor,0.75,,,manual_review,P1_manual,3
A-00029,al_00_comex_inv,COMEX：铝：期货库存（日）,吨,AL,期货库存|库存,铝,COMEX：铝：期货库存（日）,COMEX:铝:期货库存(日,mixed_script,,,INDICATORS_V1_NAME,al_00_comex_inv,1,1,synonym_with_confusable_neighbor,0.75,,,manual_review,P1_manual,3
A-00311,al_00_openinterest_front,SHFE：铝：主力合约：单边交易：持仓量（日）,手,AL,持仓量|持仓,铝,SHFE：铝：主力合约：单边交易：持仓量（日）,SHFE:铝:主力合约:单边交易:持仓量(日,mixed_script,,,INDICATORS_V1_NAME,al_00_openinterest_front,1,1,synonym_with_confusable_neighbor,0.75,,,manual_review,P1_manual,9
A-00310,al_00_volume_front,SHFE：铝：主力合约：单边交易：成交量（日）,手,AL,成交量,铝,SHFE：铝：主力合约：单边交易：成交量（日）,SHFE:铝:主力合约:单边交易:成交量(日,mixed_script,,,INDICATORS_V1_NAME,al_00_volume_front,1,1,synonym_with_confusable_neighbor,0.75,,,manual_review,P1_manual,4
A-00407,al_22_open_spread,SMM: 沪铝期现价差: 当月合约: 开盘价: 日度,,AL,价差,铝,SMM: 沪铝期现价差: 当月合约: 开盘价: 日度,SMM:沪铝期现价差:当月合约:开盘价:日度,mixed_script,,,INDICATORS_V1_NAME,al_22_open_spread,1,1,synonym_with_confusable_neighbor,0.75,,,manual_review,P1_manual,4
A-00103,al_23_lme_volume,LME：铝：3个月合约：成交量（日）,手,AL,成交量,铝,LME：铝：3个月合约：成交量（日）,LME:铝:3个月合约:成交量(日,mixed_script,,,INDICATORS_V1_NAME,al_23_lme_volume,1,1,synonym_with_confusable_neighbor,0.75,,,manual_review,P1_manual,1
A-00108,al_24_lme_spread,LME：铝：3个月合约：结算价（日）· 月差参考锚,美元/吨,AL,结算价|月差,铝,LME：铝：3个月合约：结算价（日）· 月差参考锚,LME:铝:3个月合约:结算价(日)·月差参考锚,cross_report_synonym,,,INDICATORS_V1_NAME|THS_MATCHED,THS-NI-2.2|THS-NI-2.3|al_24_lme_spread,1,3,synonym_with_confusable_neighbor,0.75,,,manual_review,P1_manual,1
A-00107,al_25_lme_quantile,LME：铝：3个月合约：结算价（日）· 历史估值分位,%,AL,结算价,铝,LME：铝：3个月合约：结算价（日）· 历史估值分位,LME:铝:3个月合约:结算价(日)·历史估值分位,mixed_script,,,INDICATORS_V1_NAME,al_25_lme_quantile,1,1,synonym_with_confusable_neighbor,0.75,,,manual_review,P1_manual,1
A-00308,al_26_long_top20,SHFE：铝：08合约：多单持仓合计：前20期货公司（日）,手,AL,持仓,铝,SHFE：铝：08合约：多单持仓合计：前20期货公司（日）,SHFE:铝:08合约:多单持仓合计:前20期货公司(日,mixed_script,,,INDICATORS_V1_NAME,al_26_long_top20,1,1,synonym_with_confusable_neighbor,0.75,,,manual_review,P1_manual,1
A-00309,al_26_short_top20,SHFE：铝：08合约：空单持仓合计：前20期货公司（日）,手,AL,持仓,铝,SHFE：铝：08合约：空单持仓合计：前20期货公司（日）,SHFE:铝:08合约:空单持仓合计:前20期货公司(日,mixed_script,,,INDICATORS_V1_NAME,al_26_short_top20,1,1,synonym_with_confusable_neighbor,0.75,,,manual_review,P1_manual,1
A-00080,al_2_lme_inv,LME：原铝：原产国库存：巴林（月）,,AL,库存,原铝|铝,LME：原铝：原产国库存：巴林（月）,LME:原铝:原产国库存:巴林(月,mixed_script,,,INDICATORS_V1_NAME,al_2_lme_inv,1,1,synonym_with_confusable_neighbor,0.75,,,manual_review,P1_manual,3
A-00110,al_2_lme_settle,LME：铝：CASH-3M合约：结算价差（日）,,AL,结算价|价差,铝,LME：铝：CASH-3M合约：结算价差（日）,LME:铝:CASH-3M合约:结算价差(日,mixed_script,,,INDICATORS_V1_NAME,al_2_lme_settle,1,1,synonym_with_confusable_neighbor,0.75,,,manual_review,P1_manual,1
A-03308,al_2_output_alumina,氧化铝：产量：中国（周）,,AL|AO,产量,氧化铝|铝,氧化铝：产量：中国（周）,氧化铝:产量:中国(周,canonical,,,INDICATORS_V1_NAME,al_2_output_alumina,1,1,synonym_with_confusable_neighbor,0.75,,,manual_review,P1_manual,1
A-03188,al_323_inv_scrap,废铝：社会库存：中国（月）,吨,AL,社会库存|库存,废铝|铝,废铝：社会库存：中国（月）,废铝:社会库存:中国(月,canonical,,,INDICATORS_V1_NAME,al_323_inv_scrap,1,1,synonym_with_confusable_neighbor,0.75,,,manual_review,P1_manual,1
A-04227,al_3_1_2_output,铝土矿：产量：澳大利亚（季）,,AL|AO,产量,铝土矿|铝土|铝,铝土矿：产量：澳大利亚（季）,铝土矿:产量:澳大利亚(季,canonical,,,INDICATORS_V1_NAME,al_3_1_2_output,1,1,synonym_with_confusable_neighbor,0.75,,,manual_review,P1_manual,7
A-04228,al_3_1_2_output_2,铝土矿：产量：西澳大利亚州（季）,,AL|AO,产量,铝土矿|铝土|铝,铝土矿：产量：西澳大利亚州（季）,铝土矿:产量:西澳大利亚州(季,canonical,,,INDICATORS_V1_NAME,al_3_1_2_output_2,1,1,synonym_with_confusable_neighbor,0.75,,,manual_review,P1_manual,5
A-02348,al_3_import_alumina_2,中国海关: 氧化铝进口量: 月度,,AL|AO,进口量,氧化铝|铝,中国海关: 氧化铝进口量: 月度,中国海关:氧化铝进口量:月度,canonical,,,INDICATORS_V1_NAME,al_3_import_alumina_2,1,1,synonym_with_confusable_neighbor,0.75,,,manual_review,P1_manual,8
A-00111,al_3_lme_warrant,LME：铝：注册仓单（日）,,AL,注册仓单|仓单,铝,LME：铝：注册仓单（日）,LME:铝:注册仓单(日,cross_report_synonym,,,INDICATORS_V1_NAME|THS_MATCHED,THS-CU-4.4|THS-NI-2.3|al_3_lme_warrant,1,3,synonym_with_confusable_neighbor,0.75,,,manual_review,P1_manual,7
A-00113,al_41_lme_warrant_ratio,LME：铝：注销占比（日）,百分比,AL,占比,铝,LME：铝：注销占比（日）,LME:铝:注销占比(日,mixed_script,,,INDICATORS_V1_NAME,al_41_lme_warrant_ratio,1,1,synonym_with_confusable_neighbor,0.75,,,manual_review,P1_manual,2
A-03615,al_4_inv_aluminum,电解铝：现货库存：天津（日）,,AL,库存,电解铝|铝,电解铝：现货库存：天津（日）,电解铝:现货库存:天津(日,canonical,,,INDICATORS_V1_NAME,al_4_inv_aluminum,1,1,synonym_with_confusable_neighbor,0.75,,,manual_review,P1_manual,3
A-03608,al_4_inv_aluminum_2,电解铝：厂内库存：中国（日）,,AL,厂内库存|库存,电解铝|铝,电解铝：厂内库存：中国（日）,电解铝:厂内库存:中国(日,cross_report_synonym,,,INDICATORS_V1_NAME|THS_MATCHED,THS-AL-4.3|THS-NI-4.4|al_4_inv_aluminum_2,1,3,synonym_with_confusable_neighbor,0.75,,,manual_review,P1_manual,1
A-03609,al_52_cons,电解铝：消费量：中国（月）,万吨,AL,消费量|消费,电解铝|铝,电解铝：消费量：中国（月）,电解铝:消费量:中国(月,canonical,,,INDICATORS_V1_NAME,al_52_cons,1,1,synonym_with_confusable_neighbor,0.75,,,manual_review,P1_manual,2
A-02373,al_53_export,中国海关: 铝材出口量: 环比: 月度,,AL,出口量,铝材|铝,中国海关: 铝材出口量: 环比: 月度,中国海关:铝材出口量:环比:月度,canonical,,,INDICATORS_V1_NAME,al_53_export,1,1,synonym_with_confusable_neighbor,0.75,,,manual_review,P1_manual,2
A-03317,al_64_alumina_port_inv_jz,氧化铝：港口库存：锦州港（周）,吨,AL|AO,库存,氧化铝|铝,氧化铝：港口库存：锦州港（周）,氧化铝:港口库存:锦州港(周,canonical,,,INDICATORS_V1_NAME,al_64_alumina_port_inv_jz,1,1,synonym_with_confusable_neighbor,0.75,,,manual_review,P1_manual,1
A-02372,al_6_1_import_8,中国海关: 铝土矿进口量: 月度,,AL|AO,进口量,铝土矿|铝土|铝,中国海关: 铝土矿进口量: 月度,中国海关:铝土矿进口量:月度,canonical,,,INDICATORS_V1_NAME,al_6_1_import_8,1,1,synonym_with_confusable_neighbor,0.75,,,manual_review,P1_manual,8
A-04195,cu_21_import,铜：进口盈亏（日）,元/吨,CU,盈亏,铜,铜：进口盈亏（日）,铜:进口盈亏(日,cross_report_synonym,,,INDICATORS_V1_NAME|THS_MATCHED,THS-ZN-2.2|THS-ZN-2.3|THS-ZN-3.2.4|cu_21_import,1,10,synonym_with_confusable_neighbor,0.75,,,manual_review,P1_manual,2
A-00022,cu_23_comex_openinterest,COMEX：铜：主力合约：持仓量（日）,手,CU,持仓量|持仓,铜,COMEX：铜：主力合约：持仓量（日）,COMEX:铜:主力合约:持仓量(日,cross_report_synonym,,,INDICATORS_V1_NAME|RISK_DB_MATCHED|THS_MATCHED,RISK-014|THS-NI-2.3|cu_23_comex_openinterest,1,3,synonym_with_confusable_neighbor,0.75,BL-022,RISK_DB,manual_review,P1_manual,1
A-03597,cu_23_inv,电解铜：现货库存：中国（日）,,CU,库存,电解铜|铜,电解铜：现货库存：中国（日）,电解铜:现货库存:中国(日,cross_report_synonym,,,INDICATORS_V1_NAME|THS_MATCHED,THS-CU-4.3|cu_23_inv,1,2,synonym_with_confusable_neighbor,0.75,,,manual_review,P1_manual,2
A-00097,cu_23_lme_settle,LME：铜：3个月合约：结算价（日）,美元/吨,CU,结算价,铜,LME：铜：3个月合约：结算价（日）,LME:铜:3个月合约:结算价(日,mixed_script,,,INDICATORS_V1_NAME,cu_23_lme_settle,1,1,synonym_with_confusable_neighbor,0.75,,,manual_review,P1_manual,3
A-00406,cu_24_open_spread,SMM: 沪铜期现价差-当月合约: 开盘价: 日度,,CU,价差,铜,SMM: 沪铜期现价差-当月合约: 开盘价: 日度,SMM:沪铜期现价差-当月合约:开盘价:日度,mixed_script,,,INDICATORS_V1_NAME,cu_24_open_spread,1,1,synonym_with_confusable_neighbor,0.75,,,manual_review,P1_manual,4
A-00304,cu_24_openinterest_volume,SHFE：铜（BC）：年成交量（日）,万手,CU,成交量,铜,SHFE：铜（BC）：年成交量（日）,SHFE:铜(BC):年成交量(日,mixed_script,,,INDICATORS_V1_NAME,cu_24_openinterest_volume,1,1,synonym_with_confusable_neighbor,0.75,,,manual_review,P1_manual,1
A-00292,cu_26_openinterest_top20_front,SHFE：电解铜：07合约：空单持仓合计：前20期货公司（日）,手,CU,持仓,电解铜|铜,SHFE：电解铜：07合约：空单持仓合计：前20期货公司（日）,SHFE:电解铜:07合约:空单持仓合计:前20期货公司(日,mixed_script,,,INDICATORS_V1_NAME,cu_26_openinterest_top20_front,1,1,synonym_with_confusable_neighbor,0.75,,,manual_review,P1_manual,2
A-04193,cu_311_output,铜：矿山产量：澳大利亚（季）,千吨,CU,产量,铜,铜：矿山产量：澳大利亚（季）,铜:矿山产量:澳大利亚(季,canonical,,,INDICATORS_V1_NAME,cu_311_output,1,1,synonym_with_confusable_neighbor,0.75,,,manual_review,P1_manual,7
A-02325,cu_311_output_conc,中国有色金属工业年鉴：铜精矿：含铜：产量：中国（年）,吨,CU,产量,铜精矿|铜,中国有色金属工业年鉴：铜精矿：含铜：产量：中国（年）,中国有色金属工业年鉴:铜精矿:含铜:产量:中国(年,canonical,,,INDICATORS_V1_NAME,cu_311_output_conc,1,1,synonym_with_confusable_neighbor,0.75,,,manual_review,P1_manual,2
A-00546,cu_312_output,USGS：铜矿：产量：波兰（年）,千吨,CU,产量,铜,USGS：铜矿：产量：波兰（年）,USGS:铜矿:产量:波兰(年,mixed_script,,,INDICATORS_V1_NAME,cu_312_output,1,1,synonym_with_confusable_neighbor,0.75,,,manual_review,P1_manual,4
A-04203,cu_312_output_conc,铜精矿：产量：澳大利亚（季）,千吨,CU,产量,铜精矿|铜,铜精矿：产量：澳大利亚（季）,铜精矿:产量:澳大利亚(季,canonical,,,INDICATORS_V1_NAME,cu_312_output_conc,1,1,synonym_with_confusable_neighbor,0.75,,,manual_review,P1_manual,8
A-02378,cu_321_import,中国海关: 阳极铜进口量: 月度,,CU,进口量,铜,中国海关: 阳极铜进口量: 月度,中国海关:阳极铜进口量:月度,canonical,,,INDICATORS_V1_NAME,cu_321_import,1,1,synonym_with_confusable_neighbor,0.75,,,manual_review,P1_manual,9
A-02323,cu_321_output_recycle,中国有色金属工业年鉴：再生铜：产量：埃及（年）,万吨,CU,产量,铜,中国有色金属工业年鉴：再生铜：产量：埃及（年）,中国有色金属工业年鉴:再生铜:产量:埃及(年,canonical,,,INDICATORS_V1_NAME,cu_321_output_recycle,1,1,synonym_with_confusable_neighbor,0.75,,,manual_review,P1_manual,2
A-00073,cu_322_output,ICSG：电解铜：产量：全球（月）,千吨,CU,产量,电解铜|铜,ICSG：电解铜：产量：全球（月）,ICSG:电解铜:产量:全球(月,mixed_script,,,INDICATORS_V1_NAME,cu_322_output,1,1,synonym_with_confusable_neighbor,0.75,,,manual_review,P1_manual,1
A-02475,cu_323_output_recycle,再生铜杆：64家样本企业：产量：中国（月）,万吨,CU,产量,铜杆|铜,再生铜杆：64家样本企业：产量：中国（月）,再生铜杆:64家样本企业:产量:中国(月,canonical,,,INDICATORS_V1_NAME,cu_323_output_recycle,1,1,synonym_with_confusable_neighbor,0.75,,,manual_review,P1_manual,1
A-00024,cu_41_comex_inv,COMEX：铜：期货库存（日）,短吨,CU,期货库存|库存,铜,COMEX：铜：期货库存（日）,COMEX:铜:期货库存(日,mixed_script,,,INDICATORS_V1_NAME,cu_41_comex_inv,1,1,synonym_with_confusable_neighbor,0.75,,,manual_review,P1_manual,2
A-00100,cu_41_lme_inv,LME：铜：期货库存（日）,吨,CU,期货库存|库存,铜,LME：铜：期货库存（日）,LME:铜:期货库存(日,mixed_script,,,INDICATORS_V1_NAME,cu_41_lme_inv,1,1,synonym_with_confusable_neighbor,0.75,,,manual_review,P1_manual,3
A-00305,cu_41_shfe_bc_inv,SHFE：铜（BC）：期货库存（周）,吨,CU,期货库存|库存,铜,SHFE：铜（BC）：期货库存（周）,SHFE:铜(BC):期货库存(周,mixed_script,,,INDICATORS_V1_NAME,cu_41_shfe_bc_inv,1,1,synonym_with_confusable_neighbor,0.75,,,manual_review,P1_manual,1
A-00102,cu_42_warrant_cancel,LME：铜：注销仓单（日）,吨,CU,注销仓单|仓单,铜,LME：铜：注销仓单（日）,LME:铜:注销仓单(日,mixed_script,,,INDICATORS_V1_NAME,cu_42_warrant_cancel,1,1,synonym_with_confusable_neighbor,0.75,,,manual_review,P1_manual,7
A-00101,cu_42_warrant_reg,LME：铜：注册仓单（日）,吨,CU,注册仓单|仓单,铜,LME：铜：注册仓单（日）,LME:铜:注册仓单(日,mixed_script,,,INDICATORS_V1_NAME,cu_42_warrant_reg,1,1,synonym_with_confusable_neighbor,0.75,,,manual_review,P1_manual,7
A-04196,cu_43_social_stock,铜杆：社会库存：中国（日）,万吨,CU,社会库存|库存,铜杆|铜,铜杆：社会库存：中国（日）,铜杆:社会库存:中国(日,canonical,,,INDICATORS_V1_NAME,cu_43_social_stock,1,1,synonym_with_confusable_neighbor,0.75,,,manual_review,P1_manual,1
A-03599,cu_43_stock_gd,电解铜：现货库存：广东（日）,万吨,CU,库存,电解铜|铜,电解铜：现货库存：广东（日）,电解铜:现货库存:广东(日,canonical,,,INDICATORS_V1_NAME,cu_43_stock_gd,1,1,synonym_with_confusable_neighbor,0.75,,,manual_review,P1_manual,1
A-03600,cu_43_stock_js,电解铜：现货库存：江苏（日）,万吨,CU,库存,电解铜|铜,电解铜：现货库存：江苏（日）,电解铜:现货库存:江苏(日,canonical,,,INDICATORS_V1_NAME,cu_43_stock_js,1,1,synonym_with_confusable_neighbor,0.75,,,manual_review,P1_manual,1
A-03247,cu_44_capacity_util,有色冶炼企业：样本企业：电解铜：产能利用率：中国（月）,,CU,产能利用率|产能,电解铜|铜,有色冶炼企业：样本企业：电解铜：产能利用率：中国（月）,有色冶炼企业:样本企业:电解铜:产能利用率:中国(月,canonical,,,INDICATORS_V1_NAME,cu_44_capacity_util,1,1,synonym_with_confusable_neighbor,0.75,,,manual_review,P1_manual,1
A-04212,cu_44_tc_conc,铜精矿：长单TC价（年）,,CU,TC,铜精矿|铜,铜精矿：长单TC价（年）,铜精矿:长单TC价(年,cross_report_synonym,,,INDICATORS_V1_NAME|RISK_DB_MATCHED|THS_MATCHED,RISK-016|RISK-018|RISK-019|THS-NI-3.1.5|THS-NI-4.4|THS-NI-4.5|cu_44_tc_conc,1,13,synonym_with_confusable_neighbor,0.75,BL-022,RISK_DB,manual_review,P1_manual,4
A-02324,cu_45_output,中国有色金属工业年鉴：电解铜：产量：中国（年）,,CU,产量,电解铜|铜,中国有色金属工业年鉴：电解铜：产量：中国（年）,中国有色金属工业年鉴:电解铜:产量:中国(年,canonical,,,INDICATORS_V1_NAME,cu_45_output,1,1,synonym_with_confusable_neighbor,0.75,,,manual_review,P1_manual,2
A-03593,cu_51_actual_cons,电解铜：实际消费量累计值：中国（月）,万吨,CU,消费量|消费,电解铜|铜,电解铜：实际消费量累计值：中国（月）,电解铜:实际消费量累计值:中国(月,canonical,,,INDICATORS_V1_NAME,cu_51_actual_cons,1,1,synonym_with_confusable_neighbor,0.75,,,manual_review,P1_manual,1
A-03601,cu_51_apparent_cons,电解铜：表观消费量累计值：中国（月）,万吨,CU,表观消费|消费量|消费,电解铜|铜,电解铜：表观消费量累计值：中国（月）,电解铜:表观消费量累计值:中国(月,canonical,,,INDICATORS_V1_NAME,cu_51_apparent_cons,1,1,synonym_with_confusable_neighbor,0.75,,,manual_review,P1_manual,1
A-04202,cu_51_capacity_util_copper_tube,铜管企业：产能利用率：中国（月）,,CU,产能利用率|产能,铜管|铜,铜管企业：产能利用率：中国（月）,铜管企业:产能利用率:中国(月,canonical,,,INDICATORS_V1_NAME,cu_51_capacity_util_copper_tube,1,1,synonym_with_confusable_neighbor,0.75,,,manual_review,P1_manual,5
A-04198,cu_53_output_copper_rod,铜棒：产量：中国（月）,,CU,产量,铜棒|铜,铜棒：产量：中国（月）,铜棒:产量:中国(月,canonical,,,INDICATORS_V1_NAME,cu_53_output_copper_rod,1,1,synonym_with_confusable_neighbor,0.75,,,manual_review,P1_manual,7
A-03881,cu_53_output_copper_rod_2,精铜杆：产量：中国（月）,,CU,产量,铜杆|铜,精铜杆：产量：中国（月）,精铜杆:产量:中国(月,canonical,,,INDICATORS_V1_NAME,cu_53_output_copper_rod_2,1,1,synonym_with_confusable_neighbor,0.75,,,manual_review,P1_manual,3
A-04201,cu_53_output_copper_tube,铜管：产量：中国（月）,,CU,产量,铜管|铜,铜管：产量：中国（月）,铜管:产量:中国(月,canonical,,,INDICATORS_V1_NAME,cu_53_output_copper_tube,1,1,synonym_with_confusable_neighbor,0.75,,,manual_review,P1_manual,7
A-00423,cu_5_2_consumption,SMM: 电解铜供需平衡表: 终端消费量: 月度,,CU,供需平衡|消费量|消费,电解铜|铜,SMM: 电解铜供需平衡表: 终端消费量: 月度,SMM:电解铜供需平衡表:终端消费量:月度,mixed_script,,,INDICATORS_V1_NAME,cu_5_2_consumption,1,1,synonym_with_confusable_neighbor,0.75,,,manual_review,P1_manual,1
A-00458,cu_5_2_consumption_2,SMM: 铜产业链平衡: 电解铜终端消费量: 季度,,CU,消费量|消费,电解铜|铜,SMM: 铜产业链平衡: 电解铜终端消费量: 季度,SMM:铜产业链平衡:电解铜终端消费量:季度,mixed_script,,,INDICATORS_V1_NAME,cu_5_2_consumption_2,1,1,synonym_with_confusable_neighbor,0.75,,,manual_review,P1_manual,1
A-00422,cu_5_2_consumption_3,SMM: 电解铜供需平衡表-预测值: 终端消费量: 月度,,CU,供需平衡|消费量|消费,电解铜|铜,SMM: 电解铜供需平衡表-预测值: 终端消费量: 月度,SMM:电解铜供需平衡表-预测值:终端消费量:月度,mixed_script,,,INDICATORS_V1_NAME,cu_5_2_consumption_3,1,1,synonym_with_confusable_neighbor,0.75,,,manual_review,P1_manual,1
A-00426,cu_5_2_consumption_4,SMM: 电解铝平衡: 终端消费量: 月度,,AL,消费量|消费,电解铝|铝,SMM: 电解铝平衡: 终端消费量: 月度,SMM:电解铝平衡:终端消费量:月度,mixed_script,,,INDICATORS_V1_NAME,cu_5_2_consumption_4,1,1,synonym_with_confusable_neighbor,0.75,,,manual_review,P1_manual,3
A-02368,cu_6_3_export_4,中国海关: 铜材出口量: 月度,,CU,出口量,铜,中国海关: 铜材出口量: 月度,中国海关:铜材出口量:月度,canonical,,,INDICATORS_V1_NAME,cu_6_3_export_4,1,1,synonym_with_confusable_neighbor,0.75,,,manual_review,P1_manual,8
A-02366,cu_6_3_export_5,中国海关: 铜杆线出口量: 月度,,CU,出口量,铜杆|铜,中国海关: 铜杆线出口量: 月度,中国海关:铜杆线出口量:月度,canonical,,,INDICATORS_V1_NAME,cu_6_3_export_5,1,1,synonym_with_confusable_neighbor,0.75,,,manual_review,P1_manual,7
A-02369,cu_6_3_export_7,中国海关: 铜板带出口量: 月度,,CU,出口量,铜,中国海关: 铜板带出口量: 月度,中国海关:铜板带出口量:月度,canonical,,,INDICATORS_V1_NAME,cu_6_3_export_7,1,1,synonym_with_confusable_neighbor,0.75,,,manual_review,P1_manual,7
A-02341,cu_6_4_import_5,中国海关: 其他精炼铜丝进口量: 月度,,CU,进口量,铜,中国海关: 其他精炼铜丝进口量: 月度,中国海关:其他精炼铜丝进口量:月度,canonical,,,INDICATORS_V1_NAME,cu_6_4_import_5,1,1,synonym_with_confusable_neighbor,0.75,,,manual_review,P1_manual,3
A-00171,i1,LME铅库存,吨,PB,库存,铅,LME铅库存,LME铅库存,mixed_script,,,INDICATORS_V1_NAME,i1,1,1,synonym_with_confusable_neighbor,0.75,,,manual_review,P1_manual,3
A-00087,i19,LME：铅：注册仓单：新加坡（日）,吨,PB,注册仓单|仓单,铅,LME：铅：注册仓单：新加坡（日）,LME:铅:注册仓单:新加坡(日,mixed_script,,,INDICATORS_V1_NAME,i19,1,1,synonym_with_confusable_neighbor,0.75,,,manual_review,P1_manual,3
A-00088,i20,LME：铅：注销仓单：新加坡（日）,吨,PB,注销仓单|仓单,铅,LME：铅：注销仓单：新加坡（日）,LME:铅:注销仓单:新加坡(日,mixed_script,,,INDICATORS_V1_NAME,i20,1,1,synonym_with_confusable_neighbor,0.75,,,manual_review,P1_manual,5
A-00301,i28,SHFE: 铅: 库存周报: 本周库存期货: 周度,吨,PB,库存,铅,SHFE: 铅: 库存周报: 本周库存期货: 周度,SHFE:铅:库存周报:本周库存期货:周度,mixed_script,,,INDICATORS_V1_NAME,i28,1,1,synonym_with_confusable_neighbor,0.75,,,manual_review,P1_manual,1
A-00454,i32,SMM: 铅锭五地社会库存: 广东: 周度,万吨,PB,社会库存|库存,铅锭|铅,SMM: 铅锭五地社会库存: 广东: 周度,SMM:铅锭五地社会库存:广东:周度,mixed_script,,,INDICATORS_V1_NAME,i32,1,1,synonym_with_confusable_neighbor,0.75,,,manual_review,P1_manual,1
A-00455,i33,SMM: 铅锭五地社会库存: 江苏: 周度,万吨,PB,社会库存|库存,铅锭|铅,SMM: 铅锭五地社会库存: 江苏: 周度,SMM:铅锭五地社会库存:江苏:周度,mixed_script,,,INDICATORS_V1_NAME,i33,1,1,synonym_with_confusable_neighbor,0.75,,,manual_review,P1_manual,1
A-00456,i34,SMM: 铅锭五地社会库存: 浙江: 周度,万吨,PB,社会库存|库存,铅锭|铅,SMM: 铅锭五地社会库存: 浙江: 周度,SMM:铅锭五地社会库存:浙江:周度,mixed_script,,,INDICATORS_V1_NAME,i34,1,1,synonym_with_confusable_neighbor,0.75,,,manual_review,P1_manual,1
A-00453,i35,SMM: 铅锭五地社会库存: 天津: 周度,万吨,PB,社会库存|库存,铅锭|铅,SMM: 铅锭五地社会库存: 天津: 周度,SMM:铅锭五地社会库存:天津:周度,mixed_script,,,INDICATORS_V1_NAME,i35,1,1,synonym_with_confusable_neighbor,0.75,,,manual_review,P1_manual,1
A-00452,i36,SMM: 铅锭五地社会库存: 上海: 周度,万吨,PB,社会库存|库存,铅锭|铅,SMM: 铅锭五地社会库存: 上海: 周度,SMM:铅锭五地社会库存:上海:周度,mixed_script,,,INDICATORS_V1_NAME,i36,1,1,synonym_with_confusable_neighbor,0.75,,,manual_review,P1_manual,1
A-02380,i40,中国海关铅精矿进口量,吨,PB,进口量,铅精矿|铅,中国海关铅精矿进口量,中国海关铅精矿进口量,cross_report_synonym,,,INDICATORS_V1_NAME|THS_MATCHED,THS-SI-3.1.4|THS-ZN-3.1.1|i40,1,3,synonym_with_confusable_neighbor,0.75,,,manual_review,P1_manual,1
A-00169,j23_lme_0to3,LME 铅0-3月升贴水,美元/吨,PB,升贴水|贴水,铅,LME 铅0-3月升贴水,LME铅0-3月升贴水,cross_report_synonym,,,INDICATORS_V1_NAME|THS_MATCHED,THS-NI-2.2|j23_lme_0to3,1,2,synonym_with_confusable_neighbor,0.75,,,manual_review,P1_manual,1
A-00075,j311_ilm,ILZSG 全球铅矿产量: 月度,千吨,PB,产量,铅,ILZSG 全球铅矿产量: 月度,ILZSG全球铅矿产量:月度,mixed_script,,,INDICATORS_V1_NAME,j311_ilm,1,1,synonym_with_confusable_neighbor,0.75,,,manual_review,P1_manual,1
A-00064,li_21_volume,GFEX：碳酸锂：单边交易：成交量（日）,手,LI,成交量,碳酸锂|锂,GFEX：碳酸锂：单边交易：成交量（日）,GFEX:碳酸锂:单边交易:成交量(日,mixed_script,,,INDICATORS_V1_NAME,li_21_volume,1,1,synonym_with_confusable_neighbor,0.75,,,manual_review,P1_manual,2
A-00553,li_312_output,USGS：锂矿：含锂：产量：澳大利亚（年）,吨,LI,产量,锂,USGS：锂矿：含锂：产量：澳大利亚（年）,USGS:锂矿:含锂:产量:澳大利亚(年,mixed_script,,,INDICATORS_V1_NAME,li_312_output,1,1,synonym_with_confusable_neighbor,0.75,,,manual_review,P1_manual,2
A-04320,li_313_output_2,锂辉石：产量：澳大利亚（季）,千吨,LI,产量,锂辉石|锂,锂辉石：产量：澳大利亚（季）,锂辉石:产量:澳大利亚(季,canonical,,,INDICATORS_V1_NAME,li_313_output_2,1,1,synonym_with_confusable_neighbor,0.75,,,manual_review,P1_manual,7
A-00551,li_31_chile_ore_usgs,USGS：锂矿：产量：智利（年）,吨,LI,产量,锂,USGS：锂矿：产量：智利（年）,USGS:锂矿:产量:智利(年,mixed_script,,,INDICATORS_V1_NAME,li_31_chile_ore_usgs,1,1,synonym_with_confusable_neighbor,0.75,,,manual_review,P1_manual,4
A-03676,li_32_output,盐湖提锂产量,吨,LI,产量,盐湖提锂|锂,盐湖提锂产量,盐湖提锂产量,unit_variant,万吨LCE,,INDICATORS_V1_NAME|RISK_DB_MATCHED|THS_MATCHED|THS_SERIES,RISK-034|THS-LI-2.5|THS-LI-3.1.3|THS-LI-3.2.1|li_32_output,2,8,synonym_with_confusable_neighbor,0.75,BL-016,RISK_DB,manual_review,P1_manual,1
A-03574,li_35_battery_lc_output,电池级碳酸锂产量,吨,LI,产量,碳酸锂|锂,电池级碳酸锂产量,电池级碳酸锂产量,unit_variant,万吨LCE,,INDICATORS_V1_NAME|RISK_DB_MATCHED|THS_MATCHED|THS_SERIES,RISK-036|RISK-037|THS-LI-2.5|THS-LI-3.2.1|THS-ZN-5.2|li_35_battery_lc_output,2,13,synonym_with_confusable_neighbor,0.75,BL-016,RISK_DB,manual_review,P1_manual,2
A-03145,li_35_industrial_lc_output,工业级碳酸锂产量,吨,LI,产量,碳酸锂|锂,工业级碳酸锂产量,工业级碳酸锂产量,unit_variant,万吨LCE,,INDICATORS_V1_NAME|RISK_DB_MATCHED|THS_MATCHED|THS_SERIES,RISK-035|THS-LI-2.5|THS-LI-3.2.1|THS-LI-4.1|li_35_industrial_lc_output,2,7,synonym_with_confusable_neighbor,0.75,BL-016,RISK_DB,manual_review,P1_manual,1
A-03299,li_35_util,氢氧化锂开工率,%,LI,开工率|开工,氢氧化锂|锂,氢氧化锂开工率,氢氧化锂开工率,unit_variant,%,,INDICATORS_V1_NAME|THS_MATCHED|THS_SERIES,THS-LI-3.2.2|li_35_util,2,3,synonym_with_confusable_neighbor,0.75,,,manual_review,P1_manual,1
A-03769,li_44_inv,碳酸锂工厂库存天数,天,LI,库存天数|工厂库存|库存,碳酸锂|锂,碳酸锂工厂库存天数,碳酸锂工厂库存天数,cross_report_synonym,,,INDICATORS_V1_NAME|RISK_DB_MATCHED|THS_MATCHED,RISK-038|RISK-045|RISK-049|THS-SI-4.4|THS-SN-5.1|THS-SN-5.3|li_44_inv,1,23,synonym_with_confusable_neighbor,0.75,BL-012,RISK_DB,manual_review,P1_manual,9
A-00446,ni_21_lme_price,SMM: 进口盈亏: 镍: 现货: LME价格: 日度,,NI,盈亏|价格,镍,SMM: 进口盈亏: 镍: 现货: LME价格: 日度,SMM:进口盈亏:镍:现货:LME价格:日度,mixed_script,,,INDICATORS_V1_NAME,ni_21_lme_price,1,1,synonym_with_confusable_neighbor,0.75,,,manual_review,P1_manual,3
A-00138,ni_21_percentile_openinterest,LME：镍：其他报告头寸多头持仓量：投资基金（周）,手,NI,持仓量|持仓,镍,LME：镍：其他报告头寸多头持仓量：投资基金（周）,LME:镍:其他报告头寸多头持仓量:投资基金(周,mixed_script,,,INDICATORS_V1_NAME,ni_21_percentile_openinterest,1,1,synonym_with_confusable_neighbor,0.75,,,manual_review,P1_manual,2
A-00338,ni_21_volume_front,SHFE：镍：主力合约：单边交易：成交量（日）,手,NI,成交量,镍,SHFE：镍：主力合约：单边交易：成交量（日）,SHFE:镍:主力合约:单边交易:成交量(日,mixed_script,,,INDICATORS_V1_NAME,ni_21_volume_front,1,1,synonym_with_confusable_neighbor,0.75,,,manual_review,P1_manual,4
A-00135,ni_21_volume_top20,LME：镍：3个月合约：成交量（日）,手,NI,成交量,镍,LME：镍：3个月合约：成交量（日）,LME:镍:3个月合约:成交量(日,cross_report_synonym,,,INDICATORS_V1_NAME|THS_MATCHED,THS-NI-2.3|ni_21_volume_top20,1,2,synonym_with_confusable_neighbor,0.75,,,manual_review,P1_manual,1
A-00342,ni_21_warrant,SHFE: 镍: 仓单日报: 期货: 日度,,NI,仓单,镍,SHFE: 镍: 仓单日报: 期货: 日度,SHFE:镍:仓单日报:期货:日度,mixed_script,,,INDICATORS_V1_NAME,ni_21_warrant,1,1,synonym_with_confusable_neighbor,0.75,,,manual_review,P1_manual,3
A-00344,ni_22_basis,SHFE：镍：基差（日）,元/吨,NI,基差,镍,SHFE：镍：基差（日）,SHFE:镍:基差(日,cross_report_synonym,,,INDICATORS_V1_NAME|THS_MATCHED,THS-NI-2.2|THS-NI-2.4|ni_22_basis,1,5,synonym_with_confusable_neighbor,0.75,,,manual_review,P1_manual,3
A-00343,ni_26_percentile_openinterest_top2,SHFE：镍：单边交易：持仓量（日）,手,NI,持仓量|持仓,镍,SHFE：镍：单边交易：持仓量（日）,SHFE:镍:单边交易:持仓量(日,mixed_script,,,INDICATORS_V1_NAME,ni_26_percentile_openinterest_top2,1,1,synonym_with_confusable_neighbor,0.75,,,manual_review,P1_manual,7
A-00567,ni_311_output_nickel_ore_2,USGS：镍矿：含镍：产量：新喀里多尼亚（年）,吨,NI,产量,镍矿|镍,USGS：镍矿：含镍：产量：新喀里多尼亚（年）,USGS:镍矿:含镍:产量:新喀里多尼亚(年,mixed_script,,,INDICATORS_V1_NAME,ni_311_output_nickel_ore_2,1,1,synonym_with_confusable_neighbor,0.75,,,manual_review,P1_manual,1
A-03849,ni_312_output,精炼镍：二级：产量：澳大利亚（季）,千吨,NI,产量,精炼镍|镍,精炼镍：二级：产量：澳大利亚（季）,精炼镍:二级:产量:澳大利亚(季,canonical,,,INDICATORS_V1_NAME,ni_312_output,1,1,synonym_with_confusable_neighbor,0.75,,,manual_review,P1_manual,3
A-00568,ni_312_output_nickel_ore,USGS：镍矿：含镍：产量：澳大利亚（年）,吨,NI,产量,镍矿|镍,USGS：镍矿：含镍：产量：澳大利亚（年）,USGS:镍矿:含镍:产量:澳大利亚(年,mixed_script,,,INDICATORS_V1_NAME,ni_312_output_nickel_ore,1,1,synonym_with_confusable_neighbor,0.75,,,manual_review,P1_manual,2
A-02330,ni_31_output,中国有色金属工业年鉴：镍精矿：含镍：产量：新疆（年）,,NI,产量,镍精矿|镍,中国有色金属工业年鉴：镍精矿：含镍：产量：新疆（年）,中国有色金属工业年鉴:镍精矿:含镍:产量:新疆(年,canonical,,,INDICATORS_V1_NAME,ni_31_output,1,1,synonym_with_confusable_neighbor,0.75,,,manual_review,P1_manual,2
A-03852,ni_321_capacity_util,精炼镍：产能利用率：中国（月）,百分比,NI,产能利用率|产能,精炼镍|镍,精炼镍：产能利用率：中国（月）,精炼镍:产能利用率:中国(月,cross_report_synonym,,,INDICATORS_V1_NAME|THS_MATCHED,THS-NI-3.2.1|ni_321_capacity_util,1,2,synonym_with_confusable_neighbor,0.75,,,manual_review,P1_manual,4
A-00141,ni_41_lme_inv,LME：镍：期货库存：迪拜（日）,吨,NI,期货库存|库存,镍,LME：镍：期货库存：迪拜（日）,LME:镍:期货库存:迪拜(日,mixed_script,,,INDICATORS_V1_NAME,ni_41_lme_inv,1,1,synonym_with_confusable_neighbor,0.75,,,manual_review,P1_manual,1
A-00143,ni_42_lme_warrant,LME：镍：注销仓单（日）,,NI,注销仓单|仓单,镍,LME：镍：注销仓单（日）,LME:镍:注销仓单(日,cross_report_synonym,,,INDICATORS_V1_NAME|THS_MATCHED,THS-NI-4.1|THS-NI-4.2|ni_42_lme_warrant,1,5,synonym_with_confusable_neighbor,0.75,,,manual_review,P1_manual,8
A-00145,ni_42_ratio,LME：镍：注销占比：香港（日）,百分比,NI,占比,镍,LME：镍：注销占比：香港（日）,LME:镍:注销占比:香港(日,mixed_script,,,INDICATORS_V1_NAME,ni_42_ratio,1,1,synonym_with_confusable_neighbor,0.75,,,manual_review,P1_manual,2
A-03853,ni_45_output,精炼镍：产量：东北地区（月）,,NI,产量,精炼镍|镍,精炼镍：产量：东北地区（月）,精炼镍:产量:东北地区(月,canonical,,,INDICATORS_V1_NAME,ni_45_output,1,1,synonym_with_confusable_neighbor,0.75,,,manual_review,P1_manual,1
A-02351,ni_63_export_2,中国海关: 电解镍出口量: 月度,,NI,出口量,电解镍|镍,中国海关: 电解镍出口量: 月度,中国海关:电解镍出口量:月度,canonical,,,INDICATORS_V1_NAME,ni_63_export_2,1,1,synonym_with_confusable_neighbor,0.75,,,manual_review,P1_manual,9
A-03202,pb_21_aux_11,持仓量(日),手,未识别,持仓量|持仓,无,持仓量(日),持仓量(日,canonical,,,INDICATORS_V1_NAME,pb_21_aux_11,1,1,synonym_with_confusable_neighbor,0.75,,,manual_review,P1_manual,1
A-00298,pb_21_aux_4,SHFE: 铅: 六月合约: 成交量: 日度,,PB,成交量,铅,SHFE: 铅: 六月合约: 成交量: 日度,SHFE:铅:六月合约:成交量:日度,mixed_script,,,INDICATORS_V1_NAME,pb_21_aux_4,1,1,synonym_with_confusable_neighbor,0.75,,,manual_review,P1_manual,1
A-00299,pb_21_aux_5,SHFE：铅：单边交易：成交量（日）,,PB,成交量,铅,SHFE：铅：单边交易：成交量（日）,SHFE:铅:单边交易:成交量(日,mixed_script,,,INDICATORS_V1_NAME,pb_21_aux_5,1,1,synonym_with_confusable_neighbor,0.75,,,manual_review,P1_manual,5
A-00294,pb_21_aux_6,SHFE: 铅: 一月合约: 持仓量: 日度,,PB,持仓量|持仓,铅,SHFE: 铅: 一月合约: 持仓量: 日度,SHFE:铅:一月合约:持仓量:日度,mixed_script,,,INDICATORS_V1_NAME,pb_21_aux_6,1,1,synonym_with_confusable_neighbor,0.75,,,manual_review,P1_manual,1
A-00300,pb_21_aux_7,SHFE：铅：单边交易：持仓量（日）,,PB,持仓量|持仓,铅,SHFE：铅：单边交易：持仓量（日）,SHFE:铅:单边交易:持仓量(日,mixed_script,,,INDICATORS_V1_NAME,pb_21_aux_7,1,1,synonym_with_confusable_neighbor,0.75,,,manual_review,P1_manual,8
A-04185,pb_22_aux_3,铅锭：国产：1#：≥99.994%：升贴水：广东（日）,,PB,升贴水|贴水,铅锭|铅,铅锭：国产：1#：≥99.994%：升贴水：广东（日）,铅锭:国产:1#:≥99.994%:升贴水:广东(日,numeric_code,,,INDICATORS_V1_NAME,pb_22_aux_3,1,1,synonym_with_confusable_neighbor,0.75,,,manual_review,P1_manual,1
A-04184,pb_22_aux_5,铅锭：国产：1#：≥99.994%：升贴水：天津（日）,,PB,升贴水|贴水,铅锭|铅,铅锭：国产：1#：≥99.994%：升贴水：天津（日）,铅锭:国产:1#:≥99.994%:升贴水:天津(日,numeric_code,,,INDICATORS_V1_NAME,pb_22_aux_5,1,1,synonym_with_confusable_neighbor,0.75,,,manual_review,P1_manual,1
A-03432,pb_22_aux_7,注销仓单(日),吨,LI,注销仓单|仓单,无,注销仓单(日),注销仓单(日,cross_report_synonym,,,INDICATORS_V1_NAME|THS_MATCHED,THS-LI-4.1|THS-LI-4.2|pb_22_aux_7,1,3,synonym_with_confusable_neighbor,0.75,,,manual_review,P1_manual,1
A-03431,pb_22_aux_8,注册仓单(日),吨,未识别,注册仓单|仓单,无,注册仓单(日),注册仓单(日,canonical,,,INDICATORS_V1_NAME,pb_22_aux_8,1,1,synonym_with_confusable_neighbor,0.75,,,manual_review,P1_manual,1
A-00084,pb_23_aux_2,LME：铅：CASH-3M合约：结算价差（日）,,PB,结算价|价差,铅,LME：铅：CASH-3M合约：结算价差（日）,LME:铅:CASH-3M合约:结算价差(日,mixed_script,,,INDICATORS_V1_NAME,pb_23_aux_2,1,1,synonym_with_confusable_neighbor,0.75,,,manual_review,P1_manual,1
A-04188,pb_23_aux_5,铅锭：进口盈亏（日）,,PB,盈亏,铅锭|铅,铅锭：进口盈亏（日）,铅锭:进口盈亏(日,canonical,,,INDICATORS_V1_NAME,pb_23_aux_5,1,1,synonym_with_confusable_neighbor,0.75,,,manual_review,P1_manual,4
A-00404,pb_24_cash_fut,SMM: 沪铅期现价差: 当月合约: 开盘价: 日度,,PB,价差,铅,SMM: 沪铅期现价差: 当月合约: 开盘价: 日度,SMM:沪铅期现价差:当月合约:开盘价:日度,mixed_script,,,INDICATORS_V1_NAME,pb_24_cash_fut,1,1,synonym_with_confusable_neighbor,0.75,,,manual_review,P1_manual,3
A-00405,pb_24_cash_fut_2,SMM: 沪铅期现价差: 连二合约: 开盘价: 日度,,PB,价差,铅,SMM: 沪铅期现价差: 连二合约: 开盘价: 日度,SMM:沪铅期现价差:连二合约:开盘价:日度,mixed_script,,,INDICATORS_V1_NAME,pb_24_cash_fut_2,1,1,synonym_with_confusable_neighbor,0.75,,,manual_review,P1_manual,3
A-02353,pb_312_aux,中国海关: 精炼铅进口量: 俄罗斯: 月度,,PB,进口量,铅,中国海关: 精炼铅进口量: 俄罗斯: 月度,中国海关:精炼铅进口量:俄罗斯:月度,canonical,,,INDICATORS_V1_NAME,pb_312_aux,1,1,synonym_with_confusable_neighbor,0.75,,,manual_review,P1_manual,2
A-02354,pb_312_aux_5,中国海关: 精炼铅进口量: 澳大利亚: 月度,,PB,进口量,铅,中国海关: 精炼铅进口量: 澳大利亚: 月度,中国海关:精炼铅进口量:澳大利亚:月度,canonical,,,INDICATORS_V1_NAME,pb_312_aux_5,1,1,synonym_with_confusable_neighbor,0.75,,,manual_review,P1_manual,1
A-02365,pb_314_aux,中国海关: 铅锭进口量: 累计: 月度,,PB,进口量,铅锭|铅,中国海关: 铅锭进口量: 累计: 月度,中国海关:铅锭进口量:累计:月度,canonical,,,INDICATORS_V1_NAME,pb_314_aux,1,1,synonym_with_confusable_neighbor,0.75,,,manual_review,P1_manual,1
A-04608,pb_314_aux_3,韩国海关: 韩国铅精矿进口量: 总计: 月度,,PB,进口量,铅精矿|铅,韩国海关: 韩国铅精矿进口量: 总计: 月度,韩国海关:韩国铅精矿进口量:总计:月度,canonical,,,INDICATORS_V1_NAME,pb_314_aux_3,1,1,synonym_with_confusable_neighbor,0.75,,,manual_review,P1_manual,1
A-00302,pb_41_aux,SHFE：铅：期货库存（周）,,PB,期货库存|库存,铅,SHFE：铅：期货库存（周）,SHFE:铅:期货库存(周,mixed_script,,,INDICATORS_V1_NAME,pb_41_aux,1,1,synonym_with_confusable_neighbor,0.75,,,manual_review,P1_manual,2
A-03203,pb_41_aux_5,持仓量(日)_5,手,未识别,持仓量|持仓,无,持仓量(日)_5,持仓量(日)_5,canonical,,,INDICATORS_V1_NAME,pb_41_aux_5,1,1,synonym_with_confusable_neighbor,0.75,,,manual_review,P1_manual,1
A-00295,pb_41_aux_7,SHFE: 铅: 主力合约: 持仓量: 日度,,PB,持仓量|持仓,铅,SHFE: 铅: 主力合约: 持仓量: 日度,SHFE:铅:主力合约:持仓量:日度,mixed_script,,,INDICATORS_V1_NAME,pb_41_aux_7,1,1,synonym_with_confusable_neighbor,0.75,,,manual_review,P1_manual,4
A-00303,pb_42_aux,SHFE：铅：期货库存：上海（日）,,PB,期货库存|库存,铅,SHFE：铅：期货库存：上海（日）,SHFE:铅:期货库存:上海(日,mixed_script,,,INDICATORS_V1_NAME,pb_42_aux,1,1,synonym_with_confusable_neighbor,0.75,,,manual_review,P1_manual,1
A-00091,pb_45_aux,LME: 铅: 非注册仓单库存: 总计: 日度,,PB,注册仓单|库存|仓单,铅,LME: 铅: 非注册仓单库存: 总计: 日度,LME:铅:非注册仓单库存:总计:日度,mixed_script,,,INDICATORS_V1_NAME,pb_45_aux,1,1,synonym_with_confusable_neighbor,0.75,,,manual_review,P1_manual,1
A-00015,pb_52_aux,CAAM: 中国汽车销量: 月度,,未识别,销量,无,CAAM: 中国汽车销量: 月度,CAAM:中国汽车销量:月度,mixed_script,,,INDICATORS_V1_NAME,pb_52_aux,1,1,synonym_with_confusable_neighbor,0.75,,,manual_review,P1_manual,1
A-00014,pb_52_aux_2,CAAM: 中国汽车月度销量: 月度,,未识别,销量,无,CAAM: 中国汽车月度销量: 月度,CAAM:中国汽车月度销量:月度,mixed_script,,,INDICATORS_V1_NAME,pb_52_aux_2,1,1,synonym_with_confusable_neighbor,0.75,,,manual_review,P1_manual,1
A-00449,pb_62_aux,SMM: 铅精矿进口盈亏: 盈亏: 日度,,PB,盈亏,铅精矿|铅,SMM: 铅精矿进口盈亏: 盈亏: 日度,SMM:铅精矿进口盈亏:盈亏:日度,mixed_script,,,INDICATORS_V1_NAME,pb_62_aux,1,1,synonym_with_confusable_neighbor,0.75,,,manual_review,P1_manual,1
A-00444,pb_62_aux_2,SMM: 进口盈亏: 铅: 现货: 关税: 日度,,PB,盈亏,铅,SMM: 进口盈亏: 铅: 现货: 关税: 日度,SMM:进口盈亏:铅:现货:关税:日度,mixed_script,,,INDICATORS_V1_NAME,pb_62_aux_2,1,1,synonym_with_confusable_neighbor,0.75,,,manual_review,P1_manual,2
A-02360,pb_62_plate_export,中国海关: 铅板出口量: 月度,,PB,出口量,铅,中国海关: 铅板出口量: 月度,中国海关:铅板出口量:月度,canonical,,,INDICATORS_V1_NAME,pb_62_plate_export,1,1,synonym_with_confusable_neighbor,0.75,,,manual_review,P1_manual,9
A-02361,pb_62_plate_import,中国海关: 铅板进口量: 月度,,PB,进口量,铅,中国海关: 铅板进口量: 月度,中国海关:铅板进口量:月度,canonical,,,INDICATORS_V1_NAME,pb_62_plate_import,1,1,synonym_with_confusable_neighbor,0.75,,,manual_review,P1_manual,6
A-02357,pb_63_alloy_export,中国海关: 铅合金出口量: 月度,,PB,出口量,铅,中国海关: 铅合金出口量: 月度,中国海关:铅合金出口量:月度,canonical,,,INDICATORS_V1_NAME,pb_63_alloy_export,1,1,synonym_with_confusable_neighbor,0.75,,,manual_review,P1_manual,8
A-02358,pb_63_alloy_export_2,中国海关: 铅合金出口量: 累计: 月度,,PB,出口量,铅,中国海关: 铅合金出口量: 累计: 月度,中国海关:铅合金出口量:累计:月度,canonical,,,INDICATORS_V1_NAME,pb_63_alloy_export_2,1,1,synonym_with_confusable_neighbor,0.75,,,manual_review,P1_manual,1
A-02359,pb_63_alloy_import,中国海关: 铅合金进口量: 月度,,PB,进口量,铅,中国海关: 铅合金进口量: 月度,中国海关:铅合金进口量:月度,canonical,,,INDICATORS_V1_NAME,pb_63_alloy_import,1,1,synonym_with_confusable_neighbor,0.75,,,manual_review,P1_manual,6
A-02363,pb_63_battery_import,中国海关: 铅蓄电池进口量: 月度,,PB,进口量,铅,中国海关: 铅蓄电池进口量: 月度,中国海关:铅蓄电池进口量:月度,canonical,,,INDICATORS_V1_NAME,pb_63_battery_import,1,1,synonym_with_confusable_neighbor,0.75,,,manual_review,P1_manual,5
A-02343,pb_63_other_import,中国海关: 其他铅材进口量: 月度,,PB,进口量,铅,中国海关: 其他铅材进口量: 月度,中国海关:其他铅材进口量:月度,canonical,,,INDICATORS_V1_NAME,pb_63_other_import,1,1,synonym_with_confusable_neighbor,0.75,,,manual_review,P1_manual,6
A-00053,si_21_volume_industrial_si,GFEX：工业硅：主力合约：单边交易：成交量（日）,手,SI,成交量,工业硅|硅,GFEX：工业硅：主力合约：单边交易：成交量（日）,GFEX:工业硅:主力合约:单边交易:成交量(日,mixed_script,,,INDICATORS_V1_NAME,si_21_volume_industrial_si,1,1,synonym_with_confusable_neighbor,0.75,,,manual_review,P1_manual,3
A-00057,si_26_volume_industrial_si,GFEX：工业硅：单边交易：成交量（日）,手,SI,成交量,工业硅|硅,GFEX：工业硅：单边交易：成交量（日）,GFEX:工业硅:单边交易:成交量(日,mixed_script,,,INDICATORS_V1_NAME,si_26_volume_industrial_si,1,1,synonym_with_confusable_neighbor,0.75,,,manual_review,P1_manual,2
A-02909,si_312_capacity_util_2,多晶硅：产能利用率：中国（月）,百分比,SI,产能利用率|产能,多晶硅|硅,多晶硅：产能利用率：中国（月）,多晶硅:产能利用率:中国(月,canonical,,,INDICATORS_V1_NAME,si_312_capacity_util_2,1,1,synonym_with_confusable_neighbor,0.75,,,manual_review,P1_manual,2
A-02992,si_312_output_recycle,工业硅：产量：东北地区（月）,吨,SI,产量,工业硅|硅,工业硅：产量：东北地区（月）,工业硅:产量:东北地区(月,canonical,,,INDICATORS_V1_NAME,si_312_output_recycle,1,1,synonym_with_confusable_neighbor,0.75,,,manual_review,P1_manual,1
A-00049,si_42_warrant_polysilicon,GFEX：多晶硅：仓单数量（日）,手,SI,仓单,多晶硅|硅,GFEX：多晶硅：仓单数量（日）,GFEX:多晶硅:仓单数量(日,mixed_script,,,INDICATORS_V1_NAME,si_42_warrant_polysilicon,1,1,synonym_with_confusable_neighbor,0.75,,,manual_review,P1_manual,1
A-00540,si_51_cons,USGS：硅铁及金属硅：表观消费量：美国（年）,千吨,SI,表观消费|消费量|消费,金属硅|硅,USGS：硅铁及金属硅：表观消费量：美国（年）,USGS:硅铁及金属硅:表观消费量:美国(年,mixed_script,,,INDICATORS_V1_NAME,si_51_cons,1,1,synonym_with_confusable_neighbor,0.75,,,manual_review,P1_manual,1
A-00334,sn_21_basis,SHFE：锡：基差（日）,元/吨,SN,基差,锡,SHFE：锡：基差（日）,SHFE:锡:基差(日,mixed_script,,,INDICATORS_V1_NAME,sn_21_basis,1,1,synonym_with_confusable_neighbor,0.75,,,manual_review,P1_manual,3
A-00331,sn_21_shfe_openinterest_front,SHFE：锡：主力合约：单边交易：持仓量（日）,,SN,持仓量|持仓,锡,SHFE：锡：主力合约：单边交易：持仓量（日）,SHFE:锡:主力合约:单边交易:持仓量(日,mixed_script,,,INDICATORS_V1_NAME,sn_21_shfe_openinterest_front,1,1,synonym_with_confusable_neighbor,0.75,,,manual_review,P1_manual,8
A-00330,sn_21_shfe_volume_front,SHFE：锡：主力合约：单边交易：成交量（日）,,SN,成交量,锡,SHFE：锡：主力合约：单边交易：成交量（日）,SHFE:锡:主力合约:单边交易:成交量(日,mixed_script,,,INDICATORS_V1_NAME,sn_21_shfe_volume_front,1,1,synonym_with_confusable_neighbor,0.75,,,manual_review,P1_manual,4
A-00335,sn_21_volume,SHFE：锡：年成交量（日）,万手,SN,成交量,锡,SHFE：锡：年成交量（日）,SHFE:锡:年成交量(日,mixed_script,,,INDICATORS_V1_NAME,sn_21_volume,1,1,synonym_with_confusable_neighbor,0.75,,,manual_review,P1_manual,1
A-00445,sn_22_price,SMM: 进口盈亏: 锡: 现货: LME价格: 日度,,SN,盈亏|价格,锡,SMM: 进口盈亏: 锡: 现货: LME价格: 日度,SMM:进口盈亏:锡:现货:LME价格:日度,mixed_script,,,INDICATORS_V1_NAME,sn_22_price,1,1,synonym_with_confusable_neighbor,0.75,,,manual_review,P1_manual,3
A-00337,sn_23_shfe_inv,SHFE：锡：期货库存（日）,,SN,期货库存|库存,锡,SHFE：锡：期货库存（日）,SHFE:锡:期货库存(日,mixed_script,,,INDICATORS_V1_NAME,sn_23_shfe_inv,1,1,synonym_with_confusable_neighbor,0.75,,,manual_review,P1_manual,2
A-00560,sn_311_output_tin_ore,USGS：锡矿：产量：缅甸（年）,吨,SN,产量,锡矿|锡,USGS：锡矿：产量：缅甸（年）,USGS:锡矿:产量:缅甸(年,mixed_script,,,INDICATORS_V1_NAME,sn_311_output_tin_ore,1,1,synonym_with_confusable_neighbor,0.75,,,manual_review,P1_manual,4
A-04423,sn_312_output_3,锡矿：产量：澳大利亚（季）,吨,SN,产量,锡矿|锡,锡矿：产量：澳大利亚（季）,锡矿:产量:澳大利亚(季,canonical,,,INDICATORS_V1_NAME,sn_312_output_3,1,1,synonym_with_confusable_neighbor,0.75,,,manual_review,P1_manual,8
A-02329,sn_313_output,中国有色金属工业年鉴：锡精矿：含锡：产量：云南（年）,吨,SN,产量,锡精矿|锡,中国有色金属工业年鉴：锡精矿：含锡：产量：云南（年）,中国有色金属工业年鉴:锡精矿:含锡:产量:云南(年,canonical,,,INDICATORS_V1_NAME,sn_313_output,1,1,synonym_with_confusable_neighbor,0.75,,,manual_review,P1_manual,2
A-00563,sn_31_usgs_output_tin_ore,USGS：锡矿：含锡：产量：印尼（年）,,SN,产量,锡矿|锡,USGS：锡矿：含锡：产量：印尼（年）,USGS:锡矿:含锡:产量:印尼(年,mixed_script,,,INDICATORS_V1_NAME,sn_31_usgs_output_tin_ore,1,1,synonym_with_confusable_neighbor,0.75,,,manual_review,P1_manual,6
A-00562,sn_31_usgs_output_tin_ore_2,USGS：锡矿：含锡：产量：俄罗斯（年）,,SN,产量,锡矿|锡,USGS：锡矿：含锡：产量：俄罗斯（年）,USGS:锡矿:含锡:产量:俄罗斯(年,mixed_script,,,INDICATORS_V1_NAME,sn_31_usgs_output_tin_ore_2,1,1,synonym_with_confusable_neighbor,0.75,,,manual_review,P1_manual,4
A-00564,sn_323_output_recycle_2,USGS：锡矿：含锡：产量：缅甸（年）,吨,SN,产量,锡矿|锡,USGS：锡矿：含锡：产量：缅甸（年）,USGS:锡矿:含锡:产量:缅甸(年,mixed_script,,,INDICATORS_V1_NAME,sn_323_output_recycle_2,1,1,synonym_with_confusable_neighbor,0.75,,,manual_review,P1_manual,4
A-00132,sn_41_warrant,LME：锡：注销仓单（日）,吨,SN,注销仓单|仓单,锡,LME：锡：注销仓单（日）,LME:锡:注销仓单(日,mixed_script,,,INDICATORS_V1_NAME,sn_41_warrant,1,1,synonym_with_confusable_neighbor,0.75,,,manual_review,P1_manual,7
A-04401,sn_71_util,锡：冶炼厂：开工率：中国（月）,,SN,开工率|开工,锡,锡：冶炼厂：开工率：中国（月）,锡:冶炼厂:开工率:中国(月,canonical,,,INDICATORS_V1_NAME,sn_71_util,1,1,synonym_with_confusable_neighbor,0.75,,,manual_review,P1_manual,1
A-00009,wr1,A00升贴水-上海,,未识别,升贴水|贴水,无,A00升贴水-上海,A00升贴水-上海,mixed_script,,,INDICATORS_V1_NAME,wr1,1,1,synonym_with_confusable_neighbor,0.75,,,manual_review,P1_manual,1
A-04305,wr152,锂矿 外采 在途库存,吨,LI,在途库存|库存,锂,锂矿 外采 在途库存,锂矿外采在途库存,cross_report_synonym,,,INDICATORS_V1_NAME|PDF_TEMPLATE|RISK_DB_MATCHED|THS_MATCHED,RISK-047|THS-SN-4.1|THS-SN-4.4|THS-ZN-4.2|TPL-LC-027|wr152,1,13,synonym_with_confusable_neighbor,0.75,BL-012,RISK_DB,manual_review,P1_manual,1
A-00158,wr18,LME俄铝外库存,,AL,库存,铝,LME俄铝外库存,LME俄铝外库存,mixed_script,,,INDICATORS_V1_NAME,wr18,1,1,synonym_with_confusable_neighbor,0.75,,,manual_review,P1_manual,1
A-03940,wr192,美国锡净进口量,,SN,净进口量|进口量,锡,美国锡净进口量,美国锡净进口量,cross_report_synonym,,,INDICATORS_V1_NAME|THS_MATCHED,THS-LI-3.1.4|THS-SI-3.1.2|wr192,1,3,synonym_with_confusable_neighbor,0.75,,,manual_review,P1_manual,1
A-04609,wr193,韩国锡净进口量,,SN,净进口量|进口量,锡,韩国锡净进口量,韩国锡净进口量,cross_report_synonym,,,INDICATORS_V1_NAME|PDF_TEMPLATE|THS_MATCHED,THS-ZN-6.2|TPL-SN-036|wr193,1,3,synonym_with_confusable_neighbor,0.75,,,manual_review,P1_manual,1
A-02876,wr198,国内锡锭产量,,SN,产量,锡锭|锡,国内锡锭产量,国内锡锭产量,cross_report_synonym,,,INDICATORS_V1_NAME|PDF_TEMPLATE|RISK_DB_MATCHED|THS_MATCHED,RISK-033|THS-ZN-5.1|THS-ZN-5.2|THS-ZN-6.3|TPL-SN-016|wr198,1,10,synonym_with_confusable_neighbor,0.75,BL-025,RISK_DB,manual_review,P1_manual,1
A-00010,wr2,A00升贴水-佛山,,未识别,升贴水|贴水,无,A00升贴水-佛山,A00升贴水-佛山,mixed_script,,,INDICATORS_V1_NAME,wr2,1,1,synonym_with_confusable_neighbor,0.75,,,manual_review,P1_manual,1
A-00355,wr223,SMM-云南样本周度库存,,SI,库存,无,SMM-云南样本周度库存,SMM-云南样本周度库存,cross_report_synonym,,,INDICATORS_V1_NAME|PDF_TEMPLATE,TPL-SI-012|wr223,1,2,synonym_with_confusable_neighbor,0.75,,,manual_review,P1_manual,2
A-00356,wr224,SMM-四川样本周度库存,,SI,库存,无,SMM-四川样本周度库存,SMM-四川样本周度库存,cross_report_synonym,,,INDICATORS_V1_NAME|PDF_TEMPLATE,TPL-SI-013|wr224,1,2,synonym_with_confusable_neighbor,0.75,,,manual_review,P1_manual,2
A-00357,wr225,SMM-新疆样本周度库存,,未识别,库存,无,SMM-新疆样本周度库存,SMM-新疆样本周度库存,mixed_script,,,INDICATORS_V1_NAME,wr225,1,1,synonym_with_confusable_neighbor,0.75,,,manual_review,P1_manual,2
A-03690,wr235,硅片开工率,,SI,开工率|开工,硅片|硅,硅片开工率,硅片开工率,canonical,,,INDICATORS_V1_NAME,wr235,1,1,synonym_with_confusable_neighbor,0.75,,,manual_review,P1_manual,1
A-02605,wr247,印尼精炼镍产量,,NI,产量,精炼镍|镍,印尼精炼镍产量,印尼精炼镍产量,cross_report_synonym,,,INDICATORS_V1_NAME|PDF_TEMPLATE|RISK_DB_MATCHED|THS_MATCHED,RISK-026|RISK-027|RISK-028|THS-SN-3.1.2|TPL-NI-007|wr247,1,8,synonym_with_confusable_neighbor,0.75,BL-018,RISK_DB,manual_review,P1_manual,3
A-00149,wr249,LME C-3M升贴水,,CU,升贴水|贴水,无,LME C-3M升贴水,LMEC-3M升贴水,cross_report_synonym,,,INDICATORS_V1_NAME|THS_MATCHED,THS-CU-2.3|wr249,1,2,synonym_with_confusable_neighbor,0.75,,,manual_review,P1_manual,1
A-00214,wr260,LME镍库存,,NI,库存,镍,LME镍库存（手）,LME镍库存,unit_variant,LMENickelStock|LME镍库存|手,,INDICATORS_V1_NAME|PDF_TEMPLATE|THS_SERIES,THS-NI-4.2|THS-NI-5.3|THS-NI-6.4|TPL-NI-013|wr260,4,10,synonym_with_confusable_neighbor,0.75,,,manual_review,P1_manual,3
A-00217,wr261,LME镍库存分布：仓库,,NI,库存,镍,LME镍库存分布：仓库,LME镍库存分布:仓库,cross_report_synonym,,,INDICATORS_V1_NAME|PDF_TEMPLATE,TPL-NI-015|wr261,1,2,synonym_with_confusable_neighbor,0.75,,,manual_review,P1_manual,1
A-00218,wr262,LME镍库存分布：洲,,NI,库存,镍,LME镍库存分布：洲,LME镍库存分布:洲,cross_report_synonym,,,INDICATORS_V1_NAME|PDF_TEMPLATE,TPL-NI-014|wr262,1,2,synonym_with_confusable_neighbor,0.75,,,manual_review,P1_manual,1
A-02309,wr271,中国冰镍进口量,美元,NI,进口量,冰镍|镍,中国冰镍进口量,中国冰镍进口量,cross_report_synonym,,,INDICATORS_V1_NAME|PDF_TEMPLATE|THS_MATCHED,THS-AL-6.1|THS-AL-6.2|TPL-NI-020|wr271,1,4,synonym_with_confusable_neighbor,0.75,,,manual_review,P1_manual,1
A-03335,wr57,氧化铝开工率,,AL|AO,开工率|开工,氧化铝|铝,氧化铝开工率,氧化铝开工率,cross_report_synonym,,,INDICATORS_V1_NAME|THS_MATCHED,THS-SN-5.1|THS-ZN-5.2|wr57,1,3,synonym_with_confusable_neighbor,0.75,,,manual_review,P1_manual,1
A-00318,zn_21_aux,SHFE: 锌: 一月合约: 成交量: 日度,手,ZN,成交量,锌,SHFE: 锌: 一月合约: 成交量: 日度,SHFE:锌:一月合约:成交量:日度,mixed_script,,,INDICATORS_V1_NAME,zn_21_aux,1,1,synonym_with_confusable_neighbor,0.75,,,manual_review,P1_manual,1
A-00326,zn_21_basis,SHFE：锌：基差（日）,元/吨,ZN,基差,锌,SHFE：锌：基差（日）,SHFE:锌:基差(日,cross_report_synonym,,,INDICATORS_V1_NAME|THS_MATCHED,THS-ZN-2.1|THS-ZN-2.2|zn_21_basis,1,3,synonym_with_confusable_neighbor,0.75,,,manual_review,P1_manual,3
A-00117,zn_21_openinterest,LME：锌：其他报告头寸多头持仓量：投资基金（周）,手,ZN,持仓量|持仓,锌,LME：锌：其他报告头寸多头持仓量：投资基金（周）,LME:锌:其他报告头寸多头持仓量:投资基金(周,mixed_script,,,INDICATORS_V1_NAME,zn_21_openinterest,1,1,synonym_with_confusable_neighbor,0.75,,,manual_review,P1_manual,2
A-00324,zn_21_openinterest_2,SHFE: 锌: 六月合约: 持仓量: 日度,手,ZN,持仓量|持仓,锌,SHFE: 锌: 六月合约: 持仓量: 日度,SHFE:锌:六月合约:持仓量:日度,mixed_script,,,INDICATORS_V1_NAME,zn_21_openinterest_2,1,1,synonym_with_confusable_neighbor,0.75,,,manual_review,P1_manual,2
A-00321,zn_21_warrant,SHFE: 锌: 仓单日报: 期货: 日度,吨,ZN,仓单,锌,SHFE: 锌: 仓单日报: 期货: 日度,SHFE:锌:仓单日报:期货:日度,mixed_script,,,INDICATORS_V1_NAME,zn_21_warrant,1,1,synonym_with_confusable_neighbor,0.75,,,manual_review,P1_manual,1
A-00122,zn_22_lme_inv,LME：锌：特高级：原产国库存：巴林（月）,吨,ZN,库存,锌,LME：锌：特高级：原产国库存：巴林（月）,LME:锌:特高级:原产国库存:巴林(月,mixed_script,,,INDICATORS_V1_NAME,zn_22_lme_inv,1,1,synonym_with_confusable_neighbor,0.75,,,manual_review,P1_manual,1
A-04391,zn_22_premium_3,锌锭：0#：Zn≥99.995%：升贴水：天津（日）,元/吨,ZN,升贴水|贴水,锌锭|锌,锌锭：0#：Zn≥99.995%：升贴水：天津（日）,锌锭:0#:Zn≥99.995%:升贴水:天津(日,mixed_script,,,INDICATORS_V1_NAME,zn_22_premium_3,1,1,synonym_with_confusable_neighbor,0.75,,,manual_review,P1_manual,1
A-00030,zn_23_comex,COMEX：锌：期货库存（日）,吨,ZN,期货库存|库存,锌,COMEX：锌：期货库存（日）,COMEX:锌:期货库存(日,cross_report_synonym,,,INDICATORS_V1_NAME|THS_MATCHED,THS-LI-2.3|zn_23_comex,1,3,synonym_with_confusable_neighbor,0.75,,,manual_review,P1_manual,3
A-00408,zn_24_cash_fut,SMM: 沪锌期现价差: 当月合约: 开盘价: 日度,元/吨,ZN,价差,锌,SMM: 沪锌期现价差: 当月合约: 开盘价: 日度,SMM:沪锌期现价差:当月合约:开盘价:日度,mixed_script,,,INDICATORS_V1_NAME,zn_24_cash_fut,1,1,synonym_with_confusable_neighbor,0.75,,,manual_review,P1_manual,4
A-04340,zn_311_aux,锌：矿山产量：澳大利亚（季）,千吨,ZN,产量,锌,锌：矿山产量：澳大利亚（季）,锌:矿山产量:澳大利亚(季,canonical,,,INDICATORS_V1_NAME,zn_311_aux,1,1,synonym_with_confusable_neighbor,0.75,,,manual_review,P1_manual,6
A-00074,zn_311_output,ILZSG：锌矿：产量：全球（月）,千吨,ZN,产量,锌矿|锌,ILZSG：锌矿：产量：全球（月）,ILZSG:锌矿:产量:全球(月,mixed_script,,,INDICATORS_V1_NAME,zn_311_output,1,1,synonym_with_confusable_neighbor,0.75,,,manual_review,P1_manual,2
A-00555,zn_312_output,USGS：锌矿：产量：秘鲁（年）,千吨,ZN,产量,锌矿|锌,USGS：锌矿：产量：秘鲁（年）,USGS:锌矿:产量:秘鲁(年,mixed_script,,,INDICATORS_V1_NAME,zn_312_output,1,1,synonym_with_confusable_neighbor,0.75,,,manual_review,P1_manual,3
A-04368,zn_312_output_2,锌精矿：产量：澳大利亚（季）,千吨,ZN,产量,锌精矿|锌,锌精矿：产量：澳大利亚（季）,锌精矿:产量:澳大利亚(季,canonical,,,INDICATORS_V1_NAME,zn_312_output_2,1,1,synonym_with_confusable_neighbor,0.75,,,manual_review,P1_manual,7
A-00554,zn_312_output_3,USGS：锌矿：产量：印度（年）,千吨,ZN,产量,锌矿|锌,USGS：锌矿：产量：印度（年）,USGS:锌矿:产量:印度(年,mixed_script,,,INDICATORS_V1_NAME,zn_312_output_3,1,1,synonym_with_confusable_neighbor,0.75,,,manual_review,P1_manual,5
A-03838,zn_312_output_5,精炼锌：产量：澳大利亚（季）,千吨,ZN,产量,锌,精炼锌：产量：澳大利亚（季）,精炼锌:产量:澳大利亚(季,canonical,,,INDICATORS_V1_NAME,zn_312_output_5,1,1,synonym_with_confusable_neighbor,0.75,,,manual_review,P1_manual,6
A-02326,zn_312_output_6,中国有色金属工业年鉴：锌锭：产量：印度（年）,万吨,ZN,产量,锌锭|锌,中国有色金属工业年鉴：锌锭：产量：印度（年）,中国有色金属工业年鉴:锌锭:产量:印度(年,canonical,,,INDICATORS_V1_NAME,zn_312_output_6,1,1,synonym_with_confusable_neighbor,0.75,,,manual_review,P1_manual,2
A-00558,zn_312_output_recycle,USGS：锌矿：含锌：产量：秘鲁（年）,千吨,ZN,产量,锌矿|锌,USGS：锌矿：含锌：产量：秘鲁（年）,USGS:锌矿:含锌:产量:秘鲁(年,mixed_script,,,INDICATORS_V1_NAME,zn_312_output_recycle,1,1,synonym_with_confusable_neighbor,0.75,,,manual_review,P1_manual,5
A-00557,zn_312_output_recycle_2,USGS：锌矿：含锌：产量：澳大利亚（年）,千吨,ZN,产量,锌矿|锌,USGS：锌矿：含锌：产量：澳大利亚（年）,USGS:锌矿:含锌:产量:澳大利亚(年,mixed_script,,,INDICATORS_V1_NAME,zn_312_output_recycle_2,1,1,synonym_with_confusable_neighbor,0.75,,,manual_review,P1_manual,2
A-00556,zn_312_output_recycle_3,USGS：锌矿：含锌：产量：印度（年）,千吨,ZN,产量,锌矿|锌,USGS：锌矿：含锌：产量：印度（年）,USGS:锌矿:含锌:产量:印度(年,mixed_script,,,INDICATORS_V1_NAME,zn_312_output_recycle_3,1,1,synonym_with_confusable_neighbor,0.75,,,manual_review,P1_manual,5
A-04377,zn_312_port_inv,锌精矿：港口库存：中国（周）,万吨,ZN,库存,锌精矿|锌,锌精矿：港口库存：中国（周）,锌精矿:港口库存:中国(周,canonical,,,INDICATORS_V1_NAME,zn_312_port_inv,1,1,synonym_with_confusable_neighbor,0.75,,,manual_review,P1_manual,3
A-04380,zn_312_port_inv_2,锌精矿：港口库存：锦州港（周）,万吨,ZN,库存,锌精矿|锌,锌精矿：港口库存：锦州港（周）,锌精矿:港口库存:锦州港(周,canonical,,,INDICATORS_V1_NAME,zn_312_port_inv_2,1,1,synonym_with_confusable_neighbor,0.75,,,manual_review,P1_manual,1
A-03836,zn_314_output_2,精炼锌：产量：中国（周）,万吨,ZN,产量,锌,精炼锌：产量：中国（周）,精炼锌:产量:中国(周,canonical,,,INDICATORS_V1_NAME,zn_314_output_2,1,1,synonym_with_confusable_neighbor,0.75,,,manual_review,P1_manual,1
A-03273,zn_321_capacity_util,样本企业：原生锌：产能利用率：中国（月）,百分比,ZN,产能利用率|产能,锌,样本企业：原生锌：产能利用率：中国（月）,样本企业:原生锌:产能利用率:中国(月,canonical,,,INDICATORS_V1_NAME,zn_321_capacity_util,1,1,synonym_with_confusable_neighbor,0.75,,,manual_review,P1_manual,1
A-02482,zn_323_output_recycle,再生锌：产量：中国（月）,万吨,ZN,产量,锌,再生锌：产量：中国（月）,再生锌:产量:中国(月,canonical,,,INDICATORS_V1_NAME,zn_323_output_recycle,1,1,synonym_with_confusable_neighbor,0.75,,,manual_review,P1_manual,2
A-03275,zn_323_recycle_capacity_util,样本企业：精炼锌：产能利用率：中国（月）,百分比,ZN,产能利用率|产能,锌,样本企业：精炼锌：产能利用率：中国（月）,样本企业:精炼锌:产能利用率:中国(月,canonical,,,INDICATORS_V1_NAME,zn_323_recycle_capacity_util,1,1,synonym_with_confusable_neighbor,0.75,,,manual_review,P1_manual,3
A-00327,zn_41_aux,SHFE: 锌: 库存周报: 本周库存期货: 周度,吨,ZN,库存,锌,SHFE: 锌: 库存周报: 本周库存期货: 周度,SHFE:锌:库存周报:本周库存期货:周度,mixed_script,,,INDICATORS_V1_NAME,zn_41_aux,1,1,synonym_with_confusable_neighbor,0.75,,,manual_review,P1_manual,1
A-00121,zn_41_lme_warrant,LME：锌：注销仓单（日）,吨,ZN,注销仓单|仓单,锌,LME：锌：注销仓单（日）,LME:锌:注销仓单(日,cross_report_synonym,,,INDICATORS_V1_NAME|THS_MATCHED,THS-ZN-4.1|THS-ZN-4.2|zn_41_lme_warrant,1,3,synonym_with_confusable_neighbor,0.75,,,manual_review,P1_manual,8
A-00323,zn_42_warrant,SHFE: 锌: 仓单日报分地区_上海: 期货: 日度,吨,ZN,仓单,锌,SHFE: 锌: 仓单日报分地区_上海: 期货: 日度,SHFE:锌:仓单日报分地区_上海:期货:日度,mixed_script,,,INDICATORS_V1_NAME,zn_42_warrant,1,1,synonym_with_confusable_neighbor,0.75,,,manual_review,P1_manual,1
A-00322,zn_42_warrant_cancel,SHFE: 锌: 仓单日报: 期货增减: 日度,吨,ZN,仓单,锌,SHFE: 锌: 仓单日报: 期货增减: 日度,SHFE:锌:仓单日报:期货增减:日度,mixed_script,,,INDICATORS_V1_NAME,zn_42_warrant_cancel,1,1,synonym_with_confusable_neighbor,0.75,,,manual_review,P1_manual,1
A-03343,zn_52_util_2,氧化锌企业：开工率：中国（月）,百分比,ZN,开工率|开工,锌,氧化锌企业：开工率：中国（月）,氧化锌企业:开工率:中国(月,canonical,,,INDICATORS_V1_NAME,zn_52_util_2,1,1,synonym_with_confusable_neighbor,0.75,,,manual_review,P1_manual,3
A-02374,zn_53_alloy_export,中国海关: 锌合金出口量: 月度,吨,ZN,出口量,锌,中国海关: 锌合金出口量: 月度,中国海关:锌合金出口量:月度,canonical,,,INDICATORS_V1_NAME,zn_53_alloy_export,1,1,synonym_with_confusable_neighbor,0.75,,,manual_review,P1_manual,7
A-02355,zn_53_export,中国海关: 精炼锌出口量: 月度,吨,ZN,出口量,锌,中国海关: 精炼锌出口量: 月度,中国海关:精炼锌出口量:月度,canonical,,,INDICATORS_V1_NAME,zn_53_export,1,1,synonym_with_confusable_neighbor,0.75,,,manual_review,P1_manual,6
A-00462,zn_61_conc_imp_pnl,SMM: 锌精矿日度进口盈亏: 锌精矿进口盈亏: 日度,元/吨,ZN,盈亏,锌精矿|锌,SMM: 锌精矿日度进口盈亏: 锌精矿进口盈亏: 日度,SMM:锌精矿日度进口盈亏:锌精矿进口盈亏:日度,mixed_script,,,INDICATORS_V1_NAME,zn_61_conc_imp_pnl,1,1,synonym_with_confusable_neighbor,0.75,,,manual_review,P1_manual,1
A-02375,zn_61_conc_import,中国海关: 锌精矿进口量: 月度,吨,ZN,进口量,锌精矿|锌,中国海关: 锌精矿进口量: 月度,中国海关:锌精矿进口量:月度,canonical,,,INDICATORS_V1_NAME,zn_61_conc_import,1,1,synonym_with_confusable_neighbor,0.75,,,manual_review,P1_manual,11
A-02356,zn_62_import_4,中国海关: 精炼锌进口量: 月度,吨,ZN,进口量,锌,中国海关: 精炼锌进口量: 月度,中国海关:精炼锌进口量:月度,canonical,,,INDICATORS_V1_NAME,zn_62_import_4,1,1,synonym_with_confusable_neighbor,0.75,,,manual_review,P1_manual,11
A-02376,zn_63_coated_export,中国海关: 镀锌板出口量: 月度,吨,ZN,出口量,锌,中国海关: 镀锌板出口量: 月度,中国海关:镀锌板出口量:月度,canonical,,,INDICATORS_V1_NAME,zn_63_coated_export,1,1,synonym_with_confusable_neighbor,0.75,,,manual_review,P1_manual,6
A-02349,zn_63_zno_trade,中国海关: 氧化锌出口量: 月度,吨,ZN,出口量,锌,中国海关: 氧化锌出口量: 月度,中国海关:氧化锌出口量:月度,canonical,,,INDICATORS_V1_NAME,zn_63_zno_trade,1,1,synonym_with_confusable_neighbor,0.75,,,manual_review,P1_manual,6
A-00124,zn_64_lme_reg,LME: 锌仓库注册仓单: 合计: 日度,吨,ZN,注册仓单|仓单,锌,LME: 锌仓库注册仓单: 合计: 日度,LME:锌仓库注册仓单:合计:日度,mixed_script,,,INDICATORS_V1_NAME,zn_64_lme_reg,1,1,synonym_with_confusable_neighbor,0.75,,,manual_review,P1_manual,1
A-03194,开工率,开工率,%,未识别,开工率|开工,无,开工率,开工率,cross_report_synonym,,,INDICATORS_V1_KEY|INDICATORS_V1_NAME,开工率,1,2,synonym_with_confusable_neighbor,0.75,BL-010,,manual_review,P1_manual,4
A-03818,社库,社会库存,万吨,LI,社会库存|库存,无,社会库存,社会库存,cross_report_synonym,,,INDICATORS_V1_NAME|THS_MATCHED,THS-LI-4.3|社库,1,2,synonym_with_confusable_neighbor,0.75,BL-005|BL-007,,manual_review,P1_manual,6
A-00001,,,,NI,未识别,无,"1,4-丁二醇：检修减损量：中国（年）","1,4-丁二醇:检修减损量:中国(年",full_name,,,THS_MATCHED,THS-NI-4.1|THS-NI-4.2,1,2,unregistered,0.30,,,register_pending,P2_auto,0
A-00002,,,,CU,未识别,无,100美元兑人民币：中行折算价（日）,100美元兑人民币:中行折算价(日,numeric_code,,,THS_MATCHED,THS-CU-2.3,1,1,unregistered,0.30,,,register_pending,P2_auto,0
A-00006,,,,AL,升贴水|贴水,无,A00升贴水（上海）,A00升贴水(上海,mixed_script,,,PDF_TEMPLATE,TPL-AL-001,1,1,unregistered,0.30,,,register_pending,P2_auto,0
A-00007,,,,AL,升贴水|贴水,无,A00升贴水（佛山）,A00升贴水(佛山,mixed_script,,,PDF_TEMPLATE,TPL-AL-003,1,1,unregistered,0.30,,,register_pending,P2_auto,0
A-00008,,,,AL,升贴水|贴水,无,A00升贴水（巩义）,A00升贴水(巩义,mixed_script,,,PDF_TEMPLATE,TPL-AL-002,1,1,unregistered,0.30,,,register_pending,P2_auto,0
A-00011,,,,AL,未识别,无,A00现货价,A00现货价,mixed_script,,,THS_SERIES,THS-AL-3.3,1,1,unregistered,0.30,,,register_pending,P2_auto,0
A-00012,,,,AL,均价,铝,A00铝现货均价,A00铝现货均价,mixed_script,,,THS_SERIES,THS-AL-3.1,1,1,unregistered,0.30,,,register_pending,P2_auto,0
A-00017,,,,LI,持仓|占比,无,CME：木材：期货：所有多头净持仓占比集中度：前4家及以下交易者（周）,CME:木材:期货:所有多头净持仓占比集中度:前4家及以下交易者(周,mixed_script,,,THS_MATCHED,THS-LI-2.6|THS-SN-2.1|THS-ZN-2.6,1,6,unregistered,0.30,,,register_pending,P2_auto,0
A-00018,,,,CU,未识别,无,COME,COME,latin_abbr,,,THS_SERIES,THS-CU-2.3,1,1,unregistered,0.30,,,register_pending,P2_auto,0
A-00025,,,,CU,未识别,铜,COMEX：铜：远期12合约：开盘价（日）,COMEX:铜:远期12合约:开盘价(日,mixed_script,,,THS_MATCHED,THS-CU-2.3,1,1,unregistered,0.30,,,register_pending,P2_auto,0
A-00026,,,,AL,持仓,铝,COMEX：铝：报告头寸多头总持仓数量周环比增减（周）,COMEX:铝:报告头寸多头总持仓数量周环比增减(周,mixed_script,,,THS_MATCHED,THS-CU-2.3,1,1,unregistered,0.30,,,register_pending,P2_auto,0
A-00031,,,,CU,未识别,无,COMEX Copper活跃合约,COMEXCopper活跃合约,mixed_script,,,THS_SERIES,THS-CU-2.3,1,1,unregistered,0.30,,,register_pending,P2_auto,0
A-00032,,,,LI,仓单,无,COMEX仓单（手）,COMEX仓单,unit_variant,手,,THS_SERIES,THS-LI-2.3,1,1,unregistered,0.30,,,register_pending,P2_auto,0
A-00033,,,,SI,持仓量|持仓,工业硅|硅,COMEX工业硅持仓量（手）,COMEX工业硅持仓量,unit_variant,手,,THS_SERIES,THS-SI-2.3,1,1,unregistered,0.30,,,register_pending,P2_auto,0
A-00034,,,,SI,未识别,工业硅|硅,COMEX工业硅收盘价（美元/磅）,COMEX工业硅收盘价,unit_variant,美元/磅,,THS_SERIES,THS-SI-2.3,1,1,unregistered,0.30,,,register_pending,P2_auto,0
A-00035,,,,SI,升贴水|贴水,工业硅|硅,COMEX工业硅现货升贴水（美元/磅）,COMEX工业硅现货升贴水,unit_variant,美元/磅,,THS_SERIES,THS-SI-2.3,1,1,unregistered,0.30,,,register_pending,P2_auto,0
A-00036,,,,CU,溢价,无,COMEX活跃价折算美元/吨相对LME 3M溢价,COMEX活跃价折算美元/吨相对LME3M溢价,mixed_script,,,THS_SERIES,THS-CU-2.3,1,1,unregistered,0.30,,,register_pending,P2_auto,0
A-00037,,,,LI,未识别,锂,COMEX锂价（美元/吨）,COMEX锂价,unit_variant,美元/吨,,THS_SERIES,THS-LI-2.3,1,1,unregistered,0.30,,,register_pending,P2_auto,0
A-00038,,,,ZN,未识别,锌,COMEX锌收盘价（美元/吨）,COMEX锌收盘价,unit_variant,美元/吨,,THS_SERIES,THS-ZN-2.3,1,1,unregistered,0.30,,,register_pending,P2_auto,0
A-00039,,,,SN,未识别,锡,COMEX锡期货收盘价（美元/吨）,COMEX锡期货收盘价,unit_variant,美元/吨,,THS_SERIES,THS-SN-2.3,1,1,unregistered,0.30,,,register_pending,P2_auto,0
A-00040,,,,NI,持仓量|持仓,镍,COMEX镍持仓量（手）,COMEX镍持仓量,unit_variant,手,,RISK_DB_SRC|THS_SERIES,RISK-014|THS-NI-2.3,1,2,unregistered,0.30,,,register_pending,P2_auto,0
A-00041,,,,NI,未识别,镍,COMEX镍期货收盘价（美元/磅）,COMEX镍期货收盘价,unit_variant,美元/磅,,THS_SERIES,THS-NI-2.3,1,1,unregistered,0.30,,,register_pending,P2_auto,0
A-00042,,,,NI,仓单,无,CZCE：白糖：仓单数量：广东北部湾库（日）,CZCE:白糖:仓单数量:广东北部湾库(日,mixed_script,,,THS_MATCHED,THS-NI-4.1|THS-NI-4.2,1,2,unregistered,0.30,,,register_pending,P2_auto,0
A-00043,,,,NI,仓单,无,CZCE：白糖：仓单数量：浙江甘泽库（日）,CZCE:白糖:仓单数量:浙江甘泽库(日,mixed_script,,,THS_MATCHED,THS-NI-4.1|THS-NI-4.2,1,2,unregistered,0.30,,,register_pending,P2_auto,0
A-00044,,,,NI,仓单,无,CZCE：苹果：仓单数量（日）,CZCE:苹果:仓单数量(日,mixed_script,,,THS_MATCHED,THS-NI-2.1|THS-NI-2.2,1,2,unregistered,0.30,,,register_pending,P2_auto,0
A-00045,,,,CU,未识别,无,Cancelled warrants,Cancelledwarrants,latin_abbr,,,THS_SERIES,THS-CU-4.4,1,1,unregistered,0.30,,,register_pending,P2_auto,0
A-00046,,,,SI,产量,DMC,DMC周度产量,DMC周度产量,mixed_script,,,PDF_TEMPLATE,TPL-SI-027,1,1,unregistered,0.30,,,register_pending,P2_auto,0
A-00047,,,,NI,未识别,无,Electrolytic nickel production,Electrolyticnickelproduction,latin_abbr,,,THS_SERIES,THS-NI-3.2,1,1,unregistered,0.30,,,register_pending,P2_auto,0
A-00050,,,,SI,未识别,工业硅|硅,GFEX：工业硅：09合约：持卖单量合计：前20期货公司（日）,GFEX:工业硅:09合约:持卖单量合计:前20期货公司(日,mixed_script,,,THS_MATCHED,THS-SI-2.6,1,3,unregistered,0.30,,,register_pending,P2_auto,0
A-00051,,,,SI,未识别,工业硅|硅,GFEX：工业硅：10合约：持买单量合计：前20期货公司（日）,GFEX:工业硅:10合约:持买单量合计:前20期货公司(日,mixed_script,,,THS_MATCHED,THS-SI-2.6,1,1,unregistered,0.30,,,register_pending,P2_auto,0
A-00052,,,,SI,未识别,工业硅|硅,GFEX：工业硅：10合约：收盘价（日）,GFEX:工业硅:10合约:收盘价(日,mixed_script,,,THS_MATCHED,THS-SI-2.1|THS-SI-2.4|THS-SI-2.6,1,11,unregistered,0.30,,,register_pending,P2_auto,0
A-00063,,,,LI,仓单,碳酸锂|锂,GFEX：碳酸锂：仓单数量：建发上海库（日）,GFEX:碳酸锂:仓单数量:建发上海库(日,mixed_script,,,THS_MATCHED,THS-NI-4.1|THS-NI-4.2,1,2,unregistered,0.30,,,register_pending,P2_auto,0
A-00071,,,,CU,加工费,铜箔|铜,HTE铜箔：35μm：加工费：中国（日）,HTE铜箔:35μm:加工费:中国(日,mixed_script,,,THS_MATCHED,THS-SN-3.1.3|THS-SN-3.1.5,1,4,unregistered,0.30,,,register_pending,P2_auto,0
A-00077,,,,NI,未识别,无,LME,LME,latin_abbr,,,PDF_TEMPLATE,TPL-NI-003,1,1,unregistered,0.30,,,register_pending,P2_auto,0
A-00078,,,,CU,未识别,无,LME-approved warehouses,LME-approvedwarehouses,latin_abbr,,,THS_SERIES,THS-CU-4.4,1,1,unregistered,0.30,,,register_pending,P2_auto,0
A-00082,,,,NI,未识别,电解镍|镍,LME：电解镍：调期费：3个月合约（日）,LME:电解镍:调期费:3个月合约(日,mixed_script,,,THS_MATCHED,THS-NI-2.2,1,1,unregistered,0.30,,,register_pending,P2_auto,0
A-00083,,,,CU,结算价|价差,无,LME：钴：CASH-3M合约：结算价差（日）,LME:钴:CASH-3M合约:结算价差(日,mixed_script,,,THS_MATCHED,THS-CU-2.3,1,1,unregistered,0.30,,,register_pending,P2_auto,0
A-00098,,,,CU,库存,铜,LME：铜：上期库存（日）,LME:铜:上期库存(日,mixed_script,,,THS_MATCHED,THS-CU-4.1,1,1,unregistered,0.30,,,register_pending,P2_auto,0
A-00109,,,,AL,均价,铝,LME：铝：A级：现货均价：美国（月）,LME:铝:A级:现货均价:美国(月,mixed_script,,,THS_MATCHED,THS-AL-3.1,1,1,unregistered,0.30,,,register_pending,P2_auto,0
A-00120,,,,ZN,注册仓单|仓单,锌,LME：锌：注册仓单（日）,LME:锌:注册仓单(日,mixed_script,,,THS_MATCHED,THS-ZN-3.2.4|THS-ZN-4.2|THS-ZN-4.4,1,9,unregistered,0.30,,,register_pending,P2_auto,0
A-00130,,,,SN,持仓量|持仓,锡,LME：锡：持仓量（日）,LME:锡:持仓量(日,mixed_script,,,THS_MATCHED,THS-SN-2.4|THS-SN-2.5,1,3,unregistered,0.30,,,register_pending,P2_auto,0
A-00136,,,,NI,持仓量|持仓,镍,LME：镍：3个月合约：持仓量（日）,LME:镍:3个月合约:持仓量(日,mixed_script,,,THS_MATCHED,THS-NI-2.3,1,1,unregistered,0.30,,,register_pending,P2_auto,0
A-00137,,,,NI,未识别,镍,LME：镍：3个月合约：最低价（日）,LME:镍:3个月合约:最低价(日,mixed_script,,,THS_MATCHED,THS-CU-4.1,1,1,unregistered,0.30,,,register_pending,P2_auto,0
A-00140,,,,NI,期货库存|库存,镍,LME：镍：期货库存（日）,LME:镍:期货库存(日,mixed_script,,,THS_MATCHED,THS-ZN-2.3|THS-ZN-2.6|THS-ZN-3.2.4,1,10,unregistered,0.30,,,register_pending,P2_auto,0
A-00144,,,,NI,占比,镍,LME：镍：注销占比（日）,LME:镍:注销占比(日,mixed_script,,,THS_MATCHED,THS-NI-4.2,1,1,unregistered,0.30,,,register_pending,P2_auto,0
A-00146,,,,NI,非仓单|库存|仓单,镍,LME：镍：非仓单库存：欧洲（日）,LME:镍:非仓单库存:欧洲(日,mixed_script,,,THS_MATCHED,THS-NI-4.2,1,3,unregistered,0.30,,,register_pending,P2_auto,0
A-00147,,,,NI,非仓单|库存|仓单,镍,LME：镍：非仓单库存：欧洲（月）,LME:镍:非仓单库存:欧洲(月,mixed_script,,,THS_MATCHED,THS-NI-2.3|THS-NI-2.4,1,3,unregistered,0.30,,,register_pending,P2_auto,0
A-00150,,,,NI,未识别,无,LME Cash-3M spread,LMECash-3Mspread,latin_abbr,,,THS_SERIES,THS-NI-2.2|THS-NI-2.3,1,2,unregistered,0.30,,,register_pending,P2_auto,0
A-00151,,,,CU,未识别,无,LME Copper Cash/3M,LMECopperCash/3M,latin_abbr,,,THS_SERIES,THS-CU-2.3,1,1,unregistered,0.30,,,register_pending,P2_auto,0
A-00152,,,,NI,未识别,无,LME Nickel Stock,LMENickelStock,unit_variant,吨,,THS_SERIES,THS-NI-4.1|THS-NI-4.2|THS-NI-4.3,2,3,unregistered,0.30,,,register_pending,P2_auto,0
A-00153,,,,NI,未识别,无,LME warranted stocks,LMEwarrantedstocks,latin_abbr,,,THS_SERIES,THS-NI-2.3,1,1,unregistered,0.30,,,register_pending,P2_auto,0
A-00156,,,,LI,仓单,无,LME仓单（手）,LME仓单,unit_variant,手,,THS_SERIES,THS-LI-2.3,1,1,unregistered,0.30,,,register_pending,P2_auto,0
A-00160,,,,SI,未识别,工业硅|硅,LME工业硅3个月期货收盘价（美元/吨）,LME工业硅3个月期货收盘价,unit_variant,美元/吨,,THS_SERIES,THS-SI-2.3,1,1,unregistered,0.30,,,register_pending,P2_auto,0
A-00161,,,,SI,持仓量|持仓,工业硅|硅,LME工业硅持仓量（手）,LME工业硅持仓量,unit_variant,手,,THS_SERIES,THS-SI-2.3,1,1,unregistered,0.30,,,register_pending,P2_auto,0
A-00162,,,,SI,未识别,工业硅|硅,LME工业硅收盘价（美元/吨）,LME工业硅收盘价,unit_variant,美元/吨,,THS_SERIES,THS-SI-2.3|THS-SI-3.1.4,1,2,unregistered,0.30,,,register_pending,P2_auto,0
A-00163,,,,SI,升贴水|贴水,工业硅|硅,LME工业硅现货升贴水（美元/吨）,LME工业硅现货升贴水,unit_variant,美元/吨,,THS_SERIES,THS-SI-2.3,1,1,unregistered,0.30,,,register_pending,P2_auto,0
A-00164,,,,SI,价格,工业硅|硅,LME工业硅现金价格（美元/吨）,LME工业硅现金价格,unit_variant,美元/吨,,THS_SERIES,THS-SI-2.3,1,1,unregistered,0.30,,,register_pending,P2_auto,0
A-00175,,,,CU,库存,铜,LME铜库存、上期所铜库存、COMEX铜库存,"LME铜库存,上期所铜库存,COMEX铜库存",mixed_script,,,THS_SERIES,THS-CU-4.1,1,1,unregistered,0.30,,,register_pending,P2_auto,0
A-00176,,,,AL,未识别,铝,LME铝,LME铝,mixed_script,,,PDF_TEMPLATE,TPL-AL-007,1,1,unregistered,0.30,,,register_pending,P2_auto,0
A-00177,,,,AL,库存,铝,LME铝总库存,LME铝总库存,mixed_script,,,THS_SERIES,THS-AL-4.1,1,1,unregistered,0.30,,,register_pending,P2_auto,0
A-00179,,,,LI,未识别,锂,LME锂价（美元/吨）,LME锂价,unit_variant,美元/吨,,THS_SERIES,THS-LI-2.3,1,1,unregistered,0.30,,,register_pending,P2_auto,0
A-00180,,,,ZN,仓单,锌,LME锌仓单注册量（手）,LME锌仓单注册量,unit_variant,手,,THS_SERIES,THS-ZN-2.3,1,1,unregistered,0.30,,,register_pending,P2_auto,0
A-00181,,,,ZN,库存,锌,LME锌库存（手）,LME锌库存,unit_variant,手,,THS_SERIES,THS-ZN-2.3|THS-ZN-2.6|THS-ZN-3.2.4,1,10,unregistered,0.30,,,register_pending,P2_auto,0
A-00182,,,,ZN,未识别,锌,LME锌收盘价（美元/吨）,LME锌收盘价,unit_variant,美元/吨,,THS_SERIES,THS-ZN-2.3|THS-ZN-5.3,1,2,unregistered,0.30,,,register_pending,P2_auto,0
A-00183,,,,ZN,注销仓单|仓单,锌,LME锌注销仓单（手）,LME锌注销仓单,unit_variant,手,,THS_SERIES,THS-ZN-4.1|THS-ZN-4.2|THS-ZN-5.3,1,3,unregistered,0.30,,,register_pending,P2_auto,0
A-00184,,,,ZN,升贴水|贴水,锌,LME锌现货升贴水（美元/吨）,LME锌现货升贴水,unit_variant,美元/吨,,THS_SERIES,THS-ZN-2.3,1,1,unregistered,0.30,,,register_pending,P2_auto,0
A-00185,,,,SN,库存,锡,LME锡交易所库存（手）,LME锡交易所库存,unit_variant,手,时序图,RISK_DB_SRC|THS_SERIES,RISK-029|RISK-030|THS-SN-4.1,2,4,unregistered,0.30,,,register_pending,P2_auto,0
A-00186,,,,SN,仓单,锡,LME锡仓单总量（手）,LME锡仓单总量,unit_variant,手,,THS_SERIES,THS-SN-4.2,1,1,unregistered,0.30,,,register_pending,P2_auto,0
A-00187,,,,SN,仓单,锡,LME锡仓单注册量（吨）,LME锡仓单注册量,unit_variant,吨,,THS_SERIES,THS-SN-2.3,1,1,unregistered,0.30,,,register_pending,P2_auto,0
A-00188,,,,SN,未识别,锡,LME锡估值分位（%）,LME锡估值分位,unit_variant,%,,THS_SERIES,THS-SN-2.5,1,1,unregistered,0.30,,,register_pending,P2_auto,0
A-00190,,,,SN,库存,锡,LME锡库存（吨）,LME锡库存,unit_variant,吨,时序图,RISK_DB_SRC|THS_SERIES,RISK-024|RISK-025|THS-SN-2.3,2,4,unregistered,0.30,,,register_pending,P2_auto,0
A-00191,,,,SN,月差,锡,LME锡月差（美元/吨）,LME锡月差,unit_variant,美元/吨,时序图,THS_SERIES,THS-SN-2.4,2,2,unregistered,0.30,,,register_pending,P2_auto,0
A-00192,,,,SN,未识别,锡,LME锡期货收盘价（美元/吨）,LME锡期货收盘价,unit_variant,美元/吨,时序图,THS_SERIES,THS-SN-2.3|THS-SN-2.4|THS-SN-2.5,2,4,unregistered,0.30,,,register_pending,P2_auto,0
A-00193,,,,SN,未识别,锡,LME锡期限结构（美元/吨）,LME锡期限结构,unit_variant,美元/吨,时序图,THS_SERIES,THS-SN-2.4,2,2,unregistered,0.30,,,register_pending,P2_auto,0
A-00194,,,,SN,注销仓单|占比|仓单,锡,LME锡注销仓单占比时序图,LME锡注销仓单占比,suffix_variant,,时序图,THS_SERIES,THS-SN-2.3|THS-SN-4.2,1,2,unregistered,0.30,,,register_pending,P2_auto,0
A-00195,,,,SN,注销仓单|仓单,锡,LME锡注销仓单量时序图,LME锡注销仓单量,suffix_variant,,时序图,THS_SERIES,THS-SN-4.2,1,1,unregistered,0.30,,,register_pending,P2_auto,0
A-00196,,,,SN,未识别,锡,LME锡现货现金价（美元/吨）,LME锡现货现金价,unit_variant,美元/吨,时序图,THS_SERIES,THS-SN-2.3,2,2,unregistered,0.30,,,register_pending,P2_auto,0
A-00197,,,,SN,结算价,锡,LME锡现货结算价时序图,LME锡现货结算价,suffix_variant,,时序图,THS_SERIES,THS-SN-2.3,1,1,unregistered,0.30,,,register_pending,P2_auto,0
A-00198,,,,SN,价差,锡,LME锡近远月价差（美元/吨）,LME锡近远月价差,unit_variant,美元/吨,,THS_SERIES,THS-SN-2.4,1,1,unregistered,0.30,,,register_pending,P2_auto,0
A-00199,,,,NI,升贴水|贴水,镍,LME镍0-3升贴水,LME镍0-3升贴水,mixed_script,,,THS_SERIES,THS-NI-2.2,1,1,unregistered,0.30,,,register_pending,P2_auto,0
A-00200,,,,NI,价格,镍,LME镍3个月期货价格（美元/吨）,LME镍3个月期货价格,unit_variant,美元/吨,,THS_SERIES,THS-NI-2.3,1,1,unregistered,0.30,,,register_pending,P2_auto,0
A-00201,,,,NI,持仓量|持仓,镍,LME镍主力合约持仓量（手）,LME镍主力合约持仓量,unit_variant,手,,THS_SERIES,THS-NI-2.3,1,1,unregistered,0.30,,,register_pending,P2_auto,0
A-00202,,,,NI,未识别,镍,LME镍主力合约收盘价（美元/吨）,LME镍主力合约收盘价,unit_variant,美元/吨,,THS_SERIES,THS-NI-2.3,1,1,unregistered,0.30,,,register_pending,P2_auto,0
A-00203,,,,NI,持仓量|持仓,镍,LME镍主力合约收盘价（美元/吨）、LME镍主力合约持仓量（手）,"LME镍主力合约收盘价(美元/吨),LME镍主力合约持仓量",unit_variant,手,,THS_SERIES,THS-NI-2.3,1,1,unregistered,0.30,,,register_pending,P2_auto,0
A-00204,,,,NI,持仓量|持仓,镍,LME镍主力合约收盘价、LME镍主力合约持仓量,"LME镍主力合约收盘价,LME镍主力合约持仓量",mixed_script,,,THS_SERIES,THS-NI-2.3,1,1,unregistered,0.30,,,register_pending,P2_auto,0
A-00205,,,,NI,仓单,镍,LME镍仓单数量（吨）,LME镍仓单数量,unit_variant,吨,,THS_SERIES,THS-NI-2.3|THS-NI-2.4,1,2,unregistered,0.30,,,register_pending,P2_auto,0
A-00206,,,,NI,仓单,镍,LME镍仓单数量（吨）、LME镍仓单注册量变化（吨）,"LME镍仓单数量(吨),LME镍仓单注册量",unit_variant,吨,变化,THS_SERIES,THS-NI-2.3,1,1,unregistered,0.30,,,register_pending,P2_auto,0
A-00207,,,,NI,月差|仓单,镍,LME镍仓单数量（吨）、LME镍月差（美元/吨）,"LME镍仓单数量(吨),LME镍月差",unit_variant,美元/吨,,THS_SERIES,THS-NI-2.3,1,1,unregistered,0.30,,,register_pending,P2_auto,0
A-00208,,,,NI,仓单,镍,LME镍仓单数量、LME镍仓单注册量变化,"LME镍仓单数量,LME镍仓单注册量",suffix_variant,,变化,THS_SERIES,THS-NI-2.3,1,1,unregistered,0.30,,,register_pending,P2_auto,0
A-00209,,,,NI,月差|仓单,镍,LME镍仓单数量、LME镍月差,"LME镍仓单数量,LME镍月差",mixed_script,,,THS_SERIES,THS-NI-2.3,1,1,unregistered,0.30,,,register_pending,P2_auto,0
A-00210,,,,NI,仓单,镍,LME镍仓单注册量变化（吨）,LME镍仓单注册量,unit_variant,吨,变化,THS_SERIES,THS-NI-2.3,1,1,unregistered,0.30,,,register_pending,P2_auto,0
A-00211,,,,NI,持仓量|持仓,镍,LME镍前20名净持仓量（手）,LME镍前20名净持仓量,unit_variant,手,,THS_SERIES,THS-NI-2.6,1,1,unregistered,0.30,,,register_pending,P2_auto,0
A-00212,,,,NI,升贴水|贴水,镍,LME镍升贴水0-3,LME镍升贴水0-3,mixed_script,,,THS_SERIES,THS-NI-4.2,1,1,unregistered,0.30,,,register_pending,P2_auto,0
A-00213,,,,NI,升贴水|贴水,镍,LME镍升贴水0-3（LME Nickel Premium/Discount 0-3）,LME镍升贴水0-3(LMENickelPremium/Discount0-3,mixed_script,,,THS_SERIES,THS-NI-4.1,1,1,unregistered,0.30,,,register_pending,P2_auto,0
A-00215,,,,NI,库存,镍,LME镍库存、沪镍主力合约收盘价,"LME镍库存,沪镍主力合约收盘价",mixed_script,,,THS_SERIES,THS-NI-5.3,1,1,unregistered,0.30,,,register_pending,P2_auto,0
A-00216,,,,NI,进口量|库存,镍,LME镍库存、镍进口量,"LME镍库存,镍进口量",mixed_script,,,THS_SERIES,THS-NI-5.3,1,1,unregistered,0.30,,,register_pending,P2_auto,0
A-00219,,,,NI,月差,镍,LME镍月差,LME镍月差,unit_variant,美元/吨,,THS_SERIES,THS-NI-2.3|THS-NI-2.4,2,3,unregistered,0.30,,,register_pending,P2_auto,0
A-00220,,,,NI,注册仓单|仓单,镍,LME镍注册仓单,LME镍注册仓单,unit_variant,LME镍注册仓单|吨,,THS_SERIES,THS-NI-3.2|THS-NI-5.3,3,4,unregistered,0.30,,,register_pending,P2_auto,0
A-00221,,,,NI,注销仓单|注册仓单|仓单,镍,LME镍注册仓单（LME Nickel Registered Stock）、LME镍注销仓单（LME,"LME镍注册仓单(LMENickelRegisteredStock),LME镍注销仓单",unit_variant,LME,,THS_SERIES,THS-NI-4.2,1,1,unregistered,0.30,,,register_pending,P2_auto,0
A-00222,,,,NI,注销仓单|仓单,镍,LME镍注销仓单（LME镍注销仓单）,LME镍注销仓单,unit_variant,LME镍注销仓单,,THS_SERIES,THS-NI-5.3,2,2,unregistered,0.30,,,register_pending,P2_auto,0
A-00223,,,,NI,注销仓单|占比|仓单,镍,LME镍注销仓单占比（LME Nickel Unregistered Stock Ratio）,LME镍注销仓单占比(LMENickelUnregisteredStockRatio,mixed_script,,,THS_SERIES,THS-NI-4.2,1,1,unregistered,0.30,,,register_pending,P2_auto,0
A-00224,,,,NI,现货价格|价格,镍,LME镍现货价格（美元/吨）,LME镍现货价格,unit_variant,美元/吨,,THS_SERIES,THS-NI-2.1|THS-NI-2.2|THS-NI-2.3,1,3,unregistered,0.30,,,register_pending,P2_auto,0
A-00225,,,,NI,现货价格|升贴水|贴水|价格,镍,LME镍现货价格（美元/吨）、LME镍3个月期货价格（美元/吨）、升贴水（美元/吨）,"LME镍现货价格(美元/吨),LME镍3个月期货价格(美元/吨),升贴水",unit_variant,美元/吨,,THS_SERIES,THS-NI-2.2,1,1,unregistered,0.30,,,register_pending,P2_auto,0
A-00226,,,,NI,月差,镍,LME镍现金-3个月月差,LME镍现金-3个月月差,mixed_script,,,THS_SERIES,THS-NI-2.3,1,1,unregistered,0.30,,,register_pending,P2_auto,0
A-00227,,,,NI,价格,镍,LME镍现金价格（美元/吨）,LME镍现金价格,unit_variant,美元/吨,,THS_SERIES,THS-NI-2.3,1,1,unregistered,0.30,,,register_pending,P2_auto,0
A-00228,,,,NI,月差|价格,镍,LME镍现金价格（美元/吨）、LME镍3个月期货价格（美元/吨）、现金-3个月月差（美元/吨）,"LME镍现金价格(美元/吨),LME镍3个月期货价格(美元/吨),现金-3个月月差",unit_variant,美元/吨,,RISK_DB_SRC|THS_SERIES,RISK-015|THS-NI-2.3,1,2,unregistered,0.30,,,register_pending,P2_auto,0
A-00229,,,,NI,价差,镍,LME镍近月-远月价差（美元/吨）,LME镍近月-远月价差,unit_variant,美元/吨,,THS_SERIES,THS-NI-2.4,1,1,unregistered,0.30,,,register_pending,P2_auto,0
A-00230,,,,NI,价格,镍,LME镍近月合约价格（美元/吨）,LME镍近月合约价格,unit_variant,美元/吨,,THS_SERIES,THS-NI-2.3|THS-NI-2.4,1,2,unregistered,0.30,,,register_pending,P2_auto,0
A-00231,,,,NI,价格,镍,LME镍远月合约价格（美元/吨）,LME镍远月合约价格,unit_variant,美元/吨,,THS_SERIES,THS-NI-2.3|THS-NI-2.4,1,2,unregistered,0.30,,,register_pending,P2_auto,0
A-00232,,,,SN,生产成本|成本,无,LNG：生产成本：山西（周）,LNG:生产成本:山西(周,mixed_script,,,THS_MATCHED,THS-SN-7.1|THS-SN-7.2|THS-SN-7.3,1,3,unregistered,0.30,,,register_pending,P2_auto,0
A-00235,,,,NI,未识别,无,Matte nickel production,Mattenickelproduction,latin_abbr,,,THS_SERIES,THS-NI-3.2,1,1,unregistered,0.30,,,register_pending,P2_auto,0
A-00237,,,,AL,社会库存|库存,无,Mysteel/SMM社会库存,Mysteel/SMM社会库存,mixed_script,,,THS_SERIES,THS-AL-4.2,1,1,unregistered,0.30,,,register_pending,P2_auto,0
A-00240,,,,NI,库存,镍,Mysteel LME镍库存,MysteelLME镍库存,mixed_script,,,THS_SERIES,THS-NI-4.1,1,1,unregistered,0.30,,,register_pending,P2_auto,0
A-00241,,,,NI,社会库存|库存,精炼镍|镍,Mysteel中国精炼镍27库社会库存,Mysteel中国精炼镍27库社会库存,mixed_script,,,THS_SERIES,THS-NI-4.3,1,1,unregistered,0.30,,,register_pending,P2_auto,0
A-00242,,,,NI,社会库存|库存,精炼镍|镍,Mysteel中国精炼镍27库社会库存、LME镍库存,"Mysteel中国精炼镍27库社会库存,LME镍库存",mixed_script,,,THS_SERIES,THS-NI-4.3,1,1,unregistered,0.30,,,register_pending,P2_auto,0
A-00243,,,,NI,社会库存|库存|仓单,精炼镍|镍,Mysteel中国精炼镍27库社会库存、Mysteel精炼镍仓单库存,"Mysteel中国精炼镍27库社会库存,Mysteel精炼镍仓单库存",mixed_script,,,THS_SERIES,THS-NI-4.3,1,1,unregistered,0.30,,,register_pending,P2_auto,0
A-00244,,,,NI,社会库存|库存,精炼镍|镍,Mysteel中国精炼镍27库社会库存、沪镍主力合约收盘价,"Mysteel中国精炼镍27库社会库存,沪镍主力合约收盘价",mixed_script,,,THS_SERIES,THS-NI-4.3,1,1,unregistered,0.30,,,register_pending,P2_auto,0
A-00245,,,,NI,在途库存|库存,精炼镍|镍,Mysteel中国精炼镍在途库存,Mysteel中国精炼镍在途库存,mixed_script,,,THS_SERIES,THS-NI-4.5,1,1,unregistered,0.30,,,register_pending,P2_auto,0
A-00246,,,,NI,在途库存|库存,精炼镍|镍,Mysteel中国精炼镍在途库存、沪镍主力合约收盘价,"Mysteel中国精炼镍在途库存,沪镍主力合约收盘价",mixed_script,,,THS_SERIES,THS-NI-4.5,1,1,unregistered,0.30,,,register_pending,P2_auto,0
A-00247,,,,NI,在途库存|库存,精炼镍|镍,Mysteel中国精炼镍在途库存、隐性库存,"Mysteel中国精炼镍在途库存,隐性库存",mixed_script,,,THS_SERIES,THS-NI-4.3,1,1,unregistered,0.30,,,register_pending,P2_auto,0
A-00248,,,,NI,社会库存|库存,精炼镍|镍,Mysteel中国精炼镍社会库存:上海/广东/浙江,Mysteel中国精炼镍社会库存:上海/广东/浙江,mixed_script,,,THS_SERIES,THS-NI-4.3,1,1,unregistered,0.30,,,register_pending,P2_auto,0
A-00249,,,,NI,库存,精炼镍|镍,Mysteel中国精炼镍隐性库存,Mysteel中国精炼镍隐性库存,mixed_script,,,THS_SERIES,THS-NI-4.5,1,1,unregistered,0.30,,,register_pending,P2_auto,0
A-00250,,,,NI,库存|仓单,精炼镍|镍,Mysteel中国精炼镍隐性库存、Mysteel精炼镍仓单库存,"Mysteel中国精炼镍隐性库存,Mysteel精炼镍仓单库存",mixed_script,,,THS_SERIES,THS-NI-4.5,1,1,unregistered,0.30,,,register_pending,P2_auto,0
A-00258,,,,CU,库存,电解铜|铜,Mysteel国内市场电解铜现货库存,Mysteel国内市场电解铜现货库存,mixed_script,,,THS_SERIES,THS-CU-4.3,1,1,unregistered,0.30,,,register_pending,P2_auto,0
A-00259,,,,NI,库存,电解镍|镍,Mysteel电解镍厂库存,Mysteel电解镍厂库存,mixed_script,,,THS_SERIES,THS-NI-4.4,1,1,unregistered,0.30,,,register_pending,P2_auto,0
A-00260,,,,AL,社会库存|库存,无,Mysteel社会库存,Mysteel社会库存,mixed_script,,,THS_SERIES,THS-AL-4.2,1,1,unregistered,0.30,,,register_pending,P2_auto,0
A-00261,,,,NI,库存|仓单,精炼镍|镍,Mysteel精炼镍仓单库存、LME镍库存,"Mysteel精炼镍仓单库存,LME镍库存",mixed_script,,,THS_SERIES,THS-NI-4.2,1,1,unregistered,0.30,,,register_pending,P2_auto,0
A-00262,,,,NI,升贴水|贴水|库存|仓单,精炼镍|镍,Mysteel精炼镍仓单库存、Mysteel纯镍现货升贴水,"Mysteel精炼镍仓单库存,Mysteel纯镍现货升贴水",mixed_script,,,THS_SERIES,THS-NI-4.2,1,1,unregistered,0.30,,,register_pending,P2_auto,0
A-00263,,,,NI,库存|仓单,精炼镍|镍,Mysteel精炼镍仓单库存、沪镍主力合约收盘价,"Mysteel精炼镍仓单库存,沪镍主力合约收盘价",mixed_script,,,THS_SERIES,THS-NI-4.2,1,1,unregistered,0.30,,,register_pending,P2_auto,0
A-00264,,,,NI,注销仓单|库存|仓单,精炼镍|镍,Mysteel精炼镍仓单库存、注销仓单,"Mysteel精炼镍仓单库存,注销仓单",mixed_script,,,THS_SERIES,THS-NI-4.2,1,1,unregistered,0.30,,,register_pending,P2_auto,0
A-00265,,,,NI,占比|仓单,精炼镍|镍,Mysteel精炼镍仓单注销占比,Mysteel精炼镍仓单注销占比,mixed_script,,,THS_SERIES,THS-NI-4.2,1,1,unregistered,0.30,,,register_pending,P2_auto,0
A-00266,,,,NI,库存,精炼镍|镍,Mysteel精炼镍厂库存:分工艺,Mysteel精炼镍厂库存:分工艺,mixed_script,,,THS_SERIES,THS-NI-4.4,1,1,unregistered,0.30,,,register_pending,P2_auto,0
A-00267,,,,NI,升贴水|贴水,镍,Mysteel纯镍现货升贴水,Mysteel纯镍现货升贴水,mixed_script,,,THS_SERIES,THS-NI-4.1,1,1,unregistered,0.30,,,register_pending,P2_auto,0
A-00268,,,,NI,未识别,镍,Mysteel进口镍在途量:分国别,Mysteel进口镍在途量:分国别,mixed_script,,,THS_SERIES,THS-NI-4.5,1,1,unregistered,0.30,,,register_pending,P2_auto,0
A-00272,,,,NI,盈亏,镍豆|镍,Mysteel镍豆进口盈亏,Mysteel镍豆进口盈亏,mixed_script,,,THS_SERIES,THS-NI-4.1,1,1,unregistered,0.30,,,register_pending,P2_auto,0
A-00273,,,,NI,库存,镍铁|镍,Mysteel镍铁厂库存,Mysteel镍铁厂库存,mixed_script,,,THS_SERIES,THS-NI-4.4,1,1,unregistered,0.30,,,register_pending,P2_auto,0
A-00274,,,,NI,库存,高冰镍|冰镍|镍,Mysteel高冰镍厂库存,Mysteel高冰镍厂库存,mixed_script,,,THS_SERIES,THS-NI-4.4,1,1,unregistered,0.30,,,register_pending,P2_auto,0
A-00279,,,,NI,冶炼利润|利润,无,NPI冶炼利润（元/吨）,NPI冶炼利润,unit_variant,元/吨,,THS_SERIES,THS-NI-2.5,1,1,unregistered,0.30,,,register_pending,P2_auto,0
A-00280,,,,NI,TC,无,Nickel concentrate TC,NickelconcentrateTC,latin_abbr,,,THS_SERIES,THS-NI-3.1,1,1,unregistered,0.30,,,register_pending,P2_auto,0
A-00281,,,,NI,未识别,无,Nickel sulfate production,Nickelsulfateproduction,latin_abbr,,,THS_SERIES,THS-NI-3.2,1,1,unregistered,0.30,,,register_pending,P2_auto,0
A-00282,,,,AL,未识别,无,None,None,latin_abbr,,,THS_MATCHED,THS-SI-2.4|THS-SI-3.2.2|THS-SN-4.2,1,317,unregistered,0.30,,,register_pending,P2_auto,0
A-00283,,,,SI,未识别,无,PP：检修减损量：中国（年）,PP:检修减损量:中国(年,mixed_script,,,THS_MATCHED,THS-SI-3.2.2|THS-SN-3.2.2|THS-ZN-3.2.2,1,6,unregistered,0.30,,,register_pending,P2_auto,0
A-00284,,,,SN,生产成本|成本,无,PTA：生产成本：中国（日）,PTA:生产成本:中国(日,mixed_script,,,THS_MATCHED,THS-SN-7.1|THS-SN-7.2|THS-SN-7.3,1,3,unregistered,0.30,,,register_pending,P2_auto,0
A-00286,,,,NI,未识别,无,Recycled nickel production,Recyclednickelproduction,latin_abbr,,,THS_SERIES,THS-NI-3.2,1,1,unregistered,0.30,,,register_pending,P2_auto,0
A-00287,,,,NI,未识别,无,Refined nickel production,Refinednickelproduction,latin_abbr,,,THS_SERIES,THS-NI-3.2,1,1,unregistered,0.30,,,register_pending,P2_auto,0
A-00290,,,,CU,未识别,无,SHFE/LME比价,SHFE/LME比价,mixed_script,,,THS_SERIES,THS-CU-2.3,1,1,unregistered,0.30,,,register_pending,P2_auto,0
A-00291,,,,LI,持仓量|持仓,无,SHFE：标准胶：03合约：单边交易：夜盘持仓量（日）,SHFE:标准胶:03合约:单边交易:夜盘持仓量(日,mixed_script,,,THS_MATCHED,THS-LI-2.1|THS-SN-2.1,1,2,unregistered,0.30,,,register_pending,P2_auto,0
A-00341,,,,NI,库存,镍,SHFE：镍：交割库库存：上海：添马行松江（周）,SHFE:镍:交割库库存:上海:添马行松江(周,mixed_script,,,THS_MATCHED,THS-ZN-4.1|THS-ZN-4.3,1,3,unregistered,0.30,,,register_pending,P2_auto,0
A-00348,,,,CU,仓单,铜,SHFE铜仓单,SHFE铜仓单,mixed_script,,,THS_SERIES,THS-CU-2.3,1,1,unregistered,0.30,,,register_pending,P2_auto,0
A-00349,,,,CU,升贴水|贴水|价格|仓单,铜,SHFE铜仓单、沪铜主力价格、现货升贴水,"SHFE铜仓单,沪铜主力价格,现货升贴水",mixed_script,,,THS_SERIES,THS-CU-4.2,1,1,unregistered,0.30,,,register_pending,P2_auto,0
A-00350,,,,AL,未识别,铝,SHFE铝：连一-连二,SHFE铝:连一-连二,mixed_script,,,PDF_TEMPLATE,TPL-AL-004,1,1,unregistered,0.30,,,register_pending,P2_auto,0
A-00351,,,,AL,持仓,铝,SHFE铝总持仓,SHFE铝总持仓,mixed_script,,,PDF_TEMPLATE,TPL-AL-005,1,1,unregistered,0.30,,,register_pending,P2_auto,0
A-00354,,,,AL,未识别,无,SMM:,SMM,latin_abbr,,,PDF_TEMPLATE,TPL-AL-032|TPL-AL-033,1,2,unregistered,0.30,,,register_pending,P2_auto,0
A-00358,,,,CU,升贴水|贴水,电解铜|铜,SMM 1#电解铜升贴水,SMM1#电解铜升贴水,mixed_script,,,THS_SERIES,THS-CU-2.3,1,1,unregistered,0.30,,,register_pending,P2_auto,0
A-00359,,,,CU,均价,电解铜|铜,SMM 1#电解铜现货均价,SMM1#电解铜现货均价,mixed_script,,,THS_SERIES,THS-CU-2.3,1,1,unregistered,0.30,,,register_pending,P2_auto,0
A-00360,,,,NI,价格,高冰镍|电解镍|镍生铁|冰镍|镍,SMM1#电解镍价格、SMM8-12%高镍生铁价格、SMM高冰镍价格,"SMM1#电解镍价格,SMM8-12%高镍生铁价格,SMM高冰镍价格",mixed_script,,,THS_SERIES,THS-NI-2.2|THS-NI-2.4,1,2,unregistered,0.30,,,register_pending,P2_auto,0
A-00361,,,,NI,冶炼利润|利润|价格,高冰镍|电解镍|镍生铁|冰镍|镍,SMM1#电解镍价格、SMM8-12%高镍生铁价格、SMM高冰镍价格、冶炼利润,"SMM1#电解镍价格,SMM8-12%高镍生铁价格,SMM高冰镍价格,冶炼利润",mixed_script,,,THS_SERIES,THS-NI-2.5,1,1,unregistered,0.30,,,register_pending,P2_auto,0
A-00362,,,,NI,完全成本|冶炼利润|成本|利润|价格,电解镍|镍,SMM1#电解镍价格、电解镍冶炼完全成本、电解镍冶炼利润,"SMM1#电解镍价格,电解镍冶炼完全成本,电解镍冶炼利润",mixed_script,,,THS_SERIES,THS-NI-2.5,1,1,unregistered,0.30,,,register_pending,P2_auto,0
A-00363,,,,NI,升贴水|贴水,电解镍|镍,SMM1#电解镍升贴水,SMM1#电解镍升贴水,mixed_script,,,THS_SERIES,THS-NI-2.1|THS-NI-2.2,1,2,unregistered,0.30,,,register_pending,P2_auto,0
A-00364,,,,NI,基差,电解镍|镍,SMM1#电解镍基差,SMM1#电解镍基差,mixed_script,,,THS_SERIES,THS-NI-2.2|THS-NI-2.4,1,2,unregistered,0.30,,,register_pending,P2_auto,0
A-00370,,,,NI,冶炼利润|利润|价格,镍生铁|电解镍|镍,SMM8-12%高镍生铁价格、SMM1#电解镍价格、NPI冶炼利润,"SMM8-12%高镍生铁价格,SMM1#电解镍价格,NPI冶炼利润",mixed_script,,,THS_SERIES,THS-NI-2.5,1,1,unregistered,0.30,,,register_pending,P2_auto,0
A-00434,,,,LI,利润,碳酸锂|锂,SMM: 碳酸锂现金生产利润: 外购三元极片黑粉（Li: 5.5%-6.5%）:,SMM:碳酸锂现金生产利润:外购三元极片黑粉,unit_variant,Li:5.5%-6.5%,,RISK_DB_MATCHED,RISK-002,1,1,unregistered,0.30,,,register_pending,P2_auto,0
A-00466,,,,CU,升贴水|贴水,铜,SMM EQ-A铜升贴水,SMMEQ-A铜升贴水,mixed_script,,,THS_SERIES,THS-CU-2.3,1,1,unregistered,0.30,,,register_pending,P2_auto,0
A-00467,,,,NI,库存,镍,SMM LME镍库存,SMMLME镍库存,mixed_script,,,THS_SERIES,THS-NI-4.1,1,1,unregistered,0.30,,,register_pending,P2_auto,0
A-00469,,,,CU,社会库存|库存,电解铜|铜,SMM中国主流地区电解铜社会库存,SMM中国主流地区电解铜社会库存,mixed_script,,,THS_SERIES,THS-CU-4.3,1,1,unregistered,0.30,,,register_pending,P2_auto,0
A-00479,,,,AL,消费|库存,电解铝|铝锭|铝,SMM周度铝锭库存 / 国内主流消费地电解铝锭库存,SMM周度铝锭库存/国内主流消费地电解铝锭库存,mixed_script,,,THS_SERIES,THS-AL-4.2,1,1,unregistered,0.30,,,register_pending,P2_auto,0
A-00480,,,,AL,未识别,铝,SMM国内铝水比例,SMM国内铝水比例,mixed_script,,,THS_SERIES,THS-AL-4.3,1,1,unregistered,0.30,,,register_pending,P2_auto,0
A-00481,,,,SN,工厂库存|库存,无,SMM工厂库存,SMM工厂库存,mixed_script,,,PDF_TEMPLATE,TPL-SN-022,1,1,unregistered,0.30,,,register_pending,P2_auto,0
A-00489,,,,NI,库存,电解镍|镍,SMM电解镍厂库存,SMM电解镍厂库存,mixed_script,,,THS_SERIES,THS-NI-4.4,1,1,unregistered,0.30,,,register_pending,P2_auto,0
A-00493,,,,SN,社会库存|库存,无,SMM社会库存,SMM社会库存,mixed_script,,,PDF_TEMPLATE,TPL-SN-023,1,1,unregistered,0.30,,,register_pending,P2_auto,0
A-00499,,,,NI,库存,精炼镍|镍,SMM精炼镍厂库存:分工艺,SMM精炼镍厂库存:分工艺,mixed_script,,,THS_SERIES,THS-NI-4.4,1,1,unregistered,0.30,,,register_pending,P2_auto,0
A-00500,,,,NI,升贴水|贴水,镍,SMM纯镍现货升贴水,SMM纯镍现货升贴水,mixed_script,,,THS_SERIES,THS-NI-4.1,1,1,unregistered,0.30,,,register_pending,P2_auto,0
A-00501,,,,NI,社会库存|库存,镍,SMM纯镍社会库存:三地总量,SMM纯镍社会库存:三地总量,mixed_script,,,THS_SERIES,THS-NI-4.3,1,1,unregistered,0.30,,,register_pending,P2_auto,0
A-00502,,,,NI,社会库存|库存,镍,SMM纯镍社会库存:三地总量、LME镍库存,"SMM纯镍社会库存:三地总量,LME镍库存",mixed_script,,,THS_SERIES,THS-NI-4.3,1,1,unregistered,0.30,,,register_pending,P2_auto,0
A-00503,,,,NI,社会库存|库存,镍,SMM纯镍社会库存:三地总量、SMM纯镍社会库存:上期所,"SMM纯镍社会库存:三地总量,SMM纯镍社会库存:上期所",mixed_script,,,THS_SERIES,THS-NI-4.3,1,1,unregistered,0.30,,,register_pending,P2_auto,0
A-00504,,,,NI,社会库存|库存,镍,SMM纯镍社会库存:三地总量、沪镍主力合约收盘价,"SMM纯镍社会库存:三地总量,沪镍主力合约收盘价",mixed_script,,,THS_SERIES,THS-NI-4.3,1,1,unregistered,0.30,,,register_pending,P2_auto,0
A-00505,,,,NI,社会库存|库存,镍,SMM纯镍社会库存:上期所,SMM纯镍社会库存:上期所,mixed_script,,,THS_SERIES,THS-NI-4.1,1,1,unregistered,0.30,,,register_pending,P2_auto,0
A-00506,,,,NI,社会库存|注销仓单|库存|仓单,镍,SMM纯镍社会库存:上期所（含注销仓单）,SMM纯镍社会库存:上期所(含注销仓单,mixed_script,,,THS_SERIES,THS-NI-4.2,1,1,unregistered,0.30,,,register_pending,P2_auto,0
A-00507,,,,NI,社会库存|库存,镍,SMM纯镍社会库存:上期所、LME镍库存,"SMM纯镍社会库存:上期所,LME镍库存",mixed_script,,,THS_SERIES,THS-NI-4.2,1,1,unregistered,0.30,,,register_pending,P2_auto,0
A-00508,,,,NI,社会库存|升贴水|贴水|库存,镍,SMM纯镍社会库存:上期所、SMM纯镍现货升贴水,"SMM纯镍社会库存:上期所,SMM纯镍现货升贴水",mixed_script,,,THS_SERIES,THS-NI-4.2,1,1,unregistered,0.30,,,register_pending,P2_auto,0
A-00509,,,,NI,社会库存|库存,镍,SMM纯镍社会库存:上期所、沪镍主力合约收盘价,"SMM纯镍社会库存:上期所,沪镍主力合约收盘价",mixed_script,,,THS_SERIES,THS-NI-4.2,1,1,unregistered,0.30,,,register_pending,P2_auto,0
A-00510,,,,NI,社会库存|库存,镍,SMM纯镍社会库存:上海/广东/浙江,SMM纯镍社会库存:上海/广东/浙江,mixed_script,,,THS_SERIES,THS-NI-4.1|THS-NI-4.3,1,2,unregistered,0.30,,,register_pending,P2_auto,0
A-00511,,,,NI,社会库存|库存,镍,SMM纯镍社会库存:在途,SMM纯镍社会库存:在途,mixed_script,,,THS_SERIES,THS-NI-4.5,1,1,unregistered,0.30,,,register_pending,P2_auto,0
A-00512,,,,NI,社会库存|库存,镍,SMM纯镍社会库存:在途、沪镍主力合约收盘价,"SMM纯镍社会库存:在途,沪镍主力合约收盘价",mixed_script,,,THS_SERIES,THS-NI-4.5,1,1,unregistered,0.30,,,register_pending,P2_auto,0
A-00513,,,,NI,社会库存|库存,镍,SMM纯镍社会库存:在途/隐性,SMM纯镍社会库存:在途/隐性,mixed_script,,,THS_SERIES,THS-NI-4.3,1,1,unregistered,0.30,,,register_pending,P2_auto,0
A-00514,,,,NI,社会库存|库存,镍,SMM纯镍社会库存:隐性,SMM纯镍社会库存:隐性,mixed_script,,,THS_SERIES,THS-NI-4.5,1,1,unregistered,0.30,,,register_pending,P2_auto,0
A-00515,,,,NI,社会库存|库存,镍,SMM纯镍社会库存:隐性、SMM纯镍社会库存:上期所,"SMM纯镍社会库存:隐性,SMM纯镍社会库存:上期所",mixed_script,,,THS_SERIES,THS-NI-4.5,1,1,unregistered,0.30,,,register_pending,P2_auto,0
A-00517,,,,NI,未识别,镍,SMM进口镍在途量:分国别,SMM进口镍在途量:分国别,mixed_script,,,THS_SERIES,THS-NI-4.5,1,1,unregistered,0.30,,,register_pending,P2_auto,0
A-00530,,,,NI,社会库存|库存|TC,镍精矿|镍,SMM镍精矿TC、SMM纯镍社会库存:在途,"SMM镍精矿TC,SMM纯镍社会库存:在途",mixed_script,,,THS_SERIES,THS-NI-4.5,1,1,unregistered,0.30,,,register_pending,P2_auto,0
A-00531,,,,NI,库存|TC,镍精矿|镍,SMM镍精矿TC、SMM镍厂库存总量,"SMM镍精矿TC,SMM镍厂库存总量",mixed_script,,,THS_SERIES,THS-NI-4.4,1,1,unregistered,0.30,,,register_pending,P2_auto,0
A-00532,,,,NI,盈亏,镍,SMM镍进口盈亏,SMM镍进口盈亏,mixed_script,,,THS_SERIES,THS-NI-4.1,1,1,unregistered,0.30,,,register_pending,P2_auto,0
A-00533,,,,NI,库存,镍铁|镍,SMM镍铁厂库存,SMM镍铁厂库存,mixed_script,,,THS_SERIES,THS-NI-4.4,1,1,unregistered,0.30,,,register_pending,P2_auto,0
A-00534,,,,NI,冶炼利润|利润|价格,高冰镍|电解镍|冰镍|镍,SMM高冰镍价格、SMM1#电解镍价格、高冰镍冶炼利润,"SMM高冰镍价格,SMM1#电解镍价格,高冰镍冶炼利润",mixed_script,,,THS_SERIES,THS-NI-2.5,1,1,unregistered,0.30,,,register_pending,P2_auto,0
A-00535,,,,NI,库存,高冰镍|冰镍|镍,SMM高冰镍厂库存,SMM高冰镍厂库存,mixed_script,,,THS_SERIES,THS-NI-4.4,1,1,unregistered,0.30,,,register_pending,P2_auto,0
A-00539,,,,SI,产量,金属硅|硅,USGS：硅铁及金属硅：产量：美国（年）,USGS:硅铁及金属硅:产量:美国(年,mixed_script,,,THS_MATCHED,THS-SI-3.1.2|THS-SI-5.1|THS-SI-5.3,1,6,unregistered,0.30,,,register_pending,P2_auto,0
A-00545,,,,NI,进口量|消费,无,USGS：铌：消费进口量：美国（年）,USGS:铌:消费进口量:美国(年,mixed_script,,,THS_MATCHED,THS-SN-3.2.3|THS-ZN-3.1.4|THS-ZN-6.1,1,20,unregistered,0.30,,,register_pending,P2_auto,0
A-00561,,,,SN,产量,锡矿|锡,USGS：锡矿：含锡：产量：中国（年）,USGS:锡矿:含锡:产量:中国(年,mixed_script,,,THS_MATCHED,THS-SN-3.1.1|THS-SN-3.1.5|THS-SN-3.2.1,1,18,unregistered,0.30,,,register_pending,P2_auto,0
A-00565,,,,NI,未识别,镍,USGS：镍：储量：菲律宾（年）,USGS:镍:储量:菲律宾(年,mixed_script,,,THS_MATCHED,THS-NI-3.1|THS-NI-3.1.1|THS-NI-3.1.2,1,3,unregistered,0.30,,,register_pending,P2_auto,0
A-00569,,,,ZN,表观消费|消费量|消费,无,WSA：粗钢：表观消费量：全球（年）,WSA:粗钢:表观消费量:全球(年,mixed_script,,,THS_MATCHED,THS-ZN-5.1|THS-ZN-5.3,1,4,unregistered,0.30,,,register_pending,P2_auto,0
A-02214,,,,SN,未识别,无,万科：存货周转天数（季）,万科:存货周转天数(季,full_name,,,THS_MATCHED,THS-SN-6.1|THS-SN-6.4,1,2,unregistered,0.30,,,register_pending,P2_auto,0
A-02222,,,,NI,未识别,无,三元电池排产,三元电池排产,full_name,,,THS_SERIES,THS-NI-5.2,1,1,unregistered,0.30,,,register_pending,P2_auto,0
A-02223,,,,NI,未识别,镍,三元电池排产、沪镍主力合约收盘价,"三元电池排产,沪镍主力合约收盘价",full_name,,,THS_SERIES,THS-NI-5.2,1,1,unregistered,0.30,,,register_pending,P2_auto,0
A-02233,,,,AL,仓单,铝,上期所沪铝期货仓单,上期所沪铝期货仓单,full_name,,,THS_SERIES,THS-AL-4.1|THS-AL-4.2,1,2,unregistered,0.30,,,register_pending,P2_auto,0
A-02234,,,,ZN,仓单,锌,上期所锌仓单分地区（手）,上期所锌仓单分地区,unit_variant,手,,THS_SERIES,THS-ZN-4.2,1,1,unregistered,0.30,,,register_pending,P2_auto,0
A-02235,,,,ZN,仓单,锌,上期所锌仓单持有天数（天）,上期所锌仓单持有天数(天,full_name,,,THS_SERIES,THS-ZN-4.2,1,1,unregistered,0.30,,,register_pending,P2_auto,0
A-02236,,,,ZN,仓单,锌,上期所锌仓单注册量（手）,上期所锌仓单注册量,unit_variant,手,,THS_SERIES,THS-ZN-3.2.4|THS-ZN-4.2|THS-ZN-4.4,1,6,unregistered,0.30,,,register_pending,P2_auto,0
A-02237,,,,ZN,仓单,锌,上期所锌仓单量（手）,上期所锌仓单量,unit_variant,手,,THS_SERIES,THS-ZN-2.1|THS-ZN-2.2,1,2,unregistered,0.30,,,register_pending,P2_auto,0
A-02238,,,,ZN,库存,锌,上期所锌库存（手）,上期所锌库存,unit_variant,手,,THS_SERIES,THS-ZN-4.1|THS-ZN-4.3,1,2,unregistered,0.30,,,register_pending,P2_auto,0
A-02239,,,,ZN,库存,锌,上期所锌库存分地区（手）,上期所锌库存分地区,unit_variant,手,,THS_SERIES,THS-ZN-4.1,1,1,unregistered,0.30,,,register_pending,P2_auto,0
A-02240,,,,ZN,注销仓单|仓单,锌,上期所锌注销仓单（手）,上期所锌注销仓单,unit_variant,手,,THS_SERIES,THS-ZN-4.1|THS-ZN-4.2,1,2,unregistered,0.30,,,register_pending,P2_auto,0
A-02241,,,,NI,仓单,镍,上期所镍仓单量（手）,上期所镍仓单量,unit_variant,手,,THS_SERIES,THS-NI-4.1|THS-NI-4.3|THS-NI-5.3,2,6,unregistered,0.30,,,register_pending,P2_auto,0
A-02242,,,,NI,库存|仓单,镍,上期所镍仓单量、LME镍库存,"上期所镍仓单量,LME镍库存",mixed_script,,,THS_SERIES,THS-NI-4.2,1,1,unregistered,0.30,,,register_pending,P2_auto,0
A-02243,,,,NI,注销仓单|仓单,镍,上期所镍仓单量、上期所镍注销仓单量,"上期所镍仓单量,上期所镍注销仓单量",full_name,,,THS_SERIES,THS-NI-4.2,1,1,unregistered,0.30,,,register_pending,P2_auto,0
A-02244,,,,NI,注销仓单|占比|仓单,镍,上期所镍仓单量、上期所镍注销仓单量、注销占比,"上期所镍仓单量,上期所镍注销仓单量,注销占比",full_name,,,THS_SERIES,THS-NI-4.2,1,1,unregistered,0.30,,,register_pending,P2_auto,0
A-02245,,,,NI,仓单,镍,上期所镍仓单量、沪镍主力合约收盘价,"上期所镍仓单量,沪镍主力合约收盘价",full_name,,,THS_SERIES,THS-NI-4.2,1,1,unregistered,0.30,,,register_pending,P2_auto,0
A-02246,,,,NI,升贴水|贴水|仓单,镍,上期所镍仓单量、镍现货升贴水,"上期所镍仓单量,镍现货升贴水",full_name,,,THS_SERIES,THS-NI-4.2,1,1,unregistered,0.30,,,register_pending,P2_auto,0
A-02247,,,,NI,月间结构,镍,上期所镍月间结构,上期所镍月间结构,full_name,,,PDF_TEMPLATE,TPL-NI-001,1,1,unregistered,0.30,,,register_pending,P2_auto,0
A-02248,,,,NI,价格,镍,上期所镍期货价格指数：收盘价（日）,上期所镍期货价格指数:收盘价(日,full_name,,,THS_MATCHED,THS-NI-2.3,1,1,unregistered,0.30,,,register_pending,P2_auto,0
A-02249,,,,NI,注销仓单|仓单,镍,上期所镍注销仓单量（手）,上期所镍注销仓单量,unit_variant,手,,THS_SERIES,THS-NI-4.1|THS-NI-4.2,1,2,unregistered,0.30,,,register_pending,P2_auto,0
A-02252,,,,CU,库存,无,上海、广东、江苏、浙江、江西等区域库存,"上海,广东,江苏,浙江,江西等区域库存",full_name,,,THS_SERIES,THS-CU-4.3,1,1,unregistered,0.30,,,register_pending,P2_auto,0
A-02253,,,,CU,库存,无,上海、广东等保税区库存,"上海,广东等保税区库存",full_name,,,THS_SERIES,THS-CU-4.4,1,1,unregistered,0.30,,,register_pending,P2_auto,0
A-02254,,,,CU,仓单,无,上海、江苏、广东、浙江等仓单数量,"上海,江苏,广东,浙江等仓单数量",full_name,,,THS_SERIES,THS-CU-4.2,1,1,unregistered,0.30,,,register_pending,P2_auto,0
A-02255,,,,CU,库存,铜,上海保税区铜库存、广东保税区铜库存,"上海保税区铜库存,广东保税区铜库存",full_name,,,THS_SERIES,THS-CU-4.4,1,1,unregistered,0.30,,,register_pending,P2_auto,0
A-02256,,,,NI,仓单,无,上海地区仓单量（手）,上海地区仓单量,unit_variant,手,,THS_SERIES,THS-NI-4.1|THS-NI-4.2,1,2,unregistered,0.30,,,register_pending,P2_auto,0
A-02257,,,,NI,仓单,无,上海地区仓单量、广东地区仓单量、浙江地区仓单量,"上海地区仓单量,广东地区仓单量,浙江地区仓单量",full_name,,,THS_SERIES,THS-NI-4.1,1,1,unregistered,0.30,,,register_pending,P2_auto,0
A-02258,,,,NI,社会库存|库存,无,上海地区社会库存（万吨）,上海地区社会库存,unit_variant,万吨,,THS_SERIES,THS-NI-4.3,1,1,unregistered,0.30,,,register_pending,P2_auto,0
A-02259,,,,NI,社会库存|库存,无,上海地区社会库存、广东地区社会库存、浙江地区社会库存,"上海地区社会库存,广东地区社会库存,浙江地区社会库存",full_name,,,THS_SERIES,THS-NI-4.3,1,1,unregistered,0.30,,,register_pending,P2_auto,0
A-02260,,,,CU,库存,无,上海库存、广东库存、江苏库存,"上海库存,广东库存,江苏库存",full_name,,,THS_SERIES,THS-CU-4.3,1,1,unregistered,0.30,,,register_pending,P2_auto,0
A-02261,,,,ZN,升贴水|贴水,锌,上海锌现货升贴水（元/吨）,上海锌现货升贴水,unit_variant,元/吨,,THS_SERIES,THS-ZN-2.2,1,1,unregistered,0.30,,,register_pending,P2_auto,0
A-02262,,,,NI,未识别,镍,不同镍产品折镍价,不同镍产品折镍价,full_name,,,PDF_TEMPLATE,TPL-NI-004,1,1,unregistered,0.30,,,register_pending,P2_auto,0
A-02270,,,,NI,未识别,不锈钢,不锈钢出口金额（亿美元）,不锈钢出口金额,unit_variant,亿美元,,THS_SERIES,THS-NI-6.3,1,1,unregistered,0.30,,,register_pending,P2_auto,0
A-02275,,,,NI,未识别,不锈钢|镍,不锈钢废料再生镍量（万吨）,不锈钢废料再生镍量,unit_variant,万吨,,THS_SERIES,THS-NI-3.2|THS-NI-3.2.3,2,3,unregistered,0.30,,,register_pending,P2_auto,0
A-02276,,,,NI,未识别,不锈钢,不锈钢废料及碎料：进口数量：日本→菲律宾（月）,不锈钢废料及碎料:进口数量:日本→菲律宾(月,full_name,,,THS_MATCHED,THS-NI-3.2|THS-NI-3.2.3,1,2,unregistered,0.30,,,register_pending,P2_auto,0
A-02277,,,,NI,进口量,不锈钢,不锈钢废料进口量（万吨）,不锈钢废料进口量,unit_variant,万吨,,THS_SERIES,THS-NI-3.2.3,1,1,unregistered,0.30,,,register_pending,P2_auto,0
A-02278,,,,NI,开工率|开工,不锈钢,不锈钢开工率（%）,不锈钢开工率,unit_variant,%,,THS_SERIES,THS-NI-5.1|THS-NI-5.3,2,3,unregistered,0.30,,,register_pending,P2_auto,0
A-02279,,,,NI,未识别,不锈钢,不锈钢排产计划（万吨）,不锈钢排产计划,unit_variant,万吨,,THS_SERIES,THS-NI-5.1|THS-NI-5.3,1,2,unregistered,0.30,,,register_pending,P2_auto,0
A-02281,,,,NI,产量,不锈钢,不锈钢终端产量（万吨）,不锈钢终端产量,unit_variant,万吨,,THS_SERIES,THS-NI-5.2,1,1,unregistered,0.30,,,register_pending,P2_auto,0
A-02282,,,,NI,未识别,不锈钢,不锈钢结构,不锈钢结构,full_name,,,PDF_TEMPLATE,TPL-NI-027,1,1,unregistered,0.30,,,register_pending,P2_auto,0
A-02283,,,,NI,表观消费|消费,不锈钢,不锈钢表观消费（万吨）,不锈钢表观消费,unit_variant,万吨,,THS_SERIES,THS-NI-5.2,1,1,unregistered,0.30,,,register_pending,P2_auto,0
A-02284,,,,NI,表观消费|消费量|消费,不锈钢,不锈钢表观消费量,不锈钢表观消费量,full_name,,,THS_SERIES,THS-NI-5.2,1,1,unregistered,0.30,,,register_pending,P2_auto,0
A-02285,,,,NI,表观消费|消费量|消费,不锈钢,不锈钢表观消费量、三元电池排产,"不锈钢表观消费量,三元电池排产",full_name,,,THS_SERIES,THS-NI-5.2,1,1,unregistered,0.30,,,register_pending,P2_auto,0
A-02286,,,,NI,表观消费|消费量|消费,不锈钢|镍,不锈钢表观消费量、沪镍主力合约收盘价,"不锈钢表观消费量,沪镍主力合约收盘价",full_name,,,THS_SERIES,THS-NI-5.2,1,1,unregistered,0.30,,,register_pending,P2_auto,0
A-02289,,,,AL,成本,无,中位成本,中位成本,full_name,,,THS_SERIES,THS-AL-3.1,1,1,unregistered,0.30,,,register_pending,P2_auto,0
A-02296,,,,LI,未识别,无,中国：3年期标准国开债远期合约：占总成交比（月）,中国:3年期标准国开债远期合约:占总成交比(月,full_name,,,THS_MATCHED,THS-LI-2.6|THS-SN-2.6,1,2,unregistered,0.30,,,register_pending,P2_auto,0
A-02297,,,,LI,未识别,无,中国：3年期标准国开债远期合约：成交额（月）,中国:3年期标准国开债远期合约:成交额(月,full_name,,,THS_MATCHED,THS-LI-4.2|THS-ZN-4.3|THS-ZN-7.1,1,25,unregistered,0.30,,,register_pending,P2_auto,0
A-02298,,,,NI,未识别,无,中国：3年期标准国开债远期合约：成交额与前值差（月）,中国:3年期标准国开债远期合约:成交额与前值差(月,full_name,,,THS_MATCHED,THS-NI-2.4|THS-SN-2.4|THS-ZN-2.4,1,6,unregistered,0.30,,,register_pending,P2_auto,0
A-02299,,,,LI,未识别,无,中国：3年港元隐含利率曲线：FR007：收盘/即期询价均值（日）,中国:3年港元隐含利率曲线:FR007:收盘/即期询价均值(日,mixed_script,,,THS_MATCHED,THS-NI-4.1|THS-NI-4.2|THS-SN-2.6,1,4,unregistered,0.30,,,register_pending,P2_auto,0
A-02301,,,,LI,未识别,无,中国：标准债券远期合约：成交笔数与前值差（月）,中国:标准债券远期合约:成交笔数与前值差(月,full_name,,,THS_MATCHED,THS-LI-2.1|THS-LI-2.4|THS-SN-2.1,1,7,unregistered,0.30,,,register_pending,P2_auto,0
A-02303,,,,SN,进出口,无,中国：进出口金额：机床工具（年）,中国:进出口金额:机床工具(年,full_name,,,THS_MATCHED,THS-SN-6.2|THS-SN-6.3|THS-SN-6.4,1,3,unregistered,0.30,,,register_pending,P2_auto,0
A-02304,,,,AL,社会库存|库存,电解铝|铝,中国主要地区/市场电解铝社会库存,中国主要地区/市场电解铝社会库存,full_name,,,THS_SERIES,THS-AL-4.2,1,1,unregistered,0.30,,,register_pending,P2_auto,0
A-02305,,,,AL,社会库存|库存,电解铝|铝,中国主要地区电解铝社会库存,中国主要地区电解铝社会库存,full_name,,,THS_SERIES,THS-AL-4.3,1,1,unregistered,0.30,,,register_pending,P2_auto,0
A-02306,,,,NI,未识别,镍精矿|镍,中国从印尼进口镍精矿量（万吨）,中国从印尼进口镍精矿量,unit_variant,万吨,,THS_SERIES,THS-NI-3.1.1|THS-NI-3.1.4,1,2,unregistered,0.30,,,register_pending,P2_auto,0
A-02307,,,,NI,未识别,镍精矿|镍,中国从新喀里多尼亚进口镍精矿量（万吨）,中国从新喀里多尼亚进口镍精矿量,unit_variant,万吨,,THS_SERIES,THS-NI-3.1.1|THS-NI-3.1.4,1,2,unregistered,0.30,,,register_pending,P2_auto,0
A-02308,,,,NI,未识别,镍精矿|镍,中国从菲律宾进口镍精矿量（万吨）,中国从菲律宾进口镍精矿量,unit_variant,万吨,,THS_SERIES,THS-NI-3.1.1|THS-NI-3.1.4,1,2,unregistered,0.30,,,register_pending,P2_auto,0
A-02314,,,,LI,未识别,动力电池|磷酸铁锂|锂,中国动力电池装车量：磷酸铁锂,中国动力电池装车量:磷酸铁锂,full_name,,,PDF_TEMPLATE,TPL-NI-024,1,1,unregistered,0.30,,,register_pending,P2_auto,0
A-02321,,,,AL,进口量,废铝|铝,中国废铝月度进口量,中国废铝月度进口量,full_name,,,THS_SERIES,THS-AL-6.2,1,1,unregistered,0.30,,,register_pending,P2_auto,0
A-02322,,,,AL,进口量,废铝|铝,中国废铝进口量,中国废铝进口量,full_name,,,THS_SERIES,THS-AL-6.1,1,1,unregistered,0.30,,,register_pending,P2_auto,0
A-02331,,,,SI,占比,工业硅|硅,中国期货协会：工业硅：成交额占比：广州期货（月）,中国期货协会:工业硅:成交额占比:广州期货(月,full_name,,,THS_MATCHED,THS-SI-4.1|THS-SI-4.2,1,2,unregistered,0.30,,,register_pending,P2_auto,0
A-02332,,,,AL,未识别,铝,中国期货协会：铝：成交额：上期所（月）,中国期货协会:铝:成交额:上期所(月,full_name,,,THS_MATCHED,THS-AL-4.1|THS-AL-4.2,1,2,unregistered,0.30,,,register_pending,P2_auto,0
A-02333,,,,NI,成交量,镍,中国期货协会：镍：成交量：上期所（月）,中国期货协会:镍:成交量:上期所(月,full_name,,,THS_MATCHED,THS-NI-4.1|THS-NI-4.3|THS-NI-5.3,1,5,unregistered,0.30,,,register_pending,P2_auto,0
A-02334,,,,AL,出口量,铝材|铝,中国未锻轧铝及铝材月度出口量,中国未锻轧铝及铝材月度出口量,full_name,,,THS_SERIES,THS-AL-6.2,1,1,unregistered,0.30,,,register_pending,P2_auto,0
A-02335,,,,AL,进口量,铝材|铝,中国未锻轧铝及铝材月度进口量,中国未锻轧铝及铝材月度进口量,full_name,,,THS_SERIES,THS-AL-6.2,1,1,unregistered,0.30,,,register_pending,P2_auto,0
A-02336,,,,AL|AO,未识别,氧化铝|铝,中国氧化铝进口/出口/净进口,中国氧化铝进口/出口/净进口,full_name,,,THS_SERIES,THS-AL-6.1,1,1,unregistered,0.30,,,register_pending,P2_auto,0
A-02385,,,,AL,库存,电解铝|铝锭|铝,中国电解铝企业厂内铝锭库存,中国电解铝企业厂内铝锭库存,full_name,,,THS_SERIES,THS-AL-4.3,1,1,unregistered,0.30,,,register_pending,P2_auto,0
A-02386,,,,NI,净进口量|进口量,电解镍|镍,中国电解镍净进口量,中国电解镍净进口量,cross_report_synonym,,,PDF_TEMPLATE|RISK_DB_SRC,RISK-010|TPL-NI-008,1,2,unregistered,0.30,,,register_pending,P2_auto,0
A-02387,,,,SI,产能,硅矿|硅,中国硅矿月产能（万吨）,中国硅矿月产能,unit_variant,万吨,,THS_SERIES,THS-SI-3.1.2,1,1,unregistered,0.30,,,register_pending,P2_auto,0
A-02388,,,,SI,产能利用率|产能,硅矿|硅,中国硅矿月产能利用率（%）,中国硅矿月产能利用率,unit_variant,%,,THS_SERIES,THS-SI-3.1.2,1,1,unregistered,0.30,,,register_pending,P2_auto,0
A-02389,,,,SI,产量,硅矿|硅,中国硅矿月产量（万吨）,中国硅矿月产量,unit_variant,万吨,,THS_SERIES,THS-SI-3.1.2,1,1,unregistered,0.30,,,register_pending,P2_auto,0
A-02390,,,,SI,生产量|产量,硅矿|硅,中国硅矿月再生产量（万吨）,中国硅矿月再生产量,unit_variant,万吨,,THS_SERIES,THS-SI-3.1.2,1,1,unregistered,0.30,,,register_pending,P2_auto,0
A-02391,,,,SI,加工费TC|加工费|TC,硅矿|硅,中国硅矿月加工费TC（元/吨）,中国硅矿月加工费TC,unit_variant,元/吨,,THS_SERIES,THS-SI-3.1.2,1,1,unregistered,0.30,,,register_pending,P2_auto,0
A-02392,,,,SI,开工率|开工,硅矿|硅,中国硅矿月开工率（%）,中国硅矿月开工率,unit_variant,%,,THS_SERIES,THS-SI-3.1.2,1,1,unregistered,0.30,,,register_pending,P2_auto,0
A-02393,,,,SI,未识别,硅矿|硅,中国硅矿月进口总量（万吨）,中国硅矿月进口总量,unit_variant,万吨,,THS_SERIES,THS-SI-3.1.4,1,1,unregistered,0.30,,,register_pending,P2_auto,0
A-02394,,,,SI,进口量,硅矿|硅,中国硅矿月进口量（万吨）,中国硅矿月进口量,unit_variant,万吨,,THS_SERIES,THS-SI-3.1.2,1,1,unregistered,0.30,,,register_pending,P2_auto,0
A-02395,,,,SI,进口量,硅矿|硅,中国硅矿月进口量分国别（万吨）,中国硅矿月进口量分国别,unit_variant,万吨,,THS_SERIES,THS-SI-3.1.4,1,1,unregistered,0.30,,,register_pending,P2_auto,0
A-02402,,,,NI,库存|仓单,精炼镍|镍,中国精炼镍仓单库存,中国精炼镍仓单库存,full_name,,,THS_SERIES,THS-NI-4.1,1,1,unregistered,0.30,,,register_pending,P2_auto,0
A-02403,,,,LI,持仓量|持仓,无,中国金融期货交易所：30年国债：单边交易：持仓量（日）,中国金融期货交易所:30年国债:单边交易:持仓量(日,full_name,,,THS_MATCHED,THS-LI-2.1|THS-SN-2.1,1,2,unregistered,0.30,,,register_pending,P2_auto,0
A-02404,,,,AL,出口量,铝,中国铝制品月度出口量,中国铝制品月度出口量,full_name,,,THS_SERIES,THS-AL-6.3,1,1,unregistered,0.30,,,register_pending,P2_auto,0
A-02405,,,,AL,进口量|出口量,铝合金|铝,中国铝合金月度进口量/出口量,中国铝合金月度进口量/出口量,full_name,,,THS_SERIES,THS-AL-6.2,1,1,unregistered,0.30,,,register_pending,P2_auto,0
A-02406,,,,AL|AO,进口量,铝土矿|铝土|铝,中国铝土矿月度进口量,中国铝土矿月度进口量,full_name,,,THS_SERIES,THS-AL-6.1,1,1,unregistered,0.30,,,register_pending,P2_auto,0
A-02407,,,,AL,出口量,铝材|铝,中国铝材月度出口量,中国铝材月度出口量,full_name,,,THS_SERIES,THS-AL-6.3,1,1,unregistered,0.30,,,register_pending,P2_auto,0
A-02409,,,,NI,到港量,镍矿|镍,中国镍矿到港量（万吨）,中国镍矿到港量,unit_variant,万吨,,THS_SERIES,THS-NI-7.3,1,1,unregistered,0.30,,,register_pending,P2_auto,0
A-02414,,,,AL,占比|产量,无,亏损产量占比,亏损产量占比,full_name,,,THS_SERIES,THS-AL-3.1,1,1,unregistered,0.30,,,register_pending,P2_auto,0
A-02417,,,,NI,产能利用率|产能,镍矿|镍,云南镍矿产能利用率（%）,云南镍矿产能利用率,unit_variant,%,,THS_SERIES,THS-NI-3.1.3,1,1,unregistered,0.30,,,register_pending,P2_auto,0
A-02418,,,,NI,产量,镍矿|镍,云南镍矿产量（万吨）,云南镍矿产量,unit_variant,万吨,,THS_SERIES,THS-NI-3.1.3,1,1,unregistered,0.30,,,register_pending,P2_auto,0
A-02419,,,,NI,开工,镍矿|镍,云南镍矿开工天数（天/月）,云南镍矿开工天数(天/月,full_name,,,THS_SERIES,THS-NI-3.1.3,1,1,unregistered,0.30,,,register_pending,P2_auto,0
A-02420,,,,NI,未识别,镍矿|镍,云南镍矿检修量（万吨）,云南镍矿检修量,unit_variant,万吨,,THS_SERIES,THS-NI-3.1.3,1,1,unregistered,0.30,,,register_pending,P2_auto,0
A-02423,,,,LI,产量,锂,亚洲锂矿产量（万吨LCE）,亚洲锂矿产量,unit_variant,万吨LCE,,THS_SERIES,THS-LI-3.1.2,1,1,unregistered,0.30,,,register_pending,P2_auto,0
A-02424,,,,NI,开工率|开工,无,产业在线：HFC-32：开工率：中国（年）,产业在线:HFC-32:开工率:中国(年,mixed_script,,,THS_MATCHED,THS-SN-3.2.2|THS-SN-3.2.3|THS-SN-5.1,1,16,unregistered,0.30,,,register_pending,P2_auto,0
A-02429,,,,LI,库存天数|库存|仓单,无,仓单库存天数（天）,仓单库存天数(天,full_name,,,THS_SERIES,THS-LI-4.2,1,1,unregistered,0.30,,,register_pending,P2_auto,0
A-02430,,,,LI,仓单,无,仓单数量（万吨LCE）,仓单数量,unit_variant,万吨LCE,,THS_SERIES,THS-LI-4.1|THS-LI-4.2,1,2,unregistered,0.30,,,register_pending,P2_auto,0
A-02431,,,,LI,仓单,无,仓单注册量（手）,仓单注册量,unit_variant,吨|手,变化,THS_SERIES,THS-LI-2.4|THS-NI-2.2|THS-SN-2.1,3,6,unregistered,0.30,,,register_pending,P2_auto,0
A-02432,,,,CU,销量|仓单,无,仓单注册量、仓单注销量、仓单总量,"仓单注册量,仓单注销量,仓单总量",full_name,,,THS_SERIES,THS-CU-4.2,1,1,unregistered,0.30,,,register_pending,P2_auto,0
A-02433,,,,LI,占比|仓单,无,仓单注销占比（%）,仓单注销占比,unit_variant,%,,THS_SERIES,THS-LI-4.2,1,1,unregistered,0.30,,,register_pending,P2_auto,0
A-02434,,,,NI,价差,电解镍|镍,价差（电解镍-NPI,价差(电解镍-NPI,mixed_script,,,THS_SERIES,THS-NI-2.2,1,1,unregistered,0.30,,,register_pending,P2_auto,0
A-02435,,,,AL,社会库存|库存,无,优特钢：社会库存：中国（周）,优特钢:社会库存:中国(周,full_name,,,THS_MATCHED,THS-AL-4.2,1,1,unregistered,0.30,,,register_pending,P2_auto,0
A-02436,,,,LI,未识别,无,估值分位（%）,估值分位,unit_variant,%,,THS_SERIES,THS-LI-2.5,1,1,unregistered,0.30,,,register_pending,P2_auto,0
A-02437,,,,AL,成本,无,估算辅料成本,估算辅料成本,full_name,,,THS_SERIES,THS-AL-3.2,1,1,unregistered,0.30,,,register_pending,P2_auto,0
A-02438,,,,NI,产量,镍生铁|镍,低镍生铁：产量：中国：实物量（月）,低镍生铁:产量:中国:实物量(月,full_name,,,THS_MATCHED,THS-NI-7.3,1,1,unregistered,0.30,,,register_pending,P2_auto,0
A-02440,,,,SN,占比,无,俄罗斯发运占比（%）,俄罗斯发运占比,unit_variant,%,,THS_SERIES,THS-SN-6.4,1,1,unregistered,0.30,,,register_pending,P2_auto,0
A-02441,,,,SN,未识别,无,俄罗斯发运量（万吨）,俄罗斯发运量,unit_variant,万吨,,THS_SERIES,THS-SN-6.4,1,1,unregistered,0.30,,,register_pending,P2_auto,0
A-02442,,,,SN,开工率|开工,精炼锡|锡,俄罗斯精炼锡开工率（%）,俄罗斯精炼锡开工率,unit_variant,%,,THS_SERIES,THS-SN-3.2.2,1,1,unregistered,0.30,,,register_pending,P2_auto,0
A-02443,,,,SN,加工费TC|加工费|TC,锡矿|锡,俄罗斯锡矿加工费TC（美元/吨）,俄罗斯锡矿加工费TC,unit_variant,美元/吨,,THS_SERIES,THS-SN-3.1.5,1,1,unregistered,0.30,,,register_pending,P2_auto,0
A-02444,,,,SN,进口量,锡矿|锡,俄罗斯锡矿进口量（万吨）,俄罗斯锡矿进口量,unit_variant,万吨,时序图,THS_SERIES,THS-SN-3.1.4,2,2,unregistered,0.30,,,register_pending,P2_auto,0
A-02445,,,,SN,进口量|占比,锡矿|锡,俄罗斯锡矿进口量占比（%）,俄罗斯锡矿进口量占比,unit_variant,%,,THS_SERIES,THS-SN-3.1.4,1,1,unregistered,0.30,,,register_pending,P2_auto,0
A-02446,,,,SN,产量,锡精矿|锡,俄罗斯锡精矿产量（万吨）,俄罗斯锡精矿产量,unit_variant,万吨,时序图,THS_SERIES,THS-SN-3.1.2,2,2,unregistered,0.30,,,register_pending,P2_auto,0
A-02447,,,,SN,占比|产量,锡精矿|锡,俄罗斯锡精矿产量占比（%）,俄罗斯锡精矿产量占比,unit_variant,%,,THS_SERIES,THS-SN-3.1.2,1,1,unregistered,0.30,,,register_pending,P2_auto,0
A-02448,,,,SN,进口量,锡精矿|锡,俄罗斯锡精矿进口量（万吨）,俄罗斯锡精矿进口量,unit_variant,万吨,,THS_SERIES,THS-SN-6.1,1,1,unregistered,0.30,,,register_pending,P2_auto,0
A-02449,,,,SN,出口量,锡锭|锡,俄罗斯锡锭出口量（万吨）,俄罗斯锡锭出口量,unit_variant,万吨,,THS_SERIES,THS-SN-6.2,1,1,unregistered,0.30,,,register_pending,P2_auto,0
A-02450,,,,SN,进口量,锡锭|锡,俄罗斯锡锭进口量（万吨）,俄罗斯锡锭进口量,unit_variant,万吨,,THS_SERIES,THS-SN-6.2,1,1,unregistered,0.30,,,register_pending,P2_auto,0
A-02451,,,,SN,仓单,无,保税区仓单（手）,保税区仓单,unit_variant,手,时序图,THS_SERIES,THS-SN-6.2|THS-SN-6.3|THS-SN-6.4,2,5,unregistered,0.30,,,register_pending,P2_auto,0
A-02452,,,,SN,库存,无,保税区库存（万吨）,保税区库存,unit_variant,万吨,,THS_SERIES,THS-SN-6.1,1,1,unregistered,0.30,,,register_pending,P2_auto,0
A-02453,,,,CU,盈亏|库存|价差,无,保税区库存、沪伦进口盈亏或COMEX-LME价差,"保税区库存,沪伦进口盈亏或COMEX-LME价差",mixed_script,,,THS_SERIES,THS-CU-4.4,1,1,unregistered,0.30,,,register_pending,P2_auto,0
A-02454,,,,CU,库存|利润|价差,无,保税区库存、进口利润、精废价差,"保税区库存,进口利润,精废价差",full_name,,,THS_SERIES,THS-CU-4.4,1,1,unregistered,0.30,,,register_pending,P2_auto,0
A-02455,,,,NI,未识别,无,元/吨）,元/吨,full_name,,,THS_SERIES,THS-NI-2.2|THS-NI-2.4,1,2,unregistered,0.30,,,register_pending,P2_auto,0
A-02459,,,,SN,未识别,无,关税税率（%）,关税税率,unit_variant,%,,THS_SERIES,THS-SN-6.2|THS-SN-6.3|THS-SN-6.4,1,3,unregistered,0.30,,,register_pending,P2_auto,0
A-02462,,,,NI,未识别,无,具体执行,具体执行,full_name,,,THS_SERIES,THS-NI-4.5,1,1,unregistered,0.30,,,register_pending,P2_auto,0
A-02465,,,,LI,产量,氢氧化锂|锂,再生氢氧化锂产量（万吨LCE）,再生氢氧化锂产量,unit_variant,万吨LCE,,THS_SERIES,THS-LI-3.2.3,1,1,unregistered,0.30,,,register_pending,P2_auto,0
A-02466,,,,LI,产量,碳酸锂|锂,再生碳酸锂产量（万吨LCE）,再生碳酸锂产量,unit_variant,万吨LCE,,THS_SERIES,THS-LI-3.2.3,1,1,unregistered,0.30,,,register_pending,P2_auto,0
A-02477,,,,CU,库存,铜杆|铜,再生铜杆企业原料库存,再生铜杆企业原料库存,full_name,,,THS_SERIES,THS-CU-4.5,1,1,unregistered,0.30,,,register_pending,P2_auto,0
A-02479,,,,AL,产量,再生铝|铝合金|铝,再生铝合金月产量,再生铝合金月产量,full_name,,,PDF_TEMPLATE,TPL-AL-026,1,1,unregistered,0.30,,,register_pending,P2_auto,0
A-02483,,,,ZN,产能,锌,再生锌产能（万吨）,再生锌产能,unit_variant,万吨,,THS_SERIES,THS-ZN-3.2.3,1,1,unregistered,0.30,,,register_pending,P2_auto,0
A-02484,,,,ZN,产能利用率|产能,锌,再生锌产能利用率（%）,再生锌产能利用率,unit_variant,%,,THS_SERIES,THS-ZN-3.2.3,1,1,unregistered,0.30,,,register_pending,P2_auto,0
A-02485,,,,ZN,冶炼利润|利润,锌,再生锌冶炼利润（元/吨）,再生锌冶炼利润,unit_variant,元/吨,,THS_SERIES,THS-ZN-2.5,1,1,unregistered,0.30,,,register_pending,P2_auto,0
A-02486,,,,ZN,开工率|开工,锌,再生锌开工率（%）,再生锌开工率,unit_variant,%,,THS_SERIES,THS-ZN-3.2.3,1,1,unregistered,0.30,,,register_pending,P2_auto,0
A-02487,,,,ZN,未识别,锌,再生锌检修量（万吨）,再生锌检修量,unit_variant,万吨,,THS_SERIES,THS-ZN-3.2.3,1,1,unregistered,0.30,,,register_pending,P2_auto,0
A-02488,,,,ZN,盈亏,锌,再生锌进口盈亏（元/吨）,再生锌进口盈亏,unit_variant,元/吨,,THS_SERIES,THS-ZN-3.2.3,1,1,unregistered,0.30,,,register_pending,P2_auto,0
A-02489,,,,ZN,进口量,锌,再生锌进口量（万吨）,再生锌进口量,unit_variant,万吨,,THS_SERIES,THS-ZN-3.2.3,1,1,unregistered,0.30,,,register_pending,P2_auto,0
A-02490,,,,ZN,进口量,锌,再生锌进口量分国别（万吨）,再生锌进口量分国别,unit_variant,万吨,,THS_SERIES,THS-ZN-3.2.3,1,1,unregistered,0.30,,,register_pending,P2_auto,0
A-02491,,,,SN,产能利用率|产能,再生锡|锡,再生锡产能利用率（%）,再生锡产能利用率,unit_variant,%,时序图,THS_SERIES,THS-SN-3.2.3,2,2,unregistered,0.30,,,register_pending,P2_auto,0
A-02492,,,,SN,产量,再生锡|锡,再生锡产量（万吨）,再生锡产量,unit_variant,万吨,时序图,THS_SERIES,THS-SN-3.2.3,2,2,unregistered,0.30,,,register_pending,P2_auto,0
A-02493,,,,SN,价格,再生锡|锡,再生锡价格（元/吨）,再生锡价格,unit_variant,元/吨,时序图,THS_SERIES,THS-SN-2.5|THS-SN-7.3,2,3,unregistered,0.30,,,register_pending,P2_auto,0
A-02494,,,,SN,冶炼利润|利润,再生锡|锡,再生锡冶炼利润（元/吨）,再生锡冶炼利润,unit_variant,元/吨,时序图,THS_SERIES,THS-SN-2.5|THS-SN-3.2.4,2,4,unregistered,0.30,,,register_pending,P2_auto,0
A-02495,,,,SN,开工,再生锡|锡,再生锡开工天数（天）,再生锡开工天数(天,full_name,,,THS_SERIES,THS-SN-3.2.3,1,1,unregistered,0.30,,,register_pending,P2_auto,0
A-02496,,,,SN,开工率|开工,再生锡|锡,再生锡开工率（%）,再生锡开工率,unit_variant,%,时序图,THS_SERIES,THS-SN-3.2.3,2,2,unregistered,0.30,,,register_pending,P2_auto,0
A-02497,,,,SN,未识别,再生锡|锡,再生锡检修量（万吨）,再生锡检修量,unit_variant,万吨,时序图,THS_SERIES,THS-SN-3.2.3,2,2,unregistered,0.30,,,register_pending,P2_auto,0
A-02498,,,,SN,进口量,再生锡|锡,再生锡进口量（万吨）,再生锡进口量,unit_variant,万吨,时序图,THS_SERIES,THS-SN-3.2.3|THS-SN-6.1,2,4,unregistered,0.30,,,register_pending,P2_auto,0
A-02499,,,,SN,进口量,再生锡|锡,再生锡进口量分国别时序图,再生锡进口量分国别,suffix_variant,,时序图,THS_SERIES,THS-SN-6.1,1,1,unregistered,0.30,,,register_pending,P2_auto,0
A-02500,,,,NI,产量,电解镍|镍,再生镍-电解镍产量比（倍）,再生镍-电解镍产量比(倍,full_name,,,THS_SERIES,THS-NI-3.2.3,1,1,unregistered,0.30,,,register_pending,P2_auto,0
A-02501,,,,NI,产量,镍,再生镍产量（万吨）,再生镍产量,unit_variant,万吨,,THS_SERIES,THS-NI-3.2|THS-NI-3.2.3,2,3,unregistered,0.30,,,register_pending,P2_auto,0
A-02502,,,,NI,占比,镍,再生镍占比（%）,再生镍占比,unit_variant,%,,THS_SERIES,THS-NI-3.2.3,1,1,unregistered,0.30,,,register_pending,P2_auto,0
A-02503,,,,AL,未识别,无,冰晶石现货价,冰晶石现货价,full_name,,,THS_SERIES,THS-AL-3.2,1,1,unregistered,0.30,,,register_pending,P2_auto,0
A-02508,,,,NI,未识别,冰镍|镍,冰镍：进口金额合计：中国（月）,冰镍:进口金额合计:中国(月,full_name,,,THS_MATCHED,THS-NI-3.1.4|THS-NI-3.2.3|THS-NI-6.2,1,5,unregistered,0.30,,,register_pending,P2_auto,0
A-02509,,,,LI,产能,无,冶炼产能（万吨LCE）,冶炼产能,unit_variant,万吨LCE,,THS_SERIES,THS-LI-3.2.4,1,1,unregistered,0.30,,,register_pending,P2_auto,0
A-02510,,,,LI,产能利用率|产能,无,冶炼产能利用率（%）,冶炼产能利用率,unit_variant,%,,THS_SERIES,THS-LI-3.2.4,1,1,unregistered,0.30,,,register_pending,P2_auto,0
A-02511,,,,LI,冶炼利润|利润,无,冶炼利润（元/吨）,冶炼利润,unit_variant,元/吨,时序图,THS_SERIES,THS-LI-2.5|THS-SN-7.2|THS-SN-7.3,2,7,unregistered,0.30,,,register_pending,P2_auto,0
A-02514,,,,LI,开工率|开工,无,冶炼开工率（%）,冶炼开工率,unit_variant,%,,THS_SERIES,THS-LI-3.1.5,1,1,unregistered,0.30,,,register_pending,P2_auto,0
A-02515,,,,SN,成本,无,冶炼成本（元/吨）,冶炼成本,unit_variant,元/吨,,THS_SERIES,THS-SN-7.1|THS-SN-7.2,1,2,unregistered,0.30,,,register_pending,P2_auto,0
A-02516,,,,LI,未识别,无,冶炼检修量（万吨LCE）,冶炼检修量,unit_variant,万吨LCE,,THS_SERIES,THS-LI-3.2.4,1,1,unregistered,0.30,,,register_pending,P2_auto,0
A-02520,,,,NI,未识别,不锈钢,冷轧不锈钢：排产：中国（月）,冷轧不锈钢:排产:中国(月,full_name,,,THS_MATCHED,THS-NI-5.1|THS-NI-5.3,1,2,unregistered,0.30,,,register_pending,P2_auto,0
A-02522,,,,AL|AO,未识别,铝土矿|铝土|铝,几内亚铝土矿CIF/FOB,几内亚铝土矿CIF/FOB,mixed_script,,,THS_SERIES,THS-AL-3.3,1,1,unregistered,0.30,,,register_pending,P2_auto,0
A-02524,,,,AL,均价,无,出口金额、出口均价,"出口金额,出口均价",full_name,,,THS_SERIES,THS-AL-6.3,1,1,unregistered,0.30,,,register_pending,P2_auto,0
A-02525,,,,SN,成本,无,分位成本（元/吨）,分位成本,unit_variant,元/吨,,THS_SERIES,THS-SN-7.1|THS-SN-7.2,1,2,unregistered,0.30,,,register_pending,P2_auto,0
A-02526,,,,ENTITY|NI,利润,硫酸镍|硫酸|镍,分原料硫酸镍利润（元/镍吨）,分原料硫酸镍利润,unit_variant,元/镍吨,,THS_SERIES,THS-NI-7.2,1,1,unregistered,0.30,,,register_pending,P2_auto,0
A-02527,,,,ENTITY|NI,利润,硫酸镍|硫酸|镍,分原料硫酸镍利润（元/镍吨）（MHP/高冰镍/镍豆）,分原料硫酸镍利润(元/镍吨),unit_variant,MHP/高冰镍/镍豆,,THS_SERIES,THS-NI-7.2,1,1,unregistered,0.30,,,register_pending,P2_auto,0
A-02528,,,,ENTITY|NI,完全成本|成本,硫酸镍|硫酸|镍,分原料硫酸镍完全成本（元/镍吨）,分原料硫酸镍完全成本,unit_variant,元/镍吨,,THS_SERIES,THS-NI-7.1,1,1,unregistered,0.30,,,register_pending,P2_auto,0
A-02529,,,,SN,加工费TC|加工费|TC,锡矿|锡,分国别锡矿加工费TC时序图,分国别锡矿加工费TC,suffix_variant,,时序图,THS_SERIES,THS-SN-3.1.5,1,1,unregistered,0.30,,,register_pending,P2_auto,0
A-02530,,,,SN,占比|产量,锡精矿|锡,分国别锡精矿产量结构占比时序图,分国别锡精矿产量结构占比,suffix_variant,,时序图,THS_SERIES,THS-SN-3.1.2,1,1,unregistered,0.30,,,register_pending,P2_auto,0
A-02534,,,,NI,未识别,无,删除图数,删除图数,full_name,,,THS_SERIES,THS-NI-7.3,1,1,unregistered,0.30,,,register_pending,P2_auto,0
A-02536,,,,NI,持仓量|持仓,无,前20名多头持仓量,前20名多头持仓量,full_name,,,THS_SERIES,THS-NI-2.1,1,1,unregistered,0.30,,,register_pending,P2_auto,0
A-02537,,,,NI,未识别,无,前20名席位轮动方向（多头增加/空头增加/双增/双减）,前20名席位轮动方向(多头增加/空头增加/双增/双减,full_name,,,THS_SERIES,THS-NI-2.6,1,1,unregistered,0.30,,,register_pending,P2_auto,0
A-02538,,,,NI,持仓,无,前20名持仓总量（手）,前20名持仓总量,unit_variant,手,,THS_SERIES,THS-NI-2.6,1,1,unregistered,0.30,,,register_pending,P2_auto,0
A-02539,,,,NI,持仓,无,前20名持仓集中度（%）,前20名持仓集中度,unit_variant,%,,THS_SERIES,THS-NI-2.6,1,1,unregistered,0.30,,,register_pending,P2_auto,0
A-02540,,,,NI,持仓量|持仓,无,前20名空头持仓量,前20名空头持仓量,full_name,,,THS_SERIES,THS-NI-2.1,1,1,unregistered,0.30,,,register_pending,P2_auto,0
A-02541,,,,LI,持仓,无,前20多头净持仓（手）,前20多头净持仓,unit_variant,手,,THS_SERIES,THS-LI-2.6,1,1,unregistered,0.30,,,register_pending,P2_auto,0
A-02542,,,,ZN,持仓量|持仓,无,前20大净持仓量（手）,前20大净持仓量,unit_variant,手,,THS_SERIES,THS-ZN-2.6,1,1,unregistered,0.30,,,register_pending,P2_auto,0
A-02543,,,,ZN,持仓量|持仓,无,前20大多头持仓量（手）,前20大多头持仓量,unit_variant,手,,THS_SERIES,THS-ZN-2.1|THS-ZN-2.6,1,2,unregistered,0.30,,,register_pending,P2_auto,0
A-02544,,,,ZN,持仓量|持仓,无,前20大空头持仓量（手）,前20大空头持仓量,unit_variant,手,,THS_SERIES,THS-ZN-2.1|THS-ZN-2.6,1,2,unregistered,0.30,,,register_pending,P2_auto,0
A-02545,,,,LI,持仓,无,前20席位总持仓（手）,前20席位总持仓,unit_variant,手,,THS_SERIES,THS-LI-2.6,1,1,unregistered,0.30,,,register_pending,P2_auto,0
A-02546,,,,SN,持仓量|持仓,无,前20总持仓量（手）,前20总持仓量,unit_variant,手,,THS_SERIES,THS-SN-2.6,1,1,unregistered,0.30,,,register_pending,P2_auto,0
A-02547,,,,LI,持仓,无,前20空头净持仓（手）,前20空头净持仓,unit_variant,手,,THS_SERIES,THS-LI-2.6,1,1,unregistered,0.30,,,register_pending,P2_auto,0
A-02548,,,,NI,价格,无,加州空气资源委员会：未来年份碳配额：价格标准差（季）,加州空气资源委员会:未来年份碳配额:价格标准差(季,full_name,,,THS_MATCHED,THS-SI-6.4|THS-SN-6.4|THS-ZN-6.4,1,4,unregistered,0.30,,,register_pending,P2_auto,0
A-02551,,,,AL,价格,无,动力煤价格指数,动力煤价格指数,full_name,,,THS_SERIES,THS-AL-3.3,1,1,unregistered,0.30,,,register_pending,P2_auto,0
A-02552,,,,LI,产量,动力电池,动力电池：产量：中国（月）,动力电池:产量:中国(月,full_name,,,THS_MATCHED,THS-NI-5.1|THS-NI-5.2|THS-NI-5.3,1,3,unregistered,0.30,,,register_pending,P2_auto,0
A-02554,,,,LI,未识别,动力电池|磷酸铁锂|锂,动力电池 出口:磷酸铁锂,动力电池出口:磷酸铁锂,full_name,,,PDF_TEMPLATE,TPL-LC-057|TPL-LC-073|TPL-LC-077,1,6,unregistered,0.30,,,register_pending,P2_auto,0
A-02555,,,,LI,进口量,动力电池,动力电池废料进口量（万吨）,动力电池废料进口量,unit_variant,万吨,,THS_SERIES,THS-NI-3.2.3,1,1,unregistered,0.30,,,register_pending,P2_auto,0
A-02556,,,,LI,开工率|开工,动力电池,动力电池开工率（%）,动力电池开工率,unit_variant,%,,THS_SERIES,THS-NI-5.3,1,1,unregistered,0.30,,,register_pending,P2_auto,0
A-02557,,,,LI,未识别,动力电池,动力电池排产计划（万吨）,动力电池排产计划,unit_variant,万吨,,THS_SERIES,THS-NI-5.1|THS-NI-5.2|THS-NI-5.3,1,3,unregistered,0.30,,,register_pending,P2_auto,0
A-02558,,,,LI,产量,动力电池,动力电池终端产量（万吨）,动力电池终端产量,unit_variant,万吨,,THS_SERIES,THS-NI-5.2,1,1,unregistered,0.30,,,register_pending,P2_auto,0
A-02560,,,,ENTITY|LI,未识别,动力电池|乘用车,动力电池 装车量:插混乘用车,动力电池装车量:插混乘用车,full_name,,,PDF_TEMPLATE,TPL-LC-090|TPL-LC-093|TPL-LC-095,1,3,unregistered,0.30,,,register_pending,P2_auto,0
A-02561,,,,ENTITY|LI,未识别,动力电池|乘用车,动力电池 装车量:纯电动乘用车,动力电池装车量:纯电动乘用车,full_name,,,PDF_TEMPLATE,TPL-LC-094|TPL-LC-096,1,2,unregistered,0.30,,,register_pending,P2_auto,0
A-02563,,,,CU,升贴水|贴水,铜,升水铜升贴水,升水铜升贴水,full_name,,,THS_SERIES,THS-CU-2.3,1,1,unregistered,0.30,,,register_pending,P2_auto,0
A-02565,,,,AL|AO,成本,氧化铝|铝,单吨氧化铝成本,单吨氧化铝成本,full_name,,,THS_SERIES,THS-AL-3.2,1,1,unregistered,0.30,,,register_pending,P2_auto,0
A-02566,,,,AL,成本,无,单吨阳极成本,单吨阳极成本,full_name,,,THS_SERIES,THS-AL-3.2,1,1,unregistered,0.30,,,register_pending,P2_auto,0
A-02568,,,,LI,TC,无,南美TC（元/吨）,南美TC,unit_variant,元/吨,,THS_SERIES,THS-LI-3.1.5,1,1,unregistered,0.30,,,register_pending,P2_auto,0
A-02569,,,,LI,占比,无,南美进口占比（%）,南美进口占比,unit_variant,%,,THS_SERIES,THS-LI-3.1.4,1,1,unregistered,0.30,,,register_pending,P2_auto,0
A-02570,,,,LI,进口量,无,南美进口量（万吨LCE）,南美进口量,unit_variant,万吨LCE,,THS_SERIES,THS-LI-3.1.4,1,1,unregistered,0.30,,,register_pending,P2_auto,0
A-02571,,,,LI,产量,锂,南美锂矿产量（万吨LCE）,南美锂矿产量,unit_variant,万吨LCE,,THS_SERIES,THS-LI-3.1.2,1,1,unregistered,0.30,,,register_pending,P2_auto,0
A-02573,,,,ZN,产能利用率|产能,锌矿|锌,南非锌矿产能利用率（%）,南非锌矿产能利用率,unit_variant,%,,THS_SERIES,THS-ZN-3.1.2,1,1,unregistered,0.30,,,register_pending,P2_auto,0
A-02574,,,,ZN,产量,锌矿|锌,南非锌矿产量（万吨）,南非锌矿产量,unit_variant,万吨,,THS_SERIES,THS-ZN-3.1.2,1,1,unregistered,0.30,,,register_pending,P2_auto,0
A-02575,,,,ZN,生产量|产量,锌矿|锌,南非锌矿再生产量（万吨）,南非锌矿再生产量,unit_variant,万吨,,THS_SERIES,THS-ZN-3.1.2,1,1,unregistered,0.30,,,register_pending,P2_auto,0
A-02576,,,,ZN,开工率|开工,锌矿|锌,南非锌矿开工率（%）,南非锌矿开工率,unit_variant,%,,THS_SERIES,THS-ZN-3.1.2,1,1,unregistered,0.30,,,register_pending,P2_auto,0
A-02577,,,,ZN,未识别,锌矿|锌,南非锌矿检修量（万吨）,南非锌矿检修量,unit_variant,万吨,,THS_SERIES,THS-ZN-3.1.2,1,1,unregistered,0.30,,,register_pending,P2_auto,0
A-02578,,,,ZN,进口量,锌矿|锌,南非锌矿进口量（万吨）,南非锌矿进口量,unit_variant,万吨,,THS_SERIES,THS-ZN-3.1.2|THS-ZN-3.1.4,1,2,unregistered,0.30,,,register_pending,P2_auto,0
A-02579,,,,ZN,产量,锌,南非锌精炼产量（万吨）,南非锌精炼产量,unit_variant,万吨,,THS_SERIES,THS-ZN-3.1.2,1,1,unregistered,0.30,,,register_pending,P2_auto,0
A-02580,,,,NI,进口量,无,印尼-菲律宾进口量比（倍）,印尼-菲律宾进口量比(倍,full_name,,,THS_SERIES,THS-NI-3.1.4,1,1,unregistered,0.30,,,register_pending,P2_auto,0
A-02582,,,,NI,出口量,不锈钢,印尼不锈钢出口量（万吨）,印尼不锈钢出口量,unit_variant,万吨,,THS_SERIES,THS-NI-6.3,1,1,unregistered,0.30,,,register_pending,P2_auto,0
A-02584,,,,SN,产能,再生锡|锡,印尼再生锡产能（万吨）,印尼再生锡产能,unit_variant,万吨,,THS_SERIES,THS-SN-3.2.3,1,1,unregistered,0.30,,,register_pending,P2_auto,0
A-02585,,,,SN,产量,再生锡|锡,印尼再生锡产量（万吨）,印尼再生锡产量,unit_variant,万吨,,THS_SERIES,THS-SN-3.2.3,1,1,unregistered,0.30,,,register_pending,P2_auto,0
A-02586,,,,SN,进口量,再生锡|锡,印尼再生锡进口量（万吨）,印尼再生锡进口量,unit_variant,万吨,,THS_SERIES,THS-SN-6.1,1,1,unregistered,0.30,,,register_pending,P2_auto,0
A-02589,,,,SN,占比,无,印尼出口占比（%）,印尼出口占比,unit_variant,%,,THS_SERIES,THS-SN-6.3,1,1,unregistered,0.30,,,register_pending,P2_auto,0
A-02590,,,,SN,厂内库存|库存,无,印尼厂内库存（万吨）,印尼厂内库存,unit_variant,万吨,,THS_SERIES,THS-SN-4.4,1,1,unregistered,0.30,,,register_pending,P2_auto,0
A-02591,,,,SN,厂内库存|库存|占比,无,印尼厂内库存占比（%）,印尼厂内库存占比,unit_variant,%,,THS_SERIES,THS-SN-4.4,1,1,unregistered,0.30,,,register_pending,P2_auto,0
A-02592,,,,SN,占比,无,印尼发运占比（%）,印尼发运占比,unit_variant,%,,THS_SERIES,THS-SN-6.4,1,1,unregistered,0.30,,,register_pending,P2_auto,0
A-02593,,,,SN,未识别,无,印尼发运量（万吨）,印尼发运量,unit_variant,万吨,,THS_SERIES,THS-SN-6.4,1,1,unregistered,0.30,,,register_pending,P2_auto,0
A-02594,,,,SN,在途库存|库存|占比,无,印尼在途库存占比（%）,印尼在途库存占比,unit_variant,%,,THS_SERIES,THS-SN-4.5,1,1,unregistered,0.30,,,register_pending,P2_auto,0
A-02596,,,,SN,消费|占比,无,印尼消费占比（%）,印尼消费占比,unit_variant,%,,THS_SERIES,THS-SN-5.1,1,1,unregistered,0.30,,,register_pending,P2_auto,0
A-02597,,,,SN,出口量,锡,印尼电子级锡出口量（万吨）,印尼电子级锡出口量,unit_variant,万吨,,THS_SERIES,THS-SN-6.3,1,1,unregistered,0.30,,,register_pending,P2_auto,0
A-02598,,,,NI,进口量,电解镍|镍,印尼电解镍进口量（万吨）,印尼电解镍进口量,unit_variant,万吨,,THS_SERIES,THS-NI-6.2,1,1,unregistered,0.30,,,register_pending,P2_auto,0
A-02599,,,,NI,产量,无,印尼矿-精炼产量比（倍）,印尼矿-精炼产量比(倍,full_name,,,THS_SERIES,THS-NI-3.1.2,1,1,unregistered,0.30,,,register_pending,P2_auto,0
A-02600,,,,SN,社会库存|库存,无,印尼社会库存（万吨）,印尼社会库存,unit_variant,万吨,,THS_SERIES,THS-SN-4.3,1,1,unregistered,0.30,,,register_pending,P2_auto,0
A-02601,,,,SN,社会库存|库存|占比,无,印尼社会库存占比（%）,印尼社会库存占比,unit_variant,%,,THS_SERIES,THS-SN-4.3,1,1,unregistered,0.30,,,register_pending,P2_auto,0
A-02602,,,,SN,冶炼利润|利润,精炼锡|锡,印尼精炼锡冶炼利润（元/吨）,印尼精炼锡冶炼利润,unit_variant,元/吨,,THS_SERIES,THS-SN-3.2.4,1,1,unregistered,0.30,,,register_pending,P2_auto,0
A-02604,,,,SN,开工率|开工,精炼锡|锡,印尼精炼锡开工率（%）,印尼精炼锡开工率,unit_variant,%,,THS_SERIES,THS-SN-3.2.2,1,1,unregistered,0.30,,,register_pending,P2_auto,0
A-02606,,,,SN,消费|占比,无,印尼终端消费占比（%）,印尼终端消费占比,unit_variant,%,,THS_SERIES,THS-SN-5.2,1,1,unregistered,0.30,,,register_pending,P2_auto,0
A-02607,,,,NI,占比,无,印尼进口占比（%）,印尼进口占比,unit_variant,%,,THS_SERIES,THS-NI-3.1.4,1,1,unregistered,0.30,,,register_pending,P2_auto,0
A-02608,,,,NI,未识别,无,印尼进口在途量（万吨）,印尼进口在途量,unit_variant,万吨,,THS_SERIES,THS-NI-4.5,1,1,unregistered,0.30,,,register_pending,P2_auto,0
A-02609,,,,NI,未识别,无,印尼进口在途量、菲律宾进口在途量、新喀里多尼亚进口在途量,"印尼进口在途量,菲律宾进口在途量,新喀里多尼亚进口在途量",full_name,,,THS_SERIES,THS-NI-4.5,1,1,unregistered,0.30,,,register_pending,P2_auto,0
A-02610,,,,NI,进口量,无,印尼进口量（万吨）,印尼进口量,unit_variant,万吨,,THS_SERIES,THS-NI-3.1.4,1,1,unregistered,0.30,,,register_pending,P2_auto,0
A-02611,,,,SN,出口量,锡矿|锡,印尼锡矿出口量时序图,印尼锡矿出口量,suffix_variant,,时序图,THS_SERIES,THS-SN-3.1.4,1,1,unregistered,0.30,,,register_pending,P2_auto,0
A-02612,,,,SN,加工费TC|加工费|TC,锡矿|锡,印尼锡矿加工费TC（美元/吨）,印尼锡矿加工费TC,unit_variant,美元/吨,,THS_SERIES,THS-SN-3.1.5,1,1,unregistered,0.30,,,register_pending,P2_auto,0
A-02613,,,,SN,进口量,锡矿|锡,印尼锡矿进口量（万吨）,印尼锡矿进口量,unit_variant,万吨,时序图,THS_SERIES,THS-SN-3.1.4,2,2,unregistered,0.30,,,register_pending,P2_auto,0
A-02614,,,,SN,进口量|占比,锡矿|锡,印尼锡矿进口量占比（%）,印尼锡矿进口量占比,unit_variant,%,,THS_SERIES,THS-SN-3.1.4,1,1,unregistered,0.30,,,register_pending,P2_auto,0
A-02615,,,,SN,产量,锡精矿|锡,印尼锡精矿产量（万吨）,印尼锡精矿产量,unit_variant,万吨,时序图,RISK_DB_SRC|THS_SERIES,RISK-026|RISK-028|THS-SN-3.1.2,2,4,unregistered,0.30,,,register_pending,P2_auto,0
A-02616,,,,SN,占比|产量,锡精矿|锡,印尼锡精矿产量占比（%）,印尼锡精矿产量占比,unit_variant,%,,RISK_DB_SRC|THS_SERIES,RISK-027|THS-SN-3.1.2,1,2,unregistered,0.30,,,register_pending,P2_auto,0
A-02617,,,,SN,进口量,锡精矿|锡,印尼锡精矿进口量（万吨）,印尼锡精矿进口量,unit_variant,万吨,,THS_SERIES,THS-SN-6.1,1,1,unregistered,0.30,,,register_pending,P2_auto,0
A-02618,,,,SN,出口量,锡锭|锡,印尼锡锭出口量（万吨）,印尼锡锭出口量,unit_variant,万吨,,THS_SERIES,THS-SN-6.2,1,1,unregistered,0.30,,,register_pending,P2_auto,0
A-02619,,,,SN,进口量,锡锭|锡,印尼锡锭进口量（万吨）,印尼锡锭进口量,unit_variant,万吨,,THS_SERIES,THS-SN-6.2,1,1,unregistered,0.30,,,register_pending,P2_auto,0
A-02620,,,,NI,未识别,镍生铁|镍,印尼镍生铁/NPI发运天数（天）,印尼镍生铁/NPI发运天数(天,mixed_script,,,THS_SERIES,THS-NI-6.4,1,1,unregistered,0.30,,,register_pending,P2_auto,0
A-02621,,,,NI,未识别,镍生铁|镍,印尼镍生铁/NPI对华发运量（万吨）,印尼镍生铁/NPI对华发运量,unit_variant,万吨,,THS_SERIES,THS-NI-6.4,1,1,unregistered,0.30,,,register_pending,P2_auto,0
A-02622,,,,NI,产量,镍矿|镍,印尼镍矿-精炼产量比（倍）,印尼镍矿-精炼产量比(倍,full_name,,,THS_SERIES,THS-NI-3.1.1,1,1,unregistered,0.30,,,register_pending,P2_auto,0
A-02623,,,,NI,未识别,镍矿|镍,印尼镍矿HPM基准价（美元/湿吨）,印尼镍矿HPM基准价,unit_variant,美元/湿吨,,THS_SERIES,THS-NI-3.1|THS-NI-7.3,2,3,unregistered,0.30,,,register_pending,P2_auto,0
A-02624,,,,NI,未识别,镍矿|镍,印尼镍矿RKAB配额（万吨）,印尼镍矿RKAB配额,unit_variant,万吨,,THS_SERIES,THS-NI-3.1,2,2,unregistered,0.30,,,register_pending,P2_auto,0
A-02625,,,,NI,产能,镍矿|镍,印尼镍矿产能（万吨/年）,印尼镍矿产能,unit_variant,万吨/年,,THS_SERIES,THS-NI-3.1.2,1,1,unregistered,0.30,,,register_pending,P2_auto,0
A-02626,,,,NI,产能利用率|产能,镍矿|镍,印尼镍矿产能利用率（%）,印尼镍矿产能利用率,unit_variant,%,,THS_SERIES,THS-NI-3.1.1,1,1,unregistered,0.30,,,register_pending,P2_auto,0
A-02627,,,,NI,产量,镍矿|镍,印尼镍矿产量（万吨）,印尼镍矿产量,unit_variant,万吨,,THS_SERIES,THS-NI-3.1|THS-NI-3.1.1|THS-NI-3.1.2,2,4,unregistered,0.30,,,register_pending,P2_auto,0
A-02629,,,,NI,未识别,镍矿|镍,印尼镍矿发运天数（天）,印尼镍矿发运天数(天,full_name,,,THS_SERIES,THS-NI-6.4,1,1,unregistered,0.30,,,register_pending,P2_auto,0
A-02630,,,,NI,未识别,镍矿|镍,印尼镍矿对华发运量（万吨）,印尼镍矿对华发运量,unit_variant,万吨,,THS_SERIES,THS-NI-6.4,1,1,unregistered,0.30,,,register_pending,P2_auto,0
A-02631,,,,NI,开工,镍矿|镍,印尼镍矿开工天数（天/季度）,印尼镍矿开工天数,unit_variant,天/季度,,THS_SERIES,THS-NI-3.1.1|THS-NI-3.1.2,1,2,unregistered,0.30,,,register_pending,P2_auto,0
A-02632,,,,NI,未识别,镍矿|镍,印尼镍矿检修量（万吨）,印尼镍矿检修量,unit_variant,万吨,,THS_SERIES,THS-NI-3.1.1,1,1,unregistered,0.30,,,register_pending,P2_auto,0
A-02633,,,,NI,进口量,镍矿|镍,印尼镍矿进口量（万吨）,印尼镍矿进口量,unit_variant,万吨,,THS_SERIES,THS-NI-6.1,1,1,unregistered,0.30,,,register_pending,P2_auto,0
A-02634,,,,NI,未识别,镍矿|镍,印尼镍矿配额利用率（%）,印尼镍矿配额利用率,unit_variant,%,,THS_SERIES,THS-NI-3.1,2,2,unregistered,0.30,,,register_pending,P2_auto,0
A-02635,,,,NI,产能,镍,印尼镍精炼产能（万吨/年）,印尼镍精炼产能,unit_variant,万吨/年,,THS_SERIES,THS-NI-3.1.1,1,1,unregistered,0.30,,,register_pending,P2_auto,0
A-02636,,,,NI,产量,镍,印尼镍精炼产量（万吨）,印尼镍精炼产量,unit_variant,万吨,,THS_SERIES,THS-NI-3.1|THS-NI-3.1.1|THS-NI-3.1.2,2,4,unregistered,0.30,,,register_pending,P2_auto,0
A-02637,,,,NI,TC,镍精矿|镍,印尼镍精矿TC（美元/吨干矿）,印尼镍精矿TC,unit_variant,美元/吨干矿,,RISK_DB_SRC|THS_SERIES,RISK-016|RISK-018|THS-NI-3.1|THS-NI-3.1.5,2,5,unregistered,0.30,,,register_pending,P2_auto,0
A-02638,,,,NI,进口量,镍精矿|镍,印尼镍精矿进口量（万吨）,印尼镍精矿进口量,unit_variant,万吨,,THS_SERIES,THS-NI-3.1|THS-NI-3.1.4|THS-NI-3.1.5,2,4,unregistered,0.30,,,register_pending,P2_auto,0
A-02640,,,,NI,未识别,镍铁|镍,印尼镍铁冶炼项目样本投产条数,印尼镍铁冶炼项目样本投产条数,full_name,,,THS_SERIES,THS-NI-3.2,1,1,unregistered,0.30,,,register_pending,P2_auto,0
A-02641,,,,SN,库存|占比,无,印尼隐性库存占比（%）,印尼隐性库存占比,unit_variant,%,,THS_SERIES,THS-SN-4.5,1,1,unregistered,0.30,,,register_pending,P2_auto,0
A-02642,,,,SN,需求|增速,无,印尼需求增速（%）,印尼需求增速,unit_variant,%,,THS_SERIES,THS-SN-5.3,1,1,unregistered,0.30,,,register_pending,P2_auto,0
A-02643,,,,NI,完全成本|成本|利润,高冰镍|冰镍|镍,印尼高冰镍完全成本（元/吨）、印尼高冰镍现金成本（元/吨）、印尼高冰镍利润（元/吨）,"印尼高冰镍完全成本(元/吨),印尼高冰镍现金成本(元/吨),印尼高冰镍利润",unit_variant,元/吨,,THS_SERIES,THS-NI-2.5,1,1,unregistered,0.30,,,register_pending,P2_auto,0
A-02644,,,,NI,完全成本|成本|利润,高冰镍|冰镍|镍,印尼高冰镍完全成本（周度）、印尼高冰镍现金成本（周度）、印尼高冰镍利润（周度）,"印尼高冰镍完全成本(周度),印尼高冰镍现金成本(周度),印尼高冰镍利润",unit_variant,周度,,THS_SERIES,THS-NI-2.5,1,1,unregistered,0.30,,,register_pending,P2_auto,0
A-02645,,,,NI,完全成本|成本,高冰镍|冰镍|镍,印尼高冰镍完全成本（美元/镍吨）、印尼高冰镍现金成本（美元/镍吨）,"印尼高冰镍完全成本(美元/镍吨),印尼高冰镍现金成本",unit_variant,美元/镍吨,,THS_SERIES,THS-NI-7.1,1,1,unregistered,0.30,,,register_pending,P2_auto,0
A-02646,,,,NI,完全成本|成本|利润,高冰镍|冰镍|镍,印尼高冰镍完全成本、印尼高冰镍现金成本、印尼高冰镍利润,"印尼高冰镍完全成本,印尼高冰镍现金成本,印尼高冰镍利润",full_name,,,THS_SERIES,THS-NI-2.5,1,1,unregistered,0.30,,,register_pending,P2_auto,0
A-02647,,,,NI,完全成本|成本|利润,高冰镍|冰镍|镍,印尼高冰镍完全成本：利润（周度）,印尼高冰镍完全成本:利润,unit_variant,周度,,THS_SERIES,THS-NI-7.2,1,1,unregistered,0.30,,,register_pending,P2_auto,0
A-02649,,,,ZN,产能利用率|产能,锌矿|锌,印度锌矿产能利用率（%）,印度锌矿产能利用率,unit_variant,%,,THS_SERIES,THS-ZN-3.1.2,1,1,unregistered,0.30,,,register_pending,P2_auto,0
A-02650,,,,ZN,产量,锌矿|锌,印度锌矿产量（万吨）,印度锌矿产量,unit_variant,万吨,,THS_SERIES,THS-ZN-3.1.2,1,1,unregistered,0.30,,,register_pending,P2_auto,0
A-02651,,,,ZN,生产量|产量,锌矿|锌,印度锌矿再生产量（万吨）,印度锌矿再生产量,unit_variant,万吨,,THS_SERIES,THS-ZN-3.1.2,1,1,unregistered,0.30,,,register_pending,P2_auto,0
A-02652,,,,ZN,开工率|开工,锌矿|锌,印度锌矿开工率（%）,印度锌矿开工率,unit_variant,%,,THS_SERIES,THS-ZN-3.1.2,1,1,unregistered,0.30,,,register_pending,P2_auto,0
A-02653,,,,ZN,未识别,锌矿|锌,印度锌矿检修量（万吨）,印度锌矿检修量,unit_variant,万吨,,THS_SERIES,THS-ZN-3.1.2,1,1,unregistered,0.30,,,register_pending,P2_auto,0
A-02654,,,,ZN,进口量,锌矿|锌,印度锌矿进口量（万吨）,印度锌矿进口量,unit_variant,万吨,,THS_SERIES,THS-ZN-3.1.2|THS-ZN-3.1.4,1,2,unregistered,0.30,,,register_pending,P2_auto,0
A-02655,,,,ZN,产量,锌,印度锌精炼产量（万吨）,印度锌精炼产量,unit_variant,万吨,,THS_SERIES,THS-ZN-3.1.2,1,1,unregistered,0.30,,,register_pending,P2_auto,0
A-02657,,,,SN,净进口量|进口量,锡,印度锡净进口量图：美国锡净进口量,印度锡净进口量图:美国锡净进口量,full_name,,,PDF_TEMPLATE,TPL-SN-037,1,1,unregistered,0.30,,,register_pending,P2_auto,0
A-02659,,,,LI,厂内库存|库存,无,厂内库存分地区（万吨LCE）,厂内库存分地区,unit_variant,万吨LCE,,THS_SERIES,THS-LI-4.4,1,1,unregistered,0.30,,,register_pending,P2_auto,0
A-02660,,,,LI,厂内库存|库存,无,厂内库存在途量（万吨LCE）,厂内库存在途量,unit_variant,万吨LCE,,THS_SERIES,THS-LI-4.4,1,1,unregistered,0.30,,,register_pending,P2_auto,0
A-02662,,,,LI,厂内库存|库存,无,厂内库存持有者（万吨LCE）,厂内库存持有者,unit_variant,万吨LCE,,THS_SERIES,THS-LI-4.4,1,1,unregistered,0.30,,,register_pending,P2_auto,0
A-02663,,,,NI,库存,无,厂外库存（万吨）,厂外库存,unit_variant,万吨,,THS_SERIES,THS-NI-4.3,1,1,unregistered,0.30,,,register_pending,P2_auto,0
A-02664,,,,NI,成交量,无,压榨厂：豆粕：远月成交量：中国（日）,压榨厂:豆粕:远月成交量:中国(日,full_name,,,THS_MATCHED,THS-NI-2.3|THS-NI-2.4,1,2,unregistered,0.30,,,register_pending,P2_auto,0
A-02665,,,,NI,未识别,无,原图数,原图数,full_name,,,THS_SERIES,THS-NI-7.3,1,1,unregistered,0.30,,,register_pending,P2_auto,0
A-02666,,,,SN,成本,无,原料成本（元/吨）,原料成本,unit_variant,元/吨,时序图,THS_SERIES,THS-SN-7.1|THS-SN-7.2|THS-SN-7.3,2,4,unregistered,0.30,,,register_pending,P2_auto,0
A-02669,,,,AL,产量,铝合金|铝,原生铝合金月产量,原生铝合金月产量,full_name,,,PDF_TEMPLATE,TPL-AL-025,1,1,unregistered,0.30,,,register_pending,P2_auto,0
A-02672,,,,AL,未识别,原铝|铝,原铝进口-其他国家,原铝进口-其他国家,full_name,,,PDF_TEMPLATE,TPL-AL-024,1,1,unregistered,0.30,,,register_pending,P2_auto,0
A-02675,,,,SN,未识别,无,发运天数时序图,发运天数,suffix_variant,,时序图,THS_SERIES,THS-SN-6.4,1,1,unregistered,0.30,,,register_pending,P2_auto,0
A-02676,,,,SN,未识别,无,发运天数（天）,发运天数(天,full_name,,,THS_SERIES,THS-SN-6.1|THS-SN-6.4,1,2,unregistered,0.30,,,register_pending,P2_auto,0
A-02679,,,,SN,占比,无,发运量分国别结构占比时序图,发运量分国别结构占比,suffix_variant,,时序图,THS_SERIES,THS-SN-6.4,1,1,unregistered,0.30,,,register_pending,P2_auto,0
A-02680,,,,CU,库存,铜,各LME仓库/地点铜库存,各LME仓库/地点铜库存,mixed_script,,,THS_SERIES,THS-CU-4.1,1,1,unregistered,0.30,,,register_pending,P2_auto,0
A-02681,,,,AL|ENTITY,成本,电力|铝,吨铝电力成本,吨铝电力成本,full_name,,,THS_SERIES,THS-AL-3.2,1,1,unregistered,0.30,,,register_pending,P2_auto,0
A-02685,,,,AL|AO,库存天数|到港量|库存,氧化铝|铝,周到港量、港口库存、氧化铝厂库存天数,"周到港量,港口库存,氧化铝厂库存天数",full_name,,,THS_SERIES,THS-AL-6.1,1,1,unregistered,0.30,,,register_pending,P2_auto,0
A-02686,,,,NI,产能利用率|产能,镍矿|镍,四川镍矿产能利用率（%）,四川镍矿产能利用率,unit_variant,%,,THS_SERIES,THS-NI-3.1.3,1,1,unregistered,0.30,,,register_pending,P2_auto,0
A-02687,,,,NI,产量,镍矿|镍,四川镍矿产量（万吨）,四川镍矿产量,unit_variant,万吨,,THS_SERIES,THS-NI-3.1.3,1,1,unregistered,0.30,,,register_pending,P2_auto,0
A-02688,,,,NI,开工,镍矿|镍,四川镍矿开工天数（天/月）,四川镍矿开工天数(天/月,full_name,,,THS_SERIES,THS-NI-3.1.3,1,1,unregistered,0.30,,,register_pending,P2_auto,0
A-02689,,,,NI,未识别,镍矿|镍,四川镍矿检修量（万吨）,四川镍矿检修量,unit_variant,万吨,,THS_SERIES,THS-NI-3.1.3,1,1,unregistered,0.30,,,register_pending,P2_auto,0
A-02690,,,,LI,产能,无,回收企业产能（万吨LCE）,回收企业产能,unit_variant,万吨LCE,,THS_SERIES,THS-LI-3.2.3,1,1,unregistered,0.30,,,register_pending,P2_auto,0
A-02691,,,,LI,产能利用率|产能,无,回收企业产能利用率（%）,回收企业产能利用率,unit_variant,%,,THS_SERIES,THS-LI-3.2.3,1,1,unregistered,0.30,,,register_pending,P2_auto,0
A-02692,,,,LI,产量,无,回收企业产量（万吨LCE）,回收企业产量,unit_variant,万吨LCE,,THS_SERIES,THS-LI-3.2.3,1,1,unregistered,0.30,,,register_pending,P2_auto,0
A-02693,,,,LI,开工,无,回收企业开工天数（天）,回收企业开工天数(天,full_name,,,THS_SERIES,THS-LI-3.2.3,1,1,unregistered,0.30,,,register_pending,P2_auto,0
A-02694,,,,LI,开工率|开工,无,回收企业开工率（%）,回收企业开工率,unit_variant,%,,THS_SERIES,THS-LI-3.2.3,1,1,unregistered,0.30,,,register_pending,P2_auto,0
A-02695,,,,LI,未识别,无,回收企业检修量（万吨LCE）,回收企业检修量,unit_variant,万吨LCE,,THS_SERIES,THS-LI-3.2.3,1,1,unregistered,0.30,,,register_pending,P2_auto,0
A-02697,,,,AL|AO,未识别,铝土矿|铝土|铝,国产铝土矿-华北-低品(山西),国产铝土矿-华北-低品(山西,full_name,,,PDF_TEMPLATE,TPL-AO-010,1,1,unregistered,0.30,,,register_pending,P2_auto,0
A-02698,,,,AL|AO,未识别,铝土矿|铝土|铝,国产铝土矿-华北-低品(河南),国产铝土矿-华北-低品(河南,full_name,,,PDF_TEMPLATE,TPL-AO-011,1,1,unregistered,0.30,,,register_pending,P2_auto,0
A-02699,,,,AL|AO,未识别,铝土矿|铝土|铝,国产铝土矿-华北-高品(山西),国产铝土矿-华北-高品(山西,full_name,,,PDF_TEMPLATE,TPL-AO-012,1,1,unregistered,0.30,,,register_pending,P2_auto,0
A-02700,,,,AL|AO,未识别,铝土矿|铝土|铝,国产铝土矿-华北-高品(河南),国产铝土矿-华北-高品(河南,full_name,,,PDF_TEMPLATE,TPL-AO-013,1,1,unregistered,0.30,,,register_pending,P2_auto,0
A-02703,,,,AL|AO,未识别,铝土矿|铝土|铝,国产铝土矿-华南-高品(广西),国产铝土矿-华南-高品(广西,full_name,,,PDF_TEMPLATE,TPL-AO-016,1,1,unregistered,0.30,,,register_pending,P2_auto,0
A-02704,,,,AL|AO,未识别,铝土矿|铝土|铝,国产铝土矿-华南-高品(贵州),国产铝土矿-华南-高品(贵州,full_name,,,PDF_TEMPLATE,TPL-AO-017,1,1,unregistered,0.30,,,register_pending,P2_auto,0
A-02705,,,,AL|AO,价格,铝土矿|铝土|铝,国产铝土矿价格,国产铝土矿价格,full_name,,,THS_SERIES,THS-AL-3.3,1,1,unregistered,0.30,,,register_pending,P2_auto,0
A-02706,,,,AL,消费|库存,电解铝|铝,国内主流消费地电解铝库存,国内主流消费地电解铝库存,full_name,,,THS_SERIES,THS-AL-3.3,1,1,unregistered,0.30,,,register_pending,P2_auto,0
A-02707,,,,ZN,产量,锌,国内再生锌产量（万吨）,国内再生锌产量,unit_variant,万吨,,THS_SERIES,THS-ZN-3.2.3|THS-ZN-6.1,1,2,unregistered,0.30,,,register_pending,P2_auto,0
A-02708,,,,ZN,进口量,锌,国内再生锌进口量（万吨）,国内再生锌进口量,unit_variant,万吨,,THS_SERIES,THS-ZN-6.1,1,1,unregistered,0.30,,,register_pending,P2_auto,0
A-02709,,,,SN,产能,再生锡|锡,国内再生锡产能（万吨）,国内再生锡产能,unit_variant,万吨,,THS_SERIES,THS-SN-3.2.3,1,1,unregistered,0.30,,,register_pending,P2_auto,0
A-02711,,,,SN,进口量,再生锡|锡,国内再生锡进口量（万吨）,国内再生锡进口量,unit_variant,万吨,,THS_SERIES,THS-SN-6.1,1,1,unregistered,0.30,,,register_pending,P2_auto,0
A-02712,,,,SN,占比,无,国内出口占比（%）,国内出口占比,unit_variant,%,,THS_SERIES,THS-SN-6.3,1,1,unregistered,0.30,,,register_pending,P2_auto,0
A-02714,,,,ZN,未识别,无,国内制造业PMI（%）,国内制造业PMI,unit_variant,%,,THS_SERIES,THS-ZN-5.3,1,1,unregistered,0.30,,,register_pending,P2_auto,0
A-02715,,,,SN,厂内库存|库存,无,国内厂内库存（万吨）,国内厂内库存,unit_variant,万吨,,THS_SERIES,THS-SN-4.4,1,1,unregistered,0.30,,,register_pending,P2_auto,0
A-02716,,,,SN,厂内库存|库存|占比,无,国内厂内库存占比（%）,国内厂内库存占比,unit_variant,%,,THS_SERIES,THS-SN-4.4,1,1,unregistered,0.30,,,register_pending,P2_auto,0
A-02717,,,,ZN,产量,无,国内压铸合金产量（万吨）,国内压铸合金产量,unit_variant,万吨,,THS_SERIES,THS-ZN-5.2|THS-ZN-6.3,1,2,unregistered,0.30,,,register_pending,P2_auto,0
A-02718,,,,ZN,出口量,无,国内压铸合金出口量（万吨）,国内压铸合金出口量,unit_variant,万吨,,THS_SERIES,THS-ZN-6.3,1,1,unregistered,0.30,,,register_pending,P2_auto,0
A-02720,,,,SN,在途库存|库存|占比,无,国内在途库存占比（%）,国内在途库存占比,unit_variant,%,,THS_SERIES,THS-SN-4.5,1,1,unregistered,0.30,,,register_pending,P2_auto,0
A-02721,,,,SN,工厂库存|库存,无,国内工厂库存总量（万吨）,国内工厂库存总量,unit_variant,万吨,,THS_SERIES,THS-SN-4.4,1,1,unregistered,0.30,,,register_pending,P2_auto,0
A-02723,,,,ZN,产量,锌,国内氧化锌产量（万吨）,国内氧化锌产量,unit_variant,万吨,,THS_SERIES,THS-ZN-5.2|THS-ZN-6.3,1,2,unregistered,0.30,,,register_pending,P2_auto,0
A-02724,,,,ZN,出口量,锌,国内氧化锌出口量（万吨）,国内氧化锌出口量,unit_variant,万吨,,THS_SERIES,THS-ZN-6.3,1,1,unregistered,0.30,,,register_pending,P2_auto,0
A-02725,,,,ZN,开工率|开工,锌,国内氧化锌开工率（%）,国内氧化锌开工率,unit_variant,%,,THS_SERIES,THS-ZN-5.2,1,1,unregistered,0.30,,,register_pending,P2_auto,0
A-02726,,,,SN,消费|占比,无,国内消费占比（%）,国内消费占比,unit_variant,%,,THS_SERIES,THS-SN-5.1,1,1,unregistered,0.30,,,register_pending,P2_auto,0
A-02727,,,,ZN,产量,锌,国内电池级锌产量（万吨）,国内电池级锌产量,unit_variant,万吨,,THS_SERIES,THS-ZN-5.2|THS-ZN-5.3,1,2,unregistered,0.30,,,register_pending,P2_auto,0
A-02728,,,,ZN,未识别,锌,国内电池级锌订单量（万吨）,国内电池级锌订单量,unit_variant,万吨,,THS_SERIES,THS-ZN-5.3,1,1,unregistered,0.30,,,register_pending,P2_auto,0
A-02729,,,,ZN,仓单,锌,国内电锌保税区仓单（手）,国内电锌保税区仓单,unit_variant,手,,THS_SERIES,THS-ZN-6.2,1,1,unregistered,0.30,,,register_pending,P2_auto,0
A-02730,,,,ZN,库存,锌,国内电锌保税区库存（万吨）,国内电锌保税区库存,unit_variant,万吨,,THS_SERIES,THS-ZN-6.2,1,1,unregistered,0.30,,,register_pending,P2_auto,0
A-02731,,,,ZN,未识别,锌,国内电锌关税税率（%）,国内电锌关税税率,unit_variant,%,,THS_SERIES,THS-ZN-6.2,1,1,unregistered,0.30,,,register_pending,P2_auto,0
A-02732,,,,ZN,净进口量|进口量,锌,国内电锌净进口量（万吨）,国内电锌净进口量,unit_variant,万吨,,THS_SERIES,THS-ZN-6.2,1,1,unregistered,0.30,,,register_pending,P2_auto,0
A-02733,,,,ZN,出口量,锌,国内电锌出口量（万吨）,国内电锌出口量,unit_variant,万吨,,THS_SERIES,THS-ZN-6.2,1,1,unregistered,0.30,,,register_pending,P2_auto,0
A-02734,,,,ZN,进出口,锌,国内电锌进出口金额（亿美元）,国内电锌进出口金额,unit_variant,亿美元,,THS_SERIES,THS-ZN-6.2,1,1,unregistered,0.30,,,register_pending,P2_auto,0
A-02735,,,,ZN,进口量,锌,国内电锌进口量（万吨）,国内电锌进口量,unit_variant,万吨,,THS_SERIES,THS-ZN-6.2|THS-ZN-6.4,1,2,unregistered,0.30,,,register_pending,P2_auto,0
A-02736,,,,ZN,进口量,锌,国内电锌进口量分国别（万吨）,国内电锌进口量分国别,unit_variant,万吨,,THS_SERIES,THS-ZN-6.2,1,1,unregistered,0.30,,,register_pending,P2_auto,0
A-02737,,,,ZN,进口量,锌,国内电锌进口量总量（万吨）,国内电锌进口量总量,unit_variant,万吨,,THS_SERIES,THS-ZN-6.2,1,1,unregistered,0.30,,,register_pending,P2_auto,0
A-02738,,,,SI,产能,硅矿|硅,国内硅矿月产能（万吨）,国内硅矿月产能,unit_variant,万吨,,THS_SERIES,THS-SI-3.1.3,1,1,unregistered,0.30,,,register_pending,P2_auto,0
A-02739,,,,SI,产能利用率|产能,硅矿|硅,国内硅矿月产能利用率（%）,国内硅矿月产能利用率,unit_variant,%,,THS_SERIES,THS-SI-3.1.3,1,1,unregistered,0.30,,,register_pending,P2_auto,0
A-02740,,,,SI,产量,硅矿|硅,国内硅矿月产量（万吨）,国内硅矿月产量,unit_variant,万吨,,THS_SERIES,THS-SI-3.1.3|THS-SI-3.1.4,1,2,unregistered,0.30,,,register_pending,P2_auto,0
A-02741,,,,SI,仓单,硅矿|硅,国内硅矿月仓单注册量（吨）,国内硅矿月仓单注册量,unit_variant,吨,,THS_SERIES,THS-SI-3.1.4,1,1,unregistered,0.30,,,register_pending,P2_auto,0
A-02742,,,,SI,生产量|产量,硅矿|硅,国内硅矿月再生产量（万吨）,国内硅矿月再生产量,unit_variant,万吨,,THS_SERIES,THS-SI-3.1.3,1,1,unregistered,0.30,,,register_pending,P2_auto,0
A-02743,,,,SI,加工费TC|加工费|TC,硅矿|硅,国内硅矿月加工费TC（元/吨）,国内硅矿月加工费TC,unit_variant,元/吨,,RISK_DB_SRC|THS_SERIES,RISK-022|RISK-023|THS-SI-3.1.3|THS-SI-3.1.4,1,4,unregistered,0.30,,,register_pending,P2_auto,0
A-02744,,,,SI,开工率|开工,硅矿|硅,国内硅矿月开工率（%）,国内硅矿月开工率,unit_variant,%,,THS_SERIES,THS-SI-3.1.3,1,1,unregistered,0.30,,,register_pending,P2_auto,0
A-02745,,,,SI,未识别,硅矿|硅,国内硅矿月检修量（万吨）,国内硅矿月检修量,unit_variant,万吨,,THS_SERIES,THS-SI-3.1.3,1,1,unregistered,0.30,,,register_pending,P2_auto,0
A-02746,,,,SI,未识别,硅矿|硅,国内硅矿月沪伦比（倍）,国内硅矿月沪伦比(倍,full_name,,,THS_SERIES,THS-SI-3.1.4,1,1,unregistered,0.30,,,register_pending,P2_auto,0
A-02747,,,,SI,未识别,硅矿|硅,国内硅矿月进口总量（万吨）,国内硅矿月进口总量,unit_variant,万吨,,THS_SERIES,THS-SI-3.1.4,1,1,unregistered,0.30,,,register_pending,P2_auto,0
A-02748,,,,SI,盈亏,硅矿|硅,国内硅矿月进口盈亏（元/吨）,国内硅矿月进口盈亏,unit_variant,元/吨,,THS_SERIES,THS-SI-3.1.4,1,1,unregistered,0.30,,,register_pending,P2_auto,0
A-02749,,,,SI,进口量,硅矿|硅,国内硅矿月进口量（万吨）,国内硅矿月进口量,unit_variant,万吨,,THS_SERIES,THS-SI-3.1.3|THS-SI-3.1.4,1,2,unregistered,0.30,,,register_pending,P2_auto,0
A-02750,,,,SI,进口量|占比,硅矿|硅,国内硅矿月进口量分国别占比（%）,国内硅矿月进口量分国别占比,unit_variant,%,,THS_SERIES,THS-SI-3.1.4,1,1,unregistered,0.30,,,register_pending,P2_auto,0
A-02751,,,,SN,社会库存|库存,无,国内社会库存（万吨）,国内社会库存,unit_variant,万吨,,THS_SERIES,THS-SN-4.3,1,1,unregistered,0.30,,,register_pending,P2_auto,0
A-02752,,,,SN,社会库存|库存,锡,国内社会库存与沪锡主力合约收盘价时序图,国内社会库存与沪锡主力合约收盘价,suffix_variant,,时序图,THS_SERIES,THS-SN-4.3,1,1,unregistered,0.30,,,register_pending,P2_auto,0
A-02753,,,,SN,社会库存|库存,无,国内社会库存分地区时序图,国内社会库存分地区,suffix_variant,,时序图,THS_SERIES,THS-SN-4.3,1,1,unregistered,0.30,,,register_pending,P2_auto,0
A-02754,,,,SN,社会库存|库存|占比,无,国内社会库存占比（%）,国内社会库存占比,unit_variant,%,,THS_SERIES,THS-SN-4.3,1,1,unregistered,0.30,,,register_pending,P2_auto,0
A-02755,,,,SN,社会库存|库存天数|库存,无,国内社会库存天数时序图,国内社会库存天数,suffix_variant,,时序图,THS_SERIES,THS-SN-4.3,1,1,unregistered,0.30,,,register_pending,P2_auto,0
A-02756,,,,SN,社会库存|库存,无,国内社会库存总量（万吨）,国内社会库存总量,unit_variant,万吨,时序图,THS_SERIES,THS-SN-4.3,2,2,unregistered,0.30,,,register_pending,P2_auto,0
A-02757,,,,SN,产能,精炼锡|锡,国内精炼锡产能（万吨）,国内精炼锡产能,unit_variant,万吨,时序图,THS_SERIES,THS-SN-3.2.2,2,2,unregistered,0.30,,,register_pending,P2_auto,0
A-02758,,,,SN,产能利用率|产能,精炼锡|锡,国内精炼锡产能利用率（%）,国内精炼锡产能利用率,unit_variant,%,时序图,THS_SERIES,THS-SN-3.2.1|THS-SN-3.2.2,2,3,unregistered,0.30,,,register_pending,P2_auto,0
A-02759,,,,SN,产量,精炼锡|锡,国内精炼锡产量（万吨）,国内精炼锡产量,unit_variant,万吨,时序图,THS_SERIES,THS-SN-3.2.1,2,2,unregistered,0.30,,,register_pending,P2_auto,0
A-02760,,,,SN,冶炼利润|利润,精炼锡|锡,国内精炼锡冶炼利润（元/吨）,国内精炼锡冶炼利润,unit_variant,元/吨,时序图,THS_SERIES,THS-SN-3.2.4,2,2,unregistered,0.30,,,register_pending,P2_auto,0
A-02761,,,,SN,冶炼利润|利润,精炼锡|锡,国内精炼锡冶炼利润估值分位（%）,国内精炼锡冶炼利润估值分位,unit_variant,%,,THS_SERIES,THS-SN-3.2.4,1,1,unregistered,0.30,,,register_pending,P2_auto,0
A-02762,,,,SN,开工,精炼锡|锡,国内精炼锡开工天数时序图,国内精炼锡开工天数,suffix_variant,,时序图,THS_SERIES,THS-SN-3.2.2,1,1,unregistered,0.30,,,register_pending,P2_auto,0
A-02763,,,,SN,开工,精炼锡|锡,国内精炼锡开工天数（天）,国内精炼锡开工天数(天,full_name,,,THS_SERIES,THS-SN-3.2.2,1,1,unregistered,0.30,,,register_pending,P2_auto,0
A-02764,,,,SN,开工率|开工,精炼锡|锡,国内精炼锡开工率（%）,国内精炼锡开工率,unit_variant,%,时序图,THS_SERIES,THS-SN-3.2.1|THS-SN-3.2.2|THS-SN-3.2.4,2,4,unregistered,0.30,,,register_pending,P2_auto,0
A-02765,,,,SN,未识别,精炼锡|锡,国内精炼锡检修量（万吨）,国内精炼锡检修量,unit_variant,万吨,时序图,THS_SERIES,THS-SN-3.2.1|THS-SN-3.2.2,2,3,unregistered,0.30,,,register_pending,P2_auto,0
A-02766,,,,SN,社会库存|库存,精炼锡|锡,国内精炼锡社会库存时序图,国内精炼锡社会库存,suffix_variant,,时序图,THS_SERIES,THS-SN-3.2.1,1,1,unregistered,0.30,,,register_pending,P2_auto,0
A-02767,,,,SN,进口量,精炼锡|锡,国内精炼锡进口量（万吨）,国内精炼锡进口量,unit_variant,万吨,,THS_SERIES,THS-SN-3.2.1,1,1,unregistered,0.30,,,register_pending,P2_auto,0
A-02768,,,,SN,消费|占比,无,国内终端消费占比（%）,国内终端消费占比,unit_variant,%,,THS_SERIES,THS-SN-5.2,1,1,unregistered,0.30,,,register_pending,P2_auto,0
A-02769,,,,AL,社会库存|库存,铝棒|铝,国内铝棒社会库存 / 主要市场铝棒库存,国内铝棒社会库存/主要市场铝棒库存,full_name,,,THS_SERIES,THS-AL-4.3,1,1,unregistered,0.30,,,register_pending,P2_auto,0
A-02770,,,,LI,产能,锂盐|锂,国内锂盐产能（万吨LCE）,国内锂盐产能,unit_variant,万吨LCE,,THS_SERIES,THS-LI-3.2.2,1,1,unregistered,0.30,,,register_pending,P2_auto,0
A-02771,,,,LI,产能利用率|产能,锂盐|锂,国内锂盐产能利用率（%）,国内锂盐产能利用率,unit_variant,%,,THS_SERIES,THS-LI-3.2.2,1,1,unregistered,0.30,,,register_pending,P2_auto,0
A-02772,,,,LI,开工,锂盐|锂,国内锂盐开工天数（天）,国内锂盐开工天数(天,full_name,,,THS_SERIES,THS-LI-3.2.2,1,1,unregistered,0.30,,,register_pending,P2_auto,0
A-02773,,,,LI,开工率|开工,锂盐|锂,国内锂盐开工率（%）,国内锂盐开工率,unit_variant,%,,THS_SERIES,THS-LI-3.2.2,1,1,unregistered,0.30,,,register_pending,P2_auto,0
A-02774,,,,LI,未识别,锂盐|锂,国内锂盐检修量（万吨LCE）,国内锂盐检修量,unit_variant,万吨LCE,,THS_SERIES,THS-LI-3.2.1|THS-LI-3.2.2,1,2,unregistered,0.30,,,register_pending,P2_auto,0
A-02775,,,,LI,产能,锂盐|锂,国内锂盐精炼产能（万吨LCE）,国内锂盐精炼产能,unit_variant,万吨LCE,,THS_SERIES,THS-LI-3.2.1,1,1,unregistered,0.30,,,register_pending,P2_auto,0
A-02776,,,,LI,产能利用率|产能,锂盐|锂,国内锂盐精炼产能利用率（%）,国内锂盐精炼产能利用率,unit_variant,%,,THS_SERIES,THS-LI-3.2.1,1,1,unregistered,0.30,,,register_pending,P2_auto,0
A-02778,,,,LI,产能,锂,国内锂矿产能（万吨LCE）,国内锂矿产能,unit_variant,万吨LCE,,THS_SERIES,THS-LI-3.1.3,1,1,unregistered,0.30,,,register_pending,P2_auto,0
A-02779,,,,LI,产能利用率|产能,锂,国内锂矿产能利用率（%）,国内锂矿产能利用率,unit_variant,%,,THS_SERIES,THS-LI-3.1.3,1,1,unregistered,0.30,,,register_pending,P2_auto,0
A-02780,,,,LI,产量,锂,国内锂矿产量（万吨LCE）,国内锂矿产量,unit_variant,万吨LCE,,THS_SERIES,THS-LI-3.1.3,1,1,unregistered,0.30,,,register_pending,P2_auto,0
A-02781,,,,LI,开工率|开工,锂,国内锂矿开工率（%）,国内锂矿开工率,unit_variant,%,,THS_SERIES,THS-LI-3.1.3,1,1,unregistered,0.30,,,register_pending,P2_auto,0
A-02782,,,,LI,未识别,锂,国内锂矿检修量（万吨LCE）,国内锂矿检修量,unit_variant,万吨LCE,,THS_SERIES,THS-LI-3.1.3,1,1,unregistered,0.30,,,register_pending,P2_auto,0
A-02783,,,,ZN,产量,锌,国内锌冶炼产量（万吨）,国内锌冶炼产量,unit_variant,万吨,,THS_SERIES,THS-ZN-5.1,1,1,unregistered,0.30,,,register_pending,P2_auto,0
A-02784,,,,ZN,冶炼利润|利润,锌,国内锌冶炼利润（元/吨）,国内锌冶炼利润,unit_variant,元/吨,,THS_SERIES,THS-ZN-7.1,1,1,unregistered,0.30,,,register_pending,P2_auto,0
A-02785,,,,ZN,加工费,锌,国内锌冶炼加工费（元/吨）,国内锌冶炼加工费,unit_variant,元/吨,,THS_SERIES,THS-ZN-7.1,1,1,unregistered,0.30,,,register_pending,P2_auto,0
A-02786,,,,ZN,开工率|开工,锌,国内锌冶炼开工率（%）,国内锌冶炼开工率,unit_variant,%,,THS_SERIES,THS-ZN-5.1,1,1,unregistered,0.30,,,register_pending,P2_auto,0
A-02787,,,,ZN,成本,锌,国内锌冶炼成本（元/吨）,国内锌冶炼成本,unit_variant,元/吨,,THS_SERIES,THS-ZN-7.1,1,1,unregistered,0.30,,,register_pending,P2_auto,0
A-02788,,,,ZN,成本,锌,国内锌冶炼成本分位（%）,国内锌冶炼成本分位,unit_variant,%,,THS_SERIES,THS-ZN-7.1,1,1,unregistered,0.30,,,register_pending,P2_auto,0
A-02789,,,,ZN,未识别,锌,国内锌冶炼排产计划（万吨）,国内锌冶炼排产计划,unit_variant,万吨,,THS_SERIES,THS-ZN-5.1,1,1,unregistered,0.30,,,register_pending,P2_auto,0
A-02790,,,,ZN,成本,锌,国内锌冶炼日度分位成本（%）,国内锌冶炼日度分位成本,unit_variant,%,,THS_SERIES,THS-ZN-7.2,1,1,unregistered,0.30,,,register_pending,P2_auto,0
A-02791,,,,ZN,利润,锌,国内锌冶炼日度利润（元/吨）,国内锌冶炼日度利润,unit_variant,元/吨,,THS_SERIES,THS-ZN-7.2,1,1,unregistered,0.30,,,register_pending,P2_auto,0
A-02792,,,,ZN,加工费,锌,国内锌冶炼日度加工费（元/吨）,国内锌冶炼日度加工费,unit_variant,元/吨,,THS_SERIES,THS-ZN-7.2,1,1,unregistered,0.30,,,register_pending,P2_auto,0
A-02793,,,,ZN,成本,锌,国内锌冶炼日度原料成本（元/吨）,国内锌冶炼日度原料成本,unit_variant,元/吨,,THS_SERIES,THS-ZN-7.2,1,1,unregistered,0.30,,,register_pending,P2_auto,0
A-02794,,,,ZN,成本,锌,国内锌冶炼日度现金成本（元/吨）,国内锌冶炼日度现金成本,unit_variant,元/吨,,THS_SERIES,THS-ZN-7.2,1,1,unregistered,0.30,,,register_pending,P2_auto,0
A-02795,,,,ZN,未识别,锌,国内锌冶炼日度电价（元/度）,国内锌冶炼日度电价,unit_variant,元/度,,THS_SERIES,THS-ZN-7.2,1,1,unregistered,0.30,,,register_pending,P2_auto,0
A-02796,,,,ZN,成本,锌,国内锌冶炼月天然气成本（元/吨）,国内锌冶炼月天然气成本,unit_variant,元/吨,,THS_SERIES,THS-ZN-7.3,1,1,unregistered,0.30,,,register_pending,P2_auto,0
A-02797,,,,ZN,成本,锌,国内锌冶炼月成本（元/吨）,国内锌冶炼月成本,unit_variant,元/吨,,THS_SERIES,THS-ZN-7.3,1,1,unregistered,0.30,,,register_pending,P2_auto,0
A-02798,,,,ZN,成本,锌,国内锌冶炼月柴油成本（元/吨）,国内锌冶炼月柴油成本,unit_variant,元/吨,,THS_SERIES,THS-ZN-7.3,1,1,unregistered,0.30,,,register_pending,P2_auto,0
A-02799,,,,ENTITY|ZN,成本,煤炭|锌,国内锌冶炼月煤炭成本（元/吨）,国内锌冶炼月煤炭成本,unit_variant,元/吨,,THS_SERIES,THS-ZN-7.3,1,1,unregistered,0.30,,,register_pending,P2_auto,0
A-02800,,,,ZN,未识别,锌,国内锌冶炼月电价（元/度）,国内锌冶炼月电价,unit_variant,元/度,,THS_SERIES,THS-ZN-7.3,1,1,unregistered,0.30,,,register_pending,P2_auto,0
A-02801,,,,ENTITY|ZN,成本,硫酸|锌,国内锌冶炼月硫酸成本（元/吨）,国内锌冶炼月硫酸成本,unit_variant,元/吨,,THS_SERIES,THS-ZN-7.3,1,1,unregistered,0.30,,,register_pending,P2_auto,0
A-02802,,,,ZN,成本,锌,国内锌冶炼月能源成本（元/吨）,国内锌冶炼月能源成本,unit_variant,元/吨,,THS_SERIES,THS-ZN-7.3,1,1,unregistered,0.30,,,register_pending,P2_auto,0
A-02803,,,,ZN,成本,锌,国内锌冶炼月能源成本分结构（元/吨）,国内锌冶炼月能源成本分结构,unit_variant,元/吨,,THS_SERIES,THS-ZN-7.3,1,1,unregistered,0.30,,,register_pending,P2_auto,0
A-02804,,,,ZN,消费|占比,锌,国内锌冶炼消费占比（%）,国内锌冶炼消费占比,unit_variant,%,,THS_SERIES,THS-ZN-5.1,1,1,unregistered,0.30,,,register_pending,P2_auto,0
A-02805,,,,ZN,表观消费|消费量|消费,锌,国内锌冶炼表观消费量（万吨）,国内锌冶炼表观消费量,unit_variant,万吨,,THS_SERIES,THS-ZN-5.1,1,1,unregistered,0.30,,,register_pending,P2_auto,0
A-02806,,,,ZN,未识别,锌,国内锌冶炼订单量（万吨）,国内锌冶炼订单量,unit_variant,万吨,,THS_SERIES,THS-ZN-5.1,1,1,unregistered,0.30,,,register_pending,P2_auto,0
A-02807,,,,ZN,需求|增速,锌,国内锌冶炼需求增速（%）,国内锌冶炼需求增速,unit_variant,%,,THS_SERIES,THS-ZN-5.1,1,1,unregistered,0.30,,,register_pending,P2_auto,0
A-02808,,,,ZN,出口量,锌,国内锌出口量（万吨）,国内锌出口量,unit_variant,万吨,,THS_SERIES,THS-ZN-5.3,1,1,unregistered,0.30,,,register_pending,P2_auto,0
A-02809,,,,ZN,出口量,锌,国内锌制品出口量（万吨）,国内锌制品出口量,unit_variant,万吨,,THS_SERIES,THS-ZN-6.3,1,1,unregistered,0.30,,,register_pending,P2_auto,0
A-02810,,,,ZN,出口量,锌,国内锌制品出口量分国别（万吨）,国内锌制品出口量分国别,unit_variant,万吨,,THS_SERIES,THS-ZN-6.3,1,1,unregistered,0.30,,,register_pending,P2_auto,0
A-02811,,,,ZN,出口量,锌,国内锌制品出口量总量（万吨）,国内锌制品出口量总量,unit_variant,万吨,,THS_SERIES,THS-ZN-6.3,1,1,unregistered,0.30,,,register_pending,P2_auto,0
A-02812,,,,ZN,未识别,锌,国内锌制品出口金额（亿美元）,国内锌制品出口金额,unit_variant,亿美元,,THS_SERIES,THS-ZN-6.3,1,1,unregistered,0.30,,,register_pending,P2_auto,0
A-02813,,,,ZN,厂内库存|库存,锌,国内锌厂内库存（万吨）,国内锌厂内库存,unit_variant,万吨,,THS_SERIES,THS-ZN-4.3,1,1,unregistered,0.30,,,register_pending,P2_auto,0
A-02814,,,,ZN,厂内库存|库存|占比,锌,国内锌厂内库存占比（%）,国内锌厂内库存占比,unit_variant,%,,THS_SERIES,THS-ZN-4.4,1,1,unregistered,0.30,,,register_pending,P2_auto,0
A-02816,,,,ZN,库存,锌,国内锌厂内锌合金库存（万吨）,国内锌厂内锌合金库存,unit_variant,万吨,,THS_SERIES,THS-ZN-4.4,1,1,unregistered,0.30,,,register_pending,P2_auto,0
A-02817,,,,ZN,库存,锌锭|锌,国内锌厂内锌锭库存（万吨）,国内锌厂内锌锭库存,unit_variant,万吨,,THS_SERIES,THS-ZN-4.4,1,1,unregistered,0.30,,,register_pending,P2_auto,0
A-02818,,,,ZN,库存,锌锭|锌,国内锌厂内锌锭库存分地区（万吨）,国内锌厂内锌锭库存分地区,unit_variant,万吨,,THS_SERIES,THS-ZN-4.4,1,1,unregistered,0.30,,,register_pending,P2_auto,0
A-02819,,,,ZN,成本,锌,国内锌原料成本（元/吨）,国内锌原料成本,unit_variant,元/吨,,THS_SERIES,THS-ZN-7.1,1,1,unregistered,0.30,,,register_pending,P2_auto,0
A-02820,,,,ZN,产量,锌,国内锌合金产量（万吨）,国内锌合金产量,unit_variant,万吨,,THS_SERIES,THS-ZN-6.3,1,1,unregistered,0.30,,,register_pending,P2_auto,0
A-02821,,,,ZN,出口量,锌,国内锌合金出口量（万吨）,国内锌合金出口量,unit_variant,万吨,,THS_SERIES,THS-ZN-6.3,1,1,unregistered,0.30,,,register_pending,P2_auto,0
A-02822,,,,ZN,在途库存|库存,锌,国内锌在途库存（万吨）,国内锌在途库存,unit_variant,万吨,,THS_SERIES,THS-ZN-4.3,1,1,unregistered,0.30,,,register_pending,P2_auto,0
A-02823,,,,ZN,在途库存|库存|占比,锌,国内锌在途库存占比（%）,国内锌在途库存占比,unit_variant,%,,THS_SERIES,THS-ZN-4.5,1,1,unregistered,0.30,,,register_pending,P2_auto,0
A-02824,,,,ZN,在途库存|库存,锌,国内锌在途库存总量（万吨）,国内锌在途库存总量,unit_variant,万吨,,THS_SERIES,THS-ZN-4.5,1,1,unregistered,0.30,,,register_pending,P2_auto,0
A-02825,,,,ZN,成本,锌,国内锌现金成本（元/吨）,国内锌现金成本,unit_variant,元/吨,,THS_SERIES,THS-ZN-7.1,1,1,unregistered,0.30,,,register_pending,P2_auto,0
A-02826,,,,ZN,未识别,锌,国内锌电价（元/度）,国内锌电价,unit_variant,元/度,,THS_SERIES,THS-ZN-7.1,1,1,unregistered,0.30,,,register_pending,P2_auto,0
A-02827,,,,ZN,成本,锌,国内锌电解成本（元/吨）,国内锌电解成本,unit_variant,元/吨,,THS_SERIES,THS-ZN-7.1,1,1,unregistered,0.30,,,register_pending,P2_auto,0
A-02828,,,,ZN,利润,锌,国内锌电解日度利润（元/吨）,国内锌电解日度利润,unit_variant,元/吨,,THS_SERIES,THS-ZN-7.2,1,1,unregistered,0.30,,,register_pending,P2_auto,0
A-02829,,,,ZN,成本,锌,国内锌电解月成本（元/吨）,国内锌电解月成本,unit_variant,元/吨,,THS_SERIES,THS-ZN-7.3,1,1,unregistered,0.30,,,register_pending,P2_auto,0
A-02830,,,,ZN,TC,锌矿|锌,国内锌矿TC（美元/吨干矿）,国内锌矿TC,unit_variant,美元/吨干矿,,THS_SERIES,THS-ZN-3.1.3,1,1,unregistered,0.30,,,register_pending,P2_auto,0
A-02831,,,,ZN,产能,锌矿|锌,国内锌矿产能（万吨）,国内锌矿产能,unit_variant,万吨,,THS_SERIES,THS-ZN-3.1.3,1,1,unregistered,0.30,,,register_pending,P2_auto,0
A-02832,,,,ZN,产能利用率|产能,锌矿|锌,国内锌矿产能利用率（%）,国内锌矿产能利用率,unit_variant,%,,THS_SERIES,THS-ZN-3.1.3,1,1,unregistered,0.30,,,register_pending,P2_auto,0
A-02833,,,,ZN,产量,锌矿|锌,国内锌矿产量（万吨）,国内锌矿产量,unit_variant,万吨,,THS_SERIES,THS-ZN-3.1.3,1,1,unregistered,0.30,,,register_pending,P2_auto,0
A-02834,,,,ZN,生产量|产量,锌矿|锌,国内锌矿再生产量（万吨）,国内锌矿再生产量,unit_variant,万吨,,THS_SERIES,THS-ZN-3.1.3,1,1,unregistered,0.30,,,register_pending,P2_auto,0
A-02835,,,,ZN,加工费TC|加工费|TC,锌矿|锌,国内锌矿加工费TC（美元/吨干矿）,国内锌矿加工费TC,unit_variant,美元/吨干矿,,THS_SERIES,THS-ZN-3.1.3,1,1,unregistered,0.30,,,register_pending,P2_auto,0
A-02836,,,,ZN,开工率|开工,锌矿|锌,国内锌矿开工率（%）,国内锌矿开工率,unit_variant,%,,THS_SERIES,THS-ZN-3.1.3,1,1,unregistered,0.30,,,register_pending,P2_auto,0
A-02837,,,,ZN,未识别,锌矿|锌,国内锌矿检修量（万吨）,国内锌矿检修量,unit_variant,万吨,,THS_SERIES,THS-ZN-3.1.3,1,1,unregistered,0.30,,,register_pending,P2_auto,0
A-02838,,,,ZN,未识别,锌矿|锌,国内锌矿进口总量（万吨）,国内锌矿进口总量,unit_variant,万吨,,THS_SERIES,THS-ZN-3.1.4,1,1,unregistered,0.30,,,register_pending,P2_auto,0
A-02839,,,,ZN,进口量,锌矿|锌,国内锌矿进口量（万吨）,国内锌矿进口量,unit_variant,万吨,,THS_SERIES,THS-ZN-3.1.3,1,1,unregistered,0.30,,,register_pending,P2_auto,0
A-02840,,,,ZN,进口量,锌矿|锌,国内锌矿进口量分国别（万吨）,国内锌矿进口量分国别,unit_variant,万吨,,THS_SERIES,THS-ZN-3.1.3,1,1,unregistered,0.30,,,register_pending,P2_auto,0
A-02841,,,,ZN,社会库存|库存,锌,国内锌社会库存分地区（万吨）,国内锌社会库存分地区,unit_variant,万吨,,THS_SERIES,THS-ZN-4.3,1,1,unregistered,0.30,,,register_pending,P2_auto,0
A-02842,,,,ZN,社会库存|库存,锌,国内锌社会库存总量（万吨）,国内锌社会库存总量,unit_variant,万吨,,THS_SERIES,THS-ZN-4.3|THS-ZN-4.4|THS-ZN-4.5,1,4,unregistered,0.30,,,register_pending,P2_auto,0
A-02843,,,,ZN,产能,锌,国内锌精炼产能（万吨）,国内锌精炼产能,unit_variant,万吨,,THS_SERIES,THS-ZN-3.2.1|THS-ZN-3.2.2,1,2,unregistered,0.30,,,register_pending,P2_auto,0
A-02844,,,,ZN,产能利用率|产能,锌,国内锌精炼产能利用率（%）,国内锌精炼产能利用率,unit_variant,%,,THS_SERIES,THS-ZN-3.2.1|THS-ZN-3.2.2,1,2,unregistered,0.30,,,register_pending,P2_auto,0
A-02845,,,,ZN,产量,锌,国内锌精炼产量（万吨）,国内锌精炼产量,unit_variant,万吨,,THS_SERIES,THS-ZN-3.2.1|THS-ZN-3.2.2|THS-ZN-7.1,1,7,unregistered,0.30,,,register_pending,P2_auto,0
A-02846,,,,ZN,生产量|产量,锌,国内锌精炼再生产量（万吨）,国内锌精炼再生产量,unit_variant,万吨,,THS_SERIES,THS-ZN-3.2.1,1,1,unregistered,0.30,,,register_pending,P2_auto,0
A-02847,,,,ZN,开工,锌,国内锌精炼开工天数（天）,国内锌精炼开工天数(天,full_name,,,THS_SERIES,THS-ZN-3.2.2,1,1,unregistered,0.30,,,register_pending,P2_auto,0
A-02848,,,,ZN,开工率|开工,锌,国内锌精炼开工率（%）,国内锌精炼开工率,unit_variant,%,,THS_SERIES,THS-ZN-3.2.1|THS-ZN-3.2.2,1,2,unregistered,0.30,,,register_pending,P2_auto,0
A-02849,,,,ZN,产量,锌,国内锌精炼日度产量（吨）,国内锌精炼日度产量,unit_variant,吨,,THS_SERIES,THS-ZN-7.2,1,1,unregistered,0.30,,,register_pending,P2_auto,0
A-02850,,,,ZN,未识别,锌,国内锌精炼检修量（万吨）,国内锌精炼检修量,unit_variant,万吨,,THS_SERIES,THS-ZN-3.2.1|THS-ZN-3.2.2,1,2,unregistered,0.30,,,register_pending,P2_auto,0
A-02851,,,,ZN,进口量,锌,国内锌精炼进口量（万吨）,国内锌精炼进口量,unit_variant,万吨,,THS_SERIES,THS-ZN-3.2.1|THS-ZN-3.2.2,1,2,unregistered,0.30,,,register_pending,P2_auto,0
A-02852,,,,ZN,进口量,锌,国内锌精炼进口量分国别（万吨）,国内锌精炼进口量分国别,unit_variant,万吨,,THS_SERIES,THS-ZN-3.2.1,1,1,unregistered,0.30,,,register_pending,P2_auto,0
A-02853,,,,ZN,库存,锌精矿|锌,国内锌精矿保税区库存（万吨）,国内锌精矿保税区库存,unit_variant,万吨,,THS_SERIES,THS-ZN-6.1,1,1,unregistered,0.30,,,register_pending,P2_auto,0
A-02854,,,,ZN,未识别,锌精矿|锌,国内锌精矿关税税率（%）,国内锌精矿关税税率,unit_variant,%,,THS_SERIES,THS-ZN-6.1,1,1,unregistered,0.30,,,register_pending,P2_auto,0
A-02855,,,,ZN,未识别,锌精矿|锌,国内锌精矿发运量（万吨）,国内锌精矿发运量,unit_variant,万吨,,THS_SERIES,THS-ZN-6.1,1,1,unregistered,0.30,,,register_pending,P2_auto,0
A-02856,,,,ZN,成本,锌精矿|锌,国内锌精矿月成本（元/吨）,国内锌精矿月成本,unit_variant,元/吨,,THS_SERIES,THS-ZN-7.3,1,1,unregistered,0.30,,,register_pending,P2_auto,0
A-02857,,,,ZN,盈亏,锌精矿|锌,国内锌精矿进口盈亏（元/吨）,国内锌精矿进口盈亏,unit_variant,元/吨,,THS_SERIES,THS-ZN-6.1,1,1,unregistered,0.30,,,register_pending,P2_auto,0
A-02858,,,,ZN,进口量,锌精矿|锌,国内锌精矿进口量（万吨）,国内锌精矿进口量,unit_variant,万吨,,THS_SERIES,THS-ZN-6.1|THS-ZN-6.4|THS-ZN-7.3,1,3,unregistered,0.30,,,register_pending,P2_auto,0
A-02859,,,,ZN,进口量,锌精矿|锌,国内锌精矿进口量分国别（万吨）,国内锌精矿进口量分国别,unit_variant,万吨,,THS_SERIES,THS-ZN-6.1,1,1,unregistered,0.30,,,register_pending,P2_auto,0
A-02860,,,,ZN,进口量,锌精矿|锌,国内锌精矿进口量总量（万吨）,国内锌精矿进口量总量,unit_variant,万吨,,THS_SERIES,THS-ZN-6.1,1,1,unregistered,0.30,,,register_pending,P2_auto,0
A-02861,,,,ZN,表观消费|消费量|消费,锌,国内锌表观消费量（万吨）,国内锌表观消费量,unit_variant,万吨,,THS_SERIES,THS-ZN-5.1|THS-ZN-5.3,1,2,unregistered,0.30,,,register_pending,P2_auto,0
A-02862,,,,ZN,消费量|消费,锌锭|锌,国内锌锭消费量（万吨）,国内锌锭消费量,unit_variant,万吨,,RISK_DB_SRC|THS_SERIES,RISK-033|THS-ZN-5.2,1,2,unregistered,0.30,,,register_pending,P2_auto,0
A-02863,,,,ZN,库存,锌,国内锌隐性库存（万吨）,国内锌隐性库存,unit_variant,万吨,,THS_SERIES,THS-ZN-4.3,1,1,unregistered,0.30,,,register_pending,P2_auto,0
A-02864,,,,ZN,库存,锌,国内锌隐性库存分地区（万吨）,国内锌隐性库存分地区,unit_variant,万吨,,THS_SERIES,THS-ZN-4.5,1,1,unregistered,0.30,,,register_pending,P2_auto,0
A-02865,,,,ZN,库存|占比,锌,国内锌隐性库存占比（%）,国内锌隐性库存占比,unit_variant,%,,THS_SERIES,THS-ZN-4.5,1,1,unregistered,0.30,,,register_pending,P2_auto,0
A-02866,,,,ZN,库存,锌,国内锌隐性库存总量（万吨）,国内锌隐性库存总量,unit_variant,万吨,,THS_SERIES,THS-ZN-4.5,1,1,unregistered,0.30,,,register_pending,P2_auto,0
A-02868,,,,SN,产能利用率|产能,锡矿|锡,国内锡矿产能利用率（%）,国内锡矿产能利用率,unit_variant,%,时序图,THS_SERIES,THS-SN-3.1.3,2,2,unregistered,0.30,,,register_pending,P2_auto,0
A-02870,,,,SN,加工费TC|加工费|TC,锡矿|锡,国内锡矿加工费TC（美元/吨）,国内锡矿加工费TC,unit_variant,美元/吨,时序图,THS_SERIES,THS-SN-3.1.3|THS-SN-3.1.5,2,3,unregistered,0.30,,,register_pending,P2_auto,0
A-02871,,,,SN,开工率|开工,锡矿|锡,国内锡矿开工率（%）,国内锡矿开工率,unit_variant,%,时序图,THS_SERIES,THS-SN-3.1.3,2,2,unregistered,0.30,,,register_pending,P2_auto,0
A-02872,,,,SN,未识别,锡矿|锡,国内锡矿检修量（万吨）,国内锡矿检修量,unit_variant,万吨,时序图,THS_SERIES,THS-SN-3.1.3,2,2,unregistered,0.30,,,register_pending,P2_auto,0
A-02873,,,,SN,社会库存|库存,锡矿|锡,国内锡矿社会库存时序图,国内锡矿社会库存,suffix_variant,,时序图,THS_SERIES,THS-SN-3.1.3,1,1,unregistered,0.30,,,register_pending,P2_auto,0
A-02875,,,,SN,产量,锡精矿|锡,国内锡精矿产量（万吨）,国内锡精矿产量,unit_variant,万吨,时序图,THS_SERIES,THS-SN-3.1.3|THS-SN-3.1.5|THS-SN-3.2.1,2,4,unregistered,0.30,,,register_pending,P2_auto,0
A-02877,,,,ZN,消费量|消费,锌,国内镀锌板/热镀锌消费量（万吨）,国内镀锌板/热镀锌消费量,unit_variant,万吨,,THS_SERIES,THS-ZN-5.2,1,1,unregistered,0.30,,,register_pending,P2_auto,0
A-02878,,,,ZN,产量,锌,国内镀锌板产量（万吨）,国内镀锌板产量,unit_variant,万吨,,THS_SERIES,THS-ZN-5.2|THS-ZN-6.3,1,2,unregistered,0.30,,,register_pending,P2_auto,0
A-02879,,,,ZN,出口量,锌,国内镀锌板出口量（万吨）,国内镀锌板出口量,unit_variant,万吨,,THS_SERIES,THS-ZN-6.3,1,1,unregistered,0.30,,,register_pending,P2_auto,0
A-02880,,,,ZN,开工率|开工,锌,国内镀锌板开工率（%）,国内镀锌板开工率,unit_variant,%,,THS_SERIES,THS-ZN-5.2,1,1,unregistered,0.30,,,register_pending,P2_auto,0
A-02881,,,,ZN,未识别,锌,国内镀锌板排产计划（万吨）,国内镀锌板排产计划,unit_variant,万吨,,THS_SERIES,THS-ZN-5.3,1,1,unregistered,0.30,,,register_pending,P2_auto,0
A-02882,,,,ZN,未识别,锌,国内镀锌板订单量（万吨）,国内镀锌板订单量,unit_variant,万吨,,THS_SERIES,THS-ZN-5.3,1,1,unregistered,0.30,,,register_pending,P2_auto,0
A-02883,,,,NI,产量,镍矿|镍,国内镍矿-精炼产量比,国内镍矿-精炼产量比,full_name,,,THS_SERIES,THS-NI-3.1,1,1,unregistered,0.30,,,register_pending,P2_auto,0
A-02884,,,,NI,产量,镍矿|镍,国内镍矿-精炼产量比（倍）,国内镍矿-精炼产量比(倍,full_name,,,THS_SERIES,THS-NI-3.1,1,1,unregistered,0.30,,,register_pending,P2_auto,0
A-02885,,,,NI,产量,镍矿|镍,国内镍矿产量（万吨）,国内镍矿产量,unit_variant,万吨,,THS_SERIES,THS-NI-3.1|THS-NI-3.1.3,2,3,unregistered,0.30,,,register_pending,P2_auto,0
A-02886,,,,NI,未识别,镍矿|镍,国内镍矿进口依赖度（%）,国内镍矿进口依赖度,unit_variant,%,,THS_SERIES,THS-NI-3.1,2,2,unregistered,0.30,,,register_pending,P2_auto,0
A-02887,,,,NI,进口量,镍矿|镍,国内镍矿进口量（万吨）,国内镍矿进口量,unit_variant,万吨,,THS_SERIES,THS-NI-3.1,2,2,unregistered,0.30,,,register_pending,P2_auto,0
A-02888,,,,NI,产量,镍,国内镍精炼产量（万吨）,国内镍精炼产量,unit_variant,万吨,,THS_SERIES,THS-NI-3.1|THS-NI-3.1.3|THS-NI-3.1.4,2,4,unregistered,0.30,,,register_pending,P2_auto,0
A-02890,,,,SN,库存|占比,无,国内隐性库存占比（%）,国内隐性库存占比,unit_variant,%,,THS_SERIES,THS-SN-4.5,1,1,unregistered,0.30,,,register_pending,P2_auto,0
A-02891,,,,SN,需求|增速,无,国内需求增速（%）,国内需求增速,unit_variant,%,,THS_SERIES,THS-SN-5.3,1,1,unregistered,0.30,,,register_pending,P2_auto,0
A-02892,,,,SN,消费量|消费|占比,无,国际咖啡组织：咖啡：消费量占比：非洲（年）,国际咖啡组织:咖啡:消费量占比:非洲(年,full_name,,,THS_MATCHED,THS-SN-5.1|THS-SN-5.3,1,2,unregistered,0.30,,,register_pending,P2_auto,0
A-02895,,,,LI,在途库存|库存,无,在途库存（万吨）,在途库存,unit_variant,万吨|万吨LCE|手,,THS_SERIES,THS-LI-4.3|THS-NI-4.3|THS-ZN-4.2,3,7,unregistered,0.30,,,register_pending,P2_auto,0
A-02896,,,,NI,在途库存|库存,无,在途库存、隐性库存,"在途库存,隐性库存",full_name,,,THS_SERIES,THS-NI-4.3,1,1,unregistered,0.30,,,register_pending,P2_auto,0
A-02897,,,,SN,在途库存|库存|占比,无,在途库存占比（%）,在途库存占比,unit_variant,%,时序图,THS_SERIES,THS-SN-4.5,2,2,unregistered,0.30,,,register_pending,P2_auto,0
A-02899,,,,SN,在途库存|库存,无,在途库存总量（万吨）,在途库存总量,unit_variant,万吨,,THS_SERIES,THS-SN-4.5,1,1,unregistered,0.30,,,register_pending,P2_auto,0
A-02900,,,,CU,库存,铜,在途海运铜库存估算,在途海运铜库存估算,full_name,,,THS_SERIES,THS-CU-4.4,1,1,unregistered,0.30,,,register_pending,P2_auto,0
A-02901,,,,AL,基差,无,基差（元/吨）,基差,unit_variant,元/吨,,THS_SERIES,THS-LI-2.1|THS-LI-2.2|THS-LI-2.4,2,4,unregistered,0.30,,,register_pending,P2_auto,0
A-02903,,,,NI,基差,无,基差（现货-期货,基差(现货-期货,full_name,,,THS_SERIES,THS-NI-2.2,1,1,unregistered,0.30,,,register_pending,P2_auto,0
A-02904,,,,SN,持仓,无,多头前20净持仓（手）,多头前20净持仓,unit_variant,手,,THS_SERIES,THS-SN-2.6,1,1,unregistered,0.30,,,register_pending,P2_auto,0
A-02905,,,,SN,持仓|占比,无,多头前20持仓占比（%）,多头前20持仓占比,unit_variant,%,,THS_SERIES,THS-SN-2.6,1,1,unregistered,0.30,,,register_pending,P2_auto,0
A-02913,,,,SI,产量,多晶硅|硅,多晶硅：产量：青海（月）,多晶硅:产量:青海(月,full_name,,,THS_MATCHED,THS-SI-6.4,1,1,unregistered,0.30,,,register_pending,P2_auto,0
A-02919,,,,SI,开工率|开工,多晶硅|硅,多晶硅下游开工率（%）,多晶硅下游开工率,unit_variant,%,,THS_SERIES,THS-SI-5.1,1,1,unregistered,0.30,,,register_pending,P2_auto,0
A-02920,,,,SI,未识别,多晶硅|硅,多晶硅下游排产计划量（万吨）,多晶硅下游排产计划量,unit_variant,万吨,,THS_SERIES,THS-SI-5.3,1,1,unregistered,0.30,,,register_pending,P2_auto,0
A-02921,,,,SI,消费|占比,多晶硅|硅,多晶硅下游消费占比（%）,多晶硅下游消费占比,unit_variant,%,,THS_SERIES,THS-SI-5.2,1,1,unregistered,0.30,,,register_pending,P2_auto,0
A-02922,,,,SI,产量,多晶硅|硅,多晶硅下游终端产量（万吨）,多晶硅下游终端产量,unit_variant,万吨,,THS_SERIES,THS-SI-5.2,1,1,unregistered,0.30,,,register_pending,P2_auto,0
A-02923,,,,SI,未识别,多晶硅|硅,多晶硅下游订单量（万吨）,多晶硅下游订单量,unit_variant,万吨,,THS_SERIES,THS-SI-5.2|THS-SI-5.3,1,2,unregistered,0.30,,,register_pending,P2_auto,0
A-02924,,,,SI,未识别,多晶硅|硅,多晶硅下游采购量（万吨）,多晶硅下游采购量,unit_variant,万吨,,THS_SERIES,THS-SI-5.3,1,1,unregistered,0.30,,,register_pending,P2_auto,0
A-02925,,,,SI,未识别,多晶硅|硅,多晶硅下游预付款（亿元）,多晶硅下游预付款,unit_variant,亿元,,THS_SERIES,THS-SI-5.3,1,1,unregistered,0.30,,,register_pending,P2_auto,0
A-02927,,,,SI,库存,多晶硅|硅,多晶硅交易所库存总量（吨）,多晶硅交易所库存总量,unit_variant,吨,,THS_SERIES,THS-SI-4.1,1,1,unregistered,0.30,,,register_pending,P2_auto,0
A-02930,,,,SI,仓单,多晶硅|硅,多晶硅仓单注册量（吨）,多晶硅仓单注册量,unit_variant,吨,,THS_SERIES,THS-SI-4.2,1,1,unregistered,0.30,,,register_pending,P2_auto,0
A-02932,,,,SI,未识别,多晶硅|硅,多晶硅估值分位（%）,多晶硅估值分位,unit_variant,%,,THS_SERIES,THS-SI-2.5,1,1,unregistered,0.30,,,register_pending,P2_auto,0
A-02934,,,,SI,产能,多晶硅|硅,多晶硅再生月产能（万吨）,多晶硅再生月产能,unit_variant,万吨,,THS_SERIES,THS-SI-3.2.3,1,1,unregistered,0.30,,,register_pending,P2_auto,0
A-02935,,,,SI,产量,多晶硅|硅,多晶硅再生月产量（万吨）,多晶硅再生月产量,unit_variant,万吨,,THS_SERIES,THS-SI-3.2.3,1,1,unregistered,0.30,,,register_pending,P2_auto,0
A-02936,,,,SI,开工率|开工,多晶硅|硅,多晶硅再生月开工率（%）,多晶硅再生月开工率,unit_variant,%,,THS_SERIES,THS-SI-3.2.3,1,1,unregistered,0.30,,,register_pending,P2_auto,0
A-02937,,,,SI,冶炼利润|利润,多晶硅|硅,多晶硅冶炼利润（元/吨）,多晶硅冶炼利润,unit_variant,元/吨,,THS_SERIES,THS-SI-2.5|THS-SI-3.2.4|THS-SI-7.2,1,3,unregistered,0.30,,,register_pending,P2_auto,0
A-02938,,,,SI,成本,多晶硅|硅,多晶硅冶炼成本（元/吨）,多晶硅冶炼成本,unit_variant,元/吨,,THS_SERIES,THS-SI-2.5|THS-SI-7.1,1,2,unregistered,0.30,,,register_pending,P2_auto,0
A-02939,,,,SI,净出口量|出口量,多晶硅|硅,多晶硅净出口量（万吨）,多晶硅净出口量,unit_variant,万吨,,THS_SERIES,THS-SI-6.2,1,1,unregistered,0.30,,,register_pending,P2_auto,0
A-02940,,,,SI,净进口量|进口量,多晶硅|硅,多晶硅净进口量（万吨）,多晶硅净进口量,unit_variant,万吨,,THS_SERIES,THS-SI-6.1,1,1,unregistered,0.30,,,register_pending,P2_auto,0
A-02941,,,,SI,出口量,多晶硅|硅,多晶硅出口量（万吨）,多晶硅出口量,unit_variant,万吨,,THS_SERIES,THS-SI-6.2,1,1,unregistered,0.30,,,register_pending,P2_auto,0
A-02942,,,,SI,净出口量|出口量,多晶硅|硅,多晶硅制品净出口量（万吨）,多晶硅制品净出口量,unit_variant,万吨,,THS_SERIES,THS-SI-6.3,1,1,unregistered,0.30,,,register_pending,P2_auto,0
A-02943,,,,SI,出口量,多晶硅|硅,多晶硅制品出口量（万吨）,多晶硅制品出口量,unit_variant,万吨,,THS_SERIES,THS-SI-6.3,1,1,unregistered,0.30,,,register_pending,P2_auto,0
A-02945,,,,SI,在途库存|库存,多晶硅|硅,多晶硅在途库存总量（万吨）,多晶硅在途库存总量,unit_variant,万吨,,THS_SERIES,THS-SI-4.5,1,1,unregistered,0.30,,,register_pending,P2_auto,0
A-02946,,,,SI,工厂库存|库存,多晶硅|硅,多晶硅工厂库存,多晶硅工厂库存,full_name,,,PDF_TEMPLATE,TPL-SI-011|TPL-SI-025|TPL-SI-045,1,3,unregistered,0.30,,,register_pending,P2_auto,0
A-02948,,,,SI,工厂库存|库存,多晶硅|硅,多晶硅工厂库存总量（万吨）,多晶硅工厂库存总量,unit_variant,万吨,,THS_SERIES,THS-SI-4.4,1,1,unregistered,0.30,,,register_pending,P2_auto,0
A-02950,,,,SI,产量,多晶硅|硅,多晶硅月度产量(SMM),多晶硅月度产量,unit_variant,SMM,,PDF_TEMPLATE,TPL-SI-035|TPL-SI-037|TPL-SI-047,1,4,unregistered,0.30,,,register_pending,P2_auto,0
A-02951,,,,SI,未识别,多晶硅|硅,多晶硅期货主力合约收盘价（元/吨）,多晶硅期货主力合约收盘价,unit_variant,元/吨,,THS_SERIES,THS-SI-3.2.4|THS-SI-4.3|THS-SI-7.1,1,7,unregistered,0.30,,,register_pending,P2_auto,0
A-02952,,,,SI,注销仓单|仓单,多晶硅|硅,多晶硅注销仓单量（吨）,多晶硅注销仓单量,unit_variant,吨,,THS_SERIES,THS-SI-4.2,1,1,unregistered,0.30,,,register_pending,P2_auto,0
A-02953,,,,SI,未识别,多晶硅|硅,多晶硅海外发运量（万吨）,多晶硅海外发运量,unit_variant,万吨,,THS_SERIES,THS-SI-6.4,1,1,unregistered,0.30,,,register_pending,P2_auto,0
A-02954,,,,SI,利润,多晶硅|硅,多晶硅现金利润（元/吨）,多晶硅现金利润,unit_variant,元/吨,,THS_SERIES,THS-SI-7.2,1,1,unregistered,0.30,,,register_pending,P2_auto,0
A-02955,,,,SI,社会库存|库存,多晶硅|硅,多晶硅社会库存总量（万吨）,多晶硅社会库存总量,unit_variant,万吨,,THS_SERIES,THS-SI-4.3|THS-SI-4.5,1,2,unregistered,0.30,,,register_pending,P2_auto,0
A-02956,,,,SI,产能,多晶硅|硅,多晶硅精炼月产能（万吨）,多晶硅精炼月产能,unit_variant,万吨,,THS_SERIES,THS-SI-3.2.1,1,1,unregistered,0.30,,,register_pending,P2_auto,0
A-02957,,,,SI,产量,多晶硅|硅,多晶硅精炼月产量（万吨）,多晶硅精炼月产量,unit_variant,万吨,,THS_SERIES,THS-SI-3.2.1,1,1,unregistered,0.30,,,register_pending,P2_auto,0
A-02958,,,,SI,开工率|开工,多晶硅|硅,多晶硅精炼月开工率（%）,多晶硅精炼月开工率,unit_variant,%,,THS_SERIES,THS-SI-3.2.1|THS-SI-3.2.2,1,2,unregistered,0.30,,,register_pending,P2_auto,0
A-02959,,,,SI,未识别,多晶硅|硅,多晶硅精炼月检修量（万吨）,多晶硅精炼月检修量,unit_variant,万吨,,THS_SERIES,THS-SI-3.2.2,1,1,unregistered,0.30,,,register_pending,P2_auto,0
A-02960,,,,SI,产量,多晶硅|硅,多晶硅终端产量（万吨）,多晶硅终端产量,unit_variant,万吨,,THS_SERIES,THS-SI-5.1,1,1,unregistered,0.30,,,register_pending,P2_auto,0
A-02961,,,,SI,表观消费|消费量|消费,多晶硅|硅,多晶硅表观消费量（万吨）,多晶硅表观消费量,unit_variant,万吨,,THS_SERIES,THS-SI-5.1,1,1,unregistered,0.30,,,register_pending,P2_auto,0
A-02962,,,,SI,进口量,多晶硅|硅,多晶硅进口量（万吨）,多晶硅进口量,unit_variant,万吨,,THS_SERIES,THS-SI-6.1|THS-SI-6.4,1,2,unregistered,0.30,,,register_pending,P2_auto,0
A-02963,,,,SI,库存,多晶硅|硅,多晶硅隐性库存总量（万吨）,多晶硅隐性库存总量,unit_variant,万吨,,THS_SERIES,THS-SI-4.5,1,1,unregistered,0.30,,,register_pending,P2_auto,0
A-02965,,,,LI,持仓,无,多空持仓比（%）,多空持仓比,unit_variant,%,,THS_SERIES,THS-LI-2.6|THS-SN-2.1|THS-ZN-2.6,1,6,unregistered,0.30,,,register_pending,P2_auto,0
A-02966,,,,NI,持仓,无,多空持仓比（多头/空头）,多空持仓比(多头/空头,full_name,,,THS_SERIES,THS-NI-2.6,1,1,unregistered,0.30,,,register_pending,P2_auto,0
A-02967,,,,LI,升贴水|贴水,无,大豆：巴西产：CNF升贴水：3月交货（日）,大豆:巴西产:CNF升贴水:3月交货(日,mixed_script,,,THS_MATCHED,THS-LI-2.2|THS-NI-2.2|THS-SN-2.2,1,8,unregistered,0.30,,,register_pending,P2_auto,0
A-02971,,,,ZN,升贴水|贴水,锌,天津锌现货升贴水（元/吨）,天津锌现货升贴水,unit_variant,元/吨,,THS_SERIES,THS-ZN-2.2,1,1,unregistered,0.30,,,register_pending,P2_auto,0
A-02972,,,,AL,完全成本|成本,无,完全成本指数,完全成本指数,full_name,,,THS_SERIES,THS-AL-3.1,1,1,unregistered,0.30,,,register_pending,P2_auto,0
A-02974,,,,NI,未识别,无,山东：标准化实验项目：数量：聊城（年）,山东:标准化实验项目:数量:聊城(年,full_name,,,THS_MATCHED,THS-NI-4.1|THS-NI-4.2,1,2,unregistered,0.30,,,register_pending,P2_auto,0
A-02976,,,,SI,利润,工业硅|硅,工业硅：421#：利润：四川（周）,工业硅:421#:利润:四川(周,numeric_code,,,THS_MATCHED,THS-SI-3.1.5|THS-SI-3.2.4|THS-SI-7.2,1,10,unregistered,0.30,,,register_pending,P2_auto,0
A-02978,,,,SI,成本,工业硅|硅,工业硅：421#：成本：四川（周）,工业硅:421#:成本:四川(周,numeric_code,,,THS_MATCHED,THS-SI-3.2.4|THS-SI-7.1|THS-SI-7.2,1,11,unregistered,0.30,,,register_pending,P2_auto,0
A-02981,,,,SI,成本,工业硅|硅,工业硅：421#：现金成本：新疆（周）,工业硅:421#:现金成本:新疆(周,numeric_code,,,THS_MATCHED,THS-SI-2.3|THS-SI-7.1|THS-SI-7.2,1,3,unregistered,0.30,,,register_pending,P2_auto,0
A-02982,,,,SI,未识别,工业硅|硅,工业硅：Si＜99.99%：出口数量：中国→韩国（月）,工业硅:Si＜99.99%:出口数量:中国→韩国(月,mixed_script,,,THS_MATCHED,THS-SI-6.2|THS-SI-6.3,1,2,unregistered,0.30,,,register_pending,P2_auto,0
A-02984,,,,SI,未识别,工业硅|硅,工业硅：Si＜99.99%：进口数量：俄罗斯→中国（月）,工业硅:Si＜99.99%:进口数量:俄罗斯→中国(月,mixed_script,,,THS_MATCHED,THS-SI-3.1.4,1,2,unregistered,0.30,,,register_pending,P2_auto,0
A-02985,,,,SI,未识别,工业硅|硅,工业硅：Si＜99.99%：进口数量：日本→中国（月）,工业硅:Si＜99.99%:进口数量:日本→中国(月,mixed_script,,,THS_MATCHED,THS-SI-2.2|THS-SI-2.3|THS-SI-5.3,1,13,unregistered,0.30,,,register_pending,P2_auto,0
A-02987,,,,SI,未识别,工业硅|硅,工业硅：Si＜99.99%：进口数量：韩国→中国（月）,工业硅:Si＜99.99%:进口数量:韩国→中国(月,mixed_script,,,THS_MATCHED,THS-SI-6.1|THS-SI-6.4,1,2,unregistered,0.30,,,register_pending,P2_auto,0
A-02991,,,,SI,产能利用率|产能,工业硅|硅,工业硅：产能利用率：重庆（月）,工业硅:产能利用率:重庆(月,full_name,,,THS_MATCHED,THS-SI-3.1.5|THS-SI-3.2.3|THS-SI-3.2.4,1,8,unregistered,0.30,,,register_pending,P2_auto,0
A-02996,,,,SI,未识别,工业硅|硅,工业硅：生产企业：电价：四川（日）,工业硅:生产企业:电价:四川(日,full_name,,,THS_MATCHED,THS-SI-7.1,1,1,unregistered,0.30,,,register_pending,P2_auto,0
A-02997,,,,SI,加工费|TC,工业硅|硅,工业硅TC加工费（元/吨）,工业硅TC加工费,unit_variant,元/吨,,THS_SERIES,THS-SI-3.2.4,1,1,unregistered,0.30,,,register_pending,P2_auto,0
A-02998,,,,SI,开工率|开工,工业硅|硅,工业硅下游开工率（%）,工业硅下游开工率,unit_variant,%,,THS_SERIES,THS-SI-5.1,1,1,unregistered,0.30,,,register_pending,P2_auto,0
A-02999,,,,SI,未识别,工业硅|硅,工业硅下游排产计划量（万吨）,工业硅下游排产计划量,unit_variant,万吨,,THS_SERIES,THS-SI-5.3,1,1,unregistered,0.30,,,register_pending,P2_auto,0
A-03000,,,,SI,消费|占比,工业硅|硅,工业硅下游消费占比（%）,工业硅下游消费占比,unit_variant,%,,THS_SERIES,THS-SI-5.2,1,1,unregistered,0.30,,,register_pending,P2_auto,0
A-03001,,,,SI,消费|增速,工业硅|硅,工业硅下游消费增速（%）,工业硅下游消费增速,unit_variant,%,,THS_SERIES,THS-SI-5.2,1,1,unregistered,0.30,,,register_pending,P2_auto,0
A-03002,,,,SI,产量,工业硅|硅,工业硅下游终端产量（万吨）,工业硅下游终端产量,unit_variant,万吨,,THS_SERIES,THS-SI-5.2,1,1,unregistered,0.30,,,register_pending,P2_auto,0
A-03003,,,,SI,未识别,工业硅|硅,工业硅下游订单量（万吨）,工业硅下游订单量,unit_variant,万吨,,THS_SERIES,THS-SI-5.2|THS-SI-5.3,1,2,unregistered,0.30,,,register_pending,P2_auto,0
A-03004,,,,SI,未识别,工业硅|硅,工业硅下游采购量（万吨）,工业硅下游采购量,unit_variant,万吨,,THS_SERIES,THS-SI-5.3,1,1,unregistered,0.30,,,register_pending,P2_auto,0
A-03005,,,,SI,未识别,工业硅|硅,工业硅下游预付款（亿元）,工业硅下游预付款,unit_variant,亿元,,THS_SERIES,THS-SI-5.3,1,1,unregistered,0.30,,,register_pending,P2_auto,0
A-03010,,,,SI,库存,工业硅|硅,工业硅交易所库存总量（吨）,工业硅交易所库存总量,unit_variant,吨,,THS_SERIES,THS-SI-4.1,1,1,unregistered,0.30,,,register_pending,P2_auto,0
A-03011,,,,SI,产量,工业硅|硅,工业硅产量（万吨）,工业硅产量,unit_variant,万吨,,THS_SERIES,THS-SI-5.1,1,1,unregistered,0.30,,,register_pending,P2_auto,0
A-03012,,,,SI,仓单,工业硅|硅,工业硅仓单分地区量（吨）,工业硅仓单分地区量,unit_variant,吨,,THS_SERIES,THS-SI-4.2,1,1,unregistered,0.30,,,register_pending,P2_auto,0
A-03013,,,,SI,占比|仓单,工业硅|硅,工业硅仓单占比（%）,工业硅仓单占比,unit_variant,%,,THS_SERIES,THS-SI-4.2,1,1,unregistered,0.30,,,register_pending,P2_auto,0
A-03014,,,,SI,仓单,工业硅|硅,工业硅仓单注册量（吨）,工业硅仓单注册量,unit_variant,吨,,THS_SERIES,THS-SI-2.2|THS-SI-4.1|THS-SI-4.2,1,3,unregistered,0.30,,,register_pending,P2_auto,0
A-03019,,,,SI,未识别,工业硅|硅,工业硅估值分位（%）,工业硅估值分位,unit_variant,%,,THS_SERIES,THS-SI-2.5,1,1,unregistered,0.30,,,register_pending,P2_auto,0
A-03020,,,,SI,供需平衡,工业硅|硅,工业硅供需平衡,工业硅供需平衡,cross_report_synonym,,,PDF_TEMPLATE|RISK_DB_SRC,RISK-013|TPL-SI-019,1,2,unregistered,0.30,,,register_pending,P2_auto,0
A-03021,,,,SI,仓单,工业硅|硅,工业硅保税区仓单（万吨）,工业硅保税区仓单,unit_variant,万吨,,THS_SERIES,THS-SI-6.2,1,1,unregistered,0.30,,,register_pending,P2_auto,0
A-03022,,,,SI,库存,工业硅|硅,工业硅保税区库存（万吨）,工业硅保税区库存,unit_variant,万吨,,THS_SERIES,THS-SI-6.1,1,1,unregistered,0.30,,,register_pending,P2_auto,0
A-03023,,,,SI,产能,工业硅|硅,工业硅再生月产能（万吨）,工业硅再生月产能,unit_variant,万吨,,THS_SERIES,THS-SI-3.2.3,1,1,unregistered,0.30,,,register_pending,P2_auto,0
A-03024,,,,SI,产能利用率|产能,工业硅|硅,工业硅再生月产能利用率（%）,工业硅再生月产能利用率,unit_variant,%,,THS_SERIES,THS-SI-3.2.3,1,1,unregistered,0.30,,,register_pending,P2_auto,0
A-03026,,,,SI,开工率|开工,工业硅|硅,工业硅再生月开工率（%）,工业硅再生月开工率,unit_variant,%,,THS_SERIES,THS-SI-3.2.3,1,1,unregistered,0.30,,,register_pending,P2_auto,0
A-03027,,,,SI,未识别,工业硅|硅,工业硅再生月检修量（万吨）,工业硅再生月检修量,unit_variant,万吨,,THS_SERIES,THS-SI-3.2.3,1,1,unregistered,0.30,,,register_pending,P2_auto,0
A-03029,,,,SI,冶炼利润|利润,工业硅|硅,工业硅冶炼利润分位（%）,工业硅冶炼利润分位,unit_variant,%,,THS_SERIES,THS-SI-2.5|THS-SI-3.2.4,1,2,unregistered,0.30,,,register_pending,P2_auto,0
A-03030,,,,SI,产能利用率|产能,工业硅|硅,工业硅冶炼厂产能利用率（%）,工业硅冶炼厂产能利用率,unit_variant,%,,THS_SERIES,THS-SI-3.1.5|THS-SI-3.2.4,1,2,unregistered,0.30,,,register_pending,P2_auto,0
A-03031,,,,SI,开工率|开工,工业硅|硅,工业硅冶炼厂开工率（%）,工业硅冶炼厂开工率,unit_variant,%,,THS_SERIES,THS-SI-3.1.5|THS-SI-3.2.4,1,2,unregistered,0.30,,,register_pending,P2_auto,0
A-03032,,,,SI,未识别,工业硅|硅,工业硅冶炼厂检修量（万吨）,工业硅冶炼厂检修量,unit_variant,万吨,,THS_SERIES,THS-SI-3.1.5|THS-SI-3.2.4,1,2,unregistered,0.30,,,register_pending,P2_auto,0
A-03033,,,,SI,进口量,工业硅|硅,工业硅冶炼厂进口量（万吨）,工业硅冶炼厂进口量,unit_variant,万吨,,THS_SERIES,THS-SI-3.1.5,1,1,unregistered,0.30,,,register_pending,P2_auto,0
A-03035,,,,SI,成本,工业硅|硅,工业硅冶炼成本分位（%）,工业硅冶炼成本分位,unit_variant,%,,THS_SERIES,THS-SI-7.1,1,1,unregistered,0.30,,,register_pending,P2_auto,0
A-03036,,,,SI,净出口量|出口量,工业硅|硅,工业硅净出口量（万吨）,工业硅净出口量,unit_variant,万吨,,THS_SERIES,THS-SI-6.2,1,1,unregistered,0.30,,,register_pending,P2_auto,0
A-03037,,,,SI,净进口量|进口量,工业硅|硅,工业硅净进口量（万吨）,工业硅净进口量,unit_variant,万吨,,THS_SERIES,THS-SI-6.1,1,1,unregistered,0.30,,,register_pending,P2_auto,0
A-03038,,,,SI,未识别,工业硅|硅,工业硅出口关税税率（%）,工业硅出口关税税率,unit_variant,%,,THS_SERIES,THS-SI-6.2,1,1,unregistered,0.30,,,register_pending,P2_auto,0
A-03039,,,,SI,未识别,工业硅|硅,工业硅出口分国别量（万吨）,工业硅出口分国别量,unit_variant,万吨,,THS_SERIES,THS-SI-6.2,1,1,unregistered,0.30,,,register_pending,P2_auto,0
A-03040,,,,SI,未识别,工业硅|硅,工业硅出口发运天数（天）,工业硅出口发运天数(天,full_name,,,THS_SERIES,THS-SI-6.2,1,1,unregistered,0.30,,,register_pending,P2_auto,0
A-03041,,,,SI,未识别,工业硅|硅,工业硅出口总量（万吨）,工业硅出口总量,unit_variant,万吨,,THS_SERIES,THS-SI-6.2,1,1,unregistered,0.30,,,register_pending,P2_auto,0
A-03044,,,,SI,仓单,工业硅|硅,工业硅制品保税区仓单（万吨）,工业硅制品保税区仓单,unit_variant,万吨,,THS_SERIES,THS-SI-6.3,1,1,unregistered,0.30,,,register_pending,P2_auto,0
A-03045,,,,SI,净出口量|出口量,工业硅|硅,工业硅制品净出口量（万吨）,工业硅制品净出口量,unit_variant,万吨,,THS_SERIES,THS-SI-6.3,1,1,unregistered,0.30,,,register_pending,P2_auto,0
A-03046,,,,SI,未识别,工业硅|硅,工业硅制品出口关税税率（%）,工业硅制品出口关税税率,unit_variant,%,,THS_SERIES,THS-SI-6.3,1,1,unregistered,0.30,,,register_pending,P2_auto,0
A-03047,,,,SI,未识别,工业硅|硅,工业硅制品出口分国别量（万吨）,工业硅制品出口分国别量,unit_variant,万吨,,THS_SERIES,THS-SI-6.3,1,1,unregistered,0.30,,,register_pending,P2_auto,0
A-03048,,,,SI,未识别,工业硅|硅,工业硅制品出口发运天数（天）,工业硅制品出口发运天数(天,full_name,,,THS_SERIES,THS-SI-6.3,1,1,unregistered,0.30,,,register_pending,P2_auto,0
A-03049,,,,SI,未识别,工业硅|硅,工业硅制品出口总量（万吨）,工业硅制品出口总量,unit_variant,万吨,,THS_SERIES,THS-SI-6.3,1,1,unregistered,0.30,,,register_pending,P2_auto,0
A-03050,,,,SI,出口量,工业硅|硅,工业硅制品出口量（万吨）,工业硅制品出口量,unit_variant,万吨,,THS_SERIES,THS-SI-6.3,1,1,unregistered,0.30,,,register_pending,P2_auto,0
A-03051,,,,SI,加工费,工业硅|硅,工业硅加工费（元/吨）,工业硅加工费,unit_variant,元/吨,,THS_SERIES,THS-SI-7.2,1,1,unregistered,0.30,,,register_pending,P2_auto,0
A-03052,,,,SI,成本,工业硅|硅,工业硅原料成本（元/吨）,工业硅原料成本,unit_variant,元/吨,,THS_SERIES,THS-SI-7.1,1,1,unregistered,0.30,,,register_pending,P2_auto,0
A-03053,,,,SI,产量,工业硅|硅,工业硅周度产量(SMM),工业硅周度产量,unit_variant,SMM,,PDF_TEMPLATE,TPL-SI-022|TPL-SI-039,1,2,unregistered,0.30,,,register_pending,P2_auto,0
A-03054,,,,SI,产量,工业硅|硅,工业硅周度产量(百川),工业硅周度产量(百川,full_name,,,PDF_TEMPLATE,TPL-SI-023|TPL-SI-040,1,2,unregistered,0.30,,,register_pending,P2_auto,0
A-03055,,,,SI,在途库存|库存,工业硅|硅,工业硅在途库存（吨）,工业硅在途库存,unit_variant,吨,,THS_SERIES,THS-SI-4.1,1,1,unregistered,0.30,,,register_pending,P2_auto,0
A-03056,,,,SI,在途库存|库存,工业硅|硅,工业硅在途库存分地区量（万吨）,工业硅在途库存分地区量,unit_variant,万吨,,THS_SERIES,THS-SI-4.5,1,1,unregistered,0.30,,,register_pending,P2_auto,0
A-03057,,,,SI,在途库存|库存,工业硅|硅,工业硅在途库存总量（万吨）,工业硅在途库存总量,unit_variant,万吨,,THS_SERIES,THS-SI-4.5,1,1,unregistered,0.30,,,register_pending,P2_auto,0
A-03060,,,,SI,工厂库存|库存,工业硅|硅,工业硅工厂库存分地区量（万吨）,工业硅工厂库存分地区量,unit_variant,万吨,,THS_SERIES,THS-SI-4.4,1,1,unregistered,0.30,,,register_pending,P2_auto,0
A-03061,,,,SI,工厂库存|库存,工业硅|硅,工业硅工厂库存分持有者量（万吨）,工业硅工厂库存分持有者量,unit_variant,万吨,,THS_SERIES,THS-SI-4.4,1,1,unregistered,0.30,,,register_pending,P2_auto,0
A-03062,,,,SI,工厂库存|在途库存|库存,工业硅|硅,工业硅工厂库存在途库存（万吨）,工业硅工厂库存在途库存,unit_variant,万吨,,THS_SERIES,THS-SI-4.4,1,1,unregistered,0.30,,,register_pending,P2_auto,0
A-03063,,,,SI,库存天数|工厂库存|库存,工业硅|硅,工业硅工厂库存天数（天）,工业硅工厂库存天数(天,full_name,,,THS_SERIES,THS-SI-4.4,1,1,unregistered,0.30,,,register_pending,P2_auto,0
A-03065,,,,SI,工厂库存|库存,工业硅|硅,工业硅工厂库存隐性库存（万吨）,工业硅工厂库存隐性库存,unit_variant,万吨,,THS_SERIES,THS-SI-4.4,1,1,unregistered,0.30,,,register_pending,P2_auto,0
A-03066,,,,SI,库存天数|库存,工业硅|硅,工业硅库存天数（天）,工业硅库存天数(天,full_name,,,THS_SERIES,THS-SI-4.1,1,1,unregistered,0.30,,,register_pending,P2_auto,0
A-03068,,,,SI,未识别,工业硅|硅,工业硅排产计划量（万吨）,工业硅排产计划量,unit_variant,万吨,,THS_SERIES,THS-SI-5.1,1,1,unregistered,0.30,,,register_pending,P2_auto,0
A-03070,,,,SI,月差,工业硅|硅,工业硅月差（元/吨）,工业硅月差,unit_variant,元/吨,,THS_SERIES,THS-SI-2.2,1,1,unregistered,0.30,,,register_pending,P2_auto,0
A-03072,,,,SI,未识别,工业硅|硅,工业硅期货主力合约收盘价（元/吨）,工业硅期货主力合约收盘价,unit_variant,元/吨,,THS_SERIES,THS-SI-2.4|THS-SI-3.2.4|THS-SI-7.1,1,12,unregistered,0.30,,,register_pending,P2_auto,0
A-03073,,,,SI,仓单,工业硅|硅,工业硅期货仓单注册量（吨）,工业硅期货仓单注册量,unit_variant,吨,,THS_SERIES,THS-SI-2.4|THS-SI-2.6,1,2,unregistered,0.30,,,register_pending,P2_auto,0
A-03074,,,,SI,基差,工业硅|硅,工业硅期货基差（元/吨）,工业硅期货基差,unit_variant,元/吨,,THS_SERIES,THS-SI-2.4,1,1,unregistered,0.30,,,register_pending,P2_auto,0
A-03075,,,,SI,持仓量|持仓,工业硅|硅,工业硅期货多头前20持仓量（手）,工业硅期货多头前20持仓量,unit_variant,手,,THS_SERIES,THS-SI-2.6,1,1,unregistered,0.30,,,register_pending,P2_auto,0
A-03076,,,,SI,持仓,工业硅|硅,工业硅期货多空前20净持仓（手）,工业硅期货多空前20净持仓,unit_variant,手,,THS_SERIES,THS-SI-2.6,1,1,unregistered,0.30,,,register_pending,P2_auto,0
A-03077,,,,SI,持仓量|持仓,工业硅|硅,工业硅期货多空前20持仓量（手）,工业硅期货多空前20持仓量,unit_variant,手,,THS_SERIES,THS-SI-2.6,1,1,unregistered,0.30,,,register_pending,P2_auto,0
A-03078,,,,SI,持仓,工业硅|硅,工业硅期货多空持仓比（%）,工业硅期货多空持仓比,unit_variant,%,,THS_SERIES,THS-SI-2.6,1,1,unregistered,0.30,,,register_pending,P2_auto,0
A-03079,,,,SI,成交量,工业硅|硅,工业硅期货成交量（手）,工业硅期货成交量,unit_variant,手,,THS_SERIES,THS-SI-2.6,1,1,unregistered,0.30,,,register_pending,P2_auto,0
A-03080,,,,SI,持仓量|持仓,工业硅|硅,工业硅期货持仓量（手）,工业硅期货持仓量,unit_variant,手,,THS_SERIES,THS-SI-2.1|THS-SI-2.4,1,2,unregistered,0.30,,,register_pending,P2_auto,0
A-03081,,,,SI,持仓量|持仓,工业硅|硅,工业硅期货持仓量分位（%）,工业硅期货持仓量分位,unit_variant,%,,THS_SERIES,THS-SI-2.6,1,1,unregistered,0.30,,,register_pending,P2_auto,0
A-03082,,,,SI,仓单,工业硅|硅,工业硅期货日度仓单注册量（吨）,工业硅期货日度仓单注册量,unit_variant,吨,,THS_SERIES,THS-SI-2.1,1,1,unregistered,0.30,,,register_pending,P2_auto,0
A-03083,,,,SI,基差,工业硅|硅,工业硅期货日度基差（元/吨）,工业硅期货日度基差,unit_variant,元/吨,,THS_SERIES,THS-SI-2.1,1,1,unregistered,0.30,,,register_pending,P2_auto,0
A-03084,,,,SI,持仓,工业硅|硅,工业硅期货日度多空持仓比（%）,工业硅期货日度多空持仓比,unit_variant,%,,THS_SERIES,THS-SI-2.1,1,1,unregistered,0.30,,,register_pending,P2_auto,0
A-03085,,,,SI,成交量,工业硅|硅,工业硅期货日度成交量（手）,工业硅期货日度成交量,unit_variant,手,,THS_SERIES,THS-SI-2.1,1,1,unregistered,0.30,,,register_pending,P2_auto,0
A-03086,,,,SI,持仓量|持仓,工业硅|硅,工业硅期货日度持仓量（手）,工业硅期货日度持仓量,unit_variant,手,,THS_SERIES,THS-SI-2.1,1,1,unregistered,0.30,,,register_pending,P2_auto,0
A-03087,,,,SI,持仓量|持仓,工业硅|硅,工业硅期货日度持仓量分位（%）,工业硅期货日度持仓量分位,unit_variant,%,,THS_SERIES,THS-SI-2.1,1,1,unregistered,0.30,,,register_pending,P2_auto,0
A-03088,,,,SI,月差,工业硅|硅,工业硅期货日度月差（元/吨）,工业硅期货日度月差,unit_variant,元/吨,,THS_SERIES,THS-SI-2.1,1,1,unregistered,0.30,,,register_pending,P2_auto,0
A-03090,,,,SI,持仓量|持仓,工业硅|硅,工业硅期货空头前20持仓量（手）,工业硅期货空头前20持仓量,unit_variant,手,,THS_SERIES,THS-SI-2.6,1,1,unregistered,0.30,,,register_pending,P2_auto,0
A-03091,,,,SI,未识别,工业硅|硅,工业硅期货近月合约收盘价（元/吨）,工业硅期货近月合约收盘价,unit_variant,元/吨,,THS_SERIES,THS-SI-2.4,1,1,unregistered,0.30,,,register_pending,P2_auto,0
A-03092,,,,SI,未识别,工业硅|硅,工业硅期货远月合约收盘价（元/吨）,工业硅期货远月合约收盘价,unit_variant,元/吨,,THS_SERIES,THS-SI-2.4,1,1,unregistered,0.30,,,register_pending,P2_auto,0
A-03093,,,,SI,工厂库存|库存,工业硅|硅,工业硅样本工厂库存(SMM),工业硅样本工厂库存,unit_variant,SMM,,PDF_TEMPLATE|RISK_DB_SRC,RISK-011|RISK-012|TPL-SI-014|TPL-SI-017,1,4,unregistered,0.30,,,register_pending,P2_auto,0
A-03094,,,,SI,未识别,工业硅|硅,工业硅沪伦比（倍）,工业硅沪伦比(倍,full_name,,,THS_SERIES,THS-SI-2.2,1,1,unregistered,0.30,,,register_pending,P2_auto,0
A-03095,,,,SI,注销仓单|占比|仓单,工业硅|硅,工业硅注销仓单占比（%）,工业硅注销仓单占比,unit_variant,%,,THS_SERIES,THS-SI-4.1|THS-SI-4.2,1,2,unregistered,0.30,,,register_pending,P2_auto,0
A-03096,,,,SI,注销仓单|仓单,工业硅|硅,工业硅注销仓单量（吨）,工业硅注销仓单量,unit_variant,吨,,THS_SERIES,THS-SI-4.1|THS-SI-4.2,1,2,unregistered,0.30,,,register_pending,P2_auto,0
A-03097,,,,SI,仓单,工业硅|硅,工业硅海外发运保税区仓单（万吨）,工业硅海外发运保税区仓单,unit_variant,万吨,,THS_SERIES,THS-SI-6.4,1,1,unregistered,0.30,,,register_pending,P2_auto,0
A-03098,,,,SI,未识别,工业硅|硅,工业硅海外发运分国别量（万吨）,工业硅海外发运分国别量,unit_variant,万吨,,THS_SERIES,THS-SI-6.4,1,1,unregistered,0.30,,,register_pending,P2_auto,0
A-03099,,,,SI,未识别,工业硅|硅,工业硅海外发运发运天数（天）,工业硅海外发运发运天数(天,full_name,,,THS_SERIES,THS-SI-6.4,1,1,unregistered,0.30,,,register_pending,P2_auto,0
A-03100,,,,SI,未识别,工业硅|硅,工业硅海外发运发运金额（亿元）,工业硅海外发运发运金额,unit_variant,亿元,,THS_SERIES,THS-SI-6.4,1,1,unregistered,0.30,,,register_pending,P2_auto,0
A-03101,,,,SI,未识别,工业硅|硅,工业硅海外发运总量（万吨）,工业硅海外发运总量,unit_variant,万吨,,THS_SERIES,THS-SI-6.4,1,1,unregistered,0.30,,,register_pending,P2_auto,0
A-03102,,,,SI,未识别,工业硅|硅,工业硅海外发运量（万吨）,工业硅海外发运量,unit_variant,万吨,,THS_SERIES,THS-SI-6.4,1,1,unregistered,0.30,,,register_pending,P2_auto,0
A-03105,,,,SI,现货价格|价格,工业硅|硅,工业硅现货价格（元/吨）,工业硅现货价格,unit_variant,元/吨,,THS_SERIES,THS-SI-2.2,1,1,unregistered,0.30,,,register_pending,P2_auto,0
A-03106,,,,SI,升贴水|贴水,工业硅|硅,工业硅现货升贴水（元/吨）,工业硅现货升贴水,unit_variant,元/吨,,THS_SERIES,THS-SI-2.2,1,1,unregistered,0.30,,,register_pending,P2_auto,0
A-03107,,,,SI,利润,工业硅|硅,工业硅现金利润（元/吨）,工业硅现金利润,unit_variant,元/吨,,THS_SERIES,THS-SI-7.2,1,1,unregistered,0.30,,,register_pending,P2_auto,0
A-03110,,,,SI,成本,工业硅|硅,工业硅电价成本,工业硅电价成本,full_name,,,PDF_TEMPLATE,TPL-SI-009,1,1,unregistered,0.30,,,register_pending,P2_auto,0
A-03111,,,,SI,加工费|TC,工业硅|硅矿|硅,工业硅矿端TC加工费（元/吨）,工业硅矿端TC加工费,unit_variant,元/吨,,THS_SERIES,THS-SI-3.1.5,1,1,unregistered,0.30,,,register_pending,P2_auto,0
A-03112,,,,SI,加工费|TC,工业硅|硅矿|硅,工业硅矿端TC加工费分位（%）,工业硅矿端TC加工费分位,unit_variant,%,,THS_SERIES,THS-SI-3.1.5,1,1,unregistered,0.30,,,register_pending,P2_auto,0
A-03114,,,,SI,社会库存|库存,工业硅|硅,工业硅社会库存分地区量（万吨）,工业硅社会库存分地区量,unit_variant,万吨,,THS_SERIES,THS-SI-4.3,1,1,unregistered,0.30,,,register_pending,P2_auto,0
A-03115,,,,SI,社会库存|厂内库存|库存,工业硅|硅,工业硅社会库存厂内库存（万吨）,工业硅社会库存厂内库存,unit_variant,万吨,,THS_SERIES,THS-SI-4.3,1,1,unregistered,0.30,,,register_pending,P2_auto,0
A-03116,,,,SI,社会库存|在途库存|库存,工业硅|硅,工业硅社会库存在途库存（万吨）,工业硅社会库存在途库存,unit_variant,万吨,,THS_SERIES,THS-SI-4.3,1,1,unregistered,0.30,,,register_pending,P2_auto,0
A-03117,,,,SI,社会库存|库存天数|库存,工业硅|硅,工业硅社会库存天数（天）,工业硅社会库存天数(天,full_name,,,THS_SERIES,THS-SI-4.3,1,1,unregistered,0.30,,,register_pending,P2_auto,0
A-03118,,,,SI,社会库存|库存,工业硅|硅,工业硅社会库存总量（万吨）,工业硅社会库存总量,unit_variant,万吨,,THS_SERIES,THS-SI-4.3|THS-SI-4.5,1,2,unregistered,0.30,,,register_pending,P2_auto,0
A-03119,,,,SI,社会库存|库存,工业硅|硅,工业硅社会库存隐性库存（万吨）,工业硅社会库存隐性库存,unit_variant,万吨,,THS_SERIES,THS-SI-4.3,1,1,unregistered,0.30,,,register_pending,P2_auto,0
A-03122,,,,SI,产能利用率|产能,工业硅|硅,工业硅精炼月产能利用率（%）,工业硅精炼月产能利用率,unit_variant,%,,THS_SERIES,THS-SI-3.2.1|THS-SI-3.2.2,1,2,unregistered,0.30,,,register_pending,P2_auto,0
A-03124,,,,SI,开工,工业硅|硅,工业硅精炼月开工天数（天）,工业硅精炼月开工天数(天,full_name,,,THS_SERIES,THS-SI-3.2.2,1,1,unregistered,0.30,,,register_pending,P2_auto,0
A-03125,,,,SI,开工率|开工,工业硅|硅,工业硅精炼月开工率（%）,工业硅精炼月开工率,unit_variant,%,,THS_SERIES,THS-SI-3.2.1|THS-SI-3.2.2,1,2,unregistered,0.30,,,register_pending,P2_auto,0
A-03126,,,,SI,未识别,工业硅|硅,工业硅精炼月检修量（万吨）,工业硅精炼月检修量,unit_variant,万吨,,THS_SERIES,THS-SI-3.2.1|THS-SI-3.2.2,1,2,unregistered,0.30,,,register_pending,P2_auto,0
A-03128,,,,SI,产量,工业硅|硅,工业硅终端产量（万吨）,工业硅终端产量,unit_variant,万吨,,THS_SERIES,THS-SI-5.1,1,1,unregistered,0.30,,,register_pending,P2_auto,0
A-03130,,,,SI,成本,工业硅|硅,工业硅能源成本（元/吨）,工业硅能源成本,unit_variant,元/吨,,THS_SERIES,THS-SI-7.1|THS-SI-7.2,1,2,unregistered,0.30,,,register_pending,P2_auto,0
A-03132,,,,SI,未识别,工业硅|硅,工业硅进口关税税率（%）,工业硅进口关税税率,unit_variant,%,,THS_SERIES,THS-SI-6.1,1,1,unregistered,0.30,,,register_pending,P2_auto,0
A-03133,,,,SI,未识别,工业硅|硅,工业硅进口分国别量（万吨）,工业硅进口分国别量,unit_variant,万吨,,THS_SERIES,THS-SI-6.1,1,1,unregistered,0.30,,,register_pending,P2_auto,0
A-03134,,,,SI,未识别,工业硅|硅,工业硅进口发运天数（天）,工业硅进口发运天数(天,full_name,,,THS_SERIES,THS-SI-6.1,1,1,unregistered,0.30,,,register_pending,P2_auto,0
A-03135,,,,SI,未识别,工业硅|硅,工业硅进口总量（万吨）,工业硅进口总量,unit_variant,万吨,,THS_SERIES,THS-SI-6.1,1,1,unregistered,0.30,,,register_pending,P2_auto,0
A-03136,,,,SI,盈亏,工业硅|硅,工业硅进口盈亏（元/吨）,工业硅进口盈亏,unit_variant,元/吨,,THS_SERIES,THS-SI-2.2|THS-SI-2.3,1,2,unregistered,0.30,,,register_pending,P2_auto,0
A-03139,,,,SI,库存,工业硅|硅,工业硅隐性库存（吨）,工业硅隐性库存,unit_variant,吨,,THS_SERIES,THS-SI-4.1,1,1,unregistered,0.30,,,register_pending,P2_auto,0
A-03140,,,,SI,库存,工业硅|硅,工业硅隐性库存分地区量（万吨）,工业硅隐性库存分地区量,unit_variant,万吨,,THS_SERIES,THS-SI-4.5,1,1,unregistered,0.30,,,register_pending,P2_auto,0
A-03141,,,,SI,库存,工业硅|硅,工业硅隐性库存分持有者量（万吨）,工业硅隐性库存分持有者量,unit_variant,万吨,,THS_SERIES,THS-SI-4.5,1,1,unregistered,0.30,,,register_pending,P2_auto,0
A-03142,,,,SI,库存,工业硅|硅,工业硅隐性库存总量（万吨）,工业硅隐性库存总量,unit_variant,万吨,,THS_SERIES,THS-SI-4.5,1,1,unregistered,0.30,,,register_pending,P2_auto,0
A-03144,,,,LI,库存,碳酸锂|锂,工业级碳酸锂交易所库存（万吨LCE）,工业级碳酸锂交易所库存,unit_variant,万吨LCE,,THS_SERIES,THS-LI-4.1,1,1,unregistered,0.30,,,register_pending,P2_auto,0
A-03146,,,,LI,仓单,碳酸锂|锂,工业级碳酸锂仓单数量（万吨LCE）,工业级碳酸锂仓单数量,unit_variant,万吨LCE,,THS_SERIES,THS-LI-4.2,1,1,unregistered,0.30,,,register_pending,P2_auto,0
A-03147,,,,LI,冶炼利润|利润,碳酸锂|锂,工业级碳酸锂冶炼利润（元/吨）,工业级碳酸锂冶炼利润,unit_variant,元/吨,,THS_SERIES,THS-LI-3.2.4,1,1,unregistered,0.30,,,register_pending,P2_auto,0
A-03148,,,,LI,利润,碳酸锂|锂,工业级碳酸锂利润（元/吨）,工业级碳酸锂利润,unit_variant,元/吨,,RISK_DB_SRC|THS_SERIES,RISK-035|THS-LI-2.5,1,2,unregistered,0.30,,,register_pending,P2_auto,0
A-03149,,,,LI,升贴水|贴水|占比,碳酸锂|锂,工业级碳酸锂升贴水占比（%）,工业级碳酸锂升贴水占比,unit_variant,%,,THS_SERIES,THS-LI-2.2,1,1,unregistered,0.30,,,register_pending,P2_auto,0
A-03150,,,,LI,工厂库存|库存,碳酸锂|锂,工业级碳酸锂工厂库存（万吨LCE）,工业级碳酸锂工厂库存,unit_variant,万吨LCE,,THS_SERIES,THS-LI-4.4,1,1,unregistered,0.30,,,register_pending,P2_auto,0
A-03153,,,,LI,社会库存|库存,碳酸锂|锂,工业级碳酸锂社会库存（万吨LCE）,工业级碳酸锂社会库存,unit_variant,万吨LCE,,THS_SERIES,THS-LI-4.3,1,1,unregistered,0.30,,,register_pending,P2_auto,0
A-03154,,,,SN,库存天数|工厂库存|库存,无,工厂库存天数时序图,工厂库存天数,suffix_variant,,时序图,RISK_DB_SRC|THS_SERIES,RISK-046|THS-SN-4.4,1,2,unregistered,0.30,,,register_pending,P2_auto,0
A-03156,,,,SN,工厂库存|库存,锡,工厂库存总量与沪锡主力合约收盘价时序图,工厂库存总量与沪锡主力合约收盘价,suffix_variant,,时序图,THS_SERIES,THS-SN-4.4,1,1,unregistered,0.30,,,register_pending,P2_auto,0
A-03159,,,,SN,未识别,锡,巴西：进口数量：锡（周）,巴西:进口数量:锡(周,full_name,,,THS_MATCHED,THS-SN-3.2.3|THS-SN-6.1,1,2,unregistered,0.30,,,register_pending,P2_auto,0
A-03161,,,,SI,产能,硅矿|硅,巴西硅矿月产能（万吨）,巴西硅矿月产能,unit_variant,万吨,,THS_SERIES,THS-SI-3.1.2,1,1,unregistered,0.30,,,register_pending,P2_auto,0
A-03162,,,,SI,产能利用率|产能,硅矿|硅,巴西硅矿月产能利用率（%）,巴西硅矿月产能利用率,unit_variant,%,,THS_SERIES,THS-SI-3.1.2,1,1,unregistered,0.30,,,register_pending,P2_auto,0
A-03163,,,,SI,产量,硅矿|硅,巴西硅矿月产量（万吨）,巴西硅矿月产量,unit_variant,万吨,,THS_SERIES,THS-SI-3.1.2,1,1,unregistered,0.30,,,register_pending,P2_auto,0
A-03164,,,,SI,生产量|产量,硅矿|硅,巴西硅矿月再生产量（万吨）,巴西硅矿月再生产量,unit_variant,万吨,,THS_SERIES,THS-SI-3.1.2,1,1,unregistered,0.30,,,register_pending,P2_auto,0
A-03165,,,,SI,加工费TC|加工费|TC,硅矿|硅,巴西硅矿月加工费TC（元/吨）,巴西硅矿月加工费TC,unit_variant,元/吨,,THS_SERIES,THS-SI-3.1.2,1,1,unregistered,0.30,,,register_pending,P2_auto,0
A-03166,,,,SI,开工率|开工,硅矿|硅,巴西硅矿月开工率（%）,巴西硅矿月开工率,unit_variant,%,,THS_SERIES,THS-SI-3.1.2,1,1,unregistered,0.30,,,register_pending,P2_auto,0
A-03167,,,,SI,进口量,硅矿|硅,巴西硅矿月进口量（万吨）,巴西硅矿月进口量,unit_variant,万吨,,THS_SERIES,THS-SI-3.1.2,1,1,unregistered,0.30,,,register_pending,P2_auto,0
A-03170,,,,LI,未识别,无,干胶：RSS3：近月合约：国际市场：市场价：新加坡（年）,干胶:RSS3:近月合约:国际市场:市场价:新加坡(年,mixed_script,,,THS_MATCHED,THS-ZN-4.3|THS-ZN-5.2|THS-ZN-7.1,1,42,unregistered,0.30,,,register_pending,P2_auto,0
A-03171,,,,NI,毛利,无,干胶：STR20：生产毛利：泰国：元/吨（日）,干胶:STR20:生产毛利:泰国:元/吨(日,mixed_script,,,THS_MATCHED,THS-NI-2.2|THS-NI-2.4,1,2,unregistered,0.30,,,register_pending,P2_auto,0
A-03172,,,,CU,升贴水|贴水,铜,平水铜升贴水,平水铜升贴水,full_name,,,THS_SERIES,THS-CU-2.3,1,1,unregistered,0.30,,,register_pending,P2_auto,0
A-03177,,,,NI,仓单,无,广东地区仓单量（手）,广东地区仓单量,unit_variant,手,,THS_SERIES,THS-NI-4.1|THS-NI-4.2,1,2,unregistered,0.30,,,register_pending,P2_auto,0
A-03178,,,,NI,社会库存|库存,无,广东地区社会库存（万吨）,广东地区社会库存,unit_variant,万吨,,THS_SERIES,THS-NI-4.3,1,1,unregistered,0.30,,,register_pending,P2_auto,0
A-03179,,,,ZN,升贴水|贴水,锌,广东锌现货升贴水（元/吨）,广东锌现货升贴水,unit_variant,元/吨,,THS_SERIES,THS-ZN-2.2,1,1,unregistered,0.30,,,register_pending,P2_auto,0
A-03190,,,,AL,未识别,废铝|铝,废铝进口总量,废铝进口总量,full_name,,,PDF_TEMPLATE,TPL-AL-019,1,1,unregistered,0.30,,,register_pending,P2_auto,0
A-03191,,,,AL,占比,废铝|铝,废铝进口来源国数量/占比,废铝进口来源国数量/占比,full_name,,,THS_SERIES,THS-AL-6.1,1,1,unregistered,0.30,,,register_pending,P2_auto,0
A-03195,,,,ZN,持仓量|持仓,无,总持仓量（手）,总持仓量,unit_variant,手,,THS_SERIES,THS-ZN-2.6,1,1,unregistered,0.30,,,register_pending,P2_auto,0
A-03196,,,,SN,进口量,无,总进口量（万吨）,总进口量,unit_variant,万吨,,THS_SERIES,THS-SN-3.1.4,1,1,unregistered,0.30,,,register_pending,P2_auto,0
A-03197,,,,LI,成交量,无,成交量（手）,成交量,unit_variant,手,,THS_SERIES,THS-LI-2.6|THS-SN-2.1|THS-ZN-2.6,1,5,unregistered,0.30,,,register_pending,P2_auto,0
A-03201,,,,LI,持仓量|持仓,无,持仓量（手）,持仓量,unit_variant,手,,THS_SERIES,THS-LI-2.4|THS-LI-2.6|THS-SN-2.1,1,5,unregistered,0.30,,,register_pending,P2_auto,0
A-03204,,,,SN,未识别,无,排产计划（万吨）,排产计划,unit_variant,万吨,时序图,THS_SERIES,THS-SN-5.1|THS-SN-5.3,2,3,unregistered,0.30,,,register_pending,P2_auto,0
A-03207,,,,SN,成本,无,斑块划痕：成本：芬兰（年）,斑块划痕:成本:芬兰(年,full_name,,,THS_MATCHED,THS-SN-7.1|THS-SN-7.2,1,2,unregistered,0.30,,,register_pending,P2_auto,0
A-03208,,,,NI,进口量,电解镍|镍,新喀里多尼亚电解镍进口量（万吨）,新喀里多尼亚电解镍进口量,unit_variant,万吨,,THS_SERIES,THS-NI-6.2,1,1,unregistered,0.30,,,register_pending,P2_auto,0
A-03209,,,,NI,占比,无,新喀里多尼亚进口占比（%）,新喀里多尼亚进口占比,unit_variant,%,,THS_SERIES,THS-NI-3.1.4,1,1,unregistered,0.30,,,register_pending,P2_auto,0
A-03210,,,,NI,未识别,无,新喀里多尼亚进口在途量（万吨）,新喀里多尼亚进口在途量,unit_variant,万吨,,THS_SERIES,THS-NI-4.5,1,1,unregistered,0.30,,,register_pending,P2_auto,0
A-03211,,,,NI,进口量,无,新喀里多尼亚进口量（万吨）,新喀里多尼亚进口量,unit_variant,万吨,,THS_SERIES,THS-NI-3.1.4,1,1,unregistered,0.30,,,register_pending,P2_auto,0
A-03212,,,,NI,产能,镍矿|镍,新喀里多尼亚镍矿产能（万吨/年）,新喀里多尼亚镍矿产能,unit_variant,万吨/年,,THS_SERIES,THS-NI-3.1.2,1,1,unregistered,0.30,,,register_pending,P2_auto,0
A-03213,,,,NI,产能利用率|产能,镍矿|镍,新喀里多尼亚镍矿产能利用率（%）,新喀里多尼亚镍矿产能利用率,unit_variant,%,,THS_SERIES,THS-NI-3.1.1,1,1,unregistered,0.30,,,register_pending,P2_auto,0
A-03214,,,,NI,产量,镍矿|镍,新喀里多尼亚镍矿产量（万吨）,新喀里多尼亚镍矿产量,unit_variant,万吨,,THS_SERIES,THS-NI-3.1.1|THS-NI-3.1.2,1,2,unregistered,0.30,,,register_pending,P2_auto,0
A-03215,,,,NI,开工,镍矿|镍,新喀里多尼亚镍矿开工天数（天/季度）,新喀里多尼亚镍矿开工天数,unit_variant,天/季度,,THS_SERIES,THS-NI-3.1.1|THS-NI-3.1.2,1,2,unregistered,0.30,,,register_pending,P2_auto,0
A-03216,,,,NI,未识别,镍矿|镍,新喀里多尼亚镍矿检修量（万吨）,新喀里多尼亚镍矿检修量,unit_variant,万吨,,THS_SERIES,THS-NI-3.1.1,1,1,unregistered,0.30,,,register_pending,P2_auto,0
A-03217,,,,NI,进口量,镍矿|镍,新喀里多尼亚镍矿进口量（万吨）,新喀里多尼亚镍矿进口量,unit_variant,万吨,,THS_SERIES,THS-NI-6.1,1,1,unregistered,0.30,,,register_pending,P2_auto,0
A-03218,,,,NI,产能,镍,新喀里多尼亚镍精炼产能（万吨/年）,新喀里多尼亚镍精炼产能,unit_variant,万吨/年,,THS_SERIES,THS-NI-3.1.1,1,1,unregistered,0.30,,,register_pending,P2_auto,0
A-03219,,,,NI,产量,镍,新喀里多尼亚镍精炼产量（万吨）,新喀里多尼亚镍精炼产量,unit_variant,万吨,,THS_SERIES,THS-NI-3.1.1|THS-NI-3.1.2,1,2,unregistered,0.30,,,register_pending,P2_auto,0
A-03220,,,,NI,TC,镍精矿|镍,新喀里多尼亚镍精矿TC（美元/吨干矿）,新喀里多尼亚镍精矿TC,unit_variant,美元/吨干矿,,THS_SERIES,THS-NI-3.1.5,1,1,unregistered,0.30,,,register_pending,P2_auto,0
A-03221,,,,NI,未识别,无,新增图数,新增图数,full_name,,,THS_SERIES,THS-NI-7.3,1,1,unregistered,0.30,,,register_pending,P2_auto,0
A-03226,,,,ENTITY,产量,新能源车,新能源车产量,新能源车产量,full_name,,,PDF_TEMPLATE,TPL-NI-025,1,1,unregistered,0.30,,,register_pending,P2_auto,0
A-03227,,,,ENTITY,销量,新能源车,新能源车销量,新能源车销量,full_name,,,PDF_TEMPLATE,TPL-NI-026,1,1,unregistered,0.30,,,register_pending,P2_auto,0
A-03228,,,,SN,库存,锡,无锡、佛山、巩义、上海、重庆、天津等区域库存,"无锡,佛山,巩义,上海,重庆,天津等区域库存",full_name,,,THS_SERIES,THS-AL-4.2,1,1,unregistered,0.30,,,register_pending,P2_auto,0
A-03229,,,,ENTITY|NI,完全成本|成本,硫酸镍|硫酸|镍,日度分原料硫酸镍完全成本（元/镍吨）,日度分原料硫酸镍完全成本,unit_variant,元/镍吨,,THS_SERIES,THS-NI-7.1,1,1,unregistered,0.30,,,register_pending,P2_auto,0
A-03230,,,,ENTITY|NI,完全成本|成本,硫酸镍|硫酸|镍,日度分原料硫酸镍完全成本（元/镍吨）（MHP/高冰镍/镍豆）,日度分原料硫酸镍完全成本(元/镍吨),unit_variant,MHP/高冰镍/镍豆,,THS_SERIES,THS-NI-7.1,1,1,unregistered,0.30,,,register_pending,P2_auto,0
A-03234,,,,LI,库存,无,普钢：库存：日本（季）,普钢:库存:日本(季,full_name,,,THS_MATCHED,THS-LI-4.1|THS-LI-4.3|THS-NI-4.3,1,5,unregistered,0.30,,,register_pending,P2_auto,0
A-03238,,,,AL,完全成本|成本,无,最低完全成本,最低完全成本,full_name,,,THS_SERIES,THS-AL-3.1,1,1,unregistered,0.30,,,register_pending,P2_auto,0
A-03239,,,,NI,未识别,无,最终图数,最终图数,full_name,,,THS_SERIES,THS-NI-7.3,1,1,unregistered,0.30,,,register_pending,P2_auto,0
A-03240,,,,AL,完全成本|成本,无,最高完全成本,最高完全成本,full_name,,,THS_SERIES,THS-AL-3.1,1,1,unregistered,0.30,,,register_pending,P2_auto,0
A-03241,,,,LI,月差,无,月差（元/吨）,月差,unit_variant,元/吨,,THS_SERIES,THS-LI-2.1|THS-LI-2.4|THS-SN-2.1,1,7,unregistered,0.30,,,register_pending,P2_auto,0
A-03242,,,,NI,月差,无,月差（近月-远月,月差(近月-远月,full_name,,,THS_SERIES,THS-NI-2.1|THS-NI-2.3|THS-NI-2.4,2,3,unregistered,0.30,,,register_pending,P2_auto,0
A-03249,,,,LI,未识别,无,期货主力合约收盘价（元/吨）,期货主力合约收盘价,unit_variant,元/吨,,THS_SERIES,THS-LI-2.4|THS-LI-2.5|THS-LI-2.6,1,5,unregistered,0.30,,,register_pending,P2_auto,0
A-03256,,,,AL|AO,期货库存|库存,氧化铝|铝,期货库存:氧化铝,期货库存:氧化铝,full_name,,,PDF_TEMPLATE,TPL-AO-029,1,1,unregistered,0.30,,,register_pending,P2_auto,0
A-03257,,,,AL|AO,期货库存|库存,氧化铝|铝,期货库存:氧化铝-广西,期货库存:氧化铝-广西,full_name,,,PDF_TEMPLATE,TPL-AO-031,1,1,unregistered,0.30,,,register_pending,P2_auto,0
A-03258,,,,AL|AO,期货库存|库存,氧化铝|铝,期货库存:氧化铝-新疆,期货库存:氧化铝-新疆,full_name,,,PDF_TEMPLATE,TPL-AO-030,1,1,unregistered,0.30,,,register_pending,P2_auto,0
A-03259,,,,AL,期货库存|库存,铝,期货库存小计:铝,期货库存小计:铝,full_name,,,PDF_TEMPLATE,TPL-AL-015,1,1,unregistered,0.30,,,register_pending,P2_auto,0
A-03260,,,,LI,未识别,无,期限结构（元/吨）,期限结构,unit_variant,元/吨,,THS_SERIES,THS-LI-2.1|THS-LI-2.2|THS-LI-2.4,1,3,unregistered,0.30,,,register_pending,P2_auto,0
A-03261,,,,ZN,未识别,无,期限结构斜率（元/吨/月）,期限结构斜率,unit_variant,元/吨/月,,THS_SERIES,THS-ZN-2.4,1,1,unregistered,0.30,,,register_pending,P2_auto,0
A-03266,,,,AL,未识别,铝合金|铝,未锻轧铝合金：进口数量合计：中国（月）,未锻轧铝合金:进口数量合计:中国(月,full_name,,,THS_MATCHED,THS-AL-6.2,1,1,unregistered,0.30,,,register_pending,P2_auto,0
A-03267,,,,AL,进口量,铝,未锻轧铝进口量,未锻轧铝进口量,full_name,,,PDF_TEMPLATE,TPL-AL-017,1,1,unregistered,0.30,,,register_pending,P2_auto,0
A-03271,,,,SN,利润,无,株洲冶炼集团：净利润（季）,株洲冶炼集团:净利润(季,full_name,,,THS_MATCHED,THS-SN-2.5|THS-SN-3.2.4|THS-SN-7.2,1,3,unregistered,0.30,,,register_pending,P2_auto,0
A-03272,,,,SI,利润,无,株洲冶炼集团：汇总指标：净利润（年）,株洲冶炼集团:汇总指标:净利润(年,full_name,,,THS_MATCHED,THS-SI-2.5|THS-SN-2.5|THS-SN-3.2.4,1,6,unregistered,0.30,,,register_pending,P2_auto,0
A-03282,,,,AL,溢价,无,欧洲含税溢价(M3),欧洲含税溢价,unit_variant,M3,,PDF_TEMPLATE,TPL-AL-008,1,1,unregistered,0.30,,,register_pending,P2_auto,0
A-03289,,,,AL,未识别,铝,氟化铝现货价,氟化铝现货价,full_name,,,THS_SERIES,THS-AL-3.2,1,1,unregistered,0.30,,,register_pending,P2_auto,0
A-03292,,,,LI,库存,氢氧化锂|锂,氢氧化锂交易所库存（万吨LCE）,氢氧化锂交易所库存,unit_variant,万吨LCE,,THS_SERIES,THS-LI-4.1,1,1,unregistered,0.30,,,register_pending,P2_auto,0
A-03294,,,,LI,仓单,氢氧化锂|锂,氢氧化锂仓单数量（万吨LCE）,氢氧化锂仓单数量,unit_variant,万吨LCE,,THS_SERIES,THS-LI-4.2,1,1,unregistered,0.30,,,register_pending,P2_auto,0
A-03297,,,,LI,升贴水|贴水|占比,氢氧化锂|锂,氢氧化锂升贴水占比（%）,氢氧化锂升贴水占比,unit_variant,%,,THS_SERIES,THS-LI-2.2,1,1,unregistered,0.30,,,register_pending,P2_auto,0
A-03298,,,,LI,工厂库存|库存,氢氧化锂|锂,氢氧化锂工厂库存（万吨LCE）,氢氧化锂工厂库存,unit_variant,万吨LCE,,THS_SERIES,THS-LI-4.4,1,1,unregistered,0.30,,,register_pending,P2_auto,0
A-03300,,,,LI,升贴水|贴水,氢氧化锂|锂,氢氧化锂现货升贴水（元/吨）,氢氧化锂现货升贴水,unit_variant,元/吨,,THS_SERIES,THS-LI-2.2,1,1,unregistered,0.30,,,register_pending,P2_auto,0
A-03301,,,,LI,社会库存|库存,氢氧化锂|锂,氢氧化锂社会库存（万吨LCE）,氢氧化锂社会库存,unit_variant,万吨LCE,,THS_SERIES,THS-LI-4.3,1,1,unregistered,0.30,,,register_pending,P2_auto,0
A-03306,,,,AL|AO|ENTITY,成本|占比,氧化铝|电力|铝,氧化铝、电力、阳极、其他成本占比,"氧化铝,电力,阳极,其他成本占比",full_name,,,THS_SERIES,THS-AL-3.2,1,1,unregistered,0.30,,,register_pending,P2_auto,0
A-03319,,,,AL|AO,在途库存|库存,氧化铝|铝,氧化铝：站台/在途库存：中国（周）,氧化铝:站台/在途库存:中国(周,full_name,,,THS_MATCHED,THS-NI-4.3|THS-NI-4.5,1,2,unregistered,0.30,,,register_pending,P2_auto,0
A-03322,,,,AL|AO,未识别,氧化铝|铝,氧化铝与刚玉净出口,氧化铝与刚玉净出口,full_name,,,PDF_TEMPLATE,TPL-AO-040,1,1,unregistered,0.30,,,register_pending,P2_auto,0
A-03323,,,,AL|AO,价格,氧化铝|铝,氧化铝价格,氧化铝价格,full_name,,,THS_SERIES,THS-AL-3.3,1,1,unregistered,0.30,,,register_pending,P2_auto,0
A-03330,,,,AL|AO,库存,氧化铝|铝,氧化铝库存-阿拉丁-总计,氧化铝库存-阿拉丁-,suffix_variant,,总计,PDF_TEMPLATE,TPL-AO-021|TPL-AO-027,1,2,unregistered,0.30,,,register_pending,P2_auto,0
A-03331,,,,AL|AO,库存,氧化铝|铝,氧化铝库存-阿拉丁-堆场站台,氧化铝库存-阿拉丁-堆场站台,full_name,,,PDF_TEMPLATE,TPL-AO-020|TPL-AO-026,1,2,unregistered,0.30,,,register_pending,P2_auto,0
A-03337,,,,AL|AO,均价,氧化铝|铝,氧化铝现货均价/指数,氧化铝现货均价/指数,full_name,,,THS_SERIES,THS-AL-3.2,1,1,unregistered,0.30,,,register_pending,P2_auto,0
A-03340,,,,AL|AO,运行产能|产能,氧化铝|铝,氧化铝运行产能-阿拉丁,氧化铝运行产能-阿拉丁,full_name,,,PDF_TEMPLATE,TPL-AO-033,1,1,unregistered,0.30,,,register_pending,P2_auto,0
A-03345,,,,NI,未识别,无,汇率（USD/CNY）,汇率(USD/CNY,mixed_script,,,THS_SERIES,THS-NI-2.2|THS-NI-2.3|THS-NI-2.4,1,5,unregistered,0.30,,,register_pending,P2_auto,0
A-03346,,,,NI,未识别,无,汇率：即期汇率：美元兑人民币（离岸人民币）（日）,汇率:即期汇率:美元兑人民币(离岸人民币)(日,full_name,,,THS_MATCHED,THS-NI-2.2|THS-NI-2.3|THS-NI-2.4,1,5,unregistered,0.30,,,register_pending,P2_auto,0
A-03350,,,,SN,消费,锡,汽车端消费用锡拟合,汽车端消费用锡,suffix_variant,,拟合,PDF_TEMPLATE,TPL-SN-034,1,1,unregistered,0.30,,,register_pending,P2_auto,0
A-03351,,,,NI,月差,无,沪伦月差比价,沪伦月差比价,full_name,,,THS_SERIES,THS-NI-2.4,1,1,unregistered,0.30,,,register_pending,P2_auto,0
A-03352,,,,LI,未识别,无,沪伦比（元/吨）,沪伦比,unit_variant,%|元/吨,时序图,THS_SERIES,THS-SN-2.2|THS-ZN-2.3|THS-ZN-3.2.4,3,15,unregistered,0.30,,,register_pending,P2_auto,0
A-03353,,,,SI,未识别,无,沪伦比（倍）,沪伦比(倍,full_name,,,THS_SERIES,THS-SI-2.3,1,1,unregistered,0.30,,,register_pending,P2_auto,0
A-03354,,,,NI,未识别,镍,沪伦镍比价,沪伦镍比价,full_name,,,THS_SERIES,THS-NI-2.3,1,1,unregistered,0.30,,,register_pending,P2_auto,0
A-03358,,,,CU,未识别,铜,沪铜主力/连续收盘价,沪铜主力/连续收盘价,full_name,,,THS_SERIES,THS-CU-2.3,1,1,unregistered,0.30,,,register_pending,P2_auto,0
A-03359,,,,CU,未识别,铜,沪铜主力收盘价,沪铜主力收盘价,full_name,,,THS_SERIES,THS-CU-2.3,1,1,unregistered,0.30,,,register_pending,P2_auto,0
A-03360,,,,AL,价格,铝,沪铝主力价格,沪铝主力价格,full_name,,,THS_SERIES,THS-AL-4.1|THS-AL-4.2,1,2,unregistered,0.30,,,register_pending,P2_auto,0
A-03361,,,,AL,未识别,铝,沪铝主力收盘价,沪铝主力收盘价,full_name,,,THS_SERIES,THS-AL-3.1|THS-AL-3.3,1,2,unregistered,0.30,,,register_pending,P2_auto,0
A-03362,,,,ZN,未识别,锌,沪锌主力合约收盘价（元/吨）,沪锌主力合约收盘价,unit_variant,元/吨,,THS_SERIES,THS-ZN-2.3|THS-ZN-2.6|THS-ZN-4.3,1,7,unregistered,0.30,,,register_pending,P2_auto,0
A-03363,,,,SN,成交量,锡,沪锡主力合约成交量时序图,沪锡主力合约成交量,suffix_variant,,时序图,THS_SERIES,THS-SN-2.1,1,1,unregistered,0.30,,,register_pending,P2_auto,0
A-03364,,,,SN,持仓量|持仓,锡,沪锡主力合约持仓量时序图,沪锡主力合约持仓量,suffix_variant,,时序图,THS_SERIES,THS-SN-2.1,1,1,unregistered,0.30,,,register_pending,P2_auto,0
A-03365,,,,SN,未识别,锡,沪锡主力合约收盘价（元/吨）,沪锡主力合约收盘价,unit_variant,元/吨,时序图,THS_SERIES,THS-SN-5.1|THS-SN-5.2|THS-SN-6.3,2,19,unregistered,0.30,,,register_pending,P2_auto,0
A-03366,,,,SN,未识别,锡,沪锡主力收盘价时序图,沪锡主力收盘价,suffix_variant,,时序图,THS_SERIES,THS-SN-2.1,1,1,unregistered,0.30,,,register_pending,P2_auto,0
A-03367,,,,SN,库存,锡,沪锡交易所库存（手）,沪锡交易所库存,unit_variant,手,时序图,THS_SERIES,THS-SN-4.1,2,2,unregistered,0.30,,,register_pending,P2_auto,0
A-03368,,,,SN,仓单,锡,沪锡仓单总量（手）,沪锡仓单总量,unit_variant,手,时序图,THS_SERIES,THS-SN-4.1|THS-SN-4.2,2,4,unregistered,0.30,,,register_pending,P2_auto,0
A-03369,,,,SN,仓单,锡,沪锡仓单注册量时序图,沪锡仓单注册量,unit_variant,手,时序图,THS_SERIES,THS-SN-2.1|THS-SN-4.1|THS-SN-4.2,2,4,unregistered,0.30,,,register_pending,P2_auto,0
A-03370,,,,SN,仓单,锡,沪锡仓单注册量与LME锡仓单总量时序图,沪锡仓单注册量与LME锡仓单总量,suffix_variant,,时序图,THS_SERIES,THS-SN-4.1,1,1,unregistered,0.30,,,register_pending,P2_auto,0
A-03372,,,,SN,未识别,锡,沪锡估值分位（%）,沪锡估值分位,unit_variant,%,,THS_SERIES,THS-SN-2.5,1,1,unregistered,0.30,,,register_pending,P2_auto,0
A-03373,,,,SN,持仓,锡,沪锡前20净持仓时序图,沪锡前20净持仓,suffix_variant,,时序图,THS_SERIES,THS-SN-2.6,1,1,unregistered,0.30,,,register_pending,P2_auto,0
A-03374,,,,SN,持仓量|持仓,锡,沪锡前20总持仓量时序图,沪锡前20总持仓量,suffix_variant,,时序图,THS_SERIES,THS-SN-2.6,1,1,unregistered,0.30,,,register_pending,P2_auto,0
A-03375,,,,SN,仓单,锡,沪锡在途仓单（手）,沪锡在途仓单,unit_variant,手,,THS_SERIES,THS-SN-4.2,1,1,unregistered,0.30,,,register_pending,P2_auto,0
A-03376,,,,SN,在途库存|库存,锡,沪锡在途库存（手）,沪锡在途库存,unit_variant,手,,THS_SERIES,THS-SN-4.1,1,1,unregistered,0.30,,,register_pending,P2_auto,0
A-03377,,,,SN,基差,锡,沪锡基差（元/吨）,沪锡基差,unit_variant,元/吨,,THS_SERIES,THS-SN-2.1,1,1,unregistered,0.30,,,register_pending,P2_auto,0
A-03378,,,,SN,持仓量|持仓,锡,沪锡多头前20持仓量时序图,沪锡多头前20持仓量,suffix_variant,,时序图,THS_SERIES,THS-SN-2.6,1,1,unregistered,0.30,,,register_pending,P2_auto,0
A-03379,,,,SN,持仓,锡,沪锡多空持仓比时序图,沪锡多空持仓比,suffix_variant,,时序图,THS_SERIES,THS-SN-2.6,1,1,unregistered,0.30,,,register_pending,P2_auto,0
A-03380,,,,SN,库存天数|库存,锡,沪锡库存天数（天）,沪锡库存天数(天,full_name,,,THS_SERIES,THS-SN-4.1,1,1,unregistered,0.30,,,register_pending,P2_auto,0
A-03382,,,,SN,持仓量|持仓,锡,沪锡持仓量（手）,沪锡持仓量,unit_variant,手,,THS_SERIES,THS-SN-2.1,1,1,unregistered,0.30,,,register_pending,P2_auto,0
A-03383,,,,SN,月差,锡,沪锡月差（元/吨）,沪锡月差,unit_variant,元/吨,时序图,THS_SERIES,THS-SN-2.4,2,2,unregistered,0.30,,,register_pending,P2_auto,0
A-03384,,,,SN,未识别,锡,沪锡期限结构（元/吨）,沪锡期限结构,unit_variant,元/吨,时序图,THS_SERIES,THS-SN-2.4,2,2,unregistered,0.30,,,register_pending,P2_auto,0
A-03385,,,,SN,注销仓单|仓单,锡,沪锡注销仓单量（手）,沪锡注销仓单量,unit_variant,手,时序图,THS_SERIES,THS-SN-4.1|THS-SN-4.2,2,3,unregistered,0.30,,,register_pending,P2_auto,0
A-03386,,,,SN,占比,锡,沪锡注销占比（%）,沪锡注销占比,unit_variant,%,时序图,THS_SERIES,THS-SN-4.2,2,2,unregistered,0.30,,,register_pending,P2_auto,0
A-03387,,,,SN,社会库存|库存,锡,沪锡社会库存时序图,沪锡社会库存,suffix_variant,,时序图,THS_SERIES,THS-SN-2.1,1,1,unregistered,0.30,,,register_pending,P2_auto,0
A-03388,,,,SN,持仓量|持仓,锡,沪锡空头前20持仓量时序图,沪锡空头前20持仓量,suffix_variant,,时序图,THS_SERIES,THS-SN-2.6,1,1,unregistered,0.30,,,register_pending,P2_auto,0
A-03390,,,,SN,价差,锡,沪锡近远月价差（元/吨）,沪锡近远月价差,unit_variant,元/吨,时序图,THS_SERIES,THS-SN-2.4,2,2,unregistered,0.30,,,register_pending,P2_auto,0
A-03391,,,,SN,仓单,锡,沪锡隐性仓单（手）,沪锡隐性仓单,unit_variant,手,,THS_SERIES,THS-SN-4.2,1,1,unregistered,0.30,,,register_pending,P2_auto,0
A-03392,,,,SN,库存,锡,沪锡隐性库存（手）,沪锡隐性库存,unit_variant,手,,THS_SERIES,THS-SN-4.1,1,1,unregistered,0.30,,,register_pending,P2_auto,0
A-03393,,,,NI,价格,镍,沪镍3个月期货价格（元/吨）,沪镍3个月期货价格,unit_variant,元/吨,,THS_SERIES,THS-NI-2.4,1,1,unregistered,0.30,,,register_pending,P2_auto,0
A-03394,,,,NI,价格,镍,沪镍主力合约价格（元/吨）,沪镍主力合约价格,unit_variant,元/吨,,THS_SERIES,THS-NI-2.1|THS-NI-2.2|THS-NI-2.3,1,3,unregistered,0.30,,,register_pending,P2_auto,0
A-03395,,,,NI,现货价格|价格,镍,沪镍主力合约价格（元/吨）、LME镍现货价格（美元/吨）、汇率（USD/CNY）,"沪镍主力合约价格(元/吨),LME镍现货价格(美元/吨),汇率(USD/CNY",mixed_script,,,THS_SERIES,THS-NI-2.3,1,1,unregistered,0.30,,,register_pending,P2_auto,0
A-03396,,,,NI,现货价格|价格,镍,沪镍主力合约价格（元/吨）、LME镍现货价格（美元/吨）、汇率（USD/CNY）、进口费用（元/吨）,"沪镍主力合约价格(元/吨),LME镍现货价格(美元/吨),汇率(USD/CNY),进口费用",unit_variant,元/吨,,THS_SERIES,THS-NI-2.2,1,1,unregistered,0.30,,,register_pending,P2_auto,0
A-03397,,,,NI,持仓量|持仓,镍,沪镍主力合约前20名净持仓量（手）,沪镍主力合约前20名净持仓量,unit_variant,手,,THS_SERIES,THS-NI-2.6,1,1,unregistered,0.30,,,register_pending,P2_auto,0
A-03398,,,,NI,持仓量|持仓,镍,沪镍主力合约前20名净持仓量（手）= 多头持仓量 - 空头持仓量,沪镍主力合约前20名净持仓量(手)=多头持仓量-空头持仓量,full_name,,,THS_SERIES,THS-NI-2.6,1,1,unregistered,0.30,,,register_pending,P2_auto,0
A-03399,,,,NI,持仓量|持仓,镍,沪镍主力合约前20名多头持仓量（手）,沪镍主力合约前20名多头持仓量,unit_variant,手,,THS_SERIES,THS-NI-2.6,1,1,unregistered,0.30,,,register_pending,P2_auto,0
A-03400,,,,NI,持仓量|持仓,镍,沪镍主力合约前20名多头持仓量（手）、沪镍主力合约前20名空头持仓量（手）,"沪镍主力合约前20名多头持仓量(手),沪镍主力合约前20名空头持仓量",unit_variant,手,,THS_SERIES,THS-NI-2.6,1,1,unregistered,0.30,,,register_pending,P2_auto,0
A-03401,,,,NI,持仓量|持仓,镍,沪镍主力合约前20名多头持仓量（手）、沪镍主力合约前20名空头持仓量（手）、前20名席位轮动方向（多,"沪镍主力合约前20名多头持仓量(手),沪镍主力合约前20名空头持仓量(手),前20名席位轮动方向(多",full_name,,,THS_SERIES,THS-NI-2.6,1,1,unregistered,0.30,,,register_pending,P2_auto,0
A-03402,,,,NI,持仓量|持仓,镍,沪镍主力合约前20名多头持仓量（手）、沪镍主力合约前20名空头持仓量（手）、前20名持仓总量（手）、,"沪镍主力合约前20名多头持仓量(手),沪镍主力合约前20名空头持仓量(手),前20名持仓总量",unit_variant,手,,THS_SERIES,THS-NI-2.6,1,1,unregistered,0.30,,,register_pending,P2_auto,0
A-03403,,,,NI,持仓量|持仓,镍,沪镍主力合约前20名多头持仓量（手）、沪镍主力合约前20名空头持仓量（手）、多空持仓比（多头/空头）,"沪镍主力合约前20名多头持仓量(手),沪镍主力合约前20名空头持仓量(手),多空持仓比(多头/空头",full_name,,,THS_SERIES,THS-NI-2.6,1,1,unregistered,0.30,,,register_pending,P2_auto,0
A-03404,,,,NI,持仓,镍,沪镍主力合约前20名持仓总量（手）,沪镍主力合约前20名持仓总量,unit_variant,手,,THS_SERIES,THS-NI-2.6,1,1,unregistered,0.30,,,register_pending,P2_auto,0
A-03405,,,,NI,持仓量|持仓,镍,沪镍主力合约前20名空头持仓量（手）,沪镍主力合约前20名空头持仓量,unit_variant,手,,THS_SERIES,THS-NI-2.6,1,1,unregistered,0.30,,,register_pending,P2_auto,0
A-03406,,,,NI,成交量,镍,沪镍主力合约成交量（手）,沪镍主力合约成交量,unit_variant,手,,THS_SERIES,THS-NI-2.1,1,1,unregistered,0.30,,,register_pending,P2_auto,0
A-03407,,,,NI,持仓量|持仓,镍,沪镍主力合约持仓量（手）,沪镍主力合约持仓量,unit_variant,手,,THS_SERIES,THS-NI-2.1,1,1,unregistered,0.30,,,register_pending,P2_auto,0
A-03408,,,,NI,持仓量|持仓,镍,沪镍主力合约持仓量、前20名多头持仓量、前20名空头持仓量,"沪镍主力合约持仓量,前20名多头持仓量,前20名空头持仓量",full_name,,,THS_SERIES,THS-NI-2.1,1,1,unregistered,0.30,,,register_pending,P2_auto,0
A-03409,,,,NI,未识别,镍,沪镍主力合约收盘价（元/吨）,沪镍主力合约收盘价,unit_variant,元/吨,,THS_SERIES,THS-NI-2.2|THS-NI-4.4|THS-NI-7.3,2,22,unregistered,0.30,,,register_pending,P2_auto,0
A-03410,,,,NI,价格,镍,沪镍主力合约收盘价（元/吨）、近1年沪镍价格分位（%）,"沪镍主力合约收盘价(元/吨),近1年沪镍价格分位",unit_variant,%,,THS_SERIES,THS-NI-2.5,1,1,unregistered,0.30,,,register_pending,P2_auto,0
A-03411,,,,NI,成交量,镍,沪镍主力合约收盘价、沪镍主力合约成交量,"沪镍主力合约收盘价,沪镍主力合约成交量",full_name,,,THS_SERIES,THS-NI-2.1,1,1,unregistered,0.30,,,register_pending,P2_auto,0
A-03412,,,,NI,持仓量|持仓,镍,沪镍前20名净持仓量,沪镍前20名净持仓量,full_name,,,THS_SERIES,THS-NI-2.6,1,1,unregistered,0.30,,,register_pending,P2_auto,0
A-03413,,,,NI,持仓量|持仓,镍,沪镍前20名多头持仓量、沪镍前20名空头持仓量,"沪镍前20名多头持仓量,沪镍前20名空头持仓量",full_name,,,THS_SERIES,THS-NI-2.6,1,1,unregistered,0.30,,,register_pending,P2_auto,0
A-03414,,,,NI,持仓,镍,沪镍前20名多空持仓比,沪镍前20名多空持仓比,full_name,,,THS_SERIES,THS-NI-2.6,1,1,unregistered,0.30,,,register_pending,P2_auto,0
A-03415,,,,NI,未识别,镍,沪镍前20名席位轮动方向,沪镍前20名席位轮动方向,full_name,,,THS_SERIES,THS-NI-2.6,1,1,unregistered,0.30,,,register_pending,P2_auto,0
A-03416,,,,NI,持仓,镍,沪镍前20名持仓集中度,沪镍前20名持仓集中度,full_name,,,THS_SERIES,THS-NI-2.6,1,1,unregistered,0.30,,,register_pending,P2_auto,0
A-03417,,,,NI,成交量,镍,沪镍前20名期货公司席位成交量（手）,沪镍前20名期货公司席位成交量,unit_variant,手,,THS_SERIES,THS-NI-2.1,1,1,unregistered,0.30,,,register_pending,P2_auto,0
A-03418,,,,NI,月差,镍,沪镍月差（元/吨）,沪镍月差,unit_variant,元/吨,,THS_SERIES,THS-NI-2.4,2,2,unregistered,0.30,,,register_pending,P2_auto,0
A-03419,,,,NI,仓单,镍,沪镍期货仓单数量、仓单注册量变化,"沪镍期货仓单数量,仓单注册量",suffix_variant,,变化,THS_SERIES,THS-NI-2.1,1,1,unregistered,0.30,,,register_pending,P2_auto,0
A-03420,,,,NI,月差,镍,沪镍现金-3个月月差,沪镍现金-3个月月差,full_name,,,THS_SERIES,THS-NI-2.4,1,1,unregistered,0.30,,,register_pending,P2_auto,0
A-03421,,,,NI,价格,镍,沪镍现金价格（元/吨）,沪镍现金价格,unit_variant,元/吨,,THS_SERIES,THS-NI-2.4,1,1,unregistered,0.30,,,register_pending,P2_auto,0
A-03422,,,,NI,月差|价格,镍,沪镍现金价格（元/吨）、沪镍3个月期货价格（元/吨）、现金-3个月月差（元/吨）,"沪镍现金价格(元/吨),沪镍3个月期货价格(元/吨),现金-3个月月差",unit_variant,元/吨,,THS_SERIES,THS-NI-2.4,1,1,unregistered,0.30,,,register_pending,P2_auto,0
A-03423,,,,NI,价差,镍,沪镍近月-远月价差（元/吨）,沪镍近月-远月价差,unit_variant,元/吨,,THS_SERIES,THS-NI-2.4,1,1,unregistered,0.30,,,register_pending,P2_auto,0
A-03424,,,,NI,价差,镍,沪镍近月-远月价差（元/吨）、LME镍近月-远月价差（美元/吨）、汇率（USD/CNY）,"沪镍近月-远月价差(元/吨),LME镍近月-远月价差(美元/吨),汇率(USD/CNY",mixed_script,,,THS_SERIES,THS-NI-2.4,1,1,unregistered,0.30,,,register_pending,P2_auto,0
A-03425,,,,NI,价格,镍,沪镍近月合约价格（元/吨）,沪镍近月合约价格,unit_variant,元/吨,,THS_SERIES,THS-NI-2.1|THS-NI-2.4,2,2,unregistered,0.30,,,register_pending,P2_auto,0
A-03426,,,,NI,月差|价格,镍,沪镍近月合约价格、沪镍远月合约价格、月差,"沪镍近月合约价格,沪镍远月合约价格,月差",full_name,,,THS_SERIES,THS-NI-2.1,1,1,unregistered,0.30,,,register_pending,P2_auto,0
A-03427,,,,NI,月差|价格,镍,沪镍近月合约价格、沪镍远月合约价格、月差（近月-远月）,"沪镍近月合约价格,沪镍远月合约价格,月差(近月-远月",full_name,,,THS_SERIES,THS-NI-2.1,1,1,unregistered,0.30,,,register_pending,P2_auto,0
A-03428,,,,NI,价格,镍,沪镍远月合约价格（元/吨）,沪镍远月合约价格,unit_variant,元/吨,,THS_SERIES,THS-NI-2.1|THS-NI-2.4,2,2,unregistered,0.30,,,register_pending,P2_auto,0
A-03433,,,,LI,注销仓单|仓单,无,注销仓单数量（万吨LCE）,注销仓单数量,unit_variant,万吨LCE,,THS_SERIES,THS-LI-4.1|THS-LI-4.2,1,2,unregistered,0.30,,,register_pending,P2_auto,0
A-03434,,,,NI,占比,无,注销占比（%）,注销占比,unit_variant,%,,THS_SERIES,THS-NI-4.2|THS-SN-4.3|THS-SN-4.4,1,3,unregistered,0.30,,,register_pending,P2_auto,0
A-03436,,,,NI,出口量,不锈钢,泰国不锈钢出口量（万吨）,泰国不锈钢出口量,unit_variant,万吨,,THS_SERIES,THS-NI-6.3,1,1,unregistered,0.30,,,register_pending,P2_auto,0
A-03440,,,,NI,仓单,无,浙江地区仓单量（手）,浙江地区仓单量,unit_variant,手,,THS_SERIES,THS-NI-4.1|THS-NI-4.2,1,2,unregistered,0.30,,,register_pending,P2_auto,0
A-03441,,,,NI,社会库存|库存,无,浙江地区社会库存（万吨）,浙江地区社会库存,unit_variant,万吨,,THS_SERIES,THS-NI-4.3,1,1,unregistered,0.30,,,register_pending,P2_auto,0
A-03444,,,,LI,产能利用率|产能,无,海外产能利用率（%）,海外产能利用率,unit_variant,%,,THS_SERIES,THS-LI-3.1.1,1,1,unregistered,0.30,,,register_pending,P2_auto,0
A-03445,,,,LI,加工费TC|加工费|TC,无,海外加工费TC（元/吨）,海外加工费TC,unit_variant,元/吨,,THS_SERIES,THS-LI-3.1.1,1,1,unregistered,0.30,,,register_pending,P2_auto,0
A-03446,,,,SN,未识别,无,海外发运量（万吨）,海外发运量,unit_variant,万吨,时序图,THS_SERIES,THS-SN-6.1|THS-SN-6.4,2,3,unregistered,0.30,,,register_pending,P2_auto,0
A-03447,,,,SN,未识别,无,海外发运量与发运天数时序图,海外发运量与发运天数,suffix_variant,,时序图,THS_SERIES,THS-SN-6.4,1,1,unregistered,0.30,,,register_pending,P2_auto,0
A-03448,,,,SN,未识别,无,海外发运量分国别时序图,海外发运量分国别,suffix_variant,,时序图,THS_SERIES,THS-SN-6.4,1,1,unregistered,0.30,,,register_pending,P2_auto,0
A-03449,,,,NI,未识别,无,海外对华发运总量（万吨）,海外对华发运总量,unit_variant,万吨,,THS_SERIES,THS-NI-6.4,1,1,unregistered,0.30,,,register_pending,P2_auto,0
A-03450,,,,ZN,未识别,锌,海外对华电锌发运量（万吨）,海外对华电锌发运量,unit_variant,万吨,,THS_SERIES,THS-ZN-6.4,1,1,unregistered,0.30,,,register_pending,P2_auto,0
A-03451,,,,ZN,仓单,锌,海外对华锌保税区仓单（手）,海外对华锌保税区仓单,unit_variant,手,,THS_SERIES,THS-ZN-6.4,1,1,unregistered,0.30,,,register_pending,P2_auto,0
A-03452,,,,ZN,库存,锌,海外对华锌保税区库存（万吨）,海外对华锌保税区库存,unit_variant,万吨,,THS_SERIES,THS-ZN-6.4,1,1,unregistered,0.30,,,register_pending,P2_auto,0
A-03453,,,,ZN,未识别,锌,海外对华锌发运天数（天）,海外对华锌发运天数(天,full_name,,,THS_SERIES,THS-ZN-6.4,1,1,unregistered,0.30,,,register_pending,P2_auto,0
A-03454,,,,ZN,盈亏,锌,海外对华锌发运盈亏（元/吨）,海外对华锌发运盈亏,unit_variant,元/吨,,THS_SERIES,THS-ZN-6.4,1,1,unregistered,0.30,,,register_pending,P2_auto,0
A-03455,,,,ZN,未识别,锌,海外对华锌发运量（万吨）,海外对华锌发运量,unit_variant,万吨,,THS_SERIES,THS-ZN-6.4,1,1,unregistered,0.30,,,register_pending,P2_auto,0
A-03456,,,,ZN,未识别,锌,海外对华锌发运量分国别（万吨）,海外对华锌发运量分国别,unit_variant,万吨,,THS_SERIES,THS-ZN-6.4,1,1,unregistered,0.30,,,register_pending,P2_auto,0
A-03457,,,,ZN,未识别,锌,海外对华锌发运量总量（万吨）,海外对华锌发运量总量,unit_variant,万吨,,THS_SERIES,THS-ZN-6.4,1,1,unregistered,0.30,,,register_pending,P2_auto,0
A-03458,,,,ZN,未识别,锌精矿|锌,海外对华锌精矿发运量（万吨）,海外对华锌精矿发运量,unit_variant,万吨,,THS_SERIES,THS-ZN-6.4,1,1,unregistered,0.30,,,register_pending,P2_auto,0
A-03459,,,,LI,开工率|开工,无,海外开工率（%）,海外开工率,unit_variant,%,,THS_SERIES,THS-LI-3.1.1,1,1,unregistered,0.30,,,register_pending,P2_auto,0
A-03460,,,,LI,未识别,无,海外检修量（万吨LCE）,海外检修量,unit_variant,万吨LCE,,THS_SERIES,THS-LI-3.1.1,1,1,unregistered,0.30,,,register_pending,P2_auto,0
A-03461,,,,LI,升贴水|贴水,无,海外现货升贴水（美元/吨）,海外现货升贴水,unit_variant,美元/吨,,THS_SERIES,THS-LI-2.3,1,1,unregistered,0.30,,,register_pending,P2_auto,0
A-03462,,,,SI,产能,硅矿|硅,海外硅矿季度产能（万吨）,海外硅矿季度产能,unit_variant,万吨,,THS_SERIES,THS-SI-3.1.1,1,1,unregistered,0.30,,,register_pending,P2_auto,0
A-03463,,,,SI,产能利用率|产能,硅矿|硅,海外硅矿季度产能利用率（%）,海外硅矿季度产能利用率,unit_variant,%,,THS_SERIES,THS-SI-3.1.1,1,1,unregistered,0.30,,,register_pending,P2_auto,0
A-03464,,,,SI,产量,硅矿|硅,海外硅矿季度产量（万吨）,海外硅矿季度产量,unit_variant,万吨,,THS_SERIES,THS-SI-3.1.1,1,1,unregistered,0.30,,,register_pending,P2_auto,0
A-03465,,,,SI,生产量|产量,硅矿|硅,海外硅矿季度再生产量（万吨）,海外硅矿季度再生产量,unit_variant,万吨,,THS_SERIES,THS-SI-3.1.1,1,1,unregistered,0.30,,,register_pending,P2_auto,0
A-03466,,,,SI,加工费TC|加工费|TC,硅矿|硅,海外硅矿季度加工费TC（元/吨）,海外硅矿季度加工费TC,unit_variant,元/吨,,THS_SERIES,THS-SI-3.1.1,1,1,unregistered,0.30,,,register_pending,P2_auto,0
A-03467,,,,SI,开工率|开工,硅矿|硅,海外硅矿季度开工率（%）,海外硅矿季度开工率,unit_variant,%,,THS_SERIES,THS-SI-3.1.1,1,1,unregistered,0.30,,,register_pending,P2_auto,0
A-03468,,,,SI,未识别,硅矿|硅,海外硅矿季度检修量（万吨）,海外硅矿季度检修量,unit_variant,万吨,,THS_SERIES,THS-SI-3.1.1,1,1,unregistered,0.30,,,register_pending,P2_auto,0
A-03469,,,,SI,进口量,硅矿|硅,海外硅矿季度进口量（万吨）,海外硅矿季度进口量,unit_variant,万吨,,THS_SERIES,THS-SI-3.1.1,1,1,unregistered,0.30,,,register_pending,P2_auto,0
A-03471,,,,LI,产量,无,海外精炼产量（万吨LCE）,海外精炼产量,unit_variant,万吨LCE,,THS_SERIES,THS-LI-3.1.1,1,1,unregistered,0.30,,,register_pending,P2_auto,0
A-03472,,,,SN,产量,精炼锡|锡,海外精炼锡产量（万吨）,海外精炼锡产量,unit_variant,万吨,时序图,THS_SERIES,THS-SN-3.1.1|THS-SN-3.2.1,2,4,unregistered,0.30,,,register_pending,P2_auto,0
A-03473,,,,SN,冶炼利润|利润,精炼锡|锡,海外精炼锡冶炼利润（元/吨）,海外精炼锡冶炼利润,unit_variant,元/吨,时序图,THS_SERIES,THS-SN-3.2.4,2,2,unregistered,0.30,,,register_pending,P2_auto,0
A-03474,,,,SN,开工率|开工,精炼锡|锡,海外精炼锡开工率（%）,海外精炼锡开工率,unit_variant,%,时序图,THS_SERIES,THS-SN-3.2.2|THS-SN-3.2.4,2,3,unregistered,0.30,,,register_pending,P2_auto,0
A-03475,,,,SN,未识别,精炼锡|锡,海外精炼锡检修量（万吨）,海外精炼锡检修量,unit_variant,万吨,时序图,THS_SERIES,THS-SN-3.2.2,2,2,unregistered,0.30,,,register_pending,P2_auto,0
A-03476,,,,LI,进口量,无,海外进口量（万吨LCE）,海外进口量,unit_variant,万吨LCE,,THS_SERIES,THS-LI-3.1.1,1,1,unregistered,0.30,,,register_pending,P2_auto,0
A-03477,,,,LI,进口量,无,海外进口量分国别（万吨LCE）,海外进口量分国别,unit_variant,万吨LCE,,THS_SERIES,THS-LI-3.1.1,1,1,unregistered,0.30,,,register_pending,P2_auto,0
A-03478,,,,LI,产能,锂,海外锂矿产能分国别（万吨LCE）,海外锂矿产能分国别,unit_variant,万吨LCE,,THS_SERIES,THS-LI-3.1.2,1,1,unregistered,0.30,,,register_pending,P2_auto,0
A-03479,,,,LI,产量,锂,海外锂矿产量（万吨LCE）,海外锂矿产量,unit_variant,万吨LCE,,THS_SERIES,THS-LI-3.1.1,1,1,unregistered,0.30,,,register_pending,P2_auto,0
A-03480,,,,LI,出口量,锂,海外锂矿出口量分国别（万吨LCE）,海外锂矿出口量分国别,unit_variant,万吨LCE,,THS_SERIES,THS-LI-3.1.2,1,1,unregistered,0.30,,,register_pending,P2_auto,0
A-03481,,,,LI,库存,锂,海外锂矿库存分国别（万吨LCE）,海外锂矿库存分国别,unit_variant,万吨LCE,,THS_SERIES,THS-LI-3.1.2,1,1,unregistered,0.30,,,register_pending,P2_auto,0
A-03482,,,,LI,进口量,锂,海外锂矿进口量分国别（万吨LCE）,海外锂矿进口量分国别,unit_variant,万吨LCE,,THS_SERIES,THS-LI-3.1.2,1,1,unregistered,0.30,,,register_pending,P2_auto,0
A-03483,,,,ZN,产能,锌矿|锌,海外锌矿产能（万吨）,海外锌矿产能,unit_variant,万吨,,THS_SERIES,THS-ZN-3.1.1,1,1,unregistered,0.30,,,register_pending,P2_auto,0
A-03484,,,,ZN,产能利用率|产能,锌矿|锌,海外锌矿产能利用率（%）,海外锌矿产能利用率,unit_variant,%,,THS_SERIES,THS-ZN-3.1.1,1,1,unregistered,0.30,,,register_pending,P2_auto,0
A-03485,,,,ZN,产量,锌矿|锌,海外锌矿产量（万吨）,海外锌矿产量,unit_variant,万吨,,THS_SERIES,THS-ZN-3.1.1,1,1,unregistered,0.30,,,register_pending,P2_auto,0
A-03486,,,,ZN,生产量|产量,锌矿|锌,海外锌矿再生产量（万吨）,海外锌矿再生产量,unit_variant,万吨,,THS_SERIES,THS-ZN-3.1.1,1,1,unregistered,0.30,,,register_pending,P2_auto,0
A-03487,,,,ZN,加工费TC|加工费|TC,锌矿|锌,海外锌矿加工费TC（美元/吨干矿）,海外锌矿加工费TC,unit_variant,美元/吨干矿,,THS_SERIES,THS-ZN-3.1.1,1,1,unregistered,0.30,,,register_pending,P2_auto,0
A-03488,,,,ZN,开工率|开工,锌矿|锌,海外锌矿开工率（%）,海外锌矿开工率,unit_variant,%,,THS_SERIES,THS-ZN-3.1.1,1,1,unregistered,0.30,,,register_pending,P2_auto,0
A-03489,,,,ZN,未识别,锌矿|锌,海外锌矿检修量（万吨）,海外锌矿检修量,unit_variant,万吨,,THS_SERIES,THS-ZN-3.1.1,1,1,unregistered,0.30,,,register_pending,P2_auto,0
A-03490,,,,ZN,进口量,锌矿|锌,海外锌矿进口量（万吨）,海外锌矿进口量,unit_variant,万吨,,THS_SERIES,THS-ZN-3.1.1,1,1,unregistered,0.30,,,register_pending,P2_auto,0
A-03491,,,,ZN,进口量,锌矿|锌,海外锌矿进口量分国别（万吨）,海外锌矿进口量分国别,unit_variant,万吨,,THS_SERIES,THS-ZN-3.1.1,1,1,unregistered,0.30,,,register_pending,P2_auto,0
A-03492,,,,ZN,产量,锌,海外锌精炼产量（万吨）,海外锌精炼产量,unit_variant,万吨,,THS_SERIES,THS-ZN-3.1.1,1,1,unregistered,0.30,,,register_pending,P2_auto,0
A-03493,,,,SN,产能利用率|产能,锡矿|锡,海外锡矿产能利用率（%）,海外锡矿产能利用率,unit_variant,%,时序图,THS_SERIES,THS-SN-3.1.1,2,2,unregistered,0.30,,,register_pending,P2_auto,0
A-03494,,,,SN,产量,锡矿|锡,海外锡矿产量（万吨）,海外锡矿产量,unit_variant,万吨,,THS_SERIES,THS-SN-3.1.1,1,1,unregistered,0.30,,,register_pending,P2_auto,0
A-03495,,,,SN,加工费TC|加工费|TC,锡矿|锡,海外锡矿加工费TC（美元/吨）,海外锡矿加工费TC,unit_variant,美元/吨,时序图,THS_SERIES,THS-SN-3.1.1|THS-SN-3.1.5,2,3,unregistered,0.30,,,register_pending,P2_auto,0
A-03496,,,,SN,开工率|开工,锡矿|锡,海外锡矿开工率（%）,海外锡矿开工率,unit_variant,%,时序图,THS_SERIES,THS-SN-3.1.1,2,2,unregistered,0.30,,,register_pending,P2_auto,0
A-03497,,,,SN,进口量,锡矿|锡,海外锡矿进口量（万吨）,海外锡矿进口量,unit_variant,万吨,,THS_SERIES,THS-SN-3.1.1,1,1,unregistered,0.30,,,register_pending,P2_auto,0
A-03498,,,,SN,产量,锡精矿|锡,海外锡精矿产量（万吨）,海外锡精矿产量,unit_variant,万吨,时序图,THS_SERIES,THS-SN-3.1.2|THS-SN-3.1.5|THS-SN-3.2.1,2,5,unregistered,0.30,,,register_pending,P2_auto,0
A-03499,,,,SN,产量,锡精矿|锡,海外锡精矿产量总量（万吨）,海外锡精矿产量总量,unit_variant,万吨,,THS_SERIES,THS-SN-3.1.2,1,1,unregistered,0.30,,,register_pending,P2_auto,0
A-03500,,,,NI,占比|产量,镍矿|镍,海外镍矿产量分国别占比（%）,海外镍矿产量分国别占比,unit_variant,%,,THS_SERIES,THS-NI-3.1,2,2,unregistered,0.30,,,register_pending,P2_auto,0
A-03502,,,,SN,消费|占比,无,消费占比（%）,消费占比,unit_variant,%,,THS_SERIES,THS-SN-5.1|THS-SN-5.3,1,2,unregistered,0.30,,,register_pending,P2_auto,0
A-03505,,,,CU,升贴水|贴水,铜,湿法铜升贴水,湿法铜升贴水,full_name,,,THS_SERIES,THS-CU-2.3,1,1,unregistered,0.30,,,register_pending,P2_auto,0
A-03510,,,,LI,TC,无,澳大利亚TC（元/吨）,澳大利亚TC,unit_variant,元/吨,,THS_SERIES,THS-LI-3.1.5,1,1,unregistered,0.30,,,register_pending,P2_auto,0
A-03512,,,,LI,占比,无,澳大利亚进口占比（%）,澳大利亚进口占比,unit_variant,%,,THS_SERIES,THS-LI-3.1.4,1,1,unregistered,0.30,,,register_pending,P2_auto,0
A-03513,,,,LI,进口量,无,澳大利亚进口量（万吨LCE）,澳大利亚进口量,unit_variant,万吨|万吨LCE,,THS_SERIES,THS-LI-3.1.4|THS-NI-3.1.4,2,2,unregistered,0.30,,,register_pending,P2_auto,0
A-03514,,,,LI,产量,锂,澳大利亚锂矿产量（万吨LCE）,澳大利亚锂矿产量,unit_variant,万吨LCE,,THS_SERIES,THS-LI-3.1.2,1,1,unregistered,0.30,,,register_pending,P2_auto,0
A-03515,,,,ZN,产能利用率|产能,锌矿|锌,澳大利亚锌矿产能利用率（%）,澳大利亚锌矿产能利用率,unit_variant,%,,THS_SERIES,THS-ZN-3.1.2,1,1,unregistered,0.30,,,register_pending,P2_auto,0
A-03516,,,,ZN,产量,锌矿|锌,澳大利亚锌矿产量（万吨）,澳大利亚锌矿产量,unit_variant,万吨,,THS_SERIES,THS-ZN-3.1.2,1,1,unregistered,0.30,,,register_pending,P2_auto,0
A-03517,,,,ZN,生产量|产量,锌矿|锌,澳大利亚锌矿再生产量（万吨）,澳大利亚锌矿再生产量,unit_variant,万吨,,THS_SERIES,THS-ZN-3.1.2,1,1,unregistered,0.30,,,register_pending,P2_auto,0
A-03518,,,,ZN,开工率|开工,锌矿|锌,澳大利亚锌矿开工率（%）,澳大利亚锌矿开工率,unit_variant,%,,THS_SERIES,THS-ZN-3.1.2,1,1,unregistered,0.30,,,register_pending,P2_auto,0
A-03519,,,,ZN,未识别,锌矿|锌,澳大利亚锌矿检修量（万吨）,澳大利亚锌矿检修量,unit_variant,万吨,,THS_SERIES,THS-ZN-3.1.2,1,1,unregistered,0.30,,,register_pending,P2_auto,0
A-03520,,,,ZN,进口量,锌矿|锌,澳大利亚锌矿进口量（万吨）,澳大利亚锌矿进口量,unit_variant,万吨,,THS_SERIES,THS-ZN-3.1.2|THS-ZN-3.1.4,1,2,unregistered,0.30,,,register_pending,P2_auto,0
A-03521,,,,ZN,产量,锌,澳大利亚锌精炼产量（万吨）,澳大利亚锌精炼产量,unit_variant,万吨,,THS_SERIES,THS-ZN-3.1.2,1,1,unregistered,0.30,,,register_pending,P2_auto,0
A-03522,,,,SN,加工费TC|加工费|TC,锡矿|锡,澳大利亚锡矿加工费TC（美元/吨）,澳大利亚锡矿加工费TC,unit_variant,美元/吨,,THS_SERIES,THS-SN-3.1.5,1,1,unregistered,0.30,,,register_pending,P2_auto,0
A-03523,,,,SN,进口量,锡矿|锡,澳大利亚锡矿进口量（万吨）,澳大利亚锡矿进口量,unit_variant,万吨,,THS_SERIES,THS-SN-3.1.4,1,1,unregistered,0.30,,,register_pending,P2_auto,0
A-03524,,,,SN,产量,锡精矿|锡,澳大利亚锡精矿产量（万吨）,澳大利亚锡精矿产量,unit_variant,万吨,时序图,THS_SERIES,THS-SN-3.1.2,2,2,unregistered,0.30,,,register_pending,P2_auto,0
A-03525,,,,NI,产能,镍矿|镍,澳大利亚镍矿产能（万吨/年）,澳大利亚镍矿产能,unit_variant,万吨/年,,THS_SERIES,THS-NI-3.1.2,1,1,unregistered,0.30,,,register_pending,P2_auto,0
A-03526,,,,NI,产量,镍矿|镍,澳大利亚镍矿产量（万吨）,澳大利亚镍矿产量,unit_variant,万吨,,THS_SERIES,THS-NI-3.1|THS-NI-3.1.2,2,3,unregistered,0.30,,,register_pending,P2_auto,0
A-03527,,,,NI,开工,镍矿|镍,澳大利亚镍矿开工天数（天/季度）,澳大利亚镍矿开工天数,unit_variant,天/季度,,THS_SERIES,THS-NI-3.1.2,1,1,unregistered,0.30,,,register_pending,P2_auto,0
A-03528,,,,NI,产量,镍,澳大利亚镍精炼产量（万吨）,澳大利亚镍精炼产量,unit_variant,万吨,,THS_SERIES,THS-NI-3.1.2,1,1,unregistered,0.30,,,register_pending,P2_auto,0
A-03531,,,,SI,产量,无,热轧普碳钢：标准轨道钢：产量：日本（年）,热轧普碳钢:标准轨道钢:产量:日本(年,full_name,,,THS_MATCHED,THS-SN-3.2.3|THS-ZN-3.2.1|THS-ZN-5.2,1,15,unregistered,0.30,,,register_pending,P2_auto,0
A-03532,,,,SN,开工率|开工,焊锡|锡,焊锡/锡化工开工率时序图,焊锡/锡化工开工率,suffix_variant,,时序图,THS_SERIES,THS-SN-5.1,1,1,unregistered,0.30,,,register_pending,P2_auto,0
A-03533,,,,SN,产量,焊锡|锡,焊锡/锡化工终端产量时序图,焊锡/锡化工终端产量,suffix_variant,,时序图,THS_SERIES,THS-SN-5.2,1,1,unregistered,0.30,,,register_pending,P2_auto,0
A-03534,,,,SN,开工率|开工,焊锡|锡,焊锡/锡焊料开工率（%）,焊锡/锡焊料开工率,unit_variant,%,,THS_SERIES,THS-SN-5.1,1,1,unregistered,0.30,,,register_pending,P2_auto,0
A-03535,,,,SN,未识别,焊锡|锡,焊锡/锡焊料排产计划（万吨）,焊锡/锡焊料排产计划,unit_variant,万吨,,THS_SERIES,THS-SN-5.3,1,1,unregistered,0.30,,,register_pending,P2_auto,0
A-03536,,,,SN,产量,焊锡|锡,焊锡/锡焊料终端产量（万吨）,焊锡/锡焊料终端产量,unit_variant,万吨,,THS_SERIES,THS-SN-5.2,1,1,unregistered,0.30,,,register_pending,P2_auto,0
A-03537,,,,SN,未识别,焊锡|锡,焊锡/锡焊料终端订单量（万吨）,焊锡/锡焊料终端订单量,unit_variant,万吨,,THS_SERIES,THS-SN-5.2,1,1,unregistered,0.30,,,register_pending,P2_auto,0
A-03538,,,,SN,未识别,焊锡|锡,焊锡/锡焊料订单量（万吨）,焊锡/锡焊料订单量,unit_variant,万吨,,THS_SERIES,THS-SN-5.3,1,1,unregistered,0.30,,,register_pending,P2_auto,0
A-03539,,,,SN,价格,焊锡|锡,焊锡价格（元/吨）,焊锡价格,unit_variant,元/吨,,THS_SERIES,THS-SN-2.5,1,1,unregistered,0.30,,,register_pending,P2_auto,0
A-03540,,,,SN,冶炼利润|利润,焊锡|锡,焊锡冶炼利润（元/吨）,焊锡冶炼利润,unit_variant,元/吨,,THS_SERIES,THS-SN-2.5,1,1,unregistered,0.30,,,register_pending,P2_auto,0
A-03541,,,,SN,开工率|开工,焊锡|锡,焊锡开工率时序图,焊锡开工率,suffix_variant,,时序图,THS_SERIES,THS-SN-5.1,1,1,unregistered,0.30,,,register_pending,P2_auto,0
A-03542,,,,SN,产量,焊锡|锡,焊锡终端产量时序图,焊锡终端产量,suffix_variant,,时序图,THS_SERIES,THS-SN-5.2,1,1,unregistered,0.30,,,register_pending,P2_auto,0
A-03543,,,,SN,库存,焊锡|锡,焊锡终端库存时序图,焊锡终端库存,suffix_variant,,时序图,THS_SERIES,THS-SN-5.2,1,1,unregistered,0.30,,,register_pending,P2_auto,0
A-03544,,,,SN,表观消费|消费量|消费,焊锡|锡,焊锡表观消费量时序图,焊锡表观消费量,suffix_variant,,时序图,RISK_DB_SRC|THS_SERIES,RISK-032|THS-SN-5.1,1,2,unregistered,0.30,,,register_pending,P2_auto,0
A-03545,,,,SN,未识别,焊锡|锡,焊锡订单量时序图,焊锡订单量,suffix_variant,,时序图,THS_SERIES,THS-SN-5.3,1,1,unregistered,0.30,,,register_pending,P2_auto,0
A-03546,,,,SN,同比增速|增速,焊锡|锡,焊锡订单量同比增速时序图,焊锡订单量同比增速,suffix_variant,,时序图,THS_SERIES,THS-SN-5.3,1,1,unregistered,0.30,,,register_pending,P2_auto,0
A-03548,,,,SN,未识别,无,煤价（元/吨）,煤价,unit_variant,元/吨,,THS_SERIES,THS-SN-7.3,1,1,unregistered,0.30,,,register_pending,P2_auto,0
A-03549,,,,AL,价格,无,煤沥青价格,煤沥青价格,full_name,,,THS_SERIES,THS-AL-3.3,1,1,unregistered,0.30,,,register_pending,P2_auto,0
A-03550,,,,CU,未识别,无,猪粮比价环比：中国（月）,猪粮比价环比:中国(月,full_name,,,THS_MATCHED,THS-CU-2.3,1,1,unregistered,0.30,,,register_pending,P2_auto,0
A-03551,,,,LI,升贴水|贴水,无,现货升贴水（元/吨）,现货升贴水,unit_variant,元/吨,,THS_SERIES,THS-LI-2.1|THS-SN-2.1|THS-ZN-2.1,1,4,unregistered,0.30,,,register_pending,P2_auto,0
A-03553,,,,NI,月差,无,现金-3个月月差（美元/吨）,现金-3个月月差,unit_variant,元/吨|美元/吨,,THS_SERIES,THS-NI-2.3|THS-NI-2.4,2,2,unregistered,0.30,,,register_pending,P2_auto,0
A-03554,,,,LI,未识别,无,现金价（美元/吨）,现金价,unit_variant,美元/吨,,THS_SERIES,THS-LI-2.3,1,1,unregistered,0.30,,,register_pending,P2_auto,0
A-03555,,,,SN,成本,无,现金成本（元/吨）,现金成本,unit_variant,元/吨,时序图,THS_SERIES,THS-SN-7.1|THS-SN-7.2,2,4,unregistered,0.30,,,register_pending,P2_auto,0
A-03559,,,,NI,产能利用率|产能,镍矿|镍,甘肃镍矿产能利用率（%）,甘肃镍矿产能利用率,unit_variant,%,,THS_SERIES,THS-NI-3.1.3,1,1,unregistered,0.30,,,register_pending,P2_auto,0
A-03560,,,,NI,产量,镍矿|镍,甘肃镍矿产量（万吨）,甘肃镍矿产量,unit_variant,万吨,,THS_SERIES,THS-NI-3.1.3,1,1,unregistered,0.30,,,register_pending,P2_auto,0
A-03561,,,,NI,开工,镍矿|镍,甘肃镍矿开工天数（天/月）,甘肃镍矿开工天数(天/月,full_name,,,THS_SERIES,THS-NI-3.1.3,1,1,unregistered,0.30,,,register_pending,P2_auto,0
A-03562,,,,NI,未识别,镍矿|镍,甘肃镍矿检修量（万吨）,甘肃镍矿检修量,unit_variant,万吨,,THS_SERIES,THS-NI-3.1.3,1,1,unregistered,0.30,,,register_pending,P2_auto,0
A-03563,,,,NI,未识别,无,电价（元/度）,电价,unit_variant,元/度,时序图,THS_SERIES,THS-NI-7.3|THS-SN-7.2|THS-SN-7.3,2,6,unregistered,0.30,,,register_pending,P2_auto,0
A-03565,,,,NI,库存|占比,无,电动卡车：库存占比：英国（年）,电动卡车:库存占比:英国(年,full_name,,,THS_MATCHED,THS-NI-4.5|THS-SN-4.5,1,2,unregistered,0.30,,,register_pending,P2_auto,0
A-03566,,,,SN,出口量,锡,电子级锡出口量（万吨）,电子级锡出口量,unit_variant,万吨,,THS_SERIES,THS-SN-6.3,1,1,unregistered,0.30,,,register_pending,P2_auto,0
A-03567,,,,SN,开工率|开工,锡,电子级锡开工率（%）,电子级锡开工率,unit_variant,%,,THS_SERIES,THS-SN-5.1,1,1,unregistered,0.30,,,register_pending,P2_auto,0
A-03568,,,,SN,产量,锡,电子级锡终端产量（万吨）,电子级锡终端产量,unit_variant,万吨,,THS_SERIES,THS-SN-5.2,1,1,unregistered,0.30,,,register_pending,P2_auto,0
A-03569,,,,SN,未识别,锡,电子级锡订单量（万吨）,电子级锡订单量,unit_variant,万吨,,THS_SERIES,THS-SN-5.3,1,1,unregistered,0.30,,,register_pending,P2_auto,0
A-03573,,,,LI,库存,碳酸锂|锂,电池级碳酸锂交易所库存（万吨LCE）,电池级碳酸锂交易所库存,unit_variant,万吨LCE,,THS_SERIES,THS-LI-4.1,1,1,unregistered,0.30,,,register_pending,P2_auto,0
A-03575,,,,LI,仓单,碳酸锂|锂,电池级碳酸锂仓单数量（万吨LCE）,电池级碳酸锂仓单数量,unit_variant,万吨LCE,,THS_SERIES,THS-LI-4.2,1,1,unregistered,0.30,,,register_pending,P2_auto,0
A-03576,,,,LI,冶炼利润|利润,碳酸锂|锂,电池级碳酸锂冶炼利润（元/吨）,电池级碳酸锂冶炼利润,unit_variant,元/吨,,RISK_DB_SRC|THS_SERIES,RISK-037|THS-LI-3.2.4,1,2,unregistered,0.30,,,register_pending,P2_auto,0
A-03577,,,,LI,利润,碳酸锂|锂,电池级碳酸锂利润（元/吨）,电池级碳酸锂利润,unit_variant,元/吨,,RISK_DB_SRC|THS_SERIES,RISK-036|THS-LI-2.5,1,2,unregistered,0.30,,,register_pending,P2_auto,0
A-03578,,,,LI,升贴水|贴水|占比,碳酸锂|锂,电池级碳酸锂升贴水占比（%）,电池级碳酸锂升贴水占比,unit_variant,%,,THS_SERIES,THS-LI-2.2,1,1,unregistered,0.30,,,register_pending,P2_auto,0
A-03579,,,,LI,基差,碳酸锂|锂,电池级碳酸锂基差（元/吨）,电池级碳酸锂基差,unit_variant,元/吨,,THS_SERIES,THS-LI-2.2,1,1,unregistered,0.30,,,register_pending,P2_auto,0
A-03580,,,,LI,工厂库存|库存,碳酸锂|锂,电池级碳酸锂工厂库存（万吨LCE）,电池级碳酸锂工厂库存,unit_variant,万吨LCE,,THS_SERIES,THS-LI-4.4,1,1,unregistered,0.30,,,register_pending,P2_auto,0
A-03581,,,,LI,开工率|开工,碳酸锂|锂,电池级碳酸锂开工率（%）,电池级碳酸锂开工率,unit_variant,%,,THS_SERIES,THS-LI-3.2.2,1,1,unregistered,0.30,,,register_pending,P2_auto,0
A-03584,,,,LI,社会库存|库存,碳酸锂|锂,电池级碳酸锂社会库存（万吨LCE）,电池级碳酸锂社会库存,unit_variant,万吨LCE,,THS_SERIES,THS-LI-4.3,1,1,unregistered,0.30,,,register_pending,P2_auto,0
A-03585,,,,NI,出口量,镍,电池级镍制品出口量（万吨）,电池级镍制品出口量,unit_variant,万吨,,THS_SERIES,THS-NI-6.3,1,1,unregistered,0.30,,,register_pending,P2_auto,0
A-03586,,,,NI,未识别,镍,电池级镍制品出口金额（亿美元）,电池级镍制品出口金额,unit_variant,亿美元,,THS_SERIES,THS-NI-6.3,1,1,unregistered,0.30,,,register_pending,P2_auto,0
A-03587,,,,NI,未识别,镍,电池级镍回收量（万吨）,电池级镍回收量,unit_variant,万吨,,THS_SERIES,THS-NI-3.2|THS-NI-3.2.3,2,3,unregistered,0.30,,,register_pending,P2_auto,0
A-03588,,,,NI,开工率|开工,镍,电池级镍开工率（%）,电池级镍开工率,unit_variant,%,,THS_SERIES,THS-NI-5.1,1,1,unregistered,0.30,,,register_pending,P2_auto,0
A-03589,,,,SN,未识别,无,电解液：排产：中国（月）,电解液:排产:中国(月,full_name,,,THS_MATCHED,THS-SN-5.1|THS-SN-5.3,1,2,unregistered,0.30,,,register_pending,P2_auto,0
A-03590,,,,SN,库存,无,电解钴：库存：保税区（周）,电解钴:库存:保税区(周,full_name,,,THS_MATCHED,THS-SN-6.2|THS-SN-6.3|THS-SN-6.4,1,4,unregistered,0.30,,,register_pending,P2_auto,0
A-03592,,,,CU,升贴水|贴水,电解铜|铜,电解铜：1#：升贴水：安徽（日）,电解铜:1#:升贴水:安徽(日,full_name,,,THS_MATCHED,THS-CU-2.3,1,1,unregistered,0.30,,,register_pending,P2_auto,0
A-03596,,,,CU,升贴水|贴水,电解铜|铜,电解铜：湿法：现货升贴水：佛山（日）,电解铜:湿法:现货升贴水:佛山(日,full_name,,,THS_MATCHED,THS-CU-4.2,1,1,unregistered,0.30,,,register_pending,P2_auto,0
A-03602,,,,CU,仓单,电解铜|铜,电解铜仓单、国际铜仓单,"电解铜仓单,国际铜仓单",full_name,,,THS_SERIES,THS-CU-4.2,1,1,unregistered,0.30,,,register_pending,P2_auto,0
A-03606,,,,AL,出库量|出库,电解铝|铝,电解铝：出库量：中国,电解铝:出库量:中国,full_name,,,PDF_TEMPLATE,TPL-AL-030,1,1,unregistered,0.30,,,register_pending,P2_auto,0
A-03614,,,,AL,库存,电解铝|铝,电解铝：现货库存：中国（日）,电解铝:现货库存:中国(日,full_name,,,THS_MATCHED,THS-AL-4.2|THS-AL-4.3,1,4,unregistered,0.30,,,register_pending,P2_auto,0
A-03624,,,,AL,库存,电解铝|铝锭|铝,电解铝企业厂内铝锭库存,电解铝企业厂内铝锭库存,full_name,,,THS_SERIES,THS-AL-4.3,1,1,unregistered,0.30,,,register_pending,P2_auto,0
A-03626,,,,AL,利润,电解铝|铝,电解铝生产利润,电解铝生产利润,full_name,,,PDF_TEMPLATE,TPL-AL-010,1,1,unregistered,0.30,,,register_pending,P2_auto,0
A-03627,,,,AL,社会库存|库存,电解铝|铝,电解铝社会库存,电解铝社会库存,full_name,,,THS_SERIES,THS-AL-4.2,1,1,unregistered,0.30,,,register_pending,P2_auto,0
A-03628,,,,AL,社会库存|厂内库存|出库量|库存|出库,电解铝|铝,电解铝社会库存、电解铝厂内库存、电解铝出库量,"电解铝社会库存,电解铝厂内库存,电解铝出库量",full_name,,,THS_SERIES,THS-AL-4.3,1,1,unregistered,0.30,,,register_pending,P2_auto,0
A-03629,,,,AL,完全成本|成本,电解铝|铝,电解铝行业加权平均完全成本,电解铝行业加权平均完全成本,full_name,,,THS_SERIES,THS-AL-3.1,1,1,unregistered,0.30,,,register_pending,P2_auto,0
A-03630,,,,ZN,冶炼利润|利润,锌,电解锌冶炼利润（元/吨）,电解锌冶炼利润,unit_variant,元/吨,,THS_SERIES,THS-ZN-3.2.1|THS-ZN-3.2.2|THS-ZN-3.2.4,1,5,unregistered,0.30,,,register_pending,P2_auto,0
A-03631,,,,ZN,冶炼利润|利润,锌,电解锌冶炼利润分位（%）,电解锌冶炼利润分位,unit_variant,%,,THS_SERIES,THS-ZN-3.2.4,1,1,unregistered,0.30,,,register_pending,P2_auto,0
A-03632,,,,ZN,成本,锌,电解锌现金成本（元/吨）,电解锌现金成本,unit_variant,元/吨,,THS_SERIES,THS-ZN-2.5,1,1,unregistered,0.30,,,register_pending,P2_auto,0
A-03640,,,,NI,产能利用率|产能,电解镍|镍,电解镍产能利用率（%）,电解镍产能利用率,unit_variant,%,,THS_SERIES,THS-NI-3.2.1,1,1,unregistered,0.30,,,register_pending,P2_auto,0
A-03641,,,,NI,产量,电解镍|镍,电解镍产量（万吨）,电解镍产量,unit_variant,万吨,,THS_SERIES,THS-NI-3.1.3|THS-NI-3.2|THS-NI-3.2.1,2,5,unregistered,0.30,,,register_pending,P2_auto,0
A-03642,,,,NI,冶炼利润|利润,电解镍|镍,电解镍冶炼利润（元/吨）,电解镍冶炼利润,unit_variant,元/吨,,THS_SERIES,THS-NI-3.1.5|THS-NI-3.2|THS-NI-3.2.4,2,5,unregistered,0.30,,,register_pending,P2_auto,0
A-03643,,,,NI,冶炼利润|利润,高冰镍|电解镍|冰镍|镍,电解镍冶炼利润（元/吨）、NPI冶炼利润（元/吨）、高冰镍冶炼利润（元/吨）,"电解镍冶炼利润(元/吨),NPI冶炼利润(元/吨),高冰镍冶炼利润",unit_variant,元/吨,,THS_SERIES,THS-NI-2.5,1,1,unregistered,0.30,,,register_pending,P2_auto,0
A-03644,,,,NI,冶炼利润|利润,电解镍|镍,电解镍冶炼利润（元/吨）、沪镍主力合约收盘价（元/吨）,"电解镍冶炼利润(元/吨),沪镍主力合约收盘价",unit_variant,元/吨,,THS_SERIES,THS-NI-3.2,1,1,unregistered,0.30,,,register_pending,P2_auto,0
A-03645,,,,NI,冶炼利润|利润,高冰镍|电解镍|冰镍|镍,电解镍冶炼利润、NPI冶炼利润、高冰镍冶炼利润,"电解镍冶炼利润,NPI冶炼利润,高冰镍冶炼利润",mixed_script,,,THS_SERIES,THS-NI-2.5,1,1,unregistered,0.30,,,register_pending,P2_auto,0
A-03646,,,,NI,完全成本|成本,电解镍|镍,电解镍冶炼完全成本（元/吨）,电解镍冶炼完全成本,unit_variant,元/吨,,THS_SERIES,THS-NI-2.5,1,1,unregistered,0.30,,,register_pending,P2_auto,0
A-03647,,,,NI,盈亏,电解镍|镍,电解镍出口盈亏（元/吨）,电解镍出口盈亏,unit_variant,元/吨,,THS_SERIES,THS-NI-6.2|THS-NI-7.2,1,2,unregistered,0.30,,,register_pending,P2_auto,0
A-03648,,,,NI,出口量,电解镍|镍,电解镍出口量（万吨）,电解镍出口量,unit_variant,万吨,,THS_SERIES,THS-NI-6.2,1,1,unregistered,0.30,,,register_pending,P2_auto,0
A-03649,,,,NI,库存,电解镍|镍,电解镍厂库存（万吨）,电解镍厂库存,unit_variant,万吨,,THS_SERIES,THS-NI-4.4,1,1,unregistered,0.30,,,register_pending,P2_auto,0
A-03650,,,,NI,库存天数|库存,电解镍|镍,电解镍厂库存、电解镍厂库存天数,"电解镍厂库存,电解镍厂库存天数",full_name,,,THS_SERIES,THS-NI-4.4,1,1,unregistered,0.30,,,register_pending,P2_auto,0
A-03651,,,,NI,库存,高冰镍|精炼镍|电解镍|镍铁|冰镍|镍,电解镍厂库存、镍铁厂库存、高冰镍厂库存、精炼镍厂库存,"电解镍厂库存,镍铁厂库存,高冰镍厂库存,精炼镍厂库存",full_name,,,THS_SERIES,THS-NI-4.4,1,1,unregistered,0.30,,,register_pending,P2_auto,0
A-03653,,,,NI,未识别,电解镍|镍,电解镍发运天数（天）,电解镍发运天数(天,full_name,,,THS_SERIES,THS-NI-6.4,1,1,unregistered,0.30,,,register_pending,P2_auto,0
A-03654,,,,NI,完全成本|成本,电解镍|镍,电解镍完全成本（元/吨）,电解镍完全成本,unit_variant,元/吨,,THS_SERIES,THS-NI-3.2.4,1,1,unregistered,0.30,,,register_pending,P2_auto,0
A-03655,,,,NI,未识别,电解镍|镍,电解镍对华发运量（万吨）,电解镍对华发运量,unit_variant,万吨,,THS_SERIES,THS-NI-6.4,1,1,unregistered,0.30,,,register_pending,P2_auto,0
A-03656,,,,NI,开工率|开工,电解镍|镍,电解镍开工率（%）,电解镍开工率,unit_variant,%,,THS_SERIES,THS-NI-3.2|THS-NI-3.2.2|THS-NI-3.2.4,2,4,unregistered,0.30,,,register_pending,P2_auto,0
A-03657,,,,NI,利润,电解镍|镍,电解镍日度利润（元/吨）,电解镍日度利润,unit_variant,元/吨,,THS_SERIES,THS-NI-7.2,1,1,unregistered,0.30,,,register_pending,P2_auto,0
A-03658,,,,NI,成本|利润,电解镍|镍,电解镍日度利润（元/吨）、沪镍主力合约收盘价（元/吨）、电解镍现金成本（元/吨）,"电解镍日度利润(元/吨),沪镍主力合约收盘价(元/吨),电解镍现金成本",unit_variant,元/吨,,THS_SERIES,THS-NI-7.2,1,1,unregistered,0.30,,,register_pending,P2_auto,0
A-03659,,,,NI,未识别,电解镍|镍,电解镍检修量（万吨）,电解镍检修量,unit_variant,万吨,,THS_SERIES,THS-NI-3.2.2,1,1,unregistered,0.30,,,register_pending,P2_auto,0
A-03660,,,,NI,现货价格|价格,电解镍|镍,电解镍现货价格（元/吨）,电解镍现货价格,unit_variant,元/吨,,THS_SERIES,THS-NI-2.2|THS-NI-2.4|THS-NI-2.5,1,3,unregistered,0.30,,,register_pending,P2_auto,0
A-03661,,,,NI,现货价格|完全成本|冶炼利润|成本|利润|价格,电解镍|镍,电解镍现货价格（元/吨）、电解镍冶炼完全成本（元/吨）、电解镍冶炼利润（元/吨）,"电解镍现货价格(元/吨),电解镍冶炼完全成本(元/吨),电解镍冶炼利润",unit_variant,元/吨,,THS_SERIES,THS-NI-2.5,1,1,unregistered,0.30,,,register_pending,P2_auto,0
A-03662,,,,NI,现货价格|价格,高冰镍|电解镍|镍生铁|冰镍|镍,电解镍现货价格（元/吨）、镍生铁NPI现货价格（元/吨）、高冰镍现货价格（元/吨）,"电解镍现货价格(元/吨),镍生铁NPI现货价格(元/吨),高冰镍现货价格",unit_variant,元/吨,,THS_SERIES,THS-NI-2.2|THS-NI-2.4,1,2,unregistered,0.30,,,register_pending,P2_auto,0
A-03663,,,,NI,现货价格|完全成本|冶炼利润|成本|利润|价格,电解镍|镍,电解镍现货价格、电解镍冶炼完全成本、电解镍冶炼利润,"电解镍现货价格,电解镍冶炼完全成本,电解镍冶炼利润",full_name,,,THS_SERIES,THS-NI-2.5,1,1,unregistered,0.30,,,register_pending,P2_auto,0
A-03664,,,,NI,现货价格|价格,高冰镍|电解镍|镍生铁|冰镍|镍,电解镍现货价格、镍生铁NPI现货价格、高冰镍现货价格,"电解镍现货价格,镍生铁NPI现货价格,高冰镍现货价格",mixed_script,,,THS_SERIES,THS-NI-2.2|THS-NI-2.4,1,2,unregistered,0.30,,,register_pending,P2_auto,0
A-03665,,,,NI,成本,电解镍|镍,电解镍现金成本（元/吨）,电解镍现金成本,unit_variant,元/吨,,THS_SERIES,THS-NI-7.1|THS-NI-7.2|THS-NI-7.3,1,3,unregistered,0.30,,,register_pending,P2_auto,0
A-03666,,,,NI,盈亏,电解镍|镍,电解镍进口盈亏（元/吨）,电解镍进口盈亏,unit_variant,元/吨,,THS_SERIES,THS-NI-6.1|THS-NI-6.2|THS-NI-7.2,1,3,unregistered,0.30,,,register_pending,P2_auto,0
A-03667,,,,NI,进口量,电解镍|镍,电解镍进口量（万吨）,电解镍进口量,unit_variant,万吨,,THS_SERIES,THS-NI-6.1|THS-NI-6.2,1,2,unregistered,0.30,,,register_pending,P2_auto,0
A-03668,,,,NI,出口量,镍,电镀镍制品出口量（万吨）,电镀镍制品出口量,unit_variant,万吨,,THS_SERIES,THS-NI-6.3,1,1,unregistered,0.30,,,register_pending,P2_auto,0
A-03669,,,,NI,未识别,镍,电镀镍制品出口金额（亿美元）,电镀镍制品出口金额,unit_variant,亿美元,,THS_SERIES,THS-NI-6.3,1,1,unregistered,0.30,,,register_pending,P2_auto,0
A-03670,,,,NI,开工率|开工,镍,电镀镍开工率（%）,电镀镍开工率,unit_variant,%,,THS_SERIES,THS-NI-5.1|THS-NI-5.3,1,2,unregistered,0.30,,,register_pending,P2_auto,0
A-03671,,,,NI,未识别,镍,电镀镍排产计划（万吨）,电镀镍排产计划,unit_variant,万吨,,THS_SERIES,THS-NI-5.1|THS-NI-5.2,1,2,unregistered,0.30,,,register_pending,P2_auto,0
A-03672,,,,NI,消费量|消费,镍,电镀镍终端消费量（万吨）,电镀镍终端消费量,unit_variant,万吨,,THS_SERIES,THS-NI-5.2,1,1,unregistered,0.30,,,register_pending,P2_auto,0
A-03673,,,,NI,未识别,镍,电镀镍订单量（万吨）,电镀镍订单量,unit_variant,万吨,,THS_SERIES,THS-NI-5.3,1,1,unregistered,0.30,,,register_pending,P2_auto,0
A-03674,,,,AL,运行产能|盈利|占比|产能,无,盈利运行产能占比,盈利运行产能占比,full_name,,,THS_SERIES,THS-AL-3.1,1,1,unregistered,0.30,,,register_pending,P2_auto,0
A-03675,,,,LI,TC,盐湖提锂|锂,盐湖提锂TC（元/吨）,盐湖提锂TC,unit_variant,元/吨,,THS_SERIES,THS-LI-3.1.5,1,1,unregistered,0.30,,,register_pending,P2_auto,0
A-03677,,,,LI,冶炼利润|利润,盐湖提锂|锂,盐湖提锂冶炼利润（元/吨）,盐湖提锂冶炼利润,unit_variant,元/吨,,THS_SERIES,THS-LI-3.2.4,1,1,unregistered,0.30,,,register_pending,P2_auto,0
A-03678,,,,LI,利润,盐湖提锂|锂,盐湖提锂利润（元/吨）,盐湖提锂利润,unit_variant,元/吨,,RISK_DB_SRC|THS_SERIES,RISK-034|THS-LI-2.5,1,2,unregistered,0.30,,,register_pending,P2_auto,0
A-03679,,,,LI,开工率|开工,盐湖提锂|锂,盐湖提锂开工率（%）,盐湖提锂开工率,unit_variant,%,,THS_SERIES,THS-LI-3.2.2,1,1,unregistered,0.30,,,register_pending,P2_auto,0
A-03680,,,,LI,产量,盐湖提锂|锂,盐湖提锂精炼产量（万吨LCE）,盐湖提锂精炼产量,unit_variant,万吨LCE,,THS_SERIES,THS-LI-3.2.1,1,1,unregistered,0.30,,,register_pending,P2_auto,0
A-03681,,,,AL,价格,无,石油焦价格,石油焦价格,full_name,,,THS_SERIES,THS-AL-3.3,1,1,unregistered,0.30,,,register_pending,P2_auto,0
A-03682,,,,SN,产量,无,石脑油：产量：中国（年）,石脑油:产量:中国(年,full_name,,,THS_MATCHED,THS-SN-5.1|THS-SN-5.2,1,2,unregistered,0.30,,,register_pending,P2_auto,0
A-03683,,,,NI,产量,无,矿-精炼产量比（倍）,矿-精炼产量比(倍,full_name,,,THS_SERIES,THS-NI-3.1.3,1,1,unregistered,0.30,,,register_pending,P2_auto,0
A-03691,,,,SI,产量,硅片|硅,硅片月度产量(SMM),硅片月度产量,unit_variant,SMM,,PDF_TEMPLATE,TPL-SI-007|TPL-SI-041,1,2,unregistered,0.30,,,register_pending,P2_auto,0
A-03710,,,,ENTITY|NI,产量,硫酸镍|硫酸|镍,硫酸镍：电池级：以金属量计：产量：中国（月）,硫酸镍:电池级:以金属量计:产量:中国(月,full_name,,,THS_MATCHED,THS-NI-3.2|THS-NI-3.2.3,1,2,unregistered,0.30,,,register_pending,P2_auto,0
A-03712,,,,ENTITY|NI,产量,硫酸镍|硫酸|镍,硫酸镍：电镀级：以金属量计：产量：中国（月）,硫酸镍:电镀级:以金属量计:产量:中国(月,full_name,,,THS_MATCHED,THS-NI-5.1|THS-NI-5.2,1,2,unregistered,0.30,,,register_pending,P2_auto,0
A-03713,,,,ENTITY|NI,产量,硫酸镍|硫酸|镍,硫酸镍产量（万吨）,硫酸镍产量,unit_variant,万吨,,THS_SERIES,THS-NI-3.2,2,2,unregistered,0.30,,,register_pending,P2_auto,0
A-03716,,,,ZN,未识别,无,硬线：热轧：70#：Φ6.5：市场价：杭州：杭钢股份：杭钢（日）,硬线:热轧:70#:Φ6.5:市场价:杭州:杭钢股份:杭钢(日,numeric_code,,,THS_MATCHED,THS-ZN-5.1|THS-ZN-5.3,1,3,unregistered,0.30,,,register_pending,P2_auto,0
A-03717,,,,AL,社会库存|库存,无,硬线：社会库存：中国（周）,硬线:社会库存:中国(周,full_name,,,THS_MATCHED,THS-AL-4.2,1,1,unregistered,0.30,,,register_pending,P2_auto,0
A-03742,,,,LI,库存,碳酸锂|锂,碳酸锂交易所库存（万吨LCE）,碳酸锂交易所库存,unit_variant,万吨LCE,,THS_SERIES,THS-LI-4.1|THS-LI-4.2,1,2,unregistered,0.30,,,register_pending,P2_auto,0
A-03745,,,,LI,产量,碳酸锂|锂,碳酸锂产量（万吨LCE）,碳酸锂产量,unit_variant,万吨LCE,,THS_SERIES,THS-LI-3.2.1,1,1,unregistered,0.30,,,register_pending,P2_auto,0
A-03754,,,,LI,仓单,碳酸锂|锂,碳酸锂仓单数量（万吨LCE）,碳酸锂仓单数量,unit_variant,万吨LCE,,THS_SERIES,THS-LI-4.2,1,1,unregistered,0.30,,,register_pending,P2_auto,0
A-03756,,,,LI,冶炼利润|利润,碳酸锂|锂,碳酸锂冶炼利润（元/吨）,碳酸锂冶炼利润,unit_variant,元/吨,,THS_SERIES,THS-LI-2.5|THS-LI-3.2.4,1,2,unregistered,0.30,,,register_pending,P2_auto,0
A-03792,,,,LI,产量,碳酸锂|锂盐|锂,碳酸锂 盐湖总产量,碳酸锂盐湖总产量,full_name,,,PDF_TEMPLATE,TPL-LC-058,1,1,unregistered,0.30,,,register_pending,P2_auto,0
A-03795,,,,ENTITY|LI,产量,碳酸锂|硫酸|锂,碳酸锂 硫酸盐法 周度产量,碳酸锂硫酸盐法周度产量,full_name,,,PDF_TEMPLATE,TPL-LC-030|TPL-LC-037|TPL-LC-044,1,3,unregistered,0.30,,,register_pending,P2_auto,0
A-03801,,,,LI,情绪因子,碳酸锂|锂,碳酸锂 购货情绪因子,碳酸锂购货情绪因子,full_name,,,PDF_TEMPLATE,TPL-LC-008,1,1,unregistered,0.30,,,register_pending,P2_auto,0
A-03813,,,,LI,同比增速|增速,磷酸铁锂|锂,磷酸铁锂 同比增速,磷酸铁锂同比增速,full_name,,,PDF_TEMPLATE,TPL-LC-056,1,1,unregistered,0.30,,,register_pending,P2_auto,0
A-03814,,,,LI,产量,磷酸铁锂|锂,磷酸铁锂 周度产量,磷酸铁锂周度产量,full_name,,,PDF_TEMPLATE,TPL-LC-040|TPL-LC-050|TPL-LC-071,1,3,unregistered,0.30,,,register_pending,P2_auto,0
A-03815,,,,LI,产量,磷酸铁锂|锂,磷酸铁锂 月度产量,磷酸铁锂月度产量,full_name,,,PDF_TEMPLATE,TPL-LC-064|TPL-LC-082|TPL-LC-098,1,3,unregistered,0.30,,,register_pending,P2_auto,0
A-03816,,,,LI,产量,磷酸铁锂电池|磷酸铁锂|锂电池|锂,磷酸铁锂电池 产量,磷酸铁锂电池产量,full_name,,,PDF_TEMPLATE,TPL-LC-078|TPL-LC-080,1,2,unregistered,0.30,,,register_pending,P2_auto,0
A-03817,,,,LI,销量,磷酸铁锂电池|磷酸铁锂|锂电池|锂,磷酸铁锂 电池 国内销量,磷酸铁锂电池国内销量,cross_report_synonym,,,PDF_TEMPLATE|RISK_DB_SRC,RISK-005|RISK-009|TPL-LC-087|TPL-LC-100,1,4,unregistered,0.30,,,register_pending,P2_auto,0
A-03819,,,,CU,社会库存|库存|仓单,铜,社会库存、SHFE铜仓单,"社会库存,SHFE铜仓单",mixed_script,,,THS_SERIES,THS-CU-4.3,1,1,unregistered,0.30,,,register_pending,P2_auto,0
A-03820,,,,CU,社会库存|成交量|库存,电解铜|铜,社会库存、电解铜现货成交量,"社会库存,电解铜现货成交量",full_name,,,THS_SERIES,THS-CU-4.3,1,1,unregistered,0.30,,,register_pending,P2_auto,0
A-03823,,,,ZN,产能利用率|产能,锌矿|锌,秘鲁锌矿产能利用率（%）,秘鲁锌矿产能利用率,unit_variant,%,,THS_SERIES,THS-ZN-3.1.2,1,1,unregistered,0.30,,,register_pending,P2_auto,0
A-03824,,,,ZN,产量,锌矿|锌,秘鲁锌矿产量（万吨）,秘鲁锌矿产量,unit_variant,万吨,,THS_SERIES,THS-ZN-3.1.2,1,1,unregistered,0.30,,,register_pending,P2_auto,0
A-03825,,,,ZN,生产量|产量,锌矿|锌,秘鲁锌矿再生产量（万吨）,秘鲁锌矿再生产量,unit_variant,万吨,,THS_SERIES,THS-ZN-3.1.2,1,1,unregistered,0.30,,,register_pending,P2_auto,0
A-03826,,,,ZN,开工率|开工,锌矿|锌,秘鲁锌矿开工率（%）,秘鲁锌矿开工率,unit_variant,%,,THS_SERIES,THS-ZN-3.1.2,1,1,unregistered,0.30,,,register_pending,P2_auto,0
A-03827,,,,ZN,未识别,锌矿|锌,秘鲁锌矿检修量（万吨）,秘鲁锌矿检修量,unit_variant,万吨,,THS_SERIES,THS-ZN-3.1.2,1,1,unregistered,0.30,,,register_pending,P2_auto,0
A-03828,,,,ZN,进口量,锌矿|锌,秘鲁锌矿进口量（万吨）,秘鲁锌矿进口量,unit_variant,万吨,,THS_SERIES,THS-ZN-3.1.2|THS-ZN-3.1.4,1,2,unregistered,0.30,,,register_pending,P2_auto,0
A-03829,,,,ZN,产量,锌,秘鲁锌精炼产量（万吨）,秘鲁锌精炼产量,unit_variant,万吨,,THS_SERIES,THS-ZN-3.1.2,1,1,unregistered,0.30,,,register_pending,P2_auto,0
A-03830,,,,SN,持仓,无,空头前20净持仓（手）,空头前20净持仓,unit_variant,手,,THS_SERIES,THS-SN-2.6,1,1,unregistered,0.30,,,register_pending,P2_auto,0
A-03831,,,,SN,持仓|占比,无,空头前20持仓占比（%）,空头前20持仓占比,unit_variant,%,,THS_SERIES,THS-SN-2.6,1,1,unregistered,0.30,,,register_pending,P2_auto,0
A-03833,,,,CU,加工费,铜,粗铜：进口：长单加工费（周）,粗铜:进口:长单加工费(周,full_name,,,THS_MATCHED,THS-SN-3.1.3|THS-SN-3.2.4|THS-SN-7.3,1,6,unregistered,0.30,,,register_pending,P2_auto,0
A-03837,,,,ZN,产量,锌,精炼锌：产量：中国（月）,精炼锌:产量:中国(月,full_name,,,THS_MATCHED,THS-ZN-3.1.2|THS-ZN-3.2.1|THS-ZN-7.1,1,14,unregistered,0.30,,,register_pending,P2_auto,0
A-03845,,,,SN,净进口量|进口量,精炼锡|锡,精炼锡净进口量（万吨）,精炼锡净进口量,unit_variant,万吨,时序图,THS_SERIES,THS-SN-6.2,2,2,unregistered,0.30,,,register_pending,P2_auto,0
A-03846,,,,SN,出口量,精炼锡|锡,精炼锡出口量（万吨）,精炼锡出口量,unit_variant,万吨,时序图,THS_SERIES,THS-SN-6.2,2,2,unregistered,0.30,,,register_pending,P2_auto,0
A-03847,,,,SN,进口量,精炼锡|锡,精炼锡进口量（万吨）,精炼锡进口量,unit_variant,万吨,时序图,THS_SERIES,THS-SN-6.2,2,2,unregistered,0.30,,,register_pending,P2_auto,0
A-03848,,,,SN,进口量,精炼锡|锡,精炼锡进口量分国别时序图,精炼锡进口量分国别,suffix_variant,,时序图,THS_SERIES,THS-SN-6.2,1,1,unregistered,0.30,,,register_pending,P2_auto,0
A-03857,,,,NI,库存,精炼镍|镍,精炼镍：库存：中国：18家样本仓库（周）,精炼镍:库存:中国:18家样本仓库(周,full_name,,,THS_MATCHED,THS-NI-4.3|THS-NI-4.4|THS-NI-4.5,1,3,unregistered,0.30,,,register_pending,P2_auto,0
A-03867,,,,NI,表观消费|消费量|消费,精炼镍|镍,精炼镍：表观消费量：中国（月）,精炼镍:表观消费量:中国(月,full_name,,,THS_MATCHED,THS-NI-5.2,1,1,unregistered,0.30,,,register_pending,P2_auto,0
A-03869,,,,NI,产能利用率|产能,精炼镍|镍,精炼镍产能利用率（%）,精炼镍产能利用率,unit_variant,%,,THS_SERIES,THS-NI-3.2.1,1,1,unregistered,0.30,,,register_pending,P2_auto,0
A-03870,,,,NI,产量,精炼镍|镍,精炼镍产量（万吨）,精炼镍产量,unit_variant,万吨,,THS_SERIES,THS-NI-3.2|THS-NI-3.2.1|THS-NI-5.1,2,4,unregistered,0.30,,,register_pending,P2_auto,0
A-03871,,,,NI,库存,精炼镍|镍,精炼镍厂库存（万吨）,精炼镍厂库存,unit_variant,万吨,,THS_SERIES,THS-NI-4.4,1,1,unregistered,0.30,,,register_pending,P2_auto,0
A-03872,,,,NI,开工率|开工,精炼镍|镍,精炼镍开工率（%）,精炼镍开工率,unit_variant,%,,THS_SERIES,THS-NI-3.2|THS-NI-3.2.2|THS-NI-5.1,2,4,unregistered,0.30,,,register_pending,P2_auto,0
A-03873,,,,NI,开工率|开工,精炼镍|镍,精炼镍开工率、沪镍主力合约收盘价,"精炼镍开工率,沪镍主力合约收盘价",full_name,,,THS_SERIES,THS-NI-5.1,1,1,unregistered,0.30,,,register_pending,P2_auto,0
A-03874,,,,NI,开工率|开工|产量,精炼镍|镍,精炼镍开工率、精炼镍产量,"精炼镍开工率,精炼镍产量",full_name,,,THS_SERIES,THS-NI-5.1,1,1,unregistered,0.30,,,register_pending,P2_auto,0
A-03875,,,,NI,成本,精炼镍|镍,精炼镍成本（元/吨）,精炼镍成本,unit_variant,元/吨,,THS_SERIES,THS-NI-7.1|THS-NI-7.3,1,2,unregistered,0.30,,,register_pending,P2_auto,0
A-03876,,,,NI,利润,精炼镍|镍,精炼镍日度利润（元/吨）,精炼镍日度利润,unit_variant,元/吨,,THS_SERIES,THS-NI-7.2,1,1,unregistered,0.30,,,register_pending,P2_auto,0
A-03877,,,,NI,未识别,精炼镍|镍,精炼镍检修量（万吨）,精炼镍检修量,unit_variant,万吨,,THS_SERIES,THS-NI-3.2.2,1,1,unregistered,0.30,,,register_pending,P2_auto,0
A-03878,,,,NI,盈亏,精炼镍|镍,精炼镍进口盈亏（元/吨）,精炼镍进口盈亏,unit_variant,元/吨,,THS_SERIES,THS-NI-6.2,1,1,unregistered,0.30,,,register_pending,P2_auto,0
A-03879,,,,NI,进口量,精炼镍|镍,精炼镍进口量（万吨）,精炼镍进口量,unit_variant,万吨,,THS_SERIES,THS-NI-6.2,1,1,unregistered,0.30,,,register_pending,P2_auto,0
A-03880,,,,CU,库存,铜管|铜杆|铜,精铜杆、再生铜杆、线缆、铜管等成品库存,"精铜杆,再生铜杆,线缆,铜管等成品库存",full_name,,,THS_SERIES,THS-CU-4.5,1,1,unregistered,0.30,,,register_pending,P2_auto,0
A-03883,,,,CU,库存,铜杆|铜,精铜杆企业原料库存,精铜杆企业原料库存,full_name,,,THS_SERIES,THS-CU-4.5,1,1,unregistered,0.30,,,register_pending,P2_auto,0
A-03884,,,,CU,库存,铜杆|铜,精铜杆企业成品库存,精铜杆企业成品库存,full_name,,,THS_SERIES,THS-CU-4.5,1,1,unregistered,0.30,,,register_pending,P2_auto,0
A-03886,,,,SN,未识别,无,纯苯：关税：税率：中国（年）,纯苯:关税:税率:中国(年,full_name,,,THS_MATCHED,THS-SN-6.2|THS-SN-6.3|THS-SN-6.4,1,3,unregistered,0.30,,,register_pending,P2_auto,0
A-03887,,,,SN,产量,无,终端产量（万吨）,终端产量,unit_variant,万吨,,THS_SERIES,THS-SN-5.1|THS-SN-5.2,1,2,unregistered,0.30,,,register_pending,P2_auto,0
A-03888,,,,SN,库存天数|库存,无,终端库存天数（天）,终端库存天数(天,full_name,,,THS_SERIES,THS-SN-5.2,1,1,unregistered,0.30,,,register_pending,P2_auto,0
A-03889,,,,SN,未识别,无,终端排产计划（万吨）,终端排产计划,unit_variant,万吨,,THS_SERIES,THS-SN-5.2,1,1,unregistered,0.30,,,register_pending,P2_auto,0
A-03890,,,,SN,消费|占比,无,终端消费占比（%）,终端消费占比,unit_variant,%,,THS_SERIES,THS-SN-5.2,1,1,unregistered,0.30,,,register_pending,P2_auto,0
A-03891,,,,SN,消费|增速,无,终端消费增速（%）,终端消费增速,unit_variant,%,,THS_SERIES,THS-SN-5.2,1,1,unregistered,0.30,,,register_pending,P2_auto,0
A-03892,,,,AL,未识别,无,综合使用电价,综合使用电价,full_name,,,THS_SERIES,THS-AL-3.2,1,1,unregistered,0.30,,,register_pending,P2_auto,0
A-03893,,,,SN,产能,再生锡|锡,缅甸再生锡产能（万吨）,缅甸再生锡产能,unit_variant,万吨,,THS_SERIES,THS-SN-3.2.3,1,1,unregistered,0.30,,,register_pending,P2_auto,0
A-03894,,,,SN,产量,再生锡|锡,缅甸再生锡产量（万吨）,缅甸再生锡产量,unit_variant,万吨,,THS_SERIES,THS-SN-3.2.3,1,1,unregistered,0.30,,,register_pending,P2_auto,0
A-03895,,,,SN,进口量,再生锡|锡,缅甸再生锡进口量（万吨）,缅甸再生锡进口量,unit_variant,万吨,,THS_SERIES,THS-SN-6.1,1,1,unregistered,0.30,,,register_pending,P2_auto,0
A-03896,,,,SN,占比,无,缅甸出口占比（%）,缅甸出口占比,unit_variant,%,,THS_SERIES,THS-SN-6.3,1,1,unregistered,0.30,,,register_pending,P2_auto,0
A-03897,,,,SN,厂内库存|库存,无,缅甸厂内库存（万吨）,缅甸厂内库存,unit_variant,万吨,,THS_SERIES,THS-SN-4.4,1,1,unregistered,0.30,,,register_pending,P2_auto,0
A-03898,,,,SN,厂内库存|库存|占比,无,缅甸厂内库存占比（%）,缅甸厂内库存占比,unit_variant,%,,THS_SERIES,THS-SN-4.4,1,1,unregistered,0.30,,,register_pending,P2_auto,0
A-03899,,,,SN,占比,无,缅甸发运占比（%）,缅甸发运占比,unit_variant,%,,THS_SERIES,THS-SN-6.4,1,1,unregistered,0.30,,,register_pending,P2_auto,0
A-03900,,,,SN,未识别,无,缅甸发运量（万吨）,缅甸发运量,unit_variant,万吨,,THS_SERIES,THS-SN-6.4,1,1,unregistered,0.30,,,register_pending,P2_auto,0
A-03901,,,,SN,在途库存|库存|占比,无,缅甸在途库存占比（%）,缅甸在途库存占比,unit_variant,%,,THS_SERIES,THS-SN-4.5,1,1,unregistered,0.30,,,register_pending,P2_auto,0
A-03902,,,,SN,消费|占比,无,缅甸消费占比（%）,缅甸消费占比,unit_variant,%,,THS_SERIES,THS-SN-5.1,1,1,unregistered,0.30,,,register_pending,P2_auto,0
A-03903,,,,SN,出口量,锡,缅甸电子级锡出口量（万吨）,缅甸电子级锡出口量,unit_variant,万吨,,THS_SERIES,THS-SN-6.3,1,1,unregistered,0.30,,,register_pending,P2_auto,0
A-03904,,,,SN,社会库存|库存,无,缅甸社会库存（万吨）,缅甸社会库存,unit_variant,万吨,,THS_SERIES,THS-SN-4.3,1,1,unregistered,0.30,,,register_pending,P2_auto,0
A-03905,,,,SN,社会库存|库存|占比,无,缅甸社会库存占比（%）,缅甸社会库存占比,unit_variant,%,,THS_SERIES,THS-SN-4.3,1,1,unregistered,0.30,,,register_pending,P2_auto,0
A-03906,,,,SN,冶炼利润|利润,精炼锡|锡,缅甸精炼锡冶炼利润（元/吨）,缅甸精炼锡冶炼利润,unit_variant,元/吨,,THS_SERIES,THS-SN-3.2.4,1,1,unregistered,0.30,,,register_pending,P2_auto,0
A-03907,,,,SN,开工率|开工,精炼锡|锡,缅甸精炼锡开工率（%）,缅甸精炼锡开工率,unit_variant,%,,THS_SERIES,THS-SN-3.2.2,1,1,unregistered,0.30,,,register_pending,P2_auto,0
A-03908,,,,SN,消费|占比,无,缅甸终端消费占比（%）,缅甸终端消费占比,unit_variant,%,,THS_SERIES,THS-SN-5.2,1,1,unregistered,0.30,,,register_pending,P2_auto,0
A-03910,,,,SN,产量,锡矿|锡,缅甸锡矿产量（万吨）,缅甸锡矿产量,unit_variant,万吨,时序图,THS_SERIES,THS-SN-3.1.1|THS-SN-3.1.2,2,3,unregistered,0.30,,,register_pending,P2_auto,0
A-03911,,,,SN,价格,锡矿|锡,缅甸锡矿价格（元/吨）,缅甸锡矿价格,unit_variant,元/吨,时序图,THS_SERIES,THS-SN-7.3,2,2,unregistered,0.30,,,register_pending,P2_auto,0
A-03912,,,,SN,冶炼利润|利润,锡矿|锡,缅甸锡矿冶炼利润（元/吨）,缅甸锡矿冶炼利润,unit_variant,元/吨,时序图,THS_SERIES,THS-SN-3.2.4,2,2,unregistered,0.30,,,register_pending,P2_auto,0
A-03913,,,,SN,加工费TC|加工费|TC,锡矿|锡,缅甸锡矿加工费TC（美元/吨）,缅甸锡矿加工费TC,unit_variant,美元/吨,时序图,THS_SERIES,THS-SN-3.1.5|THS-SN-3.2.4|THS-SN-7.3,2,4,unregistered,0.30,,,register_pending,P2_auto,0
A-03914,,,,SN,进口量,锡矿|锡,缅甸锡矿进口量（万吨）,缅甸锡矿进口量,unit_variant,万吨,时序图,THS_SERIES,THS-SN-3.1.4|THS-SN-3.1.5,2,3,unregistered,0.30,,,register_pending,P2_auto,0
A-03915,,,,SN,进口量|占比,锡矿|锡,缅甸锡矿进口量占比（%）,缅甸锡矿进口量占比,unit_variant,%,,THS_SERIES,THS-SN-3.1.4,1,1,unregistered,0.30,,,register_pending,P2_auto,0
A-03916,,,,SN,产量,锡精矿|锡,缅甸锡精矿产量（万吨）,缅甸锡精矿产量,unit_variant,万吨,时序图,THS_SERIES,THS-SN-3.1.2,2,2,unregistered,0.30,,,register_pending,P2_auto,0
A-03917,,,,SN,占比|产量,锡精矿|锡,缅甸锡精矿产量占比（%）,缅甸锡精矿产量占比,unit_variant,%,,THS_SERIES,THS-SN-3.1.2,1,1,unregistered,0.30,,,register_pending,P2_auto,0
A-03918,,,,SN,进口量,锡精矿|锡,缅甸锡精矿进口量（万吨）,缅甸锡精矿进口量,unit_variant,万吨,,THS_SERIES,THS-SN-6.1,1,1,unregistered,0.30,,,register_pending,P2_auto,0
A-03919,,,,SN,出口量,锡锭|锡,缅甸锡锭出口量（万吨）,缅甸锡锭出口量,unit_variant,万吨,,THS_SERIES,THS-SN-6.2,1,1,unregistered,0.30,,,register_pending,P2_auto,0
A-03920,,,,SN,进口量,锡锭|锡,缅甸锡锭进口量（万吨）,缅甸锡锭进口量,unit_variant,万吨,,THS_SERIES,THS-SN-6.2,1,1,unregistered,0.30,,,register_pending,P2_auto,0
A-03921,,,,SN,库存|占比,无,缅甸隐性库存占比（%）,缅甸隐性库存占比,unit_variant,%,,THS_SERIES,THS-SN-4.5,1,1,unregistered,0.30,,,register_pending,P2_auto,0
A-03922,,,,SN,需求|增速,无,缅甸需求增速（%）,缅甸需求增速,unit_variant,%,,THS_SERIES,THS-SN-5.3,1,1,unregistered,0.30,,,register_pending,P2_auto,0
A-03923,,,,LI,利润,无,罗莱生活：分产品：标准套件：利润率（半年）,罗莱生活:分产品:标准套件:利润率(半年,full_name,,,THS_MATCHED,THS-LI-2.5|THS-ZN-2.5|THS-ZN-3.2.4,1,3,unregistered,0.30,,,register_pending,P2_auto,0
A-03924,,,,NI,未识别,无,美元/吨）,美元/吨,full_name,,,THS_SERIES,THS-NI-2.3|THS-NI-2.4,1,2,unregistered,0.30,,,register_pending,P2_auto,0
A-03929,,,,SI,产能,硅矿|硅,美国硅矿月产能（万吨）,美国硅矿月产能,unit_variant,万吨,,THS_SERIES,THS-SI-3.1.2,1,1,unregistered,0.30,,,register_pending,P2_auto,0
A-03930,,,,SI,产能利用率|产能,硅矿|硅,美国硅矿月产能利用率（%）,美国硅矿月产能利用率,unit_variant,%,,THS_SERIES,THS-SI-3.1.2,1,1,unregistered,0.30,,,register_pending,P2_auto,0
A-03931,,,,SI,产量,硅矿|硅,美国硅矿月产量（万吨）,美国硅矿月产量,unit_variant,万吨,,THS_SERIES,THS-SI-3.1.2,1,1,unregistered,0.30,,,register_pending,P2_auto,0
A-03932,,,,SI,生产量|产量,硅矿|硅,美国硅矿月再生产量（万吨）,美国硅矿月再生产量,unit_variant,万吨,,THS_SERIES,THS-SI-3.1.2,1,1,unregistered,0.30,,,register_pending,P2_auto,0
A-03933,,,,SI,加工费TC|加工费|TC,硅矿|硅,美国硅矿月加工费TC（元/吨）,美国硅矿月加工费TC,unit_variant,元/吨,,THS_SERIES,THS-SI-3.1.2,1,1,unregistered,0.30,,,register_pending,P2_auto,0
A-03934,,,,SI,开工率|开工,硅矿|硅,美国硅矿月开工率（%）,美国硅矿月开工率,unit_variant,%,,THS_SERIES,THS-SI-3.1.2,1,1,unregistered,0.30,,,register_pending,P2_auto,0
A-03935,,,,SI,进口量,硅矿|硅,美国硅矿月进口量（万吨）,美国硅矿月进口量,unit_variant,万吨,,THS_SERIES,THS-SI-3.1.2,1,1,unregistered,0.30,,,register_pending,P2_auto,0
A-03941,,,,LI,未识别,无,老挝：货车：注册量（年）,老挝:货车:注册量(年,full_name,,,THS_MATCHED,THS-LI-2.1|THS-LI-2.4|THS-NI-2.2,1,5,unregistered,0.30,,,register_pending,P2_auto,0
A-03942,,,,NI,成本,无,能源/原料成本总量（元/吨）,能源/原料成本总量,unit_variant,元/吨,,THS_SERIES,THS-NI-7.3,1,1,unregistered,0.30,,,register_pending,P2_auto,0
A-03943,,,,SN,成本,无,能源成本（元/吨）,能源成本,unit_variant,元/吨,时序图,THS_SERIES,THS-SN-7.1|THS-SN-7.2|THS-SN-7.3,2,4,unregistered,0.30,,,register_pending,P2_auto,0
A-03944,,,,AL,成本|价差,铝,自备电价、网电价差、区域吨铝成本差,"自备电价,网电价差,区域吨铝成本差",full_name,,,THS_SERIES,THS-AL-3.2,1,1,unregistered,0.30,,,register_pending,P2_auto,0
A-03945,,,,AL,成本,无,自备电厂成本/自备电价,自备电厂成本/自备电价,full_name,,,THS_SERIES,THS-AL-3.3,1,1,unregistered,0.30,,,register_pending,P2_auto,0
A-03946,,,,NI,出口量,无,船用高速柴油机：功率出口量：中国（年）,船用高速柴油机:功率出口量:中国(年,full_name,,,THS_MATCHED,THS-SI-6.2|THS-SN-6.3|THS-ZN-6.3,1,14,unregistered,0.30,,,register_pending,P2_auto,0
A-03947,,,,NI,未识别,无,船货在途量（万吨）,船货在途量,unit_variant,万吨,,THS_SERIES,THS-NI-4.5,1,1,unregistered,0.30,,,register_pending,P2_auto,0
A-03948,,,,NI,未识别,无,花生：进口依存度：中国（年）,花生:进口依存度:中国(年,full_name,,,THS_MATCHED,THS-NI-3.1.3|THS-NI-3.1.4,1,2,unregistered,0.30,,,register_pending,P2_auto,0
A-03949,,,,NI,进口量,电解镍|镍,菲律宾电解镍进口量（万吨）,菲律宾电解镍进口量,unit_variant,万吨,,THS_SERIES,THS-NI-6.2,1,1,unregistered,0.30,,,register_pending,P2_auto,0
A-03950,,,,NI,产量,无,菲律宾矿-精炼产量比（倍）,菲律宾矿-精炼产量比(倍,full_name,,,THS_SERIES,THS-NI-3.1.2,1,1,unregistered,0.30,,,register_pending,P2_auto,0
A-03951,,,,NI,未识别,无,菲律宾至中国海运费（美元/湿吨）,菲律宾至中国海运费,unit_variant,美元/湿吨,,THS_SERIES,THS-NI-7.3,1,1,unregistered,0.30,,,register_pending,P2_auto,0
A-03952,,,,NI,占比,无,菲律宾进口占比（%）,菲律宾进口占比,unit_variant,%,,THS_SERIES,THS-NI-3.1.4,1,1,unregistered,0.30,,,register_pending,P2_auto,0
A-03953,,,,NI,未识别,无,菲律宾进口在途量（万吨）,菲律宾进口在途量,unit_variant,万吨,,THS_SERIES,THS-NI-4.5,1,1,unregistered,0.30,,,register_pending,P2_auto,0
A-03954,,,,NI,进口量,无,菲律宾进口量（万吨）,菲律宾进口量,unit_variant,万吨,,THS_SERIES,THS-NI-3.1.4,1,1,unregistered,0.30,,,register_pending,P2_auto,0
A-03956,,,,NI,价格,镍矿|镍,菲律宾镍矿CIF价格（美元/湿吨）,菲律宾镍矿CIF价格,unit_variant,美元/湿吨,,THS_SERIES,THS-NI-7.1,1,1,unregistered,0.30,,,register_pending,P2_auto,0
A-03957,,,,NI,价格,镍矿|镍,菲律宾镍矿CIF价格（美元/湿吨）、菲律宾镍矿FOB价格（美元/湿吨）,"菲律宾镍矿CIF价格(美元/湿吨),菲律宾镍矿FOB价格",unit_variant,美元/湿吨,,THS_SERIES,THS-NI-7.1,1,1,unregistered,0.30,,,register_pending,P2_auto,0
A-03958,,,,NI,产能,镍矿|镍,菲律宾镍矿产能（万吨/年）,菲律宾镍矿产能,unit_variant,万吨/年,,THS_SERIES,THS-NI-3.1.2,1,1,unregistered,0.30,,,register_pending,P2_auto,0
A-03959,,,,NI,产能利用率|产能,镍矿|镍,菲律宾镍矿产能利用率（%）,菲律宾镍矿产能利用率,unit_variant,%,,THS_SERIES,THS-NI-3.1.1,1,1,unregistered,0.30,,,register_pending,P2_auto,0
A-03960,,,,NI,产量,镍矿|镍,菲律宾镍矿产量（万吨）,菲律宾镍矿产量,unit_variant,万吨,,THS_SERIES,THS-NI-3.1|THS-NI-3.1.1|THS-NI-3.1.2,2,4,unregistered,0.30,,,register_pending,P2_auto,0
A-03961,,,,NI,价格,镍矿|镍,菲律宾镍矿价格（1.5%）,菲律宾镍矿价格,unit_variant,1.5%,,PDF_TEMPLATE,TPL-NI-030,1,1,unregistered,0.30,,,register_pending,P2_auto,0
A-03962,,,,NI,未识别,镍矿|镍,菲律宾镍矿发运天数（天）,菲律宾镍矿发运天数(天,full_name,,,THS_SERIES,THS-NI-6.4,1,1,unregistered,0.30,,,register_pending,P2_auto,0
A-03963,,,,NI,未识别,镍矿|镍,菲律宾镍矿对华发运量（万吨）,菲律宾镍矿对华发运量,unit_variant,万吨,,THS_SERIES,THS-NI-6.4,1,1,unregistered,0.30,,,register_pending,P2_auto,0
A-03964,,,,NI,开工,镍矿|镍,菲律宾镍矿开工天数（天/季度）,菲律宾镍矿开工天数,unit_variant,天/季度,,THS_SERIES,THS-NI-3.1.1|THS-NI-3.1.2,1,2,unregistered,0.30,,,register_pending,P2_auto,0
A-03965,,,,NI,未识别,镍矿|镍,菲律宾镍矿检修量（万吨）,菲律宾镍矿检修量,unit_variant,万吨,,THS_SERIES,THS-NI-3.1.1,1,1,unregistered,0.30,,,register_pending,P2_auto,0
A-03966,,,,NI,未识别,镍矿|镍,菲律宾镍矿离港量（万吨）,菲律宾镍矿离港量,unit_variant,万吨,,THS_SERIES,THS-NI-7.3,1,1,unregistered,0.30,,,register_pending,P2_auto,0
A-03967,,,,NI,进口量,镍矿|镍,菲律宾镍矿进口量（万吨）,菲律宾镍矿进口量,unit_variant,万吨,,THS_SERIES,THS-NI-6.1,1,1,unregistered,0.30,,,register_pending,P2_auto,0
A-03968,,,,NI,产能,镍,菲律宾镍精炼产能（万吨/年）,菲律宾镍精炼产能,unit_variant,万吨/年,,THS_SERIES,THS-NI-3.1.1,1,1,unregistered,0.30,,,register_pending,P2_auto,0
A-03969,,,,NI,产量,镍,菲律宾镍精炼产量（万吨）,菲律宾镍精炼产量,unit_variant,万吨,,THS_SERIES,THS-NI-3.1.1|THS-NI-3.1.2,1,2,unregistered,0.30,,,register_pending,P2_auto,0
A-03970,,,,NI,TC,镍精矿|镍,菲律宾镍精矿TC（美元/吨干矿）,菲律宾镍精矿TC,unit_variant,美元/吨干矿,,RISK_DB_SRC|THS_SERIES,RISK-017|RISK-019|THS-NI-3.1|THS-NI-3.1.5,2,5,unregistered,0.30,,,register_pending,P2_auto,0
A-03971,,,,NI,进口量,镍精矿|镍,菲律宾镍精矿进口量（万吨）,菲律宾镍精矿进口量,unit_variant,万吨,,THS_SERIES,THS-NI-3.1|THS-NI-3.1.4|THS-NI-3.1.5,2,4,unregistered,0.30,,,register_pending,P2_auto,0
A-03972,,,,AL,盈利,无,行业理论盈利,行业理论盈利,full_name,,,THS_SERIES,THS-AL-3.1,1,1,unregistered,0.30,,,register_pending,P2_auto,0
A-03975,,,,ZN,成交量,锌,证监会：锌：成交量同比：上期所（周）,证监会:锌:成交量同比:上期所(周,full_name,,,THS_MATCHED,THS-ZN-2.1|THS-ZN-2.2,1,2,unregistered,0.30,,,register_pending,P2_auto,0
A-03976,,,,NI,出口量,不锈钢,越南不锈钢出口量（万吨）,越南不锈钢出口量,unit_variant,万吨,,THS_SERIES,THS-NI-6.3,1,1,unregistered,0.30,,,register_pending,P2_auto,0
A-03977,,,,NI,TC,无,近1年TC分位（%）,近1年TC分位,unit_variant,%,,THS_SERIES,THS-NI-3.1.5,1,1,unregistered,0.30,,,register_pending,P2_auto,0
A-03978,,,,NI,仓单,无,近1年仓单量分位（%）,近1年仓单量分位,unit_variant,%,,THS_SERIES,THS-NI-4.1|THS-NI-4.2,1,2,unregistered,0.30,,,register_pending,P2_auto,0
A-03979,,,,NI,持仓量|持仓,无,近1年前20名持仓量分位（%）,近1年前20名持仓量分位,unit_variant,%,,THS_SERIES,THS-NI-2.6,1,1,unregistered,0.30,,,register_pending,P2_auto,0
A-03980,,,,NI,升贴水|贴水,无,近1年升贴水分位（%）,近1年升贴水分位,unit_variant,%,,THS_SERIES,THS-NI-2.2,1,1,unregistered,0.30,,,register_pending,P2_auto,0
A-03981,,,,NI,库存,无,近1年厂库存分位（%）,近1年厂库存分位,unit_variant,%,,THS_SERIES,THS-NI-4.4,1,1,unregistered,0.30,,,register_pending,P2_auto,0
A-03982,,,,NI,持仓量|持仓,无,近1年持仓量分位（%）,近1年持仓量分位,unit_variant,%,,THS_SERIES,THS-NI-2.1,1,1,unregistered,0.30,,,register_pending,P2_auto,0
A-03983,,,,NI,月差,无,近1年月差分位（%）,近1年月差分位,unit_variant,%,,THS_SERIES,THS-NI-2.4,1,1,unregistered,0.30,,,register_pending,P2_auto,0
A-03984,,,,NI,价格,镍,近1年沪镍价格分位（%）,近1年沪镍价格分位,unit_variant,%,,THS_SERIES,THS-NI-2.5,1,1,unregistered,0.30,,,register_pending,P2_auto,0
A-03985,,,,NI,冶炼利润|利润,电解镍|镍,近1年电解镍冶炼利润分位（%）,近1年电解镍冶炼利润分位,unit_variant,%,,THS_SERIES,THS-NI-2.5|THS-NI-3.2.4,1,2,unregistered,0.30,,,register_pending,P2_auto,0
A-03986,,,,NI,社会库存|库存,无,近1年社会库存分位（%）,近1年社会库存分位,unit_variant,%,,THS_SERIES,THS-NI-4.3,1,1,unregistered,0.30,,,register_pending,P2_auto,0
A-03987,,,,NI,库存,无,近1年隐性库存分位（%）,近1年隐性库存分位,unit_variant,%,,THS_SERIES,THS-NI-4.5,1,1,unregistered,0.30,,,register_pending,P2_auto,0
A-03988,,,,SI,在途库存|库存,无,近3年同周在途库存均值（万吨）,近3年同周在途库存均值,unit_variant,万吨,,THS_SERIES,THS-SI-4.5,1,1,unregistered,0.30,,,register_pending,P2_auto,0
A-03989,,,,SI,在途库存|库存,无,近3年同周在途库存标准差（万吨）,近3年同周在途库存标准差,unit_variant,万吨,,THS_SERIES,THS-SI-4.5,1,1,unregistered,0.30,,,register_pending,P2_auto,0
A-03990,,,,SN,库存,无,近3年同周库存均值（万吨）,近3年同周库存均值,unit_variant,万吨,,THS_SERIES,THS-SN-4.3|THS-ZN-4.3,1,2,unregistered,0.30,,,register_pending,P2_auto,0
A-03991,,,,SN,库存,无,近3年同周库存标准差（万吨）,近3年同周库存标准差,unit_variant,万吨,,THS_SERIES,THS-SN-4.3|THS-ZN-4.3,1,2,unregistered,0.30,,,register_pending,P2_auto,0
A-03992,,,,SI,库存量|库存,无,近3年同周库存量均值（万吨）,近3年同周库存量均值,unit_variant,万吨,,THS_SERIES,THS-SI-4.3,1,1,unregistered,0.30,,,register_pending,P2_auto,0
A-03993,,,,SI,库存量|库存,无,近3年同周库存量标准差（万吨）,近3年同周库存量标准差,unit_variant,万吨,,THS_SERIES,THS-SI-4.3,1,1,unregistered,0.30,,,register_pending,P2_auto,0
A-03994,,,,SI,产量,无,近3年同季产量均值（万吨）,近3年同季产量均值,unit_variant,万吨,,THS_SERIES,THS-SI-3.1.1|THS-SN-3.1.1|THS-ZN-3.1.1,1,3,unregistered,0.30,,,register_pending,P2_auto,0
A-03995,,,,SI,产量,无,近3年同季产量标准差（万吨）,近3年同季产量标准差,unit_variant,万吨,,THS_SERIES,THS-SI-3.1.1|THS-SN-3.1.1|THS-ZN-3.1.1,1,3,unregistered,0.30,,,register_pending,P2_auto,0
A-03996,,,,SI,冶炼利润|利润,无,近3年同季冶炼利润均值（元/吨）,近3年同季冶炼利润均值,unit_variant,元/吨,,THS_SERIES,THS-SI-7.2,1,1,unregistered,0.30,,,register_pending,P2_auto,0
A-03997,,,,SI,冶炼利润|利润,无,近3年同季冶炼利润标准差（元/吨）,近3年同季冶炼利润标准差,unit_variant,元/吨,,THS_SERIES,THS-SI-7.2,1,1,unregistered,0.30,,,register_pending,P2_auto,0
A-03998,,,,SI,成本,无,近3年同季冶炼成本均值（元/吨）,近3年同季冶炼成本均值,unit_variant,元/吨,,THS_SERIES,THS-SI-7.1,1,1,unregistered,0.30,,,register_pending,P2_auto,0
A-03999,,,,SI,成本,无,近3年同季冶炼成本标准差（元/吨）,近3年同季冶炼成本标准差,unit_variant,元/吨,,THS_SERIES,THS-SI-7.1,1,1,unregistered,0.30,,,register_pending,P2_auto,0
A-04000,,,,SN,加工费,无,近3年同季加工费均值（元/吨）,近3年同季加工费均值,unit_variant,元/吨,,THS_SERIES,THS-SN-7.1,1,1,unregistered,0.30,,,register_pending,P2_auto,0
A-04001,,,,SN,加工费,无,近3年同季加工费标准差（元/吨）,近3年同季加工费标准差,unit_variant,元/吨,,THS_SERIES,THS-SN-7.1,1,1,unregistered,0.30,,,register_pending,P2_auto,0
A-04002,,,,LI,未识别,无,近3年同季均值（万吨LCE）,近3年同季均值,unit_variant,万吨LCE,,THS_SERIES,THS-LI-3.1.1,1,1,unregistered,0.30,,,register_pending,P2_auto,0
A-04003,,,,NI,成本,无,近3年同季成本均值（元/吨）,近3年同季成本均值,unit_variant,元/吨,,THS_SERIES,THS-NI-7.1|THS-SN-7.1|THS-ZN-7.1,1,3,unregistered,0.30,,,register_pending,P2_auto,0
A-04004,,,,NI,成本,无,近3年同季成本标准差（元/吨）,近3年同季成本标准差,unit_variant,元/吨,,THS_SERIES,THS-NI-7.1|THS-SN-7.1|THS-ZN-7.1,1,3,unregistered,0.30,,,register_pending,P2_auto,0
A-04005,,,,LI,未识别,无,近3年同季标准差（万吨LCE）,近3年同季标准差,unit_variant,万吨LCE,,THS_SERIES,THS-LI-3.1.1,1,1,unregistered,0.30,,,register_pending,P2_auto,0
A-04006,,,,SI,加工费|TC,无,近3年同日TC加工费均值（元/吨）,近3年同日TC加工费均值,unit_variant,元/吨,,THS_SERIES,THS-SI-3.1.5,1,1,unregistered,0.30,,,register_pending,P2_auto,0
A-04007,,,,SI,加工费|TC,无,近3年同日TC加工费标准差（元/吨）,近3年同日TC加工费标准差,unit_variant,元/吨,,THS_SERIES,THS-SI-3.1.5,1,1,unregistered,0.30,,,register_pending,P2_auto,0
A-04008,,,,ZN,产量,无,近3年同日产量均值（吨）,近3年同日产量均值,unit_variant,吨,,THS_SERIES,THS-ZN-7.2,1,1,unregistered,0.30,,,register_pending,P2_auto,0
A-04009,,,,ZN,产量,无,近3年同日产量标准差（吨）,近3年同日产量标准差,unit_variant,吨,,THS_SERIES,THS-ZN-7.2,1,1,unregistered,0.30,,,register_pending,P2_auto,0
A-04010,,,,ZN,仓单,无,近3年同日仓单均值（手）,近3年同日仓单均值,unit_variant,手,,THS_SERIES,THS-ZN-4.2,1,1,unregistered,0.30,,,register_pending,P2_auto,0
A-04011,,,,ZN,仓单,无,近3年同日仓单标准差（手）,近3年同日仓单标准差,unit_variant,手,,THS_SERIES,THS-ZN-4.2,1,1,unregistered,0.30,,,register_pending,P2_auto,0
A-04012,,,,SI,仓单,无,近3年同日仓单注册量均值（吨）,近3年同日仓单注册量均值,unit_variant,吨,,THS_SERIES,THS-SI-4.2,1,1,unregistered,0.30,,,register_pending,P2_auto,0
A-04013,,,,SI,仓单,无,近3年同日仓单注册量标准差（吨）,近3年同日仓单注册量标准差,unit_variant,吨,,THS_SERIES,THS-SI-4.2,1,1,unregistered,0.30,,,register_pending,P2_auto,0
A-04014,,,,SI,冶炼利润|利润,无,近3年同日冶炼利润均值（元/吨）,近3年同日冶炼利润均值,unit_variant,元/吨,,THS_SERIES,THS-SI-3.2.4,1,1,unregistered,0.30,,,register_pending,P2_auto,0
A-04015,,,,SI,冶炼利润|利润,无,近3年同日冶炼利润标准差（元/吨）,近3年同日冶炼利润标准差,unit_variant,元/吨,,THS_SERIES,THS-SI-3.2.4,1,1,unregistered,0.30,,,register_pending,P2_auto,0
A-04016,,,,NI,利润,无,近3年同日利润均值（元/吨）,近3年同日利润均值,unit_variant,元/吨,,THS_SERIES,THS-NI-7.2,1,1,unregistered,0.30,,,register_pending,P2_auto,0
A-04017,,,,NI,利润,无,近3年同日利润标准差（元/吨）,近3年同日利润标准差,unit_variant,元/吨,,THS_SERIES,THS-NI-7.2,1,1,unregistered,0.30,,,register_pending,P2_auto,0
A-04018,,,,SI,升贴水|贴水,无,近3年同日升贴水均值（元/吨）,近3年同日升贴水均值,unit_variant,元/吨,,THS_SERIES,THS-SI-2.2,1,1,unregistered,0.30,,,register_pending,P2_auto,0
A-04019,,,,SI,升贴水|贴水,无,近3年同日升贴水标准差（元/吨）,近3年同日升贴水标准差,unit_variant,元/吨,,THS_SERIES,THS-SI-2.2,1,1,unregistered,0.30,,,register_pending,P2_auto,0
A-04020,,,,SI,持仓量|持仓,无,近3年同日多头前20持仓量均值（手）,近3年同日多头前20持仓量均值,unit_variant,手,,THS_SERIES,THS-SI-2.6,1,1,unregistered,0.30,,,register_pending,P2_auto,0
A-04021,,,,SI,持仓量|持仓,无,近3年同日多头前20持仓量标准差（手）,近3年同日多头前20持仓量标准差,unit_variant,手,,THS_SERIES,THS-SI-2.6,1,1,unregistered,0.30,,,register_pending,P2_auto,0
A-04022,,,,ZN,库存,无,近3年同日库存均值（手）,近3年同日库存均值,unit_variant,手,,THS_SERIES,THS-ZN-4.1,1,1,unregistered,0.30,,,register_pending,P2_auto,0
A-04023,,,,ZN,库存,无,近3年同日库存标准差（手）,近3年同日库存标准差,unit_variant,手,,THS_SERIES,THS-ZN-4.1,1,1,unregistered,0.30,,,register_pending,P2_auto,0
A-04024,,,,SI,持仓量|持仓,无,近3年同日持仓量均值（手）,近3年同日持仓量均值,unit_variant,手,,THS_SERIES,THS-SI-2.1,1,1,unregistered,0.30,,,register_pending,P2_auto,0
A-04025,,,,SI,持仓量|持仓,无,近3年同日持仓量标准差（手）,近3年同日持仓量标准差,unit_variant,手,,THS_SERIES,THS-SI-2.1,1,1,unregistered,0.30,,,register_pending,P2_auto,0
A-04026,,,,SI,未识别,无,近3年同日收盘价均值（美元/吨）,近3年同日收盘价均值,unit_variant,美元/吨,,THS_SERIES,THS-SI-2.3,1,1,unregistered,0.30,,,register_pending,P2_auto,0
A-04027,,,,SI,未识别,无,近3年同日收盘价标准差（美元/吨）,近3年同日收盘价标准差,unit_variant,美元/吨,,THS_SERIES,THS-SI-2.3,1,1,unregistered,0.30,,,register_pending,P2_auto,0
A-04028,,,,SI,月差,无,近3年同日月差均值（元/吨）,近3年同日月差均值,unit_variant,元/吨,,THS_SERIES,THS-SI-2.4,1,1,unregistered,0.30,,,register_pending,P2_auto,0
A-04029,,,,SI,月差,无,近3年同日月差标准差（元/吨）,近3年同日月差标准差,unit_variant,元/吨,,THS_SERIES,THS-SI-2.4,1,1,unregistered,0.30,,,register_pending,P2_auto,0
A-04030,,,,ZN,未识别,无,近3年同月/同周均值（万吨）,近3年同月/同周均值,unit_variant,万吨,,THS_SERIES,THS-ZN-4.5,1,1,unregistered,0.30,,,register_pending,P2_auto,0
A-04031,,,,ZN,库存,无,近3年同月/同周库存均值（万吨）,近3年同月/同周库存均值,unit_variant,万吨,,THS_SERIES,THS-ZN-4.4,1,1,unregistered,0.30,,,register_pending,P2_auto,0
A-04032,,,,ZN,库存,无,近3年同月/同周库存标准差（万吨）,近3年同月/同周库存标准差,unit_variant,万吨,,THS_SERIES,THS-ZN-4.4,1,1,unregistered,0.30,,,register_pending,P2_auto,0
A-04033,,,,NI,TC,无,近3年同月TC均值（美元/吨干矿）,近3年同月TC均值,unit_variant,美元/吨干矿,,THS_SERIES,THS-NI-3.1.5|THS-ZN-3.1.5,1,2,unregistered,0.30,,,register_pending,P2_auto,0
A-04034,,,,NI,TC,无,近3年同月TC标准差（美元/吨干矿）,近3年同月TC标准差,unit_variant,美元/吨干矿,,THS_SERIES,THS-NI-3.1.5|THS-ZN-3.1.5,1,2,unregistered,0.30,,,register_pending,P2_auto,0
A-04035,,,,SI,产量,无,近3年同月产量均值（万吨）,近3年同月产量均值,unit_variant,万吨,,THS_SERIES,THS-SN-3.2.3|THS-ZN-3.2.1|THS-ZN-5.2,1,12,unregistered,0.30,,,register_pending,P2_auto,0
A-04036,,,,SI,产量,无,近3年同月产量标准差（万吨）,近3年同月产量标准差,unit_variant,万吨,,THS_SERIES,THS-SN-3.2.3|THS-ZN-3.2.1|THS-ZN-5.2,1,12,unregistered,0.30,,,register_pending,P2_auto,0
A-04037,,,,SN,仓单,无,近3年同月仓单均值（手）,近3年同月仓单均值,unit_variant,手,,THS_SERIES,THS-SN-4.2,1,1,unregistered,0.30,,,register_pending,P2_auto,0
A-04038,,,,SN,仓单,无,近3年同月仓单标准差（手）,近3年同月仓单标准差,unit_variant,手,,THS_SERIES,THS-SN-4.2,1,1,unregistered,0.30,,,register_pending,P2_auto,0
A-04039,,,,NI,仓单,无,近3年同月仓单量均值（手）,近3年同月仓单量均值,unit_variant,手,,THS_SERIES,THS-NI-4.1|THS-NI-4.2,1,2,unregistered,0.30,,,register_pending,P2_auto,0
A-04040,,,,NI,仓单,无,近3年同月仓单量标准差（手）,近3年同月仓单量标准差,unit_variant,手,,THS_SERIES,THS-NI-4.1|THS-NI-4.2,1,2,unregistered,0.30,,,register_pending,P2_auto,0
A-04041,,,,LI,价格,无,近3年同月价格均值（美元/吨）,近3年同月价格均值,unit_variant,元/吨|美元/吨,,THS_SERIES,THS-LI-2.3|THS-SN-7.3,2,2,unregistered,0.30,,,register_pending,P2_auto,0
A-04042,,,,LI,价格,无,近3年同月价格标准差（美元/吨）,近3年同月价格标准差,unit_variant,元/吨|美元/吨,,THS_SERIES,THS-LI-2.3|THS-SN-7.3,2,2,unregistered,0.30,,,register_pending,P2_auto,0
A-04043,,,,SN,未识别,无,近3年同月估值分位均值（%）,近3年同月估值分位均值,unit_variant,%,,THS_SERIES,THS-SN-2.5,1,1,unregistered,0.30,,,register_pending,P2_auto,0
A-04044,,,,SN,未识别,无,近3年同月估值分位标准差（%）,近3年同月估值分位标准差,unit_variant,%,,THS_SERIES,THS-SN-2.5,1,1,unregistered,0.30,,,register_pending,P2_auto,0
A-04045,,,,NI,未识别,无,近3年同月先行指标均值（万吨）,近3年同月先行指标均值,unit_variant,万吨,,THS_SERIES,THS-NI-5.3,1,1,unregistered,0.30,,,register_pending,P2_auto,0
A-04046,,,,NI,未识别,无,近3年同月先行指标标准差（万吨）,近3年同月先行指标标准差,unit_variant,万吨,,THS_SERIES,THS-NI-5.3,1,1,unregistered,0.30,,,register_pending,P2_auto,0
A-04047,,,,NI,产量,镍,近3年同月再生镍产量均值（万吨）,近3年同月再生镍产量均值,unit_variant,万吨,,THS_SERIES,THS-NI-3.2.3,1,1,unregistered,0.30,,,register_pending,P2_auto,0
A-04048,,,,NI,产量,镍,近3年同月再生镍产量标准差（万吨）,近3年同月再生镍产量标准差,unit_variant,万吨,,THS_SERIES,THS-NI-3.2.3,1,1,unregistered,0.30,,,register_pending,P2_auto,0
A-04049,,,,SI,冶炼利润|利润,无,近3年同月冶炼利润均值（元/吨）,近3年同月冶炼利润均值,unit_variant,元/吨,,THS_SERIES,THS-SI-2.5|THS-SN-2.5|THS-SN-3.2.4,1,3,unregistered,0.30,,,register_pending,P2_auto,0
A-04050,,,,SI,冶炼利润|利润,无,近3年同月冶炼利润标准差（元/吨）,近3年同月冶炼利润标准差,unit_variant,元/吨,,THS_SERIES,THS-SI-2.5|THS-SN-2.5|THS-SN-3.2.4,1,3,unregistered,0.30,,,register_pending,P2_auto,0
A-04051,,,,SN,成本,无,近3年同月冶炼成本均值（元/吨）,近3年同月冶炼成本均值,unit_variant,元/吨,,THS_SERIES,THS-SN-7.2,1,1,unregistered,0.30,,,register_pending,P2_auto,0
A-04052,,,,SN,成本,无,近3年同月冶炼成本标准差（元/吨）,近3年同月冶炼成本标准差,unit_variant,元/吨,,THS_SERIES,THS-SN-7.2,1,1,unregistered,0.30,,,register_pending,P2_auto,0
A-04053,,,,ZN,持仓量|持仓,无,近3年同月净持仓量均值（手）,近3年同月净持仓量均值,unit_variant,手,,THS_SERIES,THS-ZN-2.6,1,1,unregistered,0.30,,,register_pending,P2_auto,0
A-04054,,,,ZN,持仓量|持仓,无,近3年同月净持仓量标准差（手）,近3年同月净持仓量标准差,unit_variant,手,,THS_SERIES,THS-ZN-2.6,1,1,unregistered,0.30,,,register_pending,P2_auto,0
A-04055,,,,NI,出口量,无,近3年同月出口量均值（万吨）,近3年同月出口量均值,unit_variant,万吨,,THS_SERIES,THS-SI-6.2|THS-SN-6.3|THS-ZN-6.3,1,7,unregistered,0.30,,,register_pending,P2_auto,0
A-04056,,,,NI,出口量,无,近3年同月出口量标准差（万吨）,近3年同月出口量标准差,unit_variant,万吨,,THS_SERIES,THS-SI-6.2|THS-SN-6.3|THS-ZN-6.3,1,7,unregistered,0.30,,,register_pending,P2_auto,0
A-04057,,,,LI,未识别,无,近3年同月分位均值（%）,近3年同月分位均值,unit_variant,%,,THS_SERIES,THS-LI-2.5,1,1,unregistered,0.30,,,register_pending,P2_auto,0
A-04058,,,,LI,未识别,无,近3年同月分位标准差（%）,近3年同月分位标准差,unit_variant,%,,THS_SERIES,THS-LI-2.5,1,1,unregistered,0.30,,,register_pending,P2_auto,0
A-04059,,,,LI,利润,无,近3年同月利润均值（元/吨）,近3年同月利润均值,unit_variant,元/吨,,THS_SERIES,THS-LI-2.5|THS-ZN-2.5|THS-ZN-3.2.4,1,3,unregistered,0.30,,,register_pending,P2_auto,0
A-04060,,,,LI,利润,无,近3年同月利润标准差（元/吨）,近3年同月利润标准差,unit_variant,元/吨,,THS_SERIES,THS-LI-2.5|THS-ZN-2.5|THS-ZN-3.2.4,1,3,unregistered,0.30,,,register_pending,P2_auto,0
A-04061,,,,SN,持仓量|持仓,无,近3年同月前20总持仓量均值（手）,近3年同月前20总持仓量均值,unit_variant,手,,THS_SERIES,THS-SN-2.6,1,1,unregistered,0.30,,,register_pending,P2_auto,0
A-04062,,,,SN,持仓量|持仓,无,近3年同月前20总持仓量标准差（手）,近3年同月前20总持仓量标准差,unit_variant,手,,THS_SERIES,THS-SN-2.6,1,1,unregistered,0.30,,,register_pending,P2_auto,0
A-04063,,,,SN,加工费TC|加工费|TC,无,近3年同月加工费TC均值（美元/吨）,近3年同月加工费TC均值,unit_variant,美元/吨,,THS_SERIES,THS-SN-3.1.3|THS-SN-3.1.5,1,2,unregistered,0.30,,,register_pending,P2_auto,0
A-04064,,,,SN,加工费TC|加工费|TC,无,近3年同月加工费TC标准差（美元/吨）,近3年同月加工费TC标准差,unit_variant,美元/吨,,THS_SERIES,THS-SN-3.1.3|THS-SN-3.1.5,1,2,unregistered,0.30,,,register_pending,P2_auto,0
A-04065,,,,SN,加工费,无,近3年同月加工费均值（元/吨）,近3年同月加工费均值,unit_variant,元/吨,,THS_SERIES,THS-SN-7.2,1,1,unregistered,0.30,,,register_pending,P2_auto,0
A-04066,,,,SN,加工费,无,近3年同月加工费标准差（元/吨）,近3年同月加工费标准差,unit_variant,元/吨,,THS_SERIES,THS-SN-7.2,1,1,unregistered,0.30,,,register_pending,P2_auto,0
A-04067,,,,LI,升贴水|贴水,无,近3年同月升贴水均值（元/吨）,近3年同月升贴水均值,unit_variant,元/吨,,THS_SERIES,THS-LI-2.2|THS-NI-2.2|THS-SN-2.2,1,4,unregistered,0.30,,,register_pending,P2_auto,0
A-04068,,,,LI,升贴水|贴水,无,近3年同月升贴水标准差（元/吨）,近3年同月升贴水标准差,unit_variant,元/吨,,THS_SERIES,THS-LI-2.2|THS-NI-2.2|THS-SN-2.2,1,4,unregistered,0.30,,,register_pending,P2_auto,0
A-04069,,,,NI,库存,无,近3年同月厂库存均值（万吨）,近3年同月厂库存均值,unit_variant,万吨,,THS_SERIES,THS-NI-4.4,1,1,unregistered,0.30,,,register_pending,P2_auto,0
A-04070,,,,NI,库存,无,近3年同月厂库存标准差（万吨）,近3年同月厂库存标准差,unit_variant,万吨,,THS_SERIES,THS-NI-4.4,1,1,unregistered,0.30,,,register_pending,P2_auto,0
A-04071,,,,NI,未识别,无,近3年同月发运量均值（万吨）,近3年同月发运量均值,unit_variant,万吨,,THS_SERIES,THS-SI-6.4|THS-SN-6.4|THS-ZN-6.4,1,4,unregistered,0.30,,,register_pending,P2_auto,0
A-04072,,,,NI,未识别,无,近3年同月发运量标准差（万吨）,近3年同月发运量标准差,unit_variant,万吨,,THS_SERIES,THS-SI-6.4|THS-SN-6.4|THS-ZN-6.4,1,4,unregistered,0.30,,,register_pending,P2_auto,0
A-04073,,,,LI,未识别,无,近3年同月均值（万吨LCE）,近3年同月均值,unit_variant,%|万吨LCE|元/吨,,THS_SERIES,THS-LI-2.4|THS-LI-3.1.4|THS-LI-3.2.1,3,16,unregistered,0.30,,,register_pending,P2_auto,0
A-04074,,,,LI,持仓,无,近3年同月多空持仓比均值（%）,近3年同月多空持仓比均值,unit_variant,%,,THS_SERIES,THS-LI-2.6|THS-SN-2.6,1,2,unregistered,0.30,,,register_pending,P2_auto,0
A-04075,,,,LI,持仓,无,近3年同月多空持仓比标准差（%）,近3年同月多空持仓比标准差,unit_variant,%,,THS_SERIES,THS-LI-2.6|THS-SN-2.6,1,2,unregistered,0.30,,,register_pending,P2_auto,0
A-04076,,,,SN,库存,无,近3年同月库存均值（万吨）,近3年同月库存均值,unit_variant,万吨|吨|手,,THS_SERIES,THS-SN-2.3|THS-SN-4.1|THS-SN-4.5,3,4,unregistered,0.30,,,register_pending,P2_auto,0
A-04077,,,,SN,库存,无,近3年同月库存标准差（万吨）,近3年同月库存标准差,unit_variant,万吨|吨|手,,THS_SERIES,THS-SN-2.3|THS-SN-4.1|THS-SN-4.5,3,4,unregistered,0.30,,,register_pending,P2_auto,0
A-04078,,,,SI,库存量|库存,无,近3年同月库存量均值（万吨）,近3年同月库存量均值,unit_variant,万吨,,THS_SERIES,THS-SI-4.4,1,1,unregistered,0.30,,,register_pending,P2_auto,0
A-04079,,,,SI,库存量|库存,无,近3年同月库存量标准差（万吨）,近3年同月库存量标准差,unit_variant,万吨,,THS_SERIES,THS-SI-4.4,1,1,unregistered,0.30,,,register_pending,P2_auto,0
A-04080,,,,NI,开工率|开工,无,近3年同月开工率均值（%）,近3年同月开工率均值,unit_variant,%,,THS_SERIES,THS-SN-3.2.2|THS-SN-3.2.3|THS-SN-5.1,1,8,unregistered,0.30,,,register_pending,P2_auto,0
A-04081,,,,NI,开工率|开工,无,近3年同月开工率标准差（%）,近3年同月开工率标准差,unit_variant,%,,THS_SERIES,THS-SN-3.2.2|THS-SN-3.2.3|THS-SN-5.1,1,8,unregistered,0.30,,,register_pending,P2_auto,0
A-04082,,,,LI,持仓,无,近3年同月总持仓均值（手）,近3年同月总持仓均值,unit_variant,手,,THS_SERIES,THS-LI-2.6,1,1,unregistered,0.30,,,register_pending,P2_auto,0
A-04083,,,,LI,持仓,无,近3年同月总持仓标准差（手）,近3年同月总持仓标准差,unit_variant,手,,THS_SERIES,THS-LI-2.6,1,1,unregistered,0.30,,,register_pending,P2_auto,0
A-04084,,,,SN,进口量,无,近3年同月总进口量均值（万吨）,近3年同月总进口量均值,unit_variant,万吨,,THS_SERIES,THS-SN-3.1.4,1,1,unregistered,0.30,,,register_pending,P2_auto,0
A-04085,,,,SN,进口量,无,近3年同月总进口量标准差（万吨）,近3年同月总进口量标准差,unit_variant,万吨,,THS_SERIES,THS-SN-3.1.4,1,1,unregistered,0.30,,,register_pending,P2_auto,0
A-04086,,,,NI,成本,无,近3年同月成本均值（元/吨）,近3年同月成本均值,unit_variant,元/吨,,THS_SERIES,THS-NI-7.3,1,1,unregistered,0.30,,,register_pending,P2_auto,0
A-04087,,,,NI,成本,无,近3年同月成本标准差（元/吨）,近3年同月成本标准差,unit_variant,元/吨,,THS_SERIES,THS-NI-7.3,1,1,unregistered,0.30,,,register_pending,P2_auto,0
A-04088,,,,NI,持仓,无,近3年同月持仓总量均值（手）,近3年同月持仓总量均值,unit_variant,手,,THS_SERIES,THS-NI-2.6,1,1,unregistered,0.30,,,register_pending,P2_auto,0
A-04089,,,,NI,持仓,无,近3年同月持仓总量标准差（手）,近3年同月持仓总量标准差,unit_variant,手,,THS_SERIES,THS-NI-2.6,1,1,unregistered,0.30,,,register_pending,P2_auto,0
A-04090,,,,LI,持仓量|持仓,无,近3年同月持仓量均值（手）,近3年同月持仓量均值,unit_variant,手,,THS_SERIES,THS-LI-2.1|THS-SN-2.1,1,2,unregistered,0.30,,,register_pending,P2_auto,0
A-04091,,,,LI,持仓量|持仓,无,近3年同月持仓量标准差（手）,近3年同月持仓量标准差,unit_variant,手,,THS_SERIES,THS-LI-2.1|THS-SN-2.1,1,2,unregistered,0.30,,,register_pending,P2_auto,0
A-04092,,,,SI,未识别,无,近3年同月排产计划量均值（万吨）,近3年同月排产计划量均值,unit_variant,万吨,,THS_SERIES,THS-SI-5.3,1,1,unregistered,0.30,,,register_pending,P2_auto,0
A-04093,,,,SI,未识别,无,近3年同月排产计划量标准差（万吨）,近3年同月排产计划量标准差,unit_variant,万吨,,THS_SERIES,THS-SI-5.3,1,1,unregistered,0.30,,,register_pending,P2_auto,0
A-04094,,,,LI,未识别,无,近3年同月收盘价均值（元/吨）,近3年同月收盘价均值,unit_variant,元/吨|美元/吨,,THS_SERIES,THS-LI-2.1|THS-SN-2.1|THS-ZN-2.3,2,5,unregistered,0.30,,,register_pending,P2_auto,0
A-04095,,,,LI,未识别,无,近3年同月收盘价标准差（元/吨）,近3年同月收盘价标准差,unit_variant,元/吨|美元/吨,,THS_SERIES,THS-LI-2.1|THS-SN-2.1|THS-ZN-2.3,2,5,unregistered,0.30,,,register_pending,P2_auto,0
A-04096,,,,NI,月差,无,近3年同月月差均值（元/吨）,近3年同月月差均值,unit_variant,元/吨|美元/吨,,THS_SERIES,THS-NI-2.4|THS-SN-2.4|THS-ZN-2.4,2,4,unregistered,0.30,,,register_pending,P2_auto,0
A-04097,,,,NI,月差,无,近3年同月月差标准差（元/吨）,近3年同月月差标准差,unit_variant,元/吨|美元/吨,,THS_SERIES,THS-NI-2.4|THS-SN-2.4|THS-ZN-2.4,2,4,unregistered,0.30,,,register_pending,P2_auto,0
A-04098,,,,LI,未识别,无,近3年同月标准差（万吨LCE）,近3年同月标准差,unit_variant,%|万吨LCE|元/吨,,THS_SERIES,THS-LI-2.4|THS-LI-3.1.4|THS-LI-3.2.1,3,16,unregistered,0.30,,,register_pending,P2_auto,0
A-04099,,,,SI,未识别,无,近3年同月检修量均值（万吨）,近3年同月检修量均值,unit_variant,万吨,,THS_SERIES,THS-SI-3.2.2|THS-SN-3.2.2|THS-ZN-3.2.2,1,3,unregistered,0.30,,,register_pending,P2_auto,0
A-04100,,,,SI,未识别,无,近3年同月检修量标准差（万吨）,近3年同月检修量标准差,unit_variant,万吨,,THS_SERIES,THS-SI-3.2.2|THS-SN-3.2.2|THS-ZN-3.2.2,1,3,unregistered,0.30,,,register_pending,P2_auto,0
A-04101,,,,LI,未识别,无,近3年同月沪伦比均值（元/吨）,近3年同月沪伦比均值,unit_variant,元/吨,,THS_SERIES,THS-LI-2.3,1,1,unregistered,0.30,,,register_pending,P2_auto,0
A-04102,,,,LI,未识别,无,近3年同月沪伦比标准差（元/吨）,近3年同月沪伦比标准差,unit_variant,元/吨,,THS_SERIES,THS-LI-2.3,1,1,unregistered,0.30,,,register_pending,P2_auto,0
A-04103,,,,NI,价格,镍,近3年同月沪镍价格分位（%）,近3年同月沪镍价格分位,unit_variant,%,,THS_SERIES,THS-NI-2.5,1,1,unregistered,0.30,,,register_pending,P2_auto,0
A-04104,,,,NI,价格,镍,近3年同月沪镍价格均值（元/吨）,近3年同月沪镍价格均值,unit_variant,元/吨,,THS_SERIES,THS-NI-2.5,1,1,unregistered,0.30,,,register_pending,P2_auto,0
A-04105,,,,SI,消费|占比,无,近3年同月消费占比均值（%）,近3年同月消费占比均值,unit_variant,%,,THS_SERIES,THS-SI-5.2,1,1,unregistered,0.30,,,register_pending,P2_auto,0
A-04106,,,,SI,消费|占比,无,近3年同月消费占比标准差（%）,近3年同月消费占比标准差,unit_variant,%,,THS_SERIES,THS-SI-5.2,1,1,unregistered,0.30,,,register_pending,P2_auto,0
A-04107,,,,NI,冶炼利润|利润,电解镍|镍,近3年同月电解镍冶炼利润均值（元/吨）,近3年同月电解镍冶炼利润均值,unit_variant,元/吨,,THS_SERIES,THS-NI-3.2.4,1,1,unregistered,0.30,,,register_pending,P2_auto,0
A-04108,,,,NI,冶炼利润|利润,电解镍|镍,近3年同月电解镍冶炼利润标准差（元/吨）,近3年同月电解镍冶炼利润标准差,unit_variant,元/吨,,THS_SERIES,THS-NI-3.2.4,1,1,unregistered,0.30,,,register_pending,P2_auto,0
A-04109,,,,NI,社会库存|库存,无,近3年同月社会库存均值（万吨）,近3年同月社会库存均值,unit_variant,万吨,,THS_SERIES,THS-NI-4.3,1,1,unregistered,0.30,,,register_pending,P2_auto,0
A-04110,,,,NI,社会库存|库存,无,近3年同月社会库存标准差（万吨）,近3年同月社会库存标准差,unit_variant,万吨,,THS_SERIES,THS-NI-4.3,1,1,unregistered,0.30,,,register_pending,P2_auto,0
A-04111,,,,ZN,产量,无,近3年同月秘鲁产量均值（万吨）,近3年同月秘鲁产量均值,unit_variant,万吨,,THS_SERIES,THS-ZN-3.1.2,1,1,unregistered,0.30,,,register_pending,P2_auto,0
A-04112,,,,ZN,产量,无,近3年同月秘鲁产量标准差（万吨）,近3年同月秘鲁产量标准差,unit_variant,万吨,,THS_SERIES,THS-ZN-3.1.2,1,1,unregistered,0.30,,,register_pending,P2_auto,0
A-04113,,,,ZN,进口量,无,近3年同月秘鲁进口量均值（万吨）,近3年同月秘鲁进口量均值,unit_variant,万吨,,THS_SERIES,THS-ZN-3.1.4,1,1,unregistered,0.30,,,register_pending,P2_auto,0
A-04114,,,,ZN,进口量,无,近3年同月秘鲁进口量标准差（万吨）,近3年同月秘鲁进口量标准差,unit_variant,万吨,,THS_SERIES,THS-ZN-3.1.4,1,1,unregistered,0.30,,,register_pending,P2_auto,0
A-04115,,,,SN,产量,无,近3年同月终端产量均值（万吨）,近3年同月终端产量均值,unit_variant,万吨,,THS_SERIES,THS-SN-5.2,1,1,unregistered,0.30,,,register_pending,P2_auto,0
A-04116,,,,SN,产量,无,近3年同月终端产量标准差（万吨）,近3年同月终端产量标准差,unit_variant,万吨,,THS_SERIES,THS-SN-5.2,1,1,unregistered,0.30,,,register_pending,P2_auto,0
A-04117,,,,NI,消费,无,近3年同月终端消费均值（万吨）,近3年同月终端消费均值,unit_variant,万吨,,THS_SERIES,THS-NI-5.2,1,1,unregistered,0.30,,,register_pending,P2_auto,0
A-04118,,,,NI,消费,无,近3年同月终端消费标准差（万吨）,近3年同月终端消费标准差,unit_variant,万吨,,THS_SERIES,THS-NI-5.2,1,1,unregistered,0.30,,,register_pending,P2_auto,0
A-04119,,,,ZN,成本,无,近3年同月能源成本均值（元/吨）,近3年同月能源成本均值,unit_variant,元/吨,,THS_SERIES,THS-ZN-7.3,1,1,unregistered,0.30,,,register_pending,P2_auto,0
A-04120,,,,ZN,成本,无,近3年同月能源成本标准差（元/吨）,近3年同月能源成本标准差,unit_variant,元/吨,,THS_SERIES,THS-ZN-7.3,1,1,unregistered,0.30,,,register_pending,P2_auto,0
A-04121,,,,ZN,表观消费|消费量|消费,无,近3年同月表观消费量均值（万吨）,近3年同月表观消费量均值,unit_variant,万吨,,THS_SERIES,THS-ZN-5.1|THS-ZN-5.3,1,2,unregistered,0.30,,,register_pending,P2_auto,0
A-04122,,,,ZN,表观消费|消费量|消费,无,近3年同月表观消费量标准差（万吨）,近3年同月表观消费量标准差,unit_variant,万吨,,THS_SERIES,THS-ZN-5.1|THS-ZN-5.3,1,2,unregistered,0.30,,,register_pending,P2_auto,0
A-04123,,,,SN,未识别,无,近3年同月订单量均值（万吨）,近3年同月订单量均值,unit_variant,万吨,,THS_SERIES,THS-SN-5.3,1,1,unregistered,0.30,,,register_pending,P2_auto,0
A-04124,,,,SN,未识别,无,近3年同月订单量标准差（万吨）,近3年同月订单量标准差,unit_variant,万吨,,THS_SERIES,THS-SN-5.3,1,1,unregistered,0.30,,,register_pending,P2_auto,0
A-04125,,,,NI,未识别,无,近3年同月进口总量均值（万吨）,近3年同月进口总量均值,unit_variant,万吨,,THS_SERIES,THS-NI-3.1.4,1,1,unregistered,0.30,,,register_pending,P2_auto,0
A-04126,,,,NI,未识别,无,近3年同月进口总量标准差（万吨）,近3年同月进口总量标准差,unit_variant,万吨,,THS_SERIES,THS-NI-3.1.4,1,1,unregistered,0.30,,,register_pending,P2_auto,0
A-04127,,,,NI,进口量,无,近3年同月进口量均值（万吨）,近3年同月进口量均值,unit_variant,万吨,,THS_SERIES,THS-SN-3.2.3|THS-ZN-3.1.4|THS-ZN-6.1,1,10,unregistered,0.30,,,register_pending,P2_auto,0
A-04128,,,,NI,进口量,无,近3年同月进口量标准差（万吨）,近3年同月进口量标准差,unit_variant,万吨,,THS_SERIES,THS-SN-3.2.3|THS-ZN-3.1.4|THS-ZN-6.1,1,10,unregistered,0.30,,,register_pending,P2_auto,0
A-04129,,,,NI,产量,镍矿|镍,近3年同月镍矿产量均值（万吨）,近3年同月镍矿产量均值,unit_variant,万吨,,THS_SERIES,THS-NI-3.1.3,1,1,unregistered,0.30,,,register_pending,P2_auto,0
A-04130,,,,NI,产量,镍矿|镍,近3年同月镍矿产量标准差（万吨）,近3年同月镍矿产量标准差,unit_variant,万吨,,THS_SERIES,THS-NI-3.1.3,1,1,unregistered,0.30,,,register_pending,P2_auto,0
A-04131,,,,NI,产量,镍,近3年同月镍精炼产量均值（万吨）,近3年同月镍精炼产量均值,unit_variant,万吨,,THS_SERIES,THS-NI-3.2.1,1,1,unregistered,0.30,,,register_pending,P2_auto,0
A-04132,,,,NI,产量,镍,近3年同月镍精炼产量标准差（万吨）,近3年同月镍精炼产量标准差,unit_variant,万吨,,THS_SERIES,THS-NI-3.2.1,1,1,unregistered,0.30,,,register_pending,P2_auto,0
A-04133,,,,NI,库存,无,近3年同月隐性库存均值（万吨）,近3年同月隐性库存均值,unit_variant,万吨,,THS_SERIES,THS-NI-4.5,1,1,unregistered,0.30,,,register_pending,P2_auto,0
A-04134,,,,NI,库存,无,近3年同月隐性库存标准差（万吨）,近3年同月隐性库存标准差,unit_variant,万吨,,THS_SERIES,THS-NI-4.5,1,1,unregistered,0.30,,,register_pending,P2_auto,0
A-04135,,,,ZN,TC,无,近3年同期TC分位（%）,近3年同期TC分位,unit_variant,%,,THS_SERIES,THS-ZN-3.1.5,1,1,unregistered,0.30,,,register_pending,P2_auto,0
A-04136,,,,ZN,利润,无,近3年同期利润均值（元/吨）,近3年同期利润均值,unit_variant,元/吨,,THS_SERIES,THS-ZN-2.5|THS-ZN-3.2.4,1,2,unregistered,0.30,,,register_pending,P2_auto,0
A-04137,,,,ZN,未识别,无,近3年同期斜率分位（%）,近3年同期斜率分位,unit_variant,%,,THS_SERIES,THS-ZN-2.4,1,1,unregistered,0.30,,,register_pending,P2_auto,0
A-04139,,,,SN,进出口,无,进出口金额（亿元）,进出口金额,unit_variant,亿元,,THS_SERIES,THS-SN-6.2|THS-SN-6.3|THS-SN-6.4,1,3,unregistered,0.30,,,register_pending,P2_auto,0
A-04140,,,,NI,未识别,无,进口依赖度（%）,进口依赖度,unit_variant,%,,THS_SERIES,THS-NI-3.1.3|THS-NI-3.1.4,1,2,unregistered,0.30,,,register_pending,P2_auto,0
A-04141,,,,NI,未识别,无,进口在途量（万吨）,进口在途量,unit_variant,万吨,,THS_SERIES,THS-NI-4.5,1,1,unregistered,0.30,,,register_pending,P2_auto,0
A-04142,,,,LI,盈亏,无,进口盈亏（元/吨）,进口盈亏,unit_variant,元/吨,,THS_SERIES,THS-LI-2.3|THS-SN-2.3,1,2,unregistered,0.30,,,register_pending,P2_auto,0
A-04143,,,,NI,未识别,无,进口费用（元/吨）,进口费用,unit_variant,元/吨,,THS_SERIES,THS-NI-2.2|THS-NI-2.3,1,2,unregistered,0.30,,,register_pending,P2_auto,0
A-04147,,,,LI,未识别,无,远月合约收盘价（元/吨）,远月合约收盘价,unit_variant,元/吨,,THS_SERIES,THS-LI-2.4,1,1,unregistered,0.30,,,register_pending,P2_auto,0
A-04150,,,,SI,开工率|开工,金属硅|硅,金属硅下游开工率（%）,金属硅下游开工率,unit_variant,%,,THS_SERIES,THS-SI-5.1,1,1,unregistered,0.30,,,register_pending,P2_auto,0
A-04151,,,,SI,消费|占比,金属硅|硅,金属硅下游消费占比（%）,金属硅下游消费占比,unit_variant,%,,THS_SERIES,THS-SI-5.2,1,1,unregistered,0.30,,,register_pending,P2_auto,0
A-04152,,,,SI,产量,金属硅|硅,金属硅下游终端产量（万吨）,金属硅下游终端产量,unit_variant,万吨,,THS_SERIES,THS-SI-5.2,1,1,unregistered,0.30,,,register_pending,P2_auto,0
A-04153,,,,SI,产能,金属硅|硅,金属硅再生月产能（万吨）,金属硅再生月产能,unit_variant,万吨,,THS_SERIES,THS-SI-3.2.3,1,1,unregistered,0.30,,,register_pending,P2_auto,0
A-04154,,,,SI,产量,金属硅|硅,金属硅再生月产量（万吨）,金属硅再生月产量,unit_variant,万吨,,THS_SERIES,THS-SI-3.2.3,1,1,unregistered,0.30,,,register_pending,P2_auto,0
A-04155,,,,SI,冶炼利润|利润,金属硅|硅,金属硅冶炼利润（元/吨）,金属硅冶炼利润,unit_variant,元/吨,,THS_SERIES,THS-SI-7.2,1,1,unregistered,0.30,,,register_pending,P2_auto,0
A-04156,,,,SI,成本,金属硅|硅,金属硅冶炼成本（元/吨）,金属硅冶炼成本,unit_variant,元/吨,,THS_SERIES,THS-SI-7.1,1,1,unregistered,0.30,,,register_pending,P2_auto,0
A-04157,,,,SI,净出口量|出口量,金属硅|硅,金属硅净出口量（万吨）,金属硅净出口量,unit_variant,万吨,,THS_SERIES,THS-SI-6.2,1,1,unregistered,0.30,,,register_pending,P2_auto,0
A-04158,,,,SI,净进口量|进口量,金属硅|硅,金属硅净进口量（万吨）,金属硅净进口量,unit_variant,万吨,,THS_SERIES,THS-SI-6.1,1,1,unregistered,0.30,,,register_pending,P2_auto,0
A-04159,,,,SI,出口量,金属硅|硅,金属硅出口量（万吨）,金属硅出口量,unit_variant,万吨,,THS_SERIES,THS-SI-6.2,1,1,unregistered,0.30,,,register_pending,P2_auto,0
A-04160,,,,SI,净出口量|出口量,金属硅|硅,金属硅制品净出口量（万吨）,金属硅制品净出口量,unit_variant,万吨,,THS_SERIES,THS-SI-6.3,1,1,unregistered,0.30,,,register_pending,P2_auto,0
A-04161,,,,SI,出口量,金属硅|硅,金属硅制品出口量（万吨）,金属硅制品出口量,unit_variant,万吨,,THS_SERIES,THS-SI-6.3,1,1,unregistered,0.30,,,register_pending,P2_auto,0
A-04162,,,,SI,社会库存|库存,金属硅|硅,金属硅周度社会库存-合计,金属硅周度社会库存-合计,full_name,,,PDF_TEMPLATE,TPL-SI-015,1,1,unregistered,0.30,,,register_pending,P2_auto,0
A-04164,,,,SI,工厂库存|库存,金属硅|硅,金属硅工厂库存总量（万吨）,金属硅工厂库存总量,unit_variant,万吨,,THS_SERIES,THS-SI-4.4,1,1,unregistered,0.30,,,register_pending,P2_auto,0
A-04165,,,,SI,未识别,金属硅|硅,金属硅期货主力合约收盘价（元/吨）,金属硅期货主力合约收盘价,unit_variant,元/吨,,THS_SERIES,THS-SI-7.1|THS-SI-7.2,1,2,unregistered,0.30,,,register_pending,P2_auto,0
A-04166,,,,SI,未识别,金属硅|硅,金属硅海外发运量（万吨）,金属硅海外发运量,unit_variant,万吨,,THS_SERIES,THS-SI-6.4,1,1,unregistered,0.30,,,register_pending,P2_auto,0
A-04170,,,,SI,产能,金属硅|硅,金属硅精炼月产能（万吨）,金属硅精炼月产能,unit_variant,万吨,,THS_SERIES,THS-SI-3.2.1,1,1,unregistered,0.30,,,register_pending,P2_auto,0
A-04171,,,,SI,产量,金属硅|硅,金属硅精炼月产量（万吨）,金属硅精炼月产量,unit_variant,万吨,,THS_SERIES,THS-SI-3.2.1,1,1,unregistered,0.30,,,register_pending,P2_auto,0
A-04172,,,,SI,开工率|开工,金属硅|硅,金属硅精炼月开工率（%）,金属硅精炼月开工率,unit_variant,%,,THS_SERIES,THS-SI-3.2.2,1,1,unregistered,0.30,,,register_pending,P2_auto,0
A-04173,,,,SI,未识别,金属硅|硅,金属硅精炼月检修量（万吨）,金属硅精炼月检修量,unit_variant,万吨,,THS_SERIES,THS-SI-3.2.2,1,1,unregistered,0.30,,,register_pending,P2_auto,0
A-04174,,,,SI,表观消费|消费量|消费,金属硅|硅,金属硅表观消费量（万吨）,金属硅表观消费量,unit_variant,万吨,,THS_SERIES,THS-SI-5.1,1,1,unregistered,0.30,,,register_pending,P2_auto,0
A-04175,,,,SI,进口量,金属硅|硅,金属硅进口量（万吨）,金属硅进口量,unit_variant,万吨,,THS_SERIES,THS-SI-6.1|THS-SI-6.4,1,2,unregistered,0.30,,,register_pending,P2_auto,0
A-04183,,,,PB,厂内库存|库存,铅锭|铅,铅锭：厂内库存：济源（周）,铅锭:厂内库存:济源(周,full_name,,,THS_MATCHED,THS-SN-4.3|THS-SN-4.4,1,2,unregistered,0.30,,,register_pending,P2_auto,0
A-04213,,,,CU,库存,铜,铜线缆企业原料库存、漆包线企业原料库存,"铜线缆企业原料库存,漆包线企业原料库存",full_name,,,THS_SERIES,THS-CU-4.5,1,1,unregistered,0.30,,,register_pending,P2_auto,0
A-04215,,,,AL,未识别,铝,铝价指数,铝价指数,full_name,,,THS_SERIES,THS-AL-3.1,1,1,unregistered,0.30,,,register_pending,P2_auto,0
A-04217,,,,AL,未识别,铝,铝制品出口-北美,铝制品出口-北美,full_name,,,PDF_TEMPLATE,TPL-AL-038,1,1,unregistered,0.30,,,register_pending,P2_auto,0
A-04218,,,,AL,出口量,铝,铝制结构件/容器/车轮/绞线出口量,铝制结构件/容器/车轮/绞线出口量,full_name,,,THS_SERIES,THS-AL-6.3,1,1,unregistered,0.30,,,register_pending,P2_auto,0
A-04233,,,,AL|AO,产量,铝土矿|铝土|铝,铝土矿产量-全国总计-SMM,铝土矿产量-全国总计-SMM,mixed_script,,,PDF_TEMPLATE,TPL-AO-047|TPL-AO-063,1,2,unregistered,0.30,,,register_pending,P2_auto,0
A-04236,,,,AL|AO,产量,铝土矿|铝土|铝,铝土矿产量-山西省-百川,铝土矿产量-山西省-百川,full_name,,,PDF_TEMPLATE,TPL-AO-055,1,1,unregistered,0.30,,,register_pending,P2_auto,0
A-04237,,,,AL|AO,产量,铝土矿|铝土|铝,铝土矿产量-广西-SMM,铝土矿产量-广西-SMM,mixed_script,,,PDF_TEMPLATE,TPL-AO-049,1,1,unregistered,0.30,,,register_pending,P2_auto,0
A-04240,,,,AL|AO,产量,铝土矿|铝土|铝,铝土矿产量-河南省-百川,铝土矿产量-河南省-百川,full_name,,,PDF_TEMPLATE,TPL-AO-056,1,1,unregistered,0.30,,,register_pending,P2_auto,0
A-04241,,,,AL|AO,产量,铝土矿|铝土|铝,铝土矿产量-贵州-SMM,铝土矿产量-贵州-SMM,mixed_script,,,PDF_TEMPLATE,TPL-AO-008|TPL-AO-051,1,2,unregistered,0.30,,,register_pending,P2_auto,0
A-04248,,,,AL|AO,库存,铝土矿|铝土|铝,铝土矿库存-总计-SMM,铝土矿库存-总计-SMM,mixed_script,,,PDF_TEMPLATE,TPL-AO-053,1,1,unregistered,0.30,,,register_pending,P2_auto,0
A-04250,,,,AL|AO,库存,铝土矿|铝土|铝,铝土矿库存：总计-SMM,铝土矿库存:总计-SMM,mixed_script,,,PDF_TEMPLATE,TPL-AO-041,1,1,unregistered,0.30,,,register_pending,P2_auto,0
A-04257,,,,AL|AO,未识别,铝土矿|铝土|铝,铝土矿进口-塞拉利昂,铝土矿进口-塞拉利昂,full_name,,,PDF_TEMPLATE,TPL-AO-061,1,1,unregistered,0.30,,,register_pending,P2_auto,0
A-04262,,,,AL,开工率|开工,铝杆|铝,铝杆开工率,铝杆开工率,full_name,,,PDF_TEMPLATE,TPL-AL-027,1,1,unregistered,0.30,,,register_pending,P2_auto,0
A-04263,,,,AL,未识别,铝材|铝,铝材出口-东南亚,铝材出口-东南亚,full_name,,,PDF_TEMPLATE,TPL-AL-035,1,1,unregistered,0.30,,,register_pending,P2_auto,0
A-04264,,,,AL,未识别,铝材|铝,铝材出口-中东,铝材出口-中东,full_name,,,PDF_TEMPLATE,TPL-AL-037,1,1,unregistered,0.30,,,register_pending,P2_auto,0
A-04268,,,,AL,进口量,铝材|铝,铝材进口量,铝材进口量,full_name,,,PDF_TEMPLATE,TPL-AL-020,1,1,unregistered,0.30,,,register_pending,P2_auto,0
A-04269,,,,AL,出口量,铝板|铝,铝板带/铝箔/铝挤压材出口量,铝板带/铝箔/铝挤压材出口量,full_name,,,THS_SERIES,THS-AL-6.3,1,1,unregistered,0.30,,,register_pending,P2_auto,0
A-04271,,,,AL,库存天数|库存,铝板|铝,铝板带箔-原料库存天数,铝板带箔-原料库存天数,full_name,,,PDF_TEMPLATE,TPL-AL-016,1,1,unregistered,0.30,,,register_pending,P2_auto,0
A-04277,,,,AL,出库量|出库,铝棒|铝,铝棒：出库量：中国,铝棒:出库量:中国,full_name,,,PDF_TEMPLATE,TPL-AL-031,1,1,unregistered,0.30,,,register_pending,P2_auto,0
A-04281,,,,AL,加工费,铝棒|铝,铝棒加工费,铝棒加工费,full_name,,,THS_SERIES,THS-AL-4.3,1,1,unregistered,0.30,,,register_pending,P2_auto,0
A-04282,,,,AL,社会库存|库存,铝棒|铝,铝棒社会库存,铝棒社会库存,full_name,,,THS_SERIES,THS-AL-4.2|THS-AL-4.3,1,2,unregistered,0.30,,,register_pending,P2_auto,0
A-04283,,,,AL,升贴水|贴水,铝,铝现货升贴水,铝现货升贴水,full_name,,,PDF_TEMPLATE,TPL-AL-009,1,1,unregistered,0.30,,,register_pending,P2_auto,0
A-04285,,,,AL,社会库存|库存,铝锭|铝,铝锭社会库存,铝锭社会库存,full_name,,,THS_SERIES,THS-AL-4.3,1,1,unregistered,0.30,,,register_pending,P2_auto,0
A-04288,,,,LI,产量,锂,锂：金属盐回收产量：中国（月）,锂:金属盐回收产量:中国(月,full_name,,,THS_MATCHED,THS-LI-3.2.1|THS-LI-3.2.2,1,2,unregistered,0.30,,,register_pending,P2_auto,0
A-04289,,,,LI,利润,锂云母|锂辉石|锂,锂云母/锂辉石利润（元/吨）,锂云母/锂辉石利润,unit_variant,元/吨,,THS_SERIES,THS-LI-2.5,1,1,unregistered,0.30,,,register_pending,P2_auto,0
A-04290,,,,LI,TC,锂云母|锂,锂云母TC（元/吨）,锂云母TC,unit_variant,元/吨,,THS_SERIES,THS-LI-3.1.5,1,1,unregistered,0.30,,,register_pending,P2_auto,0
A-04293,,,,LI,冶炼利润|利润,锂云母|锂,锂云母冶炼利润（元/吨）,锂云母冶炼利润,unit_variant,元/吨,,THS_SERIES,THS-LI-3.2.4,1,1,unregistered,0.30,,,register_pending,P2_auto,0
A-04294,,,,LI,产量,锂云母|锂,锂云母精炼产量（万吨LCE）,锂云母精炼产量,unit_variant,万吨LCE,,THS_SERIES,THS-LI-3.2.1,1,1,unregistered,0.30,,,register_pending,P2_auto,0
A-04295,,,,LI,开工率|开工,锂云母|锂,锂云母精炼开工率（%）,锂云母精炼开工率,unit_variant,%,,THS_SERIES,THS-LI-3.2.2,1,1,unregistered,0.30,,,register_pending,P2_auto,0
A-04296,,,,LI,进口量,锂云母|锂,锂云母进口量（万吨LCE）,锂云母进口量,unit_variant,万吨LCE,,THS_SERIES,THS-LI-3.1.4,1,1,unregistered,0.30,,,register_pending,P2_auto,0
A-04302,,,,LI,TC,锂,锂矿TC（元/吨）,锂矿TC,unit_variant,元/吨,,THS_SERIES,THS-LI-3.1.5|THS-LI-3.2.4,1,2,unregistered,0.30,,,register_pending,P2_auto,0
A-04307,,,,LI,仓单,锂,锂矿进口仓单量（万吨LCE）,锂矿进口仓单量,unit_variant,万吨LCE,,THS_SERIES,THS-LI-3.1.4,1,1,unregistered,0.30,,,register_pending,P2_auto,0
A-04309,,,,LI,未识别,锂,锂矿进口总量（万吨LCE）,锂矿进口总量,unit_variant,万吨LCE,,THS_SERIES,THS-LI-3.1.4,1,1,unregistered,0.30,,,register_pending,P2_auto,0
A-04310,,,,LI,盈亏,锂,锂矿进口盈亏（元/吨）,锂矿进口盈亏,unit_variant,元/吨,,THS_SERIES,THS-LI-3.1.4|THS-LI-3.1.5,1,2,unregistered,0.30,,,register_pending,P2_auto,0
A-04311,,,,LI,进口量,锂,锂矿进口量（万吨LCE）,锂矿进口量,unit_variant,万吨LCE,,THS_SERIES,THS-LI-3.1.4,1,1,unregistered,0.30,,,register_pending,P2_auto,0
A-04322,,,,LI,TC,锂辉石|锂,锂辉石TC（元/吨）,锂辉石TC,unit_variant,元/吨,,THS_SERIES,THS-LI-3.1.5,1,1,unregistered,0.30,,,register_pending,P2_auto,0
A-04323,,,,LI,产量,锂辉石|锂,锂辉石产量（万吨LCE）,锂辉石产量,unit_variant,万吨LCE,,THS_SERIES,THS-LI-3.1.3,1,1,unregistered,0.30,,,register_pending,P2_auto,0
A-04324,,,,LI,冶炼利润|利润,锂辉石|锂,锂辉石冶炼利润（元/吨）,锂辉石冶炼利润,unit_variant,元/吨,,THS_SERIES,THS-LI-3.2.4,1,1,unregistered,0.30,,,register_pending,P2_auto,0
A-04332,,,,LI,产量,锂辉石|锂,锂辉石精炼产量（万吨LCE）,锂辉石精炼产量,unit_variant,万吨LCE,,THS_SERIES,THS-LI-3.2.1,1,1,unregistered,0.30,,,register_pending,P2_auto,0
A-04337,,,,LI,进口量,锂辉石|锂,锂辉石进口量（万吨LCE）,锂辉石进口量,unit_variant,万吨LCE,,THS_SERIES,THS-LI-3.1.4,1,1,unregistered,0.30,,,register_pending,P2_auto,0
A-04339,,,,ZN,库存,锌,锌：冶炼厂：成品库存：中国（周）,锌:冶炼厂:成品库存:中国(周,full_name,,,THS_MATCHED,THS-ZN-2.5|THS-ZN-2.6,1,2,unregistered,0.30,,,register_pending,P2_auto,0
A-04341,,,,ZN,未识别,锌,锌主力合约收盘价（元/吨）,锌主力合约收盘价,unit_variant,元/吨,,THS_SERIES,THS-ZN-2.1|THS-ZN-2.2|THS-ZN-2.3,1,3,unregistered,0.30,,,register_pending,P2_auto,0
A-04342,,,,ZN,仓单,锌,锌仓单注册量（手）,锌仓单注册量,unit_variant,手,,THS_SERIES,THS-ZN-2.1|THS-ZN-2.2|THS-ZN-2.4,1,3,unregistered,0.30,,,register_pending,P2_auto,0
A-04343,,,,ZN,未识别,锌,锌冶炼估值分位（%）,锌冶炼估值分位,unit_variant,%,,THS_SERIES,THS-ZN-2.5|THS-ZN-2.6,1,2,unregistered,0.30,,,register_pending,P2_auto,0
A-04344,,,,ZN,冶炼利润|利润,锌,锌冶炼利润分位（%）,锌冶炼利润分位,unit_variant,%,,THS_SERIES,THS-ZN-2.5|THS-ZN-3.1.5,1,2,unregistered,0.30,,,register_pending,P2_auto,0
A-04346,,,,ZN,产量,锌,锌合金产量（万吨）,锌合金产量,unit_variant,万吨,,THS_SERIES,THS-ZN-3.2.3,1,1,unregistered,0.30,,,register_pending,P2_auto,0
A-04347,,,,ZN,冶炼利润|利润,锌,锌合金冶炼利润（元/吨）,锌合金冶炼利润,unit_variant,元/吨,,THS_SERIES,THS-ZN-2.5|THS-ZN-3.2.4,1,2,unregistered,0.30,,,register_pending,P2_auto,0
A-04348,,,,ZN,基差,锌,锌基差（元/吨）,锌基差,unit_variant,元/吨,,THS_SERIES,THS-ZN-2.1|THS-ZN-2.2,1,2,unregistered,0.30,,,register_pending,P2_auto,0
A-04349,,,,ZN,月差,锌,锌月差（元/吨）,锌月差,unit_variant,元/吨,,THS_SERIES,THS-ZN-2.4,1,1,unregistered,0.30,,,register_pending,P2_auto,0
A-04350,,,,ZN,未识别,锌,锌期限结构斜率（元/吨/月）,锌期限结构斜率,unit_variant,元/吨/月,,THS_SERIES,THS-ZN-2.4,1,1,unregistered,0.30,,,register_pending,P2_auto,0
A-04351,,,,ZN,未识别,锌,锌次近月合约收盘价（元/吨）,锌次近月合约收盘价,unit_variant,元/吨,,THS_SERIES,THS-ZN-2.4,1,1,unregistered,0.30,,,register_pending,P2_auto,0
A-04352,,,,ZN,升贴水|贴水,锌,锌现货升贴水（元/吨）,锌现货升贴水,unit_variant,元/吨,,THS_SERIES,THS-ZN-2.2,1,1,unregistered,0.30,,,register_pending,P2_auto,0
A-04353,,,,ZN,TC,锌矿|锌,锌矿TC（美元/吨干矿）,锌矿TC,unit_variant,美元/吨干矿,,THS_SERIES,THS-ZN-3.1.4,1,1,unregistered,0.30,,,register_pending,P2_auto,0
A-04359,,,,ZN,盈亏,锌矿|锌,锌矿进口盈亏（元/吨）,锌矿进口盈亏,unit_variant,元/吨,,THS_SERIES,THS-ZN-3.1.4|THS-ZN-3.1.5|THS-ZN-3.2.4,1,3,unregistered,0.30,,,register_pending,P2_auto,0
A-04360,,,,ZN,进口量,锌矿|锌,锌矿进口量（万吨）,锌矿进口量,unit_variant,万吨,,THS_SERIES,THS-ZN-3.1.4,1,1,unregistered,0.30,,,register_pending,P2_auto,0
A-04365,,,,ZN,加工费,锌精矿|锌,锌精矿：50%Zn：加工费：昆明（日）,锌精矿:50%Zn:加工费:昆明(日,mixed_script,,,THS_MATCHED,THS-ZN-3.2.1|THS-ZN-3.2.2|THS-ZN-3.2.4,1,6,unregistered,0.30,,,register_pending,P2_auto,0
A-04384,,,,ZN,TC,锌精矿|锌,锌精矿TC（美元/吨干矿）,锌精矿TC,unit_variant,美元/吨干矿,,THS_SERIES,THS-ZN-3.2.1|THS-ZN-3.2.2|THS-ZN-3.2.4,1,5,unregistered,0.30,,,register_pending,P2_auto,0
A-04385,,,,ZN,加工费,锌精矿|锌,锌精矿加工费（元/吨）,锌精矿加工费,unit_variant,元/吨,,THS_SERIES,THS-ZN-2.5,1,1,unregistered,0.30,,,register_pending,P2_auto,0
A-04386,,,,ZN,成本,锌精矿|锌,锌精矿成本（元/吨）,锌精矿成本,unit_variant,元/吨,,THS_SERIES,THS-ZN-2.5,1,1,unregistered,0.30,,,register_pending,P2_auto,0
A-04387,,,,ZN,未识别,锌,锌近月合约收盘价（元/吨）,锌近月合约收盘价,unit_variant,元/吨,,THS_SERIES,THS-ZN-2.1|THS-ZN-2.2|THS-ZN-2.4,1,3,unregistered,0.30,,,register_pending,P2_auto,0
A-04388,,,,ZN,盈亏,锌,锌进口盈亏（元/吨）,锌进口盈亏,unit_variant,元/吨,,THS_SERIES,THS-ZN-2.1|THS-ZN-2.2|THS-ZN-2.3,1,4,unregistered,0.30,,,register_pending,P2_auto,0
A-04389,,,,ZN,未识别,锌,锌远月合约收盘价（元/吨）,锌远月合约收盘价,unit_variant,元/吨,,THS_SERIES,THS-ZN-2.1|THS-ZN-2.2|THS-ZN-2.4,1,3,unregistered,0.30,,,register_pending,P2_auto,0
A-04395,,,,ZN,库存,锌锭|锌,锌锭：现货库存：中国（日）,锌锭:现货库存:中国(日,full_name,,,THS_MATCHED,THS-ZN-4.3|THS-ZN-4.4|THS-ZN-4.5,1,5,unregistered,0.30,,,register_pending,P2_auto,0
A-04398,,,,ZN,升贴水|贴水,锌锭|锌,锌锭现货升贴水（元/吨）,锌锭现货升贴水,unit_variant,元/吨,,THS_SERIES,THS-ZN-4.3|THS-ZN-4.4|THS-ZN-4.5,1,3,unregistered,0.30,,,register_pending,P2_auto,0
A-04399,,,,NI,未识别,无,锑矿石和精矿：一般进口费用：印度→美国（月）,锑矿石和精矿:一般进口费用:印度→美国(月,full_name,,,THS_MATCHED,THS-NI-2.2|THS-NI-2.3,1,2,unregistered,0.30,,,register_pending,P2_auto,0
A-04404,,,,SN,价格,锡,锡：绝对价格指数：中国（周）,锡:绝对价格指数:中国(周,full_name,,,THS_MATCHED,THS-SN-2.5|THS-SN-7.3,1,2,unregistered,0.30,,,register_pending,P2_auto,0
A-04406,,,,SN,冶炼利润|利润,锡,锡冶炼利润,锡冶炼利润,full_name,,,PDF_TEMPLATE,TPL-SN-017,1,1,unregistered,0.30,,,register_pending,P2_auto,0
A-04408,,,,SN,出口量,锡,锡制品出口量（万吨）,锡制品出口量,unit_variant,万吨,,THS_SERIES,THS-SN-6.3,1,1,unregistered,0.30,,,register_pending,P2_auto,0
A-04409,,,,SN,出口量,锡,锡化工出口量（万吨）,锡化工出口量,unit_variant,万吨,时序图,THS_SERIES,THS-SN-6.3,2,2,unregistered,0.30,,,register_pending,P2_auto,0
A-04410,,,,SN,出口量,锡,锡化工出口量分国别时序图,锡化工出口量分国别,suffix_variant,,时序图,THS_SERIES,THS-SN-6.3,1,1,unregistered,0.30,,,register_pending,P2_auto,0
A-04411,,,,SN,开工率|开工,锡,锡化工开工率（%）,锡化工开工率,unit_variant,%,时序图,THS_SERIES,THS-SN-5.1,2,2,unregistered,0.30,,,register_pending,P2_auto,0
A-04412,,,,SN,产量,锡,锡化工终端产量（万吨）,锡化工终端产量,unit_variant,万吨,时序图,THS_SERIES,THS-SN-5.2,2,2,unregistered,0.30,,,register_pending,P2_auto,0
A-04413,,,,SN,库存,锡,锡化工终端库存时序图,锡化工终端库存,suffix_variant,,时序图,THS_SERIES,THS-SN-5.2,1,1,unregistered,0.30,,,register_pending,P2_auto,0
A-04414,,,,SN,表观消费|消费量|消费,锡,锡化工表观消费量时序图,锡化工表观消费量,suffix_variant,,时序图,THS_SERIES,THS-SN-5.1,1,1,unregistered,0.30,,,register_pending,P2_auto,0
A-04415,,,,SN,未识别,锡,锡化工订单量（万吨）,锡化工订单量,unit_variant,万吨,,THS_SERIES,THS-SN-5.3,1,1,unregistered,0.30,,,register_pending,P2_auto,0
A-04416,,,,SN,同比增速|增速,锡,锡化工订单量同比增速时序图,锡化工订单量同比增速,suffix_variant,,时序图,THS_SERIES,THS-SN-5.3,1,1,unregistered,0.30,,,register_pending,P2_auto,0
A-04418,,,,SN,出口量,焊锡|锡,锡焊料/焊锡与锡化工出口量时序图,锡焊料/焊锡与锡化工出口量,suffix_variant,,时序图,THS_SERIES,THS-SN-6.3,1,1,unregistered,0.30,,,register_pending,P2_auto,0
A-04419,,,,SN,出口量,焊锡|锡,锡焊料/焊锡出口量（万吨）,锡焊料/焊锡出口量,unit_variant,万吨,时序图,THS_SERIES,THS-SN-6.3,2,2,unregistered,0.30,,,register_pending,P2_auto,0
A-04420,,,,SN,出口量,焊锡|锡,锡焊料/焊锡出口量分国别时序图,锡焊料/焊锡出口量分国别,suffix_variant,,时序图,THS_SERIES,THS-SN-6.3,1,1,unregistered,0.30,,,register_pending,P2_auto,0
A-04425,,,,SN,加工费TC|加工费|TC,锡矿|锡,锡矿加工费TC估值分位（%）,锡矿加工费TC估值分位,unit_variant,%,,THS_SERIES,THS-SN-3.1.5,1,1,unregistered,0.30,,,register_pending,P2_auto,0
A-04426,,,,SN,加工费TC|加工费|TC,锡矿|锡,锡矿加工费TC分地区时序图,锡矿加工费TC分地区,suffix_variant,,时序图,THS_SERIES,THS-SN-3.1.5,1,1,unregistered,0.30,,,register_pending,P2_auto,0
A-04427,,,,SN,进口量,锡矿|锡,锡矿总进口量（万吨）,锡矿总进口量,unit_variant,万吨,时序图,THS_SERIES,THS-SN-3.1.4,2,2,unregistered,0.30,,,register_pending,P2_auto,0
A-04438,,,,SN,进口量,再生锡|锡精矿|锡,锡精矿与再生锡进口量时序图,锡精矿与再生锡进口量,suffix_variant,,时序图,THS_SERIES,THS-SN-6.1,1,1,unregistered,0.30,,,register_pending,P2_auto,0
A-04439,,,,SN,价格,锡精矿|锡,锡精矿价格（元/吨）,锡精矿价格,unit_variant,元/吨,时序图,THS_SERIES,THS-SN-2.5|THS-SN-7.3,2,3,unregistered,0.30,,,register_pending,P2_auto,0
A-04440,,,,SN,冶炼利润|利润,锡精矿|锡,锡精矿冶炼利润（元/吨）,锡精矿冶炼利润,unit_variant,元/吨,时序图,THS_SERIES,THS-SN-2.5,2,2,unregistered,0.30,,,register_pending,P2_auto,0
A-04441,,,,SN,加工费,锡精矿|锡,锡精矿加工费时序图,锡精矿加工费,suffix_variant,,时序图,THS_SERIES,THS-SN-2.5,1,1,unregistered,0.30,,,register_pending,P2_auto,0
A-04442,,,,SN,进口量,锡精矿|锡,锡精矿进口量（万吨）,锡精矿进口量,unit_variant,万吨,时序图,THS_SERIES,THS-SN-6.1,2,2,unregistered,0.30,,,register_pending,P2_auto,0
A-04443,,,,SN,进口量,锡精矿|锡,锡精矿进口量分国别时序图,锡精矿进口量分国别,suffix_variant,,时序图,THS_SERIES,THS-SN-6.1,1,1,unregistered,0.30,,,register_pending,P2_auto,0
A-04444,,,,SN,表观消费|消费量|消费,锡,锡表观消费量（万吨）,锡表观消费量,unit_variant,万吨,,RISK_DB_SRC|THS_SERIES,RISK-031|THS-SN-5.1,1,2,unregistered,0.30,,,register_pending,P2_auto,0
A-04448,,,,SN,未识别,锡锭|锡,锡锭：沪伦比值（日）,锡锭:沪伦比值(日,full_name,,,THS_MATCHED,THS-SN-2.2|THS-SN-2.3|THS-SN-4.2,1,5,unregistered,0.30,,,register_pending,P2_auto,0
A-04450,,,,SN,仓单,锡锭|锡,锡锭仓单注册量（吨）,锡锭仓单注册量,unit_variant,吨,,THS_SERIES,THS-SN-2.2,1,1,unregistered,0.30,,,register_pending,P2_auto,0
A-04451,,,,SN,冶炼利润|利润,锡锭|锡,锡锭冶炼利润时序图,锡锭冶炼利润,unit_variant,元/吨,时序图,THS_SERIES,THS-SN-2.5|THS-SN-3.2.4|THS-SN-7.2,2,5,unregistered,0.30,,,register_pending,P2_auto,0
A-04452,,,,SN,净进口量|进口量,锡锭|锡,锡锭净进口量（万吨）,锡锭净进口量,unit_variant,万吨,,THS_SERIES,THS-SN-6.1,1,1,unregistered,0.30,,,register_pending,P2_auto,0
A-04453,,,,SN,基差,锡锭|锡,锡锭基差（元/吨）,锡锭基差,unit_variant,元/吨,时序图,THS_SERIES,THS-SN-2.2,2,2,unregistered,0.30,,,register_pending,P2_auto,0
A-04454,,,,SN,月差,锡锭|锡,锡锭月差（元/吨）,锡锭月差,unit_variant,元/吨,,THS_SERIES,THS-SN-2.2,1,1,unregistered,0.30,,,register_pending,P2_auto,0
A-04455,,,,SN,现货价格|价格,锡锭|锡,锡锭现货价格（元/吨）,锡锭现货价格,unit_variant,元/吨,时序图,THS_SERIES,THS-SN-2.2|THS-SN-2.5,2,3,unregistered,0.30,,,register_pending,P2_auto,0
A-04456,,,,SN,升贴水|贴水,锡锭|锡,锡锭现货升贴水（元/吨）,锡锭现货升贴水,unit_variant,元/吨,时序图,THS_SERIES,THS-SN-2.2,2,2,unregistered,0.30,,,register_pending,P2_auto,0
A-04457,,,,SN,升贴水|贴水,锡锭|锡,锡锭现货升贴水分地区（元/吨）,锡锭现货升贴水分地区,unit_variant,元/吨,,THS_SERIES,THS-SN-2.2,1,1,unregistered,0.30,,,register_pending,P2_auto,0
A-04459,,,,SN,盈亏,锡锭|锡,锡锭进口盈亏（元/吨）,锡锭进口盈亏,unit_variant,元/吨,时序图,THS_SERIES,THS-SN-2.2,2,2,unregistered,0.30,,,register_pending,P2_auto,0
A-04460,,,,SN,进口量,锡锭|锡,锡锭进口量（万吨）,锡锭进口量,unit_variant,万吨,,THS_SERIES,THS-SN-6.1,1,1,unregistered,0.30,,,register_pending,P2_auto,0
A-04462,,,,LI,产量,锰酸锂|锂,锰酸锂 月度产量,锰酸锂月度产量,full_name,,,PDF_TEMPLATE,TPL-LC-066,1,1,unregistered,0.30,,,register_pending,P2_auto,0
A-04470,,,,NI,未识别,镍,镍：3个月合约：收盘价（日）,镍:3个月合约:收盘价(日,full_name,,,THS_MATCHED,THS-AL-4.1,1,1,unregistered,0.30,,,register_pending,P2_auto,0
A-04471,,,,NI,产量,镍,镍：产量：必和必拓Nickel West矿区（季）,镍:产量:必和必拓NickelWest矿区(季,mixed_script,,,THS_MATCHED,THS-NI-3.1|THS-NI-3.2,1,6,unregistered,0.30,,,register_pending,P2_auto,0
A-04472,,,,NI,库存,镍,镍：期末库存：全球（年）,镍:期末库存:全球(年,full_name,,,THS_MATCHED,THS-NI-4.4,1,2,unregistered,0.30,,,register_pending,P2_auto,0
A-04473,,,,NI,产量,镍,镍：矿山产量：澳大利亚（季）,镍:矿山产量:澳大利亚(季,full_name,,,THS_MATCHED,THS-NI-3.1|THS-NI-3.1.2,1,2,unregistered,0.30,,,register_pending,P2_auto,0
A-04474,,,,NI,未识别,镍,镍：进口数量：新喀里多尼亚→中国（月）,镍:进口数量:新喀里多尼亚→中国(月,full_name,,,THS_MATCHED,THS-NI-3.1.1|THS-NI-3.1.4,1,2,unregistered,0.30,,,register_pending,P2_auto,0
A-04475,,,,NI,未识别,镍,镍：进口数量：菲律宾→中国（月）,镍:进口数量:菲律宾→中国(月,full_name,,,THS_MATCHED,THS-NI-3.1.1|THS-NI-3.1.4,1,2,unregistered,0.30,,,register_pending,P2_auto,0
A-04476,,,,NI,未识别,镍,镍：进口金额：国别（地区）不详→中国（月）,镍:进口金额:国别(地区)不详→中国(月,full_name,,,THS_MATCHED,THS-NI-4.5,1,1,unregistered,0.30,,,register_pending,P2_auto,0
A-04477,,,,NI,未识别,镍,镍价（元/吨）,镍价,unit_variant,元/吨,,THS_SERIES,THS-NI-7.1|THS-NI-7.2,1,2,unregistered,0.30,,,register_pending,P2_auto,0
A-04478,,,,NI,显性库存|库存,镍,镍全球显性库存,镍全球显性库存,full_name,,,PDF_TEMPLATE,TPL-NI-012,1,1,unregistered,0.30,,,register_pending,P2_auto,0
A-04479,,,,NI,成本,镍,镍冶炼成本（元/吨）,镍冶炼成本,unit_variant,元/吨,,THS_SERIES,THS-NI-7.1,1,1,unregistered,0.30,,,register_pending,P2_auto,0
A-04480,,,,NI,成本,镍,镍冶炼成本分位（%）,镍冶炼成本分位,unit_variant,%,,THS_SERIES,THS-NI-7.1,1,1,unregistered,0.30,,,register_pending,P2_auto,0
A-04481,,,,NI,成本,镍,镍冶炼成本总量（元/吨）,镍冶炼成本总量,unit_variant,元/吨,,THS_SERIES,THS-NI-7.1,1,1,unregistered,0.30,,,register_pending,P2_auto,0
A-04482,,,,NI,利润,镍,镍冶炼日度利润（元/吨）,镍冶炼日度利润,unit_variant,元/吨,,THS_SERIES,THS-NI-7.2,1,1,unregistered,0.30,,,register_pending,P2_auto,0
A-04483,,,,NI,利润,镍,镍冶炼日度利润分位（%）,镍冶炼日度利润分位,unit_variant,%,,THS_SERIES,THS-NI-7.2,1,1,unregistered,0.30,,,register_pending,P2_auto,0
A-04484,,,,NI,盈亏,镍,镍出口盈亏（元/吨）,镍出口盈亏,unit_variant,元/吨,,THS_SERIES,THS-NI-7.2,1,1,unregistered,0.30,,,register_pending,P2_auto,0
A-04485,,,,NI,开工率|消费|开工,镍,镍初级消费开工率（%）,镍初级消费开工率,unit_variant,%,,THS_SERIES,THS-NI-5.1,1,1,unregistered,0.30,,,register_pending,P2_auto,0
A-04486,,,,NI,未识别,镍,镍制品出口总量（万吨）,镍制品出口总量,unit_variant,万吨,,THS_SERIES,THS-NI-6.3,1,1,unregistered,0.30,,,register_pending,P2_auto,0
A-04487,,,,NI,库存,镍,镍厂库存总量（万吨）,镍厂库存总量,unit_variant,万吨,,THS_SERIES,THS-NI-4.4,1,1,unregistered,0.30,,,register_pending,P2_auto,0
A-04488,,,,NI,库存|TC,镍精矿|镍,镍厂库存总量、镍精矿TC,"镍厂库存总量,镍精矿TC",mixed_script,,,THS_SERIES,THS-NI-4.4,1,1,unregistered,0.30,,,register_pending,P2_auto,0
A-04489,,,,NI,未识别,镍,镍原料进口总量（万吨）,镍原料进口总量,unit_variant,万吨,,THS_SERIES,THS-NI-6.1,1,1,unregistered,0.30,,,register_pending,P2_auto,0
A-04490,,,,NI,消费量|消费,镍,镍合金：消费量：中国（月）,镍合金:消费量:中国(月,full_name,,,THS_MATCHED,THS-NI-5.1|THS-NI-5.2|THS-NI-5.3,1,3,unregistered,0.30,,,register_pending,P2_auto,0
A-04491,,,,NI,出口量,镍,镍合金出口量（万吨）,镍合金出口量,unit_variant,万吨,,THS_SERIES,THS-NI-6.3,1,1,unregistered,0.30,,,register_pending,P2_auto,0
A-04492,,,,NI,未识别,镍,镍合金出口金额（亿美元）,镍合金出口金额,unit_variant,亿美元,,THS_SERIES,THS-NI-6.3,1,1,unregistered,0.30,,,register_pending,P2_auto,0
A-04493,,,,NI,开工率|开工,镍,镍合金开工率（%）,镍合金开工率,unit_variant,%,,THS_SERIES,THS-NI-5.1|THS-NI-5.3,1,2,unregistered,0.30,,,register_pending,P2_auto,0
A-04494,,,,NI,未识别,镍,镍合金排产计划（万吨）,镍合金排产计划,unit_variant,万吨,,THS_SERIES,THS-NI-5.1|THS-NI-5.2|THS-NI-5.3,1,3,unregistered,0.30,,,register_pending,P2_auto,0
A-04495,,,,NI,产量,镍,镍合金终端产量（万吨）,镍合金终端产量,unit_variant,万吨,,THS_SERIES,THS-NI-5.2,1,1,unregistered,0.30,,,register_pending,P2_auto,0
A-04496,,,,NI,在途库存|库存,镍,镍在途库存总量（万吨）,镍在途库存总量,unit_variant,万吨,,THS_SERIES,THS-NI-4.5,1,1,unregistered,0.30,,,register_pending,P2_auto,0
A-04497,,,,NI,在途库存|库存,镍,镍在途库存总量、沪镍主力合约收盘价,"镍在途库存总量,沪镍主力合约收盘价",full_name,,,THS_SERIES,THS-NI-4.5,1,1,unregistered,0.30,,,register_pending,P2_auto,0
A-04498,,,,NI,在途库存|库存,镍,镍在途库存总量、进口在途量、船货在途量,"镍在途库存总量,进口在途量,船货在途量",full_name,,,THS_SERIES,THS-NI-4.5,1,1,unregistered,0.30,,,register_pending,P2_auto,0
A-04499,,,,NI,在途库存|库存|TC,镍精矿|镍,镍在途库存总量、镍精矿TC,"镍在途库存总量,镍精矿TC",mixed_script,,,THS_SERIES,THS-NI-4.5,1,1,unregistered,0.30,,,register_pending,P2_auto,0
A-04500,,,,NI,基差,镍,镍基差,镍基差,full_name,,,THS_SERIES,THS-NI-2.2|THS-NI-2.4,1,2,unregistered,0.30,,,register_pending,P2_auto,0
A-04501,,,,NI,仓单,镍,镍期货仓单数量（吨）,镍期货仓单数量,unit_variant,吨,,THS_SERIES,THS-NI-2.1|THS-NI-2.2,1,2,unregistered,0.30,,,register_pending,P2_auto,0
A-04502,,,,NI,仓单,镍,镍期货仓单数量（吨）、仓单注册量变化（吨）,"镍期货仓单数量(吨),仓单注册量",unit_variant,吨,变化,THS_SERIES,THS-NI-2.1,1,1,unregistered,0.30,,,register_pending,P2_auto,0
A-04503,,,,NI,产量,镍板|镍,镍板：产量：国外（季）,镍板:产量:国外(季,full_name,,,THS_MATCHED,THS-NI-3.1.3|THS-NI-3.2|THS-NI-3.2.1,1,4,unregistered,0.30,,,register_pending,P2_auto,0
A-04504,,,,NI,库存,镍板|镍,镍板库存,镍板库存,full_name,,,PDF_TEMPLATE,TPL-NI-010,1,1,unregistered,0.30,,,register_pending,P2_auto,0
A-04505,,,,NI,现货价格|价格,镍,镍现货价格（元/吨）,镍现货价格,unit_variant,元/吨,,THS_SERIES,THS-NI-2.2,1,1,unregistered,0.30,,,register_pending,P2_auto,0
A-04506,,,,NI,升贴水|贴水,镍,镍现货升贴水（元/吨）,镍现货升贴水,unit_variant,元/吨,,THS_SERIES,THS-NI-2.1|THS-NI-2.2|THS-NI-4.2,2,7,unregistered,0.30,,,register_pending,P2_auto,0
A-04507,,,,NI,升贴水|贴水,镍,镍现货升贴水（元/吨）、沪镍主力合约收盘价（元/吨）,"镍现货升贴水(元/吨),沪镍主力合约收盘价",unit_variant,元/吨,,THS_SERIES,THS-NI-2.1|THS-NI-2.2,1,2,unregistered,0.30,,,register_pending,P2_auto,0
A-04508,,,,NI,成本,镍生铁|镍,镍生铁/NPI成本（元/吨）,镍生铁/NPI成本,unit_variant,元/吨,,THS_SERIES,THS-NI-7.3,1,1,unregistered,0.30,,,register_pending,P2_auto,0
A-04509,,,,NI,盈亏,镍生铁|镍,镍生铁/NPI进口盈亏（元/吨）,镍生铁/NPI进口盈亏,unit_variant,元/吨,,THS_SERIES,THS-NI-6.1,1,1,unregistered,0.30,,,register_pending,P2_auto,0
A-04510,,,,NI,进口量,镍生铁|镍,镍生铁/NPI进口量（万吨）,镍生铁/NPI进口量,unit_variant,万吨,,THS_SERIES,THS-NI-6.1,1,1,unregistered,0.30,,,register_pending,P2_auto,0
A-04514,,,,NI,库存,镍生铁|镍,镍生铁：库存合计：中国：实物量（月）,镍生铁:库存合计:中国:实物量(月,full_name,,,THS_MATCHED,THS-NI-4.3,1,6,unregistered,0.30,,,register_pending,P2_auto,0
A-04516,,,,NI,现货价格|价格,镍生铁|镍,镍生铁NPI现货价格（元/吨）,镍生铁NPI现货价格,unit_variant,元/吨,,THS_SERIES,THS-NI-2.2|THS-NI-2.4|THS-NI-2.5,1,3,unregistered,0.30,,,register_pending,P2_auto,0
A-04517,,,,NI,现货价格|冶炼利润|利润|价格,镍生铁|电解镍|镍,镍生铁NPI现货价格（元/吨）、电解镍现货价格（元/吨）、NPI冶炼利润（元/吨）,"镍生铁NPI现货价格(元/吨),电解镍现货价格(元/吨),NPI冶炼利润",unit_variant,元/吨,,THS_SERIES,THS-NI-2.5,1,1,unregistered,0.30,,,register_pending,P2_auto,0
A-04518,,,,NI,现货价格|冶炼利润|利润|价格,镍生铁|电解镍|镍,镍生铁NPI现货价格、电解镍现货价格、NPI冶炼利润,"镍生铁NPI现货价格,电解镍现货价格,NPI冶炼利润",mixed_script,,,THS_SERIES,THS-NI-2.5,1,1,unregistered,0.30,,,register_pending,P2_auto,0
A-04524,,,,NI,生产成本|成本,镍矿|镍,镍矿：菲律宾产：生产成本（季）,镍矿:菲律宾产:生产成本(季,full_name,,,THS_MATCHED,THS-NI-3.1.1|THS-NI-3.1.2,1,2,unregistered,0.30,,,register_pending,P2_auto,0
A-04528,,,,NI,价格,镍矿|镍,镍矿CIF价格（美元/湿吨）、镍矿FOB价格（美元/湿吨）,"镍矿CIF价格(美元/湿吨),镍矿FOB价格",unit_variant,美元/湿吨,,THS_SERIES,THS-NI-7.1,1,1,unregistered,0.30,,,register_pending,P2_auto,0
A-04529,,,,NI,成本,镍矿|镍,镍矿成本（元/吨）,镍矿成本,unit_variant,元/吨,,THS_SERIES,THS-NI-7.1|THS-NI-7.2|THS-NI-7.3,1,3,unregistered,0.30,,,register_pending,P2_auto,0
A-04530,,,,NI,库存,镍矿|镍,镍矿港口库存（万吨）,镍矿港口库存,unit_variant,万吨,,THS_SERIES,THS-NI-7.3,1,1,unregistered,0.30,,,register_pending,P2_auto,0
A-04532,,,,NI,盈亏,镍矿|镍,镍矿进口盈亏（元/吨）,镍矿进口盈亏,unit_variant,元/吨,,THS_SERIES,THS-NI-6.1,1,1,unregistered,0.30,,,register_pending,P2_auto,0
A-04533,,,,NI,进口量,镍矿|镍,镍矿进口量（万吨）,镍矿进口量,unit_variant,万吨,,THS_SERIES,THS-NI-6.1,1,1,unregistered,0.30,,,register_pending,P2_auto,0
A-04534,,,,NI,社会库存|库存,镍,镍社会库存,镍社会库存,full_name,,,PDF_TEMPLATE,TPL-NI-009,1,1,unregistered,0.30,,,register_pending,P2_auto,0
A-04535,,,,NI,社会库存|库存,镍,镍社会库存总量（万吨）,镍社会库存总量,unit_variant,万吨,,THS_SERIES,THS-NI-4.3,1,1,unregistered,0.30,,,register_pending,P2_auto,0
A-04536,,,,NI,社会库存|库存,镍,镍社会库存总量（含上期所、南储、隐性）,"镍社会库存总量(含上期所,南储,隐性",full_name,,,THS_SERIES,THS-NI-4.3,1,1,unregistered,0.30,,,register_pending,P2_auto,0
A-04537,,,,NI,社会库存|库存,镍,镍社会库存总量、LME镍库存,"镍社会库存总量,LME镍库存",mixed_script,,,THS_SERIES,THS-NI-4.3,1,1,unregistered,0.30,,,register_pending,P2_auto,0
A-04538,,,,NI,社会库存|库存|仓单,镍,镍社会库存总量、上期所镍仓单量,"镍社会库存总量,上期所镍仓单量",full_name,,,THS_SERIES,THS-NI-4.3,1,1,unregistered,0.30,,,register_pending,P2_auto,0
A-04539,,,,NI,社会库存|库存,镍,镍社会库存总量、沪镍主力合约收盘价,"镍社会库存总量,沪镍主力合约收盘价",full_name,,,THS_SERIES,THS-NI-4.3,1,1,unregistered,0.30,,,register_pending,P2_auto,0
A-04540,,,,NI,产量,镍,镍精炼产量（万吨）,镍精炼产量,unit_variant,万吨,,THS_SERIES,THS-NI-3.2.1,1,1,unregistered,0.30,,,register_pending,P2_auto,0
A-04541,,,,NI,开工率|开工,镍,镍精炼开工率（%）,镍精炼开工率,unit_variant,%,,THS_SERIES,THS-NI-3.2.2,1,1,unregistered,0.30,,,register_pending,P2_auto,0
A-04542,,,,NI,未识别,镍,镍精炼金属进口总量（万吨）,镍精炼金属进口总量,unit_variant,万吨,,THS_SERIES,THS-NI-6.2,1,1,unregistered,0.30,,,register_pending,P2_auto,0
A-04543,,,,NI,TC,镍精矿|镍,镍精矿TC（美元/吨干矿）,镍精矿TC,unit_variant,美元/吨干矿,,THS_SERIES,THS-NI-3.2.3|THS-NI-3.2.4|THS-NI-5.2,2,19,unregistered,0.30,,,register_pending,P2_auto,0
A-04544,,,,NI,冶炼利润|利润|TC,镍精矿|电解镍|镍铁|镍,镍精矿TC（美元/吨干矿）、电解镍冶炼利润（元/吨）、镍铁冶炼利润（元/吨）,"镍精矿TC(美元/吨干矿),电解镍冶炼利润(元/吨),镍铁冶炼利润",unit_variant,元/吨,,THS_SERIES,THS-NI-3.1,1,1,unregistered,0.30,,,register_pending,P2_auto,0
A-04545,,,,NI,TC,镍精矿|镍,镍精矿TC分位（%）,镍精矿TC分位,unit_variant,%,,THS_SERIES,THS-NI-3.1.5,1,1,unregistered,0.30,,,register_pending,P2_auto,0
A-04546,,,,NI,占比,镍精矿|镍,镍精矿进口分国别占比（%）,镍精矿进口分国别占比,unit_variant,%,,THS_SERIES,THS-NI-3.1,2,2,unregistered,0.30,,,register_pending,P2_auto,0
A-04547,,,,NI,到港量,镍精矿|镍,镍精矿进口到港量（万吨）,镍精矿进口到港量,unit_variant,万吨,,THS_SERIES,THS-NI-3.1,2,2,unregistered,0.30,,,register_pending,P2_auto,0
A-04548,,,,NI,未识别,镍精矿|镍,镍精矿进口总量（万吨）,镍精矿进口总量,unit_variant,万吨,,THS_SERIES,THS-NI-3.1|THS-NI-3.1.4,2,3,unregistered,0.30,,,register_pending,P2_auto,0
A-04549,,,,NI,进口量,镍精矿|镍,镍精矿进口量（万吨）,镍精矿进口量,unit_variant,万吨|吨,,THS_SERIES,THS-NI-3.1.3|THS-NI-3.1.4,2,3,unregistered,0.30,,,register_pending,P2_auto,0
A-04550,,,,NI,消费,镍,镍终端消费总量（万吨）,镍终端消费总量,unit_variant,万吨,,THS_SERIES,THS-NI-5.2,1,1,unregistered,0.30,,,register_pending,P2_auto,0
A-04554,,,,NI,库存,镍豆|镍,镍豆库存,镍豆库存,full_name,,,PDF_TEMPLATE,TPL-NI-011,1,1,unregistered,0.30,,,register_pending,P2_auto,0
A-04555,,,,NI,盈亏,镍,镍进口盈亏（元/吨）,镍进口盈亏,unit_variant,元/吨,,THS_SERIES,THS-NI-2.2|THS-NI-5.3|THS-NI-7.2,2,5,unregistered,0.30,,,register_pending,P2_auto,0
A-04556,,,,NI,进口量,镍,镍进口量（万吨）,镍进口量,unit_variant,万吨,,THS_SERIES,THS-NI-5.3,2,2,unregistered,0.30,,,register_pending,P2_auto,0
A-04558,,,,NI,产量,镍铁|镍,镍铁：产量（未审计）：印尼国有矿业（季）,镍铁:产量(未审计):印尼国有矿业(季,full_name,,,THS_MATCHED,THS-NI-3.1.2|THS-NI-3.2|THS-NI-3.2.1,1,10,unregistered,0.30,,,register_pending,P2_auto,0
A-04559,,,,NI,价格,镍铁|镍,镍铁：到厂价格指数（日）,镍铁:到厂价格指数(日,full_name,,,THS_MATCHED,THS-NI-7.1|THS-NI-7.2,1,2,unregistered,0.30,,,register_pending,P2_auto,0
A-04562,,,,NI,未识别,镍铁|镍,镍铁：进口数量合计：中国（月）,镍铁:进口数量合计:中国(月,full_name,,,THS_MATCHED,THS-NI-3.1.4|THS-NI-3.2.2|THS-NI-5.3,1,31,unregistered,0.30,,,register_pending,P2_auto,0
A-04563,,,,NI,成本,镍铁|镍,镍铁RKEF成本（元/镍点）,镍铁RKEF成本,unit_variant,元/镍点,,THS_SERIES,THS-NI-7.1,1,1,unregistered,0.30,,,register_pending,P2_auto,0
A-04564,,,,NI,利润,镍铁|镍,镍铁一体化利润（元/吨）,镍铁一体化利润,unit_variant,元/吨,,THS_SERIES,THS-NI-2.5,1,1,unregistered,0.30,,,register_pending,P2_auto,0
A-04565,,,,NI,成本,镍铁|镍,镍铁一体化成本（元/吨）,镍铁一体化成本,unit_variant,元/吨,,THS_SERIES,THS-NI-7.1,1,1,unregistered,0.30,,,register_pending,P2_auto,0
A-04566,,,,NI,成本|TC,镍精矿|镍铁|镍,镍铁一体化成本（元/吨）、镍精矿TC（美元/吨干矿）,"镍铁一体化成本(元/吨),镍精矿TC",unit_variant,美元/吨干矿,,THS_SERIES,THS-NI-7.1,1,1,unregistered,0.30,,,register_pending,P2_auto,0
A-04567,,,,NI,利润,镍铁|镍,镍铁一体化日度利润（元/吨）,镍铁一体化日度利润,unit_variant,元/吨,,THS_SERIES,THS-NI-7.2,1,1,unregistered,0.30,,,register_pending,P2_auto,0
A-04568,,,,NI,成本|利润|TC,镍矿|镍铁|镍,镍铁一体化日度利润（元/吨）、镍矿成本（元/吨）、TC（美元/吨干矿）,"镍铁一体化日度利润(元/吨),镍矿成本(元/吨),TC",unit_variant,美元/吨干矿,,THS_SERIES,THS-NI-7.2,1,1,unregistered,0.30,,,register_pending,P2_auto,0
A-04569,,,,NI,产能利用率|产能,镍铁|镍,镍铁产能利用率（%）,镍铁产能利用率,unit_variant,%,,THS_SERIES,THS-NI-3.2.1,1,1,unregistered,0.30,,,register_pending,P2_auto,0
A-04570,,,,NI,产量,镍铁|镍,镍铁产量（万吨）,镍铁产量,unit_variant,万吨,,THS_SERIES,THS-NI-3.1.3|THS-NI-3.2|THS-NI-3.2.1,2,4,unregistered,0.30,,,register_pending,P2_auto,0
A-04572,,,,NI,冶炼利润|利润,镍铁|镍,镍铁冶炼利润（元/吨）,镍铁冶炼利润,unit_variant,元/吨,,THS_SERIES,THS-NI-3.1.5|THS-NI-3.2|THS-NI-3.2.4,2,4,unregistered,0.30,,,register_pending,P2_auto,0
A-04573,,,,NI,库存,镍铁|镍,镍铁厂库存（万吨）,镍铁厂库存,unit_variant,万吨,,THS_SERIES,THS-NI-4.4,1,1,unregistered,0.30,,,register_pending,P2_auto,0
A-04574,,,,NI,库存天数|库存,镍铁|镍,镍铁厂库存、镍铁厂库存天数,"镍铁厂库存,镍铁厂库存天数",full_name,,,THS_SERIES,THS-NI-4.4,1,1,unregistered,0.30,,,register_pending,P2_auto,0
A-04575,,,,NI,库存天数|库存,镍铁|镍,镍铁厂库存天数（天）,镍铁厂库存天数(天,full_name,,,THS_SERIES,THS-NI-4.4,1,1,unregistered,0.30,,,register_pending,P2_auto,0
A-04576,,,,NI,完全成本|成本,镍铁|镍,镍铁完全成本（元/吨）,镍铁完全成本,unit_variant,元/吨,,THS_SERIES,THS-NI-3.2.4,1,1,unregistered,0.30,,,register_pending,P2_auto,0
A-04578,,,,NI,开工率|开工,镍铁|镍,镍铁开工率（%）,镍铁开工率,unit_variant,%,,THS_SERIES,THS-NI-3.2|THS-NI-3.2.2,2,3,unregistered,0.30,,,register_pending,P2_auto,0
A-04580,,,,NI,未识别,镍铁|镍,镍铁检修量（万吨）,镍铁检修量,unit_variant,万吨,,THS_SERIES,THS-NI-3.2.2,1,1,unregistered,0.30,,,register_pending,P2_auto,0
A-04584,,,,NI,库存,镍,镍隐性库存总量（万吨）,镍隐性库存总量,unit_variant,万吨,,THS_SERIES,THS-NI-4.5,1,1,unregistered,0.30,,,register_pending,P2_auto,0
A-04585,,,,NI,库存|仓单,镍,镍隐性库存总量、上期所镍仓单量,"镍隐性库存总量,上期所镍仓单量",full_name,,,THS_SERIES,THS-NI-4.5,1,1,unregistered,0.30,,,register_pending,P2_auto,0
A-04586,,,,NI,库存|占比,镍,镍隐性库存总量、隐性库存占比,"镍隐性库存总量,隐性库存占比",full_name,,,THS_SERIES,THS-NI-4.5,1,1,unregistered,0.30,,,register_pending,P2_auto,0
A-04587,,,,NI,需求,镍,镍需求先行指标总量（万吨）,镍需求先行指标总量,unit_variant,万吨,,THS_SERIES,THS-NI-5.3,1,1,unregistered,0.30,,,register_pending,P2_auto,0
A-04589,,,,SN,在途库存|库存,无,隐性/在途库存总量（万吨）,隐性/在途库存总量,unit_variant,万吨,,THS_SERIES,THS-SN-4.5,1,1,unregistered,0.30,,,register_pending,P2_auto,0
A-04590,,,,LI,库存,无,隐性库存（万吨）,隐性库存,unit_variant,万吨|万吨LCE|手,,THS_SERIES,THS-LI-4.3|THS-NI-4.3|THS-ZN-4.2,3,6,unregistered,0.30,,,register_pending,P2_auto,0
A-04591,,,,NI,库存|占比,无,隐性库存占比（%）,隐性库存占比,unit_variant,%,时序图,THS_SERIES,THS-NI-4.5|THS-SN-4.5,2,3,unregistered,0.30,,,register_pending,P2_auto,0
A-04592,,,,SN,库存天数|库存,无,隐性库存天数（天）,隐性库存天数(天,full_name,,,THS_SERIES,THS-SN-4.5,1,1,unregistered,0.30,,,register_pending,P2_auto,0
A-04593,,,,SN,库存,无,隐性库存总量（万吨）,隐性库存总量,unit_variant,万吨,,THS_SERIES,THS-SN-4.5,1,1,unregistered,0.30,,,register_pending,P2_auto,0
A-04594,,,,SN,需求|增速,无,需求增速（%）,需求增速,unit_variant,%,,THS_SERIES,THS-SN-5.3,1,1,unregistered,0.30,,,register_pending,P2_auto,0
A-04595,,,,LI,TC,无,非洲TC（元/吨）,非洲TC,unit_variant,元/吨,,THS_SERIES,THS-LI-3.1.5,1,1,unregistered,0.30,,,register_pending,P2_auto,0
A-04596,,,,LI,占比,无,非洲进口占比（%）,非洲进口占比,unit_variant,%,,THS_SERIES,THS-LI-3.1.4,1,1,unregistered,0.30,,,register_pending,P2_auto,0
A-04597,,,,LI,进口量,无,非洲进口量（万吨LCE）,非洲进口量,unit_variant,万吨LCE,,THS_SERIES,THS-LI-3.1.4,1,1,unregistered,0.30,,,register_pending,P2_auto,0
A-04598,,,,LI,产量,锂,非洲锂矿产量（万吨LCE）,非洲锂矿产量,unit_variant,万吨LCE,,THS_SERIES,THS-LI-3.1.2,1,1,unregistered,0.30,,,register_pending,P2_auto,0
A-04611,,,,AL,价格,无,预焙阳极价格,预焙阳极价格,full_name,,,THS_SERIES,THS-AL-3.3,1,1,unregistered,0.30,,,register_pending,P2_auto,0
A-04612,,,,AL,均价,无,预焙阳极均价,预焙阳极均价,full_name,,,THS_SERIES,THS-AL-3.2,1,1,unregistered,0.30,,,register_pending,P2_auto,0
A-04613,,,,NI,未识别,无,餐厨废油：国际市场：DAP价：中国（美元/吨）（日）,餐厨废油:国际市场:DAP价:中国(美元/吨)(日,mixed_script,,,THS_MATCHED,THS-NI-2.3|THS-NI-2.4,1,2,unregistered,0.30,,,register_pending,P2_auto,0
A-04618,,,,NI,现货价格|价格,高冰镍|冰镍|镍,高冰镍：Ni≥65%，Co≥1%：镍远期现货价格：中国主要港口（日）,"高冰镍:Ni≥65%,Co≥1%:镍远期现货价格:中国主要港口(日",mixed_script,,,THS_MATCHED,THS-NI-2.2|THS-NI-2.4,1,4,unregistered,0.30,,,register_pending,P2_auto,0
A-04620,,,,NI,产能利用率|产能,高冰镍|冰镍|镍,高冰镍产能利用率（%）,高冰镍产能利用率,unit_variant,%,,THS_SERIES,THS-NI-3.2.1,1,1,unregistered,0.30,,,register_pending,P2_auto,0
A-04621,,,,NI,产量,高冰镍|冰镍|镍,高冰镍产量（万吨）,高冰镍产量,unit_variant,万吨,,THS_SERIES,THS-NI-3.2|THS-NI-3.2.1,2,3,unregistered,0.30,,,register_pending,P2_auto,0
A-04622,,,,NI,未识别,高冰镍|冰镍|镍,高冰镍再生量（万吨）,高冰镍再生量,unit_variant,万吨,,THS_SERIES,THS-NI-3.2|THS-NI-3.2.3,2,3,unregistered,0.30,,,register_pending,P2_auto,0
A-04623,,,,NI,冶炼利润|利润,高冰镍|冰镍|镍,高冰镍冶炼利润（元/吨）,高冰镍冶炼利润,unit_variant,元/吨,,THS_SERIES,THS-NI-2.5|THS-NI-3.2|THS-NI-3.2.4,2,4,unregistered,0.30,,,register_pending,P2_auto,0
A-04624,,,,NI,库存,高冰镍|冰镍|镍,高冰镍厂库存（万吨）,高冰镍厂库存,unit_variant,万吨,,THS_SERIES,THS-NI-4.4,1,1,unregistered,0.30,,,register_pending,P2_auto,0
A-04625,,,,NI,库存天数|库存,高冰镍|冰镍|镍,高冰镍厂库存、高冰镍厂库存天数,"高冰镍厂库存,高冰镍厂库存天数",full_name,,,THS_SERIES,THS-NI-4.4,1,1,unregistered,0.30,,,register_pending,P2_auto,0
A-04627,,,,NI,未识别,高冰镍|冰镍|镍,高冰镍发运天数（天）,高冰镍发运天数(天,full_name,,,THS_SERIES,THS-NI-6.4,1,1,unregistered,0.30,,,register_pending,P2_auto,0
A-04628,,,,NI,完全成本|成本,高冰镍|冰镍|镍,高冰镍完全成本（元/吨）,高冰镍完全成本,unit_variant,元/吨,,THS_SERIES,THS-NI-3.2.4,1,1,unregistered,0.30,,,register_pending,P2_auto,0
A-04629,,,,NI,未识别,高冰镍|冰镍|镍,高冰镍对华发运量（万吨）,高冰镍对华发运量,unit_variant,万吨,,THS_SERIES,THS-NI-6.4,1,1,unregistered,0.30,,,register_pending,P2_auto,0
A-04630,,,,NI,开工率|开工,高冰镍|冰镍|镍,高冰镍开工率（%）,高冰镍开工率,unit_variant,%,,THS_SERIES,THS-NI-3.2|THS-NI-3.2.2,2,3,unregistered,0.30,,,register_pending,P2_auto,0
A-04631,,,,NI,成本,高冰镍|冰镍|镍,高冰镍成本（元/吨）,高冰镍成本,unit_variant,元/吨,,THS_SERIES,THS-NI-7.1|THS-NI-7.3,1,2,unregistered,0.30,,,register_pending,P2_auto,0
A-04632,,,,NI,加工费|成本,高冰镍|镍矿|冰镍|镍,高冰镍成本（元/吨）、镍矿成本（元/吨）、加工费（元/吨）,"高冰镍成本(元/吨),镍矿成本(元/吨),加工费",unit_variant,元/吨,,THS_SERIES,THS-NI-7.1,1,1,unregistered,0.30,,,register_pending,P2_auto,0
A-04633,,,,NI,利润,高冰镍|冰镍|镍,高冰镍日度利润（元/吨）,高冰镍日度利润,unit_variant,元/吨,,THS_SERIES,THS-NI-7.2,1,1,unregistered,0.30,,,register_pending,P2_auto,0
A-04634,,,,NI,加工费|成本|利润,高冰镍|镍矿|冰镍|镍,高冰镍日度利润（元/吨）、镍矿成本（元/吨）、加工费（元/吨）,"高冰镍日度利润(元/吨),镍矿成本(元/吨),加工费",unit_variant,元/吨,,THS_SERIES,THS-NI-7.2,1,1,unregistered,0.30,,,register_pending,P2_auto,0
A-04635,,,,NI,未识别,高冰镍|冰镍|镍,高冰镍检修量（万吨）,高冰镍检修量,unit_variant,万吨,,THS_SERIES,THS-NI-3.2.2,1,1,unregistered,0.30,,,register_pending,P2_auto,0
A-04636,,,,NI,现货价格|价格,高冰镍|冰镍|镍,高冰镍现货价格（元/吨）,高冰镍现货价格,unit_variant,元/吨,,THS_SERIES,THS-NI-2.2|THS-NI-2.4|THS-NI-2.5,1,3,unregistered,0.30,,,register_pending,P2_auto,0
A-04637,,,,NI,现货价格|冶炼利润|利润|价格,高冰镍|电解镍|冰镍|镍,高冰镍现货价格（元/吨）、电解镍现货价格（元/吨）、高冰镍冶炼利润（元/吨）,"高冰镍现货价格(元/吨),电解镍现货价格(元/吨),高冰镍冶炼利润",unit_variant,元/吨,,THS_SERIES,THS-NI-2.5,1,1,unregistered,0.30,,,register_pending,P2_auto,0
A-04638,,,,NI,现货价格|冶炼利润|利润|价格,高冰镍|电解镍|冰镍|镍,高冰镍现货价格、电解镍现货价格、高冰镍冶炼利润,"高冰镍现货价格,电解镍现货价格,高冰镍冶炼利润",full_name,,,THS_SERIES,THS-NI-2.5,1,1,unregistered,0.30,,,register_pending,P2_auto,0
A-04639,,,,NI,盈亏,高冰镍|冰镍|镍,高冰镍进口盈亏（元/吨）,高冰镍进口盈亏,unit_variant,元/吨,,THS_SERIES,THS-NI-6.1|THS-NI-6.2,1,2,unregistered,0.30,,,register_pending,P2_auto,0
A-04640,,,,NI,进口量,高冰镍|冰镍|镍,高冰镍进口量（万吨）,高冰镍进口量,unit_variant,万吨,,THS_SERIES,THS-NI-3.2.3|THS-NI-6.1|THS-NI-6.2,1,3,unregistered,0.30,,,register_pending,P2_auto,0
A-04643,,,,CU,库存,铜棒|铜,黄铜棒企业原料库存,黄铜棒企业原料库存,full_name,,,THS_SERIES,THS-CU-4.5,1,1,unregistered,0.30,,,register_pending,P2_auto,0
A-00345,SHFE库存,上期所库存,吨,未识别,库存,无,SHFE库存,SHFE库存,mixed_script,,,INDICATORS_V1_KEY,SHFE库存,1,1,synonym_merge,0.90,,,auto,P3_auto,0
A-02232,SHFE库存,上期所库存,吨,SN,库存,无,上期所库存,上期所库存,cross_report_synonym,,,INDICATORS_V1_NAME|PDF_TEMPLATE,SHFE库存|TPL-SN-020,1,2,synonym_merge,0.90,,,auto,P3_auto,0
A-00536,TC,TC加工费,元/吨,NI,TC,无,TC（美元/吨干矿）,TC,unit_variant,美元/吨干矿,,INDICATORS_V1_KEY|THS_SERIES,TC|THS-NI-7.1|THS-NI-7.2|THS-NI-7.3,2,4,synonym_merge,0.95,,,auto,P3_auto,0
A-00537,TC,TC加工费,元/吨,AL,加工费|TC,无,TC加工费,TC加工费,cross_report_synonym,,,INDICATORS_V1_NAME|THS_MATCHED,TC|THS-NI-4.4|THS-NI-7.3|THS-SN-7.2,1,40,synonym_merge,0.90,,,auto,P3_auto,0
A-00570,al_00_basis,SHFE：铝：基差（日）,元/吨,未识别,未识别,无,al_00_basis,al_00_basis,latin_abbr,,,INDICATORS_V1_KEY,al_00_basis,1,1,synonym_merge,0.90,,,auto,P3_auto,0
A-00571,al_00_close_front,SHFE：铝：主力合约：收盘价（日）,元/吨,未识别,未识别,无,al_00_close_front,al_00_close_front,latin_abbr,,,INDICATORS_V1_KEY,al_00_close_front,1,1,synonym_merge,0.90,,,auto,P3_auto,0
A-00572,al_00_comex_inv,COMEX：铝：期货库存（日）,吨,未识别,未识别,无,al_00_comex_inv,al_00_comex_inv,latin_abbr,,,INDICATORS_V1_KEY,al_00_comex_inv,1,1,synonym_merge,0.90,,,auto,P3_auto,0
A-00425,al_00_cost_percentile,SMM: 电解铝分地区成本: 全国加权平均: 现金成本: 季度,,AL,成本,电解铝|铝,SMM: 电解铝分地区成本: 全国加权平均: 现金成本: 季度,SMM:电解铝分地区成本:全国加权平均:现金成本:季度,mixed_script,,,INDICATORS_V1_NAME,al_00_cost_percentile,1,1,synonym_merge,0.90,,,auto,P3_auto,0
A-00573,al_00_cost_percentile,SMM: 电解铝分地区成本: 全国加权平均: 现金成本: 季度,,未识别,未识别,无,al_00_cost_percentile,al_00_cost_percentile,latin_abbr,,,INDICATORS_V1_KEY,al_00_cost_percentile,1,1,synonym_merge,0.90,,,auto,P3_auto,0
A-00574,al_00_export,未锻轧铝及铝材：出口数量终值：中国（月）,,未识别,未识别,无,al_00_export,al_00_export,latin_abbr,,,INDICATORS_V1_KEY,al_00_export,1,1,synonym_merge,0.90,,,auto,P3_auto,0
A-03264,al_00_export,未锻轧铝及铝材：出口数量终值：中国（月）,,AL,未识别,铝材|铝,未锻轧铝及铝材：出口数量终值：中国（月）,未锻轧铝及铝材:出口数量终值:中国(月,cross_report_synonym,,,INDICATORS_V1_NAME|THS_MATCHED,THS-AL-6.2|al_00_export,1,2,synonym_merge,0.90,,,auto,P3_auto,0
A-00575,al_00_inv,铝棒：6063：现货库存：中国（日）,,未识别,未识别,无,al_00_inv,al_00_inv,latin_abbr,,,INDICATORS_V1_KEY,al_00_inv,1,1,synonym_merge,0.90,,,auto,P3_auto,0
A-04276,al_00_inv,铝棒：6063：现货库存：中国（日）,,AL,库存,铝棒|铝,铝棒：6063：现货库存：中国（日）,铝棒:6063:现货库存:中国(日,numeric_code,,,INDICATORS_V1_NAME,al_00_inv,1,1,synonym_merge,0.90,,,auto,P3_auto,0
A-00105,al_00_lme_close,LME：铝：3个月合约：收盘价（日）,美元/吨,AL,未识别,铝,LME：铝：3个月合约：收盘价（日）,LME:铝:3个月合约:收盘价(日,mixed_script,,,INDICATORS_V1_NAME,al_00_lme_close,1,1,synonym_merge,0.90,,,auto,P3_auto,0
A-00576,al_00_lme_close,LME：铝：3个月合约：收盘价（日）,美元/吨,未识别,未识别,无,al_00_lme_close,al_00_lme_close,latin_abbr,,,INDICATORS_V1_KEY,al_00_lme_close,1,1,synonym_merge,0.90,,,auto,P3_auto,0
A-00577,al_00_openinterest_front,SHFE：铝：主力合约：单边交易：持仓量（日）,手,未识别,未识别,无,al_00_openinterest_front,al_00_openinterest_front,latin_abbr,,,INDICATORS_V1_KEY,al_00_openinterest_front,1,1,synonym_merge,0.90,,,auto,P3_auto,0
A-00016,al_00_openinterest_top20_struct,CFTC: 纯期货合约: 纽约商品交易所（COMEX）上市的铝合约: 最大的前N个交易商持仓占全部持仓的比重%: 按净头寸统计: 头四个最大的交易商: 多头: 所有: 周度,,AL,持仓|TC,铝,CFTC: 纯期货合约: 纽约商品交易所（COMEX）上市的铝合约: 最大的前N个交易商持仓占全部持仓的比重%: 按净头寸统计: 头四个最大的交易商: 多头: 所有: 周度,CFTC:纯期货合约:纽约商品交易所(COMEX)上市的铝合约:最大的前N个交易商持仓占全部持仓的比重%:按净头寸统计:头四个最大的交易商:多头:所有:周度,mixed_script,,,INDICATORS_V1_NAME,al_00_openinterest_top20_struct,1,1,synonym_merge,0.90,,,auto,P3_auto,0
A-00578,al_00_openinterest_top20_struct,CFTC: 纯期货合约: 纽约商品交易所（COMEX）上市的铝合约: 最大的前N个交易商持仓占全部持仓的比重%: 按净头寸统计: 头四个最大的交易商: 多头: 所有: 周度,,未识别,未识别,无,al_00_openinterest_top20_struct,al_00_openinterest_top20_struct,latin_abbr,,,INDICATORS_V1_KEY,al_00_openinterest_top20_struct,1,1,synonym_merge,0.90,,,auto,P3_auto,0
A-00579,al_00_output,国际铝业协会：氧化铝：产量：全球（月）,千吨,未识别,未识别,无,al_00_output,al_00_output,latin_abbr,,,INDICATORS_V1_KEY,al_00_output,1,1,synonym_merge,0.90,,,auto,P3_auto,0
A-02894,al_00_output,国际铝业协会：氧化铝：产量：全球（月）,千吨,AL|AO,产量,氧化铝|铝,国际铝业协会：氧化铝：产量：全球（月）,国际铝业协会:氧化铝:产量:全球(月,canonical,,,INDICATORS_V1_NAME,al_00_output,1,1,synonym_merge,0.90,,,auto,P3_auto,0
A-00005,al_00_output_2,3C铝型材：产量：中国（年）,,AL,产量,铝,3C铝型材：产量：中国（年）,3C铝型材:产量:中国(年,mixed_script,,,INDICATORS_V1_NAME,al_00_output_2,1,1,synonym_merge,0.90,,,auto,P3_auto,0
A-00580,al_00_output_2,3C铝型材：产量：中国（年）,,未识别,未识别,无,al_00_output_2,al_00_output_2,latin_abbr,,,INDICATORS_V1_KEY,al_00_output_2,1,1,synonym_merge,0.90,,,auto,P3_auto,0
A-00581,al_00_output_alumina,氧化铝及其水合物：产量：South32：South32沃斯利氧化铝部门（季）,,未识别,未识别,无,al_00_output_alumina,al_00_output_alumina,latin_abbr,,,INDICATORS_V1_KEY,al_00_output_alumina,1,1,synonym_merge,0.90,,,auto,P3_auto,0
A-03328,al_00_output_alumina,氧化铝及其水合物：产量：South32：South32沃斯利氧化铝部门（季）,,AL|AO,产量,氧化铝|铝,氧化铝及其水合物：产量：South32：South32沃斯利氧化铝部门（季）,氧化铝及其水合物:产量:South32:South32沃斯利氧化铝部门(季,mixed_script,,,INDICATORS_V1_NAME,al_00_output_alumina,1,1,synonym_merge,0.90,,,auto,P3_auto,0
A-00549,al_00_output_bauxite,USGS：铝矿：含铝：产量：美国（季）,千吨,AL,产量,铝,USGS：铝矿：含铝：产量：美国（季）,USGS:铝矿:含铝:产量:美国(季,mixed_script,,,INDICATORS_V1_NAME,al_00_output_bauxite,1,1,synonym_merge,0.90,,,auto,P3_auto,0
A-00582,al_00_output_bauxite,USGS：铝矿：含铝：产量：美国（季）,千吨,未识别,未识别,无,al_00_output_bauxite,al_00_output_bauxite,latin_abbr,,,INDICATORS_V1_KEY,al_00_output_bauxite,1,1,synonym_merge,0.90,,,auto,P3_auto,0
A-00583,al_00_premium,电解铝：现货升贴水：重庆—SHFE（日）,元/吨,未识别,未识别,无,al_00_premium,al_00_premium,latin_abbr,,,INDICATORS_V1_KEY,al_00_premium,1,1,synonym_merge,0.90,,,auto,P3_auto,0
A-03613,al_00_premium,电解铝：现货升贴水：重庆—SHFE（日）,元/吨,AL,升贴水|贴水,电解铝|铝,电解铝：现货升贴水：重庆—SHFE（日）,电解铝:现货升贴水:重庆-SHFE(日,mixed_script,,,INDICATORS_V1_NAME,al_00_premium,1,1,synonym_merge,0.90,,,auto,P3_auto,0
A-00317,al_00_settle_cont,SHFE：铝：连续合约：结算价（日）,元/吨,AL,结算价,铝,SHFE：铝：连续合约：结算价（日）,SHFE:铝:连续合约:结算价(日,mixed_script,,,INDICATORS_V1_NAME,al_00_settle_cont,1,1,synonym_merge,0.90,,,auto,P3_auto,0
A-00584,al_00_settle_cont,SHFE：铝：连续合约：结算价（日）,元/吨,未识别,未识别,无,al_00_settle_cont,al_00_settle_cont,latin_abbr,,,INDICATORS_V1_KEY,al_00_settle_cont,1,1,synonym_merge,0.90,,,auto,P3_auto,0
A-00314,al_00_settle_front,SHFE：铝：主力合约：结算价（日）,元/吨,AL,结算价,铝,SHFE：铝：主力合约：结算价（日）,SHFE:铝:主力合约:结算价(日,mixed_script,,,INDICATORS_V1_NAME,al_00_settle_front,1,1,synonym_merge,0.90,,,auto,P3_auto,0
A-00585,al_00_settle_front,SHFE：铝：主力合约：结算价（日）,元/吨,未识别,未识别,无,al_00_settle_front,al_00_settle_front,latin_abbr,,,INDICATORS_V1_KEY,al_00_settle_front,1,1,synonym_merge,0.90,,,auto,P3_auto,0
A-00586,al_00_shfe_premium_aluminum,电解铝：现货升贴水：佛山—SHFE（日）,,未识别,未识别,无,al_00_shfe_premium_aluminum,al_00_shfe_premium_aluminum,latin_abbr,,,INDICATORS_V1_KEY,al_00_shfe_premium_aluminum,1,1,synonym_merge,0.90,,,auto,P3_auto,0
A-03611,al_00_shfe_premium_aluminum,电解铝：现货升贴水：佛山—SHFE（日）,,AL,升贴水|贴水,电解铝|铝,电解铝：现货升贴水：佛山—SHFE（日）,电解铝:现货升贴水:佛山-SHFE(日,mixed_script,,,INDICATORS_V1_NAME,al_00_shfe_premium_aluminum,1,1,synonym_merge,0.90,,,auto,P3_auto,0
A-00587,al_00_shfe_premium_aluminum_2,电解铝：现货升贴水：上海—SHFE（日）,,未识别,未识别,无,al_00_shfe_premium_aluminum_2,al_00_shfe_premium_aluminum_2,latin_abbr,,,INDICATORS_V1_KEY,al_00_shfe_premium_aluminum_2,1,1,synonym_merge,0.90,,,auto,P3_auto,0
A-03610,al_00_shfe_premium_aluminum_2,电解铝：现货升贴水：上海—SHFE（日）,,AL,升贴水|贴水,电解铝|铝,电解铝：现货升贴水：上海—SHFE（日）,电解铝:现货升贴水:上海-SHFE(日,mixed_script,,,INDICATORS_V1_NAME,al_00_shfe_premium_aluminum_2,1,1,synonym_merge,0.90,,,auto,P3_auto,0
A-00588,al_00_volume_front,SHFE：铝：主力合约：单边交易：成交量（日）,手,未识别,未识别,无,al_00_volume_front,al_00_volume_front,latin_abbr,,,INDICATORS_V1_KEY,al_00_volume_front,1,1,synonym_merge,0.90,,,auto,P3_auto,0
A-00589,al_22_open_spread,SMM: 沪铝期现价差: 当月合约: 开盘价: 日度,,未识别,未识别,无,al_22_open_spread,al_22_open_spread,latin_abbr,,,INDICATORS_V1_KEY,al_22_open_spread,1,1,synonym_merge,0.90,,,auto,P3_auto,0
A-00590,al_22_premium_cn,电解铝：A00：Al≥99.7%：升贴水：中国（日）,元/吨,未识别,未识别,无,al_22_premium_cn,al_22_premium_cn,latin_abbr,,,INDICATORS_V1_KEY,al_22_premium_cn,1,1,synonym_merge,0.90,,,auto,P3_auto,0
A-03603,al_22_premium_cn,电解铝：A00：Al≥99.7%：升贴水：中国（日）,元/吨,AL,升贴水|贴水,电解铝|铝,电解铝：A00：Al≥99.7%：升贴水：中国（日）,电解铝:A00:Al≥99.7%:升贴水:中国(日,mixed_script,,,INDICATORS_V1_NAME,al_22_premium_cn,1,1,synonym_merge,0.90,,,auto,P3_auto,0
A-00591,al_22_spot,电解铝：A00：Al≥99.7%：现货价：上海华通（日）,元/吨,未识别,未识别,无,al_22_spot,al_22_spot,latin_abbr,,,INDICATORS_V1_KEY,al_22_spot,1,1,synonym_merge,0.90,,,auto,P3_auto,0
A-03604,al_22_spot,电解铝：A00：Al≥99.7%：现货价：上海华通（日）,元/吨,AL,未识别,电解铝|铝,电解铝：A00：Al≥99.7%：现货价：上海华通（日）,电解铝:A00:Al≥99.7%:现货价:上海华通(日,cross_report_synonym,,,INDICATORS_V1_NAME|THS_MATCHED,THS-AL-3.3|al_22_spot,1,2,synonym_merge,0.90,,,auto,P3_auto,0
A-00104,al_23_lme_oi,LME：铝：3个月合约：持仓量（日）,手,AL,持仓量|持仓,铝,LME：铝：3个月合约：持仓量（日）,LME:铝:3个月合约:持仓量(日,mixed_script,,,INDICATORS_V1_NAME,al_23_lme_oi,1,1,synonym_merge,0.90,,,auto,P3_auto,0
A-00592,al_23_lme_oi,LME：铝：3个月合约：持仓量（日）,手,未识别,未识别,无,al_23_lme_oi,al_23_lme_oi,latin_abbr,,,INDICATORS_V1_KEY,al_23_lme_oi,1,1,synonym_merge,0.90,,,auto,P3_auto,0
A-00593,al_23_lme_settle,LME：铝：3个月合约：结算价（日）,美元/吨,未识别,未识别,无,al_23_lme_settle,al_23_lme_settle,latin_abbr,,,INDICATORS_V1_KEY,al_23_lme_settle,1,1,synonym_merge,0.90,,,auto,P3_auto,0
A-00594,al_23_lme_volume,LME：铝：3个月合约：成交量（日）,手,未识别,未识别,无,al_23_lme_volume,al_23_lme_volume,latin_abbr,,,INDICATORS_V1_KEY,al_23_lme_volume,1,1,synonym_merge,0.90,,,auto,P3_auto,0
A-00595,al_24_lme_settle,LME：铝：3个月合约：结算价（日）,美元/吨,未识别,未识别,无,al_24_lme_settle,al_24_lme_settle,latin_abbr,,,INDICATORS_V1_KEY,al_24_lme_settle,1,1,synonym_merge,0.90,,,auto,P3_auto,0
A-00596,al_24_lme_spread,LME：铝：3个月合约：结算价（日）· 月差参考锚,美元/吨,未识别,未识别,无,al_24_lme_spread,al_24_lme_spread,latin_abbr,,,INDICATORS_V1_KEY,al_24_lme_spread,1,1,synonym_merge,0.90,,,auto,P3_auto,0
A-00316,al_24_shfe_spread,SHFE：铝：月差（主力合约结算价 - 连续合约结算价，日）,元/吨,AL,结算价|月差,铝,SHFE：铝：月差（主力合约结算价 - 连续合约结算价，日）,"SHFE:铝:月差(主力合约结算价-连续合约结算价,日",mixed_script,,,INDICATORS_V1_NAME,al_24_shfe_spread,1,1,synonym_merge,0.90,,,auto,P3_auto,0
A-00597,al_24_shfe_spread,SHFE：铝：月差（主力合约结算价 - 连续合约结算价，日）,元/吨,未识别,未识别,无,al_24_shfe_spread,al_24_shfe_spread,latin_abbr,,,INDICATORS_V1_KEY,al_24_shfe_spread,1,1,synonym_merge,0.90,,,auto,P3_auto,0
A-00313,al_25_close_quantile,SHFE：铝：主力合约：收盘价（日）· 历史估值分位,%,AL,未识别,铝,SHFE：铝：主力合约：收盘价（日）· 历史估值分位,SHFE:铝:主力合约:收盘价(日)·历史估值分位,mixed_script,,,INDICATORS_V1_NAME,al_25_close_quantile,1,1,synonym_merge,0.90,,,auto,P3_auto,0
A-00598,al_25_close_quantile,SHFE：铝：主力合约：收盘价（日）· 历史估值分位,%,未识别,未识别,无,al_25_close_quantile,al_25_close_quantile,latin_abbr,,,INDICATORS_V1_KEY,al_25_close_quantile,1,1,synonym_merge,0.90,,,auto,P3_auto,0
A-00599,al_25_lme_quantile,LME：铝：3个月合约：结算价（日）· 历史估值分位,%,未识别,未识别,无,al_25_lme_quantile,al_25_lme_quantile,latin_abbr,,,INDICATORS_V1_KEY,al_25_lme_quantile,1,1,synonym_merge,0.90,,,auto,P3_auto,0
A-00600,al_25_profit,电解铝：利润（月）,元/吨,未识别,未识别,无,al_25_profit,al_25_profit,latin_abbr,,,INDICATORS_V1_KEY,al_25_profit,1,1,synonym_merge,0.90,,,auto,P3_auto,0
A-03607,al_25_profit,电解铝：利润（月）,元/吨,AL,利润,电解铝|铝,电解铝：利润（月）,电解铝:利润(月,canonical,,,INDICATORS_V1_NAME,al_25_profit,1,1,synonym_merge,0.90,,,auto,P3_auto,0
A-00601,al_25_warrant_premium_avg_price,铝：仓单溢价均价（日）,,未识别,未识别,无,al_25_warrant_premium_avg_price,al_25_warrant_premium_avg_price,latin_abbr,,,INDICATORS_V1_KEY,al_25_warrant_premium_avg_price,1,1,synonym_merge,0.90,,,auto,P3_auto,0
A-04214,al_25_warrant_premium_avg_price,铝：仓单溢价均价（日）,,AL,溢价|均价|仓单,铝,铝：仓单溢价均价（日）,铝:仓单溢价均价(日,canonical,,,INDICATORS_V1_NAME,al_25_warrant_premium_avg_price,1,1,synonym_merge,0.90,,,auto,P3_auto,0
A-00027,al_26_comex_nc_long,COMEX：铝：报告头寸非商业多头持仓数量（周）,手,AL,持仓,铝,COMEX：铝：报告头寸非商业多头持仓数量（周）,COMEX:铝:报告头寸非商业多头持仓数量(周,mixed_script,,,INDICATORS_V1_NAME,al_26_comex_nc_long,1,1,synonym_merge,0.90,,,auto,P3_auto,0
A-00602,al_26_comex_nc_long,COMEX：铝：报告头寸非商业多头持仓数量（周）,手,未识别,未识别,无,al_26_comex_nc_long,al_26_comex_nc_long,latin_abbr,,,INDICATORS_V1_KEY,al_26_comex_nc_long,1,1,synonym_merge,0.90,,,auto,P3_auto,0
A-00028,al_26_comex_nc_short,COMEX：铝：报告头寸非商业空头持仓数量（周）,手,AL,持仓,铝,COMEX：铝：报告头寸非商业空头持仓数量（周）,COMEX:铝:报告头寸非商业空头持仓数量(周,mixed_script,,,INDICATORS_V1_NAME,al_26_comex_nc_short,1,1,synonym_merge,0.90,,,auto,P3_auto,0
A-00603,al_26_comex_nc_short,COMEX：铝：报告头寸非商业空头持仓数量（周）,手,未识别,未识别,无,al_26_comex_nc_short,al_26_comex_nc_short,latin_abbr,,,INDICATORS_V1_KEY,al_26_comex_nc_short,1,1,synonym_merge,0.90,,,auto,P3_auto,0
A-00604,al_26_long_top20,SHFE：铝：08合约：多单持仓合计：前20期货公司（日）,手,未识别,未识别,无,al_26_long_top20,al_26_long_top20,latin_abbr,,,INDICATORS_V1_KEY,al_26_long_top20,1,1,synonym_merge,0.90,,,auto,P3_auto,0
A-00605,al_26_short_top20,SHFE：铝：08合约：空单持仓合计：前20期货公司（日）,手,未识别,未识别,无,al_26_short_top20,al_26_short_top20,latin_abbr,,,INDICATORS_V1_KEY,al_26_short_top20,1,1,synonym_merge,0.90,,,auto,P3_auto,0
A-00403,al_2_alumina_capacity,SMM: 氧化铝建成产能: 全国: 月度,,AL|AO,建成产能|产能,氧化铝|铝,SMM: 氧化铝建成产能: 全国: 月度,SMM:氧化铝建成产能:全国:月度,mixed_script,,,INDICATORS_V1_NAME,al_2_alumina_capacity,1,1,synonym_merge,0.90,,,auto,P3_auto,0
A-00606,al_2_alumina_capacity,SMM: 氧化铝建成产能: 全国: 月度,,未识别,未识别,无,al_2_alumina_capacity,al_2_alumina_capacity,latin_abbr,,,INDICATORS_V1_KEY,al_2_alumina_capacity,1,1,synonym_merge,0.90,,,auto,P3_auto,0
A-00607,al_2_capacity_aluminum,电解铝：运行产能：中国（月）,,未识别,未识别,无,al_2_capacity_aluminum,al_2_capacity_aluminum,latin_abbr,,,INDICATORS_V1_KEY,al_2_capacity_aluminum,1,1,synonym_merge,0.90,,,auto,P3_auto,0
A-03622,al_2_capacity_aluminum,电解铝：运行产能：中国（月）,,AL,运行产能|产能,电解铝|铝,电解铝：运行产能：中国（月）,电解铝:运行产能:中国(月,canonical,,,INDICATORS_V1_NAME,al_2_capacity_aluminum,1,1,synonym_merge,0.90,,,auto,P3_auto,0
A-00608,al_2_import,煅烧铝土矿：其他等级：进口数量：中国→美国（季）,,未识别,未识别,无,al_2_import,al_2_import,latin_abbr,,,INDICATORS_V1_KEY,al_2_import,1,1,synonym_merge,0.90,,,auto,P3_auto,0
A-03547,al_2_import,煅烧铝土矿：其他等级：进口数量：中国→美国（季）,,AL|AO,未识别,铝土矿|铝土|铝,煅烧铝土矿：其他等级：进口数量：中国→美国（季）,煅烧铝土矿:其他等级:进口数量:中国→美国(季,canonical,,,INDICATORS_V1_NAME,al_2_import,1,1,synonym_merge,0.90,,,auto,P3_auto,0
A-00609,al_2_import_2,韩国海关：废铝：进口数量：中国内地→韩国（月）,,未识别,未识别,无,al_2_import_2,al_2_import_2,latin_abbr,,,INDICATORS_V1_KEY,al_2_import_2,1,1,synonym_merge,0.90,,,auto,P3_auto,0
A-04602,al_2_import_2,韩国海关：废铝：进口数量：中国内地→韩国（月）,,AL,未识别,废铝|铝,韩国海关：废铝：进口数量：中国内地→韩国（月）,韩国海关:废铝:进口数量:中国内地→韩国(月,canonical,,,INDICATORS_V1_NAME,al_2_import_2,1,1,synonym_merge,0.90,,,auto,P3_auto,0
A-00610,al_2_inv,铝合金锭：社会库存：中国（周）,,未识别,未识别,无,al_2_inv,al_2_inv,latin_abbr,,,INDICATORS_V1_KEY,al_2_inv,1,1,synonym_merge,0.90,,,auto,P3_auto,0
A-04220,al_2_inv,铝合金锭：社会库存：中国（周）,,AL,社会库存|库存,铝合金|铝,铝合金锭：社会库存：中国（周）,铝合金锭:社会库存:中国(周,canonical,,,INDICATORS_V1_NAME,al_2_inv,1,1,synonym_merge,0.90,,,auto,P3_auto,0
A-00611,al_2_inv_alumina_aluminum,氧化铝：厂内库存：中国：电解铝厂（周）,,未识别,未识别,无,al_2_inv_alumina_aluminum,al_2_inv_alumina_aluminum,latin_abbr,,,INDICATORS_V1_KEY,al_2_inv_alumina_aluminum,1,1,synonym_merge,0.90,,,auto,P3_auto,0
A-03314,al_2_inv_alumina_aluminum,氧化铝：厂内库存：中国：电解铝厂（周）,,AL|AO,厂内库存|库存,氧化铝|电解铝|铝,氧化铝：厂内库存：中国：电解铝厂（周）,氧化铝:厂内库存:中国:电解铝厂(周,canonical,,,INDICATORS_V1_NAME,al_2_inv_alumina_aluminum,1,1,synonym_merge,0.90,,,auto,P3_auto,0
A-00612,al_2_inv_import,铝土矿：进口：海漂库存：几内亚（周）,,未识别,未识别,无,al_2_inv_import,al_2_inv_import,latin_abbr,,,INDICATORS_V1_KEY,al_2_inv_import,1,1,synonym_merge,0.90,,,auto,P3_auto,0
A-04230,al_2_inv_import,铝土矿：进口：海漂库存：几内亚（周）,,AL|AO,库存,铝土矿|铝土|铝,铝土矿：进口：海漂库存：几内亚（周）,铝土矿:进口:海漂库存:几内亚(周,canonical,,,INDICATORS_V1_NAME,al_2_inv_import,1,1,synonym_merge,0.90,,,auto,P3_auto,0
A-00613,al_2_lme_inv,LME：原铝：原产国库存：巴林（月）,,未识别,未识别,无,al_2_lme_inv,al_2_lme_inv,latin_abbr,,,INDICATORS_V1_KEY,al_2_lme_inv,1,1,synonym_merge,0.90,,,auto,P3_auto,0
A-00614,al_2_lme_settle,LME：铝：CASH-3M合约：结算价差（日）,,未识别,未识别,无,al_2_lme_settle,al_2_lme_settle,latin_abbr,,,INDICATORS_V1_KEY,al_2_lme_settle,1,1,synonym_merge,0.90,,,auto,P3_auto,0
A-00615,al_2_output,中国：工业产品：产量：铝合金（月）,,未识别,未识别,无,al_2_output,al_2_output,latin_abbr,,,INDICATORS_V1_KEY,al_2_output,1,1,synonym_merge,0.90,,,auto,P3_auto,0
A-02300,al_2_output,中国：工业产品：产量：铝合金（月）,,AL,产量,铝合金|铝,中国：工业产品：产量：铝合金（月）,中国:工业产品:产量:铝合金(月,canonical,,,INDICATORS_V1_NAME,al_2_output,1,1,synonym_merge,0.90,,,auto,P3_auto,0
A-00616,al_2_output_2,国际铝业协会：原铝：产量：全球（月）,,未识别,未识别,无,al_2_output_2,al_2_output_2,latin_abbr,,,INDICATORS_V1_KEY,al_2_output_2,1,1,synonym_merge,0.90,,,auto,P3_auto,0
A-00617,al_2_output_alumina,氧化铝：产量：中国（周）,,未识别,未识别,无,al_2_output_alumina,al_2_output_alumina,latin_abbr,,,INDICATORS_V1_KEY,al_2_output_alumina,1,1,synonym_merge,0.90,,,auto,P3_auto,0
A-00411,al_2_output_alumina_2,SMM: 海外冶金级氧化铝产量-海外总产量: 月度,,AL|AO,产量,氧化铝|铝,SMM: 海外冶金级氧化铝产量-海外总产量: 月度,SMM:海外冶金级氧化铝产量-海外总产量:月度,mixed_script,,,INDICATORS_V1_NAME,al_2_output_alumina_2,1,1,synonym_merge,0.90,,,auto,P3_auto,0
A-00618,al_2_output_alumina_2,SMM: 海外冶金级氧化铝产量-海外总产量: 月度,,未识别,未识别,无,al_2_output_alumina_2,al_2_output_alumina_2,latin_abbr,,,INDICATORS_V1_KEY,al_2_output_alumina_2,1,1,synonym_merge,0.90,,,auto,P3_auto,0
A-00619,al_2_output_aluminum,电解铝：产量：中国（日）,,未识别,未识别,无,al_2_output_aluminum,al_2_output_aluminum,latin_abbr,,,INDICATORS_V1_KEY,al_2_output_aluminum,1,1,synonym_merge,0.90,,,auto,P3_auto,0
A-03605,al_2_output_aluminum,电解铝：产量：中国（日）,,AL,产量,电解铝|铝,电解铝：产量：中国（日）,电解铝:产量:中国(日,canonical,,,INDICATORS_V1_NAME,al_2_output_aluminum,1,1,synonym_merge,0.90,,,auto,P3_auto,0
A-00620,al_2_output_recycle,再生铝合金锭：158家样本企业：产量：中国（月）,,未识别,未识别,无,al_2_output_recycle,al_2_output_recycle,latin_abbr,,,INDICATORS_V1_KEY,al_2_output_recycle,1,1,synonym_merge,0.90,,,auto,P3_auto,0
A-02480,al_2_output_recycle,再生铝合金锭：158家样本企业：产量：中国（月）,,AL,产量,再生铝|铝合金|铝,再生铝合金锭：158家样本企业：产量：中国（月）,再生铝合金锭:158家样本企业:产量:中国(月,numeric_code,,,INDICATORS_V1_NAME,al_2_output_recycle,1,1,synonym_merge,0.90,,,auto,P3_auto,0
A-00621,al_2_price,铝土矿：三水型：45%Al，3%Si：几内亚产：汇总价格：山东主要港口（日）,,未识别,未识别,无,al_2_price,al_2_price,latin_abbr,,,INDICATORS_V1_KEY,al_2_price,1,1,synonym_merge,0.90,,,auto,P3_auto,0
A-04222,al_2_price,铝土矿：三水型：45%Al，3%Si：几内亚产：汇总价格：山东主要港口（日）,,AL|AO,价格,铝土矿|铝土|铝,铝土矿：三水型：45%Al，3%Si：几内亚产：汇总价格：山东主要港口（日）,"铝土矿:三水型:45%Al,3%Si:几内亚产:汇总价格:山东主要港口(日",mixed_script,,,INDICATORS_V1_NAME,al_2_price,1,1,synonym_merge,0.90,,,auto,P3_auto,0
A-00622,al_2_price_2,易拉罐废铝：汇总价格：上海（日）,,未识别,未识别,无,al_2_price_2,al_2_price_2,latin_abbr,,,INDICATORS_V1_KEY,al_2_price_2,1,1,synonym_merge,0.90,,,auto,P3_auto,0
A-03233,al_2_price_2,易拉罐废铝：汇总价格：上海（日）,,AL,价格,废铝|铝,易拉罐废铝：汇总价格：上海（日）,易拉罐废铝:汇总价格:上海(日,canonical,,,INDICATORS_V1_NAME,al_2_price_2,1,1,synonym_merge,0.90,,,auto,P3_auto,0
A-00623,al_311_bauxite_cif,铝土矿：三水型：45%Al，3%Si：几内亚产：CIF价：山东主要港口（日）,美元/吨,未识别,未识别,无,al_311_bauxite_cif,al_311_bauxite_cif,latin_abbr,,,INDICATORS_V1_KEY,al_311_bauxite_cif,1,1,synonym_merge,0.90,,,auto,P3_auto,0
A-04221,al_311_bauxite_cif,铝土矿：三水型：45%Al，3%Si：几内亚产：CIF价：山东主要港口（日）,美元/吨,AL|AO,未识别,铝土矿|铝土|铝,铝土矿：三水型：45%Al，3%Si：几内亚产：CIF价：山东主要港口（日）,"铝土矿:三水型:45%Al,3%Si:几内亚产:CIF价:山东主要港口(日",mixed_script,,,INDICATORS_V1_NAME,al_311_bauxite_cif,1,1,synonym_merge,0.90,,,auto,P3_auto,0
A-00624,al_311_bauxite_gx,铝土矿：产量：广西（月）,万吨,未识别,未识别,无,al_311_bauxite_gx,al_311_bauxite_gx,latin_abbr,,,INDICATORS_V1_KEY,al_311_bauxite_gx,1,1,synonym_merge,0.90,,,auto,P3_auto,0
A-04226,al_311_bauxite_gx,铝土矿：产量：广西（月）,万吨,AL|AO,产量,铝土矿|铝土|铝,铝土矿：产量：广西（月）,铝土矿:产量:广西(月,canonical,,,INDICATORS_V1_NAME,al_311_bauxite_gx,1,1,synonym_merge,0.90,,,auto,P3_auto,0
A-00625,al_311_bauxite_sx,铝土矿：产量：山西（月）,万吨,未识别,未识别,无,al_311_bauxite_sx,al_311_bauxite_sx,latin_abbr,,,INDICATORS_V1_KEY,al_311_bauxite_sx,1,1,synonym_merge,0.90,,,auto,P3_auto,0
A-04225,al_311_bauxite_sx,铝土矿：产量：山西（月）,万吨,AL|AO,产量,铝土矿|铝土|铝,铝土矿：产量：山西（月）,铝土矿:产量:山西(月,canonical,,,INDICATORS_V1_NAME,al_311_bauxite_sx,1,1,synonym_merge,0.90,,,auto,P3_auto,0
A-00626,al_312_global_output,国际铝业协会：原铝：产量：全球（月）,吨,未识别,未识别,无,al_312_global_output,al_312_global_output,latin_abbr,,,INDICATORS_V1_KEY,al_312_global_output,1,1,synonym_merge,0.90,,,auto,P3_auto,0
A-00627,al_313_alumina_fob,氧化铝：AO-1：Al2O3≥98.6%：澳大利亚产：FOB价：奎纳纳港（日）,美元/吨,未识别,未识别,无,al_313_alumina_fob,al_313_alumina_fob,latin_abbr,,,INDICATORS_V1_KEY,al_313_alumina_fob,1,1,synonym_merge,0.90,,,auto,P3_auto,0
A-03307,al_313_alumina_fob,氧化铝：AO-1：Al2O3≥98.6%：澳大利亚产：FOB价：奎纳纳港（日）,美元/吨,AL|AO,未识别,氧化铝|铝,氧化铝：AO-1：Al2O3≥98.6%：澳大利亚产：FOB价：奎纳纳港（日）,氧化铝:AO-1:Al2O3≥98.6%:澳大利亚产:FOB价:奎纳纳港(日,mixed_script,,,INDICATORS_V1_NAME,al_313_alumina_fob,1,1,synonym_merge,0.90,,,auto,P3_auto,0
A-00628,al_313_util,原铝系铝合金锭：开工率：中国（月）,百分比,未识别,未识别,无,al_313_util,al_313_util,latin_abbr,,,INDICATORS_V1_KEY,al_313_util,1,1,synonym_merge,0.90,,,auto,P3_auto,0
A-02670,al_313_util,原铝系铝合金锭：开工率：中国（月）,百分比,AL,开工率|开工,铝合金|原铝|铝,原铝系铝合金锭：开工率：中国（月）,原铝系铝合金锭:开工率:中国(月,canonical,,,INDICATORS_V1_NAME,al_313_util,1,1,synonym_merge,0.90,,,auto,P3_auto,0
A-00629,al_314_alumina_net_imp,氧化铝：净进口数量：中国（月）,吨,未识别,未识别,无,al_314_alumina_net_imp,al_314_alumina_net_imp,latin_abbr,,,INDICATORS_V1_KEY,al_314_alumina_net_imp,1,1,synonym_merge,0.90,,,auto,P3_auto,0
A-00630,al_314_bauxite_port_inv,铝土矿：进口：港口库存：中国（周）,吨,未识别,未识别,无,al_314_bauxite_port_inv,al_314_bauxite_port_inv,latin_abbr,,,INDICATORS_V1_KEY,al_314_bauxite_port_inv,1,1,synonym_merge,0.90,,,auto,P3_auto,0
A-00631,al_315_tc_tc,铝棒：6063：Φ120：加工费：佛山（日）,元/吨,未识别,未识别,无,al_315_tc_tc,al_315_tc_tc,latin_abbr,,,INDICATORS_V1_KEY,al_315_tc_tc,1,1,synonym_merge,0.90,,,auto,P3_auto,0
A-00632,al_315_tc_tc_percentile,铝棒：6063：Φ120：加工费：佛山（日）,元/吨,未识别,未识别,无,al_315_tc_tc_percentile,al_315_tc_tc_percentile,latin_abbr,,,INDICATORS_V1_KEY,al_315_tc_tc_percentile,1,1,synonym_merge,0.90,,,auto,P3_auto,0
A-00633,al_321_molten_ratio,电解铝：铝水比例：中国（月）,%,未识别,未识别,无,al_321_molten_ratio,al_321_molten_ratio,latin_abbr,,,INDICATORS_V1_KEY,al_321_molten_ratio,1,1,synonym_merge,0.90,,,auto,P3_auto,0
A-03623,al_321_molten_ratio,电解铝：铝水比例：中国（月）,%,AL,未识别,电解铝|铝,电解铝：铝水比例：中国（月）,电解铝:铝水比例:中国(月,canonical,,,INDICATORS_V1_NAME,al_321_molten_ratio,1,1,synonym_merge,0.90,,,auto,P3_auto,0
A-00634,al_323_import_scrap,废铝：进口数量终值：中国（月）,万吨,未识别,未识别,无,al_323_import_scrap,al_323_import_scrap,latin_abbr,,,INDICATORS_V1_KEY,al_323_import_scrap,1,1,synonym_merge,0.90,,,auto,P3_auto,0
A-03189,al_323_import_scrap,废铝：进口数量终值：中国（月）,万吨,AL,未识别,废铝|铝,废铝：进口数量终值：中国（月）,废铝:进口数量终值:中国(月,canonical,,,INDICATORS_V1_NAME,al_323_import_scrap,1,1,synonym_merge,0.90,,,auto,P3_auto,0
A-00635,al_323_inv_scrap,废铝：社会库存：中国（月）,吨,未识别,未识别,无,al_323_inv_scrap,al_323_inv_scrap,latin_abbr,,,INDICATORS_V1_KEY,al_323_inv_scrap,1,1,synonym_merge,0.90,,,auto,P3_auto,0
A-00636,al_324_cost,氧化铝：现金成本：中国（月）,元/吨,未识别,未识别,无,al_324_cost,al_324_cost,latin_abbr,,,INDICATORS_V1_KEY,al_324_cost,1,1,synonym_merge,0.90,,,auto,P3_auto,0
A-03318,al_324_cost,氧化铝：现金成本：中国（月）,元/吨,AL|AO,成本,氧化铝|铝,氧化铝：现金成本：中国（月）,氧化铝:现金成本:中国(月,canonical,,,INDICATORS_V1_NAME,al_324_cost,1,1,synonym_merge,0.90,,,auto,P3_auto,0
A-00637,al_3_1_2_bauxite,沸腾环贸: 铝土矿出港量_澳大利亚: 韦帕: 周度,,未识别,未识别,无,al_3_1_2_bauxite,al_3_1_2_bauxite,latin_abbr,,,INDICATORS_V1_KEY,al_3_1_2_bauxite,1,1,synonym_merge,0.90,,,auto,P3_auto,0
A-03430,al_3_1_2_bauxite,沸腾环贸: 铝土矿出港量_澳大利亚: 韦帕: 周度,,AL|AO,出港量,铝土矿|铝土|铝,沸腾环贸: 铝土矿出港量_澳大利亚: 韦帕: 周度,沸腾环贸:铝土矿出港量_澳大利亚:韦帕:周度,canonical,,,INDICATORS_V1_NAME,al_3_1_2_bauxite,1,1,synonym_merge,0.90,,,auto,P3_auto,0
A-00638,al_3_1_2_output,铝土矿：产量：澳大利亚（季）,,未识别,未识别,无,al_3_1_2_output,al_3_1_2_output,latin_abbr,,,INDICATORS_V1_KEY,al_3_1_2_output,1,1,synonym_merge,0.90,,,auto,P3_auto,0
A-00639,al_3_1_2_output_2,铝土矿：产量：西澳大利亚州（季）,,未识别,未识别,无,al_3_1_2_output_2,al_3_1_2_output_2,latin_abbr,,,INDICATORS_V1_KEY,al_3_1_2_output_2,1,1,synonym_merge,0.90,,,auto,P3_auto,0
A-00418,al_3_1_2_output_3,SMM:  海外铝土矿产量: 澳大利亚: 季度,,AL|AO,产量,铝土矿|铝土|铝,SMM:  海外铝土矿产量: 澳大利亚: 季度,SMM:海外铝土矿产量:澳大利亚:季度,mixed_script,,,INDICATORS_V1_NAME,al_3_1_2_output_3,1,1,synonym_merge,0.90,,,auto,P3_auto,0
A-00640,al_3_1_2_output_3,SMM:  海外铝土矿产量: 澳大利亚: 季度,,未识别,未识别,无,al_3_1_2_output_3,al_3_1_2_output_3,latin_abbr,,,INDICATORS_V1_KEY,al_3_1_2_output_3,1,1,synonym_merge,0.90,,,auto,P3_auto,0
A-00641,al_3_1_4_bauxite,铝土矿：三水型：45%Al，3%Si：几内亚产：汇总价格：曹妃甸港（日）,,未识别,未识别,无,al_3_1_4_bauxite,al_3_1_4_bauxite,latin_abbr,,,INDICATORS_V1_KEY,al_3_1_4_bauxite,1,1,synonym_merge,0.90,,,auto,P3_auto,0
A-04223,al_3_1_4_bauxite,铝土矿：三水型：45%Al，3%Si：几内亚产：汇总价格：曹妃甸港（日）,,AL|AO,价格,铝土矿|铝土|铝,铝土矿：三水型：45%Al，3%Si：几内亚产：汇总价格：曹妃甸港（日）,"铝土矿:三水型:45%Al,3%Si:几内亚产:汇总价格:曹妃甸港(日",mixed_script,,,INDICATORS_V1_NAME,al_3_1_4_bauxite,1,1,synonym_merge,0.90,,,auto,P3_auto,0
A-00642,al_3_1_4_bauxite_2,铝土矿：三水型：45%Al，3%Si：几内亚产：汇总价格：董家口港（日）,,未识别,未识别,无,al_3_1_4_bauxite_2,al_3_1_4_bauxite_2,latin_abbr,,,INDICATORS_V1_KEY,al_3_1_4_bauxite_2,1,1,synonym_merge,0.90,,,auto,P3_auto,0
A-04224,al_3_1_4_bauxite_2,铝土矿：三水型：45%Al，3%Si：几内亚产：汇总价格：董家口港（日）,,AL|AO,价格,铝土矿|铝土|铝,铝土矿：三水型：45%Al，3%Si：几内亚产：汇总价格：董家口港（日）,"铝土矿:三水型:45%Al,3%Si:几内亚产:汇总价格:董家口港(日",mixed_script,,,INDICATORS_V1_NAME,al_3_1_4_bauxite_2,1,1,synonym_merge,0.90,,,auto,P3_auto,0
A-00643,al_3_1_4_import,中国海关: 铝土矿进口均价: 几内亚: 月度,,未识别,未识别,无,al_3_1_4_import,al_3_1_4_import,latin_abbr,,,INDICATORS_V1_KEY,al_3_1_4_import,1,1,synonym_merge,0.90,,,auto,P3_auto,0
A-02371,al_3_1_4_import,中国海关: 铝土矿进口均价: 几内亚: 月度,,AL|AO,均价,铝土矿|铝土|铝,中国海关: 铝土矿进口均价: 几内亚: 月度,中国海关:铝土矿进口均价:几内亚:月度,canonical,,,INDICATORS_V1_NAME,al_3_1_4_import,1,1,synonym_merge,0.90,,,auto,P3_auto,0
A-00644,al_3_1_4_import_2,中国海关: 氧化铝进口量: 几内亚: 月度,,未识别,未识别,无,al_3_1_4_import_2,al_3_1_4_import_2,latin_abbr,,,INDICATORS_V1_KEY,al_3_1_4_import_2,1,1,synonym_merge,0.90,,,auto,P3_auto,0
A-02347,al_3_1_4_import_2,中国海关: 氧化铝进口量: 几内亚: 月度,,AL|AO,进口量,氧化铝|铝,中国海关: 氧化铝进口量: 几内亚: 月度,中国海关:氧化铝进口量:几内亚:月度,canonical,,,INDICATORS_V1_NAME,al_3_1_4_import_2,1,1,synonym_merge,0.90,,,auto,P3_auto,0
A-00645,al_3_1_4_import_3,中国海关: 中国废铝进口量: 几内亚: 月度,,未识别,未识别,无,al_3_1_4_import_3,al_3_1_4_import_3,latin_abbr,,,INDICATORS_V1_KEY,al_3_1_4_import_3,1,1,synonym_merge,0.90,,,auto,P3_auto,0
A-02337,al_3_1_4_import_3,中国海关: 中国废铝进口量: 几内亚: 月度,,AL,进口量,废铝|铝,中国海关: 中国废铝进口量: 几内亚: 月度,中国海关:中国废铝进口量:几内亚:月度,canonical,,,INDICATORS_V1_NAME,al_3_1_4_import_3,1,1,synonym_merge,0.90,,,auto,P3_auto,0
A-00417,al_3_1_4_output,SMM:  海外铝土矿产量: 几内亚: 季度,,AL|AO,产量,铝土矿|铝土|铝,SMM:  海外铝土矿产量: 几内亚: 季度,SMM:海外铝土矿产量:几内亚:季度,mixed_script,,,INDICATORS_V1_NAME,al_3_1_4_output,1,1,synonym_merge,0.90,,,auto,P3_auto,0
A-00646,al_3_1_4_output,SMM:  海外铝土矿产量: 几内亚: 季度,,未识别,未识别,无,al_3_1_4_output,al_3_1_4_output,latin_abbr,,,INDICATORS_V1_KEY,al_3_1_4_output,1,1,synonym_merge,0.90,,,auto,P3_auto,0
A-00647,al_3_arrival,铝土矿：到港量：全球→中国（周）,,未识别,未识别,无,al_3_arrival,al_3_arrival,latin_abbr,,,INDICATORS_V1_KEY,al_3_arrival,1,1,synonym_merge,0.90,,,auto,P3_auto,0
A-04229,al_3_arrival,铝土矿：到港量：全球→中国（周）,,AL|AO,到港量,铝土矿|铝土|铝,铝土矿：到港量：全球→中国（周）,铝土矿:到港量:全球→中国(周,canonical,,,INDICATORS_V1_NAME,al_3_arrival,1,1,synonym_merge,0.90,,,auto,P3_auto,0
A-00648,al_3_import,未锻轧铝及铝材：进口数量终值：中国（月）,,未识别,未识别,无,al_3_import,al_3_import,latin_abbr,,,INDICATORS_V1_KEY,al_3_import,1,1,synonym_merge,0.90,,,auto,P3_auto,0
A-03265,al_3_import,未锻轧铝及铝材：进口数量终值：中国（月）,,AL,未识别,铝材|铝,未锻轧铝及铝材：进口数量终值：中国（月）,未锻轧铝及铝材:进口数量终值:中国(月,cross_report_synonym,,,INDICATORS_V1_NAME|THS_MATCHED,THS-AL-6.2|al_3_import,1,2,synonym_merge,0.90,,,auto,P3_auto,0
A-00649,al_3_import_alumina,氧化铝：净进口数量：中国（月）,,未识别,未识别,无,al_3_import_alumina,al_3_import_alumina,latin_abbr,,,INDICATORS_V1_KEY,al_3_import_alumina,1,1,synonym_merge,0.90,,,auto,P3_auto,0
A-00650,al_3_import_alumina_2,中国海关: 氧化铝进口量: 月度,,未识别,未识别,无,al_3_import_alumina_2,al_3_import_alumina_2,latin_abbr,,,INDICATORS_V1_KEY,al_3_import_alumina_2,1,1,synonym_merge,0.90,,,auto,P3_auto,0
A-00651,al_3_import_alumina_3,氧化铝：进口盈亏：中国（日）,,未识别,未识别,无,al_3_import_alumina_3,al_3_import_alumina_3,latin_abbr,,,INDICATORS_V1_KEY,al_3_import_alumina_3,1,1,synonym_merge,0.90,,,auto,P3_auto,0
A-03320,al_3_import_alumina_3,氧化铝：进口盈亏：中国（日）,,AL|AO,盈亏,氧化铝|铝,氧化铝：进口盈亏：中国（日）,氧化铝:进口盈亏:中国(日,canonical,,,INDICATORS_V1_NAME,al_3_import_alumina_3,1,1,synonym_merge,0.90,,,auto,P3_auto,0
A-00081,al_3_lme_inv_warrant,LME：原铝：非仓单库存：全球（日）,,AL,非仓单|库存|仓单,原铝|铝,LME：原铝：非仓单库存：全球（日）,LME:原铝:非仓单库存:全球(日,mixed_script,,,INDICATORS_V1_NAME,al_3_lme_inv_warrant,1,1,synonym_merge,0.90,,,auto,P3_auto,0
A-00652,al_3_lme_inv_warrant,LME：原铝：非仓单库存：全球（日）,,未识别,未识别,无,al_3_lme_inv_warrant,al_3_lme_inv_warrant,latin_abbr,,,INDICATORS_V1_KEY,al_3_lme_inv_warrant,1,1,synonym_merge,0.90,,,auto,P3_auto,0
A-00653,al_3_lme_warrant,LME：铝：注册仓单（日）,,未识别,未识别,无,al_3_lme_warrant,al_3_lme_warrant,latin_abbr,,,INDICATORS_V1_KEY,al_3_lme_warrant,1,1,synonym_merge,0.90,,,auto,P3_auto,0
A-00654,al_3_output,铝挤压材：产量：中国（年）,,未识别,未识别,无,al_3_output,al_3_output,latin_abbr,,,INDICATORS_V1_KEY,al_3_output,1,1,synonym_merge,0.90,,,auto,P3_auto,0
A-04261,al_3_output,铝挤压材：产量：中国（年）,,AL,产量,铝,铝挤压材：产量：中国（年）,铝挤压材:产量:中国(年,canonical,,,INDICATORS_V1_NAME,al_3_output,1,1,synonym_merge,0.90,,,auto,P3_auto,0
A-00655,al_3_output_2,建筑模板铝型材：产量：中国（年）,,未识别,未识别,无,al_3_output_2,al_3_output_2,latin_abbr,,,INDICATORS_V1_KEY,al_3_output_2,1,1,synonym_merge,0.90,,,auto,P3_auto,0
A-03192,al_3_output_2,建筑模板铝型材：产量：中国（年）,,AL,产量,铝,建筑模板铝型材：产量：中国（年）,建筑模板铝型材:产量:中国(年,canonical,,,INDICATORS_V1_NAME,al_3_output_2,1,1,synonym_merge,0.90,,,auto,P3_auto,0
A-00550,al_3_usgs_import,USGS：铝矿：进口数量：澳大利亚→美国（月）,,AL,未识别,铝,USGS：铝矿：进口数量：澳大利亚→美国（月）,USGS:铝矿:进口数量:澳大利亚→美国(月,mixed_script,,,INDICATORS_V1_NAME,al_3_usgs_import,1,1,synonym_merge,0.90,,,auto,P3_auto,0
A-00656,al_3_usgs_import,USGS：铝矿：进口数量：澳大利亚→美国（月）,,未识别,未识别,无,al_3_usgs_import,al_3_usgs_import,latin_abbr,,,INDICATORS_V1_KEY,al_3_usgs_import,1,1,synonym_merge,0.90,,,auto,P3_auto,0
A-00548,al_3_usgs_import_2,USGS：铝合金：原料：进口数量：加拿大→美国（月）,,AL,未识别,铝合金|铝,USGS：铝合金：原料：进口数量：加拿大→美国（月）,USGS:铝合金:原料:进口数量:加拿大→美国(月,mixed_script,,,INDICATORS_V1_NAME,al_3_usgs_import_2,1,1,synonym_merge,0.90,,,auto,P3_auto,0
A-00657,al_3_usgs_import_2,USGS：铝合金：原料：进口数量：加拿大→美国（月）,,未识别,未识别,无,al_3_usgs_import_2,al_3_usgs_import_2,latin_abbr,,,INDICATORS_V1_KEY,al_3_usgs_import_2,1,1,synonym_merge,0.90,,,auto,P3_auto,0
A-00658,al_41_inv,氧化铝：库存：中国（周）,万吨,未识别,未识别,无,al_41_inv,al_41_inv,latin_abbr,,,INDICATORS_V1_KEY,al_41_inv,1,1,synonym_merge,0.90,,,auto,P3_auto,0
A-00659,al_41_lme_warrant,LME：铝：注销仓单（日）,吨,未识别,未识别,无,al_41_lme_warrant,al_41_lme_warrant,latin_abbr,,,INDICATORS_V1_KEY,al_41_lme_warrant,1,1,synonym_merge,0.90,,,auto,P3_auto,0
A-00660,al_41_lme_warrant_ratio,LME：铝：注销占比（日）,百分比,未识别,未识别,无,al_41_lme_warrant_ratio,al_41_lme_warrant_ratio,latin_abbr,,,INDICATORS_V1_KEY,al_41_lme_warrant_ratio,1,1,synonym_merge,0.90,,,auto,P3_auto,0
A-00661,al_41_warrant,LME：铝：注销仓单（日）,吨,未识别,未识别,无,al_41_warrant,al_41_warrant,latin_abbr,,,INDICATORS_V1_KEY,al_41_warrant,1,1,synonym_merge,0.90,,,auto,P3_auto,0
A-00662,al_41_warrant_ratio,LME：铝：注销仓单（日）,吨,未识别,未识别,无,al_41_warrant_ratio,al_41_warrant_ratio,latin_abbr,,,INDICATORS_V1_KEY,al_41_warrant_ratio,1,1,synonym_merge,0.90,,,auto,P3_auto,0
A-00392,al_43_inv_plant,SMM: 国内电解铝厂内库存: 周度,,AL,厂内库存|库存,电解铝|铝,SMM: 国内电解铝厂内库存: 周度,SMM:国内电解铝厂内库存:周度,cross_report_synonym,,,INDICATORS_V1_NAME|THS_MATCHED,THS-NI-4.4|al_43_inv_plant,1,2,synonym_merge,0.90,,,auto,P3_auto,0
A-00663,al_43_inv_plant,SMM: 国内电解铝厂内库存: 周度,,未识别,未识别,无,al_43_inv_plant,al_43_inv_plant,latin_abbr,,,INDICATORS_V1_KEY,al_43_inv_plant,1,1,synonym_merge,0.90,,,auto,P3_auto,0
A-00664,al_45_inv_implicit_percentile,氧化铝：库存：中国（周）,万吨,未识别,未识别,无,al_45_inv_implicit_percentile,al_45_inv_implicit_percentile,latin_abbr,,,INDICATORS_V1_KEY,al_45_inv_implicit_percentile,1,1,synonym_merge,0.90,,,auto,P3_auto,0
A-00665,al_4_inv_aluminum,电解铝：现货库存：天津（日）,,未识别,未识别,无,al_4_inv_aluminum,al_4_inv_aluminum,latin_abbr,,,INDICATORS_V1_KEY,al_4_inv_aluminum,1,1,synonym_merge,0.90,,,auto,P3_auto,0
A-00666,al_4_inv_aluminum_2,电解铝：厂内库存：中国（日）,,未识别,未识别,无,al_4_inv_aluminum_2,al_4_inv_aluminum_2,latin_abbr,,,INDICATORS_V1_KEY,al_4_inv_aluminum_2,1,1,synonym_merge,0.90,,,auto,P3_auto,0
A-00667,al_51_capacity_util,铝箔：加权平均产能利用率：中国（月）,,未识别,未识别,无,al_51_capacity_util,al_51_capacity_util,latin_abbr,,,INDICATORS_V1_KEY,al_51_capacity_util,1,1,synonym_merge,0.90,,,auto,P3_auto,0
A-04284,al_51_capacity_util,铝箔：加权平均产能利用率：中国（月）,,AL,产能利用率|产能,铝,铝箔：加权平均产能利用率：中国（月）,铝箔:加权平均产能利用率:中国(月,canonical,,,INDICATORS_V1_NAME,al_51_capacity_util,1,1,synonym_merge,0.90,,,auto,P3_auto,0
A-00668,al_51_capacity_util_2,铝型材：样本加权平均产能利用率：中国（月）,,未识别,未识别,无,al_51_capacity_util_2,al_51_capacity_util_2,latin_abbr,,,INDICATORS_V1_KEY,al_51_capacity_util_2,1,1,synonym_merge,0.90,,,auto,P3_auto,0
A-04260,al_51_capacity_util_2,铝型材：样本加权平均产能利用率：中国（月）,,AL,产能利用率|产能,铝,铝型材：样本加权平均产能利用率：中国（月）,铝型材:样本加权平均产能利用率:中国(月,canonical,,,INDICATORS_V1_NAME,al_51_capacity_util_2,1,1,synonym_merge,0.90,,,auto,P3_auto,0
A-00669,al_51_cons,氟化铝：表观消费量：中国（年）,万吨,未识别,未识别,无,al_51_cons,al_51_cons,latin_abbr,,,INDICATORS_V1_KEY,al_51_cons,1,1,synonym_merge,0.90,,,auto,P3_auto,0
A-03288,al_51_cons,氟化铝：表观消费量：中国（年）,万吨,AL,表观消费|消费量|消费,铝,氟化铝：表观消费量：中国（年）,氟化铝:表观消费量:中国(年,canonical,,,INDICATORS_V1_NAME,al_51_cons,1,1,synonym_merge,0.90,,,auto,P3_auto,0
A-00428,al_51_util,SMM: 电解铝开工率: 月度,百分比,AL,开工率|开工,电解铝|铝,SMM: 电解铝开工率: 月度,SMM:电解铝开工率:月度,mixed_script,,,INDICATORS_V1_NAME,al_51_util,1,1,synonym_merge,0.90,,,auto,P3_auto,0
A-00670,al_51_util,SMM: 电解铝开工率: 月度,百分比,未识别,未识别,无,al_51_util,al_51_util,latin_abbr,,,INDICATORS_V1_KEY,al_51_util,1,1,synonym_merge,0.90,,,auto,P3_auto,0
A-00671,al_51_util_capacity,铝板带箔：大型企业：开工率：产能＞20万吨（月）,,未识别,未识别,无,al_51_util_capacity,al_51_util_capacity,latin_abbr,,,INDICATORS_V1_KEY,al_51_util_capacity,1,1,synonym_merge,0.90,,,auto,P3_auto,0
A-04272,al_51_util_capacity,铝板带箔：大型企业：开工率：产能＞20万吨（月）,,AL,开工率|开工|产能,铝板|铝,铝板带箔：大型企业：开工率：产能＞20万吨（月）,铝板带箔:大型企业:开工率:产能＞20万吨(月,canonical,,,INDICATORS_V1_NAME,al_51_util_capacity,1,1,synonym_merge,0.90,,,auto,P3_auto,0
A-00427,al_51_util_week,SMM: 电解铝开工率: 周度,百分比,AL,开工率|开工,电解铝|铝,SMM: 电解铝开工率: 周度,SMM:电解铝开工率:周度,mixed_script,,,INDICATORS_V1_NAME,al_51_util_week,1,1,synonym_merge,0.90,,,auto,P3_auto,0
A-00672,al_51_util_week,SMM: 电解铝开工率: 周度,百分比,未识别,未识别,无,al_51_util_week,al_51_util_week,latin_abbr,,,INDICATORS_V1_KEY,al_51_util_week,1,1,synonym_merge,0.90,,,auto,P3_auto,0
A-00673,al_52_cons,电解铝：消费量：中国（月）,万吨,未识别,未识别,无,al_52_cons,al_52_cons,latin_abbr,,,INDICATORS_V1_KEY,al_52_cons,1,1,synonym_merge,0.90,,,auto,P3_auto,0
A-00674,al_52_inv_alumina,氧化铝：港口库存：中国（周）,,未识别,未识别,无,al_52_inv_alumina,al_52_inv_alumina,latin_abbr,,,INDICATORS_V1_KEY,al_52_inv_alumina,1,1,synonym_merge,0.90,,,auto,P3_auto,0
A-00675,al_52_output,氟化铝：产量：中国（季）,万吨,未识别,未识别,无,al_52_output,al_52_output,latin_abbr,,,INDICATORS_V1_KEY,al_52_output,1,1,synonym_merge,0.90,,,auto,P3_auto,0
A-03287,al_52_output,氟化铝：产量：中国（季）,万吨,AL,产量,铝,氟化铝：产量：中国（季）,氟化铝:产量:中国(季,canonical,,,INDICATORS_V1_NAME,al_52_output,1,1,synonym_merge,0.90,,,auto,P3_auto,0
A-00676,al_52_output_2,建筑铝型材：产量：中国（年）,,未识别,未识别,无,al_52_output_2,al_52_output_2,latin_abbr,,,INDICATORS_V1_KEY,al_52_output_2,1,1,synonym_merge,0.90,,,auto,P3_auto,0
A-03193,al_52_output_2,建筑铝型材：产量：中国（年）,,AL,产量,铝,建筑铝型材：产量：中国（年）,建筑铝型材:产量:中国(年,canonical,,,INDICATORS_V1_NAME,al_52_output_2,1,1,synonym_merge,0.90,,,auto,P3_auto,0
A-00677,al_53_close_front,SHFE：铝：主力合约：收盘价（日）,元/吨,未识别,未识别,无,al_53_close_front,al_53_close_front,latin_abbr,,,INDICATORS_V1_KEY,al_53_close_front,1,1,synonym_merge,0.90,,,auto,P3_auto,0
A-00678,al_53_export,中国海关: 铝材出口量: 环比: 月度,,未识别,未识别,无,al_53_export,al_53_export,latin_abbr,,,INDICATORS_V1_KEY,al_53_export,1,1,synonym_merge,0.90,,,auto,P3_auto,0
A-00679,al_61_alumina_port_inv,氧化铝：港口库存：中国（周）,吨,未识别,未识别,无,al_61_alumina_port_inv,al_61_alumina_port_inv,latin_abbr,,,INDICATORS_V1_KEY,al_61_alumina_port_inv,1,1,synonym_merge,0.90,,,auto,P3_auto,0
A-00680,al_62_import,铝土矿：进口：港口库存：中国（周）,万吨,未识别,未识别,无,al_62_import,al_62_import,latin_abbr,,,INDICATORS_V1_KEY,al_62_import,1,1,synonym_merge,0.90,,,auto,P3_auto,0
A-00239,al_62_lunlun,Mysteel：铝：沪伦比值（日）,,AL,未识别,铝,Mysteel：铝：沪伦比值（日）,Mysteel:铝:沪伦比值(日,cross_report_synonym,,,INDICATORS_V1_NAME|THS_MATCHED,THS-AL-4.1|THS-AL-4.2|al_62_lunlun,1,3,synonym_merge,0.90,,,auto,P3_auto,0
A-00681,al_62_lunlun,Mysteel：铝：沪伦比值（日）,,未识别,未识别,无,al_62_lunlun,al_62_lunlun,latin_abbr,,,INDICATORS_V1_KEY,al_62_lunlun,1,1,synonym_merge,0.90,,,auto,P3_auto,0
A-00682,al_63_export,铝制品：出口金额：安徽（月）,美元,未识别,未识别,无,al_63_export,al_63_export,latin_abbr,,,INDICATORS_V1_KEY,al_63_export,1,1,synonym_merge,0.90,,,auto,P3_auto,0
A-04216,al_63_export,铝制品：出口金额：安徽（月）,美元,AL,未识别,铝,铝制品：出口金额：安徽（月）,铝制品:出口金额:安徽(月,canonical,,,INDICATORS_V1_NAME,al_63_export,1,1,synonym_merge,0.90,,,auto,P3_auto,0
A-00683,al_64_alumina_port_inv_jz,氧化铝：港口库存：锦州港（周）,吨,未识别,未识别,无,al_64_alumina_port_inv_jz,al_64_alumina_port_inv_jz,latin_abbr,,,INDICATORS_V1_KEY,al_64_alumina_port_inv_jz,1,1,synonym_merge,0.90,,,auto,P3_auto,0
A-00684,al_6_1_import,巴西：进口数量：氧化铝（周）,,未识别,未识别,无,al_6_1_import,al_6_1_import,latin_abbr,,,INDICATORS_V1_KEY,al_6_1_import,1,1,synonym_merge,0.90,,,auto,P3_auto,0
A-03158,al_6_1_import,巴西：进口数量：氧化铝（周）,,AL|AO,未识别,氧化铝|铝,巴西：进口数量：氧化铝（周）,巴西:进口数量:氧化铝(周,canonical,,,INDICATORS_V1_NAME,al_6_1_import,1,1,synonym_merge,0.90,,,auto,P3_auto,0
A-00685,al_6_1_import_2,巴西：进口金额：氧化铝（周）,,未识别,未识别,无,al_6_1_import_2,al_6_1_import_2,latin_abbr,,,INDICATORS_V1_KEY,al_6_1_import_2,1,1,synonym_merge,0.90,,,auto,P3_auto,0
A-03160,al_6_1_import_2,巴西：进口金额：氧化铝（周）,,AL|AO,未识别,氧化铝|铝,巴西：进口金额：氧化铝（周）,巴西:进口金额:氧化铝(周,canonical,,,INDICATORS_V1_NAME,al_6_1_import_2,1,1,synonym_merge,0.90,,,auto,P3_auto,0
A-00686,al_6_1_import_3,巴西：进口单价：氧化铝（周）,,未识别,未识别,无,al_6_1_import_3,al_6_1_import_3,latin_abbr,,,INDICATORS_V1_KEY,al_6_1_import_3,1,1,synonym_merge,0.90,,,auto,P3_auto,0
A-03157,al_6_1_import_3,巴西：进口单价：氧化铝（周）,,AL|AO,未识别,氧化铝|铝,巴西：进口单价：氧化铝（周）,巴西:进口单价:氧化铝(周,canonical,,,INDICATORS_V1_NAME,al_6_1_import_3,1,1,synonym_merge,0.90,,,auto,P3_auto,0
A-00396,al_6_1_import_4,SMM: 山东氧化铝利润模型（进口矿产能）: 利润: 日度,,AL|AO,利润|产能,氧化铝|铝,SMM: 山东氧化铝利润模型（进口矿产能）: 利润: 日度,SMM:山东氧化铝利润模型(进口矿产能,unit_variant,:利润:日度,,INDICATORS_V1_NAME,al_6_1_import_4,1,1,synonym_merge,0.90,,,auto,P3_auto,0
A-00687,al_6_1_import_4,SMM: 山东氧化铝利润模型（进口矿产能）: 利润: 日度,,未识别,未识别,无,al_6_1_import_4,al_6_1_import_4,latin_abbr,,,INDICATORS_V1_KEY,al_6_1_import_4,1,1,synonym_merge,0.90,,,auto,P3_auto,0
A-00397,al_6_1_import_5,SMM: 山西氧化铝利润模型（进口矿产能): 利润: 日度,,AL|AO,利润|产能,氧化铝|铝,SMM: 山西氧化铝利润模型（进口矿产能): 利润: 日度,SMM:山西氧化铝利润模型(进口矿产能,unit_variant,:利润:日度,,INDICATORS_V1_NAME,al_6_1_import_5,1,1,synonym_merge,0.90,,,auto,P3_auto,0
A-00688,al_6_1_import_5,SMM: 山西氧化铝利润模型（进口矿产能): 利润: 日度,,未识别,未识别,无,al_6_1_import_5,al_6_1_import_5,latin_abbr,,,INDICATORS_V1_KEY,al_6_1_import_5,1,1,synonym_merge,0.90,,,auto,P3_auto,0
A-00410,al_6_1_import_6,SMM: 河南氧化铝利润模型（进口矿产能): 利润: 日度,,AL|AO,利润|产能,氧化铝|铝,SMM: 河南氧化铝利润模型（进口矿产能): 利润: 日度,SMM:河南氧化铝利润模型(进口矿产能,unit_variant,:利润:日度,,INDICATORS_V1_NAME,al_6_1_import_6,1,1,synonym_merge,0.90,,,auto,P3_auto,0
A-00689,al_6_1_import_6,SMM: 河南氧化铝利润模型（进口矿产能): 利润: 日度,,未识别,未识别,无,al_6_1_import_6,al_6_1_import_6,latin_abbr,,,INDICATORS_V1_KEY,al_6_1_import_6,1,1,synonym_merge,0.90,,,auto,P3_auto,0
A-00400,al_6_1_import_7,SMM: 广西氧化铝利润模型（进口矿产能）: 利润: 日度,,AL|AO,利润|产能,氧化铝|铝,SMM: 广西氧化铝利润模型（进口矿产能）: 利润: 日度,SMM:广西氧化铝利润模型(进口矿产能,unit_variant,:利润:日度,,INDICATORS_V1_NAME,al_6_1_import_7,1,1,synonym_merge,0.90,,,auto,P3_auto,0
A-00690,al_6_1_import_7,SMM: 广西氧化铝利润模型（进口矿产能）: 利润: 日度,,未识别,未识别,无,al_6_1_import_7,al_6_1_import_7,latin_abbr,,,INDICATORS_V1_KEY,al_6_1_import_7,1,1,synonym_merge,0.90,,,auto,P3_auto,0
A-00691,al_6_1_import_8,中国海关: 铝土矿进口量: 月度,,未识别,未识别,无,al_6_1_import_8,al_6_1_import_8,latin_abbr,,,INDICATORS_V1_KEY,al_6_1_import_8,1,1,synonym_merge,0.90,,,auto,P3_auto,0
A-00692,al_6_4_output,氧化铝：产量：重庆（月）,,未识别,未识别,无,al_6_4_output,al_6_4_output,latin_abbr,,,INDICATORS_V1_KEY,al_6_4_output,1,1,synonym_merge,0.90,,,auto,P3_auto,0
A-03312,al_6_4_output,氧化铝：产量：重庆（月）,,AL|AO,产量,氧化铝|铝,氧化铝：产量：重庆（月）,氧化铝:产量:重庆(月,canonical,,,INDICATORS_V1_NAME,al_6_4_output,1,1,synonym_merge,0.90,,,auto,P3_auto,0
A-00693,al_6_4_output_2,氧化铝：产量：广西（月）,,未识别,未识别,无,al_6_4_output_2,al_6_4_output_2,latin_abbr,,,INDICATORS_V1_KEY,al_6_4_output_2,1,1,synonym_merge,0.90,,,auto,P3_auto,0
A-03309,al_6_4_output_2,氧化铝：产量：广西（月）,,AL|AO,产量,氧化铝|铝,氧化铝：产量：广西（月）,氧化铝:产量:广西(月,canonical,,,INDICATORS_V1_NAME,al_6_4_output_2,1,1,synonym_merge,0.90,,,auto,P3_auto,0
A-00694,al_6_4_output_3,氧化铝：产量：贵州（月）,,未识别,未识别,无,al_6_4_output_3,al_6_4_output_3,latin_abbr,,,INDICATORS_V1_KEY,al_6_4_output_3,1,1,synonym_merge,0.90,,,auto,P3_auto,0
A-03311,al_6_4_output_3,氧化铝：产量：贵州（月）,,AL|AO,产量,氧化铝|铝,氧化铝：产量：贵州（月）,氧化铝:产量:贵州(月,canonical,,,INDICATORS_V1_NAME,al_6_4_output_3,1,1,synonym_merge,0.90,,,auto,P3_auto,0
A-00695,al_6_4_output_4,氧化铝：产量：河南（月）,,未识别,未识别,无,al_6_4_output_4,al_6_4_output_4,latin_abbr,,,INDICATORS_V1_KEY,al_6_4_output_4,1,1,synonym_merge,0.90,,,auto,P3_auto,0
A-03310,al_6_4_output_4,氧化铝：产量：河南（月）,,AL|AO,产量,氧化铝|铝,氧化铝：产量：河南（月）,氧化铝:产量:河南(月,canonical,,,INDICATORS_V1_NAME,al_6_4_output_4,1,1,synonym_merge,0.90,,,auto,P3_auto,0
A-00416,al_6_4_output_5,SMM: 海外氧化铝产量 - 印度: 月度,,AL|AO,产量,氧化铝|铝,SMM: 海外氧化铝产量 - 印度: 月度,SMM:海外氧化铝产量-印度:月度,mixed_script,,,INDICATORS_V1_NAME,al_6_4_output_5,1,1,synonym_merge,0.90,,,auto,P3_auto,0
A-00696,al_6_4_output_5,SMM: 海外氧化铝产量 - 印度: 月度,,未识别,未识别,无,al_6_4_output_5,al_6_4_output_5,latin_abbr,,,INDICATORS_V1_KEY,al_6_4_output_5,1,1,synonym_merge,0.90,,,auto,P3_auto,0
A-00415,al_6_4_output_6,SMM: 海外氧化铝产量 - 印尼: 月度,,AL|AO,产量,氧化铝|铝,SMM: 海外氧化铝产量 - 印尼: 月度,SMM:海外氧化铝产量-印尼:月度,mixed_script,,,INDICATORS_V1_NAME,al_6_4_output_6,1,1,synonym_merge,0.90,,,auto,P3_auto,0
A-00697,al_6_4_output_6,SMM: 海外氧化铝产量 - 印尼: 月度,,未识别,未识别,无,al_6_4_output_6,al_6_4_output_6,latin_abbr,,,INDICATORS_V1_KEY,al_6_4_output_6,1,1,synonym_merge,0.90,,,auto,P3_auto,0
A-00413,al_6_4_output_7,SMM: 海外氧化铝产量 - 北美: 月度,,AL|AO,产量,氧化铝|铝,SMM: 海外氧化铝产量 - 北美: 月度,SMM:海外氧化铝产量-北美:月度,mixed_script,,,INDICATORS_V1_NAME,al_6_4_output_7,1,1,synonym_merge,0.90,,,auto,P3_auto,0
A-00698,al_6_4_output_7,SMM: 海外氧化铝产量 - 北美: 月度,,未识别,未识别,无,al_6_4_output_7,al_6_4_output_7,latin_abbr,,,INDICATORS_V1_KEY,al_6_4_output_7,1,1,synonym_merge,0.90,,,auto,P3_auto,0
A-00414,al_6_4_output_8,SMM: 海外氧化铝产量 - 南美: 月度,,AL|AO,产量,氧化铝|铝,SMM: 海外氧化铝产量 - 南美: 月度,SMM:海外氧化铝产量-南美:月度,mixed_script,,,INDICATORS_V1_NAME,al_6_4_output_8,1,1,synonym_merge,0.90,,,auto,P3_auto,0
A-00699,al_6_4_output_8,SMM: 海外氧化铝产量 - 南美: 月度,,未识别,未识别,无,al_6_4_output_8,al_6_4_output_8,latin_abbr,,,INDICATORS_V1_KEY,al_6_4_output_8,1,1,synonym_merge,0.90,,,auto,P3_auto,0
A-00412,al_6_4_output_9,SMM: 海外氧化铝产量 - 俄罗斯: 月度,,AL|AO,产量,氧化铝|铝,SMM: 海外氧化铝产量 - 俄罗斯: 月度,SMM:海外氧化铝产量-俄罗斯:月度,mixed_script,,,INDICATORS_V1_NAME,al_6_4_output_9,1,1,synonym_merge,0.90,,,auto,P3_auto,0
A-00700,al_6_4_output_9,SMM: 海外氧化铝产量 - 俄罗斯: 月度,,未识别,未识别,无,al_6_4_output_9,al_6_4_output_9,latin_abbr,,,INDICATORS_V1_KEY,al_6_4_output_9,1,1,synonym_merge,0.90,,,auto,P3_auto,0
A-00701,al_71_cost,电解铝：生产现金成本：中国（月）,元/吨,未识别,未识别,无,al_71_cost,al_71_cost,latin_abbr,,,INDICATORS_V1_KEY,al_71_cost,1,1,synonym_merge,0.90,,,auto,P3_auto,0
A-03621,al_71_cost,电解铝：生产现金成本：中国（月）,元/吨,AL,成本,电解铝|铝,电解铝：生产现金成本：中国（月）,电解铝:生产现金成本:中国(月,canonical,,,INDICATORS_V1_NAME,al_71_cost,1,1,synonym_merge,0.90,,,auto,P3_auto,0
A-00702,al_71_cost_aluminum,电解铝：生产完全成本：中国（月）,,未识别,未识别,无,al_71_cost_aluminum,al_71_cost_aluminum,latin_abbr,,,INDICATORS_V1_KEY,al_71_cost_aluminum,1,1,synonym_merge,0.90,,,auto,P3_auto,0
A-03616,al_71_cost_aluminum,电解铝：生产完全成本：中国（月）,,AL,完全成本|成本,电解铝|铝,电解铝：生产完全成本：中国（月）,电解铝:生产完全成本:中国(月,canonical,,,INDICATORS_V1_NAME,al_71_cost_aluminum,1,1,synonym_merge,0.90,,,auto,P3_auto,0
A-00703,al_71_tc,铝棒：6063：Φ120：加工费均价：中国（日）,元/吨,未识别,未识别,无,al_71_tc,al_71_tc,latin_abbr,,,INDICATORS_V1_KEY,al_71_tc,1,1,synonym_merge,0.90,,,auto,P3_auto,0
A-04275,al_71_tc,铝棒：6063：Φ120：加工费均价：中国（日）,元/吨,AL,加工费|均价,铝棒|铝,铝棒：6063：Φ120：加工费均价：中国（日）,铝棒:6063:Φ120:加工费均价:中国(日,numeric_code,,,INDICATORS_V1_NAME,al_71_tc,1,1,synonym_merge,0.90,,,auto,P3_auto,0
A-00704,al_72_alf3_price,氟化铝：AF-1级：出厂价：华东地区：山东昭和（日）,元/吨,未识别,未识别,无,al_72_alf3_price,al_72_alf3_price,latin_abbr,,,INDICATORS_V1_KEY,al_72_alf3_price,1,1,synonym_merge,0.90,,,auto,P3_auto,0
A-03286,al_72_alf3_price,氟化铝：AF-1级：出厂价：华东地区：山东昭和（日）,元/吨,AL,未识别,铝,氟化铝：AF-1级：出厂价：华东地区：山东昭和（日）,氟化铝:AF-1级:出厂价:华东地区:山东昭和(日,mixed_script,,,INDICATORS_V1_NAME,al_72_alf3_price,1,1,synonym_merge,0.90,,,auto,P3_auto,0
A-00705,al_73_alumina_price_gx,氧化铝：长单均价：广西（月）,元/吨,未识别,未识别,无,al_73_alumina_price_gx,al_73_alumina_price_gx,latin_abbr,,,INDICATORS_V1_KEY,al_73_alumina_price_gx,1,1,synonym_merge,0.90,,,auto,P3_auto,0
A-03321,al_73_alumina_price_gx,氧化铝：长单均价：广西（月）,元/吨,AL|AO,均价,氧化铝|铝,氧化铝：长单均价：广西（月）,氧化铝:长单均价:广西(月,canonical,,,INDICATORS_V1_NAME,al_73_alumina_price_gx,1,1,synonym_merge,0.90,,,auto,P3_auto,0
A-00706,al_73_anode_price_gx,预焙阳极：TY-1：市场价：广西（日）,元/吨,未识别,未识别,无,al_73_anode_price_gx,al_73_anode_price_gx,latin_abbr,,,INDICATORS_V1_KEY,al_73_anode_price_gx,1,1,synonym_merge,0.90,,,auto,P3_auto,0
A-04610,al_73_anode_price_gx,预焙阳极：TY-1：市场价：广西（日）,元/吨,未识别,未识别,无,预焙阳极：TY-1：市场价：广西（日）,预焙阳极:TY-1:市场价:广西(日,mixed_script,,,INDICATORS_V1_NAME,al_73_anode_price_gx,1,1,synonym_merge,0.90,,,auto,P3_auto,0
A-00707,al_7_3_cost,电解铝：生产完全成本：重庆（月）,,未识别,未识别,无,al_7_3_cost,al_7_3_cost,latin_abbr,,,INDICATORS_V1_KEY,al_7_3_cost,1,1,synonym_merge,0.90,,,auto,P3_auto,0
A-03620,al_7_3_cost,电解铝：生产完全成本：重庆（月）,,AL,完全成本|成本,电解铝|铝,电解铝：生产完全成本：重庆（月）,电解铝:生产完全成本:重庆(月,canonical,,,INDICATORS_V1_NAME,al_7_3_cost,1,1,synonym_merge,0.90,,,auto,P3_auto,0
A-00708,al_7_3_cost_2,电解铝：生产完全成本：福建（月）,,未识别,未识别,无,al_7_3_cost_2,al_7_3_cost_2,latin_abbr,,,INDICATORS_V1_KEY,al_7_3_cost_2,1,1,synonym_merge,0.90,,,auto,P3_auto,0
A-03619,al_7_3_cost_2,电解铝：生产完全成本：福建（月）,,AL,完全成本|成本,电解铝|铝,电解铝：生产完全成本：福建（月）,电解铝:生产完全成本:福建(月,canonical,,,INDICATORS_V1_NAME,al_7_3_cost_2,1,1,synonym_merge,0.90,,,auto,P3_auto,0
A-00709,al_7_3_cost_3,电解铝：生产完全成本：甘肃（月）,,未识别,未识别,无,al_7_3_cost_3,al_7_3_cost_3,latin_abbr,,,INDICATORS_V1_KEY,al_7_3_cost_3,1,1,synonym_merge,0.90,,,auto,P3_auto,0
A-03618,al_7_3_cost_3,电解铝：生产完全成本：甘肃（月）,,AL,完全成本|成本,电解铝|铝,电解铝：生产完全成本：甘肃（月）,电解铝:生产完全成本:甘肃(月,canonical,,,INDICATORS_V1_NAME,al_7_3_cost_3,1,1,synonym_merge,0.90,,,auto,P3_auto,0
A-00710,al_7_3_cost_4,电解铝：生产完全成本：广西（月）,,未识别,未识别,无,al_7_3_cost_4,al_7_3_cost_4,latin_abbr,,,INDICATORS_V1_KEY,al_7_3_cost_4,1,1,synonym_merge,0.90,,,auto,P3_auto,0
A-03617,al_7_3_cost_4,电解铝：生产完全成本：广西（月）,,AL,完全成本|成本,电解铝|铝,电解铝：生产完全成本：广西（月）,电解铝:生产完全成本:广西(月,canonical,,,INDICATORS_V1_NAME,al_7_3_cost_4,1,1,synonym_merge,0.90,,,auto,P3_auto,0
A-00429,al_7_3_cost_5,SMM: 电解铝成本利润模型: 电价: 日度,,AL,成本|利润,电解铝|铝,SMM: 电解铝成本利润模型: 电价: 日度,SMM:电解铝成本利润模型:电价:日度,mixed_script,,,INDICATORS_V1_NAME,al_7_3_cost_5,1,1,synonym_merge,0.90,,,auto,P3_auto,0
A-00711,al_7_3_cost_5,SMM: 电解铝成本利润模型: 电价: 日度,,未识别,未识别,无,al_7_3_cost_5,al_7_3_cost_5,latin_abbr,,,INDICATORS_V1_KEY,al_7_3_cost_5,1,1,synonym_merge,0.90,,,auto,P3_auto,0
A-00424,al_7_3_cost_6,SMM: 电解铝分地区成本: 云南: 电力: 季度,,AL|ENTITY,成本,电解铝|电力|铝,SMM: 电解铝分地区成本: 云南: 电力: 季度,SMM:电解铝分地区成本:云南:电力:季度,mixed_script,,,INDICATORS_V1_NAME,al_7_3_cost_6,1,1,synonym_merge,0.90,,,auto,P3_auto,0
A-00712,al_7_3_cost_6,SMM: 电解铝分地区成本: 云南: 电力: 季度,,未识别,未识别,无,al_7_3_cost_6,al_7_3_cost_6,latin_abbr,,,INDICATORS_V1_KEY,al_7_3_cost_6,1,1,synonym_merge,0.90,,,auto,P3_auto,0
A-00460,al_7_3_cost_7,SMM: 铝产业链价格预测模型: 电解铝成本: 季度,,AL,成本|价格,电解铝|铝,SMM: 铝产业链价格预测模型: 电解铝成本: 季度,SMM:铝产业链价格预测模型:电解铝成本:季度,mixed_script,,,INDICATORS_V1_NAME,al_7_3_cost_7,1,1,synonym_merge,0.90,,,auto,P3_auto,0
A-00713,al_7_3_cost_7,SMM: 铝产业链价格预测模型: 电解铝成本: 季度,,未识别,未识别,无,al_7_3_cost_7,al_7_3_cost_7,latin_abbr,,,INDICATORS_V1_KEY,al_7_3_cost_7,1,1,synonym_merge,0.90,,,auto,P3_auto,0
A-00373,al_7_3_cost_8,SMM: 2024: 铝产业价格链预测模型: 中国电解铝平均成本: 月度,,AL,成本|价格,电解铝|铝,SMM: 2024: 铝产业价格链预测模型: 中国电解铝平均成本: 月度,SMM:2024:铝产业价格链预测模型:中国电解铝平均成本:月度,mixed_script,,,INDICATORS_V1_NAME,al_7_3_cost_8,1,1,synonym_merge,0.90,,,auto,P3_auto,0
A-00714,al_7_3_cost_8,SMM: 2024: 铝产业价格链预测模型: 中国电解铝平均成本: 月度,,未识别,未识别,无,al_7_3_cost_8,al_7_3_cost_8,latin_abbr,,,INDICATORS_V1_KEY,al_7_3_cost_8,1,1,synonym_merge,0.90,,,auto,P3_auto,0
A-00372,al_7_3_cost_9,SMM: 2022: 铝产业价格链预测模型: 中国电解铝平均成本: 月度,,AL,成本|价格,电解铝|铝,SMM: 2022: 铝产业价格链预测模型: 中国电解铝平均成本: 月度,SMM:2022:铝产业价格链预测模型:中国电解铝平均成本:月度,mixed_script,,,INDICATORS_V1_NAME,al_7_3_cost_9,1,1,synonym_merge,0.90,,,auto,P3_auto,0
A-00715,al_7_3_cost_9,SMM: 2022: 铝产业价格链预测模型: 中国电解铝平均成本: 月度,,未识别,未识别,无,al_7_3_cost_9,al_7_3_cost_9,latin_abbr,,,INDICATORS_V1_KEY,al_7_3_cost_9,1,1,synonym_merge,0.90,,,auto,P3_auto,0
A-00716,cu_00_cons,美国铜发展协会：裸铜线：可供量终端消费（年）,,未识别,未识别,无,cu_00_cons,cu_00_cons,latin_abbr,,,INDICATORS_V1_KEY,cu_00_cons,1,1,synonym_merge,0.90,,,auto,P3_auto,0
A-03938,cu_00_cons,美国铜发展协会：裸铜线：可供量终端消费（年）,,CU,消费,铜,美国铜发展协会：裸铜线：可供量终端消费（年）,美国铜发展协会:裸铜线:可供量终端消费(年,canonical,,,INDICATORS_V1_NAME,cu_00_cons,1,1,synonym_merge,0.90,,,auto,P3_auto,0
A-00409,cu_00_low_scrap,SMM: 河北废铜: 保定光亮铜线-最低价: 日度,,CU,未识别,铜,SMM: 河北废铜: 保定光亮铜线-最低价: 日度,SMM:河北废铜:保定光亮铜线-最低价:日度,mixed_script,,,INDICATORS_V1_NAME,cu_00_low_scrap,1,1,synonym_merge,0.90,,,auto,P3_auto,0
A-00717,cu_00_low_scrap,SMM: 河北废铜: 保定光亮铜线-最低价: 日度,,未识别,未识别,无,cu_00_low_scrap,cu_00_low_scrap,latin_abbr,,,INDICATORS_V1_KEY,cu_00_low_scrap,1,1,synonym_merge,0.90,,,auto,P3_auto,0
A-00718,cu_00_output,铜：产量：秘鲁：Antapaccay（月）,,未识别,未识别,无,cu_00_output,cu_00_output,latin_abbr,,,INDICATORS_V1_KEY,cu_00_output,1,1,synonym_merge,0.90,,,auto,P3_auto,0
A-04190,cu_00_output,铜：产量：秘鲁：Antapaccay（月）,,CU,产量,铜,铜：产量：秘鲁：Antapaccay（月）,铜:产量:秘鲁:Antapaccay(月,mixed_script,,,INDICATORS_V1_NAME,cu_00_output,1,1,synonym_merge,0.90,,,auto,P3_auto,0
A-00719,cu_00_price,镀锡铜：采购价格涨跌：江西保太有色（日）,,未识别,未识别,无,cu_00_price,cu_00_price,latin_abbr,,,INDICATORS_V1_KEY,cu_00_price,1,1,synonym_merge,0.90,,,auto,P3_auto,0
A-04469,cu_00_price,镀锡铜：采购价格涨跌：江西保太有色（日）,,CU|SN,价格,铜|锡,镀锡铜：采购价格涨跌：江西保太有色（日）,镀锡铜:采购价格涨跌:江西保太有色(日,canonical,,,INDICATORS_V1_NAME,cu_00_price,1,1,synonym_merge,0.90,,,auto,P3_auto,0
A-00720,cu_21_import,铜：进口盈亏（日）,元/吨,未识别,未识别,无,cu_21_import,cu_21_import,latin_abbr,,,INDICATORS_V1_KEY,cu_21_import,1,1,synonym_merge,0.90,,,auto,P3_auto,0
A-00721,cu_21_import_conc,铜精矿：进口数量初值：中国（月）,万吨,未识别,未识别,无,cu_21_import_conc,cu_21_import_conc,latin_abbr,,,INDICATORS_V1_KEY,cu_21_import_conc,1,1,synonym_merge,0.90,,,auto,P3_auto,0
A-04211,cu_21_import_conc,铜精矿：进口数量初值：中国（月）,万吨,CU,未识别,铜精矿|铜,铜精矿：进口数量初值：中国（月）,铜精矿:进口数量初值:中国(月,canonical,,,INDICATORS_V1_NAME,cu_21_import_conc,1,1,synonym_merge,0.90,,,auto,P3_auto,0
A-00722,cu_22_close_front,SHFE：电解铜：主力合约：收盘价（日）,元/吨,未识别,未识别,无,cu_22_close_front,cu_22_close_front,latin_abbr,,,INDICATORS_V1_KEY,cu_22_close_front,1,1,synonym_merge,0.90,,,auto,P3_auto,0
A-00723,cu_22_premium,电解铜：平水铜：升贴水：上海（日）,元/吨,未识别,未识别,无,cu_22_premium,cu_22_premium,latin_abbr,,,INDICATORS_V1_KEY,cu_22_premium,1,1,synonym_merge,0.90,,,auto,P3_auto,0
A-03594,cu_22_premium,电解铜：平水铜：升贴水：上海（日）,元/吨,CU,升贴水|贴水,电解铜|铜,电解铜：平水铜：升贴水：上海（日）,电解铜:平水铜:升贴水:上海(日,canonical,,,INDICATORS_V1_NAME,cu_22_premium,1,1,synonym_merge,0.90,,,auto,P3_auto,0
A-00724,cu_22_warrant_premium_avg_price,铜：火法：仓单溢价均价：上海：美元（日）,,未识别,未识别,无,cu_22_warrant_premium_avg_price,cu_22_warrant_premium_avg_price,latin_abbr,,,INDICATORS_V1_KEY,cu_22_warrant_premium_avg_price,1,1,synonym_merge,0.90,,,auto,P3_auto,0
A-04191,cu_22_warrant_premium_avg_price,铜：火法：仓单溢价均价：上海：美元（日）,,CU,溢价|均价|仓单,铜,铜：火法：仓单溢价均价：上海：美元（日）,铜:火法:仓单溢价均价:上海:美元(日,canonical,,,INDICATORS_V1_NAME,cu_22_warrant_premium_avg_price,1,1,synonym_merge,0.90,,,auto,P3_auto,0
A-00725,cu_23_comex_close,COMEX：铜：主力合约：收盘价（日）,美元/磅,未识别,未识别,无,cu_23_comex_close,cu_23_comex_close,latin_abbr,,,INDICATORS_V1_KEY,cu_23_comex_close,1,1,synonym_merge,0.90,,,auto,P3_auto,0
A-00726,cu_23_comex_openinterest,COMEX：铜：主力合约：持仓量（日）,手,未识别,未识别,无,cu_23_comex_openinterest,cu_23_comex_openinterest,latin_abbr,,,INDICATORS_V1_KEY,cu_23_comex_openinterest,1,1,synonym_merge,0.90,,,auto,P3_auto,0
A-00019,cu_23_comex_openinterest_2,COMEX：铜：1#：报告头寸多头总持仓数量周环比增减（周）,,CU,持仓,铜,COMEX：铜：1#：报告头寸多头总持仓数量周环比增减（周）,COMEX:铜:1#:报告头寸多头总持仓数量周环比增减(周,mixed_script,,,INDICATORS_V1_NAME,cu_23_comex_openinterest_2,1,1,synonym_merge,0.90,,,auto,P3_auto,0
A-00727,cu_23_comex_openinterest_2,COMEX：铜：1#：报告头寸多头总持仓数量周环比增减（周）,,未识别,未识别,无,cu_23_comex_openinterest_2,cu_23_comex_openinterest_2,latin_abbr,,,INDICATORS_V1_KEY,cu_23_comex_openinterest_2,1,1,synonym_merge,0.90,,,auto,P3_auto,0
A-00021,cu_23_comex_volume,COMEX：铜：主力合约：成交量（日）,手,CU,成交量,铜,COMEX：铜：主力合约：成交量（日）,COMEX:铜:主力合约:成交量(日,mixed_script,,,INDICATORS_V1_NAME,cu_23_comex_volume,1,1,synonym_merge,0.90,,,auto,P3_auto,0
A-00728,cu_23_comex_volume,COMEX：铜：主力合约：成交量（日）,手,未识别,未识别,无,cu_23_comex_volume,cu_23_comex_volume,latin_abbr,,,INDICATORS_V1_KEY,cu_23_comex_volume,1,1,synonym_merge,0.90,,,auto,P3_auto,0
A-00729,cu_23_inv,电解铜：现货库存：中国（日）,,未识别,未识别,无,cu_23_inv,cu_23_inv,latin_abbr,,,INDICATORS_V1_KEY,cu_23_inv,1,1,synonym_merge,0.90,,,auto,P3_auto,0
A-00730,cu_23_lme_settle,LME：铜：3个月合约：结算价（日）,美元/吨,未识别,未识别,无,cu_23_lme_settle,cu_23_lme_settle,latin_abbr,,,INDICATORS_V1_KEY,cu_23_lme_settle,1,1,synonym_merge,0.90,,,auto,P3_auto,0
A-00731,cu_24_comex_close_far,COMEX：铜：主力合约：收盘价（日）,美元/磅,未识别,未识别,无,cu_24_comex_close_far,cu_24_comex_close_far,latin_abbr,,,INDICATORS_V1_KEY,cu_24_comex_close_far,1,1,synonym_merge,0.90,,,auto,P3_auto,0
A-00732,cu_24_lme_close,LME：铜：3个月合约：收盘价（日）,美元/吨,未识别,未识别,无,cu_24_lme_close,cu_24_lme_close,latin_abbr,,,INDICATORS_V1_KEY,cu_24_lme_close,1,1,synonym_merge,0.90,,,auto,P3_auto,0
A-00733,cu_24_open_spread,SMM: 沪铜期现价差-当月合约: 开盘价: 日度,,未识别,未识别,无,cu_24_open_spread,cu_24_open_spread,latin_abbr,,,INDICATORS_V1_KEY,cu_24_open_spread,1,1,synonym_merge,0.90,,,auto,P3_auto,0
A-00734,cu_24_openinterest_volume,SHFE：铜（BC）：年成交量（日）,万手,未识别,未识别,无,cu_24_openinterest_volume,cu_24_openinterest_volume,latin_abbr,,,INDICATORS_V1_KEY,cu_24_openinterest_volume,1,1,synonym_merge,0.90,,,auto,P3_auto,0
A-00735,cu_24_shfe_close_far,SHFE：电解铜：主力合约：收盘价（日）,元/吨,未识别,未识别,无,cu_24_shfe_close_far,cu_24_shfe_close_far,latin_abbr,,,INDICATORS_V1_KEY,cu_24_shfe_close_far,1,1,synonym_merge,0.90,,,auto,P3_auto,0
A-00736,cu_24_shfe_close_near,SHFE：电解铜：主力合约：收盘价（日）,元/吨,未识别,未识别,无,cu_24_shfe_close_near,cu_24_shfe_close_near,latin_abbr,,,INDICATORS_V1_KEY,cu_24_shfe_close_near,1,1,synonym_merge,0.90,,,auto,P3_auto,0
A-00737,cu_25_lme_close_front,LME：铜：3个月合约：收盘价（日）,美元/吨,未识别,未识别,无,cu_25_lme_close_front,cu_25_lme_close_front,latin_abbr,,,INDICATORS_V1_KEY,cu_25_lme_close_front,1,1,synonym_merge,0.90,,,auto,P3_auto,0
A-00738,cu_25_profit,SMM：中国铜冶炼厂现货冶炼利润：日度,,未识别,未识别,无,cu_25_profit,cu_25_profit,latin_abbr,,,INDICATORS_V1_KEY,cu_25_profit,1,1,synonym_merge,0.90,,,auto,P3_auto,0
A-00739,cu_25_tc_conc,铜精矿：现货TC指导价（季）,美元/干吨,未识别,未识别,无,cu_25_tc_conc,cu_25_tc_conc,latin_abbr,,,INDICATORS_V1_KEY,cu_25_tc_conc,1,1,synonym_merge,0.90,,,auto,P3_auto,0
A-04207,cu_25_tc_conc,铜精矿：现货TC指导价（季）,美元/干吨,CU,TC,铜精矿|铜,铜精矿：现货TC指导价（季）,铜精矿:现货TC指导价(季,mixed_script,,,INDICATORS_V1_NAME,cu_25_tc_conc,1,1,synonym_merge,0.90,,,auto,P3_auto,0
A-00020,cu_26_openinterest,COMEX：铜：1#：期货：所有多头净持仓占比集中度：前4家及以下交易者（周）,百分比,CU,持仓|占比,铜,COMEX：铜：1#：期货：所有多头净持仓占比集中度：前4家及以下交易者（周）,COMEX:铜:1#:期货:所有多头净持仓占比集中度:前4家及以下交易者(周,mixed_script,,,INDICATORS_V1_NAME,cu_26_openinterest,1,1,synonym_merge,0.90,,,auto,P3_auto,0
A-00740,cu_26_openinterest,COMEX：铜：1#：期货：所有多头净持仓占比集中度：前4家及以下交易者（周）,百分比,未识别,未识别,无,cu_26_openinterest,cu_26_openinterest,latin_abbr,,,INDICATORS_V1_KEY,cu_26_openinterest,1,1,synonym_merge,0.90,,,auto,P3_auto,0
A-00741,cu_26_openinterest_top20_front,SHFE：电解铜：07合约：空单持仓合计：前20期货公司（日）,手,未识别,未识别,无,cu_26_openinterest_top20_front,cu_26_openinterest_top20_front,latin_abbr,,,INDICATORS_V1_KEY,cu_26_openinterest_top20_front,1,1,synonym_merge,0.90,,,auto,P3_auto,0
A-00742,cu_311_output,铜：矿山产量：澳大利亚（季）,千吨,未识别,未识别,无,cu_311_output,cu_311_output,latin_abbr,,,INDICATORS_V1_KEY,cu_311_output,1,1,synonym_merge,0.90,,,auto,P3_auto,0
A-00743,cu_311_output_conc,中国有色金属工业年鉴：铜精矿：含铜：产量：中国（年）,吨,未识别,未识别,无,cu_311_output_conc,cu_311_output_conc,latin_abbr,,,INDICATORS_V1_KEY,cu_311_output_conc,1,1,synonym_merge,0.90,,,auto,P3_auto,0
A-00744,cu_311_output_ratio_struct,矿产粗铜：产量：中国（月）,万吨,未识别,未识别,无,cu_311_output_ratio_struct,cu_311_output_ratio_struct,latin_abbr,,,INDICATORS_V1_KEY,cu_311_output_ratio_struct,1,1,synonym_merge,0.90,,,auto,P3_auto,0
A-00745,cu_312_output,USGS：铜矿：产量：波兰（年）,千吨,未识别,未识别,无,cu_312_output,cu_312_output,latin_abbr,,,INDICATORS_V1_KEY,cu_312_output,1,1,synonym_merge,0.90,,,auto,P3_auto,0
A-00746,cu_312_output_conc,铜精矿：产量：澳大利亚（季）,千吨,未识别,未识别,无,cu_312_output_conc,cu_312_output_conc,latin_abbr,,,INDICATORS_V1_KEY,cu_312_output_conc,1,1,synonym_merge,0.90,,,auto,P3_auto,0
A-00747,cu_313_output,矿产粗铜：产量：中国（月）,万吨,未识别,未识别,无,cu_313_output,cu_313_output,latin_abbr,,,INDICATORS_V1_KEY,cu_313_output,1,1,synonym_merge,0.90,,,auto,P3_auto,0
A-00748,cu_314_import,铜矿砂及其精矿：进口数量：印尼→中国（月）,吨,未识别,未识别,无,cu_314_import,cu_314_import,latin_abbr,,,INDICATORS_V1_KEY,cu_314_import,1,1,synonym_merge,0.90,,,auto,P3_auto,0
A-04199,cu_314_import,铜矿砂及其精矿：进口数量：印尼→中国（月）,吨,CU,未识别,铜,铜矿砂及其精矿：进口数量：印尼→中国（月）,铜矿砂及其精矿:进口数量:印尼→中国(月,canonical,,,INDICATORS_V1_NAME,cu_314_import,1,1,synonym_merge,0.90,,,auto,P3_auto,0
A-00749,cu_314_import_conc_arrival,铜精矿：到港量：全球（日）,万吨,未识别,未识别,无,cu_314_import_conc_arrival,cu_314_import_conc_arrival,latin_abbr,,,INDICATORS_V1_KEY,cu_314_import_conc_arrival,1,1,synonym_merge,0.90,,,auto,P3_auto,0
A-04204,cu_314_import_conc_arrival,铜精矿：到港量：全球（日）,万吨,CU,到港量,铜精矿|铜,铜精矿：到港量：全球（日）,铜精矿:到港量:全球(日,canonical,,,INDICATORS_V1_NAME,cu_314_import_conc_arrival,1,1,synonym_merge,0.90,,,auto,P3_auto,0
A-00750,cu_315_import_conc,铜精矿：进口：TC指数（周）,美元/干吨,未识别,未识别,无,cu_315_import_conc,cu_315_import_conc,latin_abbr,,,INDICATORS_V1_KEY,cu_315_import_conc,1,1,synonym_merge,0.90,,,auto,P3_auto,0
A-04210,cu_315_import_conc,铜精矿：进口：TC指数（周）,美元/干吨,CU,TC,铜精矿|铜,铜精矿：进口：TC指数（周）,铜精矿:进口:TC指数(周,mixed_script,,,INDICATORS_V1_NAME,cu_315_import_conc,1,1,synonym_merge,0.90,,,auto,P3_auto,0
A-00751,cu_321_capacity,有色冶炼企业：电解铜：产能：安徽（月）,万吨,未识别,未识别,无,cu_321_capacity,cu_321_capacity,latin_abbr,,,INDICATORS_V1_KEY,cu_321_capacity,1,1,synonym_merge,0.90,,,auto,P3_auto,0
A-03248,cu_321_capacity,有色冶炼企业：电解铜：产能：安徽（月）,万吨,CU,产能,电解铜|铜,有色冶炼企业：电解铜：产能：安徽（月）,有色冶炼企业:电解铜:产能:安徽(月,canonical,,,INDICATORS_V1_NAME,cu_321_capacity,1,1,synonym_merge,0.90,,,auto,P3_auto,0
A-00752,cu_321_import,中国海关: 阳极铜进口量: 月度,,未识别,未识别,无,cu_321_import,cu_321_import,latin_abbr,,,INDICATORS_V1_KEY,cu_321_import,1,1,synonym_merge,0.90,,,auto,P3_auto,0
A-00753,cu_321_output,矿产粗铜：产量：中国（月）,万吨,未识别,未识别,无,cu_321_output,cu_321_output,latin_abbr,,,INDICATORS_V1_KEY,cu_321_output,1,1,synonym_merge,0.90,,,auto,P3_auto,0
A-00754,cu_321_output_recycle,中国有色金属工业年鉴：再生铜：产量：埃及（年）,万吨,未识别,未识别,无,cu_321_output_recycle,cu_321_output_recycle,latin_abbr,,,INDICATORS_V1_KEY,cu_321_output_recycle,1,1,synonym_merge,0.90,,,auto,P3_auto,0
A-00755,cu_321_util_capacity_util,铜：产能利用率：中国：产能＜10万吨（月）,百分比,未识别,未识别,无,cu_321_util_capacity_util,cu_321_util_capacity_util,latin_abbr,,,INDICATORS_V1_KEY,cu_321_util_capacity_util,1,1,synonym_merge,0.90,,,auto,P3_auto,0
A-04189,cu_321_util_capacity_util,铜：产能利用率：中国：产能＜10万吨（月）,百分比,CU,产能利用率|产能,铜,铜：产能利用率：中国：产能＜10万吨（月）,铜:产能利用率:中国:产能＜10万吨(月,canonical,,,INDICATORS_V1_NAME,cu_321_util_capacity_util,1,1,synonym_merge,0.90,,,auto,P3_auto,0
A-00756,cu_322_output,ICSG：电解铜：产量：全球（月）,千吨,未识别,未识别,无,cu_322_output,cu_322_output,latin_abbr,,,INDICATORS_V1_KEY,cu_322_output,1,1,synonym_merge,0.90,,,auto,P3_auto,0
A-00547,cu_323_import_recycle,USGS：铜矿石及铜精矿：进口数量：美国（年）,千吨,CU,未识别,铜精矿|铜,USGS：铜矿石及铜精矿：进口数量：美国（年）,USGS:铜矿石及铜精矿:进口数量:美国(年,mixed_script,,,INDICATORS_V1_NAME,cu_323_import_recycle,1,1,synonym_merge,0.90,,,auto,P3_auto,0
A-00757,cu_323_import_recycle,USGS：铜矿石及铜精矿：进口数量：美国（年）,千吨,未识别,未识别,无,cu_323_import_recycle,cu_323_import_recycle,latin_abbr,,,INDICATORS_V1_KEY,cu_323_import_recycle,1,1,synonym_merge,0.90,,,auto,P3_auto,0
A-00758,cu_323_inv_recycle,美国铜发展协会：再生铜废料：库存（年）,千短吨,未识别,未识别,无,cu_323_inv_recycle,cu_323_inv_recycle,latin_abbr,,,INDICATORS_V1_KEY,cu_323_inv_recycle,1,1,synonym_merge,0.90,,,auto,P3_auto,0
A-03936,cu_323_inv_recycle,美国铜发展协会：再生铜废料：库存（年）,千短吨,CU,库存,铜,美国铜发展协会：再生铜废料：库存（年）,美国铜发展协会:再生铜废料:库存(年,canonical,,,INDICATORS_V1_NAME,cu_323_inv_recycle,1,1,synonym_merge,0.90,,,auto,P3_auto,0
A-00759,cu_323_output_recycle,再生铜杆：64家样本企业：产量：中国（月）,万吨,未识别,未识别,无,cu_323_output_recycle,cu_323_output_recycle,latin_abbr,,,INDICATORS_V1_KEY,cu_323_output_recycle,1,1,synonym_merge,0.90,,,auto,P3_auto,0
A-00760,cu_324_profit,SMM：中国铜冶炼厂现货冶炼利润：日度,,未识别,未识别,无,cu_324_profit,cu_324_profit,latin_abbr,,,INDICATORS_V1_KEY,cu_324_profit,1,1,synonym_merge,0.90,,,auto,P3_auto,0
A-00761,cu_41_comex_inv,COMEX：铜：期货库存（日）,短吨,未识别,未识别,无,cu_41_comex_inv,cu_41_comex_inv,latin_abbr,,,INDICATORS_V1_KEY,cu_41_comex_inv,1,1,synonym_merge,0.90,,,auto,P3_auto,0
A-00762,cu_41_lme_inv,LME：铜：期货库存（日）,吨,未识别,未识别,无,cu_41_lme_inv,cu_41_lme_inv,latin_abbr,,,INDICATORS_V1_KEY,cu_41_lme_inv,1,1,synonym_merge,0.90,,,auto,P3_auto,0
A-00072,cu_41_output,ICSG：电解原生铜：产量：全球（月）,,CU,产量,铜,ICSG：电解原生铜：产量：全球（月）,ICSG:电解原生铜:产量:全球(月,mixed_script,,,INDICATORS_V1_NAME,cu_41_output,1,1,synonym_merge,0.90,,,auto,P3_auto,0
A-00763,cu_41_output,ICSG：电解原生铜：产量：全球（月）,,未识别,未识别,无,cu_41_output,cu_41_output,latin_abbr,,,INDICATORS_V1_KEY,cu_41_output,1,1,synonym_merge,0.90,,,auto,P3_auto,0
A-00764,cu_41_shfe_bc_inv,SHFE：铜（BC）：期货库存（周）,吨,未识别,未识别,无,cu_41_shfe_bc_inv,cu_41_shfe_bc_inv,latin_abbr,,,INDICATORS_V1_KEY,cu_41_shfe_bc_inv,1,1,synonym_merge,0.90,,,auto,P3_auto,0
A-00765,cu_42_inv_conc,铜精矿：港口库存：中国（周）,,未识别,未识别,无,cu_42_inv_conc,cu_42_inv_conc,latin_abbr,,,INDICATORS_V1_KEY,cu_42_inv_conc,1,1,synonym_merge,0.90,,,auto,P3_auto,0
A-00766,cu_42_premium_1,电解铜：1#：升贴水：上海（日）,元/吨,未识别,未识别,无,cu_42_premium_1,cu_42_premium_1,latin_abbr,,,INDICATORS_V1_KEY,cu_42_premium_1,1,1,synonym_merge,0.90,,,auto,P3_auto,0
A-03591,cu_42_premium_1,电解铜：1#：升贴水：上海（日）,元/吨,CU,升贴水|贴水,电解铜|铜,电解铜：1#：升贴水：上海（日）,电解铜:1#:升贴水:上海(日,canonical,,,INDICATORS_V1_NAME,cu_42_premium_1,1,1,synonym_merge,0.90,,,auto,P3_auto,0
A-00306,cu_42_shfe_sh_guochu,SHFE：铜（BC）：期货库存：上海：上海国储库（日）,吨,CU,期货库存|库存,铜,SHFE：铜（BC）：期货库存：上海：上海国储库（日）,SHFE:铜(BC):期货库存:上海:上海国储库(日,mixed_script,,,INDICATORS_V1_NAME,cu_42_shfe_sh_guochu,1,1,synonym_merge,0.90,,,auto,P3_auto,0
A-00767,cu_42_shfe_sh_guochu,SHFE：铜（BC）：期货库存：上海：上海国储库（日）,吨,未识别,未识别,无,cu_42_shfe_sh_guochu,cu_42_shfe_sh_guochu,latin_abbr,,,INDICATORS_V1_KEY,cu_42_shfe_sh_guochu,1,1,synonym_merge,0.90,,,auto,P3_auto,0
A-00307,cu_42_shfe_sh_week,SHFE：铜：库存周报分地区_上海：库存增减期货（周）,吨,CU,库存,铜,SHFE：铜：库存周报分地区_上海：库存增减期货（周）,SHFE:铜:库存周报分地区_上海:库存增减期货(周,mixed_script,,,INDICATORS_V1_NAME,cu_42_shfe_sh_week,1,1,synonym_merge,0.90,,,auto,P3_auto,0
A-00768,cu_42_shfe_sh_week,SHFE：铜：库存周报分地区_上海：库存增减期货（周）,吨,未识别,未识别,无,cu_42_shfe_sh_week,cu_42_shfe_sh_week,latin_abbr,,,INDICATORS_V1_KEY,cu_42_shfe_sh_week,1,1,synonym_merge,0.90,,,auto,P3_auto,0
A-00769,cu_42_warrant_cancel,LME：铜：注销仓单（日）,吨,未识别,未识别,无,cu_42_warrant_cancel,cu_42_warrant_cancel,latin_abbr,,,INDICATORS_V1_KEY,cu_42_warrant_cancel,1,1,synonym_merge,0.90,,,auto,P3_auto,0
A-00770,cu_42_warrant_reg,LME：铜：注册仓单（日）,吨,未识别,未识别,无,cu_42_warrant_reg,cu_42_warrant_reg,latin_abbr,,,INDICATORS_V1_KEY,cu_42_warrant_reg,1,1,synonym_merge,0.90,,,auto,P3_auto,0
A-00771,cu_43_social_stock,铜杆：社会库存：中国（日）,万吨,未识别,未识别,无,cu_43_social_stock,cu_43_social_stock,latin_abbr,,,INDICATORS_V1_KEY,cu_43_social_stock,1,1,synonym_merge,0.90,,,auto,P3_auto,0
A-00772,cu_43_social_stock_ec,铜杆：社会库存：华东地区（日）,万吨,未识别,未识别,无,cu_43_social_stock_ec,cu_43_social_stock_ec,latin_abbr,,,INDICATORS_V1_KEY,cu_43_social_stock_ec,1,1,synonym_merge,0.90,,,auto,P3_auto,0
A-04197,cu_43_social_stock_ec,铜杆：社会库存：华东地区（日）,万吨,CU,社会库存|库存,铜杆|铜,铜杆：社会库存：华东地区（日）,铜杆:社会库存:华东地区(日,canonical,,,INDICATORS_V1_NAME,cu_43_social_stock_ec,1,1,synonym_merge,0.90,,,auto,P3_auto,0
A-00773,cu_43_stock_gd,电解铜：现货库存：广东（日）,万吨,未识别,未识别,无,cu_43_stock_gd,cu_43_stock_gd,latin_abbr,,,INDICATORS_V1_KEY,cu_43_stock_gd,1,1,synonym_merge,0.90,,,auto,P3_auto,0
A-00774,cu_43_stock_js,电解铜：现货库存：江苏（日）,万吨,未识别,未识别,无,cu_43_stock_js,cu_43_stock_js,latin_abbr,,,INDICATORS_V1_KEY,cu_43_stock_js,1,1,synonym_merge,0.90,,,auto,P3_auto,0
A-00544,cu_43_usgs_import,USGS：精铜：进口数量：美国（年）,,CU,未识别,铜,USGS：精铜：进口数量：美国（年）,USGS:精铜:进口数量:美国(年,mixed_script,,,INDICATORS_V1_NAME,cu_43_usgs_import,1,1,synonym_merge,0.90,,,auto,P3_auto,0
A-00775,cu_43_usgs_import,USGS：精铜：进口数量：美国（年）,,未识别,未识别,无,cu_43_usgs_import,cu_43_usgs_import,latin_abbr,,,INDICATORS_V1_KEY,cu_43_usgs_import,1,1,synonym_merge,0.90,,,auto,P3_auto,0
A-00776,cu_44_bonded,电解铜：现货库存：中国：保税区（日）,万吨,未识别,未识别,无,cu_44_bonded,cu_44_bonded,latin_abbr,,,INDICATORS_V1_KEY,cu_44_bonded,1,1,synonym_merge,0.90,,,auto,P3_auto,0
A-03598,cu_44_bonded,电解铜：现货库存：中国：保税区（日）,万吨,CU,库存,电解铜|铜,电解铜：现货库存：中国：保税区（日）,电解铜:现货库存:中国:保税区(日,canonical,,,INDICATORS_V1_NAME,cu_44_bonded,1,1,synonym_merge,0.90,,,auto,P3_auto,0
A-00777,cu_44_capacity_util,有色冶炼企业：样本企业：电解铜：产能利用率：中国（月）,,未识别,未识别,无,cu_44_capacity_util,cu_44_capacity_util,latin_abbr,,,INDICATORS_V1_KEY,cu_44_capacity_util,1,1,synonym_merge,0.90,,,auto,P3_auto,0
A-00778,cu_44_conc,铜精矿：国产：20%Cu：现货价：中国（日）,,未识别,未识别,无,cu_44_conc,cu_44_conc,latin_abbr,,,INDICATORS_V1_KEY,cu_44_conc,1,1,synonym_merge,0.90,,,auto,P3_auto,0
A-04205,cu_44_conc,铜精矿：国产：20%Cu：现货价：中国（日）,,CU,未识别,铜精矿|铜,铜精矿：国产：20%Cu：现货价：中国（日）,铜精矿:国产:20%Cu:现货价:中国(日,mixed_script,,,INDICATORS_V1_NAME,cu_44_conc,1,1,synonym_merge,0.90,,,auto,P3_auto,0
A-00779,cu_44_import_conc,铜精矿：进口：25%Cu：RC指数：中国（日）,,未识别,未识别,无,cu_44_import_conc,cu_44_import_conc,latin_abbr,,,INDICATORS_V1_KEY,cu_44_import_conc,1,1,synonym_merge,0.90,,,auto,P3_auto,0
A-04208,cu_44_import_conc,铜精矿：进口：25%Cu：RC指数：中国（日）,,CU,未识别,铜精矿|铜,铜精矿：进口：25%Cu：RC指数：中国（日）,铜精矿:进口:25%Cu:RC指数:中国(日,mixed_script,,,INDICATORS_V1_NAME,cu_44_import_conc,1,1,synonym_merge,0.90,,,auto,P3_auto,0
A-00780,cu_44_tc_conc,铜精矿：长单TC价（年）,,未识别,未识别,无,cu_44_tc_conc,cu_44_tc_conc,latin_abbr,,,INDICATORS_V1_KEY,cu_44_tc_conc,1,1,synonym_merge,0.90,,,auto,P3_auto,0
A-00781,cu_45_output,中国有色金属工业年鉴：电解铜：产量：中国（年）,,未识别,未识别,无,cu_45_output,cu_45_output,latin_abbr,,,INDICATORS_V1_KEY,cu_45_output,1,1,synonym_merge,0.90,,,auto,P3_auto,0
A-00782,cu_46_import,美国国际贸易委员会：铜废料及碎料：进口数量合计：美国（月）,,未识别,未识别,无,cu_46_import,cu_46_import,latin_abbr,,,INDICATORS_V1_KEY,cu_46_import,1,1,synonym_merge,0.90,,,auto,P3_auto,0
A-03925,cu_46_import,美国国际贸易委员会：铜废料及碎料：进口数量合计：美国（月）,,CU,未识别,铜,美国国际贸易委员会：铜废料及碎料：进口数量合计：美国（月）,美国国际贸易委员会:铜废料及碎料:进口数量合计:美国(月,canonical,,,INDICATORS_V1_NAME,cu_46_import,1,1,synonym_merge,0.90,,,auto,P3_auto,0
A-00783,cu_46_inv_scrap,废铜：小样本：库存（周）,,未识别,未识别,无,cu_46_inv_scrap,cu_46_inv_scrap,latin_abbr,,,INDICATORS_V1_KEY,cu_46_inv_scrap,1,1,synonym_merge,0.90,,,auto,P3_auto,0
A-03187,cu_46_inv_scrap,废铜：小样本：库存（周）,,CU,库存,铜,废铜：小样本：库存（周）,废铜:小样本:库存(周,canonical,,,INDICATORS_V1_NAME,cu_46_inv_scrap,1,1,synonym_merge,0.90,,,auto,P3_auto,0
A-00784,cu_46_output_recycle,再生铜杆：64家样本企业：产量：江西（月）,,未识别,未识别,无,cu_46_output_recycle,cu_46_output_recycle,latin_abbr,,,INDICATORS_V1_KEY,cu_46_output_recycle,1,1,synonym_merge,0.90,,,auto,P3_auto,0
A-02476,cu_46_output_recycle,再生铜杆：64家样本企业：产量：江西（月）,,CU,产量,铜杆|铜,再生铜杆：64家样本企业：产量：江西（月）,再生铜杆:64家样本企业:产量:江西(月,canonical,,,INDICATORS_V1_NAME,cu_46_output_recycle,1,1,synonym_merge,0.90,,,auto,P3_auto,0
A-00785,cu_46_spread_scrap,精废铜：主流市场：价差：上海（日）,,未识别,未识别,无,cu_46_spread_scrap,cu_46_spread_scrap,latin_abbr,,,INDICATORS_V1_KEY,cu_46_spread_scrap,1,1,synonym_merge,0.90,,,auto,P3_auto,0
A-03834,cu_46_spread_scrap,精废铜：主流市场：价差：上海（日）,,CU,价差,铜,精废铜：主流市场：价差：上海（日）,精废铜:主流市场:价差:上海(日,canonical,,,INDICATORS_V1_NAME,cu_46_spread_scrap,1,1,synonym_merge,0.90,,,auto,P3_auto,0
A-00786,cu_47_import_conc,铜精矿：进口：25%Cu：现货价：中国（日）,,未识别,未识别,无,cu_47_import_conc,cu_47_import_conc,latin_abbr,,,INDICATORS_V1_KEY,cu_47_import_conc,1,1,synonym_merge,0.90,,,auto,P3_auto,0
A-04209,cu_47_import_conc,铜精矿：进口：25%Cu：现货价：中国（日）,,CU,未识别,铜精矿|铜,铜精矿：进口：25%Cu：现货价：中国（日）,铜精矿:进口:25%Cu:现货价:中国(日,mixed_script,,,INDICATORS_V1_NAME,cu_47_import_conc,1,1,synonym_merge,0.90,,,auto,P3_auto,0
A-00787,cu_51_actual_cons,电解铜：实际消费量累计值：中国（月）,万吨,未识别,未识别,无,cu_51_actual_cons,cu_51_actual_cons,latin_abbr,,,INDICATORS_V1_KEY,cu_51_actual_cons,1,1,synonym_merge,0.90,,,auto,P3_auto,0
A-00788,cu_51_apparent_cons,电解铜：表观消费量累计值：中国（月）,万吨,未识别,未识别,无,cu_51_apparent_cons,cu_51_apparent_cons,latin_abbr,,,INDICATORS_V1_KEY,cu_51_apparent_cons,1,1,synonym_merge,0.90,,,auto,P3_auto,0
A-00789,cu_51_capacity_copper_rod,精铜杆企业：产能：样本企业（月）,,未识别,未识别,无,cu_51_capacity_copper_rod,cu_51_capacity_copper_rod,latin_abbr,,,INDICATORS_V1_KEY,cu_51_capacity_copper_rod,1,1,synonym_merge,0.90,,,auto,P3_auto,0
A-03882,cu_51_capacity_copper_rod,精铜杆企业：产能：样本企业（月）,,CU,产能,铜杆|铜,精铜杆企业：产能：样本企业（月）,精铜杆企业:产能:样本企业(月,canonical,,,INDICATORS_V1_NAME,cu_51_capacity_copper_rod,1,1,synonym_merge,0.90,,,auto,P3_auto,0
A-00790,cu_51_capacity_util_copper_tube,铜管企业：产能利用率：中国（月）,,未识别,未识别,无,cu_51_capacity_util_copper_tube,cu_51_capacity_util_copper_tube,latin_abbr,,,INDICATORS_V1_KEY,cu_51_capacity_util_copper_tube,1,1,synonym_merge,0.90,,,auto,P3_auto,0
A-00791,cu_51_inv,美国铜发展协会：铜杆：库存：轧制企业（年）,,未识别,未识别,无,cu_51_inv,cu_51_inv,latin_abbr,,,INDICATORS_V1_KEY,cu_51_inv,1,1,synonym_merge,0.90,,,auto,P3_auto,0
A-03939,cu_51_inv,美国铜发展协会：铜杆：库存：轧制企业（年）,,CU,库存,铜杆|铜,美国铜发展协会：铜杆：库存：轧制企业（年）,美国铜发展协会:铜杆:库存:轧制企业(年,canonical,,,INDICATORS_V1_NAME,cu_51_inv,1,1,synonym_merge,0.90,,,auto,P3_auto,0
A-00792,cu_52_grid_inv,中国：电网工程：投资完成额累计值（月）,元,未识别,未识别,无,cu_52_grid_inv,cu_52_grid_inv,latin_abbr,,,INDICATORS_V1_KEY,cu_52_grid_inv,1,1,synonym_merge,0.90,,,auto,P3_auto,0
A-02302,cu_52_grid_inv,中国：电网工程：投资完成额累计值（月）,元,未识别,未识别,无,中国：电网工程：投资完成额累计值（月）,中国:电网工程:投资完成额累计值(月,canonical,,,INDICATORS_V1_NAME,cu_52_grid_inv,1,1,synonym_merge,0.90,,,auto,P3_auto,0
A-00793,cu_52_inv,韩国：裸铜线：库存（月）,,未识别,未识别,无,cu_52_inv,cu_52_inv,latin_abbr,,,INDICATORS_V1_KEY,cu_52_inv,1,1,synonym_merge,0.90,,,auto,P3_auto,0
A-04600,cu_52_inv,韩国：裸铜线：库存（月）,,CU,库存,铜,韩国：裸铜线：库存（月）,韩国:裸铜线:库存(月,canonical,,,INDICATORS_V1_NAME,cu_52_inv,1,1,synonym_merge,0.90,,,auto,P3_auto,0
A-00794,cu_53_inv,美国铜发展协会：精炼铜：库存（年）,,未识别,未识别,无,cu_53_inv,cu_53_inv,latin_abbr,,,INDICATORS_V1_KEY,cu_53_inv,1,1,synonym_merge,0.90,,,auto,P3_auto,0
A-03937,cu_53_inv,美国铜发展协会：精炼铜：库存（年）,,CU,库存,铜,美国铜发展协会：精炼铜：库存（年）,美国铜发展协会:精炼铜:库存(年,canonical,,,INDICATORS_V1_NAME,cu_53_inv,1,1,synonym_merge,0.90,,,auto,P3_auto,0
A-00795,cu_53_output_copper_rod,铜棒：产量：中国（月）,,未识别,未识别,无,cu_53_output_copper_rod,cu_53_output_copper_rod,latin_abbr,,,INDICATORS_V1_KEY,cu_53_output_copper_rod,1,1,synonym_merge,0.90,,,auto,P3_auto,0
A-00796,cu_53_output_copper_rod_2,精铜杆：产量：中国（月）,,未识别,未识别,无,cu_53_output_copper_rod_2,cu_53_output_copper_rod_2,latin_abbr,,,INDICATORS_V1_KEY,cu_53_output_copper_rod_2,1,1,synonym_merge,0.90,,,auto,P3_auto,0
A-00797,cu_53_output_copper_tube,铜管：产量：中国（月）,,未识别,未识别,无,cu_53_output_copper_tube,cu_53_output_copper_tube,latin_abbr,,,INDICATORS_V1_KEY,cu_53_output_copper_tube,1,1,synonym_merge,0.90,,,auto,P3_auto,0
A-00798,cu_53_premium,电解铜：平水铜：现货升贴水：山东（日）,,未识别,未识别,无,cu_53_premium,cu_53_premium,latin_abbr,,,INDICATORS_V1_KEY,cu_53_premium,1,1,synonym_merge,0.90,,,auto,P3_auto,0
A-03595,cu_53_premium,电解铜：平水铜：现货升贴水：山东（日）,,CU,升贴水|贴水,电解铜|铜,电解铜：平水铜：现货升贴水：山东（日）,电解铜:平水铜:现货升贴水:山东(日,canonical,,,INDICATORS_V1_NAME,cu_53_premium,1,1,synonym_merge,0.90,,,auto,P3_auto,0
A-00799,cu_5_2_consumption,SMM: 电解铜供需平衡表: 终端消费量: 月度,,未识别,未识别,无,cu_5_2_consumption,cu_5_2_consumption,latin_abbr,,,INDICATORS_V1_KEY,cu_5_2_consumption,1,1,synonym_merge,0.90,,,auto,P3_auto,0
A-00800,cu_5_2_consumption_2,SMM: 铜产业链平衡: 电解铜终端消费量: 季度,,未识别,未识别,无,cu_5_2_consumption_2,cu_5_2_consumption_2,latin_abbr,,,INDICATORS_V1_KEY,cu_5_2_consumption_2,1,1,synonym_merge,0.90,,,auto,P3_auto,0
A-00801,cu_5_2_consumption_3,SMM: 电解铜供需平衡表-预测值: 终端消费量: 月度,,未识别,未识别,无,cu_5_2_consumption_3,cu_5_2_consumption_3,latin_abbr,,,INDICATORS_V1_KEY,cu_5_2_consumption_3,1,1,synonym_merge,0.90,,,auto,P3_auto,0
A-00802,cu_5_2_consumption_4,SMM: 电解铝平衡: 终端消费量: 月度,,未识别,未识别,无,cu_5_2_consumption_4,cu_5_2_consumption_4,latin_abbr,,,INDICATORS_V1_KEY,cu_5_2_consumption_4,1,1,synonym_merge,0.90,,,auto,P3_auto,0
A-00459,cu_5_3_balance,SMM: 铜产业链平衡: 铜精矿需求量: 季度,,CU,需求量|需求,铜精矿|铜,SMM: 铜产业链平衡: 铜精矿需求量: 季度,SMM:铜产业链平衡:铜精矿需求量:季度,mixed_script,,,INDICATORS_V1_NAME,cu_5_3_balance,1,1,synonym_merge,0.90,,,auto,P3_auto,0
A-00803,cu_5_3_balance,SMM: 铜产业链平衡: 铜精矿需求量: 季度,,未识别,未识别,无,cu_5_3_balance,cu_5_3_balance,latin_abbr,,,INDICATORS_V1_KEY,cu_5_3_balance,1,1,synonym_merge,0.90,,,auto,P3_auto,0
A-00804,cu_5_3_pmi,南非：制造业PMI：数值（月）,,未识别,未识别,无,cu_5_3_pmi,cu_5_3_pmi,latin_abbr,,,INDICATORS_V1_KEY,cu_5_3_pmi,1,1,synonym_merge,0.90,,,auto,P3_auto,0
A-02572,cu_5_3_pmi,南非：制造业PMI：数值（月）,,未识别,未识别,无,南非：制造业PMI：数值（月）,南非:制造业PMI:数值(月,mixed_script,,,INDICATORS_V1_NAME,cu_5_3_pmi,1,1,synonym_merge,0.90,,,auto,P3_auto,0
A-00805,cu_5_3_pmi_2,瑞典：制造业PMI：数值（月）,,未识别,未识别,无,cu_5_3_pmi_2,cu_5_3_pmi_2,latin_abbr,,,INDICATORS_V1_KEY,cu_5_3_pmi_2,1,1,synonym_merge,0.90,,,auto,P3_auto,0
A-03557,cu_5_3_pmi_2,瑞典：制造业PMI：数值（月）,,未识别,未识别,无,瑞典：制造业PMI：数值（月）,瑞典:制造业PMI:数值(月,mixed_script,,,INDICATORS_V1_NAME,cu_5_3_pmi_2,1,1,synonym_merge,0.90,,,auto,P3_auto,0
A-00806,cu_5_3_pmi_3,瑞士：制造业PMI：数值（月）,,未识别,未识别,无,cu_5_3_pmi_3,cu_5_3_pmi_3,latin_abbr,,,INDICATORS_V1_KEY,cu_5_3_pmi_3,1,1,synonym_merge,0.90,,,auto,P3_auto,0
A-03558,cu_5_3_pmi_3,瑞士：制造业PMI：数值（月）,,未识别,未识别,无,瑞士：制造业PMI：数值（月）,瑞士:制造业PMI:数值(月,mixed_script,,,INDICATORS_V1_NAME,cu_5_3_pmi_3,1,1,synonym_merge,0.90,,,auto,P3_auto,0
A-00807,cu_5_3_pmi_4,希腊：制造业PMI：数值（月）,,未识别,未识别,无,cu_5_3_pmi_4,cu_5_3_pmi_4,latin_abbr,,,INDICATORS_V1_KEY,cu_5_3_pmi_4,1,1,synonym_merge,0.90,,,auto,P3_auto,0
A-03169,cu_5_3_pmi_4,希腊：制造业PMI：数值（月）,,未识别,未识别,无,希腊：制造业PMI：数值（月）,希腊:制造业PMI:数值(月,mixed_script,,,INDICATORS_V1_NAME,cu_5_3_pmi_4,1,1,synonym_merge,0.90,,,auto,P3_auto,0
A-00808,cu_5_3_pmi_5,香港：制造业PMI：数值（月）,,未识别,未识别,无,cu_5_3_pmi_5,cu_5_3_pmi_5,latin_abbr,,,INDICATORS_V1_KEY,cu_5_3_pmi_5,1,1,synonym_merge,0.90,,,auto,P3_auto,0
A-04614,cu_5_3_pmi_5,香港：制造业PMI：数值（月）,,未识别,未识别,无,香港：制造业PMI：数值（月）,香港:制造业PMI:数值(月,mixed_script,,,INDICATORS_V1_NAME,cu_5_3_pmi_5,1,1,synonym_merge,0.90,,,auto,P3_auto,0
A-00809,cu_61_import,铜：进口数量：中国（月）,,未识别,未识别,无,cu_61_import,cu_61_import,latin_abbr,,,INDICATORS_V1_KEY,cu_61_import,1,1,synonym_merge,0.90,,,auto,P3_auto,0
A-04194,cu_61_import,铜：进口数量：中国（月）,,CU,未识别,铜,铜：进口数量：中国（月）,铜:进口数量:中国(月,canonical,,,INDICATORS_V1_NAME,cu_61_import,1,1,synonym_merge,0.90,,,auto,P3_auto,0
A-00810,cu_62_spread_scrap,主流市场：精废铜：价差：广东（日）,,未识别,未识别,无,cu_62_spread_scrap,cu_62_spread_scrap,latin_abbr,,,INDICATORS_V1_KEY,cu_62_spread_scrap,1,1,synonym_merge,0.90,,,auto,P3_auto,0
A-02412,cu_62_spread_scrap,主流市场：精废铜：价差：广东（日）,,CU,价差,铜,主流市场：精废铜：价差：广东（日）,主流市场:精废铜:价差:广东(日,canonical,,,INDICATORS_V1_NAME,cu_62_spread_scrap,1,1,synonym_merge,0.90,,,auto,P3_auto,0
A-00811,cu_64_cu_conc_port_inv,铜精矿：港口库存：中国（周）,吨,未识别,未识别,无,cu_64_cu_conc_port_inv,cu_64_cu_conc_port_inv,latin_abbr,,,INDICATORS_V1_KEY,cu_64_cu_conc_port_inv,1,1,synonym_merge,0.90,,,auto,P3_auto,0
A-00812,cu_6_3_export,韩国：裸铜线：出口数量（月）,,未识别,未识别,无,cu_6_3_export,cu_6_3_export,latin_abbr,,,INDICATORS_V1_KEY,cu_6_3_export,1,1,synonym_merge,0.90,,,auto,P3_auto,0
A-04599,cu_6_3_export,韩国：裸铜线：出口数量（月）,,CU,未识别,铜,韩国：裸铜线：出口数量（月）,韩国:裸铜线:出口数量(月,canonical,,,INDICATORS_V1_NAME,cu_6_3_export,1,1,synonym_merge,0.90,,,auto,P3_auto,0
A-00813,cu_6_3_export_2,未锻轧铜及铜材：出口数量终值：中国（月）,,未识别,未识别,无,cu_6_3_export_2,cu_6_3_export_2,latin_abbr,,,INDICATORS_V1_KEY,cu_6_3_export_2,1,1,synonym_merge,0.90,,,auto,P3_auto,0
A-03262,cu_6_3_export_2,未锻轧铜及铜材：出口数量终值：中国（月）,,CU,未识别,铜,未锻轧铜及铜材：出口数量终值：中国（月）,未锻轧铜及铜材:出口数量终值:中国(月,canonical,,,INDICATORS_V1_NAME,cu_6_3_export_2,1,1,synonym_merge,0.90,,,auto,P3_auto,0
A-00814,cu_6_3_export_3,未锻轧铜及铜材：出口数量终值同比：中国（月）,,未识别,未识别,无,cu_6_3_export_3,cu_6_3_export_3,latin_abbr,,,INDICATORS_V1_KEY,cu_6_3_export_3,1,1,synonym_merge,0.90,,,auto,P3_auto,0
A-03263,cu_6_3_export_3,未锻轧铜及铜材：出口数量终值同比：中国（月）,,CU,未识别,铜,未锻轧铜及铜材：出口数量终值同比：中国（月）,未锻轧铜及铜材:出口数量终值同比:中国(月,canonical,,,INDICATORS_V1_NAME,cu_6_3_export_3,1,1,synonym_merge,0.90,,,auto,P3_auto,0
A-00815,cu_6_3_export_4,中国海关: 铜材出口量: 月度,,未识别,未识别,无,cu_6_3_export_4,cu_6_3_export_4,latin_abbr,,,INDICATORS_V1_KEY,cu_6_3_export_4,1,1,synonym_merge,0.90,,,auto,P3_auto,0
A-00816,cu_6_3_export_5,中国海关: 铜杆线出口量: 月度,,未识别,未识别,无,cu_6_3_export_5,cu_6_3_export_5,latin_abbr,,,INDICATORS_V1_KEY,cu_6_3_export_5,1,1,synonym_merge,0.90,,,auto,P3_auto,0
A-00817,cu_6_3_export_6,中国海关: 铜杆线出口额: 月度,,未识别,未识别,无,cu_6_3_export_6,cu_6_3_export_6,latin_abbr,,,INDICATORS_V1_KEY,cu_6_3_export_6,1,1,synonym_merge,0.90,,,auto,P3_auto,0
A-02367,cu_6_3_export_6,中国海关: 铜杆线出口额: 月度,,CU,未识别,铜杆|铜,中国海关: 铜杆线出口额: 月度,中国海关:铜杆线出口额:月度,canonical,,,INDICATORS_V1_NAME,cu_6_3_export_6,1,1,synonym_merge,0.90,,,auto,P3_auto,0
A-00818,cu_6_3_export_7,中国海关: 铜板带出口量: 月度,,未识别,未识别,无,cu_6_3_export_7,cu_6_3_export_7,latin_abbr,,,INDICATORS_V1_KEY,cu_6_3_export_7,1,1,synonym_merge,0.90,,,auto,P3_auto,0
A-00819,cu_6_3_export_8,中国海关: 铜板带出口额: 月度,,未识别,未识别,无,cu_6_3_export_8,cu_6_3_export_8,latin_abbr,,,INDICATORS_V1_KEY,cu_6_3_export_8,1,1,synonym_merge,0.90,,,auto,P3_auto,0
A-02370,cu_6_3_export_8,中国海关: 铜板带出口额: 月度,,CU,未识别,铜,中国海关: 铜板带出口额: 月度,中国海关:铜板带出口额:月度,canonical,,,INDICATORS_V1_NAME,cu_6_3_export_8,1,1,synonym_merge,0.90,,,auto,P3_auto,0
A-00820,cu_6_4_export,中国海关: 其他精炼铜丝月度出口量: 进料加工贸易: 月度,,未识别,未识别,无,cu_6_4_export,cu_6_4_export,latin_abbr,,,INDICATORS_V1_KEY,cu_6_4_export,1,1,synonym_merge,0.90,,,auto,P3_auto,0
A-02339,cu_6_4_export,中国海关: 其他精炼铜丝月度出口量: 进料加工贸易: 月度,,CU,出口量,铜,中国海关: 其他精炼铜丝月度出口量: 进料加工贸易: 月度,中国海关:其他精炼铜丝月度出口量:进料加工贸易:月度,canonical,,,INDICATORS_V1_NAME,cu_6_4_export,1,1,synonym_merge,0.90,,,auto,P3_auto,0
A-00821,cu_6_4_export_2,中国海关: 其他精炼铜丝月度出口: 对外承包工程出口货物: 月度,,未识别,未识别,无,cu_6_4_export_2,cu_6_4_export_2,latin_abbr,,,INDICATORS_V1_KEY,cu_6_4_export_2,1,1,synonym_merge,0.90,,,auto,P3_auto,0
A-02338,cu_6_4_export_2,中国海关: 其他精炼铜丝月度出口: 对外承包工程出口货物: 月度,,CU,未识别,铜,中国海关: 其他精炼铜丝月度出口: 对外承包工程出口货物: 月度,中国海关:其他精炼铜丝月度出口:对外承包工程出口货物:月度,canonical,,,INDICATORS_V1_NAME,cu_6_4_export_2,1,1,synonym_merge,0.90,,,auto,P3_auto,0
A-00822,cu_6_4_import,韩国海关：精炼铜坯料：进口金额合计：韩国（月）,,未识别,未识别,无,cu_6_4_import,cu_6_4_import,latin_abbr,,,INDICATORS_V1_KEY,cu_6_4_import,1,1,synonym_merge,0.90,,,auto,P3_auto,0
A-04606,cu_6_4_import,韩国海关：精炼铜坯料：进口金额合计：韩国（月）,,CU,未识别,铜,韩国海关：精炼铜坯料：进口金额合计：韩国（月）,韩国海关:精炼铜坯料:进口金额合计:韩国(月,canonical,,,INDICATORS_V1_NAME,cu_6_4_import,1,1,synonym_merge,0.90,,,auto,P3_auto,0
A-00823,cu_6_4_import_2,韩国海关：精炼铜坯料：进口数量合计：韩国（月）,,未识别,未识别,无,cu_6_4_import_2,cu_6_4_import_2,latin_abbr,,,INDICATORS_V1_KEY,cu_6_4_import_2,1,1,synonym_merge,0.90,,,auto,P3_auto,0
A-04605,cu_6_4_import_2,韩国海关：精炼铜坯料：进口数量合计：韩国（月）,,CU,未识别,铜,韩国海关：精炼铜坯料：进口数量合计：韩国（月）,韩国海关:精炼铜坯料:进口数量合计:韩国(月,canonical,,,INDICATORS_V1_NAME,cu_6_4_import_2,1,1,synonym_merge,0.90,,,auto,P3_auto,0
A-00824,cu_6_4_import_3,韩国海关：未锻造精炼铜：进口金额合计：韩国（月）,,未识别,未识别,无,cu_6_4_import_3,cu_6_4_import_3,latin_abbr,,,INDICATORS_V1_KEY,cu_6_4_import_3,1,1,synonym_merge,0.90,,,auto,P3_auto,0
A-04604,cu_6_4_import_3,韩国海关：未锻造精炼铜：进口金额合计：韩国（月）,,CU,未识别,铜,韩国海关：未锻造精炼铜：进口金额合计：韩国（月）,韩国海关:未锻造精炼铜:进口金额合计:韩国(月,canonical,,,INDICATORS_V1_NAME,cu_6_4_import_3,1,1,synonym_merge,0.90,,,auto,P3_auto,0
A-00825,cu_6_4_import_4,韩国海关：未锻造精炼铜：进口数量合计：韩国（月）,,未识别,未识别,无,cu_6_4_import_4,cu_6_4_import_4,latin_abbr,,,INDICATORS_V1_KEY,cu_6_4_import_4,1,1,synonym_merge,0.90,,,auto,P3_auto,0
A-04603,cu_6_4_import_4,韩国海关：未锻造精炼铜：进口数量合计：韩国（月）,,CU,未识别,铜,韩国海关：未锻造精炼铜：进口数量合计：韩国（月）,韩国海关:未锻造精炼铜:进口数量合计:韩国(月,canonical,,,INDICATORS_V1_NAME,cu_6_4_import_4,1,1,synonym_merge,0.90,,,auto,P3_auto,0
A-00826,cu_6_4_import_5,中国海关: 其他精炼铜丝进口量: 月度,,未识别,未识别,无,cu_6_4_import_5,cu_6_4_import_5,latin_abbr,,,INDICATORS_V1_KEY,cu_6_4_import_5,1,1,synonym_merge,0.90,,,auto,P3_auto,0
A-00827,cu_6_4_import_6,中国海关: 最大截面尺寸＞6mm的精炼铜丝进口量: 月度,,未识别,未识别,无,cu_6_4_import_6,cu_6_4_import_6,latin_abbr,,,INDICATORS_V1_KEY,cu_6_4_import_6,1,1,synonym_merge,0.90,,,auto,P3_auto,0
A-02346,cu_6_4_import_6,中国海关: 最大截面尺寸＞6mm的精炼铜丝进口量: 月度,,CU,进口量,铜,中国海关: 最大截面尺寸＞6mm的精炼铜丝进口量: 月度,中国海关:最大截面尺寸＞6mm的精炼铜丝进口量:月度,mixed_script,,,INDICATORS_V1_NAME,cu_6_4_import_6,1,1,synonym_merge,0.90,,,auto,P3_auto,0
A-00828,cu_6_4_import_7,中国海关: 其他精炼铜丝进口: 海关特殊监管区域进口设备: 月度,,未识别,未识别,无,cu_6_4_import_7,cu_6_4_import_7,latin_abbr,,,INDICATORS_V1_KEY,cu_6_4_import_7,1,1,synonym_merge,0.90,,,auto,P3_auto,0
A-02340,cu_6_4_import_7,中国海关: 其他精炼铜丝进口: 海关特殊监管区域进口设备: 月度,,CU,未识别,铜,中国海关: 其他精炼铜丝进口: 海关特殊监管区域进口设备: 月度,中国海关:其他精炼铜丝进口:海关特殊监管区域进口设备:月度,canonical,,,INDICATORS_V1_NAME,cu_6_4_import_7,1,1,synonym_merge,0.90,,,auto,P3_auto,0
A-00829,cu_71_cost_fq,铜：生产现金成本：第一量子（季）,美元/吨,未识别,未识别,无,cu_71_cost_fq,cu_71_cost_fq,latin_abbr,,,INDICATORS_V1_KEY,cu_71_cost_fq,1,1,synonym_merge,0.90,,,auto,P3_auto,0
A-04192,cu_71_cost_fq,铜：生产现金成本：第一量子（季）,美元/吨,CU,成本,铜,铜：生产现金成本：第一量子（季）,铜:生产现金成本:第一量子(季,canonical,,,INDICATORS_V1_NAME,cu_71_cost_fq,1,1,synonym_merge,0.90,,,auto,P3_auto,0
A-00830,i1,LME铅库存,吨,未识别,未识别,无,i1,i1,latin_abbr,,,INDICATORS_V1_KEY,i1,1,1,synonym_merge,0.90,,,auto,P3_auto,0
A-00831,i10,铅精矿原料库存_中国,万吨,未识别,未识别,无,i10,i10,latin_abbr,,,INDICATORS_V1_KEY,i10,1,1,synonym_merge,0.90,,,auto,P3_auto,0
A-04178,i10,铅精矿原料库存_中国,万吨,PB,库存,铅精矿|铅,铅精矿原料库存_中国,铅精矿原料库存_中国,canonical,,,INDICATORS_V1_NAME,i10,1,1,synonym_merge,0.90,,,auto,P3_auto,0
A-00832,i11,再生铅成品库存,万吨,未识别,未识别,无,i11,i11,latin_abbr,,,INDICATORS_V1_KEY,i11,1,1,synonym_merge,0.90,,,auto,P3_auto,0
A-02474,i11,再生铅成品库存,万吨,PB,库存,再生铅|铅,再生铅成品库存,再生铅成品库存,canonical,,,INDICATORS_V1_NAME,i11,1,1,synonym_merge,0.90,,,auto,P3_auto,0
A-00833,i12,再生铅原材料库存_周,万吨,未识别,未识别,无,i12,i12,latin_abbr,,,INDICATORS_V1_KEY,i12,1,1,synonym_merge,0.90,,,auto,P3_auto,0
A-02473,i12,再生铅原材料库存_周,万吨,PB,库存,再生铅|铅,再生铅原材料库存_周,再生铅原材料库存_周,canonical,,,INDICATORS_V1_NAME,i12,1,1,synonym_merge,0.90,,,auto,P3_auto,0
A-00834,i13,废电瓶库存动态,万吨,未识别,未识别,无,i13,i13,latin_abbr,,,INDICATORS_V1_KEY,i13,1,1,synonym_merge,0.90,,,auto,P3_auto,0
A-03184,i13,废电瓶库存动态,万吨,未识别,库存,无,废电瓶库存动态,废电瓶库存动态,canonical,,,INDICATORS_V1_NAME,i13,1,1,synonym_merge,0.90,,,auto,P3_auto,0
A-00835,i14,废电瓶及含铅废料处理能力_周,万吨,未识别,未识别,无,i14,i14,latin_abbr,,,INDICATORS_V1_KEY,i14,1,1,synonym_merge,0.90,,,auto,P3_auto,0
A-03183,i14,废电瓶及含铅废料处理能力_周,万吨,PB,未识别,铅,废电瓶及含铅废料处理能力_周,废电瓶及含铅废料处理能力_周,canonical,,,INDICATORS_V1_NAME,i14,1,1,synonym_merge,0.90,,,auto,P3_auto,0
A-00836,i15,再生铅原料库存天数,天,未识别,未识别,无,i15,i15,latin_abbr,,,INDICATORS_V1_KEY,i15,1,1,synonym_merge,0.90,,,auto,P3_auto,0
A-02472,i15,再生铅原料库存天数,天,PB,库存天数|库存,再生铅|铅,再生铅原料库存天数,再生铅原料库存天数,cross_report_synonym,,,INDICATORS_V1_NAME|THS_MATCHED,THS-CU-4.5|i15,1,2,synonym_merge,0.90,,,auto,P3_auto,0
A-00837,i16,铅矿到港_防城,万吨,未识别,未识别,无,i16,i16,latin_abbr,,,INDICATORS_V1_KEY,i16,1,1,synonym_merge,0.90,,,auto,P3_auto,0
A-04177,i16,铅矿到港_防城,万吨,PB,未识别,铅,铅矿到港_防城,铅矿到港_防城,canonical,,,INDICATORS_V1_NAME,i16,1,1,synonym_merge,0.90,,,auto,P3_auto,0
A-00838,i17,中国海关铅锭进口量,吨,未识别,未识别,无,i17,i17,latin_abbr,,,INDICATORS_V1_KEY,i17,1,1,synonym_merge,0.90,,,auto,P3_auto,0
A-02384,i17,中国海关铅锭进口量,吨,PB,进口量,铅锭|铅,中国海关铅锭进口量,中国海关铅锭进口量,canonical,,,INDICATORS_V1_NAME,i17,1,1,synonym_merge,0.90,,,auto,P3_auto,0
A-00839,i18,SMM铅锭五地社库总计,万吨,未识别,未识别,无,i18,i18,latin_abbr,,,INDICATORS_V1_KEY,i18,1,1,synonym_merge,0.90,,,auto,P3_auto,0
A-00840,i19,LME：铅：注册仓单：新加坡（日）,吨,未识别,未识别,无,i19,i19,latin_abbr,,,INDICATORS_V1_KEY,i19,1,1,synonym_merge,0.90,,,auto,P3_auto,0
A-00346,i2,SHFE铅仓单,吨,PB,仓单,铅,SHFE铅仓单,SHFE铅仓单,cross_report_synonym,,,INDICATORS_V1_NAME|THS_MATCHED,THS-CU-2.3|THS-CU-4.3|i2,1,3,synonym_merge,0.90,,,auto,P3_auto,0
A-00841,i2,SHFE铅仓单,吨,未识别,未识别,无,i2,i2,latin_abbr,,,INDICATORS_V1_KEY,i2,1,1,synonym_merge,0.90,,,auto,P3_auto,0
A-00842,i20,LME：铅：注销仓单：新加坡（日）,吨,未识别,未识别,无,i20,i20,latin_abbr,,,INDICATORS_V1_KEY,i20,1,1,synonym_merge,0.90,,,auto,P3_auto,0
A-00094,i21,LME: 铅库存分仓库: 新加坡: 注册仓单: 日度,吨,PB,注册仓单|库存|仓单,铅,LME: 铅库存分仓库: 新加坡: 注册仓单: 日度,LME:铅库存分仓库:新加坡:注册仓单:日度,mixed_script,,,INDICATORS_V1_NAME,i21,1,1,synonym_merge,0.90,,,auto,P3_auto,0
A-00843,i21,LME: 铅库存分仓库: 新加坡: 注册仓单: 日度,吨,未识别,未识别,无,i21,i21,latin_abbr,,,INDICATORS_V1_KEY,i21,1,1,synonym_merge,0.90,,,auto,P3_auto,0
A-00095,i22,LME: 铅库存分仓库: 新加坡: 注销仓单: 日度,吨,PB,注销仓单|库存|仓单,铅,LME: 铅库存分仓库: 新加坡: 注销仓单: 日度,LME:铅库存分仓库:新加坡:注销仓单:日度,mixed_script,,,INDICATORS_V1_NAME,i22,1,1,synonym_merge,0.90,,,auto,P3_auto,0
A-00844,i22,LME: 铅库存分仓库: 新加坡: 注销仓单: 日度,吨,未识别,未识别,无,i22,i22,latin_abbr,,,INDICATORS_V1_KEY,i22,1,1,synonym_merge,0.90,,,auto,P3_auto,0
A-00090,i23,LME：铅：非仓单库存：亚洲：新加坡（日）,吨,PB,非仓单|库存|仓单,铅,LME：铅：非仓单库存：亚洲：新加坡（日）,LME:铅:非仓单库存:亚洲:新加坡(日,mixed_script,,,INDICATORS_V1_NAME,i23,1,1,synonym_merge,0.90,,,auto,P3_auto,0
A-00845,i23,LME：铅：非仓单库存：亚洲：新加坡（日）,吨,未识别,未识别,无,i23,i23,latin_abbr,,,INDICATORS_V1_KEY,i23,1,1,synonym_merge,0.90,,,auto,P3_auto,0
A-00085,i24,LME：铅：入库量：新加坡（日）,吨,PB,入库量|入库,铅,LME：铅：入库量：新加坡（日）,LME:铅:入库量:新加坡(日,mixed_script,,,INDICATORS_V1_NAME,i24,1,1,synonym_merge,0.90,,,auto,P3_auto,0
A-00846,i24,LME：铅：入库量：新加坡（日）,吨,未识别,未识别,无,i24,i24,latin_abbr,,,INDICATORS_V1_KEY,i24,1,1,synonym_merge,0.90,,,auto,P3_auto,0
A-00086,i25,LME：铅：出库量：新加坡（日）,吨,PB,出库量|出库,铅,LME：铅：出库量：新加坡（日）,LME:铅:出库量:新加坡(日,mixed_script,,,INDICATORS_V1_NAME,i25,1,1,synonym_merge,0.90,,,auto,P3_auto,0
A-00847,i25,LME：铅：出库量：新加坡（日）,吨,未识别,未识别,无,i25,i25,latin_abbr,,,INDICATORS_V1_KEY,i25,1,1,synonym_merge,0.90,,,auto,P3_auto,0
A-00450,i26,SMM: 铅蓄电池企业成品库存: 月度,KVAh,PB,库存,铅,SMM: 铅蓄电池企业成品库存: 月度,SMM:铅蓄电池企业成品库存:月度,mixed_script,,,INDICATORS_V1_NAME,i26,1,1,synonym_merge,0.90,,,auto,P3_auto,0
A-00848,i26,SMM: 铅蓄电池企业成品库存: 月度,KVAh,未识别,未识别,无,i26,i26,latin_abbr,,,INDICATORS_V1_KEY,i26,1,1,synonym_merge,0.90,,,auto,P3_auto,0
A-00457,i27,SMM: 铅锭平衡: 供求平衡: 年度,万吨,PB,未识别,铅锭|铅,SMM: 铅锭平衡: 供求平衡: 年度,SMM:铅锭平衡:供求平衡:年度,mixed_script,,,INDICATORS_V1_NAME,i27,1,1,synonym_merge,0.90,,,auto,P3_auto,0
A-00849,i27,SMM: 铅锭平衡: 供求平衡: 年度,万吨,未识别,未识别,无,i27,i27,latin_abbr,,,INDICATORS_V1_KEY,i27,1,1,synonym_merge,0.90,,,auto,P3_auto,0
A-00850,i28,SHFE: 铅: 库存周报: 本周库存期货: 周度,吨,未识别,未识别,无,i28,i28,latin_abbr,,,INDICATORS_V1_KEY,i28,1,1,synonym_merge,0.90,,,auto,P3_auto,0
A-00093,i29,LME: 铅库存_仁川: 日度,吨,PB,库存,铅,LME: 铅库存_仁川: 日度,LME:铅库存_仁川:日度,mixed_script,,,INDICATORS_V1_NAME,i29,1,1,synonym_merge,0.90,,,auto,P3_auto,0
A-00851,i29,LME: 铅库存_仁川: 日度,吨,未识别,未识别,无,i29,i29,latin_abbr,,,INDICATORS_V1_KEY,i29,1,1,synonym_merge,0.90,,,auto,P3_auto,0
A-00852,i3,SMM铅锭五地社库,万吨,未识别,未识别,无,i3,i3,latin_abbr,,,INDICATORS_V1_KEY,i3,1,1,synonym_merge,0.90,,,auto,P3_auto,0
A-00092,i30,LME: 铅: 非注册仓单库存: 阿联酋: 迪拜: 日度,吨,PB,注册仓单|库存|仓单,铅,LME: 铅: 非注册仓单库存: 阿联酋: 迪拜: 日度,LME:铅:非注册仓单库存:阿联酋:迪拜:日度,mixed_script,,,INDICATORS_V1_NAME,i30,1,1,synonym_merge,0.90,,,auto,P3_auto,0
A-00853,i30,LME: 铅: 非注册仓单库存: 阿联酋: 迪拜: 日度,吨,未识别,未识别,无,i30,i30,latin_abbr,,,INDICATORS_V1_KEY,i30,1,1,synonym_merge,0.90,,,auto,P3_auto,0
A-00854,i31,铅锭：现货库存（日）,万吨,未识别,未识别,无,i31,i31,latin_abbr,,,INDICATORS_V1_KEY,i31,1,1,synonym_merge,0.90,,,auto,P3_auto,0
A-04187,i31,铅锭：现货库存（日）,万吨,PB,库存,铅锭|铅,铅锭：现货库存（日）,铅锭:现货库存(日,canonical,,,INDICATORS_V1_NAME,i31,1,1,synonym_merge,0.90,,,auto,P3_auto,0
A-00855,i32,SMM: 铅锭五地社会库存: 广东: 周度,万吨,未识别,未识别,无,i32,i32,latin_abbr,,,INDICATORS_V1_KEY,i32,1,1,synonym_merge,0.90,,,auto,P3_auto,0
A-00856,i33,SMM: 铅锭五地社会库存: 江苏: 周度,万吨,未识别,未识别,无,i33,i33,latin_abbr,,,INDICATORS_V1_KEY,i33,1,1,synonym_merge,0.90,,,auto,P3_auto,0
A-00857,i34,SMM: 铅锭五地社会库存: 浙江: 周度,万吨,未识别,未识别,无,i34,i34,latin_abbr,,,INDICATORS_V1_KEY,i34,1,1,synonym_merge,0.90,,,auto,P3_auto,0
A-00858,i35,SMM: 铅锭五地社会库存: 天津: 周度,万吨,未识别,未识别,无,i35,i35,latin_abbr,,,INDICATORS_V1_KEY,i35,1,1,synonym_merge,0.90,,,auto,P3_auto,0
A-00859,i36,SMM: 铅锭五地社会库存: 上海: 周度,万吨,未识别,未识别,无,i36,i36,latin_abbr,,,INDICATORS_V1_KEY,i36,1,1,synonym_merge,0.90,,,auto,P3_auto,0
A-00860,i37,中国海关铅蓄电池出口量,个,未识别,未识别,无,i37,i37,latin_abbr,,,INDICATORS_V1_KEY,i37,1,1,synonym_merge,0.90,,,auto,P3_auto,0
A-02381,i37,中国海关铅蓄电池出口量,个,PB,出口量,铅,中国海关铅蓄电池出口量,中国海关铅蓄电池出口量,canonical,,,INDICATORS_V1_NAME,i37,1,1,synonym_merge,0.90,,,auto,P3_auto,0
A-00861,i38,中国海关起动型铅蓄电池出口量,个,未识别,未识别,无,i38,i38,latin_abbr,,,INDICATORS_V1_KEY,i38,1,1,synonym_merge,0.90,,,auto,P3_auto,0
A-02379,i38,中国海关起动型铅蓄电池出口量,个,PB,出口量,铅,中国海关起动型铅蓄电池出口量,中国海关起动型铅蓄电池出口量,canonical,,,INDICATORS_V1_NAME,i38,1,1,synonym_merge,0.90,,,auto,P3_auto,0
A-00862,i39,中国海关铅蓄电池出口量累计,个,未识别,未识别,无,i39,i39,latin_abbr,,,INDICATORS_V1_KEY,i39,1,1,synonym_merge,0.90,,,auto,P3_auto,0
A-02382,i39,中国海关铅蓄电池出口量累计,个,PB,出口量,铅,中国海关铅蓄电池出口量累计,中国海关铅蓄电池出口量累计,canonical,,,INDICATORS_V1_NAME,i39,1,1,synonym_merge,0.90,,,auto,P3_auto,0
A-00863,i4,原生铅成品库存,万吨,未识别,未识别,无,i4,i4,latin_abbr,,,INDICATORS_V1_KEY,i4,1,1,synonym_merge,0.90,,,auto,P3_auto,0
A-02667,i4,原生铅成品库存,万吨,PB,库存,铅,原生铅成品库存,原生铅成品库存,canonical,,,INDICATORS_V1_NAME,i4,1,1,synonym_merge,0.90,,,auto,P3_auto,0
A-00864,i40,中国海关铅精矿进口量,吨,未识别,未识别,无,i40,i40,latin_abbr,,,INDICATORS_V1_KEY,i40,1,1,synonym_merge,0.90,,,auto,P3_auto,0
A-00865,i41,中国海关铅锭出口量,吨,未识别,未识别,无,i41,i41,latin_abbr,,,INDICATORS_V1_KEY,i41,1,1,synonym_merge,0.90,,,auto,P3_auto,0
A-02383,i41,中国海关铅锭出口量,吨,PB,出口量,铅锭|铅,中国海关铅锭出口量,中国海关铅锭出口量,canonical,,,INDICATORS_V1_NAME,i41,1,1,synonym_merge,0.90,,,auto,P3_auto,0
A-00866,i5,进口铅精矿港口库存,万吨,未识别,未识别,无,i5,i5,latin_abbr,,,INDICATORS_V1_KEY,i5,1,1,synonym_merge,0.90,,,auto,P3_auto,0
A-04144,i5,进口铅精矿港口库存,万吨,PB,库存,铅精矿|铅,进口铅精矿港口库存,进口铅精矿港口库存,cross_report_synonym,,,INDICATORS_V1_NAME|THS_MATCHED,THS-NI-7.3|i5,1,2,synonym_merge,0.90,,,auto,P3_auto,0
A-00172,i6,LME铅注册仓单,吨,PB,注册仓单|仓单,铅,LME铅注册仓单,LME铅注册仓单,cross_report_synonym,,,INDICATORS_V1_NAME|THS_MATCHED,THS-NI-3.2|THS-NI-5.3|i6,1,5,synonym_merge,0.90,,,auto,P3_auto,0
A-00867,i6,LME铅注册仓单,吨,未识别,未识别,无,i6,i6,latin_abbr,,,INDICATORS_V1_KEY,i6,1,1,synonym_merge,0.90,,,auto,P3_auto,0
A-00173,i7,LME铅注销仓单,吨,PB,注销仓单|仓单,铅,LME铅注销仓单,LME铅注销仓单,cross_report_synonym,,,INDICATORS_V1_NAME|THS_MATCHED,THS-NI-2.4|THS-ZN-2.3|THS-ZN-4.2|i7,1,16,synonym_merge,0.90,,,auto,P3_auto,0
A-00868,i7,LME铅注销仓单,吨,未识别,未识别,无,i7,i7,latin_abbr,,,INDICATORS_V1_KEY,i7,1,1,synonym_merge,0.90,,,auto,P3_auto,0
A-00347,i8,SHFE铅仓单分地区_上海,吨,PB,仓单,铅,SHFE铅仓单分地区_上海,SHFE铅仓单分地区_上海,mixed_script,,,INDICATORS_V1_NAME,i8,1,1,synonym_merge,0.90,,,auto,P3_auto,0
A-00869,i8,SHFE铅仓单分地区_上海,吨,未识别,未识别,无,i8,i8,latin_abbr,,,INDICATORS_V1_KEY,i8,1,1,synonym_merge,0.90,,,auto,P3_auto,0
A-00870,i9,冶炼厂铅精矿库存,万吨,未识别,未识别,无,i9,i9,latin_abbr,,,INDICATORS_V1_KEY,i9,1,1,synonym_merge,0.90,,,auto,P3_auto,0
A-02513,i9,冶炼厂铅精矿库存,万吨,PB,库存,铅精矿|铅,冶炼厂铅精矿库存,冶炼厂铅精矿库存,canonical,,,INDICATORS_V1_NAME,i9,1,1,synonym_merge,0.90,,,auto,P3_auto,0
A-00871,j21_close,沪铅主力连续收盘价,元/吨,未识别,未识别,无,j21_close,j21_close,latin_abbr,,,INDICATORS_V1_KEY,j21_close,1,1,synonym_merge,0.90,,,auto,P3_auto,0
A-03357,j21_close,沪铅主力连续收盘价,元/吨,PB,未识别,铅,沪铅主力连续收盘价,沪铅主力连续收盘价,cross_report_synonym,,,INDICATORS_V1_NAME|THS_MATCHED,THS-AL-3.1|THS-CU-2.3|THS-SN-2.1|j21_close,1,6,synonym_merge,0.90,,,auto,P3_auto,0
A-00872,j21_oi,沪铅主力连续持仓量,手,未识别,未识别,无,j21_oi,j21_oi,latin_abbr,,,INDICATORS_V1_KEY,j21_oi,1,1,synonym_merge,0.90,,,auto,P3_auto,0
A-03356,j21_oi,沪铅主力连续持仓量,手,PB,持仓量|持仓,铅,沪铅主力连续持仓量,沪铅主力连续持仓量,canonical,,,INDICATORS_V1_NAME,j21_oi,1,1,synonym_merge,0.90,,,auto,P3_auto,0
A-00873,j21_volume,沪铅主力连续成交量,手,未识别,未识别,无,j21_volume,j21_volume,latin_abbr,,,INDICATORS_V1_KEY,j21_volume,1,1,synonym_merge,0.90,,,auto,P3_auto,0
A-03355,j21_volume,沪铅主力连续成交量,手,PB,成交量,铅,沪铅主力连续成交量,沪铅主力连续成交量,canonical,,,INDICATORS_V1_NAME,j21_volume,1,1,synonym_merge,0.90,,,auto,P3_auto,0
A-00468,j22_premium,SMM 上海铅现货升贴水,元/吨,PB,升贴水|贴水,铅,SMM 上海铅现货升贴水,SMM上海铅现货升贴水,cross_report_synonym,,,INDICATORS_V1_NAME|THS_MATCHED,THS-LI-2.3|THS-NI-4.1|THS-ZN-2.2|j22_premium,1,4,synonym_merge,0.90,,,auto,P3_auto,0
A-00874,j22_premium,SMM 上海铅现货升贴水,元/吨,未识别,未识别,无,j22_premium,j22_premium,latin_abbr,,,INDICATORS_V1_KEY,j22_premium,1,1,synonym_merge,0.90,,,auto,P3_auto,0
A-00475,j22_regen,SMM 再生精铅平均价,元/吨,PB,均价,铅,SMM 再生精铅平均价,SMM再生精铅平均价,mixed_script,,,INDICATORS_V1_NAME,j22_regen,1,1,synonym_merge,0.90,,,auto,P3_auto,0
A-00875,j22_regen,SMM 再生精铅平均价,元/吨,未识别,未识别,无,j22_regen,j22_regen,latin_abbr,,,INDICATORS_V1_KEY,j22_regen,1,1,synonym_merge,0.90,,,auto,P3_auto,0
A-00486,j22_shfe_ratio,SMM 沪伦比值 铅 现货,,PB,未识别,铅,SMM 沪伦比值 铅 现货,SMM沪伦比值铅现货,mixed_script,,,INDICATORS_V1_NAME,j22_shfe_ratio,1,1,synonym_merge,0.90,,,auto,P3_auto,0
A-00876,j22_shfe_ratio,SMM 沪伦比值 铅 现货,,未识别,未识别,无,j22_shfe_ratio,j22_shfe_ratio,latin_abbr,,,INDICATORS_V1_KEY,j22_shfe_ratio,1,1,synonym_merge,0.90,,,auto,P3_auto,0
A-00369,j22_spot,SMM 1#铅锭现货均价,元/吨,PB,均价,铅锭|铅,SMM 1#铅锭现货均价,SMM1#铅锭现货均价,cross_report_synonym,,,INDICATORS_V1_NAME|THS_MATCHED,THS-CU-2.3|j22_spot,1,2,synonym_merge,0.90,,,auto,P3_auto,0
A-00877,j22_spot,SMM 1#铅锭现货均价,元/吨,未识别,未识别,无,j22_spot,j22_spot,latin_abbr,,,INDICATORS_V1_KEY,j22_spot,1,1,synonym_merge,0.90,,,auto,P3_auto,0
A-00367,j22_spot_gd,SMM 1#铅锭广东现货均价,元/吨,PB,均价,铅锭|铅,SMM 1#铅锭广东现货均价,SMM1#铅锭广东现货均价,mixed_script,,,INDICATORS_V1_NAME,j22_spot_gd,1,1,synonym_merge,0.90,,,auto,P3_auto,0
A-00878,j22_spot_gd,SMM 1#铅锭广东现货均价,元/吨,未识别,未识别,无,j22_spot_gd,j22_spot_gd,latin_abbr,,,INDICATORS_V1_KEY,j22_spot_gd,1,1,synonym_merge,0.90,,,auto,P3_auto,0
A-00368,j22_spot_hn,SMM 1#铅锭河南现货均价,元/吨,PB,均价,铅锭|铅,SMM 1#铅锭河南现货均价,SMM1#铅锭河南现货均价,mixed_script,,,INDICATORS_V1_NAME,j22_spot_hn,1,1,synonym_merge,0.90,,,auto,P3_auto,0
A-00879,j22_spot_hn,SMM 1#铅锭河南现货均价,元/吨,未识别,未识别,无,j22_spot_hn,j22_spot_hn,latin_abbr,,,INDICATORS_V1_KEY,j22_spot_hn,1,1,synonym_merge,0.90,,,auto,P3_auto,0
A-00365,j22_spot_sh,SMM 1#铅锭上海现货均价,元/吨,PB,均价,铅锭|铅,SMM 1#铅锭上海现货均价,SMM1#铅锭上海现货均价,mixed_script,,,INDICATORS_V1_NAME,j22_spot_sh,1,1,synonym_merge,0.90,,,auto,P3_auto,0
A-00880,j22_spot_sh,SMM 1#铅锭上海现货均价,元/吨,未识别,未识别,无,j22_spot_sh,j22_spot_sh,latin_abbr,,,INDICATORS_V1_KEY,j22_spot_sh,1,1,synonym_merge,0.90,,,auto,P3_auto,0
A-00366,j22_spot_tj,SMM 1#铅锭天津现货均价,元/吨,PB,均价,铅锭|铅,SMM 1#铅锭天津现货均价,SMM1#铅锭天津现货均价,mixed_script,,,INDICATORS_V1_NAME,j22_spot_tj,1,1,synonym_merge,0.90,,,auto,P3_auto,0
A-00881,j22_spot_tj,SMM 1#铅锭天津现货均价,元/吨,未识别,未识别,无,j22_spot_tj,j22_spot_tj,latin_abbr,,,INDICATORS_V1_KEY,j22_spot_tj,1,1,synonym_merge,0.90,,,auto,P3_auto,0
A-00516,j23_imp_profit,SMM 进口盈亏 铅 现货 盈亏额,元/吨,PB,盈亏,铅,SMM 进口盈亏 铅 现货 盈亏额,SMM进口盈亏铅现货盈亏额,cross_report_synonym,,,INDICATORS_V1_NAME|THS_MATCHED,THS-NI-4.1|j23_imp_profit,1,2,synonym_merge,0.90,,,auto,P3_auto,0
A-00882,j23_imp_profit,SMM 进口盈亏 铅 现货 盈亏额,元/吨,未识别,未识别,无,j23_imp_profit,j23_imp_profit,latin_abbr,,,INDICATORS_V1_KEY,j23_imp_profit,1,1,synonym_merge,0.90,,,auto,P3_auto,0
A-00883,j23_lme_0to3,LME 铅0-3月升贴水,美元/吨,未识别,未识别,无,j23_lme_0to3,j23_lme_0to3,latin_abbr,,,INDICATORS_V1_KEY,j23_lme_0to3,1,1,synonym_merge,0.90,,,auto,P3_auto,0
A-00170,j23_lme_3m,LME 铅官方3M卖价,美元/吨,PB,未识别,铅,LME 铅官方3M卖价,LME铅官方3M卖价,mixed_script,,,INDICATORS_V1_NAME,j23_lme_3m,1,1,synonym_merge,0.90,,,auto,P3_auto,0
A-00884,j23_lme_3m,LME 铅官方3M卖价,美元/吨,未识别,未识别,无,j23_lme_3m,j23_lme_3m,latin_abbr,,,INDICATORS_V1_KEY,j23_lme_3m,1,1,synonym_merge,0.90,,,auto,P3_auto,0
A-00174,j23_lme_cash,LME 铅现货结算价,美元/吨,PB,结算价,铅,LME 铅现货结算价,LME铅现货结算价,cross_report_synonym,,,INDICATORS_V1_NAME|THS_MATCHED,THS-NI-2.2|THS-SN-2.3|THS-SN-2.5|j23_lme_cash,1,11,synonym_merge,0.90,,,auto,P3_auto,0
A-00885,j23_lme_cash,LME 铅现货结算价,美元/吨,未识别,未识别,无,j23_lme_cash,j23_lme_cash,latin_abbr,,,INDICATORS_V1_KEY,j23_lme_cash,1,1,synonym_merge,0.90,,,auto,P3_auto,0
A-00168,j23_lme_sp3,LME 铅(现货/三个月)升贴水,美元/吨,PB,升贴水|贴水,铅,LME 铅(现货/三个月)升贴水,LME铅(现货/三个月)升贴水,mixed_script,,,INDICATORS_V1_NAME,j23_lme_sp3,1,1,synonym_merge,0.90,,,auto,P3_auto,0
A-00886,j23_lme_sp3,LME 铅(现货/三个月)升贴水,美元/吨,未识别,未识别,无,j23_lme_sp3,j23_lme_sp3,latin_abbr,,,INDICATORS_V1_KEY,j23_lme_sp3,1,1,synonym_merge,0.90,,,auto,P3_auto,0
A-00518,j24_refine_spread,SMM 铅精废价差,元/吨,PB,价差,铅,SMM 铅精废价差,SMM铅精废价差,mixed_script,,,INDICATORS_V1_NAME,j24_refine_spread,1,1,synonym_merge,0.90,,,auto,P3_auto,0
A-00887,j24_refine_spread,SMM 铅精废价差,元/吨,未识别,未识别,无,j24_refine_spread,j24_refine_spread,latin_abbr,,,INDICATORS_V1_KEY,j24_refine_spread,1,1,synonym_merge,0.90,,,auto,P3_auto,0
A-00476,j24_regen_profit,SMM 再生铅利润,元/吨,PB,利润,再生铅|铅,SMM 再生铅利润,SMM再生铅利润,mixed_script,,,INDICATORS_V1_NAME,j24_regen_profit,1,1,synonym_merge,0.90,,,auto,P3_auto,0
A-00888,j24_regen_profit,SMM 再生铅利润,元/吨,未识别,未识别,无,j24_regen_profit,j24_regen_profit,latin_abbr,,,INDICATORS_V1_KEY,j24_regen_profit,1,1,synonym_merge,0.90,,,auto,P3_auto,0
A-00487,j24_spread_m,SMM 沪铅期现价差 当月合约 收盘价,元/吨,PB,价差,铅,SMM 沪铅期现价差 当月合约 收盘价,SMM沪铅期现价差当月合约收盘价,mixed_script,,,INDICATORS_V1_NAME,j24_spread_m,1,1,synonym_merge,0.90,,,auto,P3_auto,0
A-00889,j24_spread_m,SMM 沪铅期现价差 当月合约 收盘价,元/吨,未识别,未识别,无,j24_spread_m,j24_spread_m,latin_abbr,,,INDICATORS_V1_KEY,j24_spread_m,1,1,synonym_merge,0.90,,,auto,P3_auto,0
A-00488,j24_spread_s,SMM 沪铅期现价差 次月合约 收盘价,元/吨,PB,价差,铅,SMM 沪铅期现价差 次月合约 收盘价,SMM沪铅期现价差次月合约收盘价,mixed_script,,,INDICATORS_V1_NAME,j24_spread_s,1,1,synonym_merge,0.90,,,auto,P3_auto,0
A-00890,j24_spread_s,SMM 沪铅期现价差 次月合约 收盘价,元/吨,未识别,未识别,无,j24_spread_s,j24_spread_s,latin_abbr,,,INDICATORS_V1_KEY,j24_spread_s,1,1,synonym_merge,0.90,,,auto,P3_auto,0
A-00496,j25_ag_revenue,SMM 精炼铅成本及利润 白银收益,元/吨,PB,成本|利润,铅,SMM 精炼铅成本及利润 白银收益,SMM精炼铅成本及利润白银收益,mixed_script,,,INDICATORS_V1_NAME,j25_ag_revenue,1,1,synonym_merge,0.90,,,auto,P3_auto,0
A-00891,j25_ag_revenue,SMM 精炼铅成本及利润 白银收益,元/吨,未识别,未识别,无,j25_ag_revenue,j25_ag_revenue,latin_abbr,,,INDICATORS_V1_KEY,j25_ag_revenue,1,1,synonym_merge,0.90,,,auto,P3_auto,0
A-00484,j25_battery,SMM 废蓄电池平均价,元/吨,未识别,均价,无,SMM 废蓄电池平均价,SMM废蓄电池平均价,mixed_script,,,INDICATORS_V1_NAME,j25_battery,1,1,synonym_merge,0.90,,,auto,P3_auto,0
A-00892,j25_battery,SMM 废蓄电池平均价,元/吨,未识别,未识别,无,j25_battery,j25_battery,latin_abbr,,,INDICATORS_V1_KEY,j25_battery,1,1,synonym_merge,0.90,,,auto,P3_auto,0
A-00497,j25_smelt_cost,SMM 精炼铅成本及利润 铅冶炼加工成本,元/吨,PB,成本|利润,铅,SMM 精炼铅成本及利润 铅冶炼加工成本,SMM精炼铅成本及利润铅冶炼加工成本,mixed_script,,,INDICATORS_V1_NAME,j25_smelt_cost,1,1,synonym_merge,0.90,,,auto,P3_auto,0
A-00893,j25_smelt_cost,SMM 精炼铅成本及利润 铅冶炼加工成本,元/吨,未识别,未识别,无,j25_smelt_cost,j25_smelt_cost,latin_abbr,,,INDICATORS_V1_KEY,j25_smelt_cost,1,1,synonym_merge,0.90,,,auto,P3_auto,0
A-00498,j25_tc,SMM 精炼铅成本及利润 铅精矿加工费(国产),元/金属吨,PB,加工费|成本|利润,铅精矿|铅,SMM 精炼铅成本及利润 铅精矿加工费(国产),SMM精炼铅成本及利润铅精矿加工费(国产,mixed_script,,,INDICATORS_V1_NAME,j25_tc,1,1,synonym_merge,0.90,,,auto,P3_auto,0
A-00894,j25_tc,SMM 精炼铅成本及利润 铅精矿加工费(国产),元/金属吨,未识别,未识别,无,j25_tc,j25_tc,latin_abbr,,,INDICATORS_V1_KEY,j25_tc,1,1,synonym_merge,0.90,,,auto,P3_auto,0
A-00895,j311_ilm,ILZSG 全球铅矿产量: 月度,千吨,未识别,未识别,无,j311_ilm,j311_ilm,latin_abbr,,,INDICATORS_V1_KEY,j311_ilm,1,1,synonym_merge,0.90,,,auto,P3_auto,0
A-00278,j313_qh,NBS 铅精矿产量-青海: 月度,万吨,PB,产量,铅精矿|铅,NBS 铅精矿产量-青海: 月度,NBS铅精矿产量-青海:月度,mixed_script,,,INDICATORS_V1_NAME,j313_qh,1,1,synonym_merge,0.90,,,auto,P3_auto,0
A-00896,j313_qh,NBS 铅精矿产量-青海: 月度,万吨,未识别,未识别,无,j313_qh,j313_qh,latin_abbr,,,INDICATORS_V1_KEY,j313_qh,1,1,synonym_merge,0.90,,,auto,P3_auto,0
A-00519,j314_net_imp,SMM 铅精矿净进口量(实物吨): 月度,万实物吨,PB,净进口量|进口量,铅精矿|铅,SMM 铅精矿净进口量(实物吨): 月度,SMM铅精矿净进口量(实物吨,unit_variant,:月度,,INDICATORS_V1_NAME,j314_net_imp,1,1,synonym_merge,0.90,,,auto,P3_auto,0
A-00897,j314_net_imp,SMM 铅精矿净进口量(实物吨): 月度,万实物吨,未识别,未识别,无,j314_net_imp,j314_net_imp,latin_abbr,,,INDICATORS_V1_KEY,j314_net_imp,1,1,synonym_merge,0.90,,,auto,P3_auto,0
A-00256,j322_native_util_m,Mysteel 原生铅产能利用率: 月度,%,PB,产能利用率|产能,铅,Mysteel 原生铅产能利用率: 月度,Mysteel原生铅产能利用率:月度,mixed_script,,,INDICATORS_V1_NAME,j322_native_util_m,1,1,synonym_merge,0.90,,,auto,P3_auto,0
A-00898,j322_native_util_m,Mysteel 原生铅产能利用率: 月度,%,未识别,未识别,无,j322_native_util_m,j322_native_util_m,latin_abbr,,,INDICATORS_V1_KEY,j322_native_util_m,1,1,synonym_merge,0.90,,,auto,P3_auto,0
A-00255,j322_native_util_w,Mysteel 原生铅产能利用率: 周度,%,PB,产能利用率|产能,铅,Mysteel 原生铅产能利用率: 周度,Mysteel原生铅产能利用率:周度,mixed_script,,,INDICATORS_V1_NAME,j322_native_util_w,1,1,synonym_merge,0.90,,,auto,P3_auto,0
A-00899,j322_native_util_w,Mysteel 原生铅产能利用率: 周度,%,未识别,未识别,无,j322_native_util_w,j322_native_util_w,latin_abbr,,,INDICATORS_V1_KEY,j322_native_util_w,1,1,synonym_merge,0.90,,,auto,P3_auto,0
A-00257,j323_native_output,Mysteel 原生铅产量(中国),万吨,PB,产量,铅,Mysteel 原生铅产量(中国),Mysteel原生铅产量(中国,cross_report_synonym,,,INDICATORS_V1_NAME|THS_MATCHED,THS-NI-4.5|j323_native_output,1,3,synonym_merge,0.90,,,auto,P3_auto,0
A-00900,j323_native_output,Mysteel 原生铅产量(中国),万吨,未识别,未识别,无,j323_native_output,j323_native_output,latin_abbr,,,INDICATORS_V1_KEY,j323_native_output,1,1,synonym_merge,0.90,,,auto,P3_auto,0
A-00474,j323_regen_output,SMM 再生精铅产量(中国),万吨,PB,产量,铅,SMM 再生精铅产量(中国),SMM再生精铅产量(中国,mixed_script,,,INDICATORS_V1_NAME,j323_regen_output,1,1,synonym_merge,0.90,,,auto,P3_auto,0
A-00901,j323_regen_output,SMM 再生精铅产量(中国),万吨,未识别,未识别,无,j323_regen_output,j323_regen_output,latin_abbr,,,INDICATORS_V1_KEY,j323_regen_output,1,1,synonym_merge,0.90,,,auto,P3_auto,0
A-00252,j323_regen_util,Mysteel 再生铅产能利用率(中国),%,PB,产能利用率|产能,再生铅|铅,Mysteel 再生铅产能利用率(中国),Mysteel再生铅产能利用率(中国,mixed_script,,,INDICATORS_V1_NAME,j323_regen_util,1,1,synonym_merge,0.90,,,auto,P3_auto,0
A-00902,j323_regen_util,Mysteel 再生铅产能利用率(中国),%,未识别,未识别,无,j323_regen_util,j323_regen_util,latin_abbr,,,INDICATORS_V1_KEY,j323_regen_util,1,1,synonym_merge,0.90,,,auto,P3_auto,0
A-00251,j323_regen_util_w,Mysteel 再生铅产能利用率(30家样本),%,PB,产能利用率|产能,再生铅|铅,Mysteel 再生铅产能利用率(30家样本),Mysteel再生铅产能利用率(30家样本,mixed_script,,,INDICATORS_V1_NAME,j323_regen_util_w,1,1,synonym_merge,0.90,,,auto,P3_auto,0
A-00903,j323_regen_util_w,Mysteel 再生铅产能利用率(30家样本),%,未识别,未识别,无,j323_regen_util_w,j323_regen_util_w,latin_abbr,,,INDICATORS_V1_KEY,j323_regen_util_w,1,1,synonym_merge,0.90,,,auto,P3_auto,0
A-00478,j323_smm_regen_rate,SMM 再生铅开工率(总),%,PB,开工率|开工,再生铅|铅,SMM 再生铅开工率(总),SMM再生铅开工率(总,mixed_script,,,INDICATORS_V1_NAME,j323_smm_regen_rate,1,1,synonym_merge,0.90,,,auto,P3_auto,0
A-00904,j323_smm_regen_rate,SMM 再生铅开工率(总),%,未识别,未识别,无,j323_smm_regen_rate,j323_smm_regen_rate,latin_abbr,,,INDICATORS_V1_KEY,j323_smm_regen_rate,1,1,synonym_merge,0.90,,,auto,P3_auto,0
A-00269,j324_primary_spread,Mysteel 铅锭-再生精铅价差: 日度,元/吨,PB,价差,铅锭|铅,Mysteel 铅锭-再生精铅价差: 日度,Mysteel铅锭-再生精铅价差:日度,mixed_script,,,INDICATORS_V1_NAME,j324_primary_spread,1,1,synonym_merge,0.90,,,auto,P3_auto,0
A-00905,j324_primary_spread,Mysteel 铅锭-再生精铅价差: 日度,元/吨,未识别,未识别,无,j324_primary_spread,j324_primary_spread,latin_abbr,,,INDICATORS_V1_KEY,j324_primary_spread,1,1,synonym_merge,0.90,,,auto,P3_auto,0
A-00254,j324_regen_profit_bof,Mysteel 再生铅富氧侧吹炉利润: 日度,元/吨,PB,利润,再生铅|铅,Mysteel 再生铅富氧侧吹炉利润: 日度,Mysteel再生铅富氧侧吹炉利润:日度,mixed_script,,,INDICATORS_V1_NAME,j324_regen_profit_bof,1,1,synonym_merge,0.90,,,auto,P3_auto,0
A-00906,j324_regen_profit_bof,Mysteel 再生铅富氧侧吹炉利润: 日度,元/吨,未识别,未识别,无,j324_regen_profit_bof,j324_regen_profit_bof,latin_abbr,,,INDICATORS_V1_KEY,j324_regen_profit_bof,1,1,synonym_merge,0.90,,,auto,P3_auto,0
A-00253,j324_regen_profit_refl,Mysteel 再生铅反射炉利润: 日度,元/吨,PB,利润,再生铅|铅,Mysteel 再生铅反射炉利润: 日度,Mysteel再生铅反射炉利润:日度,mixed_script,,,INDICATORS_V1_NAME,j324_regen_profit_refl,1,1,synonym_merge,0.90,,,auto,P3_auto,0
A-00907,j324_regen_profit_refl,Mysteel 再生铅反射炉利润: 日度,元/吨,未识别,未识别,无,j324_regen_profit_refl,j324_regen_profit_refl,latin_abbr,,,INDICATORS_V1_KEY,j324_regen_profit_refl,1,1,synonym_merge,0.90,,,auto,P3_auto,0
A-00526,j51_apparent,SMM 铅锭平衡: 表观消费量,万吨,PB,表观消费|消费量|消费,铅锭|铅,SMM 铅锭平衡: 表观消费量,SMM铅锭平衡:表观消费量,mixed_script,,,INDICATORS_V1_NAME,j51_apparent,1,1,synonym_merge,0.90,,,auto,P3_auto,0
A-00908,j51_apparent,SMM 铅锭平衡: 表观消费量,万吨,未识别,未识别,无,j51_apparent,j51_apparent,latin_abbr,,,INDICATORS_V1_KEY,j51_apparent,1,1,synonym_merge,0.90,,,auto,P3_auto,0
A-00525,j51_cons,SMM 铅锭平衡: 消费量,万吨,PB,消费量|消费,铅锭|铅,SMM 铅锭平衡: 消费量,SMM铅锭平衡:消费量,mixed_script,,,INDICATORS_V1_NAME,j51_cons,1,1,synonym_merge,0.90,,,auto,P3_auto,0
A-00909,j51_cons,SMM 铅锭平衡: 消费量,万吨,未识别,未识别,无,j51_cons,j51_cons,latin_abbr,,,INDICATORS_V1_KEY,j51_cons,1,1,synonym_merge,0.90,,,auto,P3_auto,0
A-00494,j51_h2so4,SMM 精炼铅成本及利润: 硫酸价格,元/吨,ENTITY|PB,成本|利润|价格,硫酸|铅,SMM 精炼铅成本及利润: 硫酸价格,SMM精炼铅成本及利润:硫酸价格,mixed_script,,,INDICATORS_V1_NAME,j51_h2so4,1,1,synonym_merge,0.90,,,auto,P3_auto,0
A-00910,j51_h2so4,SMM 精炼铅成本及利润: 硫酸价格,元/吨,未识别,未识别,无,j51_h2so4,j51_h2so4,latin_abbr,,,INDICATORS_V1_KEY,j51_h2so4,1,1,synonym_merge,0.90,,,auto,P3_auto,0
A-00523,j51_util,SMM 铅蓄电池开工率: 总,%,PB,开工率|开工,铅,SMM 铅蓄电池开工率: 总,SMM铅蓄电池开工率:总,mixed_script,,,INDICATORS_V1_NAME,j51_util,1,1,synonym_merge,0.90,,,auto,P3_auto,0
A-00911,j51_util,SMM 铅蓄电池开工率: 总,%,未识别,未识别,无,j51_util,j51_util,latin_abbr,,,INDICATORS_V1_KEY,j51_util,1,1,synonym_merge,0.90,,,auto,P3_auto,0
A-00912,j52_base_station,中国工业产品产量: 移动通信基站设备,万信道,未识别,未识别,无,j52_base_station,j52_base_station,latin_abbr,,,INDICATORS_V1_KEY,j52_base_station,1,1,synonym_merge,0.90,,,auto,P3_auto,0
A-02315,j52_base_station,中国工业产品产量: 移动通信基站设备,万信道,未识别,产量,无,中国工业产品产量: 移动通信基站设备,中国工业产品产量:移动通信基站设备,canonical,,,INDICATORS_V1_NAME,j52_base_station,1,1,synonym_merge,0.90,,,auto,P3_auto,0
A-00522,j52_battery_inv,SMM 铅蓄电池企业成品库存,KVAh,PB,库存,铅,SMM 铅蓄电池企业成品库存,SMM铅蓄电池企业成品库存,mixed_script,,,INDICATORS_V1_NAME,j52_battery_inv,1,1,synonym_merge,0.90,,,auto,P3_auto,0
A-00913,j52_battery_inv,SMM 铅蓄电池企业成品库存,KVAh,未识别,未识别,无,j52_battery_inv,j52_battery_inv,latin_abbr,,,INDICATORS_V1_KEY,j52_battery_inv,1,1,synonym_merge,0.90,,,auto,P3_auto,0
A-00473,j52_car_sales,SMM 中国汽车产销量: 销量,万辆,未识别,销量,无,SMM 中国汽车产销量: 销量,SMM中国汽车产销量:销量,mixed_script,,,INDICATORS_V1_NAME,j52_car_sales,1,1,synonym_merge,0.90,,,auto,P3_auto,0
A-00914,j52_car_sales,SMM 中国汽车产销量: 销量,万辆,未识别,未识别,无,j52_car_sales,j52_car_sales,latin_abbr,,,INDICATORS_V1_KEY,j52_car_sales,1,1,synonym_merge,0.90,,,auto,P3_auto,0
A-00521,j53_next_rate,SMM 铅蓄电池下月预计开工率: 总,%,PB,开工率|开工,铅,SMM 铅蓄电池下月预计开工率: 总,SMM铅蓄电池下月预计开工率:总,mixed_script,,,INDICATORS_V1_NAME,j53_next_rate,1,1,synonym_merge,0.90,,,auto,P3_auto,0
A-00915,j53_next_rate,SMM 铅蓄电池下月预计开工率: 总,%,未识别,未识别,无,j53_next_rate,j53_next_rate,latin_abbr,,,INDICATORS_V1_KEY,j53_next_rate,1,1,synonym_merge,0.90,,,auto,P3_auto,0
A-00477,j53_regen_days,SMM 再生铅原料库存天数,天,PB,库存天数|库存,再生铅|铅,SMM 再生铅原料库存天数,SMM再生铅原料库存天数,mixed_script,,,INDICATORS_V1_NAME,j53_regen_days,1,1,synonym_merge,0.90,,,auto,P3_auto,0
A-00916,j53_regen_days,SMM 再生铅原料库存天数,天,未识别,未识别,无,j53_regen_days,j53_regen_days,latin_abbr,,,INDICATORS_V1_KEY,j53_regen_days,1,1,synonym_merge,0.90,,,auto,P3_auto,0
A-00483,j53_waste_inv,SMM 废电瓶库存动态指标,-,未识别,库存,无,SMM 废电瓶库存动态指标,SMM废电瓶库存动态指标,mixed_script,,,INDICATORS_V1_NAME,j53_waste_inv,1,1,synonym_merge,0.90,,,auto,P3_auto,0
A-00917,j53_waste_inv,SMM 废电瓶库存动态指标,-,未识别,未识别,无,j53_waste_inv,j53_waste_inv,latin_abbr,,,INDICATORS_V1_KEY,j53_waste_inv,1,1,synonym_merge,0.90,,,auto,P3_auto,0
A-00495,j72_smelt_profit,SMM 精炼铅成本及利润: 铅冶炼利润（加工）: 日度,元/吨,PB,冶炼利润|成本|利润,铅,SMM 精炼铅成本及利润: 铅冶炼利润（加工）: 日度,SMM精炼铅成本及利润:铅冶炼利润(加工,unit_variant,:日度,,INDICATORS_V1_NAME,j72_smelt_profit,1,1,synonym_merge,0.90,,,auto,P3_auto,0
A-00918,j72_smelt_profit,SMM 精炼铅成本及利润: 铅冶炼利润（加工）: 日度,元/吨,未识别,未识别,无,j72_smelt_profit,j72_smelt_profit,latin_abbr,,,INDICATORS_V1_KEY,j72_smelt_profit,1,1,synonym_merge,0.90,,,auto,P3_auto,0
A-00482,j73_elec_price,SMM 广西电解铝平均电价: 月度,元/kWh,AL,未识别,电解铝|铝,SMM 广西电解铝平均电价: 月度,SMM广西电解铝平均电价:月度,mixed_script,,,INDICATORS_V1_NAME,j73_elec_price,1,1,synonym_merge,0.90,,,auto,P3_auto,0
A-00919,j73_elec_price,SMM 广西电解铝平均电价: 月度,元/kWh,未识别,未识别,无,j73_elec_price,j73_elec_price,latin_abbr,,,INDICATORS_V1_KEY,j73_elec_price,1,1,synonym_merge,0.90,,,auto,P3_auto,0
A-00520,j73_imp_tc,SMM 铅精矿进口盈亏: 进口铅精矿加工费: 日度,美元/吨,PB,加工费|盈亏,铅精矿|铅,SMM 铅精矿进口盈亏: 进口铅精矿加工费: 日度,SMM铅精矿进口盈亏:进口铅精矿加工费:日度,mixed_script,,,INDICATORS_V1_NAME,j73_imp_tc,1,1,synonym_merge,0.90,,,auto,P3_auto,0
A-00920,j73_imp_tc,SMM 铅精矿进口盈亏: 进口铅精矿加工费: 日度,美元/吨,未识别,未识别,无,j73_imp_tc,j73_imp_tc,latin_abbr,,,INDICATORS_V1_KEY,j73_imp_tc,1,1,synonym_merge,0.90,,,auto,P3_auto,0
A-00921,li_21_basis,GFEX：碳酸锂：基差（日）,元/吨,未识别,未识别,无,li_21_basis,li_21_basis,latin_abbr,,,INDICATORS_V1_KEY,li_21_basis,1,1,synonym_merge,0.90,,,auto,P3_auto,0
A-00922,li_21_close,GFEX：碳酸锂：指数合约：收盘价（日）,元/吨,未识别,未识别,无,li_21_close,li_21_close,latin_abbr,,,INDICATORS_V1_KEY,li_21_close,1,1,synonym_merge,0.90,,,auto,P3_auto,0
A-00923,li_21_close_2,GFEX：碳酸锂：指数合约：收盘价（日）,元/吨,未识别,未识别,无,li_21_close_2,li_21_close_2,latin_abbr,,,INDICATORS_V1_KEY,li_21_close_2,1,1,synonym_merge,0.90,,,auto,P3_auto,0
A-00924,li_21_close_front,GFEX：碳酸锂：主力合约：收盘价（日）,元/吨,未识别,未识别,无,li_21_close_front,li_21_close_front,latin_abbr,,,INDICATORS_V1_KEY,li_21_close_front,1,1,synonym_merge,0.90,,,auto,P3_auto,0
A-00925,li_21_close_front_futures,碳酸锂期货主力合约收盘价,元/吨,未识别,未识别,无,li_21_close_front_futures,li_21_close_front_futures,latin_abbr,,,INDICATORS_V1_KEY,li_21_close_front_futures,1,1,synonym_merge,0.90,,,auto,P3_auto,0
A-03780,li_21_close_front_futures,碳酸锂期货主力合约收盘价,元/吨,LI,未识别,碳酸锂|锂,碳酸锂期货主力合约收盘价,碳酸锂期货主力合约收盘价,cross_report_synonym,,,INDICATORS_V1_NAME|THS_MATCHED,THS-NI-2.2|THS-SI-3.2.4|THS-SI-7.1|li_21_close_front_futures,1,18,synonym_merge,0.90,,,auto,P3_auto,0
A-00926,li_21_openinterest,GFEX：碳酸锂：单边交易：持仓量（日）,手,未识别,未识别,无,li_21_openinterest,li_21_openinterest,latin_abbr,,,INDICATORS_V1_KEY,li_21_openinterest,1,1,synonym_merge,0.90,,,auto,P3_auto,0
A-00927,li_21_openinterest_2,GFEX：碳酸锂：单边交易：持仓量（日）,手,未识别,未识别,无,li_21_openinterest_2,li_21_openinterest_2,latin_abbr,,,INDICATORS_V1_KEY,li_21_openinterest_2,1,1,synonym_merge,0.90,,,auto,P3_auto,0
A-00928,li_21_openinterest_3,GFEX：碳酸锂：单边交易：持仓量（日）,手,未识别,未识别,无,li_21_openinterest_3,li_21_openinterest_3,latin_abbr,,,INDICATORS_V1_KEY,li_21_openinterest_3,1,1,synonym_merge,0.90,,,auto,P3_auto,0
A-00929,li_21_openinterest_futures,碳酸锂期货持仓量,手,未识别,未识别,无,li_21_openinterest_futures,li_21_openinterest_futures,latin_abbr,,,INDICATORS_V1_KEY,li_21_openinterest_futures,1,1,synonym_merge,0.90,,,auto,P3_auto,0
A-03781,li_21_openinterest_futures,碳酸锂期货持仓量,手,LI,持仓量|持仓,碳酸锂|锂,碳酸锂期货持仓量,碳酸锂期货持仓量,canonical,,,INDICATORS_V1_NAME,li_21_openinterest_futures,1,1,synonym_merge,0.90,,,auto,P3_auto,0
A-00930,li_21_openinterest_longshort,GFEX：碳酸锂：主力合约：单边交易：持仓量（日）,手,未识别,未识别,无,li_21_openinterest_longshort,li_21_openinterest_longshort,latin_abbr,,,INDICATORS_V1_KEY,li_21_openinterest_longshort,1,1,synonym_merge,0.90,,,auto,P3_auto,0
A-00931,li_21_premium,碳酸锂：电池级：升贴水：中国（日）,元/吨,未识别,未识别,无,li_21_premium,li_21_premium,latin_abbr,,,INDICATORS_V1_KEY,li_21_premium,1,1,synonym_merge,0.90,,,auto,P3_auto,0
A-00932,li_21_volume,GFEX：碳酸锂：单边交易：成交量（日）,手,未识别,未识别,无,li_21_volume,li_21_volume,latin_abbr,,,INDICATORS_V1_KEY,li_21_volume,1,1,synonym_merge,0.90,,,auto,P3_auto,0
A-00933,li_21_warrant,GFEX：碳酸锂：仓单数量（日）,手,未识别,未识别,无,li_21_warrant,li_21_warrant,latin_abbr,,,INDICATORS_V1_KEY,li_21_warrant,1,1,synonym_merge,0.90,,,auto,P3_auto,0
A-00934,li_22_basis_carbonate_battery,GFEX：碳酸锂：基差（日）,元/吨,未识别,未识别,无,li_22_basis_carbonate_battery,li_22_basis_carbonate_battery,latin_abbr,,,INDICATORS_V1_KEY,li_22_basis_carbonate_battery,1,1,synonym_merge,0.90,,,auto,P3_auto,0
A-00935,li_22_premium,碳酸锂：电池级：升贴水：中国（日）,元/吨,未识别,未识别,无,li_22_premium,li_22_premium,latin_abbr,,,INDICATORS_V1_KEY,li_22_premium,1,1,synonym_merge,0.90,,,auto,P3_auto,0
A-00936,li_22_premium_2,碳酸锂：电池级：升贴水：中国（日）,元/吨,未识别,未识别,无,li_22_premium_2,li_22_premium_2,latin_abbr,,,INDICATORS_V1_KEY,li_22_premium_2,1,1,synonym_merge,0.90,,,auto,P3_auto,0
A-03583,li_22_premium_battery_lc,电池级碳酸锂现货升贴水,元/吨,LI,升贴水|贴水,碳酸锂|锂,电池级碳酸锂现货升贴水,电池级碳酸锂现货升贴水,unit_variant,元/吨,,INDICATORS_V1_NAME|THS_MATCHED|THS_SERIES,THS-LI-2.2|THS-NI-2.2|THS-ZN-4.3|THS-ZN-4.5|li_22_premium_battery_lc,2,20,synonym_merge,0.95,,,auto,P3_auto,0
A-00937,li_22_premium_battery_lc,电池级碳酸锂现货升贴水,元/吨,未识别,未识别,无,li_22_premium_battery_lc,li_22_premium_battery_lc,latin_abbr,,,INDICATORS_V1_KEY,li_22_premium_battery_lc,1,1,synonym_merge,0.90,,,auto,P3_auto,0
A-00938,li_22_premium_carbonate_battery,碳酸锂：电池级：升贴水：中国（日）,元/吨,未识别,未识别,无,li_22_premium_carbonate_battery,li_22_premium_carbonate_battery,latin_abbr,,,INDICATORS_V1_KEY,li_22_premium_carbonate_battery,1,1,synonym_merge,0.90,,,auto,P3_auto,0
A-00939,li_22_premium_carbonate_industrial,碳酸锂：工业级：Li2CO3≥99.2%：升贴水：中国：盐湖工业股份：蓝科（日）,元/吨,未识别,未识别,无,li_22_premium_carbonate_industrial,li_22_premium_carbonate_industrial,latin_abbr,,,INDICATORS_V1_KEY,li_22_premium_carbonate_industrial,1,1,synonym_merge,0.90,,,auto,P3_auto,0
A-00940,li_22_premium_ratio_carbonate,碳酸锂：电池级：升贴水：中国（日）,元/吨,未识别,未识别,无,li_22_premium_ratio_carbonate,li_22_premium_ratio_carbonate,latin_abbr,,,INDICATORS_V1_KEY,li_22_premium_ratio_carbonate,1,1,synonym_merge,0.90,,,auto,P3_auto,0
A-00941,li_22_premium_ratio_carbonate_2,碳酸锂：工业级：Li2CO3≥99.2%：升贴水：中国：盐湖工业股份：蓝科（日）,元/吨,未识别,未识别,无,li_22_premium_ratio_carbonate_2,li_22_premium_ratio_carbonate_2,latin_abbr,,,INDICATORS_V1_KEY,li_22_premium_ratio_carbonate_2,1,1,synonym_merge,0.90,,,auto,P3_auto,0
A-03152,li_22_premium_spot,工业级碳酸锂现货升贴水,元/吨,LI,升贴水|贴水,碳酸锂|锂,工业级碳酸锂现货升贴水,工业级碳酸锂现货升贴水,unit_variant,元/吨,,INDICATORS_V1_NAME|THS_MATCHED|THS_SERIES,THS-LI-2.2|THS-SI-2.2|THS-SI-2.3|li_22_premium_spot,2,6,synonym_merge,0.95,,,auto,P3_auto,0
A-00942,li_22_premium_spot,工业级碳酸锂现货升贴水,元/吨,未识别,未识别,无,li_22_premium_spot,li_22_premium_spot,latin_abbr,,,INDICATORS_V1_KEY,li_22_premium_spot,1,1,synonym_merge,0.90,,,auto,P3_auto,0
A-03798,li_22_social_inv,碳酸锂社会库存,吨,LI,社会库存|库存,碳酸锂|锂,碳酸锂社会库存,碳酸锂社会库存,unit_variant,万吨LCE,,INDICATORS_V1_NAME|THS_MATCHED|THS_SERIES,THS-LI-4.1|THS-LI-4.2|THS-LI-4.3|li_22_social_inv,2,7,synonym_merge,0.95,,,auto,P3_auto,0
A-00943,li_22_social_inv,碳酸锂社会库存,吨,未识别,未识别,无,li_22_social_inv,li_22_social_inv,latin_abbr,,,INDICATORS_V1_KEY,li_22_social_inv,1,1,synonym_merge,0.90,,,auto,P3_auto,0
A-00944,li_23_price,碳酸锂电池级早盘市场价格（日）,元/吨,未识别,未识别,无,li_23_price,li_23_price,latin_abbr,,,INDICATORS_V1_KEY,li_23_price,1,1,synonym_merge,0.90,,,auto,P3_auto,0
A-03789,li_23_price,碳酸锂电池级早盘市场价格（日）,元/吨,LI,价格,锂电池|碳酸锂|锂,碳酸锂电池级早盘市场价格（日）,碳酸锂电池级早盘市场价格(日,canonical,,,INDICATORS_V1_NAME,li_23_price,1,1,synonym_merge,0.90,,,auto,P3_auto,0
A-00945,li_24_close_far,GFEX：碳酸锂：主力合约：收盘价（日）,元/吨,未识别,未识别,无,li_24_close_far,li_24_close_far,latin_abbr,,,INDICATORS_V1_KEY,li_24_close_far,1,1,synonym_merge,0.90,,,auto,P3_auto,0
A-00946,li_24_close_near,GFEX：碳酸锂：主力合约：收盘价（日）,元/吨,未识别,未识别,无,li_24_close_near,li_24_close_near,latin_abbr,,,INDICATORS_V1_KEY,li_24_close_near,1,1,synonym_merge,0.90,,,auto,P3_auto,0
A-04138,li_24_close_near_2,近月合约收盘价,元/吨,LI,未识别,无,近月合约收盘价,近月合约收盘价,unit_variant,元/吨,,INDICATORS_V1_NAME|THS_MATCHED|THS_SERIES,THS-LI-2.4|THS-NI-2.4|THS-SI-2.4|THS-ZN-2.3|li_24_close_near_2,2,26,synonym_merge,0.95,,,auto,P3_auto,0
A-00947,li_24_close_near_2,近月合约收盘价,元/吨,未识别,未识别,无,li_24_close_near_2,li_24_close_near_2,latin_abbr,,,INDICATORS_V1_KEY,li_24_close_near_2,1,1,synonym_merge,0.90,,,auto,P3_auto,0
A-00948,li_24_futures_struct,碳酸锂期货期限结构,元/吨,未识别,未识别,无,li_24_futures_struct,li_24_futures_struct,latin_abbr,,,INDICATORS_V1_KEY,li_24_futures_struct,1,1,synonym_merge,0.90,,,auto,P3_auto,0
A-03783,li_24_futures_struct,碳酸锂期货期限结构,元/吨,LI,未识别,碳酸锂|锂,碳酸锂期货期限结构,碳酸锂期货期限结构,cross_report_synonym,,,INDICATORS_V1_NAME|THS_MATCHED,THS-LI-2.1|THS-LI-2.2|THS-LI-2.4|li_24_futures_struct,1,4,synonym_merge,0.90,,,auto,P3_auto,0
A-00949,li_24_lc_spread,碳酸锂期货月差,元/吨,未识别,未识别,无,li_24_lc_spread,li_24_lc_spread,latin_abbr,,,INDICATORS_V1_KEY,li_24_lc_spread,1,1,synonym_merge,0.90,,,auto,P3_auto,0
A-00950,li_24_spread_futures,碳酸锂期货月差,元/吨,未识别,未识别,无,li_24_spread_futures,li_24_spread_futures,latin_abbr,,,INDICATORS_V1_KEY,li_24_spread_futures,1,1,synonym_merge,0.90,,,auto,P3_auto,0
A-00951,li_25_by_route_profit,分路线利润,元/吨,未识别,未识别,无,li_25_by_route_profit,li_25_by_route_profit,latin_abbr,,,INDICATORS_V1_KEY,li_25_by_route_profit,1,1,synonym_merge,0.90,,,auto,P3_auto,0
A-00952,li_25_by_route_profit_2,分路线利润,元/吨,未识别,未识别,无,li_25_by_route_profit_2,li_25_by_route_profit_2,latin_abbr,,,INDICATORS_V1_KEY,li_25_by_route_profit_2,1,1,synonym_merge,0.90,,,auto,P3_auto,0
A-00953,li_25_profit,碳酸锂：原料：外采锂精矿：生产利润（日）,元/吨,未识别,未识别,无,li_25_profit,li_25_profit,latin_abbr,,,INDICATORS_V1_KEY,li_25_profit,1,1,synonym_merge,0.90,,,auto,P3_auto,0
A-00954,li_25_profit_2,氢氧化锂：苛化法：生产利润（日）,元/吨,未识别,未识别,无,li_25_profit_2,li_25_profit_2,latin_abbr,,,INDICATORS_V1_KEY,li_25_profit_2,1,1,synonym_merge,0.90,,,auto,P3_auto,0
A-03291,li_25_profit_2,氢氧化锂：苛化法：生产利润（日）,元/吨,LI,利润,氢氧化锂|锂,氢氧化锂：苛化法：生产利润（日）,氢氧化锂:苛化法:生产利润(日,canonical,,,INDICATORS_V1_NAME,li_25_profit_2,1,1,synonym_merge,0.90,,,auto,P3_auto,0
A-00955,li_25_profit_3,碳酸锂：碳化法：生产利润（日）,元/吨,未识别,未识别,无,li_25_profit_3,li_25_profit_3,latin_abbr,,,INDICATORS_V1_KEY,li_25_profit_3,1,1,synonym_merge,0.90,,,auto,P3_auto,0
A-00956,li_25_profit_4,碳酸锂：碳化法：生产利润（日）,元/吨,未识别,未识别,无,li_25_profit_4,li_25_profit_4,latin_abbr,,,INDICATORS_V1_KEY,li_25_profit_4,1,1,synonym_merge,0.90,,,auto,P3_auto,0
A-00957,li_25_profit_5,分路线利润,元/吨,未识别,未识别,无,li_25_profit_5,li_25_profit_5,latin_abbr,,,INDICATORS_V1_KEY,li_25_profit_5,1,1,synonym_merge,0.90,,,auto,P3_auto,0
A-00958,li_25_profit_carbonate,碳酸锂：原料：外采锂精矿：生产利润（日）,元/吨,未识别,未识别,无,li_25_profit_carbonate,li_25_profit_carbonate,latin_abbr,,,INDICATORS_V1_KEY,li_25_profit_carbonate,1,1,synonym_merge,0.90,,,auto,P3_auto,0
A-03295,li_25_profit_smelt,氢氧化锂冶炼利润,元/吨,LI,冶炼利润|利润,氢氧化锂|锂,氢氧化锂冶炼利润,氢氧化锂冶炼利润,unit_variant,元/吨,,INDICATORS_V1_NAME|THS_MATCHED|THS_SERIES,THS-LI-2.5|THS-LI-3.2.4|li_25_profit_smelt,2,10,synonym_merge,0.95,,,auto,P3_auto,0
A-00959,li_25_profit_smelt,氢氧化锂冶炼利润,元/吨,未识别,未识别,无,li_25_profit_smelt,li_25_profit_smelt,latin_abbr,,,INDICATORS_V1_KEY,li_25_profit_smelt,1,1,synonym_merge,0.90,,,auto,P3_auto,0
A-00960,li_26_cost,碳酸锂生产成本,元/吨,未识别,未识别,无,li_26_cost,li_26_cost,latin_abbr,,,INDICATORS_V1_KEY,li_26_cost,1,1,synonym_merge,0.90,,,auto,P3_auto,0
A-03785,li_26_cost,碳酸锂生产成本,元/吨,LI,生产成本|成本,碳酸锂|锂,碳酸锂生产成本,碳酸锂生产成本,canonical,,,INDICATORS_V1_NAME,li_26_cost,1,1,synonym_merge,0.90,,,auto,P3_auto,0
A-00961,li_26_idx,碳酸锂生产毛利,元/吨,未识别,未识别,无,li_26_idx,li_26_idx,latin_abbr,,,INDICATORS_V1_KEY,li_26_idx,1,1,synonym_merge,0.90,,,auto,P3_auto,0
A-03787,li_26_idx,碳酸锂生产毛利,元/吨,LI,毛利,碳酸锂|锂,碳酸锂生产毛利,碳酸锂生产毛利,canonical,,,INDICATORS_V1_NAME,li_26_idx,1,1,synonym_merge,0.90,,,auto,P3_auto,0
A-00962,li_26_openinterest_longshort,GFEX：碳酸锂：主力合约：单边交易：持仓量（日）,手,未识别,未识别,无,li_26_openinterest_longshort,li_26_openinterest_longshort,latin_abbr,,,INDICATORS_V1_KEY,li_26_openinterest_longshort,1,1,synonym_merge,0.90,,,auto,P3_auto,0
A-00963,li_26_openinterest_longshort_2,GFEX：碳酸锂：主力合约：单边交易：持仓量（日）,手,未识别,未识别,无,li_26_openinterest_longshort_2,li_26_openinterest_longshort_2,latin_abbr,,,INDICATORS_V1_KEY,li_26_openinterest_longshort_2,1,1,synonym_merge,0.90,,,auto,P3_auto,0
A-00964,li_26_openinterest_top20,GFEX：碳酸锂：主力合约：单边交易：持仓量（日）,手,未识别,未识别,无,li_26_openinterest_top20,li_26_openinterest_top20,latin_abbr,,,INDICATORS_V1_KEY,li_26_openinterest_top20,1,1,synonym_merge,0.90,,,auto,P3_auto,0
A-00965,li_26_openinterest_top20_2,GFEX：碳酸锂：主力合约：单边交易：持仓量（日）,手,未识别,未识别,无,li_26_openinterest_top20_2,li_26_openinterest_top20_2,latin_abbr,,,INDICATORS_V1_KEY,li_26_openinterest_top20_2,1,1,synonym_merge,0.90,,,auto,P3_auto,0
A-00966,li_26_openinterest_top20_3,GFEX：碳酸锂：主力合约：单边交易：持仓量（日）,手,未识别,未识别,无,li_26_openinterest_top20_3,li_26_openinterest_top20_3,latin_abbr,,,INDICATORS_V1_KEY,li_26_openinterest_top20_3,1,1,synonym_merge,0.90,,,auto,P3_auto,0
A-00967,li_26_openinterest_top20_4,GFEX：碳酸锂：主力合约：单边交易：持仓量（日）,手,未识别,未识别,无,li_26_openinterest_top20_4,li_26_openinterest_top20_4,latin_abbr,,,INDICATORS_V1_KEY,li_26_openinterest_top20_4,1,1,synonym_merge,0.90,,,auto,P3_auto,0
A-00968,li_26_openinterest_top20_long,多头前20持仓量,手,未识别,未识别,无,li_26_openinterest_top20_long,li_26_openinterest_top20_long,latin_abbr,,,INDICATORS_V1_KEY,li_26_openinterest_top20_long,1,1,synonym_merge,0.90,,,auto,P3_auto,0
A-00969,li_26_openinterest_top20_long_2,多头前20持仓量,手,未识别,未识别,无,li_26_openinterest_top20_long_2,li_26_openinterest_top20_long_2,latin_abbr,,,INDICATORS_V1_KEY,li_26_openinterest_top20_long_2,1,1,synonym_merge,0.90,,,auto,P3_auto,0
A-00970,li_26_openinterest_top20_long_3,多头前20持仓量,手,未识别,未识别,无,li_26_openinterest_top20_long_3,li_26_openinterest_top20_long_3,latin_abbr,,,INDICATORS_V1_KEY,li_26_openinterest_top20_long_3,1,1,synonym_merge,0.90,,,auto,P3_auto,0
A-00971,li_26_openinterest_top20_short,空头前20持仓量,手,未识别,未识别,无,li_26_openinterest_top20_short,li_26_openinterest_top20_short,latin_abbr,,,INDICATORS_V1_KEY,li_26_openinterest_top20_short,1,1,synonym_merge,0.90,,,auto,P3_auto,0
A-00972,li_26_openinterest_top20_short_2,空头前20持仓量,手,未识别,未识别,无,li_26_openinterest_top20_short_2,li_26_openinterest_top20_short_2,latin_abbr,,,INDICATORS_V1_KEY,li_26_openinterest_top20_short_2,1,1,synonym_merge,0.90,,,auto,P3_auto,0
A-00973,li_26_price_spot,碳酸锂现货价格指数,—,未识别,未识别,无,li_26_price_spot,li_26_price_spot,latin_abbr,,,INDICATORS_V1_KEY,li_26_price_spot,1,1,synonym_merge,0.90,,,auto,P3_auto,0
A-03784,li_26_price_spot,碳酸锂现货价格指数,—,LI,现货价格|价格,碳酸锂|锂,碳酸锂现货价格指数,碳酸锂现货价格指数,canonical,,,INDICATORS_V1_NAME,li_26_price_spot,1,1,synonym_merge,0.90,,,auto,P3_auto,0
A-00974,li_26_top20_openinterest,空头前20持仓量,手,未识别,未识别,无,li_26_top20_openinterest,li_26_top20_openinterest,latin_abbr,,,INDICATORS_V1_KEY,li_26_top20_openinterest,1,1,synonym_merge,0.90,,,auto,P3_auto,0
A-00975,li_311_capacity,碳酸锂：回收料：产能：华中地区（月）,吨,未识别,未识别,无,li_311_capacity,li_311_capacity,latin_abbr,,,INDICATORS_V1_KEY,li_311_capacity,1,1,synonym_merge,0.90,,,auto,P3_auto,0
A-03729,li_311_capacity,碳酸锂：回收料：产能：华中地区（月）,吨,LI,产能,碳酸锂|锂,碳酸锂：回收料：产能：华中地区（月）,碳酸锂:回收料:产能:华中地区(月,canonical,,,INDICATORS_V1_NAME,li_311_capacity,1,1,synonym_merge,0.90,,,auto,P3_auto,0
A-00976,li_311_capacity_util,碳酸锂：回收料：产能利用率：西南地区（月）,百分比,未识别,未识别,无,li_311_capacity_util,li_311_capacity_util,latin_abbr,,,INDICATORS_V1_KEY,li_311_capacity_util,1,1,synonym_merge,0.90,,,auto,P3_auto,0
A-03731,li_311_capacity_util,碳酸锂：回收料：产能利用率：西南地区（月）,百分比,LI,产能利用率|产能,碳酸锂|锂,碳酸锂：回收料：产能利用率：西南地区（月）,碳酸锂:回收料:产能利用率:西南地区(月,canonical,,,INDICATORS_V1_NAME,li_311_capacity_util,1,1,synonym_merge,0.90,,,auto,P3_auto,0
A-00977,li_311_output,USGS：锂矿：含锂：产量：全球（年）,吨,未识别,未识别,无,li_311_output,li_311_output,latin_abbr,,,INDICATORS_V1_KEY,li_311_output,1,1,synonym_merge,0.90,,,auto,P3_auto,0
A-00978,li_311_output_2,碳酸锂：产量：华北地区（月）,吨,未识别,未识别,无,li_311_output_2,li_311_output_2,latin_abbr,,,INDICATORS_V1_KEY,li_311_output_2,1,1,synonym_merge,0.90,,,auto,P3_auto,0
A-03726,li_311_output_2,碳酸锂：产量：华北地区（月）,吨,LI,产量,碳酸锂|锂,碳酸锂：产量：华北地区（月）,碳酸锂:产量:华北地区(月,canonical,,,INDICATORS_V1_NAME,li_311_output_2,1,1,synonym_merge,0.90,,,auto,P3_auto,0
A-00979,li_312_inv,锂矿：库存：贸易商（周）,万吨,未识别,未识别,无,li_312_inv,li_312_inv,latin_abbr,,,INDICATORS_V1_KEY,li_312_inv,1,1,synonym_merge,0.90,,,auto,P3_auto,0
A-04301,li_312_inv,锂矿：库存：贸易商（周）,万吨,LI,库存,锂,锂矿：库存：贸易商（周）,锂矿:库存:贸易商(周,canonical,,,INDICATORS_V1_NAME,li_312_inv,1,1,synonym_merge,0.90,,,auto,P3_auto,0
A-00980,li_312_output,USGS：锂矿：含锂：产量：澳大利亚（年）,吨,未识别,未识别,无,li_312_output,li_312_output,latin_abbr,,,INDICATORS_V1_KEY,li_312_output,1,1,synonym_merge,0.90,,,auto,P3_auto,0
A-00981,li_312_output_2,USGS：锂矿：含锂：产量：全球（年）,吨,未识别,未识别,无,li_312_output_2,li_312_output_2,latin_abbr,,,INDICATORS_V1_KEY,li_312_output_2,1,1,synonym_merge,0.90,,,auto,P3_auto,0
A-00982,li_313_output,碳酸锂（原料锂云母）：产量：中国（月）,吨,未识别,未识别,无,li_313_output,li_313_output,latin_abbr,,,INDICATORS_V1_KEY,li_313_output,1,1,synonym_merge,0.90,,,auto,P3_auto,0
A-00983,li_313_output_2,锂辉石：产量：澳大利亚（季）,千吨,未识别,未识别,无,li_313_output_2,li_313_output_2,latin_abbr,,,INDICATORS_V1_KEY,li_313_output_2,1,1,synonym_merge,0.90,,,auto,P3_auto,0
A-00984,li_313_output_3,碳酸锂（原料盐湖卤水）：产量：中国（月）,吨,未识别,未识别,无,li_313_output_3,li_313_output_3,latin_abbr,,,INDICATORS_V1_KEY,li_313_output_3,1,1,synonym_merge,0.90,,,auto,P3_auto,0
A-00985,li_314_import,锂辉石：进口数量：南非→中国（月）,吨,未识别,未识别,无,li_314_import,li_314_import,latin_abbr,,,INDICATORS_V1_KEY,li_314_import,1,1,synonym_merge,0.90,,,auto,P3_auto,0
A-04321,li_314_import,锂辉石：进口数量：南非→中国（月）,吨,LI,未识别,锂辉石|锂,锂辉石：进口数量：南非→中国（月）,锂辉石:进口数量:南非→中国(月,canonical,,,INDICATORS_V1_NAME,li_314_import,1,1,synonym_merge,0.90,,,auto,P3_auto,0
A-00986,li_314_import_2,产业在线：碳酸锂：进口数量：中国（季）,吨,未识别,未识别,无,li_314_import_2,li_314_import_2,latin_abbr,,,INDICATORS_V1_KEY,li_314_import_2,1,1,synonym_merge,0.90,,,auto,P3_auto,0
A-00987,li_314_import_3,产业在线：碳酸锂：进口数量：中国（季）,吨,未识别,未识别,无,li_314_import_3,li_314_import_3,latin_abbr,,,INDICATORS_V1_KEY,li_314_import_3,1,1,synonym_merge,0.90,,,auto,P3_auto,0
A-00988,li_314_import_4,产业在线：碳酸锂：进口数量：中国（季）,吨,未识别,未识别,无,li_314_import_4,li_314_import_4,latin_abbr,,,INDICATORS_V1_KEY,li_314_import_4,1,1,synonym_merge,0.90,,,auto,P3_auto,0
A-00989,li_314_inv,碳酸锂库存中国（月）,吨,未识别,未识别,无,li_314_inv,li_314_inv,latin_abbr,,,INDICATORS_V1_KEY,li_314_inv,1,1,synonym_merge,0.90,,,auto,P3_auto,0
A-03771,li_314_inv,碳酸锂库存中国（月）,吨,LI,库存,碳酸锂|锂,碳酸锂库存中国（月）,碳酸锂库存中国(月,canonical,,,INDICATORS_V1_NAME,li_314_inv,1,1,synonym_merge,0.90,,,auto,P3_auto,0
A-00990,li_315_profit,碳酸锂生产毛利中国（周）,元/吨,未识别,未识别,无,li_315_profit,li_315_profit,latin_abbr,,,INDICATORS_V1_KEY,li_315_profit,1,1,synonym_merge,0.90,,,auto,P3_auto,0
A-03788,li_315_profit,碳酸锂生产毛利中国（周）,元/吨,LI,毛利,碳酸锂|锂,碳酸锂生产毛利中国（周）,碳酸锂生产毛利中国(周,canonical,,,INDICATORS_V1_NAME,li_315_profit,1,1,synonym_merge,0.90,,,auto,P3_auto,0
A-03443,li_31_capacity,海外产能,万吨LCE,LI,产能,无,海外产能,海外产能,unit_variant,万吨LCE,,INDICATORS_V1_NAME|THS_MATCHED|THS_SERIES,THS-LI-3.1.1|THS-LI-3.1.2|THS-SN-3.1.1|li_31_capacity,2,11,synonym_merge,0.95,,,auto,P3_auto,0
A-00991,li_31_capacity,海外产能,万吨LCE,未识别,未识别,无,li_31_capacity,li_31_capacity,latin_abbr,,,INDICATORS_V1_KEY,li_31_capacity,1,1,synonym_merge,0.90,,,auto,P3_auto,0
A-00992,li_31_chile_ore_usgs,USGS：锂矿：产量：智利（年）,吨,未识别,未识别,无,li_31_chile_ore_usgs,li_31_chile_ore_usgs,latin_abbr,,,INDICATORS_V1_KEY,li_31_chile_ore_usgs,1,1,synonym_merge,0.90,,,auto,P3_auto,0
A-00993,li_31_output,海外碳酸锂产量(智利),吨,未识别,未识别,无,li_31_output,li_31_output,latin_abbr,,,INDICATORS_V1_KEY,li_31_output,1,1,synonym_merge,0.90,,,auto,P3_auto,0
A-03470,li_31_output,海外碳酸锂产量(智利),吨,LI,产量,碳酸锂|锂,海外碳酸锂产量(智利),海外碳酸锂产量(智利,canonical,,,INDICATORS_V1_NAME,li_31_output,1,1,synonym_merge,0.90,,,auto,P3_auto,0
A-00994,li_31_output_lithium_ore_au,澳洲/巴西/非洲锂矿产量,吨,未识别,未识别,无,li_31_output_lithium_ore_au,li_31_output_lithium_ore_au,latin_abbr,,,INDICATORS_V1_KEY,li_31_output_lithium_ore_au,1,1,synonym_merge,0.90,,,auto,P3_auto,0
A-00995,li_31_output_lithium_ore_au_2,澳洲/巴西/非洲锂矿产量,吨,未识别,未识别,无,li_31_output_lithium_ore_au_2,li_31_output_lithium_ore_au_2,latin_abbr,,,INDICATORS_V1_KEY,li_31_output_lithium_ore_au_2,1,1,synonym_merge,0.90,,,auto,P3_auto,0
A-00996,li_321_output,氢氧化锂：产量：中国（月）,吨,未识别,未识别,无,li_321_output,li_321_output,latin_abbr,,,INDICATORS_V1_KEY,li_321_output,1,1,synonym_merge,0.90,,,auto,P3_auto,0
A-00997,li_321_output_2,碳酸锂（原料盐湖卤水）：产量：中国（月）,吨,未识别,未识别,无,li_321_output_2,li_321_output_2,latin_abbr,,,INDICATORS_V1_KEY,li_321_output_2,1,1,synonym_merge,0.90,,,auto,P3_auto,0
A-00998,li_321_output_3,碳酸锂（原料锂云母）：产量：中国（月）,吨,未识别,未识别,无,li_321_output_3,li_321_output_3,latin_abbr,,,INDICATORS_V1_KEY,li_321_output_3,1,1,synonym_merge,0.90,,,auto,P3_auto,0
A-00999,li_321_output_4,碳酸锂（原料锂辉石）：产量：中国（月）,吨,未识别,未识别,无,li_321_output_4,li_321_output_4,latin_abbr,,,INDICATORS_V1_KEY,li_321_output_4,1,1,synonym_merge,0.90,,,auto,P3_auto,0
A-03722,li_321_output_4,碳酸锂（原料锂辉石）：产量：中国（月）,吨,LI,产量,锂辉石|碳酸锂|锂,碳酸锂（原料锂辉石）：产量：中国（月）,碳酸锂(原料锂辉石):产量:中国(月,canonical,,,INDICATORS_V1_NAME,li_321_output_4,1,1,synonym_merge,0.90,,,auto,P3_auto,0
A-01000,li_321_output_carbonate,碳酸锂：回收料：产量：中国（月）,吨,未识别,未识别,无,li_321_output_carbonate,li_321_output_carbonate,latin_abbr,,,INDICATORS_V1_KEY,li_321_output_carbonate,1,1,synonym_merge,0.90,,,auto,P3_auto,0
A-03732,li_321_output_carbonate,碳酸锂：回收料：产量：中国（月）,吨,LI,产量,碳酸锂|锂,碳酸锂：回收料：产量：中国（月）,碳酸锂:回收料:产量:中国(月,canonical,,,INDICATORS_V1_NAME,li_321_output_carbonate,1,1,synonym_merge,0.90,,,auto,P3_auto,0
A-01001,li_321_output_carbonate_battery,碳酸锂：产量：中国（月）,吨,未识别,未识别,无,li_321_output_carbonate_battery,li_321_output_carbonate_battery,latin_abbr,,,INDICATORS_V1_KEY,li_321_output_carbonate_battery,1,1,synonym_merge,0.90,,,auto,P3_auto,0
A-01002,li_321_output_carbonate_industrial,碳酸锂：产量：中国（月）,吨,未识别,未识别,无,li_321_output_carbonate_industrial,li_321_output_carbonate_industrial,latin_abbr,,,INDICATORS_V1_KEY,li_321_output_carbonate_industrial,1,1,synonym_merge,0.90,,,auto,P3_auto,0
A-01003,li_322_util,碳酸锂产能利用率中国（周）,%,未识别,未识别,无,li_322_util,li_322_util,latin_abbr,,,INDICATORS_V1_KEY,li_322_util,1,1,synonym_merge,0.90,,,auto,P3_auto,0
A-03743,li_322_util,碳酸锂产能利用率中国（周）,%,LI,产能利用率|产能,碳酸锂|锂,碳酸锂产能利用率中国（周）,碳酸锂产能利用率中国(周,canonical,,,INDICATORS_V1_NAME,li_322_util,1,1,synonym_merge,0.90,,,auto,P3_auto,0
A-01004,li_322_util_m,碳酸锂产能利用率中国（月）,%,未识别,未识别,无,li_322_util_m,li_322_util_m,latin_abbr,,,INDICATORS_V1_KEY,li_322_util_m,1,1,synonym_merge,0.90,,,auto,P3_auto,0
A-03744,li_322_util_m,碳酸锂产能利用率中国（月）,%,LI,产能利用率|产能,碳酸锂|锂,碳酸锂产能利用率中国（月）,碳酸锂产能利用率中国(月,canonical,,,INDICATORS_V1_NAME,li_322_util_m,1,1,synonym_merge,0.90,,,auto,P3_auto,0
A-01005,li_323_capacity,碳酸锂：回收料：产能：中国（月）,吨,未识别,未识别,无,li_323_capacity,li_323_capacity,latin_abbr,,,INDICATORS_V1_KEY,li_323_capacity,1,1,synonym_merge,0.90,,,auto,P3_auto,0
A-03728,li_323_capacity,碳酸锂：回收料：产能：中国（月）,吨,LI,产能,碳酸锂|锂,碳酸锂：回收料：产能：中国（月）,碳酸锂:回收料:产能:中国(月,canonical,,,INDICATORS_V1_NAME,li_323_capacity,1,1,synonym_merge,0.90,,,auto,P3_auto,0
A-01006,li_323_capacity_util,碳酸锂：回收料：产能利用率：中国（月）,百分比,未识别,未识别,无,li_323_capacity_util,li_323_capacity_util,latin_abbr,,,INDICATORS_V1_KEY,li_323_capacity_util,1,1,synonym_merge,0.90,,,auto,P3_auto,0
A-03730,li_323_capacity_util,碳酸锂：回收料：产能利用率：中国（月）,百分比,LI,产能利用率|产能,碳酸锂|锂,碳酸锂：回收料：产能利用率：中国（月）,碳酸锂:回收料:产能利用率:中国(月,canonical,,,INDICATORS_V1_NAME,li_323_capacity_util,1,1,synonym_merge,0.90,,,auto,P3_auto,0
A-01007,li_323_output,碳酸锂（原料回收料）：产量：中国（月）,吨,未识别,未识别,无,li_323_output,li_323_output,latin_abbr,,,INDICATORS_V1_KEY,li_323_output,1,1,synonym_merge,0.90,,,auto,P3_auto,0
A-03719,li_323_output,碳酸锂（原料回收料）：产量：中国（月）,吨,LI,产量,碳酸锂|锂,碳酸锂（原料回收料）：产量：中国（月）,碳酸锂(原料回收料):产量:中国(月,canonical,,,INDICATORS_V1_NAME,li_323_output,1,1,synonym_merge,0.90,,,auto,P3_auto,0
A-01008,li_323_output_recycle,氢氧化锂：产量：中国（月）,吨,未识别,未识别,无,li_323_output_recycle,li_323_output_recycle,latin_abbr,,,INDICATORS_V1_KEY,li_323_output_recycle,1,1,synonym_merge,0.90,,,auto,P3_auto,0
A-01009,li_323_output_recycle_carbonate,碳酸锂：产量：中国（月）,吨,未识别,未识别,无,li_323_output_recycle_carbonate,li_323_output_recycle_carbonate,latin_abbr,,,INDICATORS_V1_KEY,li_323_output_recycle_carbonate,1,1,synonym_merge,0.90,,,auto,P3_auto,0
A-01010,li_324_capacity,产业在线：碳酸锂：产能：中国（年）,千吨,未识别,未识别,无,li_324_capacity,li_324_capacity,latin_abbr,,,INDICATORS_V1_KEY,li_324_capacity,1,1,synonym_merge,0.90,,,auto,P3_auto,0
A-02425,li_324_capacity,产业在线：碳酸锂：产能：中国（年）,千吨,LI,产能,碳酸锂|锂,产业在线：碳酸锂：产能：中国（年）,产业在线:碳酸锂:产能:中国(年,canonical,,,INDICATORS_V1_NAME,li_324_capacity,1,1,synonym_merge,0.90,,,auto,P3_auto,0
A-01011,li_324_capacity_util,碳酸锂：产能利用率：中国（周）,百分比,未识别,未识别,无,li_324_capacity_util,li_324_capacity_util,latin_abbr,,,INDICATORS_V1_KEY,li_324_capacity_util,1,1,synonym_merge,0.90,,,auto,P3_auto,0
A-03724,li_324_capacity_util,碳酸锂：产能利用率：中国（周）,百分比,LI,产能利用率|产能,碳酸锂|锂,碳酸锂：产能利用率：中国（周）,碳酸锂:产能利用率:中国(周,canonical,,,INDICATORS_V1_NAME,li_324_capacity_util,1,1,synonym_merge,0.90,,,auto,P3_auto,0
A-01012,li_32_by_country_import_conc,锂精矿进口分国别,吨,未识别,未识别,无,li_32_by_country_import_conc,li_32_by_country_import_conc,latin_abbr,,,INDICATORS_V1_KEY,li_32_by_country_import_conc,1,1,synonym_merge,0.90,,,auto,P3_auto,0
A-04291,li_32_lepid_output,锂云母产量,吨,LI,产量,锂云母|锂,锂云母产量,锂云母产量,unit_variant,万吨LCE,,INDICATORS_V1_NAME|THS_MATCHED|THS_SERIES,THS-LI-3.1.3|THS-LI-3.1.4|THS-LI-3.2.1|li_32_lepid_output,2,5,synonym_merge,0.95,,,auto,P3_auto,0
A-01013,li_32_lepid_output,锂云母产量,吨,未识别,未识别,无,li_32_lepid_output,li_32_lepid_output,latin_abbr,,,INDICATORS_V1_KEY,li_32_lepid_output,1,1,synonym_merge,0.90,,,auto,P3_auto,0
A-01014,li_32_output,盐湖提锂产量,吨,未识别,未识别,无,li_32_output,li_32_output,latin_abbr,,,INDICATORS_V1_KEY,li_32_output,1,1,synonym_merge,0.90,,,auto,P3_auto,0
A-04308,li_33_import_avg_price,锂矿进口均价,美元/吨,LI,均价,锂,锂矿进口均价,锂矿进口均价,unit_variant,元/吨,,INDICATORS_V1_NAME|THS_MATCHED|THS_SERIES,THS-LI-3.1.4|THS-LI-3.1.5|li_33_import_avg_price,2,7,synonym_merge,0.95,,,auto,P3_auto,0
A-01015,li_33_import_avg_price,锂矿进口均价,美元/吨,未识别,未识别,无,li_33_import_avg_price,li_33_import_avg_price,latin_abbr,,,INDICATORS_V1_KEY,li_33_import_avg_price,1,1,synonym_merge,0.90,,,auto,P3_auto,0
A-01016,li_33_import_gd,锂：进口数量：广东（月）,吨,未识别,未识别,无,li_33_import_gd,li_33_import_gd,latin_abbr,,,INDICATORS_V1_KEY,li_33_import_gd,1,1,synonym_merge,0.90,,,auto,P3_auto,0
A-04287,li_33_import_gd,锂：进口数量：广东（月）,吨,LI,未识别,锂,锂：进口数量：广东（月）,锂:进口数量:广东(月,canonical,,,INDICATORS_V1_NAME,li_33_import_gd,1,1,synonym_merge,0.90,,,auto,P3_auto,0
A-01017,li_35_battery_lc_output,电池级碳酸锂产量,吨,未识别,未识别,无,li_35_battery_lc_output,li_35_battery_lc_output,latin_abbr,,,INDICATORS_V1_KEY,li_35_battery_lc_output,1,1,synonym_merge,0.90,,,auto,P3_auto,0
A-01018,li_35_industrial_lc_output,工业级碳酸锂产量,吨,未识别,未识别,无,li_35_industrial_lc_output,li_35_industrial_lc_output,latin_abbr,,,INDICATORS_V1_KEY,li_35_industrial_lc_output,1,1,synonym_merge,0.90,,,auto,P3_auto,0
A-03293,li_35_output,氢氧化锂产量,吨,LI,产量,氢氧化锂|锂,氢氧化锂产量,氢氧化锂产量,unit_variant,万吨LCE,,INDICATORS_V1_NAME|THS_MATCHED|THS_SERIES,THS-LI-3.2.1|THS-ZN-5.2|THS-ZN-6.3|li_35_output,2,7,synonym_merge,0.95,,,auto,P3_auto,0
A-01019,li_35_output,氢氧化锂产量,吨,未识别,未识别,无,li_35_output,li_35_output,latin_abbr,,,INDICATORS_V1_KEY,li_35_output,1,1,synonym_merge,0.90,,,auto,P3_auto,0
A-01020,li_35_util,氢氧化锂开工率,%,未识别,未识别,无,li_35_util,li_35_util,latin_abbr,,,INDICATORS_V1_KEY,li_35_util,1,1,synonym_merge,0.90,,,auto,P3_auto,0
A-02777,li_35_util_2,国内锂盐精炼开工率,%,LI,开工率|开工,锂盐|锂,国内锂盐精炼开工率,国内锂盐精炼开工率,unit_variant,%,,INDICATORS_V1_NAME|THS_MATCHED|THS_SERIES,THS-LI-3.2.1|THS-LI-3.2.2|THS-SN-3.2.4|THS-ZN-3.2.1|li_35_util_2,2,19,synonym_merge,0.95,,,auto,P3_auto,0
A-01021,li_35_util_2,国内锂盐精炼开工率,%,未识别,未识别,无,li_35_util_2,li_35_util_2,latin_abbr,,,INDICATORS_V1_KEY,li_35_util_2,1,1,synonym_merge,0.90,,,auto,P3_auto,0
A-01022,li_36_idx,回收料产碳酸锂,吨,未识别,未识别,无,li_36_idx,li_36_idx,latin_abbr,,,INDICATORS_V1_KEY,li_36_idx,1,1,synonym_merge,0.90,,,auto,P3_auto,0
A-01023,li_36_recycle_lc,回收料产碳酸锂,吨,未识别,未识别,无,li_36_recycle_lc,li_36_recycle_lc,latin_abbr,,,INDICATORS_V1_KEY,li_36_recycle_lc,1,1,synonym_merge,0.90,,,auto,P3_auto,0
A-01024,li_41_inv,锂矿：外采：在途库存：中国：锂盐厂（月）,吨,未识别,未识别,无,li_41_inv,li_41_inv,latin_abbr,,,INDICATORS_V1_KEY,li_41_inv,1,1,synonym_merge,0.90,,,auto,P3_auto,0
A-04300,li_41_inv,锂矿：外采：在途库存：中国：锂盐厂（月）,吨,LI,在途库存|库存,锂盐|锂,锂矿：外采：在途库存：中国：锂盐厂（月）,锂矿:外采:在途库存:中国:锂盐厂(月,canonical,,,INDICATORS_V1_NAME,li_41_inv,1,1,synonym_merge,0.90,,,auto,P3_auto,0
A-01025,li_41_inv_carbonate_battery,碳酸锂：库存：中国（月）,吨,未识别,未识别,无,li_41_inv_carbonate_battery,li_41_inv_carbonate_battery,latin_abbr,,,INDICATORS_V1_KEY,li_41_inv_carbonate_battery,1,1,synonym_merge,0.90,,,auto,P3_auto,0
A-01026,li_41_inv_carbonate_industrial,碳酸锂：库存：中国（月）,吨,未识别,未识别,无,li_41_inv_carbonate_industrial,li_41_inv_carbonate_industrial,latin_abbr,,,INDICATORS_V1_KEY,li_41_inv_carbonate_industrial,1,1,synonym_merge,0.90,,,auto,P3_auto,0
A-01027,li_41_inv_implicit,碳酸锂：库存：中国（月）,吨,未识别,未识别,无,li_41_inv_implicit,li_41_inv_implicit,latin_abbr,,,INDICATORS_V1_KEY,li_41_inv_implicit,1,1,synonym_merge,0.90,,,auto,P3_auto,0
A-01028,li_41_warrant,GFEX：碳酸锂：仓单数量（日）,手,未识别,未识别,无,li_41_warrant,li_41_warrant,latin_abbr,,,INDICATORS_V1_KEY,li_41_warrant,1,1,synonym_merge,0.90,,,auto,P3_auto,0
A-01029,li_41_warrant_2,GFEX：碳酸锂：仓单数量（日）,手,未识别,未识别,无,li_41_warrant_2,li_41_warrant_2,latin_abbr,,,INDICATORS_V1_KEY,li_41_warrant_2,1,1,synonym_merge,0.90,,,auto,P3_auto,0
A-00070,li_41_warrant_3,GFEX碳酸锂仓单总量,手/吨,LI,仓单,碳酸锂|锂,GFEX碳酸锂仓单总量,GFEX碳酸锂仓单总量,mixed_script,,,INDICATORS_V1_NAME,li_41_warrant_3,1,1,synonym_merge,0.90,,,auto,P3_auto,0
A-01030,li_41_warrant_3,GFEX碳酸锂仓单总量,手/吨,未识别,未识别,无,li_41_warrant_3,li_41_warrant_3,latin_abbr,,,INDICATORS_V1_KEY,li_41_warrant_3,1,1,synonym_merge,0.90,,,auto,P3_auto,0
A-01031,li_42_inv_warrant_days,GFEX：碳酸锂：仓单数量（日）,手,未识别,未识别,无,li_42_inv_warrant_days,li_42_inv_warrant_days,latin_abbr,,,INDICATORS_V1_KEY,li_42_inv_warrant_days,1,1,synonym_merge,0.90,,,auto,P3_auto,0
A-01032,li_42_warrant_carbonate,GFEX：碳酸锂：仓单数量（日）,手,未识别,未识别,无,li_42_warrant_carbonate,li_42_warrant_carbonate,latin_abbr,,,INDICATORS_V1_KEY,li_42_warrant_carbonate,1,1,synonym_merge,0.90,,,auto,P3_auto,0
A-01033,li_42_warrant_carbonate_battery,GFEX：碳酸锂：仓单数量（日）,手,未识别,未识别,无,li_42_warrant_carbonate_battery,li_42_warrant_carbonate_battery,latin_abbr,,,INDICATORS_V1_KEY,li_42_warrant_carbonate_battery,1,1,synonym_merge,0.90,,,auto,P3_auto,0
A-01034,li_42_warrant_carbonate_industrial,GFEX：碳酸锂：仓单数量（日）,手,未识别,未识别,无,li_42_warrant_carbonate_industrial,li_42_warrant_carbonate_industrial,latin_abbr,,,INDICATORS_V1_KEY,li_42_warrant_carbonate_industrial,1,1,synonym_merge,0.90,,,auto,P3_auto,0
A-01035,li_42_warrant_ratio,GFEX：碳酸锂：仓单数量（日）,手,未识别,未识别,无,li_42_warrant_ratio,li_42_warrant_ratio,latin_abbr,,,INDICATORS_V1_KEY,li_42_warrant_ratio,1,1,synonym_merge,0.90,,,auto,P3_auto,0
A-01036,li_43_inv_days,碳酸锂：库存：中国（月）,吨,未识别,未识别,无,li_43_inv_days,li_43_inv_days,latin_abbr,,,INDICATORS_V1_KEY,li_43_inv_days,1,1,synonym_merge,0.90,,,auto,P3_auto,0
A-01037,li_43_inv_plant,碳酸锂：回收料：厂内库存：中国（月）,吨,未识别,未识别,无,li_43_inv_plant,li_43_inv_plant,latin_abbr,,,INDICATORS_V1_KEY,li_43_inv_plant,1,1,synonym_merge,0.90,,,auto,P3_auto,0
A-01038,li_43_inv_struct,库存结构,吨,未识别,未识别,无,li_43_inv_struct,li_43_inv_struct,latin_abbr,,,INDICATORS_V1_KEY,li_43_inv_struct,1,1,synonym_merge,0.90,,,auto,P3_auto,0
A-01039,li_43_inv_struct_2,库存结构,吨,未识别,未识别,无,li_43_inv_struct_2,li_43_inv_struct_2,latin_abbr,,,INDICATORS_V1_KEY,li_43_inv_struct_2,1,1,synonym_merge,0.90,,,auto,P3_auto,0
A-01040,li_44_inv,碳酸锂工厂库存天数,天,未识别,未识别,无,li_44_inv,li_44_inv,latin_abbr,,,INDICATORS_V1_KEY,li_44_inv,1,1,synonym_merge,0.90,,,auto,P3_auto,0
A-01041,li_44_inv_carbonate,碳酸锂：库存：中国（月）,吨,未识别,未识别,无,li_44_inv_carbonate,li_44_inv_carbonate,latin_abbr,,,INDICATORS_V1_KEY,li_44_inv_carbonate,1,1,synonym_merge,0.90,,,auto,P3_auto,0
A-01042,li_44_inv_carbonate_battery,碳酸锂：库存：中国（月）,吨,未识别,未识别,无,li_44_inv_carbonate_battery,li_44_inv_carbonate_battery,latin_abbr,,,INDICATORS_V1_KEY,li_44_inv_carbonate_battery,1,1,synonym_merge,0.90,,,auto,P3_auto,0
A-01043,li_44_inv_carbonate_industrial,碳酸锂：库存：中国（月）,吨,未识别,未识别,无,li_44_inv_carbonate_industrial,li_44_inv_carbonate_industrial,latin_abbr,,,INDICATORS_V1_KEY,li_44_inv_carbonate_industrial,1,1,synonym_merge,0.90,,,auto,P3_auto,0
A-01044,li_44_inv_plant,碳酸锂：回收料：厂内库存：华东地区（月）,吨,未识别,未识别,无,li_44_inv_plant,li_44_inv_plant,latin_abbr,,,INDICATORS_V1_KEY,li_44_inv_plant,1,1,synonym_merge,0.90,,,auto,P3_auto,0
A-03734,li_44_inv_plant,碳酸锂：回收料：厂内库存：华东地区（月）,吨,LI,厂内库存|库存,碳酸锂|锂,碳酸锂：回收料：厂内库存：华东地区（月）,碳酸锂:回收料:厂内库存:华东地区(月,canonical,,,INDICATORS_V1_NAME,li_44_inv_plant,1,1,synonym_merge,0.90,,,auto,P3_auto,0
A-01045,li_44_inv_plant_2,碳酸锂：回收料：厂内库存：中国（月）,吨,未识别,未识别,无,li_44_inv_plant_2,li_44_inv_plant_2,latin_abbr,,,INDICATORS_V1_KEY,li_44_inv_plant_2,1,1,synonym_merge,0.90,,,auto,P3_auto,0
A-01046,li_44_inv_plant_3,碳酸锂：回收料：厂内库存：中国（月）,吨,未识别,未识别,无,li_44_inv_plant_3,li_44_inv_plant_3,latin_abbr,,,INDICATORS_V1_KEY,li_44_inv_plant_3,1,1,synonym_merge,0.90,,,auto,P3_auto,0
A-01047,li_44_inv_plant_days,碳酸锂：回收料：厂内库存：中国（月）,吨,未识别,未识别,无,li_44_inv_plant_days,li_44_inv_plant_days,latin_abbr,,,INDICATORS_V1_KEY,li_44_inv_plant_days,1,1,synonym_merge,0.90,,,auto,P3_auto,0
A-01048,li_44_inv_smelt,冶炼厂库存总量,吨,未识别,未识别,无,li_44_inv_smelt,li_44_inv_smelt,latin_abbr,,,INDICATORS_V1_KEY,li_44_inv_smelt,1,1,synonym_merge,0.90,,,auto,P3_auto,0
A-02512,li_44_inv_smelt,冶炼厂库存总量,吨,LI,库存,无,冶炼厂库存总量,冶炼厂库存总量,cross_report_synonym,,,INDICATORS_V1_NAME|THS_MATCHED,THS-LI-4.4|THS-NI-4.4|THS-SN-4.5|li_44_inv_smelt,1,8,synonym_merge,0.90,,,auto,P3_auto,0
A-01049,li_44_lc_inv_plant,碳酸锂工厂库存总量,吨,未识别,未识别,无,li_44_lc_inv_plant,li_44_lc_inv_plant,latin_abbr,,,INDICATORS_V1_KEY,li_44_lc_inv_plant,1,1,synonym_merge,0.90,,,auto,P3_auto,0
A-03770,li_44_lc_inv_plant,碳酸锂工厂库存总量,吨,LI,工厂库存|库存,碳酸锂|锂,碳酸锂工厂库存总量,碳酸锂工厂库存总量,cross_report_synonym,,,INDICATORS_V1_NAME|THS_MATCHED,THS-SN-4.4|li_44_lc_inv_plant,1,2,synonym_merge,0.90,,,auto,P3_auto,0
A-01050,li_45_inv,碳酸锂库存中国（月）-隐性,吨,未识别,未识别,无,li_45_inv,li_45_inv,latin_abbr,,,INDICATORS_V1_KEY,li_45_inv,1,1,synonym_merge,0.90,,,auto,P3_auto,0
A-03772,li_45_inv,碳酸锂库存中国（月）-隐性,吨,LI,库存,碳酸锂|锂,碳酸锂库存中国（月）-隐性,碳酸锂库存中国(月)-隐性,canonical,,,INDICATORS_V1_NAME,li_45_inv,1,1,synonym_merge,0.90,,,auto,P3_auto,0
A-01051,li_51_consumption,碳酸锂表观消费量中国（月）,吨,未识别,未识别,无,li_51_consumption,li_51_consumption,latin_abbr,,,INDICATORS_V1_KEY,li_51_consumption,1,1,synonym_merge,0.90,,,auto,P3_auto,0
A-03800,li_51_consumption,碳酸锂表观消费量中国（月）,吨,LI,表观消费|消费量|消费,碳酸锂|锂,碳酸锂表观消费量中国（月）,碳酸锂表观消费量中国(月,canonical,,,INDICATORS_V1_NAME,li_51_consumption,1,1,synonym_merge,0.90,,,auto,P3_auto,0
A-01052,li_51_lfp_output,磷酸铁锂产量中国（月）,吨,未识别,未识别,无,li_51_lfp_output,li_51_lfp_output,latin_abbr,,,INDICATORS_V1_KEY,li_51_lfp_output,1,1,synonym_merge,0.90,,,auto,P3_auto,0
A-03812,li_51_lfp_output,磷酸铁锂产量中国（月）,吨,LI,产量,磷酸铁锂|锂,磷酸铁锂产量中国（月）,磷酸铁锂产量中国(月,canonical,,,INDICATORS_V1_NAME,li_51_lfp_output,1,1,synonym_merge,0.90,,,auto,P3_auto,0
A-00490,li_51_smm_demand,SMM碳酸锂供需平衡需求（月）,吨,LI,供需平衡|需求,碳酸锂|锂,SMM碳酸锂供需平衡需求（月）,SMM碳酸锂供需平衡需求(月,mixed_script,,,INDICATORS_V1_NAME,li_51_smm_demand,1,1,synonym_merge,0.90,,,auto,P3_auto,0
A-01053,li_51_smm_demand,SMM碳酸锂供需平衡需求（月）,吨,未识别,未识别,无,li_51_smm_demand,li_51_smm_demand,latin_abbr,,,INDICATORS_V1_KEY,li_51_smm_demand,1,1,synonym_merge,0.90,,,auto,P3_auto,0
A-01054,li_51_util,三元前驱体开工率,%,未识别,未识别,无,li_51_util,li_51_util,latin_abbr,,,INDICATORS_V1_KEY,li_51_util,1,1,synonym_merge,0.90,,,auto,P3_auto,0
A-01055,li_51_util_ternary,三元材料开工率,%,未识别,未识别,无,li_51_util_ternary,li_51_util_ternary,latin_abbr,,,INDICATORS_V1_KEY,li_51_util_ternary,1,1,synonym_merge,0.90,,,auto,P3_auto,0
A-02219,li_51_util_ternary,三元材料开工率,%,LI,开工率|开工,三元材料,三元材料开工率,三元材料开工率,canonical,,,INDICATORS_V1_NAME,li_51_util_ternary,1,1,synonym_merge,0.90,,,auto,P3_auto,0
A-01056,li_51_util_ternary_2,三元前驱体开工率,%,未识别,未识别,无,li_51_util_ternary_2,li_51_util_ternary_2,latin_abbr,,,INDICATORS_V1_KEY,li_51_util_ternary_2,1,1,synonym_merge,0.90,,,auto,P3_auto,0
A-01057,li_52_battery,动力电池装车量宁德时代（月）,GWh,未识别,未识别,无,li_52_battery,li_52_battery,latin_abbr,,,INDICATORS_V1_KEY,li_52_battery,1,1,synonym_merge,0.90,,,auto,P3_auto,0
A-02562,li_52_battery,动力电池装车量宁德时代（月）,GWh,LI,未识别,动力电池,动力电池装车量宁德时代（月）,动力电池装车量宁德时代(月,canonical,,,INDICATORS_V1_NAME,li_52_battery,1,1,synonym_merge,0.90,,,auto,P3_auto,0
A-01058,li_52_energy,新能源汽车销量,万辆,未识别,未识别,无,li_52_energy,li_52_energy,latin_abbr,,,INDICATORS_V1_KEY,li_52_energy,1,1,synonym_merge,0.90,,,auto,P3_auto,0
A-03225,li_52_energy,新能源汽车销量,万辆,未识别,销量,无,新能源汽车销量,新能源汽车销量,canonical,,,INDICATORS_V1_NAME,li_52_energy,1,1,synonym_merge,0.90,,,auto,P3_auto,0
A-00485,li_52_ev_sales,SMM新能源汽车销量（月）,万辆,未识别,销量,无,SMM新能源汽车销量（月）,SMM新能源汽车销量(月,mixed_script,,,INDICATORS_V1_NAME,li_52_ev_sales,1,1,synonym_merge,0.90,,,auto,P3_auto,0
A-01059,li_52_ev_sales,SMM新能源汽车销量（月）,万辆,未识别,未识别,无,li_52_ev_sales,li_52_ev_sales,latin_abbr,,,INDICATORS_V1_KEY,li_52_ev_sales,1,1,synonym_merge,0.90,,,auto,P3_auto,0
A-01060,li_52_idx,动力电池装车量,GWh,未识别,未识别,无,li_52_idx,li_52_idx,latin_abbr,,,INDICATORS_V1_KEY,li_52_idx,1,1,synonym_merge,0.90,,,auto,P3_auto,0
A-02559,li_52_idx,动力电池装车量,GWh,LI,未识别,动力电池,动力电池装车量,动力电池装车量,cross_report_synonym,,,INDICATORS_V1_NAME|THS_MATCHED,THS-NI-3.2.3|THS-NI-5.2|li_52_idx,1,3,synonym_merge,0.90,,,auto,P3_auto,0
A-01061,li_52_lfp_output,磷酸铁锂产量,万吨,未识别,未识别,无,li_52_lfp_output,li_52_lfp_output,latin_abbr,,,INDICATORS_V1_KEY,li_52_lfp_output,1,1,synonym_merge,0.90,,,auto,P3_auto,0
A-01062,li_52_output,磷酸铁锂产量,万吨,未识别,未识别,无,li_52_output,li_52_output,latin_abbr,,,INDICATORS_V1_KEY,li_52_output,1,1,synonym_merge,0.90,,,auto,P3_auto,0
A-01063,li_53_apparent_cons,氢氧化锂表观消费量,吨,未识别,未识别,无,li_53_apparent_cons,li_53_apparent_cons,latin_abbr,,,INDICATORS_V1_KEY,li_53_apparent_cons,1,1,synonym_merge,0.90,,,auto,P3_auto,0
A-03302,li_53_apparent_cons,氢氧化锂表观消费量,吨,LI,表观消费|消费量|消费,氢氧化锂|锂,氢氧化锂表观消费量,氢氧化锂表观消费量,canonical,,,INDICATORS_V1_NAME,li_53_apparent_cons,1,1,synonym_merge,0.90,,,auto,P3_auto,0
A-01064,li_53_cons_struct,消费结构-三元材料,吨,未识别,未识别,无,li_53_cons_struct,li_53_cons_struct,latin_abbr,,,INDICATORS_V1_KEY,li_53_cons_struct,1,1,synonym_merge,0.90,,,auto,P3_auto,0
A-03503,li_53_cons_struct,消费结构-三元材料,吨,LI,消费,三元材料,消费结构-三元材料,消费结构-三元材料,canonical,,,INDICATORS_V1_NAME,li_53_cons_struct,1,1,synonym_merge,0.90,,,auto,P3_auto,0
A-01065,li_53_lc_cons_apparent,碳酸锂表观消费量,吨,未识别,未识别,无,li_53_lc_cons_apparent,li_53_lc_cons_apparent,latin_abbr,,,INDICATORS_V1_KEY,li_53_lc_cons_apparent,1,1,synonym_merge,0.90,,,auto,P3_auto,0
A-03799,li_53_lc_cons_apparent,碳酸锂表观消费量,吨,LI,表观消费|消费量|消费,碳酸锂|锂,碳酸锂表观消费量,碳酸锂表观消费量,canonical,,,INDICATORS_V1_NAME,li_53_lc_cons_apparent,1,1,synonym_merge,0.90,,,auto,P3_auto,0
A-01066,li_53_output,三元前驱体产量华东,吨,未识别,未识别,无,li_53_output,li_53_output,latin_abbr,,,INDICATORS_V1_KEY,li_53_output,1,1,synonym_merge,0.90,,,auto,P3_auto,0
A-02215,li_53_output,三元前驱体产量华东,吨,未识别,产量,无,三元前驱体产量华东,三元前驱体产量华东,canonical,,,INDICATORS_V1_NAME,li_53_output,1,1,synonym_merge,0.90,,,auto,P3_auto,0
A-01067,li_53_plan,碳酸锂下月排产中国（月）,吨,未识别,未识别,无,li_53_plan,li_53_plan,latin_abbr,,,INDICATORS_V1_KEY,li_53_plan,1,1,synonym_merge,0.90,,,auto,P3_auto,0
A-03740,li_53_plan,碳酸锂下月排产中国（月）,吨,LI,未识别,碳酸锂|锂,碳酸锂下月排产中国（月）,碳酸锂下月排产中国(月,canonical,,,INDICATORS_V1_NAME,li_53_plan,1,1,synonym_merge,0.90,,,auto,P3_auto,0
A-01068,li_61_by_country_import,碳酸锂进口分国别,吨,未识别,未识别,无,li_61_by_country_import,li_61_by_country_import,latin_abbr,,,INDICATORS_V1_KEY,li_61_by_country_import,1,1,synonym_merge,0.90,,,auto,P3_auto,0
A-03802,li_61_by_country_import,碳酸锂进口分国别,吨,LI,未识别,碳酸锂|锂,碳酸锂进口分国别,碳酸锂进口分国别,canonical,,,INDICATORS_V1_NAME,li_61_by_country_import,1,1,synonym_merge,0.90,,,auto,P3_auto,0
A-01069,li_61_by_country_import_conc,锂精矿进口分国别,万吨,未识别,未识别,无,li_61_by_country_import_conc,li_61_by_country_import_conc,latin_abbr,,,INDICATORS_V1_KEY,li_61_by_country_import_conc,1,1,synonym_merge,0.90,,,auto,P3_auto,0
A-01070,li_61_by_country_import_conc_2,锂精矿进口分国别,万吨,未识别,未识别,无,li_61_by_country_import_conc_2,li_61_by_country_import_conc_2,latin_abbr,,,INDICATORS_V1_KEY,li_61_by_country_import_conc_2,1,1,synonym_merge,0.90,,,auto,P3_auto,0
A-01071,li_61_by_country_import_conc_3,锂精矿进口分国别,万吨,未识别,未识别,无,li_61_by_country_import_conc_3,li_61_by_country_import_conc_3,latin_abbr,,,INDICATORS_V1_KEY,li_61_by_country_import_conc_3,1,1,synonym_merge,0.90,,,auto,P3_auto,0
A-01072,li_61_import,碳酸锂进口数量中国（季）,吨,未识别,未识别,无,li_61_import,li_61_import,latin_abbr,,,INDICATORS_V1_KEY,li_61_import,1,1,synonym_merge,0.90,,,auto,P3_auto,0
A-03803,li_61_import,碳酸锂进口数量中国（季）,吨,LI,未识别,碳酸锂|锂,碳酸锂进口数量中国（季）,碳酸锂进口数量中国(季,canonical,,,INDICATORS_V1_NAME,li_61_import,1,1,synonym_merge,0.90,,,auto,P3_auto,0
A-01073,li_61_import_2,碳酸锂进口量,吨,未识别,未识别,无,li_61_import_2,li_61_import_2,latin_abbr,,,INDICATORS_V1_KEY,li_61_import_2,1,1,synonym_merge,0.90,,,auto,P3_auto,0
A-03805,li_61_import_2,碳酸锂进口量,吨,LI,进口量,碳酸锂|锂,碳酸锂进口量,碳酸锂进口量,cross_report_synonym,,,INDICATORS_V1_NAME|THS_MATCHED,THS-LI-3.1.4|li_61_import_2,1,2,synonym_merge,0.90,,,auto,P3_auto,0
A-01074,li_61_import_total,锂进口数量合计中国（月）,吨,未识别,未识别,无,li_61_import_total,li_61_import_total,latin_abbr,,,INDICATORS_V1_KEY,li_61_import_total,1,1,synonym_merge,0.90,,,auto,P3_auto,0
A-04338,li_61_import_total,锂进口数量合计中国（月）,吨,LI,未识别,锂,锂进口数量合计中国（月）,锂进口数量合计中国(月,canonical,,,INDICATORS_V1_NAME,li_61_import_total,1,1,synonym_merge,0.90,,,auto,P3_auto,0
A-01075,li_61_lipf6,六氟磷酸锂进口数量合计中国（月）,吨,未识别,未识别,无,li_61_lipf6,li_61_lipf6,latin_abbr,,,INDICATORS_V1_KEY,li_61_lipf6,1,1,synonym_merge,0.90,,,auto,P3_auto,0
A-02458,li_61_lipf6,六氟磷酸锂进口数量合计中国（月）,吨,LI,未识别,锂,六氟磷酸锂进口数量合计中国（月）,六氟磷酸锂进口数量合计中国(月,canonical,,,INDICATORS_V1_NAME,li_61_lipf6,1,1,synonym_merge,0.90,,,auto,P3_auto,0
A-01076,li_62_export,锂碳酸盐出口数量贸易方式（月）,吨,未识别,未识别,无,li_62_export,li_62_export,latin_abbr,,,INDICATORS_V1_KEY,li_62_export,1,1,synonym_merge,0.90,,,auto,P3_auto,0
A-04312,li_62_export,锂碳酸盐出口数量贸易方式（月）,吨,LI,未识别,锂,锂碳酸盐出口数量贸易方式（月）,锂碳酸盐出口数量贸易方式(月,canonical,,,INDICATORS_V1_NAME,li_62_export,1,1,synonym_merge,0.90,,,auto,P3_auto,0
A-01077,li_62_export_2,氢氧化锂出口量,吨,未识别,未识别,无,li_62_export_2,li_62_export_2,latin_abbr,,,INDICATORS_V1_KEY,li_62_export_2,1,1,synonym_merge,0.90,,,auto,P3_auto,0
A-03296,li_62_export_2,氢氧化锂出口量,吨,LI,出口量,氢氧化锂|锂,氢氧化锂出口量,氢氧化锂出口量,cross_report_synonym,,,INDICATORS_V1_NAME|THS_MATCHED,THS-ZN-6.3|li_62_export_2,1,2,synonym_merge,0.90,,,auto,P3_auto,0
A-01078,li_63_conc,锂精矿海漂量(澳大利亚),万吨,未识别,未识别,无,li_63_conc,li_63_conc,latin_abbr,,,INDICATORS_V1_KEY,li_63_conc,1,1,synonym_merge,0.90,,,auto,P3_auto,0
A-04314,li_63_conc,锂精矿海漂量(澳大利亚),万吨,LI,未识别,锂精矿|锂,锂精矿海漂量(澳大利亚),锂精矿海漂量(澳大利亚,canonical,,,INDICATORS_V1_NAME,li_63_conc,1,1,synonym_merge,0.90,,,auto,P3_auto,0
A-01079,li_63_conc_shipment,锂精矿发运量(班伯里港),万吨,未识别,未识别,无,li_63_conc_shipment,li_63_conc_shipment,latin_abbr,,,INDICATORS_V1_KEY,li_63_conc_shipment,1,1,synonym_merge,0.90,,,auto,P3_auto,0
A-04313,li_63_conc_shipment,锂精矿发运量(班伯里港),万吨,LI,未识别,锂精矿|锂,锂精矿发运量(班伯里港),锂精矿发运量(班伯里港,canonical,,,INDICATORS_V1_NAME,li_63_conc_shipment,1,1,synonym_merge,0.90,,,auto,P3_auto,0
A-01080,li_63_export_total,锂的碳酸盐出口数量合计中国（月）,吨,未识别,未识别,无,li_63_export_total,li_63_export_total,latin_abbr,,,INDICATORS_V1_KEY,li_63_export_total,1,1,synonym_merge,0.90,,,auto,P3_auto,0
A-04298,li_63_export_total,锂的碳酸盐出口数量合计中国（月）,吨,LI,未识别,锂,锂的碳酸盐出口数量合计中国（月）,锂的碳酸盐出口数量合计中国(月,canonical,,,INDICATORS_V1_NAME,li_63_export_total,1,1,synonym_merge,0.90,,,auto,P3_auto,0
A-01081,li_63_export_value,锂的碳酸盐出口金额合计中国（月）,美元,未识别,未识别,无,li_63_export_value,li_63_export_value,latin_abbr,,,INDICATORS_V1_KEY,li_63_export_value,1,1,synonym_merge,0.90,,,auto,P3_auto,0
A-04299,li_63_export_value,锂的碳酸盐出口金额合计中国（月）,美元,LI,未识别,锂,锂的碳酸盐出口金额合计中国（月）,锂的碳酸盐出口金额合计中国(月,canonical,,,INDICATORS_V1_NAME,li_63_export_value,1,1,synonym_merge,0.90,,,auto,P3_auto,0
A-01082,li_63_idx,中国),万吨,未识别,未识别,无,li_63_idx,li_63_idx,latin_abbr,,,INDICATORS_V1_KEY,li_63_idx,1,1,synonym_merge,0.90,,,auto,P3_auto,0
A-02291,li_63_idx,中国),万吨,未识别,未识别,无,中国),中国,canonical,,,INDICATORS_V1_NAME,li_63_idx,1,1,synonym_merge,0.90,,,auto,P3_auto,0
A-01083,li_64_export_global,锂出口数量合计中国→全球（月）,吨,未识别,未识别,无,li_64_export_global,li_64_export_global,latin_abbr,,,INDICATORS_V1_KEY,li_64_export_global,1,1,synonym_merge,0.90,,,auto,P3_auto,0
A-04297,li_64_export_global,锂出口数量合计中国→全球（月）,吨,LI,未识别,锂,锂出口数量合计中国→全球（月）,锂出口数量合计中国→全球(月,canonical,,,INDICATORS_V1_NAME,li_64_export_global,1,1,synonym_merge,0.90,,,auto,P3_auto,0
A-01084,li_71_conc_price,锂辉石精矿价格,美元/吨,未识别,未识别,无,li_71_conc_price,li_71_conc_price,latin_abbr,,,INDICATORS_V1_KEY,li_71_conc_price,1,1,synonym_merge,0.90,,,auto,P3_auto,0
A-01085,li_71_cost,碳酸锂外采锂精矿生产成本（日）,元/吨,未识别,未识别,无,li_71_cost,li_71_cost,latin_abbr,,,INDICATORS_V1_KEY,li_71_cost,1,1,synonym_merge,0.90,,,auto,P3_auto,0
A-03766,li_71_cost,碳酸锂外采锂精矿生产成本（日）,元/吨,LI,生产成本|成本,锂精矿|碳酸锂|锂,碳酸锂外采锂精矿生产成本（日）,碳酸锂外采锂精矿生产成本(日,canonical,,,INDICATORS_V1_NAME,li_71_cost,1,1,synonym_merge,0.90,,,auto,P3_auto,0
A-01086,li_71_cost_w,碳酸锂生产成本中国（周）,元/吨,未识别,未识别,无,li_71_cost_w,li_71_cost_w,latin_abbr,,,INDICATORS_V1_KEY,li_71_cost_w,1,1,synonym_merge,0.90,,,auto,P3_auto,0
A-03786,li_71_cost_w,碳酸锂生产成本中国（周）,元/吨,LI,生产成本|成本,碳酸锂|锂,碳酸锂生产成本中国（周）,碳酸锂生产成本中国(周,canonical,,,INDICATORS_V1_NAME,li_71_cost_w,1,1,synonym_merge,0.90,,,auto,P3_auto,0
A-01087,li_71_lepid_price,锂云母价格,元/干吨度,未识别,未识别,无,li_71_lepid_price,li_71_lepid_price,latin_abbr,,,INDICATORS_V1_KEY,li_71_lepid_price,1,1,synonym_merge,0.90,,,auto,P3_auto,0
A-01088,li_71_lepid_price_2,锂云母价格,元/干吨度,未识别,未识别,无,li_71_lepid_price_2,li_71_lepid_price_2,latin_abbr,,,INDICATORS_V1_KEY,li_71_lepid_price_2,1,1,synonym_merge,0.90,,,auto,P3_auto,0
A-01089,li_71_price,锂云母价格,元/干吨度,未识别,未识别,无,li_71_price,li_71_price,latin_abbr,,,INDICATORS_V1_KEY,li_71_price,1,1,synonym_merge,0.90,,,auto,P3_auto,0
A-01090,li_71_spod_price_conc,锂辉石精矿价格,美元/吨,未识别,未识别,无,li_71_spod_price_conc,li_71_spod_price_conc,latin_abbr,,,INDICATORS_V1_KEY,li_71_spod_price_conc,1,1,synonym_merge,0.90,,,auto,P3_auto,0
A-01091,li_71_total_cost,分路线完全成本,元/吨,未识别,未识别,无,li_71_total_cost,li_71_total_cost,latin_abbr,,,INDICATORS_V1_KEY,li_71_total_cost,1,1,synonym_merge,0.90,,,auto,P3_auto,0
A-02532,li_71_total_cost,分路线完全成本,元/吨,AL,完全成本|成本,无,分路线完全成本,分路线完全成本,cross_report_synonym,,,INDICATORS_V1_NAME|THS_MATCHED,THS-AL-3.1|THS-NI-3.2.4|THS-NI-7.1|li_71_total_cost,1,8,synonym_merge,0.90,,,auto,P3_auto,0
A-01092,li_72_profit_mica,碳酸锂外采锂云母利润（日）,元/吨,未识别,未识别,无,li_72_profit_mica,li_72_profit_mica,latin_abbr,,,INDICATORS_V1_KEY,li_72_profit_mica,1,1,synonym_merge,0.90,,,auto,P3_auto,0
A-03764,li_72_profit_mica,碳酸锂外采锂云母利润（日）,元/吨,LI,利润,锂云母|碳酸锂|锂,碳酸锂外采锂云母利润（日）,碳酸锂外采锂云母利润(日,canonical,,,INDICATORS_V1_NAME,li_72_profit_mica,1,1,synonym_merge,0.90,,,auto,P3_auto,0
A-01093,li_72_profit_mine,碳酸锂外采锂精矿利润（日）,元/吨,未识别,未识别,无,li_72_profit_mine,li_72_profit_mine,latin_abbr,,,INDICATORS_V1_KEY,li_72_profit_mine,1,1,synonym_merge,0.90,,,auto,P3_auto,0
A-03765,li_72_profit_mine,碳酸锂外采锂精矿利润（日）,元/吨,LI,利润,锂精矿|碳酸锂|锂,碳酸锂外采锂精矿利润（日）,碳酸锂外采锂精矿利润(日,canonical,,,INDICATORS_V1_NAME,li_72_profit_mine,1,1,synonym_merge,0.90,,,auto,P3_auto,0
A-01094,li_73_conc_avg_price,锂辉石精矿CIF均价,美元/吨,未识别,未识别,无,li_73_conc_avg_price,li_73_conc_avg_price,latin_abbr,,,INDICATORS_V1_KEY,li_73_conc_avg_price,1,1,synonym_merge,0.90,,,auto,P3_auto,0
A-04333,li_73_conc_avg_price,锂辉石精矿CIF均价,美元/吨,LI,均价,锂辉石|锂,锂辉石精矿CIF均价,锂辉石精矿CIF均价,mixed_script,,,INDICATORS_V1_NAME,li_73_conc_avg_price,1,1,synonym_merge,0.90,,,auto,P3_auto,0
A-01095,li_73_cost,碳酸锂碳化法生产成本,元/吨,未识别,未识别,无,li_73_cost,li_73_cost,latin_abbr,,,INDICATORS_V1_KEY,li_73_cost,1,1,synonym_merge,0.90,,,auto,P3_auto,0
A-03796,li_73_cost,碳酸锂碳化法生产成本,元/吨,LI,生产成本|成本,碳酸锂|锂,碳酸锂碳化法生产成本,碳酸锂碳化法生产成本,canonical,,,INDICATORS_V1_NAME,li_73_cost,1,1,synonym_merge,0.90,,,auto,P3_auto,0
A-01096,li_73_premium,碳酸锂电池级盐湖料升贴水,元/吨,未识别,未识别,无,li_73_premium,li_73_premium,latin_abbr,,,INDICATORS_V1_KEY,li_73_premium,1,1,synonym_merge,0.90,,,auto,P3_auto,0
A-03790,li_73_premium,碳酸锂电池级盐湖料升贴水,元/吨,LI,升贴水|贴水,锂电池|碳酸锂|锂,碳酸锂电池级盐湖料升贴水,碳酸锂电池级盐湖料升贴水,canonical,,,INDICATORS_V1_NAME,li_73_premium,1,1,synonym_merge,0.90,,,auto,P3_auto,0
A-01097,li_73_raw,碳酸锂(盐湖卤水原料)下月排产,吨,未识别,未识别,无,li_73_raw,li_73_raw,latin_abbr,,,INDICATORS_V1_KEY,li_73_raw,1,1,synonym_merge,0.90,,,auto,P3_auto,0
A-03723,li_73_raw,碳酸锂(盐湖卤水原料)下月排产,吨,LI,未识别,碳酸锂|锂,碳酸锂(盐湖卤水原料)下月排产,碳酸锂(盐湖卤水原料)下月排产,canonical,,,INDICATORS_V1_NAME,li_73_raw,1,1,synonym_merge,0.90,,,auto,P3_auto,0
A-01098,li_73_spot,远期现货价,美元/吨,未识别,未识别,无,li_73_spot,li_73_spot,latin_abbr,,,INDICATORS_V1_KEY,li_73_spot,1,1,synonym_merge,0.90,,,auto,P3_auto,0
A-01099,li_73_spot_fwd,远期现货价,美元/吨,未识别,未识别,无,li_73_spot_fwd,li_73_spot_fwd,latin_abbr,,,INDICATORS_V1_KEY,li_73_spot_fwd,1,1,synonym_merge,0.90,,,auto,P3_auto,0
A-01100,li_73_spot_fwd_2,远期现货价,美元/吨,未识别,未识别,无,li_73_spot_fwd_2,li_73_spot_fwd_2,latin_abbr,,,INDICATORS_V1_KEY,li_73_spot_fwd_2,1,1,synonym_merge,0.90,,,auto,P3_auto,0
A-01101,li_73_spot_fwd_3,远期现货价,美元/吨,未识别,未识别,无,li_73_spot_fwd_3,li_73_spot_fwd_3,latin_abbr,,,INDICATORS_V1_KEY,li_73_spot_fwd_3,1,1,synonym_merge,0.90,,,auto,P3_auto,0
A-01102,ni_00_export_steel,印度海关：废不锈钢：出口金额：印度→中国（月）,,未识别,未识别,无,ni_00_export_steel,ni_00_export_steel,latin_abbr,,,INDICATORS_V1_KEY,ni_00_export_steel,1,1,synonym_merge,0.90,,,auto,P3_auto,0
A-02648,ni_00_export_steel,印度海关：废不锈钢：出口金额：印度→中国（月）,,NI,未识别,不锈钢,印度海关：废不锈钢：出口金额：印度→中国（月）,印度海关:废不锈钢:出口金额:印度→中国(月,canonical,,,INDICATORS_V1_NAME,ni_00_export_steel,1,1,synonym_merge,0.90,,,auto,P3_auto,0
A-01103,ni_00_price_nickel_ferrous,镍铁矿：48.5%Fe：烘干工艺：品牌价格：日照港：榕海矿业（日）,,未识别,未识别,无,ni_00_price_nickel_ferrous,ni_00_price_nickel_ferrous,latin_abbr,,,INDICATORS_V1_KEY,ni_00_price_nickel_ferrous,1,1,synonym_merge,0.90,,,auto,P3_auto,0
A-04582,ni_00_price_nickel_ferrous,镍铁矿：48.5%Fe：烘干工艺：品牌价格：日照港：榕海矿业（日）,,NI,价格,镍铁|镍,镍铁矿：48.5%Fe：烘干工艺：品牌价格：日照港：榕海矿业（日）,镍铁矿:48.5%Fe:烘干工艺:品牌价格:日照港:榕海矿业(日,mixed_script,,,INDICATORS_V1_NAME,ni_00_price_nickel_ferrous,1,1,synonym_merge,0.90,,,auto,P3_auto,0
A-00340,ni_21_close_front,SHFE：镍：主力合约：收盘价（日）,元/吨,NI,未识别,镍,SHFE：镍：主力合约：收盘价（日）,SHFE:镍:主力合约:收盘价(日,cross_report_synonym,,,INDICATORS_V1_NAME|THS_MATCHED,THS-NI-2.3|THS-NI-5.3|ni_21_close_front,1,4,synonym_merge,0.90,,,auto,P3_auto,0
A-01104,ni_21_close_front,SHFE：镍：主力合约：收盘价（日）,元/吨,未识别,未识别,无,ni_21_close_front,ni_21_close_front,latin_abbr,,,INDICATORS_V1_KEY,ni_21_close_front,1,1,synonym_merge,0.90,,,auto,P3_auto,0
A-01105,ni_21_far_price,MHP：NI≥34%，CO≥2%：镍远期现货价格：中国主要港口（日）,美元/金属吨,未识别,未识别,无,ni_21_far_price,ni_21_far_price,latin_abbr,,,INDICATORS_V1_KEY,ni_21_far_price,1,1,synonym_merge,0.90,,,auto,P3_auto,0
A-01106,ni_21_front_price,MHP：NI≥34%，CO≥2%：镍远期现货价格：中国主要港口（日）,美元/金属吨,未识别,未识别,无,ni_21_front_price,ni_21_front_price,latin_abbr,,,INDICATORS_V1_KEY,ni_21_front_price,1,1,synonym_merge,0.90,,,auto,P3_auto,0
A-01107,ni_21_lme_price,SMM: 进口盈亏: 镍: 现货: LME价格: 日度,,未识别,未识别,无,ni_21_lme_price,ni_21_lme_price,latin_abbr,,,INDICATORS_V1_KEY,ni_21_lme_price,1,1,synonym_merge,0.90,,,auto,P3_auto,0
A-01108,ni_21_near_price,MHP：NI≥34%，CO≥2%：镍远期现货价格：中国主要港口（日）,美元/金属吨,未识别,未识别,无,ni_21_near_price,ni_21_near_price,latin_abbr,,,INDICATORS_V1_KEY,ni_21_near_price,1,1,synonym_merge,0.90,,,auto,P3_auto,0
A-01109,ni_21_openinterest_front,SHFE：镍：主力合约：单边交易：持仓量（日）,手,未识别,未识别,无,ni_21_openinterest_front,ni_21_openinterest_front,latin_abbr,,,INDICATORS_V1_KEY,ni_21_openinterest_front,1,1,synonym_merge,0.90,,,auto,P3_auto,0
A-01110,ni_21_percentile_openinterest,LME：镍：其他报告头寸多头持仓量：投资基金（周）,手,未识别,未识别,无,ni_21_percentile_openinterest,ni_21_percentile_openinterest,latin_abbr,,,INDICATORS_V1_KEY,ni_21_percentile_openinterest,1,1,synonym_merge,0.90,,,auto,P3_auto,0
A-01111,ni_21_premium,水淬镍：15-22%Ni：印尼产：升贴水（日）,美元/金属吨,未识别,未识别,无,ni_21_premium,ni_21_premium,latin_abbr,,,INDICATORS_V1_KEY,ni_21_premium,1,1,synonym_merge,0.90,,,auto,P3_auto,0
A-01112,ni_21_volume_front,SHFE：镍：主力合约：单边交易：成交量（日）,手,未识别,未识别,无,ni_21_volume_front,ni_21_volume_front,latin_abbr,,,INDICATORS_V1_KEY,ni_21_volume_front,1,1,synonym_merge,0.90,,,auto,P3_auto,0
A-01113,ni_21_volume_top20,LME：镍：3个月合约：成交量（日）,手,未识别,未识别,无,ni_21_volume_top20,ni_21_volume_top20,latin_abbr,,,INDICATORS_V1_KEY,ni_21_volume_top20,1,1,synonym_merge,0.90,,,auto,P3_auto,0
A-01114,ni_21_warrant,SHFE: 镍: 仓单日报: 期货: 日度,,未识别,未识别,无,ni_21_warrant,ni_21_warrant,latin_abbr,,,INDICATORS_V1_KEY,ni_21_warrant,1,1,synonym_merge,0.90,,,auto,P3_auto,0
A-01115,ni_22_basis,SHFE：镍：基差（日）,元/吨,未识别,未识别,无,ni_22_basis,ni_22_basis,latin_abbr,,,INDICATORS_V1_KEY,ni_22_basis,1,1,synonym_merge,0.90,,,auto,P3_auto,0
A-01116,ni_22_i9999,电解镍：Ni≥99.99%：挪威产：现货价：中国：保税区（日）,,未识别,未识别,无,ni_22_i9999,ni_22_i9999,latin_abbr,,,INDICATORS_V1_KEY,ni_22_i9999,1,1,synonym_merge,0.90,,,auto,P3_auto,0
A-03638,ni_22_i9999,电解镍：Ni≥99.99%：挪威产：现货价：中国：保税区（日）,,NI,未识别,电解镍|镍,电解镍：Ni≥99.99%：挪威产：现货价：中国：保税区（日）,电解镍:Ni≥99.99%:挪威产:现货价:中国:保税区(日,mixed_script,,,INDICATORS_V1_NAME,ni_22_i9999,1,1,synonym_merge,0.90,,,auto,P3_auto,0
A-01117,ni_22_import,冰镍：进口数量合计：中国（月）,千克,未识别,未识别,无,ni_22_import,ni_22_import,latin_abbr,,,INDICATORS_V1_KEY,ni_22_import,1,1,synonym_merge,0.90,,,auto,P3_auto,0
A-01118,ni_22_premium,水淬镍：15-22%Ni：印尼产：升贴水（日）,美元/金属吨,未识别,未识别,无,ni_22_premium,ni_22_premium,latin_abbr,,,INDICATORS_V1_KEY,ni_22_premium,1,1,synonym_merge,0.90,,,auto,P3_auto,0
A-01119,ni_22_premium_2,水淬镍：15-22%Ni：印尼产：升贴水（日）,美元/金属吨,未识别,未识别,无,ni_22_premium_2,ni_22_premium_2,latin_abbr,,,INDICATORS_V1_KEY,ni_22_premium_2,1,1,synonym_merge,0.90,,,auto,P3_auto,0
A-01120,ni_22_premium_3,电解镍：Ni≥99.96%：甘肃产：升贴水：中国：金川（日）,,未识别,未识别,无,ni_22_premium_3,ni_22_premium_3,latin_abbr,,,INDICATORS_V1_KEY,ni_22_premium_3,1,1,synonym_merge,0.90,,,auto,P3_auto,0
A-03637,ni_22_premium_3,电解镍：Ni≥99.96%：甘肃产：升贴水：中国：金川（日）,,NI,升贴水|贴水,电解镍|镍,电解镍：Ni≥99.96%：甘肃产：升贴水：中国：金川（日）,电解镍:Ni≥99.96%:甘肃产:升贴水:中国:金川(日,cross_report_synonym,,,INDICATORS_V1_NAME|THS_MATCHED,THS-NI-2.1|THS-NI-2.2|ni_22_premium_3,1,3,synonym_merge,0.90,,,auto,P3_auto,0
A-01121,ni_22_premium_percentile,水淬镍：15-22%Ni：印尼产：升贴水（日）,美元/金属吨,未识别,未识别,无,ni_22_premium_percentile,ni_22_premium_percentile,latin_abbr,,,INDICATORS_V1_KEY,ni_22_premium_percentile,1,1,synonym_merge,0.90,,,auto,P3_auto,0
A-01122,ni_22_price,镍豆：Ni≥99.88%：澳大利亚产：现货到岸价格：中国（日）,美元/吨,未识别,未识别,无,ni_22_price,ni_22_price,latin_abbr,,,INDICATORS_V1_KEY,ni_22_price,1,1,synonym_merge,0.90,,,auto,P3_auto,0
A-04551,ni_22_price,镍豆：Ni≥99.88%：澳大利亚产：现货到岸价格：中国（日）,美元/吨,NI,价格,镍豆|镍,镍豆：Ni≥99.88%：澳大利亚产：现货到岸价格：中国（日）,镍豆:Ni≥99.88%:澳大利亚产:现货到岸价格:中国(日,mixed_script,,,INDICATORS_V1_NAME,ni_22_price,1,1,synonym_merge,0.90,,,auto,P3_auto,0
A-01123,ni_22_price_2,电解镍：Ni≥99.96%：俄罗斯产：现货到岸价格：中国（日）,美元/吨,未识别,未识别,无,ni_22_price_2,ni_22_price_2,latin_abbr,,,INDICATORS_V1_KEY,ni_22_price_2,1,1,synonym_merge,0.90,,,auto,P3_auto,0
A-03635,ni_22_price_2,电解镍：Ni≥99.96%：俄罗斯产：现货到岸价格：中国（日）,美元/吨,NI,价格,电解镍|镍,电解镍：Ni≥99.96%：俄罗斯产：现货到岸价格：中国（日）,电解镍:Ni≥99.96%:俄罗斯产:现货到岸价格:中国(日,mixed_script,,,INDICATORS_V1_NAME,ni_22_price_2,1,1,synonym_merge,0.90,,,auto,P3_auto,0
A-01124,ni_22_price_3,镍生铁：13%＞Ni＞10%：印尼产：远期现货价格：中国主要港口（日）,元/镍,未识别,未识别,无,ni_22_price_3,ni_22_price_3,latin_abbr,,,INDICATORS_V1_KEY,ni_22_price_3,1,1,synonym_merge,0.90,,,auto,P3_auto,0
A-04511,ni_22_price_3,镍生铁：13%＞Ni＞10%：印尼产：远期现货价格：中国主要港口（日）,元/镍,NI,现货价格|价格,镍生铁|镍,镍生铁：13%＞Ni＞10%：印尼产：远期现货价格：中国主要港口（日）,镍生铁:13%＞Ni＞10%:印尼产:远期现货价格:中国主要港口(日,cross_report_synonym,,,INDICATORS_V1_NAME|THS_MATCHED,THS-NI-2.2|THS-NI-2.4|THS-NI-2.5|ni_22_price_3,1,4,synonym_merge,0.90,,,auto,P3_auto,0
A-01125,ni_22_price_nickel_powder,高冰镍：Ni≥65%，Co≥1%：钴远期现货价格：中国主要港口（日）,美元/金属吨,未识别,未识别,无,ni_22_price_nickel_powder,ni_22_price_nickel_powder,latin_abbr,,,INDICATORS_V1_KEY,ni_22_price_nickel_powder,1,1,synonym_merge,0.90,,,auto,P3_auto,0
A-04617,ni_22_price_nickel_powder,高冰镍：Ni≥65%，Co≥1%：钴远期现货价格：中国主要港口（日）,美元/金属吨,NI,现货价格|价格,高冰镍|冰镍|镍,高冰镍：Ni≥65%，Co≥1%：钴远期现货价格：中国主要港口（日）,"高冰镍:Ni≥65%,Co≥1%:钴远期现货价格:中国主要港口(日",cross_report_synonym,,,INDICATORS_V1_NAME|THS_MATCHED,THS-NI-2.2|THS-NI-2.4|THS-NI-2.5|ni_22_price_nickel_powder,1,4,synonym_merge,0.90,,,auto,P3_auto,0
A-01126,ni_23_premium,水淬镍：15-22%Ni：印尼产：升贴水（日）,美元/金属吨,未识别,未识别,无,ni_23_premium,ni_23_premium,latin_abbr,,,INDICATORS_V1_KEY,ni_23_premium,1,1,synonym_merge,0.90,,,auto,P3_auto,0
A-01127,ni_24_far_price,MHP：NI≥34%，CO≥2%：镍远期现货价格：中国主要港口（日）,美元/金属吨,未识别,未识别,无,ni_24_far_price,ni_24_far_price,latin_abbr,,,INDICATORS_V1_KEY,ni_24_far_price,1,1,synonym_merge,0.90,,,auto,P3_auto,0
A-01128,ni_24_near_price,MHP：NI≥34%，CO≥2%：镍远期现货价格：中国主要港口（日）,美元/金属吨,未识别,未识别,无,ni_24_near_price,ni_24_near_price,latin_abbr,,,INDICATORS_V1_KEY,ni_24_near_price,1,1,synonym_merge,0.90,,,auto,P3_auto,0
A-01129,ni_24_price,MHP：NI≥34%，CO≥2%：镍远期现货价格：中国主要港口（日）,美元/金属吨,未识别,未识别,无,ni_24_price,ni_24_price,latin_abbr,,,INDICATORS_V1_KEY,ni_24_price,1,1,synonym_merge,0.90,,,auto,P3_auto,0
A-01130,ni_24_price_2,MHP：NI≥34%，CO≥2%：镍远期现货价格：中国主要港口（日）,美元/金属吨,未识别,未识别,无,ni_24_price_2,ni_24_price_2,latin_abbr,,,INDICATORS_V1_KEY,ni_24_price_2,1,1,synonym_merge,0.90,,,auto,P3_auto,0
A-01131,ni_25_percentile_price,SMM: 电解镍进口盈亏（沪伦价格差）: 日度,,未识别,未识别,无,ni_25_percentile_price,ni_25_percentile_price,latin_abbr,,,INDICATORS_V1_KEY,ni_25_percentile_price,1,1,synonym_merge,0.90,,,auto,P3_auto,0
A-01132,ni_25_percentile_price_2,SMM: 电解镍进口盈亏（沪伦价格差）: 日度,,未识别,未识别,无,ni_25_percentile_price_2,ni_25_percentile_price_2,latin_abbr,,,INDICATORS_V1_KEY,ni_25_percentile_price_2,1,1,synonym_merge,0.90,,,auto,P3_auto,0
A-01133,ni_25_price,SMM: 电解镍进口盈亏（沪伦价格差）: 日度,,未识别,未识别,无,ni_25_price,ni_25_price,latin_abbr,,,INDICATORS_V1_KEY,ni_25_price,1,1,synonym_merge,0.90,,,auto,P3_auto,0
A-01134,ni_25_profit,冷轧不锈钢：外购低镍铁：201/J1：利润：中国（日）,元/吨,未识别,未识别,无,ni_25_profit,ni_25_profit,latin_abbr,,,INDICATORS_V1_KEY,ni_25_profit,1,1,synonym_merge,0.90,,,auto,P3_auto,0
A-01135,ni_25_profit_2,冷轧不锈钢：外购低镍铁：201/J1：利润：中国（日）,元/吨,未识别,未识别,无,ni_25_profit_2,ni_25_profit_2,latin_abbr,,,INDICATORS_V1_KEY,ni_25_profit_2,1,1,synonym_merge,0.90,,,auto,P3_auto,0
A-01136,ni_25_profit_3,镍生铁：RKEF工艺：利润：科纳韦：人民币计（日）,,未识别,未识别,无,ni_25_profit_3,ni_25_profit_3,latin_abbr,,,INDICATORS_V1_KEY,ni_25_profit_3,1,1,synonym_merge,0.90,,,auto,P3_auto,0
A-04512,ni_25_profit_3,镍生铁：RKEF工艺：利润：科纳韦：人民币计（日）,,NI,利润,镍生铁|镍,镍生铁：RKEF工艺：利润：科纳韦：人民币计（日）,镍生铁:RKEF工艺:利润:科纳韦:人民币计(日,mixed_script,,,INDICATORS_V1_NAME,ni_25_profit_3,1,1,synonym_merge,0.90,,,auto,P3_auto,0
A-01137,ni_26_openinterest_top20_front,SHFE：镍：主力合约：单边交易：持仓量（日）,手,未识别,未识别,无,ni_26_openinterest_top20_front,ni_26_openinterest_top20_front,latin_abbr,,,INDICATORS_V1_KEY,ni_26_openinterest_top20_front,1,1,synonym_merge,0.90,,,auto,P3_auto,0
A-01138,ni_26_openinterest_top20_front_2,SHFE：镍：主力合约：单边交易：持仓量（日）,手,未识别,未识别,无,ni_26_openinterest_top20_front_2,ni_26_openinterest_top20_front_2,latin_abbr,,,INDICATORS_V1_KEY,ni_26_openinterest_top20_front_2,1,1,synonym_merge,0.90,,,auto,P3_auto,0
A-01139,ni_26_percentile_openinterest_top2,SHFE：镍：单边交易：持仓量（日）,手,未识别,未识别,无,ni_26_percentile_openinterest_top2,ni_26_percentile_openinterest_top2,latin_abbr,,,INDICATORS_V1_KEY,ni_26_percentile_openinterest_top2,1,1,synonym_merge,0.90,,,auto,P3_auto,0
A-01140,ni_311_capacity,精炼镍：运行产能：印尼（月）,吨,未识别,未识别,无,ni_311_capacity,ni_311_capacity,latin_abbr,,,INDICATORS_V1_KEY,ni_311_capacity,1,1,synonym_merge,0.90,,,auto,P3_auto,0
A-03868,ni_311_capacity,精炼镍：运行产能：印尼（月）,吨,NI,运行产能|产能,精炼镍|镍,精炼镍：运行产能：印尼（月）,精炼镍:运行产能:印尼(月,canonical,,,INDICATORS_V1_NAME,ni_311_capacity,1,1,synonym_merge,0.90,,,auto,P3_auto,0
A-01141,ni_311_capacity_2,精炼镍：产能：印尼（月）,吨,未识别,未识别,无,ni_311_capacity_2,ni_311_capacity_2,latin_abbr,,,INDICATORS_V1_KEY,ni_311_capacity_2,1,1,synonym_merge,0.90,,,auto,P3_auto,0
A-03851,ni_311_capacity_2,精炼镍：产能：印尼（月）,吨,NI,产能,精炼镍|镍,精炼镍：产能：印尼（月）,精炼镍:产能:印尼(月,canonical,,,INDICATORS_V1_NAME,ni_311_capacity_2,1,1,synonym_merge,0.90,,,auto,P3_auto,0
A-01142,ni_311_capacity_3,精炼镍：产能：中国（月）,吨,未识别,未识别,无,ni_311_capacity_3,ni_311_capacity_3,latin_abbr,,,INDICATORS_V1_KEY,ni_311_capacity_3,1,1,synonym_merge,0.90,,,auto,P3_auto,0
A-03850,ni_311_capacity_3,精炼镍：产能：中国（月）,吨,NI,产能,精炼镍|镍,精炼镍：产能：中国（月）,精炼镍:产能:中国(月,canonical,,,INDICATORS_V1_NAME,ni_311_capacity_3,1,1,synonym_merge,0.90,,,auto,P3_auto,0
A-01143,ni_311_output,精炼镍：产量：印尼（月）,吨,未识别,未识别,无,ni_311_output,ni_311_output,latin_abbr,,,INDICATORS_V1_KEY,ni_311_output,1,1,synonym_merge,0.90,,,auto,P3_auto,0
A-01144,ni_311_output_2,精炼镍：产量：印尼（月）,吨,未识别,未识别,无,ni_311_output_2,ni_311_output_2,latin_abbr,,,INDICATORS_V1_KEY,ni_311_output_2,1,1,synonym_merge,0.90,,,auto,P3_auto,0
A-01145,ni_311_output_3,精炼镍：产量：中国（月）,吨,未识别,未识别,无,ni_311_output_3,ni_311_output_3,latin_abbr,,,INDICATORS_V1_KEY,ni_311_output_3,1,1,synonym_merge,0.90,,,auto,P3_auto,0
A-01146,ni_311_output_nickel_ore,USGS：镍矿：含镍：产量：印尼（年）,吨,未识别,未识别,无,ni_311_output_nickel_ore,ni_311_output_nickel_ore,latin_abbr,,,INDICATORS_V1_KEY,ni_311_output_nickel_ore,1,1,synonym_merge,0.90,,,auto,P3_auto,0
A-01147,ni_311_output_nickel_ore_2,USGS：镍矿：含镍：产量：新喀里多尼亚（年）,吨,未识别,未识别,无,ni_311_output_nickel_ore_2,ni_311_output_nickel_ore_2,latin_abbr,,,INDICATORS_V1_KEY,ni_311_output_nickel_ore_2,1,1,synonym_merge,0.90,,,auto,P3_auto,0
A-01148,ni_311_output_nickel_ore_3,USGS：镍矿：含镍：产量：印尼（年）,吨,未识别,未识别,无,ni_311_output_nickel_ore_3,ni_311_output_nickel_ore_3,latin_abbr,,,INDICATORS_V1_KEY,ni_311_output_nickel_ore_3,1,1,synonym_merge,0.90,,,auto,P3_auto,0
A-01149,ni_312_nickel_ore_capacity,镍生铁企业：产能：以金属量计：印尼（月）,万吨,未识别,未识别,无,ni_312_nickel_ore_capacity,ni_312_nickel_ore_capacity,latin_abbr,,,INDICATORS_V1_KEY,ni_312_nickel_ore_capacity,1,1,synonym_merge,0.90,,,auto,P3_auto,0
A-01150,ni_312_nickel_ore_capacity_2,镍生铁企业：产能：以金属量计：印尼（月）,万吨,未识别,未识别,无,ni_312_nickel_ore_capacity_2,ni_312_nickel_ore_capacity_2,latin_abbr,,,INDICATORS_V1_KEY,ni_312_nickel_ore_capacity_2,1,1,synonym_merge,0.90,,,auto,P3_auto,0
A-01151,ni_312_output,精炼镍：二级：产量：澳大利亚（季）,千吨,未识别,未识别,无,ni_312_output,ni_312_output,latin_abbr,,,INDICATORS_V1_KEY,ni_312_output,1,1,synonym_merge,0.90,,,auto,P3_auto,0
A-01152,ni_312_output_2,精炼镍：产量：印尼（月）,吨,未识别,未识别,无,ni_312_output_2,ni_312_output_2,latin_abbr,,,INDICATORS_V1_KEY,ni_312_output_2,1,1,synonym_merge,0.90,,,auto,P3_auto,0
A-01153,ni_312_output_3,精炼镍：产量：印尼（月）,吨,未识别,未识别,无,ni_312_output_3,ni_312_output_3,latin_abbr,,,INDICATORS_V1_KEY,ni_312_output_3,1,1,synonym_merge,0.90,,,auto,P3_auto,0
A-01154,ni_312_output_nickel_ore,USGS：镍矿：含镍：产量：澳大利亚（年）,吨,未识别,未识别,无,ni_312_output_nickel_ore,ni_312_output_nickel_ore,latin_abbr,,,INDICATORS_V1_KEY,ni_312_output_nickel_ore,1,1,synonym_merge,0.90,,,auto,P3_auto,0
A-01155,ni_313_import,镍生铁：进口数量：中国：以金属量计（月）,万吨,未识别,未识别,无,ni_313_import,ni_313_import,latin_abbr,,,INDICATORS_V1_KEY,ni_313_import,1,1,synonym_merge,0.90,,,auto,P3_auto,0
A-01156,ni_313_import_2,冰镍：进口数量合计：中国（月）,千克,未识别,未识别,无,ni_313_import_2,ni_313_import_2,latin_abbr,,,INDICATORS_V1_KEY,ni_313_import_2,1,1,synonym_merge,0.90,,,auto,P3_auto,0
A-01157,ni_313_output,精炼镍：产量：中国（月）,吨,未识别,未识别,无,ni_313_output,ni_313_output,latin_abbr,,,INDICATORS_V1_KEY,ni_313_output,1,1,synonym_merge,0.90,,,auto,P3_auto,0
A-01158,ni_313_output_2,镍铁：主要企业：产量：全球：以金属量计（年）,万吨,未识别,未识别,无,ni_313_output_2,ni_313_output_2,latin_abbr,,,INDICATORS_V1_KEY,ni_313_output_2,1,1,synonym_merge,0.90,,,auto,P3_auto,0
A-04557,ni_313_output_2,镍铁：主要企业：产量：全球：以金属量计（年）,万吨,NI,产量,镍铁|镍,镍铁：主要企业：产量：全球：以金属量计（年）,镍铁:主要企业:产量:全球:以金属量计(年,canonical,,,INDICATORS_V1_NAME,ni_313_output_2,1,1,synonym_merge,0.90,,,auto,P3_auto,0
A-01159,ni_313_output_3,硫化镍矿：产量：伦丁矿业：Eagle矿区（季）,吨,未识别,未识别,无,ni_313_output_3,ni_313_output_3,latin_abbr,,,INDICATORS_V1_KEY,ni_313_output_3,1,1,synonym_merge,0.90,,,auto,P3_auto,0
A-01160,ni_313_output_nickel_ore,硫化镍矿：产量：伦丁矿业：Eagle矿区（季）,吨,未识别,未识别,无,ni_313_output_nickel_ore,ni_313_output_nickel_ore,latin_abbr,,,INDICATORS_V1_KEY,ni_313_output_nickel_ore,1,1,synonym_merge,0.90,,,auto,P3_auto,0
A-01161,ni_313_output_nickel_ore_2,硫化镍矿：产量：伦丁矿业：Eagle矿区（季）,吨,未识别,未识别,无,ni_313_output_nickel_ore_2,ni_313_output_nickel_ore_2,latin_abbr,,,INDICATORS_V1_KEY,ni_313_output_nickel_ore_2,1,1,synonym_merge,0.90,,,auto,P3_auto,0
A-01162,ni_313_output_nickel_ore_3,硫化镍矿：产量：伦丁矿业：Eagle矿区（季）,吨,未识别,未识别,无,ni_313_output_nickel_ore_3,ni_313_output_nickel_ore_3,latin_abbr,,,INDICATORS_V1_KEY,ni_313_output_nickel_ore_3,1,1,synonym_merge,0.90,,,auto,P3_auto,0
A-01163,ni_313_output_nickel_ore_4,硫化镍矿：产量：伦丁矿业：Eagle矿区（季）,吨,未识别,未识别,无,ni_313_output_nickel_ore_4,ni_313_output_nickel_ore_4,latin_abbr,,,INDICATORS_V1_KEY,ni_313_output_nickel_ore_4,1,1,synonym_merge,0.90,,,auto,P3_auto,0
A-01164,ni_313_output_nickel_ore_5,硫化镍矿：产量：伦丁矿业：Eagle矿区（季）,吨,未识别,未识别,无,ni_313_output_nickel_ore_5,ni_313_output_nickel_ore_5,latin_abbr,,,INDICATORS_V1_KEY,ni_313_output_nickel_ore_5,1,1,synonym_merge,0.90,,,auto,P3_auto,0
A-01165,ni_313_output_nickel_ore_6,硫化镍矿：产量：伦丁矿业：Eagle矿区（季）,吨,未识别,未识别,无,ni_313_output_nickel_ore_6,ni_313_output_nickel_ore_6,latin_abbr,,,INDICATORS_V1_KEY,ni_313_output_nickel_ore_6,1,1,synonym_merge,0.90,,,auto,P3_auto,0
A-01166,ni_314_import,中国海关: 镍矿进口量: 总: 月度,,未识别,未识别,无,ni_314_import,ni_314_import,latin_abbr,,,INDICATORS_V1_KEY,ni_314_import,1,1,synonym_merge,0.90,,,auto,P3_auto,0
A-01167,ni_314_import_2,镍生铁：进口数量：中国：以金属量计（月）,万吨,未识别,未识别,无,ni_314_import_2,ni_314_import_2,latin_abbr,,,INDICATORS_V1_KEY,ni_314_import_2,1,1,synonym_merge,0.90,,,auto,P3_auto,0
A-01168,ni_314_import_3,冰镍：进口数量：印尼→中国（月）,千克,未识别,未识别,无,ni_314_import_3,ni_314_import_3,latin_abbr,,,INDICATORS_V1_KEY,ni_314_import_3,1,1,synonym_merge,0.90,,,auto,P3_auto,0
A-01169,ni_314_import_4,镍矿：进口数量：菲律宾→中国（月）,吨,未识别,未识别,无,ni_314_import_4,ni_314_import_4,latin_abbr,,,INDICATORS_V1_KEY,ni_314_import_4,1,1,synonym_merge,0.90,,,auto,P3_auto,0
A-04527,ni_314_import_4,镍矿：进口数量：菲律宾→中国（月）,吨,NI,未识别,镍矿|镍,镍矿：进口数量：菲律宾→中国（月）,镍矿:进口数量:菲律宾→中国(月,canonical,,,INDICATORS_V1_NAME,ni_314_import_4,1,1,synonym_merge,0.90,,,auto,P3_auto,0
A-01170,ni_314_import_5,镍矿：进口数量：新喀里多尼亚→中国（月）,吨,未识别,未识别,无,ni_314_import_5,ni_314_import_5,latin_abbr,,,INDICATORS_V1_KEY,ni_314_import_5,1,1,synonym_merge,0.90,,,auto,P3_auto,0
A-01171,ni_314_import_6,冰镍：进口数量：澳大利亚→中国（月）,千克,未识别,未识别,无,ni_314_import_6,ni_314_import_6,latin_abbr,,,INDICATORS_V1_KEY,ni_314_import_6,1,1,synonym_merge,0.90,,,auto,P3_auto,0
A-02506,ni_314_import_6,冰镍：进口数量：澳大利亚→中国（月）,千克,NI,未识别,冰镍|镍,冰镍：进口数量：澳大利亚→中国（月）,冰镍:进口数量:澳大利亚→中国(月,canonical,,,INDICATORS_V1_NAME,ni_314_import_6,1,1,synonym_merge,0.90,,,auto,P3_auto,0
A-01172,ni_314_import_7,未锻轧非合金镍：镍钴总量≥99.99%，钴≤0.005%：进口金额：挪威→中国（月）,美元,未识别,未识别,无,ni_314_import_7,ni_314_import_7,latin_abbr,,,INDICATORS_V1_KEY,ni_314_import_7,1,1,synonym_merge,0.90,,,auto,P3_auto,0
A-01173,ni_314_import_8,未锻轧非合金镍：镍钴总量≥99.99%，钴≤0.005%：进口金额：挪威→中国（月）,美元,未识别,未识别,无,ni_314_import_8,ni_314_import_8,latin_abbr,,,INDICATORS_V1_KEY,ni_314_import_8,1,1,synonym_merge,0.90,,,auto,P3_auto,0
A-01174,ni_314_import_9,冰镍：进口数量：印尼→中国（月）,千克,未识别,未识别,无,ni_314_import_9,ni_314_import_9,latin_abbr,,,INDICATORS_V1_KEY,ni_314_import_9,1,1,synonym_merge,0.90,,,auto,P3_auto,0
A-01175,ni_315_profit,冷轧不锈钢：外购低镍铁：201/J1：利润：中国（日）,元/吨,未识别,未识别,无,ni_315_profit,ni_315_profit,latin_abbr,,,INDICATORS_V1_KEY,ni_315_profit,1,1,synonym_merge,0.90,,,auto,P3_auto,0
A-01176,ni_31_inv,精炼镍：现货库存：国内：全口径：27家样本仓库（周）,,未识别,未识别,无,ni_31_inv,ni_31_inv,latin_abbr,,,INDICATORS_V1_KEY,ni_31_inv,1,1,synonym_merge,0.90,,,auto,P3_auto,0
A-03861,ni_31_inv,精炼镍：现货库存：国内：全口径：27家样本仓库（周）,,NI,库存,精炼镍|镍,精炼镍：现货库存：国内：全口径：27家样本仓库（周）,精炼镍:现货库存:国内:全口径:27家样本仓库(周,canonical,,,INDICATORS_V1_NAME,ni_31_inv,1,1,synonym_merge,0.90,,,auto,P3_auto,0
A-01177,ni_31_inv_nickel_ore,镍矿：印尼产：港口库存：14个港口（周）,,未识别,未识别,无,ni_31_inv_nickel_ore,ni_31_inv_nickel_ore,latin_abbr,,,INDICATORS_V1_KEY,ni_31_inv_nickel_ore,1,1,synonym_merge,0.90,,,auto,P3_auto,0
A-04522,ni_31_inv_nickel_ore,镍矿：印尼产：港口库存：14个港口（周）,,NI,库存,镍矿|镍,镍矿：印尼产：港口库存：14个港口（周）,镍矿:印尼产:港口库存:14个港口(周,canonical,,,INDICATORS_V1_NAME,ni_31_inv_nickel_ore,1,1,synonym_merge,0.90,,,auto,P3_auto,0
A-01178,ni_31_inv_nickel_ore_2,镍矿：菲律宾产：港口库存：14个港口（周）,,未识别,未识别,无,ni_31_inv_nickel_ore_2,ni_31_inv_nickel_ore_2,latin_abbr,,,INDICATORS_V1_KEY,ni_31_inv_nickel_ore_2,1,1,synonym_merge,0.90,,,auto,P3_auto,0
A-04523,ni_31_inv_nickel_ore_2,镍矿：菲律宾产：港口库存：14个港口（周）,,NI,库存,镍矿|镍,镍矿：菲律宾产：港口库存：14个港口（周）,镍矿:菲律宾产:港口库存:14个港口(周,canonical,,,INDICATORS_V1_NAME,ni_31_inv_nickel_ore_2,1,1,synonym_merge,0.90,,,auto,P3_auto,0
A-01179,ni_31_nickel_ore_price,红土镍矿：1.6%Ni，0.05%Co，20%Fe，1%Cr，35%含水：HPM价格：印尼（日）,,未识别,未识别,无,ni_31_nickel_ore_price,ni_31_nickel_ore_price,latin_abbr,,,INDICATORS_V1_KEY,ni_31_nickel_ore_price,1,1,synonym_merge,0.90,,,auto,P3_auto,0
A-03885,ni_31_nickel_ore_price,红土镍矿：1.6%Ni，0.05%Co，20%Fe，1%Cr，35%含水：HPM价格：印尼（日）,,NI,价格,镍矿|镍,红土镍矿：1.6%Ni，0.05%Co，20%Fe，1%Cr，35%含水：HPM价格：印尼（日）,"红土镍矿:1.6%Ni,0.05%Co,20%Fe,1%Cr,35%含水:HPM价格:印尼(日",mixed_script,,,INDICATORS_V1_NAME,ni_31_nickel_ore_price,1,1,synonym_merge,0.90,,,auto,P3_auto,0
A-01180,ni_31_output,中国有色金属工业年鉴：镍精矿：含镍：产量：新疆（年）,,未识别,未识别,无,ni_31_output,ni_31_output,latin_abbr,,,INDICATORS_V1_KEY,ni_31_output,1,1,synonym_merge,0.90,,,auto,P3_auto,0
A-01181,ni_321_capacity_util,精炼镍：产能利用率：中国（月）,百分比,未识别,未识别,无,ni_321_capacity_util,ni_321_capacity_util,latin_abbr,,,INDICATORS_V1_KEY,ni_321_capacity_util,1,1,synonym_merge,0.90,,,auto,P3_auto,0
A-01182,ni_321_output,精炼镍：产量：华南地区（月）,吨,未识别,未识别,无,ni_321_output,ni_321_output,latin_abbr,,,INDICATORS_V1_KEY,ni_321_output,1,1,synonym_merge,0.90,,,auto,P3_auto,0
A-01183,ni_321_output_2,精炼镍：产量：华南地区（月）,吨,未识别,未识别,无,ni_321_output_2,ni_321_output_2,latin_abbr,,,INDICATORS_V1_KEY,ni_321_output_2,1,1,synonym_merge,0.90,,,auto,P3_auto,0
A-01184,ni_321_output_3,精炼镍：产量：华南地区（月）,吨,未识别,未识别,无,ni_321_output_3,ni_321_output_3,latin_abbr,,,INDICATORS_V1_KEY,ni_321_output_3,1,1,synonym_merge,0.90,,,auto,P3_auto,0
A-01185,ni_321_output_4,精炼镍：产量：华南地区（月）,吨,未识别,未识别,无,ni_321_output_4,ni_321_output_4,latin_abbr,,,INDICATORS_V1_KEY,ni_321_output_4,1,1,synonym_merge,0.90,,,auto,P3_auto,0
A-01186,ni_321_output_nickel_powder,高冰镍：以金属量计：产量：印尼：老口径（月）,万吨,未识别,未识别,无,ni_321_output_nickel_powder,ni_321_output_nickel_powder,latin_abbr,,,INDICATORS_V1_KEY,ni_321_output_nickel_powder,1,1,synonym_merge,0.90,,,auto,P3_auto,0
A-04619,ni_321_output_nickel_powder,高冰镍：以金属量计：产量：印尼：老口径（月）,万吨,NI,产量,高冰镍|冰镍|镍,高冰镍：以金属量计：产量：印尼：老口径（月）,高冰镍:以金属量计:产量:印尼:老口径(月,cross_report_synonym,,,INDICATORS_V1_NAME|THS_MATCHED,THS-NI-3.2|THS-NI-3.2.3|ni_321_output_nickel_powder,1,3,synonym_merge,0.90,,,auto,P3_auto,0
A-01187,ni_322_util,镍生铁企业：开工率：以金属量计：印尼（月）,百分比,未识别,未识别,无,ni_322_util,ni_322_util,latin_abbr,,,INDICATORS_V1_KEY,ni_322_util,1,1,synonym_merge,0.90,,,auto,P3_auto,0
A-04520,ni_322_util,镍生铁企业：开工率：以金属量计：印尼（月）,百分比,NI,开工率|开工,镍生铁|镍,镍生铁企业：开工率：以金属量计：印尼（月）,镍生铁企业:开工率:以金属量计:印尼(月,canonical,,,INDICATORS_V1_NAME,ni_322_util,1,1,synonym_merge,0.90,,,auto,P3_auto,0
A-01188,ni_322_util_2,精炼镍：开工率：印尼（月）,百分比,未识别,未识别,无,ni_322_util_2,ni_322_util_2,latin_abbr,,,INDICATORS_V1_KEY,ni_322_util_2,1,1,synonym_merge,0.90,,,auto,P3_auto,0
A-01189,ni_322_util_3,精炼镍：开工率：印尼（月）,百分比,未识别,未识别,无,ni_322_util_3,ni_322_util_3,latin_abbr,,,INDICATORS_V1_KEY,ni_322_util_3,1,1,synonym_merge,0.90,,,auto,P3_auto,0
A-01190,ni_322_util_4,硫酸镍企业：开工率：中国（月）,百分比,未识别,未识别,无,ni_322_util_4,ni_322_util_4,latin_abbr,,,INDICATORS_V1_KEY,ni_322_util_4,1,1,synonym_merge,0.90,,,auto,P3_auto,0
A-01191,ni_322_util_5,硫酸镍企业：开工率：中国（月）,百分比,未识别,未识别,无,ni_322_util_5,ni_322_util_5,latin_abbr,,,INDICATORS_V1_KEY,ni_322_util_5,1,1,synonym_merge,0.90,,,auto,P3_auto,0
A-01192,ni_323_import,冰镍：进口数量：印尼→中国（月）,千克,未识别,未识别,无,ni_323_import,ni_323_import,latin_abbr,,,INDICATORS_V1_KEY,ni_323_import,1,1,synonym_merge,0.90,,,auto,P3_auto,0
A-01193,ni_323_import_2,冰镍：进口数量：印尼→中国（月）,千克,未识别,未识别,无,ni_323_import_2,ni_323_import_2,latin_abbr,,,INDICATORS_V1_KEY,ni_323_import_2,1,1,synonym_merge,0.90,,,auto,P3_auto,0
A-01194,ni_323_import_nickel_powder,镍生铁：进口数量：中国：以金属量计（月）,万吨,未识别,未识别,无,ni_323_import_nickel_powder,ni_323_import_nickel_powder,latin_abbr,,,INDICATORS_V1_KEY,ni_323_import_nickel_powder,1,1,synonym_merge,0.90,,,auto,P3_auto,0
A-01195,ni_323_output_recycle,精炼镍：产量：中国（月）,吨,未识别,未识别,无,ni_323_output_recycle,ni_323_output_recycle,latin_abbr,,,INDICATORS_V1_KEY,ni_323_output_recycle,1,1,synonym_merge,0.90,,,auto,P3_auto,0
A-01196,ni_324_cost,低镍生铁：成本（日）,元/吨,未识别,未识别,无,ni_324_cost,ni_324_cost,latin_abbr,,,INDICATORS_V1_KEY,ni_324_cost,1,1,synonym_merge,0.90,,,auto,P3_auto,0
A-01197,ni_324_cost_2,精炼镍：生产成本：中国：红土镍矿：氢氧化镍加工工艺（日）,元/吨,未识别,未识别,无,ni_324_cost_2,ni_324_cost_2,latin_abbr,,,INDICATORS_V1_KEY,ni_324_cost_2,1,1,synonym_merge,0.90,,,auto,P3_auto,0
A-01198,ni_324_profit,精炼镍：生产利润：中国：红土镍矿：高冰镍加工工艺（日）,元/吨,未识别,未识别,无,ni_324_profit,ni_324_profit,latin_abbr,,,INDICATORS_V1_KEY,ni_324_profit,1,1,synonym_merge,0.90,,,auto,P3_auto,0
A-01199,ni_324_profit_h2so4,精炼镍：生产利润：中国：外采：硫酸镍加工工艺（日）,元/吨,未识别,未识别,无,ni_324_profit_h2so4,ni_324_profit_h2so4,latin_abbr,,,INDICATORS_V1_KEY,ni_324_profit_h2so4,1,1,synonym_merge,0.90,,,auto,P3_auto,0
A-01200,ni_32_demand_h2so4_nickel_powder,硫酸镍：产品生产工序：高冰镍（以金属量计）：需求量：中国（月）,,未识别,未识别,无,ni_32_demand_h2so4_nickel_powder,ni_32_demand_h2so4_nickel_powder,latin_abbr,,,INDICATORS_V1_KEY,ni_32_demand_h2so4_nickel_powder,1,1,synonym_merge,0.90,,,auto,P3_auto,0
A-03707,ni_32_demand_h2so4_nickel_powder,硫酸镍：产品生产工序：高冰镍（以金属量计）：需求量：中国（月）,,ENTITY|NI,需求量|需求,高冰镍|硫酸镍|冰镍|硫酸|镍,硫酸镍：产品生产工序：高冰镍（以金属量计）：需求量：中国（月）,硫酸镍:产品生产工序:高冰镍(以金属量计):需求量:中国(月,cross_report_synonym,,,INDICATORS_V1_NAME|THS_MATCHED,THS-NI-3.2|THS-NI-3.2.1|ni_32_demand_h2so4_nickel_powder,1,3,synonym_merge,0.90,,,auto,P3_auto,0
A-01201,ni_32_demand_recycle_h2so4,硫酸镍：产品生产工序：再生镍废料（以金属量计）：需求量：中国（月）,,未识别,未识别,无,ni_32_demand_recycle_h2so4,ni_32_demand_recycle_h2so4,latin_abbr,,,INDICATORS_V1_KEY,ni_32_demand_recycle_h2so4,1,1,synonym_merge,0.90,,,auto,P3_auto,0
A-03706,ni_32_demand_recycle_h2so4,硫酸镍：产品生产工序：再生镍废料（以金属量计）：需求量：中国（月）,,ENTITY|NI,需求量|需求,硫酸镍|硫酸|镍,硫酸镍：产品生产工序：再生镍废料（以金属量计）：需求量：中国（月）,硫酸镍:产品生产工序:再生镍废料(以金属量计):需求量:中国(月,canonical,,,INDICATORS_V1_NAME,ni_32_demand_recycle_h2so4,1,1,synonym_merge,0.90,,,auto,P3_auto,0
A-01202,ni_32_import_nickel_ferrous,镍铁：印尼产：进口盈亏：中国（日）,,未识别,未识别,无,ni_32_import_nickel_ferrous,ni_32_import_nickel_ferrous,latin_abbr,,,INDICATORS_V1_KEY,ni_32_import_nickel_ferrous,1,1,synonym_merge,0.90,,,auto,P3_auto,0
A-04560,ni_32_import_nickel_ferrous,镍铁：印尼产：进口盈亏：中国（日）,,NI,盈亏,镍铁|镍,镍铁：印尼产：进口盈亏：中国（日）,镍铁:印尼产:进口盈亏:中国(日,canonical,,,INDICATORS_V1_NAME,ni_32_import_nickel_ferrous,1,1,synonym_merge,0.90,,,auto,P3_auto,0
A-01203,ni_32_output_h2so4,硫酸镍：实物量：产量：中国（月）,,未识别,未识别,无,ni_32_output_h2so4,ni_32_output_h2so4,latin_abbr,,,INDICATORS_V1_KEY,ni_32_output_h2so4,1,1,synonym_merge,0.90,,,auto,P3_auto,0
A-03708,ni_32_output_h2so4,硫酸镍：实物量：产量：中国（月）,,ENTITY|NI,产量,硫酸镍|硫酸|镍,硫酸镍：实物量：产量：中国（月）,硫酸镍:实物量:产量:中国(月,canonical,,,INDICATORS_V1_NAME,ni_32_output_h2so4,1,1,synonym_merge,0.90,,,auto,P3_auto,0
A-01204,ni_32_premium,电解镍：Ni≥99.96%：俄罗斯产：现货到岸升贴水：中国（日）,,未识别,未识别,无,ni_32_premium,ni_32_premium,latin_abbr,,,INDICATORS_V1_KEY,ni_32_premium,1,1,synonym_merge,0.90,,,auto,P3_auto,0
A-03636,ni_32_premium,电解镍：Ni≥99.96%：俄罗斯产：现货到岸升贴水：中国（日）,,NI,升贴水|贴水,电解镍|镍,电解镍：Ni≥99.96%：俄罗斯产：现货到岸升贴水：中国（日）,电解镍:Ni≥99.96%:俄罗斯产:现货到岸升贴水:中国(日,cross_report_synonym,,,INDICATORS_V1_NAME|THS_MATCHED,THS-NI-4.1|ni_32_premium,1,2,synonym_merge,0.90,,,auto,P3_auto,0
A-01205,ni_41_import,镍豆：进口盈亏（日）,元/吨,未识别,未识别,无,ni_41_import,ni_41_import,latin_abbr,,,INDICATORS_V1_KEY,ni_41_import,1,1,synonym_merge,0.90,,,auto,P3_auto,0
A-01206,ni_41_import_nickel_powder,冰镍：进口数量：浙江（月）,,未识别,未识别,无,ni_41_import_nickel_powder,ni_41_import_nickel_powder,latin_abbr,,,INDICATORS_V1_KEY,ni_41_import_nickel_powder,1,1,synonym_merge,0.90,,,auto,P3_auto,0
A-02505,ni_41_import_nickel_powder,冰镍：进口数量：浙江（月）,,NI,未识别,冰镍|镍,冰镍：进口数量：浙江（月）,冰镍:进口数量:浙江(月,canonical,,,INDICATORS_V1_NAME,ni_41_import_nickel_powder,1,1,synonym_merge,0.90,,,auto,P3_auto,0
A-01207,ni_41_lme_inv,LME：镍：期货库存：迪拜（日）,吨,未识别,未识别,无,ni_41_lme_inv,ni_41_lme_inv,latin_abbr,,,INDICATORS_V1_KEY,ni_41_lme_inv,1,1,synonym_merge,0.90,,,auto,P3_auto,0
A-01208,ni_42_lme_warrant,LME：镍：注销仓单（日）,,未识别,未识别,无,ni_42_lme_warrant,ni_42_lme_warrant,latin_abbr,,,INDICATORS_V1_KEY,ni_42_lme_warrant,1,1,synonym_merge,0.90,,,auto,P3_auto,0
A-01209,ni_42_premium,电解镍：Ni≥99.99%：日本产：现货升贴水：中国：保税区（日）,,未识别,未识别,无,ni_42_premium,ni_42_premium,latin_abbr,,,INDICATORS_V1_KEY,ni_42_premium,1,1,synonym_merge,0.90,,,auto,P3_auto,0
A-03639,ni_42_premium,电解镍：Ni≥99.99%：日本产：现货升贴水：中国：保税区（日）,,NI,升贴水|贴水,电解镍|镍,电解镍：Ni≥99.99%：日本产：现货升贴水：中国：保税区（日）,电解镍:Ni≥99.99%:日本产:现货升贴水:中国:保税区(日,mixed_script,,,INDICATORS_V1_NAME,ni_42_premium,1,1,synonym_merge,0.90,,,auto,P3_auto,0
A-01210,ni_42_ratio,LME：镍：注销占比：香港（日）,百分比,未识别,未识别,无,ni_42_ratio,ni_42_ratio,latin_abbr,,,INDICATORS_V1_KEY,ni_42_ratio,1,1,synonym_merge,0.90,,,auto,P3_auto,0
A-01211,ni_43_inv,精炼镍：库存：中国：27家样本仓库（周）,吨,未识别,未识别,无,ni_43_inv,ni_43_inv,latin_abbr,,,INDICATORS_V1_KEY,ni_43_inv,1,1,synonym_merge,0.90,,,auto,P3_auto,0
A-01212,ni_43_inv_2,LME：镍：原产国库存：埃及（月）,吨,未识别,未识别,无,ni_43_inv_2,ni_43_inv_2,latin_abbr,,,INDICATORS_V1_KEY,ni_43_inv_2,1,1,synonym_merge,0.90,,,auto,P3_auto,0
A-01213,ni_43_inv_3,LME：镍：原产国库存：埃及（月）,吨,未识别,未识别,无,ni_43_inv_3,ni_43_inv_3,latin_abbr,,,INDICATORS_V1_KEY,ni_43_inv_3,1,1,synonym_merge,0.90,,,auto,P3_auto,0
A-01214,ni_43_inv_4,精炼镍：库存：中国：27家样本仓库（周）,吨,未识别,未识别,无,ni_43_inv_4,ni_43_inv_4,latin_abbr,,,INDICATORS_V1_KEY,ni_43_inv_4,1,1,synonym_merge,0.90,,,auto,P3_auto,0
A-01215,ni_43_inv_implicit,精炼镍：库存：中国：27家样本仓库（周）,吨,未识别,未识别,无,ni_43_inv_implicit,ni_43_inv_implicit,latin_abbr,,,INDICATORS_V1_KEY,ni_43_inv_implicit,1,1,synonym_merge,0.90,,,auto,P3_auto,0
A-01216,ni_43_inv_percentile,LME：镍：原产国库存：埃及（月）,吨,未识别,未识别,无,ni_43_inv_percentile,ni_43_inv_percentile,latin_abbr,,,INDICATORS_V1_KEY,ni_43_inv_percentile,1,1,synonym_merge,0.90,,,auto,P3_auto,0
A-01217,ni_44_inv,镍豆：库存：中国：27家样本仓库（周）,吨,未识别,未识别,无,ni_44_inv,ni_44_inv,latin_abbr,,,INDICATORS_V1_KEY,ni_44_inv,1,1,synonym_merge,0.90,,,auto,P3_auto,0
A-04552,ni_44_inv,镍豆：库存：中国：27家样本仓库（周）,吨,NI,库存,镍豆|镍,镍豆：库存：中国：27家样本仓库（周）,镍豆:库存:中国:27家样本仓库(周,canonical,,,INDICATORS_V1_NAME,ni_44_inv,1,1,synonym_merge,0.90,,,auto,P3_auto,0
A-01218,ni_44_inv_2,精炼镍：库存：中国：27家样本仓库（周）,吨,未识别,未识别,无,ni_44_inv_2,ni_44_inv_2,latin_abbr,,,INDICATORS_V1_KEY,ni_44_inv_2,1,1,synonym_merge,0.90,,,auto,P3_auto,0
A-01219,ni_44_inv_3,精炼镍：库存：中国：27家样本仓库（周）,吨,未识别,未识别,无,ni_44_inv_3,ni_44_inv_3,latin_abbr,,,INDICATORS_V1_KEY,ni_44_inv_3,1,1,synonym_merge,0.90,,,auto,P3_auto,0
A-01220,ni_44_inv_4,精炼镍：库存：中国：27家样本仓库（周）,吨,未识别,未识别,无,ni_44_inv_4,ni_44_inv_4,latin_abbr,,,INDICATORS_V1_KEY,ni_44_inv_4,1,1,synonym_merge,0.90,,,auto,P3_auto,0
A-01221,ni_44_inv_5,精炼镍：库存：中国：27家样本仓库（周）,吨,未识别,未识别,无,ni_44_inv_5,ni_44_inv_5,latin_abbr,,,INDICATORS_V1_KEY,ni_44_inv_5,1,1,synonym_merge,0.90,,,auto,P3_auto,0
A-01222,ni_44_inv_6,精炼镍：库存：中国：27家样本仓库（周）,吨,未识别,未识别,无,ni_44_inv_6,ni_44_inv_6,latin_abbr,,,INDICATORS_V1_KEY,ni_44_inv_6,1,1,synonym_merge,0.90,,,auto,P3_auto,0
A-01223,ni_44_inv_days,精炼镍：库存：中国：27家样本仓库（周）,吨,未识别,未识别,无,ni_44_inv_days,ni_44_inv_days,latin_abbr,,,INDICATORS_V1_KEY,ni_44_inv_days,1,1,synonym_merge,0.90,,,auto,P3_auto,0
A-01224,ni_44_inv_percentile,精炼镍：库存：中国：27家样本仓库（周）,吨,未识别,未识别,无,ni_44_inv_percentile,ni_44_inv_percentile,latin_abbr,,,INDICATORS_V1_KEY,ni_44_inv_percentile,1,1,synonym_merge,0.90,,,auto,P3_auto,0
A-01225,ni_45_import,冰镍：进口数量合计：中国（月）,千克,未识别,未识别,无,ni_45_import,ni_45_import,latin_abbr,,,INDICATORS_V1_KEY,ni_45_import,1,1,synonym_merge,0.90,,,auto,P3_auto,0
A-01226,ni_45_import_2,冰镍：进口数量：印尼→中国（月）,千克,未识别,未识别,无,ni_45_import_2,ni_45_import_2,latin_abbr,,,INDICATORS_V1_KEY,ni_45_import_2,1,1,synonym_merge,0.90,,,auto,P3_auto,0
A-01227,ni_45_import_3,冰镍：进口数量合计：中国（月）,千克,未识别,未识别,无,ni_45_import_3,ni_45_import_3,latin_abbr,,,INDICATORS_V1_KEY,ni_45_import_3,1,1,synonym_merge,0.90,,,auto,P3_auto,0
A-01228,ni_45_import_4,冰镍：进口数量合计：中国（月）,千克,未识别,未识别,无,ni_45_import_4,ni_45_import_4,latin_abbr,,,INDICATORS_V1_KEY,ni_45_import_4,1,1,synonym_merge,0.90,,,auto,P3_auto,0
A-01229,ni_45_inv,精炼镍：库存：中国：27家样本仓库（周）,吨,未识别,未识别,无,ni_45_inv,ni_45_inv,latin_abbr,,,INDICATORS_V1_KEY,ni_45_inv,1,1,synonym_merge,0.90,,,auto,P3_auto,0
A-01230,ni_45_inv_implicit,精炼镍：库存：中国：27家样本仓库（周）,吨,未识别,未识别,无,ni_45_inv_implicit,ni_45_inv_implicit,latin_abbr,,,INDICATORS_V1_KEY,ni_45_inv_implicit,1,1,synonym_merge,0.90,,,auto,P3_auto,0
A-01231,ni_45_inv_implicit_2,精炼镍：库存：中国：27家样本仓库（周）,吨,未识别,未识别,无,ni_45_inv_implicit_2,ni_45_inv_implicit_2,latin_abbr,,,INDICATORS_V1_KEY,ni_45_inv_implicit_2,1,1,synonym_merge,0.90,,,auto,P3_auto,0
A-01232,ni_45_inv_implicit_3,精炼镍：库存：中国：27家样本仓库（周）,吨,未识别,未识别,无,ni_45_inv_implicit_3,ni_45_inv_implicit_3,latin_abbr,,,INDICATORS_V1_KEY,ni_45_inv_implicit_3,1,1,synonym_merge,0.90,,,auto,P3_auto,0
A-01233,ni_45_inv_implicit_percentile,精炼镍：库存：中国：27家样本仓库（周）,吨,未识别,未识别,无,ni_45_inv_implicit_percentile,ni_45_inv_implicit_percentile,latin_abbr,,,INDICATORS_V1_KEY,ni_45_inv_implicit_percentile,1,1,synonym_merge,0.90,,,auto,P3_auto,0
A-01234,ni_45_inv_implicit_ratio,精炼镍：库存：中国：27家样本仓库（周）,吨,未识别,未识别,无,ni_45_inv_implicit_ratio,ni_45_inv_implicit_ratio,latin_abbr,,,INDICATORS_V1_KEY,ni_45_inv_implicit_ratio,1,1,synonym_merge,0.90,,,auto,P3_auto,0
A-01235,ni_45_output,精炼镍：产量：东北地区（月）,,未识别,未识别,无,ni_45_output,ni_45_output,latin_abbr,,,INDICATORS_V1_KEY,ni_45_output,1,1,synonym_merge,0.90,,,auto,P3_auto,0
A-00234,ni_45_output_2,MHP：以金属量计：产量：印尼（月）,,未识别,产量,无,MHP：以金属量计：产量：印尼（月）,MHP:以金属量计:产量:印尼(月,mixed_script,,,INDICATORS_V1_NAME,ni_45_output_2,1,1,synonym_merge,0.90,,,auto,P3_auto,0
A-01236,ni_45_output_2,MHP：以金属量计：产量：印尼（月）,,未识别,未识别,无,ni_45_output_2,ni_45_output_2,latin_abbr,,,INDICATORS_V1_KEY,ni_45_output_2,1,1,synonym_merge,0.90,,,auto,P3_auto,0
A-01237,ni_51_util,精炼镍：开工率：中国（月）,百分比,未识别,未识别,无,ni_51_util,ni_51_util,latin_abbr,,,INDICATORS_V1_KEY,ni_51_util,1,1,synonym_merge,0.90,,,auto,P3_auto,0
A-01238,ni_51_util_battery,精炼镍：开工率：中国（月）,百分比,未识别,未识别,无,ni_51_util_battery,ni_51_util_battery,latin_abbr,,,INDICATORS_V1_KEY,ni_51_util_battery,1,1,synonym_merge,0.90,,,auto,P3_auto,0
A-01239,ni_51_util_cons,精炼镍：开工率：中国（月）,百分比,未识别,未识别,无,ni_51_util_cons,ni_51_util_cons,latin_abbr,,,INDICATORS_V1_KEY,ni_51_util_cons,1,1,synonym_merge,0.90,,,auto,P3_auto,0
A-01240,ni_52_cons_steel,不锈钢：表观消费量：中国（月）,,未识别,未识别,无,ni_52_cons_steel,ni_52_cons_steel,latin_abbr,,,INDICATORS_V1_KEY,ni_52_cons_steel,1,1,synonym_merge,0.90,,,auto,P3_auto,0
A-02265,ni_52_cons_steel,不锈钢：表观消费量：中国（月）,,NI,表观消费|消费量|消费,不锈钢,不锈钢：表观消费量：中国（月）,不锈钢:表观消费量:中国(月,cross_report_synonym,,,INDICATORS_V1_NAME|THS_MATCHED,THS-NI-5.2|ni_52_cons_steel,1,2,synonym_merge,0.90,,,auto,P3_auto,0
A-01241,ni_52_output,精炼镍：产量：中国（月）,吨,未识别,未识别,无,ni_52_output,ni_52_output,latin_abbr,,,INDICATORS_V1_KEY,ni_52_output,1,1,synonym_merge,0.90,,,auto,P3_auto,0
A-01242,ni_52_output_2,精炼镍：产量：中国（月）,吨,未识别,未识别,无,ni_52_output_2,ni_52_output_2,latin_abbr,,,INDICATORS_V1_KEY,ni_52_output_2,1,1,synonym_merge,0.90,,,auto,P3_auto,0
A-01243,ni_52_plan_steel,冷轧不锈钢：300：排产：中国（月）,,未识别,未识别,无,ni_52_plan_steel,ni_52_plan_steel,latin_abbr,,,INDICATORS_V1_KEY,ni_52_plan_steel,1,1,synonym_merge,0.90,,,auto,P3_auto,0
A-02518,ni_52_plan_steel,冷轧不锈钢：300：排产：中国（月）,,NI,未识别,不锈钢,冷轧不锈钢：300：排产：中国（月）,冷轧不锈钢:300:排产:中国(月,numeric_code,,,INDICATORS_V1_NAME,ni_52_plan_steel,1,1,synonym_merge,0.90,,,auto,P3_auto,0
A-01244,ni_53_import,冰镍：进口数量：印尼→中国（月）,千克,未识别,未识别,无,ni_53_import,ni_53_import,latin_abbr,,,INDICATORS_V1_KEY,ni_53_import,1,1,synonym_merge,0.90,,,auto,P3_auto,0
A-01245,ni_53_util,精炼镍：开工率：中国（月）,百分比,未识别,未识别,无,ni_53_util,ni_53_util,latin_abbr,,,INDICATORS_V1_KEY,ni_53_util,1,1,synonym_merge,0.90,,,auto,P3_auto,0
A-01246,ni_61_import,镍生铁：进口数量：中国：以金属量计（月）,万吨,未识别,未识别,无,ni_61_import,ni_61_import,latin_abbr,,,INDICATORS_V1_KEY,ni_61_import,1,1,synonym_merge,0.90,,,auto,P3_auto,0
A-01247,ni_61_import_2,镍铁：哥伦比亚产：进口盈亏：中国（日）,元/吨,未识别,未识别,无,ni_61_import_2,ni_61_import_2,latin_abbr,,,INDICATORS_V1_KEY,ni_61_import_2,1,1,synonym_merge,0.90,,,auto,P3_auto,0
A-01248,ni_61_import_3,镍豆：进口盈亏（日）,元/吨,未识别,未识别,无,ni_61_import_3,ni_61_import_3,latin_abbr,,,INDICATORS_V1_KEY,ni_61_import_3,1,1,synonym_merge,0.90,,,auto,P3_auto,0
A-01249,ni_61_import_4,中国海关: 镍矿进口量: 总: 月度,,未识别,未识别,无,ni_61_import_4,ni_61_import_4,latin_abbr,,,INDICATORS_V1_KEY,ni_61_import_4,1,1,synonym_merge,0.90,,,auto,P3_auto,0
A-01250,ni_61_import_5,冰镍：进口数量：印尼→中国（月）,千克,未识别,未识别,无,ni_61_import_5,ni_61_import_5,latin_abbr,,,INDICATORS_V1_KEY,ni_61_import_5,1,1,synonym_merge,0.90,,,auto,P3_auto,0
A-01251,ni_61_import_6,冰镍：进口数量：印尼→中国（月）,千克,未识别,未识别,无,ni_61_import_6,ni_61_import_6,latin_abbr,,,INDICATORS_V1_KEY,ni_61_import_6,1,1,synonym_merge,0.90,,,auto,P3_auto,0
A-01252,ni_61_import_nickel_ore,镍矿：进口数量：印尼→中国（月）,吨,未识别,未识别,无,ni_61_import_nickel_ore,ni_61_import_nickel_ore,latin_abbr,,,INDICATORS_V1_KEY,ni_61_import_nickel_ore,1,1,synonym_merge,0.90,,,auto,P3_auto,0
A-01253,ni_61_import_nickel_ore_2,镍铁：哥伦比亚产：进口盈亏：中国（日）,元/吨,未识别,未识别,无,ni_61_import_nickel_ore_2,ni_61_import_nickel_ore_2,latin_abbr,,,INDICATORS_V1_KEY,ni_61_import_nickel_ore_2,1,1,synonym_merge,0.90,,,auto,P3_auto,0
A-01254,ni_61_import_nickel_ore_3,镍矿：进口数量：印尼→中国（月）,吨,未识别,未识别,无,ni_61_import_nickel_ore_3,ni_61_import_nickel_ore_3,latin_abbr,,,INDICATORS_V1_KEY,ni_61_import_nickel_ore_3,1,1,synonym_merge,0.90,,,auto,P3_auto,0
A-01255,ni_61_import_nickel_ore_4,镍生铁：进口数量：中国：以金属量计（月）,万吨,未识别,未识别,无,ni_61_import_nickel_ore_4,ni_61_import_nickel_ore_4,latin_abbr,,,INDICATORS_V1_KEY,ni_61_import_nickel_ore_4,1,1,synonym_merge,0.90,,,auto,P3_auto,0
A-01256,ni_61_import_nickel_ore_5,镍矿：进口数量：新喀里多尼亚→中国（月）,吨,未识别,未识别,无,ni_61_import_nickel_ore_5,ni_61_import_nickel_ore_5,latin_abbr,,,INDICATORS_V1_KEY,ni_61_import_nickel_ore_5,1,1,synonym_merge,0.90,,,auto,P3_auto,0
A-01257,ni_61_import_nickel_powder,镍铁：哥伦比亚产：进口盈亏：中国（日）,元/吨,未识别,未识别,无,ni_61_import_nickel_powder,ni_61_import_nickel_powder,latin_abbr,,,INDICATORS_V1_KEY,ni_61_import_nickel_powder,1,1,synonym_merge,0.90,,,auto,P3_auto,0
A-01258,ni_62_import,镍豆：进口盈亏（日）,元/吨,未识别,未识别,无,ni_62_import,ni_62_import,latin_abbr,,,INDICATORS_V1_KEY,ni_62_import,1,1,synonym_merge,0.90,,,auto,P3_auto,0
A-01259,ni_62_import_2,镍矿：进口数量：新喀里多尼亚→中国（月）,吨,未识别,未识别,无,ni_62_import_2,ni_62_import_2,latin_abbr,,,INDICATORS_V1_KEY,ni_62_import_2,1,1,synonym_merge,0.90,,,auto,P3_auto,0
A-01260,ni_62_import_3,未锻轧非合金镍：镍钴总量≥99.99%，钴≤0.005%：进口数量：北京（月）,千克,未识别,未识别,无,ni_62_import_3,ni_62_import_3,latin_abbr,,,INDICATORS_V1_KEY,ni_62_import_3,1,1,synonym_merge,0.90,,,auto,P3_auto,0
A-03269,ni_62_import_3,未锻轧非合金镍：镍钴总量≥99.99%，钴≤0.005%：进口数量：北京（月）,千克,NI,未识别,镍,未锻轧非合金镍：镍钴总量≥99.99%，钴≤0.005%：进口数量：北京（月）,"未锻轧非合金镍:镍钴总量≥99.99%,钴≤0.005%:进口数量:北京(月",numeric_code,,,INDICATORS_V1_NAME,ni_62_import_3,1,1,synonym_merge,0.90,,,auto,P3_auto,0
A-01261,ni_62_price,电解镍：1#：汇总价格：上海（日）,,未识别,未识别,无,ni_62_price,ni_62_price,latin_abbr,,,INDICATORS_V1_KEY,ni_62_price,1,1,synonym_merge,0.90,,,auto,P3_auto,0
A-03634,ni_62_price,电解镍：1#：汇总价格：上海（日）,,NI,价格,电解镍|镍,电解镍：1#：汇总价格：上海（日）,电解镍:1#:汇总价格:上海(日,cross_report_synonym,,,INDICATORS_V1_NAME|THS_MATCHED,THS-NI-2.2|THS-NI-2.4|THS-NI-3.2.4|ni_62_price,1,6,synonym_merge,0.90,,,auto,P3_auto,0
A-01262,ni_63_export,未锻轧非合金镍：出口金额合计：中国（月）,美元,未识别,未识别,无,ni_63_export,ni_63_export,latin_abbr,,,INDICATORS_V1_KEY,ni_63_export,1,1,synonym_merge,0.90,,,auto,P3_auto,0
A-03268,ni_63_export,未锻轧非合金镍：出口金额合计：中国（月）,美元,NI,未识别,镍,未锻轧非合金镍：出口金额合计：中国（月）,未锻轧非合金镍:出口金额合计:中国(月,canonical,,,INDICATORS_V1_NAME,ni_63_export,1,1,synonym_merge,0.90,,,auto,P3_auto,0
A-01263,ni_63_export_2,中国海关: 电解镍出口量: 月度,,未识别,未识别,无,ni_63_export_2,ni_63_export_2,latin_abbr,,,INDICATORS_V1_KEY,ni_63_export_2,1,1,synonym_merge,0.90,,,auto,P3_auto,0
A-01264,ni_63_export_3,镍矿石：出口数量：菲律宾→印尼（月）,千克,未识别,未识别,无,ni_63_export_3,ni_63_export_3,latin_abbr,,,INDICATORS_V1_KEY,ni_63_export_3,1,1,synonym_merge,0.90,,,auto,P3_auto,0
A-01265,ni_63_export_4,镍矿石：出口数量：菲律宾→印尼（月）,千克,未识别,未识别,无,ni_63_export_4,ni_63_export_4,latin_abbr,,,INDICATORS_V1_KEY,ni_63_export_4,1,1,synonym_merge,0.90,,,auto,P3_auto,0
A-01266,ni_63_export_steel,不锈钢：出口金额：辽宁（月）,,未识别,未识别,无,ni_63_export_steel,ni_63_export_steel,latin_abbr,,,INDICATORS_V1_KEY,ni_63_export_steel,1,1,synonym_merge,0.90,,,auto,P3_auto,0
A-02264,ni_63_export_steel,不锈钢：出口金额：辽宁（月）,,NI,未识别,不锈钢,不锈钢：出口金额：辽宁（月）,不锈钢:出口金额:辽宁(月,canonical,,,INDICATORS_V1_NAME,ni_63_export_steel,1,1,synonym_merge,0.90,,,auto,P3_auto,0
A-01267,ni_63_inv_steel,不锈钢：78家样本企业：库存：中国（周）,,未识别,未识别,无,ni_63_inv_steel,ni_63_inv_steel,latin_abbr,,,INDICATORS_V1_KEY,ni_63_inv_steel,1,1,synonym_merge,0.90,,,auto,P3_auto,0
A-02263,ni_63_inv_steel,不锈钢：78家样本企业：库存：中国（周）,,NI,库存,不锈钢,不锈钢：78家样本企业：库存：中国（周）,不锈钢:78家样本企业:库存:中国(周,canonical,,,INDICATORS_V1_NAME,ni_63_inv_steel,1,1,synonym_merge,0.90,,,auto,P3_auto,0
A-01268,ni_71_cost,精炼镍：生产成本：中国：外采：高冰镍加工工艺（日）,元/吨,未识别,未识别,无,ni_71_cost,ni_71_cost,latin_abbr,,,INDICATORS_V1_KEY,ni_71_cost,1,1,synonym_merge,0.90,,,auto,P3_auto,0
A-01269,ni_71_cost_2,精炼镍：生产成本：中国：红土镍矿：高冰镍加工工艺（日）,元/吨,未识别,未识别,无,ni_71_cost_2,ni_71_cost_2,latin_abbr,,,INDICATORS_V1_KEY,ni_71_cost_2,1,1,synonym_merge,0.90,,,auto,P3_auto,0
A-01270,ni_71_cost_3,精炼镍：生产成本：中国：外采：高冰镍加工工艺（日）,元/吨,未识别,未识别,无,ni_71_cost_3,ni_71_cost_3,latin_abbr,,,INDICATORS_V1_KEY,ni_71_cost_3,1,1,synonym_merge,0.90,,,auto,P3_auto,0
A-01271,ni_71_cost_4,精炼镍：生产成本：中国：外采：高冰镍加工工艺（日）,元/吨,未识别,未识别,无,ni_71_cost_4,ni_71_cost_4,latin_abbr,,,INDICATORS_V1_KEY,ni_71_cost_4,1,1,synonym_merge,0.90,,,auto,P3_auto,0
A-01272,ni_71_cost_5,精炼镍：生产成本：中国：红土镍矿：高冰镍加工工艺（日）,元/吨,未识别,未识别,无,ni_71_cost_5,ni_71_cost_5,latin_abbr,,,INDICATORS_V1_KEY,ni_71_cost_5,1,1,synonym_merge,0.90,,,auto,P3_auto,0
A-01273,ni_71_cost_6,镍生铁：RKEF工艺：现金成本：科纳韦：美元计（日）,,未识别,未识别,无,ni_71_cost_6,ni_71_cost_6,latin_abbr,,,INDICATORS_V1_KEY,ni_71_cost_6,1,1,synonym_merge,0.90,,,auto,P3_auto,0
A-04513,ni_71_cost_6,镍生铁：RKEF工艺：现金成本：科纳韦：美元计（日）,,NI,成本,镍生铁|镍,镍生铁：RKEF工艺：现金成本：科纳韦：美元计（日）,镍生铁:RKEF工艺:现金成本:科纳韦:美元计(日,mixed_script,,,INDICATORS_V1_NAME,ni_71_cost_6,1,1,synonym_merge,0.90,,,auto,P3_auto,0
A-01274,ni_71_cost_h2so4,硫酸镍：生产成本：中国：氢氧化镍加工工艺（日）,,未识别,未识别,无,ni_71_cost_h2so4,ni_71_cost_h2so4,latin_abbr,,,INDICATORS_V1_KEY,ni_71_cost_h2so4,1,1,synonym_merge,0.90,,,auto,P3_auto,0
A-03709,ni_71_cost_h2so4,硫酸镍：生产成本：中国：氢氧化镍加工工艺（日）,,ENTITY|NI,生产成本|成本,硫酸镍|硫酸|镍,硫酸镍：生产成本：中国：氢氧化镍加工工艺（日）,硫酸镍:生产成本:中国:氢氧化镍加工工艺(日,canonical,,,INDICATORS_V1_NAME,ni_71_cost_h2so4,1,1,synonym_merge,0.90,,,auto,P3_auto,0
A-00285,ni_71_cost_nickel_ore,Ramu镍钴矿：镍：实际现金成本：镍28公司（季）,美元/磅,NI,成本,镍,Ramu镍钴矿：镍：实际现金成本：镍28公司（季）,Ramu镍钴矿:镍:实际现金成本:镍28公司(季,cross_report_synonym,,,INDICATORS_V1_NAME|THS_MATCHED,THS-NI-7.1|THS-NI-7.2|THS-NI-7.3|ni_71_cost_nickel_ore,1,4,synonym_merge,0.90,,,auto,P3_auto,0
A-01275,ni_71_cost_nickel_ore,Ramu镍钴矿：镍：实际现金成本：镍28公司（季）,美元/磅,未识别,未识别,无,ni_71_cost_nickel_ore,ni_71_cost_nickel_ore,latin_abbr,,,INDICATORS_V1_KEY,ni_71_cost_nickel_ore,1,1,synonym_merge,0.90,,,auto,P3_auto,0
A-01276,ni_71_cost_nickel_powder,精炼镍：生产成本：中国：外采：高冰镍加工工艺（日）,元/吨,未识别,未识别,无,ni_71_cost_nickel_powder,ni_71_cost_nickel_powder,latin_abbr,,,INDICATORS_V1_KEY,ni_71_cost_nickel_powder,1,1,synonym_merge,0.90,,,auto,P3_auto,0
A-01277,ni_71_cost_percentile,精炼镍：生产成本：中国：红土镍矿：高冰镍加工工艺（日）,元/吨,未识别,未识别,无,ni_71_cost_percentile,ni_71_cost_percentile,latin_abbr,,,INDICATORS_V1_KEY,ni_71_cost_percentile,1,1,synonym_merge,0.90,,,auto,P3_auto,0
A-01278,ni_72_h2so4,硫酸镍：电池级：晶体：Ni≥22.2%，磁性异物≤100PPb：市场价：中国（日）,,未识别,未识别,无,ni_72_h2so4,ni_72_h2so4,latin_abbr,,,INDICATORS_V1_KEY,ni_72_h2so4,1,1,synonym_merge,0.90,,,auto,P3_auto,0
A-03711,ni_72_h2so4,硫酸镍：电池级：晶体：Ni≥22.2%，磁性异物≤100PPb：市场价：中国（日）,,ENTITY|NI,未识别,硫酸镍|硫酸|镍,硫酸镍：电池级：晶体：Ni≥22.2%，磁性异物≤100PPb：市场价：中国（日）,"硫酸镍:电池级:晶体:Ni≥22.2%,磁性异物≤100PPb:市场价:中国(日",mixed_script,,,INDICATORS_V1_NAME,ni_72_h2so4,1,1,synonym_merge,0.90,,,auto,P3_auto,0
A-01279,ni_72_profit,冷轧不锈钢：外购低镍铁：201/J1：利润：中国（日）,元/吨,未识别,未识别,无,ni_72_profit,ni_72_profit,latin_abbr,,,INDICATORS_V1_KEY,ni_72_profit,1,1,synonym_merge,0.90,,,auto,P3_auto,0
A-01280,ni_72_profit_2,精炼镍：生产利润：中国：外采：硫酸镍加工工艺（日）,元/吨,未识别,未识别,无,ni_72_profit_2,ni_72_profit_2,latin_abbr,,,INDICATORS_V1_KEY,ni_72_profit_2,1,1,synonym_merge,0.90,,,auto,P3_auto,0
A-01281,ni_72_profit_3,冷轧不锈钢：外购低镍铁：201/J1：利润：中国（日）,元/吨,未识别,未识别,无,ni_72_profit_3,ni_72_profit_3,latin_abbr,,,INDICATORS_V1_KEY,ni_72_profit_3,1,1,synonym_merge,0.90,,,auto,P3_auto,0
A-01282,ni_72_profit_4,冷轧不锈钢：外购低镍铁：201/J1：利润：中国（日）,元/吨,未识别,未识别,无,ni_72_profit_4,ni_72_profit_4,latin_abbr,,,INDICATORS_V1_KEY,ni_72_profit_4,1,1,synonym_merge,0.90,,,auto,P3_auto,0
A-01283,ni_72_profit_5,冷轧不锈钢：外购低镍铁：201/J1：利润：中国（日）,元/吨,未识别,未识别,无,ni_72_profit_5,ni_72_profit_5,latin_abbr,,,INDICATORS_V1_KEY,ni_72_profit_5,1,1,synonym_merge,0.90,,,auto,P3_auto,0
A-01284,ni_72_profit_nickel_powder,精炼镍：生产利润：中国：红土镍矿：高冰镍加工工艺（日）,元/吨,未识别,未识别,无,ni_72_profit_nickel_powder,ni_72_profit_nickel_powder,latin_abbr,,,INDICATORS_V1_KEY,ni_72_profit_nickel_powder,1,1,synonym_merge,0.90,,,auto,P3_auto,0
A-01285,ni_72_profit_percentile,冷轧不锈钢：外购低镍铁：201/J1：利润：中国（日）,元/吨,未识别,未识别,无,ni_72_profit_percentile,ni_72_profit_percentile,latin_abbr,,,INDICATORS_V1_KEY,ni_72_profit_percentile,1,1,synonym_merge,0.90,,,auto,P3_auto,0
A-01286,ni_72_profit_steel,冷轧不锈钢：热送一体化：201/J1：利润：中国（日）,,未识别,未识别,无,ni_72_profit_steel,ni_72_profit_steel,latin_abbr,,,INDICATORS_V1_KEY,ni_72_profit_steel,1,1,synonym_merge,0.90,,,auto,P3_auto,0
A-02521,ni_72_profit_steel,冷轧不锈钢：热送一体化：201/J1：利润：中国（日）,,NI,利润,不锈钢,冷轧不锈钢：热送一体化：201/J1：利润：中国（日）,冷轧不锈钢:热送一体化:201/J1:利润:中国(日,mixed_script,,,INDICATORS_V1_NAME,ni_72_profit_steel,1,1,synonym_merge,0.90,,,auto,P3_auto,0
A-01287,ni_73_cost,低镍生铁：成本（日）,元/吨,未识别,未识别,无,ni_73_cost,ni_73_cost,latin_abbr,,,INDICATORS_V1_KEY,ni_73_cost,1,1,synonym_merge,0.90,,,auto,P3_auto,0
A-01288,ni_73_cost_2,精炼镍：生产成本：中国：红土镍矿：氢氧化镍加工工艺（日）,元/吨,未识别,未识别,无,ni_73_cost_2,ni_73_cost_2,latin_abbr,,,INDICATORS_V1_KEY,ni_73_cost_2,1,1,synonym_merge,0.90,,,auto,P3_auto,0
A-01289,ni_73_cost_3,精炼镍：生产成本：中国：外采：高冰镍加工工艺（日）,元/吨,未识别,未识别,无,ni_73_cost_3,ni_73_cost_3,latin_abbr,,,INDICATORS_V1_KEY,ni_73_cost_3,1,1,synonym_merge,0.90,,,auto,P3_auto,0
A-01290,ni_73_cost_4,精炼镍：生产成本：中国：外采：高冰镍加工工艺（日）,元/吨,未识别,未识别,无,ni_73_cost_4,ni_73_cost_4,latin_abbr,,,INDICATORS_V1_KEY,ni_73_cost_4,1,1,synonym_merge,0.90,,,auto,P3_auto,0
A-01291,ni_73_inv_nickel_ore,菲律宾镍矿：港口库存：12个港口（周）,,未识别,未识别,无,ni_73_inv_nickel_ore,ni_73_inv_nickel_ore,latin_abbr,,,INDICATORS_V1_KEY,ni_73_inv_nickel_ore,1,1,synonym_merge,0.90,,,auto,P3_auto,0
A-03955,ni_73_inv_nickel_ore,菲律宾镍矿：港口库存：12个港口（周）,,NI,库存,镍矿|镍,菲律宾镍矿：港口库存：12个港口（周）,菲律宾镍矿:港口库存:12个港口(周,canonical,,,INDICATORS_V1_NAME,ni_73_inv_nickel_ore,1,1,synonym_merge,0.90,,,auto,P3_auto,0
A-01292,ni_73_nickel_ore_arrival,镍矿：到港量：菲律宾→中国（日）,,未识别,未识别,无,ni_73_nickel_ore_arrival,ni_73_nickel_ore_arrival,latin_abbr,,,INDICATORS_V1_KEY,ni_73_nickel_ore_arrival,1,1,synonym_merge,0.90,,,auto,P3_auto,0
A-04521,ni_73_nickel_ore_arrival,镍矿：到港量：菲律宾→中国（日）,,NI,到港量,镍矿|镍,镍矿：到港量：菲律宾→中国（日）,镍矿:到港量:菲律宾→中国(日,canonical,,,INDICATORS_V1_NAME,ni_73_nickel_ore_arrival,1,1,synonym_merge,0.90,,,auto,P3_auto,0
A-01293,pb_21_aux,SHFE: 铅: 主力合约: 收盘价: 日度,,未识别,未识别,无,pb_21_aux,pb_21_aux,latin_abbr,,,INDICATORS_V1_KEY,pb_21_aux,1,1,synonym_merge,0.90,,,auto,P3_auto,0
A-01294,pb_21_aux_10,成交量(日),手,未识别,未识别,无,pb_21_aux_10,pb_21_aux_10,latin_abbr,,,INDICATORS_V1_KEY,pb_21_aux_10,1,1,synonym_merge,0.90,,,auto,P3_auto,0
A-03198,pb_21_aux_10,成交量(日),手,LI,成交量,无,成交量(日),成交量(日,cross_report_synonym,,,INDICATORS_V1_NAME|THS_MATCHED,THS-LI-2.6|THS-SN-2.1|THS-ZN-2.6|pb_21_aux_10,1,6,synonym_merge,0.90,,,auto,P3_auto,0
A-01295,pb_21_aux_11,持仓量(日),手,未识别,未识别,无,pb_21_aux_11,pb_21_aux_11,latin_abbr,,,INDICATORS_V1_KEY,pb_21_aux_11,1,1,synonym_merge,0.90,,,auto,P3_auto,0
A-01296,pb_21_aux_12,投资基金(周),手,未识别,未识别,无,pb_21_aux_12,pb_21_aux_12,latin_abbr,,,INDICATORS_V1_KEY,pb_21_aux_12,1,1,synonym_merge,0.90,,,auto,P3_auto,0
A-03200,pb_21_aux_12,投资基金(周),手,未识别,未识别,无,投资基金(周),投资基金(周,canonical,,,INDICATORS_V1_NAME,pb_21_aux_12,1,1,synonym_merge,0.90,,,auto,P3_auto,0
A-00371,pb_21_aux_13,SMM: 1#铅锭-平均价: 月度,,PB,均价,铅锭|铅,SMM: 1#铅锭-平均价: 月度,SMM:1#铅锭-平均价:月度,mixed_script,,,INDICATORS_V1_NAME,pb_21_aux_13,1,1,synonym_merge,0.90,,,auto,P3_auto,0
A-01297,pb_21_aux_13,SMM: 1#铅锭-平均价: 月度,,未识别,未识别,无,pb_21_aux_13,pb_21_aux_13,latin_abbr,,,INDICATORS_V1_KEY,pb_21_aux_13,1,1,synonym_merge,0.90,,,auto,P3_auto,0
A-01298,pb_21_aux_2,SHFE: 铅: 主力合约: 收盘价: 日度,,未识别,未识别,无,pb_21_aux_2,pb_21_aux_2,latin_abbr,,,INDICATORS_V1_KEY,pb_21_aux_2,1,1,synonym_merge,0.90,,,auto,P3_auto,0
A-00296,pb_21_aux_3,SHFE：铅：主力合约：收盘价（日）,,PB,未识别,铅,SHFE：铅：主力合约：收盘价（日）,SHFE:铅:主力合约:收盘价(日,mixed_script,,,INDICATORS_V1_NAME,pb_21_aux_3,1,1,synonym_merge,0.90,,,auto,P3_auto,0
A-01299,pb_21_aux_3,SHFE：铅：主力合约：收盘价（日）,,未识别,未识别,无,pb_21_aux_3,pb_21_aux_3,latin_abbr,,,INDICATORS_V1_KEY,pb_21_aux_3,1,1,synonym_merge,0.90,,,auto,P3_auto,0
A-01300,pb_21_aux_4,SHFE: 铅: 六月合约: 成交量: 日度,,未识别,未识别,无,pb_21_aux_4,pb_21_aux_4,latin_abbr,,,INDICATORS_V1_KEY,pb_21_aux_4,1,1,synonym_merge,0.90,,,auto,P3_auto,0
A-01301,pb_21_aux_5,SHFE：铅：单边交易：成交量（日）,,未识别,未识别,无,pb_21_aux_5,pb_21_aux_5,latin_abbr,,,INDICATORS_V1_KEY,pb_21_aux_5,1,1,synonym_merge,0.90,,,auto,P3_auto,0
A-01302,pb_21_aux_6,SHFE: 铅: 一月合约: 持仓量: 日度,,未识别,未识别,无,pb_21_aux_6,pb_21_aux_6,latin_abbr,,,INDICATORS_V1_KEY,pb_21_aux_6,1,1,synonym_merge,0.90,,,auto,P3_auto,0
A-01303,pb_21_aux_7,SHFE：铅：单边交易：持仓量（日）,,未识别,未识别,无,pb_21_aux_7,pb_21_aux_7,latin_abbr,,,INDICATORS_V1_KEY,pb_21_aux_7,1,1,synonym_merge,0.90,,,auto,P3_auto,0
A-01304,pb_21_aux_8,收盘价(日),美元/吨,未识别,未识别,无,pb_21_aux_8,pb_21_aux_8,latin_abbr,,,INDICATORS_V1_KEY,pb_21_aux_8,1,1,synonym_merge,0.90,,,auto,P3_auto,0
A-03205,pb_21_aux_8,收盘价(日),美元/吨,未识别,未识别,无,收盘价(日),收盘价(日,canonical,,,INDICATORS_V1_NAME,pb_21_aux_8,1,1,synonym_merge,0.90,,,auto,P3_auto,0
A-01305,pb_21_aux_9,基差(日),元/吨,未识别,未识别,无,pb_21_aux_9,pb_21_aux_9,latin_abbr,,,INDICATORS_V1_KEY,pb_21_aux_9,1,1,synonym_merge,0.90,,,auto,P3_auto,0
A-02902,pb_21_aux_9,基差(日),元/吨,未识别,基差,无,基差(日),基差(日,canonical,,,INDICATORS_V1_NAME,pb_21_aux_9,1,1,synonym_merge,0.90,,,auto,P3_auto,0
A-01306,pb_22_aux,铅锭：1#：汇总均价：中国（日）,,未识别,未识别,无,pb_22_aux,pb_22_aux,latin_abbr,,,INDICATORS_V1_KEY,pb_22_aux,1,1,synonym_merge,0.90,,,auto,P3_auto,0
A-04181,pb_22_aux,铅锭：1#：汇总均价：中国（日）,,PB,均价,铅锭|铅,铅锭：1#：汇总均价：中国（日）,铅锭:1#:汇总均价:中国(日,canonical,,,INDICATORS_V1_NAME,pb_22_aux,1,1,synonym_merge,0.90,,,auto,P3_auto,0
A-01307,pb_22_aux_2,铅锭：1#：现货升贴水：上海：驰宏（日）,,未识别,未识别,无,pb_22_aux_2,pb_22_aux_2,latin_abbr,,,INDICATORS_V1_KEY,pb_22_aux_2,1,1,synonym_merge,0.90,,,auto,P3_auto,0
A-04182,pb_22_aux_2,铅锭：1#：现货升贴水：上海：驰宏（日）,,PB,升贴水|贴水,铅锭|铅,铅锭：1#：现货升贴水：上海：驰宏（日）,铅锭:1#:现货升贴水:上海:驰宏(日,canonical,,,INDICATORS_V1_NAME,pb_22_aux_2,1,1,synonym_merge,0.90,,,auto,P3_auto,0
A-01308,pb_22_aux_3,铅锭：国产：1#：≥99.994%：升贴水：广东（日）,,未识别,未识别,无,pb_22_aux_3,pb_22_aux_3,latin_abbr,,,INDICATORS_V1_KEY,pb_22_aux_3,1,1,synonym_merge,0.90,,,auto,P3_auto,0
A-01309,pb_22_aux_4,铅锭：国产：1#：≥99.994%：升贴水：河南（日）,,未识别,未识别,无,pb_22_aux_4,pb_22_aux_4,latin_abbr,,,INDICATORS_V1_KEY,pb_22_aux_4,1,1,synonym_merge,0.90,,,auto,P3_auto,0
A-04186,pb_22_aux_4,铅锭：国产：1#：≥99.994%：升贴水：河南（日）,,PB,升贴水|贴水,铅锭|铅,铅锭：国产：1#：≥99.994%：升贴水：河南（日）,铅锭:国产:1#:≥99.994%:升贴水:河南(日,numeric_code,,,INDICATORS_V1_NAME,pb_22_aux_4,1,1,synonym_merge,0.90,,,auto,P3_auto,0
A-01310,pb_22_aux_5,铅锭：国产：1#：≥99.994%：升贴水：天津（日）,,未识别,未识别,无,pb_22_aux_5,pb_22_aux_5,latin_abbr,,,INDICATORS_V1_KEY,pb_22_aux_5,1,1,synonym_merge,0.90,,,auto,P3_auto,0
A-01311,pb_22_aux_6,南华(日),元/吨,未识别,未识别,无,pb_22_aux_6,pb_22_aux_6,latin_abbr,,,INDICATORS_V1_KEY,pb_22_aux_6,1,1,synonym_merge,0.90,,,auto,P3_auto,0
A-02567,pb_22_aux_6,南华(日),元/吨,未识别,未识别,无,南华(日),南华(日,canonical,,,INDICATORS_V1_NAME,pb_22_aux_6,1,1,synonym_merge,0.90,,,auto,P3_auto,0
A-01312,pb_22_aux_7,注销仓单(日),吨,未识别,未识别,无,pb_22_aux_7,pb_22_aux_7,latin_abbr,,,INDICATORS_V1_KEY,pb_22_aux_7,1,1,synonym_merge,0.90,,,auto,P3_auto,0
A-01313,pb_22_aux_8,注册仓单(日),吨,未识别,未识别,无,pb_22_aux_8,pb_22_aux_8,latin_abbr,,,INDICATORS_V1_KEY,pb_22_aux_8,1,1,synonym_merge,0.90,,,auto,P3_auto,0
A-01314,pb_22_aux_9,收盘价(日)_9,美元/吨,未识别,未识别,无,pb_22_aux_9,pb_22_aux_9,latin_abbr,,,INDICATORS_V1_KEY,pb_22_aux_9,1,1,synonym_merge,0.90,,,auto,P3_auto,0
A-03206,pb_22_aux_9,收盘价(日)_9,美元/吨,未识别,未识别,无,收盘价(日)_9,收盘价(日)_9,canonical,,,INDICATORS_V1_NAME,pb_22_aux_9,1,1,synonym_merge,0.90,,,auto,P3_auto,0
A-01315,pb_22_recycled_pb,再生精铅：Pb≥99.986%：市场价：中国（日）,,未识别,未识别,无,pb_22_recycled_pb,pb_22_recycled_pb,latin_abbr,,,INDICATORS_V1_KEY,pb_22_recycled_pb,1,1,synonym_merge,0.90,,,auto,P3_auto,0
A-02467,pb_22_recycled_pb,再生精铅：Pb≥99.986%：市场价：中国（日）,,PB,未识别,铅,再生精铅：Pb≥99.986%：市场价：中国（日）,再生精铅:Pb≥99.986%:市场价:中国(日,mixed_script,,,INDICATORS_V1_NAME,pb_22_recycled_pb,1,1,synonym_merge,0.90,,,auto,P3_auto,0
A-00382,pb_22_recycled_pb_2,SMM: 再生精铅(安徽)-最低价: 日度,,PB,未识别,铅,SMM: 再生精铅(安徽)-最低价: 日度,SMM:再生精铅(安徽,unit_variant,-最低价:日度,,INDICATORS_V1_NAME,pb_22_recycled_pb_2,1,1,synonym_merge,0.90,,,auto,P3_auto,0
A-01316,pb_22_recycled_pb_2,SMM: 再生精铅(安徽)-最低价: 日度,,未识别,未识别,无,pb_22_recycled_pb_2,pb_22_recycled_pb_2,latin_abbr,,,INDICATORS_V1_KEY,pb_22_recycled_pb_2,1,1,synonym_merge,0.90,,,auto,P3_auto,0
A-00383,pb_22_recycled_pb_3,SMM: 再生精铅(山东)-最低价: 日度,,PB,未识别,铅,SMM: 再生精铅(山东)-最低价: 日度,SMM:再生精铅(山东,unit_variant,-最低价:日度,,INDICATORS_V1_NAME,pb_22_recycled_pb_3,1,1,synonym_merge,0.90,,,auto,P3_auto,0
A-01317,pb_22_recycled_pb_3,SMM: 再生精铅(山东)-最低价: 日度,,未识别,未识别,无,pb_22_recycled_pb_3,pb_22_recycled_pb_3,latin_abbr,,,INDICATORS_V1_KEY,pb_22_recycled_pb_3,1,1,synonym_merge,0.90,,,auto,P3_auto,0
A-00384,pb_22_recycled_pb_4,SMM: 再生精铅(江西)-最低价: 日度,,PB,未识别,铅,SMM: 再生精铅(江西)-最低价: 日度,SMM:再生精铅(江西,unit_variant,-最低价:日度,,INDICATORS_V1_NAME,pb_22_recycled_pb_4,1,1,synonym_merge,0.90,,,auto,P3_auto,0
A-01318,pb_22_recycled_pb_4,SMM: 再生精铅(江西)-最低价: 日度,,未识别,未识别,无,pb_22_recycled_pb_4,pb_22_recycled_pb_4,latin_abbr,,,INDICATORS_V1_KEY,pb_22_recycled_pb_4,1,1,synonym_merge,0.90,,,auto,P3_auto,0
A-01319,pb_22_recycled_pb_5,再生精铅：Pb≥99.986%：市场价：河南（日）,,未识别,未识别,无,pb_22_recycled_pb_5,pb_22_recycled_pb_5,latin_abbr,,,INDICATORS_V1_KEY,pb_22_recycled_pb_5,1,1,synonym_merge,0.90,,,auto,P3_auto,0
A-02470,pb_22_recycled_pb_5,再生精铅：Pb≥99.986%：市场价：河南（日）,,PB,未识别,铅,再生精铅：Pb≥99.986%：市场价：河南（日）,再生精铅:Pb≥99.986%:市场价:河南(日,mixed_script,,,INDICATORS_V1_NAME,pb_22_recycled_pb_5,1,1,synonym_merge,0.90,,,auto,P3_auto,0
A-01320,pb_22_recycled_pb_6,再生精铅：Pb≥99.986%：市场价：广东（日）,,未识别,未识别,无,pb_22_recycled_pb_6,pb_22_recycled_pb_6,latin_abbr,,,INDICATORS_V1_KEY,pb_22_recycled_pb_6,1,1,synonym_merge,0.90,,,auto,P3_auto,0
A-02468,pb_22_recycled_pb_6,再生精铅：Pb≥99.986%：市场价：广东（日）,,PB,未识别,铅,再生精铅：Pb≥99.986%：市场价：广东（日）,再生精铅:Pb≥99.986%:市场价:广东(日,mixed_script,,,INDICATORS_V1_NAME,pb_22_recycled_pb_6,1,1,synonym_merge,0.90,,,auto,P3_auto,0
A-01321,pb_22_recycled_pb_7,再生精铅：Pb≥99.986%：市场价：河北（日）,,未识别,未识别,无,pb_22_recycled_pb_7,pb_22_recycled_pb_7,latin_abbr,,,INDICATORS_V1_KEY,pb_22_recycled_pb_7,1,1,synonym_merge,0.90,,,auto,P3_auto,0
A-02469,pb_22_recycled_pb_7,再生精铅：Pb≥99.986%：市场价：河北（日）,,PB,未识别,铅,再生精铅：Pb≥99.986%：市场价：河北（日）,再生精铅:Pb≥99.986%:市场价:河北(日,mixed_script,,,INDICATORS_V1_NAME,pb_22_recycled_pb_7,1,1,synonym_merge,0.90,,,auto,P3_auto,0
A-00089,pb_23_aux,LME: 铅: 现货价: 日度,,PB,未识别,铅,LME: 铅: 现货价: 日度,LME:铅:现货价:日度,mixed_script,,,INDICATORS_V1_NAME,pb_23_aux,1,1,synonym_merge,0.90,,,auto,P3_auto,0
A-01322,pb_23_aux,LME: 铅: 现货价: 日度,,未识别,未识别,无,pb_23_aux,pb_23_aux,latin_abbr,,,INDICATORS_V1_KEY,pb_23_aux,1,1,synonym_merge,0.90,,,auto,P3_auto,0
A-01323,pb_23_aux_2,LME：铅：CASH-3M合约：结算价差（日）,,未识别,未识别,无,pb_23_aux_2,pb_23_aux_2,latin_abbr,,,INDICATORS_V1_KEY,pb_23_aux_2,1,1,synonym_merge,0.90,,,auto,P3_auto,0
A-01324,pb_23_aux_3,SMM: 进口盈亏: 铅: 现货: LME价格: 日度,,未识别,未识别,无,pb_23_aux_3,pb_23_aux_3,latin_abbr,,,INDICATORS_V1_KEY,pb_23_aux_3,1,1,synonym_merge,0.90,,,auto,P3_auto,0
A-01325,pb_23_aux_4,SMM: 进口盈亏: 铅: 现货: LME价格: 日度,,未识别,未识别,无,pb_23_aux_4,pb_23_aux_4,latin_abbr,,,INDICATORS_V1_KEY,pb_23_aux_4,1,1,synonym_merge,0.90,,,auto,P3_auto,0
A-01326,pb_23_aux_5,铅锭：进口盈亏（日）,,未识别,未识别,无,pb_23_aux_5,pb_23_aux_5,latin_abbr,,,INDICATORS_V1_KEY,pb_23_aux_5,1,1,synonym_merge,0.90,,,auto,P3_auto,0
A-01327,pb_23_aux_6,现货结算价(日),美元/吨,未识别,未识别,无,pb_23_aux_6,pb_23_aux_6,latin_abbr,,,INDICATORS_V1_KEY,pb_23_aux_6,1,1,synonym_merge,0.90,,,auto,P3_auto,0
A-03552,pb_23_aux_6,现货结算价(日),美元/吨,未识别,结算价,无,现货结算价(日),现货结算价(日,canonical,,,INDICATORS_V1_NAME,pb_23_aux_6,1,1,synonym_merge,0.90,,,auto,P3_auto,0
A-00079,pb_23_lme_close,LME: LME铅收盘价: 日度,,PB,未识别,铅,LME: LME铅收盘价: 日度,LME:LME铅收盘价:日度,mixed_script,,,INDICATORS_V1_NAME,pb_23_lme_close,1,1,synonym_merge,0.90,,,auto,P3_auto,0
A-01328,pb_23_lme_close,LME: LME铅收盘价: 日度,,未识别,未识别,无,pb_23_lme_close,pb_23_lme_close,latin_abbr,,,INDICATORS_V1_KEY,pb_23_lme_close,1,1,synonym_merge,0.90,,,auto,P3_auto,0
A-00238,pb_23_lunlun,Mysteel：铅：沪伦比值（日）,,PB,未识别,铅,Mysteel：铅：沪伦比值（日）,Mysteel:铅:沪伦比值(日,mixed_script,,,INDICATORS_V1_NAME,pb_23_lunlun,1,1,synonym_merge,0.90,,,auto,P3_auto,0
A-01329,pb_23_lunlun,Mysteel：铅：沪伦比值（日）,,未识别,未识别,无,pb_23_lunlun,pb_23_lunlun,latin_abbr,,,INDICATORS_V1_KEY,pb_23_lunlun,1,1,synonym_merge,0.90,,,auto,P3_auto,0
A-01330,pb_24_cash_fut,SMM: 沪铅期现价差: 当月合约: 开盘价: 日度,,未识别,未识别,无,pb_24_cash_fut,pb_24_cash_fut,latin_abbr,,,INDICATORS_V1_KEY,pb_24_cash_fut,1,1,synonym_merge,0.90,,,auto,P3_auto,0
A-01331,pb_24_cash_fut_2,SMM: 沪铅期现价差: 连二合约: 开盘价: 日度,,未识别,未识别,无,pb_24_cash_fut_2,pb_24_cash_fut_2,latin_abbr,,,INDICATORS_V1_KEY,pb_24_cash_fut_2,1,1,synonym_merge,0.90,,,auto,P3_auto,0
A-00013,pb_25_abs_scrap,ABS再生料：电瓶壳破碎料：蓝绿：市场低端价：河南（日）,,未识别,未识别,无,ABS再生料：电瓶壳破碎料：蓝绿：市场低端价：河南（日）,ABS再生料:电瓶壳破碎料:蓝绿:市场低端价:河南(日,mixed_script,,,INDICATORS_V1_NAME,pb_25_abs_scrap,1,1,synonym_merge,0.90,,,auto,P3_auto,0
A-01332,pb_25_abs_scrap,ABS再生料：电瓶壳破碎料：蓝绿：市场低端价：河南（日）,,未识别,未识别,无,pb_25_abs_scrap,pb_25_abs_scrap,latin_abbr,,,INDICATORS_V1_KEY,pb_25_abs_scrap,1,1,synonym_merge,0.90,,,auto,P3_auto,0
A-01333,pb_25_aux,锌精矿：国产：汇总均价：中国（日）,,未识别,未识别,无,pb_25_aux,pb_25_aux,latin_abbr,,,INDICATORS_V1_KEY,pb_25_aux,1,1,synonym_merge,0.90,,,auto,P3_auto,0
A-04376,pb_25_aux,锌精矿：国产：汇总均价：中国（日）,,ZN,均价,锌精矿|锌,锌精矿：国产：汇总均价：中国（日）,锌精矿:国产:汇总均价:中国(日,canonical,,,INDICATORS_V1_NAME,pb_25_aux,1,1,synonym_merge,0.90,,,auto,P3_auto,0
A-01334,pb_25_aux_2,产量(周),万吨,未识别,未识别,无,pb_25_aux_2,pb_25_aux_2,latin_abbr,,,INDICATORS_V1_KEY,pb_25_aux_2,1,1,synonym_merge,0.90,,,auto,P3_auto,0
A-02427,pb_25_aux_2,产量(周),万吨,未识别,产量,无,产量(周),产量(周,canonical,,,INDICATORS_V1_NAME,pb_25_aux_2,1,1,synonym_merge,0.90,,,auto,P3_auto,0
A-01335,pb_25_aux_3,济源(日),元/吨,未识别,未识别,无,pb_25_aux_3,pb_25_aux_3,latin_abbr,,,INDICATORS_V1_KEY,pb_25_aux_3,1,1,synonym_merge,0.90,,,auto,P3_auto,0
A-03437,pb_25_aux_3,济源(日),元/吨,未识别,未识别,无,济源(日),济源(日,canonical,,,INDICATORS_V1_NAME,pb_25_aux_3,1,1,synonym_merge,0.90,,,auto,P3_auto,0
A-01336,pb_25_aux_4,加工费报价(月),元/金属吨,未识别,未识别,无,pb_25_aux_4,pb_25_aux_4,latin_abbr,,,INDICATORS_V1_KEY,pb_25_aux_4,1,1,synonym_merge,0.90,,,auto,P3_auto,0
A-02550,pb_25_aux_4,加工费报价(月),元/金属吨,未识别,加工费,无,加工费报价(月),加工费报价(月,canonical,,,INDICATORS_V1_NAME,pb_25_aux_4,1,1,synonym_merge,0.90,,,auto,P3_auto,0
A-01337,pb_25_aux_5,中国(月),美元/干吨,未识别,未识别,无,pb_25_aux_5,pb_25_aux_5,latin_abbr,,,INDICATORS_V1_KEY,pb_25_aux_5,1,1,synonym_merge,0.90,,,auto,P3_auto,0
A-02292,pb_25_aux_5,中国(月),美元/干吨,未识别,未识别,无,中国(月),中国(月,canonical,,,INDICATORS_V1_NAME,pb_25_aux_5,1,1,synonym_merge,0.90,,,auto,P3_auto,0
A-00401,pb_25_waste_battery,SMM: 废电蓄(广东)-最低价: 日度,,未识别,未识别,无,SMM: 废电蓄(广东)-最低价: 日度,SMM:废电蓄(广东,unit_variant,-最低价:日度,,INDICATORS_V1_NAME,pb_25_waste_battery,1,1,synonym_merge,0.90,,,auto,P3_auto,0
A-01338,pb_25_waste_battery,SMM: 废电蓄(广东)-最低价: 日度,,未识别,未识别,无,pb_25_waste_battery,pb_25_waste_battery,latin_abbr,,,INDICATORS_V1_KEY,pb_25_waste_battery,1,1,synonym_merge,0.90,,,auto,P3_auto,0
A-01339,pb_311_aux,澳大利亚(季),千吨,未识别,未识别,无,pb_311_aux,pb_311_aux,latin_abbr,,,INDICATORS_V1_KEY,pb_311_aux,1,1,synonym_merge,0.90,,,auto,P3_auto,0
A-03506,pb_311_aux,澳大利亚(季),千吨,LI,未识别,无,澳大利亚(季),澳大利亚(季,cross_report_synonym,,,INDICATORS_V1_NAME|THS_MATCHED,THS-LI-3.1.4|THS-LI-3.1.5|THS-NI-3.1.4|pb_311_aux,1,4,synonym_merge,0.90,,,auto,P3_auto,0
A-01340,pb_311_aux_2,韩国海关: 韩国铅精矿出口量: 中国: 月度,,未识别,未识别,无,pb_311_aux_2,pb_311_aux_2,latin_abbr,,,INDICATORS_V1_KEY,pb_311_aux_2,1,1,synonym_merge,0.90,,,auto,P3_auto,0
A-04607,pb_311_aux_2,韩国海关: 韩国铅精矿出口量: 中国: 月度,,PB,出口量,铅精矿|铅,韩国海关: 韩国铅精矿出口量: 中国: 月度,韩国海关:韩国铅精矿出口量:中国:月度,canonical,,,INDICATORS_V1_NAME,pb_311_aux_2,1,1,synonym_merge,0.90,,,auto,P3_auto,0
A-01341,pb_311_aux_3,玻利维亚(月),公吨,未识别,未识别,无,pb_311_aux_3,pb_311_aux_3,latin_abbr,,,INDICATORS_V1_KEY,pb_311_aux_3,1,1,synonym_merge,0.90,,,auto,P3_auto,0
A-03556,pb_311_aux_3,玻利维亚(月),公吨,未识别,未识别,无,玻利维亚(月),玻利维亚(月,canonical,,,INDICATORS_V1_NAME,pb_311_aux_3,1,1,synonym_merge,0.90,,,auto,P3_auto,0
A-01342,pb_312_aux,中国海关: 精炼铅进口量: 俄罗斯: 月度,,未识别,未识别,无,pb_312_aux,pb_312_aux,latin_abbr,,,INDICATORS_V1_KEY,pb_312_aux,1,1,synonym_merge,0.90,,,auto,P3_auto,0
A-01343,pb_312_aux_2,中国海关: 铅精矿进口量: 乌兹别克斯坦: 月度,,未识别,未识别,无,pb_312_aux_2,pb_312_aux_2,latin_abbr,,,INDICATORS_V1_KEY,pb_312_aux_2,1,1,synonym_merge,0.90,,,auto,P3_auto,0
A-02362,pb_312_aux_2,中国海关: 铅精矿进口量: 乌兹别克斯坦: 月度,,PB,进口量,铅精矿|铅,中国海关: 铅精矿进口量: 乌兹别克斯坦: 月度,中国海关:铅精矿进口量:乌兹别克斯坦:月度,canonical,,,INDICATORS_V1_NAME,pb_312_aux_2,1,1,synonym_merge,0.90,,,auto,P3_auto,0
A-01344,pb_312_aux_3,美国海关: 铅条、杆等其他铅制品进口量: 土耳其: 月度,,未识别,未识别,无,pb_312_aux_3,pb_312_aux_3,latin_abbr,,,INDICATORS_V1_KEY,pb_312_aux_3,1,1,synonym_merge,0.90,,,auto,P3_auto,0
A-03927,pb_312_aux_3,美国海关: 铅条、杆等其他铅制品进口量: 土耳其: 月度,,PB,进口量,铅,美国海关: 铅条、杆等其他铅制品进口量: 土耳其: 月度,"美国海关:铅条,杆等其他铅制品进口量:土耳其:月度",canonical,,,INDICATORS_V1_NAME,pb_312_aux_3,1,1,synonym_merge,0.90,,,auto,P3_auto,0
A-01345,pb_312_aux_4,美国海关: 铅板进口量: 秘鲁: 月度,,未识别,未识别,无,pb_312_aux_4,pb_312_aux_4,latin_abbr,,,INDICATORS_V1_KEY,pb_312_aux_4,1,1,synonym_merge,0.90,,,auto,P3_auto,0
A-03928,pb_312_aux_4,美国海关: 铅板进口量: 秘鲁: 月度,,PB,进口量,铅,美国海关: 铅板进口量: 秘鲁: 月度,美国海关:铅板进口量:秘鲁:月度,canonical,,,INDICATORS_V1_NAME,pb_312_aux_4,1,1,synonym_merge,0.90,,,auto,P3_auto,0
A-01346,pb_312_aux_5,中国海关: 精炼铅进口量: 澳大利亚: 月度,,未识别,未识别,无,pb_312_aux_5,pb_312_aux_5,latin_abbr,,,INDICATORS_V1_KEY,pb_312_aux_5,1,1,synonym_merge,0.90,,,auto,P3_auto,0
A-00277,pb_313_aux,NBS: 铅精矿产量: 月度,,PB,产量,铅精矿|铅,NBS: 铅精矿产量: 月度,NBS:铅精矿产量:月度,mixed_script,,,INDICATORS_V1_NAME,pb_313_aux,1,1,synonym_merge,0.90,,,auto,P3_auto,0
A-01347,pb_313_aux,NBS: 铅精矿产量: 月度,,未识别,未识别,无,pb_313_aux,pb_313_aux,latin_abbr,,,INDICATORS_V1_KEY,pb_313_aux,1,1,synonym_merge,0.90,,,auto,P3_auto,0
A-01348,pb_313_aux_2,SMM: 铅精矿平衡(新): 矿产铅产量: 月度,,未识别,未识别,无,pb_313_aux_2,pb_313_aux_2,latin_abbr,,,INDICATORS_V1_KEY,pb_313_aux_2,1,1,synonym_merge,0.90,,,auto,P3_auto,0
A-00431,pb_313_aux_3,SMM: 矿产铅产量: 月度,,PB,产量,铅,SMM: 矿产铅产量: 月度,SMM:矿产铅产量:月度,mixed_script,,,INDICATORS_V1_NAME,pb_313_aux_3,1,1,synonym_merge,0.90,,,auto,P3_auto,0
A-01349,pb_313_aux_3,SMM: 矿产铅产量: 月度,,未识别,未识别,无,pb_313_aux_3,pb_313_aux_3,latin_abbr,,,INDICATORS_V1_KEY,pb_313_aux_3,1,1,synonym_merge,0.90,,,auto,P3_auto,0
A-00390,pb_313_aux_4,SMM: 原生铅冶炼企业月度原料库存天数: 月度,,PB,库存天数|库存,铅,SMM: 原生铅冶炼企业月度原料库存天数: 月度,SMM:原生铅冶炼企业月度原料库存天数:月度,mixed_script,,,INDICATORS_V1_NAME,pb_313_aux_4,1,1,synonym_merge,0.90,,,auto,P3_auto,0
A-01350,pb_313_aux_4,SMM: 原生铅冶炼企业月度原料库存天数: 月度,,未识别,未识别,无,pb_313_aux_4,pb_313_aux_4,latin_abbr,,,INDICATORS_V1_KEY,pb_313_aux_4,1,1,synonym_merge,0.90,,,auto,P3_auto,0
A-01351,pb_313_aux_5,SMM: 铅精矿平衡(新): 其他含铅伴生矿产量: 月度,,未识别,未识别,无,pb_313_aux_5,pb_313_aux_5,latin_abbr,,,INDICATORS_V1_KEY,pb_313_aux_5,1,1,synonym_merge,0.90,,,auto,P3_auto,0
A-01352,pb_313_aux_6,内蒙古(月),美元,未识别,未识别,无,pb_313_aux_6,pb_313_aux_6,latin_abbr,,,INDICATORS_V1_KEY,pb_313_aux_6,1,1,synonym_merge,0.90,,,auto,P3_auto,0
A-02463,pb_313_aux_6,内蒙古(月),美元,未识别,未识别,无,内蒙古(月),内蒙古(月,canonical,,,INDICATORS_V1_NAME,pb_313_aux_6,1,1,synonym_merge,0.90,,,auto,P3_auto,0
A-01353,pb_314_aux,中国海关: 铅锭进口量: 累计: 月度,,未识别,未识别,无,pb_314_aux,pb_314_aux,latin_abbr,,,INDICATORS_V1_KEY,pb_314_aux,1,1,synonym_merge,0.90,,,auto,P3_auto,0
A-01354,pb_314_aux_2,中国海关: 其他铅(粗铅)进口量: 乌兹别克斯坦: 月度,,未识别,未识别,无,pb_314_aux_2,pb_314_aux_2,latin_abbr,,,INDICATORS_V1_KEY,pb_314_aux_2,1,1,synonym_merge,0.90,,,auto,P3_auto,0
A-01355,pb_314_aux_3,韩国海关: 韩国铅精矿进口量: 总计: 月度,,未识别,未识别,无,pb_314_aux_3,pb_314_aux_3,latin_abbr,,,INDICATORS_V1_KEY,pb_314_aux_3,1,1,synonym_merge,0.90,,,auto,P3_auto,0
A-00236,pb_315_aux,Missouri(日),美元/干吨,未识别,未识别,无,Missouri(日),Missouri(日,mixed_script,,,INDICATORS_V1_NAME,pb_315_aux,1,1,synonym_merge,0.90,,,auto,P3_auto,0
A-01356,pb_315_aux,Missouri(日),美元/干吨,未识别,未识别,无,pb_315_aux,pb_315_aux,latin_abbr,,,INDICATORS_V1_KEY,pb_315_aux,1,1,synonym_merge,0.90,,,auto,P3_auto,0
A-00420,pb_321_aux,SMM: 电解铅产量: 月度,,PB,产量,铅,SMM: 电解铅产量: 月度,SMM:电解铅产量:月度,mixed_script,,,INDICATORS_V1_NAME,pb_321_aux,1,1,synonym_merge,0.90,,,auto,P3_auto,0
A-01357,pb_321_aux,SMM: 电解铅产量: 月度,,未识别,未识别,无,pb_321_aux,pb_321_aux,latin_abbr,,,INDICATORS_V1_KEY,pb_321_aux,1,1,synonym_merge,0.90,,,auto,P3_auto,0
A-01358,pb_321_aux_2,全球(月),千吨,未识别,未识别,无,pb_321_aux_2,pb_321_aux_2,latin_abbr,,,INDICATORS_V1_KEY,pb_321_aux_2,1,1,synonym_merge,0.90,,,auto,P3_auto,0
A-02457,pb_321_aux_2,全球(月),千吨,未识别,未识别,无,全球(月),全球(月,canonical,,,INDICATORS_V1_NAME,pb_321_aux_2,1,1,synonym_merge,0.90,,,auto,P3_auto,0
A-00381,pb_321_aux_3,SMM: 再生粗铅产量-样本: 月度,,PB,产量,铅,SMM: 再生粗铅产量-样本: 月度,SMM:再生粗铅产量-样本:月度,mixed_script,,,INDICATORS_V1_NAME,pb_321_aux_3,1,1,synonym_merge,0.90,,,auto,P3_auto,0
A-01359,pb_321_aux_3,SMM: 再生粗铅产量-样本: 月度,,未识别,未识别,无,pb_321_aux_3,pb_321_aux_3,latin_abbr,,,INDICATORS_V1_KEY,pb_321_aux_3,1,1,synonym_merge,0.90,,,auto,P3_auto,0
A-00276,pb_321_aux_4,NBS: 铅产量_累计值: 月度,,PB,产量,铅,NBS: 铅产量_累计值: 月度,NBS:铅产量_累计值:月度,mixed_script,,,INDICATORS_V1_NAME,pb_321_aux_4,1,1,synonym_merge,0.90,,,auto,P3_auto,0
A-01360,pb_321_aux_4,NBS: 铅产量_累计值: 月度,,未识别,未识别,无,pb_321_aux_4,pb_321_aux_4,latin_abbr,,,INDICATORS_V1_KEY,pb_321_aux_4,1,1,synonym_merge,0.90,,,auto,P3_auto,0
A-01361,pb_321_aux_5,澳大利亚(季)_5,千吨,未识别,未识别,无,pb_321_aux_5,pb_321_aux_5,latin_abbr,,,INDICATORS_V1_KEY,pb_321_aux_5,1,1,synonym_merge,0.90,,,auto,P3_auto,0
A-03509,pb_321_aux_5,澳大利亚(季)_5,千吨,未识别,未识别,无,澳大利亚(季)_5,澳大利亚(季)_5,canonical,,,INDICATORS_V1_NAME,pb_321_aux_5,1,1,synonym_merge,0.90,,,auto,P3_auto,0
A-01362,pb_321_aux_6,产量(周)_6,万吨,未识别,未识别,无,pb_321_aux_6,pb_321_aux_6,latin_abbr,,,INDICATORS_V1_KEY,pb_321_aux_6,1,1,synonym_merge,0.90,,,auto,P3_auto,0
A-02428,pb_321_aux_6,产量(周)_6,万吨,未识别,产量,无,产量(周)_6,产量(周)_6,canonical,,,INDICATORS_V1_NAME,pb_321_aux_6,1,1,synonym_merge,0.90,,,auto,P3_auto,0
A-01363,pb_322_aux,上期所(周),手,未识别,未识别,无,pb_322_aux,pb_322_aux,latin_abbr,,,INDICATORS_V1_KEY,pb_322_aux,1,1,synonym_merge,0.90,,,auto,P3_auto,0
A-02229,pb_322_aux,上期所(周),手,未识别,未识别,无,上期所(周),上期所(周,canonical,,,INDICATORS_V1_NAME,pb_322_aux,1,1,synonym_merge,0.90,,,auto,P3_auto,0
A-00387,pb_323_aux,SMM: 再生铅冶炼企业原料库存天数: 周度,,PB,库存天数|库存,再生铅|铅,SMM: 再生铅冶炼企业原料库存天数: 周度,SMM:再生铅冶炼企业原料库存天数:周度,mixed_script,,,INDICATORS_V1_NAME,pb_323_aux,1,1,synonym_merge,0.90,,,auto,P3_auto,0
A-01364,pb_323_aux,SMM: 再生铅冶炼企业原料库存天数: 周度,,未识别,未识别,无,pb_323_aux,pb_323_aux,latin_abbr,,,INDICATORS_V1_KEY,pb_323_aux,1,1,synonym_merge,0.90,,,auto,P3_auto,0
A-01365,pb_323_aux_2,中国(月)_2,万吨,未识别,未识别,无,pb_323_aux_2,pb_323_aux_2,latin_abbr,,,INDICATORS_V1_KEY,pb_323_aux_2,1,1,synonym_merge,0.90,,,auto,P3_auto,0
A-02294,pb_323_aux_2,中国(月)_2,万吨,未识别,未识别,无,中国(月)_2,中国(月)_2,canonical,,,INDICATORS_V1_NAME,pb_323_aux_2,1,1,synonym_merge,0.90,,,auto,P3_auto,0
A-00442,pb_324_aux,SMM: 规模再生铅企业综合盈亏: 日度,,PB,盈亏,再生铅|铅,SMM: 规模再生铅企业综合盈亏: 日度,SMM:规模再生铅企业综合盈亏:日度,mixed_script,,,INDICATORS_V1_NAME,pb_324_aux,1,1,synonym_merge,0.90,,,auto,P3_auto,0
A-01366,pb_324_aux,SMM: 规模再生铅企业综合盈亏: 日度,,未识别,未识别,无,pb_324_aux,pb_324_aux,latin_abbr,,,INDICATORS_V1_KEY,pb_324_aux,1,1,synonym_merge,0.90,,,auto,P3_auto,0
A-00379,pb_324_aux_2,SMM: 中小规模再生铅企业综合盈亏: 日度,,PB,盈亏,再生铅|铅,SMM: 中小规模再生铅企业综合盈亏: 日度,SMM:中小规模再生铅企业综合盈亏:日度,mixed_script,,,INDICATORS_V1_NAME,pb_324_aux_2,1,1,synonym_merge,0.90,,,auto,P3_auto,0
A-01367,pb_324_aux_2,SMM: 中小规模再生铅企业综合盈亏: 日度,,未识别,未识别,无,pb_324_aux_2,pb_324_aux_2,latin_abbr,,,INDICATORS_V1_KEY,pb_324_aux_2,1,1,synonym_merge,0.90,,,auto,P3_auto,0
A-01368,pb_324_aux_3,中国(月)_3,万吨,未识别,未识别,无,pb_324_aux_3,pb_324_aux_3,latin_abbr,,,INDICATORS_V1_KEY,pb_324_aux_3,1,1,synonym_merge,0.90,,,auto,P3_auto,0
A-02295,pb_324_aux_3,中国(月)_3,万吨,未识别,未识别,无,中国(月)_3,中国(月)_3,canonical,,,INDICATORS_V1_NAME,pb_324_aux_3,1,1,synonym_merge,0.90,,,auto,P3_auto,0
A-00385,pb_324_aux_4,SMM: 再生铅企业成本: 规模: 日度,,PB,成本,再生铅|铅,SMM: 再生铅企业成本: 规模: 日度,SMM:再生铅企业成本:规模:日度,mixed_script,,,INDICATORS_V1_NAME,pb_324_aux_4,1,1,synonym_merge,0.90,,,auto,P3_auto,0
A-01369,pb_324_aux_4,SMM: 再生铅企业成本: 规模: 日度,,未识别,未识别,无,pb_324_aux_4,pb_324_aux_4,latin_abbr,,,INDICATORS_V1_KEY,pb_324_aux_4,1,1,synonym_merge,0.90,,,auto,P3_auto,0
A-01370,pb_41_aux,SHFE：铅：期货库存（周）,,未识别,未识别,无,pb_41_aux,pb_41_aux,latin_abbr,,,INDICATORS_V1_KEY,pb_41_aux,1,1,synonym_merge,0.90,,,auto,P3_auto,0
A-01371,pb_41_aux_10,期货库存(日),吨,未识别,未识别,无,pb_41_aux_10,pb_41_aux_10,latin_abbr,,,INDICATORS_V1_KEY,pb_41_aux_10,1,1,synonym_merge,0.90,,,auto,P3_auto,0
A-03251,pb_41_aux_10,期货库存(日),吨,未识别,期货库存|库存,无,期货库存(日),期货库存(日,canonical,,,INDICATORS_V1_NAME,pb_41_aux_10,1,1,synonym_merge,0.90,,,auto,P3_auto,0
A-01372,pb_41_aux_11,比利时(月),吨,未识别,未识别,无,pb_41_aux_11,pb_41_aux_11,latin_abbr,,,INDICATORS_V1_KEY,pb_41_aux_11,1,1,synonym_merge,0.90,,,auto,P3_auto,0
A-03285,pb_41_aux_11,比利时(月),吨,未识别,未识别,无,比利时(月),比利时(月,canonical,,,INDICATORS_V1_NAME,pb_41_aux_11,1,1,synonym_merge,0.90,,,auto,P3_auto,0
A-01373,pb_41_aux_12,江苏(月),吨,未识别,未识别,无,pb_41_aux_12,pb_41_aux_12,latin_abbr,,,INDICATORS_V1_KEY,pb_41_aux_12,1,1,synonym_merge,0.90,,,auto,P3_auto,0
A-03348,pb_41_aux_12,江苏(月),吨,未识别,未识别,无,江苏(月),江苏(月,canonical,,,INDICATORS_V1_NAME,pb_41_aux_12,1,1,synonym_merge,0.90,,,auto,P3_auto,0
A-01374,pb_41_aux_2,上期所(月),亿元,未识别,未识别,无,pb_41_aux_2,pb_41_aux_2,latin_abbr,,,INDICATORS_V1_KEY,pb_41_aux_2,1,1,synonym_merge,0.90,,,auto,P3_auto,0
A-02230,pb_41_aux_2,上期所(月),亿元,未识别,未识别,无,上期所(月),上期所(月,canonical,,,INDICATORS_V1_NAME,pb_41_aux_2,1,1,synonym_merge,0.90,,,auto,P3_auto,0
A-01375,pb_41_aux_3,上海(周),吨,未识别,未识别,无,pb_41_aux_3,pb_41_aux_3,latin_abbr,,,INDICATORS_V1_KEY,pb_41_aux_3,1,1,synonym_merge,0.90,,,auto,P3_auto,0
A-02250,pb_41_aux_3,上海(周),吨,未识别,未识别,无,上海(周),上海(周,canonical,,,INDICATORS_V1_NAME,pb_41_aux_3,1,1,synonym_merge,0.90,,,auto,P3_auto,0
A-01376,pb_41_aux_4,广东(周),吨,未识别,未识别,无,pb_41_aux_4,pb_41_aux_4,latin_abbr,,,INDICATORS_V1_KEY,pb_41_aux_4,1,1,synonym_merge,0.90,,,auto,P3_auto,0
A-03173,pb_41_aux_4,广东(周),吨,未识别,未识别,无,广东(周),广东(周,canonical,,,INDICATORS_V1_NAME,pb_41_aux_4,1,1,synonym_merge,0.90,,,auto,P3_auto,0
A-01377,pb_41_aux_5,持仓量(日)_5,手,未识别,未识别,无,pb_41_aux_5,pb_41_aux_5,latin_abbr,,,INDICATORS_V1_KEY,pb_41_aux_5,1,1,synonym_merge,0.90,,,auto,P3_auto,0
A-01378,pb_41_aux_6,天津(月),吨,未识别,未识别,无,pb_41_aux_6,pb_41_aux_6,latin_abbr,,,INDICATORS_V1_KEY,pb_41_aux_6,1,1,synonym_merge,0.90,,,auto,P3_auto,0
A-02969,pb_41_aux_6,天津(月),吨,未识别,未识别,无,天津(月),天津(月,canonical,,,INDICATORS_V1_NAME,pb_41_aux_6,1,1,synonym_merge,0.90,,,auto,P3_auto,0
A-01379,pb_41_aux_7,SHFE: 铅: 主力合约: 持仓量: 日度,,未识别,未识别,无,pb_41_aux_7,pb_41_aux_7,latin_abbr,,,INDICATORS_V1_KEY,pb_41_aux_7,1,1,synonym_merge,0.90,,,auto,P3_auto,0
A-01380,pb_41_aux_8,注销占比(日),百分比,未识别,未识别,无,pb_41_aux_8,pb_41_aux_8,latin_abbr,,,INDICATORS_V1_KEY,pb_41_aux_8,1,1,synonym_merge,0.90,,,auto,P3_auto,0
A-03435,pb_41_aux_8,注销占比(日),百分比,LI,占比,无,注销占比(日),注销占比(日,cross_report_synonym,,,INDICATORS_V1_NAME|THS_MATCHED,THS-LI-4.2|THS-SN-4.2|THS-SN-4.4|pb_41_aux_8,1,6,synonym_merge,0.90,,,auto,P3_auto,0
A-01381,pb_41_aux_9,浙江(月),吨,未识别,未识别,无,pb_41_aux_9,pb_41_aux_9,latin_abbr,,,INDICATORS_V1_KEY,pb_41_aux_9,1,1,synonym_merge,0.90,,,auto,P3_auto,0
A-03439,pb_41_aux_9,浙江(月),吨,未识别,未识别,无,浙江(月),浙江(月,canonical,,,INDICATORS_V1_NAME,pb_41_aux_9,1,1,synonym_merge,0.90,,,auto,P3_auto,0
A-01382,pb_42_aux,SHFE：铅：期货库存：上海（日）,,未识别,未识别,无,pb_42_aux,pb_42_aux,latin_abbr,,,INDICATORS_V1_KEY,pb_42_aux,1,1,synonym_merge,0.90,,,auto,P3_auto,0
A-01383,pb_42_aux_2,中储陆通(周),吨,未识别,未识别,无,pb_42_aux_2,pb_42_aux_2,latin_abbr,,,INDICATORS_V1_KEY,pb_42_aux_2,1,1,synonym_merge,0.90,,,auto,P3_auto,0
A-02290,pb_42_aux_2,中储陆通(周),吨,未识别,未识别,无,中储陆通(周),中储陆通(周,canonical,,,INDICATORS_V1_NAME,pb_42_aux_2,1,1,synonym_merge,0.90,,,auto,P3_auto,0
A-01384,pb_42_aux_3,浙江田川库(周),吨,未识别,未识别,无,pb_42_aux_3,pb_42_aux_3,latin_abbr,,,INDICATORS_V1_KEY,pb_42_aux_3,1,1,synonym_merge,0.90,,,auto,P3_auto,0
A-03442,pb_42_aux_3,浙江田川库(周),吨,未识别,未识别,无,浙江田川库(周),浙江田川库(周,canonical,,,INDICATORS_V1_NAME,pb_42_aux_3,1,1,synonym_merge,0.90,,,auto,P3_auto,0
A-00451,pb_43_aux,SMM: 铅锭五地库存变化: 周度,,PB,库存,铅锭|铅,SMM: 铅锭五地库存变化: 周度,SMM:铅锭五地库存变化:周度,mixed_script,,,INDICATORS_V1_NAME,pb_43_aux,1,1,synonym_merge,0.90,,,auto,P3_auto,0
A-01385,pb_43_aux,SMM: 铅锭五地库存变化: 周度,,未识别,未识别,无,pb_43_aux,pb_43_aux,latin_abbr,,,INDICATORS_V1_KEY,pb_43_aux,1,1,synonym_merge,0.90,,,auto,P3_auto,0
A-01386,pb_43_aux_10,浙江(日),万吨,未识别,未识别,无,pb_43_aux_10,pb_43_aux_10,latin_abbr,,,INDICATORS_V1_KEY,pb_43_aux_10,1,1,synonym_merge,0.90,,,auto,P3_auto,0
A-03438,pb_43_aux_10,浙江(日),万吨,未识别,未识别,无,浙江(日),浙江(日,canonical,,,INDICATORS_V1_NAME,pb_43_aux_10,1,1,synonym_merge,0.90,,,auto,P3_auto,0
A-01387,pb_43_aux_2,江苏(月)_2,美元,未识别,未识别,无,pb_43_aux_2,pb_43_aux_2,latin_abbr,,,INDICATORS_V1_KEY,pb_43_aux_2,1,1,synonym_merge,0.90,,,auto,P3_auto,0
A-03349,pb_43_aux_2,江苏(月)_2,美元,未识别,未识别,无,江苏(月)_2,江苏(月)_2,canonical,,,INDICATORS_V1_NAME,pb_43_aux_2,1,1,synonym_merge,0.90,,,auto,P3_auto,0
A-01388,pb_43_aux_3,广东(日),万吨,未识别,未识别,无,pb_43_aux_3,pb_43_aux_3,latin_abbr,,,INDICATORS_V1_KEY,pb_43_aux_3,1,1,synonym_merge,0.90,,,auto,P3_auto,0
A-03175,pb_43_aux_3,广东(日),万吨,未识别,未识别,无,广东(日),广东(日,canonical,,,INDICATORS_V1_NAME,pb_43_aux_3,1,1,synonym_merge,0.90,,,auto,P3_auto,0
A-01389,pb_43_aux_4,成品库存(周),万吨,未识别,未识别,无,pb_43_aux_4,pb_43_aux_4,latin_abbr,,,INDICATORS_V1_KEY,pb_43_aux_4,1,1,synonym_merge,0.90,,,auto,P3_auto,0
A-03199,pb_43_aux_4,成品库存(周),万吨,未识别,库存,无,成品库存(周),成品库存(周,canonical,,,INDICATORS_V1_NAME,pb_43_aux_4,1,1,synonym_merge,0.90,,,auto,P3_auto,0
A-01390,pb_43_aux_5,上海(日),万吨,未识别,未识别,无,pb_43_aux_5,pb_43_aux_5,latin_abbr,,,INDICATORS_V1_KEY,pb_43_aux_5,1,1,synonym_merge,0.90,,,auto,P3_auto,0
A-02251,pb_43_aux_5,上海(日),万吨,未识别,未识别,无,上海(日),上海(日,canonical,,,INDICATORS_V1_NAME,pb_43_aux_5,1,1,synonym_merge,0.90,,,auto,P3_auto,0
A-01391,pb_43_aux_6,天津(月)_6,美元,未识别,未识别,无,pb_43_aux_6,pb_43_aux_6,latin_abbr,,,INDICATORS_V1_KEY,pb_43_aux_6,1,1,synonym_merge,0.90,,,auto,P3_auto,0
A-02970,pb_43_aux_6,天津(月)_6,美元,未识别,未识别,无,天津(月)_6,天津(月)_6,canonical,,,INDICATORS_V1_NAME,pb_43_aux_6,1,1,synonym_merge,0.90,,,auto,P3_auto,0
A-01392,pb_43_aux_7,天津(日),万吨,未识别,未识别,无,pb_43_aux_7,pb_43_aux_7,latin_abbr,,,INDICATORS_V1_KEY,pb_43_aux_7,1,1,synonym_merge,0.90,,,auto,P3_auto,0
A-02968,pb_43_aux_7,天津(日),万吨,未识别,未识别,无,天津(日),天津(日,canonical,,,INDICATORS_V1_NAME,pb_43_aux_7,1,1,synonym_merge,0.90,,,auto,P3_auto,0
A-01393,pb_43_aux_8,广东(月),美元,未识别,未识别,无,pb_43_aux_8,pb_43_aux_8,latin_abbr,,,INDICATORS_V1_KEY,pb_43_aux_8,1,1,synonym_merge,0.90,,,auto,P3_auto,0
A-03176,pb_43_aux_8,广东(月),美元,未识别,未识别,无,广东(月),广东(月,canonical,,,INDICATORS_V1_NAME,pb_43_aux_8,1,1,synonym_merge,0.90,,,auto,P3_auto,0
A-01394,pb_43_aux_9,江苏(日),万吨,未识别,未识别,无,pb_43_aux_9,pb_43_aux_9,latin_abbr,,,INDICATORS_V1_KEY,pb_43_aux_9,1,1,synonym_merge,0.90,,,auto,P3_auto,0
A-03347,pb_43_aux_9,江苏(日),万吨,未识别,未识别,无,江苏(日),江苏(日,canonical,,,INDICATORS_V1_NAME,pb_43_aux_9,1,1,synonym_merge,0.90,,,auto,P3_auto,0
A-00421,pb_44_aux,SMM: 电解铅冶炼企业成品库存: 月度,,PB,库存,铅,SMM: 电解铅冶炼企业成品库存: 月度,SMM:电解铅冶炼企业成品库存:月度,mixed_script,,,INDICATORS_V1_NAME,pb_44_aux,1,1,synonym_merge,0.90,,,auto,P3_auto,0
A-01395,pb_44_aux,SMM: 电解铅冶炼企业成品库存: 月度,,未识别,未识别,无,pb_44_aux,pb_44_aux,latin_abbr,,,INDICATORS_V1_KEY,pb_44_aux,1,1,synonym_merge,0.90,,,auto,P3_auto,0
A-00388,pb_44_aux_2,SMM: 再生铅冶炼企业成品库存: 月度,,PB,库存,再生铅|铅,SMM: 再生铅冶炼企业成品库存: 月度,SMM:再生铅冶炼企业成品库存:月度,mixed_script,,,INDICATORS_V1_NAME,pb_44_aux_2,1,1,synonym_merge,0.90,,,auto,P3_auto,0
A-01396,pb_44_aux_2,SMM: 再生铅冶炼企业成品库存: 月度,,未识别,未识别,无,pb_44_aux_2,pb_44_aux_2,latin_abbr,,,INDICATORS_V1_KEY,pb_44_aux_2,1,1,synonym_merge,0.90,,,auto,P3_auto,0
A-00386,pb_44_aux_3,SMM: 再生铅冶炼企业原料库存: 月度,,PB,库存,再生铅|铅,SMM: 再生铅冶炼企业原料库存: 月度,SMM:再生铅冶炼企业原料库存:月度,mixed_script,,,INDICATORS_V1_NAME,pb_44_aux_3,1,1,synonym_merge,0.90,,,auto,P3_auto,0
A-01397,pb_44_aux_3,SMM: 再生铅冶炼企业原料库存: 月度,,未识别,未识别,无,pb_44_aux_3,pb_44_aux_3,latin_abbr,,,INDICATORS_V1_KEY,pb_44_aux_3,1,1,synonym_merge,0.90,,,auto,P3_auto,0
A-01398,pb_44_aux_4,再生铅：原材料：库存：中国（月）,,未识别,未识别,无,pb_44_aux_4,pb_44_aux_4,latin_abbr,,,INDICATORS_V1_KEY,pb_44_aux_4,1,1,synonym_merge,0.90,,,auto,P3_auto,0
A-02471,pb_44_aux_4,再生铅：原材料：库存：中国（月）,,PB,库存,再生铅|铅,再生铅：原材料：库存：中国（月）,再生铅:原材料:库存:中国(月,canonical,,,INDICATORS_V1_NAME,pb_44_aux_4,1,1,synonym_merge,0.90,,,auto,P3_auto,0
A-01399,pb_44_aux_5,广东(周)_5,吨,未识别,未识别,无,pb_44_aux_5,pb_44_aux_5,latin_abbr,,,INDICATORS_V1_KEY,pb_44_aux_5,1,1,synonym_merge,0.90,,,auto,P3_auto,0
A-03174,pb_44_aux_5,广东(周)_5,吨,未识别,未识别,无,广东(周)_5,广东(周)_5,canonical,,,INDICATORS_V1_NAME,pb_44_aux_5,1,1,synonym_merge,0.90,,,auto,P3_auto,0
A-01400,pb_44_aux_6,内蒙古(月)_6,美元,未识别,未识别,无,pb_44_aux_6,pb_44_aux_6,latin_abbr,,,INDICATORS_V1_KEY,pb_44_aux_6,1,1,synonym_merge,0.90,,,auto,P3_auto,0
A-02464,pb_44_aux_6,内蒙古(月)_6,美元,未识别,未识别,无,内蒙古(月)_6,内蒙古(月)_6,canonical,,,INDICATORS_V1_NAME,pb_44_aux_6,1,1,synonym_merge,0.90,,,auto,P3_auto,0
A-01401,pb_45_aux,LME: 铅: 非注册仓单库存: 总计: 日度,,未识别,未识别,无,pb_45_aux,pb_45_aux,latin_abbr,,,INDICATORS_V1_KEY,pb_45_aux,1,1,synonym_merge,0.90,,,auto,P3_auto,0
A-01402,pb_45_aux_2,澳大利亚→英国(季),千吨,未识别,未识别,无,pb_45_aux_2,pb_45_aux_2,latin_abbr,,,INDICATORS_V1_KEY,pb_45_aux_2,1,1,synonym_merge,0.90,,,auto,P3_auto,0
A-03511,pb_45_aux_2,澳大利亚→英国(季),千吨,未识别,未识别,无,澳大利亚→英国(季),澳大利亚→英国(季,canonical,,,INDICATORS_V1_NAME,pb_45_aux_2,1,1,synonym_merge,0.90,,,auto,P3_auto,0
A-01403,pb_45_aux_3,锦州港(周),万吨,未识别,未识别,无,pb_45_aux_3,pb_45_aux_3,latin_abbr,,,INDICATORS_V1_KEY,pb_45_aux_3,1,1,synonym_merge,0.90,,,auto,P3_auto,0
A-04461,pb_45_aux_3,锦州港(周),万吨,未识别,未识别,无,锦州港(周),锦州港(周,canonical,,,INDICATORS_V1_NAME,pb_45_aux_3,1,1,synonym_merge,0.90,,,auto,P3_auto,0
A-01404,pb_52_aux,CAAM: 中国汽车销量: 月度,,未识别,未识别,无,pb_52_aux,pb_52_aux,latin_abbr,,,INDICATORS_V1_KEY,pb_52_aux,1,1,synonym_merge,0.90,,,auto,P3_auto,0
A-01405,pb_52_aux_2,CAAM: 中国汽车月度销量: 月度,,未识别,未识别,无,pb_52_aux_2,pb_52_aux_2,latin_abbr,,,INDICATORS_V1_KEY,pb_52_aux_2,1,1,synonym_merge,0.90,,,auto,P3_auto,0
A-01406,pb_61_aux,中国海关: 其他铅(粗铅)进口量: 阿曼: 月度,,未识别,未识别,无,pb_61_aux,pb_61_aux,latin_abbr,,,INDICATORS_V1_KEY,pb_61_aux,1,1,synonym_merge,0.90,,,auto,P3_auto,0
A-01407,pb_61_aux_2,澳大利亚(季)_2,百万澳元,未识别,未识别,无,pb_61_aux_2,pb_61_aux_2,latin_abbr,,,INDICATORS_V1_KEY,pb_61_aux_2,1,1,synonym_merge,0.90,,,auto,P3_auto,0
A-03508,pb_61_aux_2,澳大利亚(季)_2,百万澳元,未识别,未识别,无,澳大利亚(季)_2,澳大利亚(季)_2,canonical,,,INDICATORS_V1_NAME,pb_61_aux_2,1,1,synonym_merge,0.90,,,auto,P3_auto,0
A-01408,pb_61_aux_3,宝鸡(日),元/金属吨,未识别,未识别,无,pb_61_aux_3,pb_61_aux_3,latin_abbr,,,INDICATORS_V1_KEY,pb_61_aux_3,1,1,synonym_merge,0.90,,,auto,P3_auto,0
A-02973,pb_61_aux_3,宝鸡(日),元/金属吨,未识别,未识别,无,宝鸡(日),宝鸡(日,canonical,,,INDICATORS_V1_NAME,pb_61_aux_3,1,1,synonym_merge,0.90,,,auto,P3_auto,0
A-01409,pb_62_aux,SMM: 铅精矿进口盈亏: 盈亏: 日度,,未识别,未识别,无,pb_62_aux,pb_62_aux,latin_abbr,,,INDICATORS_V1_KEY,pb_62_aux,1,1,synonym_merge,0.90,,,auto,P3_auto,0
A-01410,pb_62_aux_2,SMM: 进口盈亏: 铅: 现货: 关税: 日度,,未识别,未识别,无,pb_62_aux_2,pb_62_aux_2,latin_abbr,,,INDICATORS_V1_KEY,pb_62_aux_2,1,1,synonym_merge,0.90,,,auto,P3_auto,0
A-00435,pb_62_aux_3,SMM: 精炼铅出口盈亏: 中国台湾: 日度,,PB,盈亏,铅,SMM: 精炼铅出口盈亏: 中国台湾: 日度,SMM:精炼铅出口盈亏:中国台湾:日度,mixed_script,,,INDICATORS_V1_NAME,pb_62_aux_3,1,1,synonym_merge,0.90,,,auto,P3_auto,0
A-01411,pb_62_aux_3,SMM: 精炼铅出口盈亏: 中国台湾: 日度,,未识别,未识别,无,pb_62_aux_3,pb_62_aux_3,latin_abbr,,,INDICATORS_V1_KEY,pb_62_aux_3,1,1,synonym_merge,0.90,,,auto,P3_auto,0
A-01412,pb_62_pb_import_total,中国海关: 铅锭及铅材进口量: 月度,,未识别,未识别,无,pb_62_pb_import_total,pb_62_pb_import_total,latin_abbr,,,INDICATORS_V1_KEY,pb_62_pb_import_total,1,1,synonym_merge,0.90,,,auto,P3_auto,0
A-02364,pb_62_pb_import_total,中国海关: 铅锭及铅材进口量: 月度,,PB,进口量,铅锭|铅,中国海关: 铅锭及铅材进口量: 月度,中国海关:铅锭及铅材进口量:月度,canonical,,,INDICATORS_V1_NAME,pb_62_pb_import_total,1,1,synonym_merge,0.90,,,auto,P3_auto,0
A-01413,pb_62_plate_export,中国海关: 铅板出口量: 月度,,未识别,未识别,无,pb_62_plate_export,pb_62_plate_export,latin_abbr,,,INDICATORS_V1_KEY,pb_62_plate_export,1,1,synonym_merge,0.90,,,auto,P3_auto,0
A-01414,pb_62_plate_import,中国海关: 铅板进口量: 月度,,未识别,未识别,无,pb_62_plate_import,pb_62_plate_import,latin_abbr,,,INDICATORS_V1_KEY,pb_62_plate_import,1,1,synonym_merge,0.90,,,auto,P3_auto,0
A-01415,pb_63_alloy_export,中国海关: 铅合金出口量: 月度,,未识别,未识别,无,pb_63_alloy_export,pb_63_alloy_export,latin_abbr,,,INDICATORS_V1_KEY,pb_63_alloy_export,1,1,synonym_merge,0.90,,,auto,P3_auto,0
A-01416,pb_63_alloy_export_2,中国海关: 铅合金出口量: 累计: 月度,,未识别,未识别,无,pb_63_alloy_export_2,pb_63_alloy_export_2,latin_abbr,,,INDICATORS_V1_KEY,pb_63_alloy_export_2,1,1,synonym_merge,0.90,,,auto,P3_auto,0
A-01417,pb_63_alloy_import,中国海关: 铅合金进口量: 月度,,未识别,未识别,无,pb_63_alloy_import,pb_63_alloy_import,latin_abbr,,,INDICATORS_V1_KEY,pb_63_alloy_import,1,1,synonym_merge,0.90,,,auto,P3_auto,0
A-01418,pb_63_aux,铅蓄电池：出口数量终值：中国（月）,,未识别,未识别,无,pb_63_aux,pb_63_aux,latin_abbr,,,INDICATORS_V1_KEY,pb_63_aux,1,1,synonym_merge,0.90,,,auto,P3_auto,0
A-04179,pb_63_aux,铅蓄电池：出口数量终值：中国（月）,,PB,未识别,铅,铅蓄电池：出口数量终值：中国（月）,铅蓄电池:出口数量终值:中国(月,canonical,,,INDICATORS_V1_NAME,pb_63_aux,1,1,synonym_merge,0.90,,,auto,P3_auto,0
A-01419,pb_63_aux_2,铅蓄电池：进口数量终值：中国（月）,,未识别,未识别,无,pb_63_aux_2,pb_63_aux_2,latin_abbr,,,INDICATORS_V1_KEY,pb_63_aux_2,1,1,synonym_merge,0.90,,,auto,P3_auto,0
A-04180,pb_63_aux_2,铅蓄电池：进口数量终值：中国（月）,,PB,未识别,铅,铅蓄电池：进口数量终值：中国（月）,铅蓄电池:进口数量终值:中国(月,canonical,,,INDICATORS_V1_NAME,pb_63_aux_2,1,1,synonym_merge,0.90,,,auto,P3_auto,0
A-01420,pb_63_battery_import,中国海关: 铅蓄电池进口量: 月度,,未识别,未识别,无,pb_63_battery_import,pb_63_battery_import,latin_abbr,,,INDICATORS_V1_KEY,pb_63_battery_import,1,1,synonym_merge,0.90,,,auto,P3_auto,0
A-01421,pb_63_other_import,中国海关: 其他铅材进口量: 月度,,未识别,未识别,无,pb_63_other_import,pb_63_other_import,latin_abbr,,,INDICATORS_V1_KEY,pb_63_other_import,1,1,synonym_merge,0.90,,,auto,P3_auto,0
A-01422,pb_64_aux,澳大利亚(季)_1,百万澳元,未识别,未识别,无,pb_64_aux,pb_64_aux,latin_abbr,,,INDICATORS_V1_KEY,pb_64_aux,1,1,synonym_merge,0.90,,,auto,P3_auto,0
A-03507,pb_64_aux,澳大利亚(季)_1,百万澳元,未识别,未识别,无,澳大利亚(季)_1,澳大利亚(季)_1,canonical,,,INDICATORS_V1_NAME,pb_64_aux,1,1,synonym_merge,0.90,,,auto,P3_auto,0
A-00436,pb_71_aux,SMM: 精炼铅成本及利润: 1号白银价格: 日度,,PB,成本|利润|价格,铅,SMM: 精炼铅成本及利润: 1号白银价格: 日度,SMM:精炼铅成本及利润:1号白银价格:日度,mixed_script,,,INDICATORS_V1_NAME,pb_71_aux,1,1,synonym_merge,0.90,,,auto,P3_auto,0
A-01423,pb_71_aux,SMM: 精炼铅成本及利润: 1号白银价格: 日度,,未识别,未识别,无,pb_71_aux,pb_71_aux,latin_abbr,,,INDICATORS_V1_KEY,pb_71_aux,1,1,synonym_merge,0.90,,,auto,P3_auto,0
A-00376,pb_72_aux,SMM: 不含税再生铅利润: 日度,,PB,利润,再生铅|铅,SMM: 不含税再生铅利润: 日度,SMM:不含税再生铅利润:日度,mixed_script,,,INDICATORS_V1_NAME,pb_72_aux,1,1,synonym_merge,0.90,,,auto,P3_auto,0
A-01424,pb_72_aux,SMM: 不含税再生铅利润: 日度,,未识别,未识别,无,pb_72_aux,pb_72_aux,latin_abbr,,,INDICATORS_V1_KEY,pb_72_aux,1,1,synonym_merge,0.90,,,auto,P3_auto,0
A-00441,pb_72_aux_2,SMM: 规模再生铅企业综合成本: 日度,,PB,成本,再生铅|铅,SMM: 规模再生铅企业综合成本: 日度,SMM:规模再生铅企业综合成本:日度,mixed_script,,,INDICATORS_V1_NAME,pb_72_aux_2,1,1,synonym_merge,0.90,,,auto,P3_auto,0
A-01425,pb_72_aux_2,SMM: 规模再生铅企业综合成本: 日度,,未识别,未识别,无,pb_72_aux_2,pb_72_aux_2,latin_abbr,,,INDICATORS_V1_KEY,pb_72_aux_2,1,1,synonym_merge,0.90,,,auto,P3_auto,0
A-00378,pb_72_aux_3,SMM: 中小规模再生铅企业综合成本: 日度,,PB,成本,再生铅|铅,SMM: 中小规模再生铅企业综合成本: 日度,SMM:中小规模再生铅企业综合成本:日度,mixed_script,,,INDICATORS_V1_NAME,pb_72_aux_3,1,1,synonym_merge,0.90,,,auto,P3_auto,0
A-01426,pb_72_aux_3,SMM: 中小规模再生铅企业综合成本: 日度,,未识别,未识别,无,pb_72_aux_3,pb_72_aux_3,latin_abbr,,,INDICATORS_V1_KEY,pb_72_aux_3,1,1,synonym_merge,0.90,,,auto,P3_auto,0
A-00402,pb_72_aux_4,SMM: 废管式电池 - 平均价: 日度,,未识别,均价,无,SMM: 废管式电池 - 平均价: 日度,SMM:废管式电池-平均价:日度,mixed_script,,,INDICATORS_V1_NAME,pb_72_aux_4,1,1,synonym_merge,0.90,,,auto,P3_auto,0
A-01427,pb_72_aux_4,SMM: 废管式电池 - 平均价: 日度,,未识别,未识别,无,pb_72_aux_4,pb_72_aux_4,latin_abbr,,,INDICATORS_V1_KEY,pb_72_aux_4,1,1,synonym_merge,0.90,,,auto,P3_auto,0
A-01428,pb_72_waste_battery,废铅蓄电池：电动车电池：采购价格：江苏春兴（日）,,未识别,未识别,无,pb_72_waste_battery,pb_72_waste_battery,latin_abbr,,,INDICATORS_V1_KEY,pb_72_waste_battery,1,1,synonym_merge,0.90,,,auto,P3_auto,0
A-03185,pb_72_waste_battery,废铅蓄电池：电动车电池：采购价格：江苏春兴（日）,,PB,价格,铅,废铅蓄电池：电动车电池：采购价格：江苏春兴（日）,废铅蓄电池:电动车电池:采购价格:江苏春兴(日,canonical,,,INDICATORS_V1_NAME,pb_72_waste_battery,1,1,synonym_merge,0.90,,,auto,P3_auto,0
A-01429,pb_72_waste_battery_2,废铅蓄电池：电动车电池：采购价格：湖北金洋（日）,,未识别,未识别,无,pb_72_waste_battery_2,pb_72_waste_battery_2,latin_abbr,,,INDICATORS_V1_KEY,pb_72_waste_battery_2,1,1,synonym_merge,0.90,,,auto,P3_auto,0
A-03186,pb_72_waste_battery_2,废铅蓄电池：电动车电池：采购价格：湖北金洋（日）,,PB,价格,铅,废铅蓄电池：电动车电池：采购价格：湖北金洋（日）,废铅蓄电池:电动车电池:采购价格:湖北金洋(日,canonical,,,INDICATORS_V1_NAME,pb_72_waste_battery_2,1,1,synonym_merge,0.90,,,auto,P3_auto,0
A-01430,pb_73_h2so4,硫酸：98%冶炼酸：出厂价：华中地区：河南金利金铅（日）,,未识别,未识别,无,pb_73_h2so4,pb_73_h2so4,latin_abbr,,,INDICATORS_V1_KEY,pb_73_h2so4,1,1,synonym_merge,0.90,,,auto,P3_auto,0
A-03705,pb_73_h2so4,硫酸：98%冶炼酸：出厂价：华中地区：河南金利金铅（日）,,ENTITY|PB,未识别,硫酸|铅,硫酸：98%冶炼酸：出厂价：华中地区：河南金利金铅（日）,硫酸:98%冶炼酸:出厂价:华中地区:河南金利金铅(日,canonical,,,INDICATORS_V1_NAME,pb_73_h2so4,1,1,synonym_merge,0.90,,,auto,P3_auto,0
A-00399,pb_73_h2so4_2,SMM: 广西地区冶炼酸(硫酸)价格(出厂价) - 涨跌: 日度,,ENTITY,价格,硫酸,SMM: 广西地区冶炼酸(硫酸)价格(出厂价) - 涨跌: 日度,SMM:广西地区冶炼酸(硫酸)价格(出厂价,unit_variant,-涨跌:日度,,INDICATORS_V1_NAME,pb_73_h2so4_2,1,1,synonym_merge,0.90,,,auto,P3_auto,0
A-01431,pb_73_h2so4_2,SMM: 广西地区冶炼酸(硫酸)价格(出厂价) - 涨跌: 日度,,未识别,未识别,无,pb_73_h2so4_2,pb_73_h2so4_2,latin_abbr,,,INDICATORS_V1_KEY,pb_73_h2so4_2,1,1,synonym_merge,0.90,,,auto,P3_auto,0
A-00380,pb_73_h2so4_3,SMM: 云南地区冶炼酸(硫酸)价格(出厂价) - 涨跌: 日度,,ENTITY,价格,硫酸,SMM: 云南地区冶炼酸(硫酸)价格(出厂价) - 涨跌: 日度,SMM:云南地区冶炼酸(硫酸)价格(出厂价,unit_variant,-涨跌:日度,,INDICATORS_V1_NAME,pb_73_h2so4_3,1,1,synonym_merge,0.90,,,auto,P3_auto,0
A-01432,pb_73_h2so4_3,SMM: 云南地区冶炼酸(硫酸)价格(出厂价) - 涨跌: 日度,,未识别,未识别,无,pb_73_h2so4_3,pb_73_h2so4_3,latin_abbr,,,INDICATORS_V1_KEY,pb_73_h2so4_3,1,1,synonym_merge,0.90,,,auto,P3_auto,0
A-01433,pb_81_aux,SMM: 铅精矿平衡(新): 表观消费量: 月度,,未识别,未识别,无,pb_81_aux,pb_81_aux,latin_abbr,,,INDICATORS_V1_KEY,pb_81_aux,1,1,synonym_merge,0.90,,,auto,P3_auto,0
A-01434,pb_82_aux,中国(月)_1,万吨,未识别,未识别,无,pb_82_aux,pb_82_aux,latin_abbr,,,INDICATORS_V1_KEY,pb_82_aux,1,1,synonym_merge,0.90,,,auto,P3_auto,0
A-02293,pb_82_aux,中国(月)_1,万吨,未识别,未识别,无,中国(月)_1,中国(月)_1,canonical,,,INDICATORS_V1_NAME,pb_82_aux,1,1,synonym_merge,0.90,,,auto,P3_auto,0
A-01435,si_21_basis_industrial_si,GFEX：工业硅：基差（日）,元/吨,未识别,未识别,无,si_21_basis_industrial_si,si_21_basis_industrial_si,latin_abbr,,,INDICATORS_V1_KEY,si_21_basis_industrial_si,1,1,synonym_merge,0.90,,,auto,P3_auto,0
A-01436,si_21_close_front,工业硅主力合约收盘价,元/吨,未识别,未识别,无,si_21_close_front,si_21_close_front,latin_abbr,,,INDICATORS_V1_KEY,si_21_close_front,1,1,synonym_merge,0.90,,,auto,P3_auto,0
A-03008,si_21_close_front,工业硅主力合约收盘价,元/吨,SI,未识别,工业硅|硅,工业硅主力合约收盘价,工业硅主力合约收盘价,cross_report_synonym,,,INDICATORS_V1_NAME|THS_MATCHED,THS-NI-5.1|THS-SN-4.4|si_21_close_front,1,3,synonym_merge,0.90,,,auto,P3_auto,0
A-01437,si_21_close_front_industrial_si,GFEX：工业硅：主力合约：收盘价（日）,元/吨,未识别,未识别,无,si_21_close_front_industrial_si,si_21_close_front_industrial_si,latin_abbr,,,INDICATORS_V1_KEY,si_21_close_front_industrial_si,1,1,synonym_merge,0.90,,,auto,P3_auto,0
A-01438,si_21_openinterest,GFEX：工业硅：主力合约：单边交易：持仓量（日）,手,未识别,未识别,无,si_21_openinterest,si_21_openinterest,latin_abbr,,,INDICATORS_V1_KEY,si_21_openinterest,1,1,synonym_merge,0.90,,,auto,P3_auto,0
A-01439,si_21_openinterest_2,GFEX：工业硅：主力合约：单边交易：持仓量（日）,手,未识别,未识别,无,si_21_openinterest_2,si_21_openinterest_2,latin_abbr,,,INDICATORS_V1_KEY,si_21_openinterest_2,1,1,synonym_merge,0.90,,,auto,P3_auto,0
A-01440,si_21_openinterest_front,工业硅主力合约持仓量,手,未识别,未识别,无,si_21_openinterest_front,si_21_openinterest_front,latin_abbr,,,INDICATORS_V1_KEY,si_21_openinterest_front,1,1,synonym_merge,0.90,,,auto,P3_auto,0
A-03007,si_21_openinterest_front,工业硅主力合约持仓量,手,SI,持仓量|持仓,工业硅|硅,工业硅主力合约持仓量,工业硅主力合约持仓量,cross_report_synonym,,,INDICATORS_V1_NAME|THS_MATCHED,THS-NI-2.1|THS-NI-2.6|THS-SN-2.1|si_21_openinterest_front,1,8,synonym_merge,0.90,,,auto,P3_auto,0
A-01441,si_21_openinterest_industrial_si,GFEX：工业硅：单边交易：持仓量（日）,手,未识别,未识别,无,si_21_openinterest_industrial_si,si_21_openinterest_industrial_si,latin_abbr,,,INDICATORS_V1_KEY,si_21_openinterest_industrial_si,1,1,synonym_merge,0.90,,,auto,P3_auto,0
A-01442,si_21_openinterest_industrial_si_2,GFEX：工业硅：主力合约：单边交易：持仓量（日）,手,未识别,未识别,无,si_21_openinterest_industrial_si_2,si_21_openinterest_industrial_si_2,latin_abbr,,,INDICATORS_V1_KEY,si_21_openinterest_industrial_si_2,1,1,synonym_merge,0.90,,,auto,P3_auto,0
A-01443,si_21_openinterest_longshort_indus,GFEX：工业硅：主力合约：单边交易：持仓量（日）,手,未识别,未识别,无,si_21_openinterest_longshort_indus,si_21_openinterest_longshort_indus,latin_abbr,,,INDICATORS_V1_KEY,si_21_openinterest_longshort_indus,1,1,synonym_merge,0.90,,,auto,P3_auto,0
A-01444,si_21_percentile_openinterest_indu,GFEX：工业硅：主力合约：单边交易：持仓量（日）,手,未识别,未识别,无,si_21_percentile_openinterest_indu,si_21_percentile_openinterest_indu,latin_abbr,,,INDICATORS_V1_KEY,si_21_percentile_openinterest_indu,1,1,synonym_merge,0.90,,,auto,P3_auto,0
A-01445,si_21_volume_front,工业硅主力合约成交量,手,未识别,未识别,无,si_21_volume_front,si_21_volume_front,latin_abbr,,,INDICATORS_V1_KEY,si_21_volume_front,1,1,synonym_merge,0.90,,,auto,P3_auto,0
A-03006,si_21_volume_front,工业硅主力合约成交量,手,SI,成交量,工业硅|硅,工业硅主力合约成交量,工业硅主力合约成交量,cross_report_synonym,,,INDICATORS_V1_NAME|THS_MATCHED,THS-NI-2.1|THS-SN-2.1|si_21_volume_front,1,3,synonym_merge,0.90,,,auto,P3_auto,0
A-01446,si_21_volume_industrial_si,GFEX：工业硅：主力合约：单边交易：成交量（日）,手,未识别,未识别,无,si_21_volume_industrial_si,si_21_volume_industrial_si,latin_abbr,,,INDICATORS_V1_KEY,si_21_volume_industrial_si,1,1,synonym_merge,0.90,,,auto,P3_auto,0
A-01447,si_21_warrant_industrial_si,GFEX：工业硅：仓单数量（日）,手,未识别,未识别,无,si_21_warrant_industrial_si,si_21_warrant_industrial_si,latin_abbr,,,INDICATORS_V1_KEY,si_21_warrant_industrial_si,1,1,synonym_merge,0.90,,,auto,P3_auto,0
A-03058,si_22_basis,工业硅基差,元/吨,SI,基差,工业硅|硅,工业硅基差,工业硅基差,unit_variant,元/吨,,INDICATORS_V1_NAME|THS_MATCHED|THS_SERIES,THS-LI-2.1|THS-LI-2.2|THS-LI-2.4|THS-SI-2.2|si_22_basis,2,6,synonym_merge,0.95,,,auto,P3_auto,0
A-01448,si_22_basis,工业硅基差,元/吨,未识别,未识别,无,si_22_basis,si_22_basis,latin_abbr,,,INDICATORS_V1_KEY,si_22_basis,1,1,synonym_merge,0.90,,,auto,P3_auto,0
A-01449,si_22_basis_industrial_si,GFEX：工业硅：基差（日）,元/吨,未识别,未识别,无,si_22_basis_industrial_si,si_22_basis_industrial_si,latin_abbr,,,INDICATORS_V1_KEY,si_22_basis_industrial_si,1,1,synonym_merge,0.90,,,auto,P3_auto,0
A-00432,si_22_price_industrial_si,SMM: 硅产业链价格: SMM A00电解铝现货价格: 月度,,AL|SI,现货价格|价格,电解铝|铝|硅,SMM: 硅产业链价格: SMM A00电解铝现货价格: 月度,SMM:硅产业链价格:SMMA00电解铝现货价格:月度,mixed_script,,,INDICATORS_V1_NAME,si_22_price_industrial_si,1,1,synonym_merge,0.90,,,auto,P3_auto,0
A-01450,si_22_price_industrial_si,SMM: 硅产业链价格: SMM A00电解铝现货价格: 月度,,未识别,未识别,无,si_22_price_industrial_si,si_22_price_industrial_si,latin_abbr,,,INDICATORS_V1_KEY,si_22_price_industrial_si,1,1,synonym_merge,0.90,,,auto,P3_auto,0
A-01451,si_22_warrant_industrial_si,GFEX：工业硅：仓单数量（日）,手,未识别,未识别,无,si_22_warrant_industrial_si,si_22_warrant_industrial_si,latin_abbr,,,INDICATORS_V1_KEY,si_22_warrant_industrial_si,1,1,synonym_merge,0.90,,,auto,P3_auto,0
A-01452,si_23_close,GFEX：工业硅：主力合约：收盘价（日）,元/吨,未识别,未识别,无,si_23_close,si_23_close,latin_abbr,,,INDICATORS_V1_KEY,si_23_close,1,1,synonym_merge,0.90,,,auto,P3_auto,0
A-01453,si_23_close_2,GFEX：工业硅：主力合约：收盘价（日）,元/吨,未识别,未识别,无,si_23_close_2,si_23_close_2,latin_abbr,,,INDICATORS_V1_KEY,si_23_close_2,1,1,synonym_merge,0.90,,,auto,P3_auto,0
A-03089,si_23_spread_futures,工业硅期货月差,元/吨,SI,月差,工业硅|硅,工业硅期货月差（元/吨）,工业硅期货月差,unit_variant,元/吨,,INDICATORS_V1_NAME|THS_SERIES,THS-SI-2.4|si_23_spread_futures,2,2,synonym_merge,0.95,,,auto,P3_auto,0
A-01454,si_23_spread_futures,工业硅期货月差,元/吨,未识别,未识别,无,si_23_spread_futures,si_23_spread_futures,latin_abbr,,,INDICATORS_V1_KEY,si_23_spread_futures,1,1,synonym_merge,0.90,,,auto,P3_auto,0
A-01455,si_24_basis_industrial_si,GFEX：工业硅：基差（日）,元/吨,未识别,未识别,无,si_24_basis_industrial_si,si_24_basis_industrial_si,latin_abbr,,,INDICATORS_V1_KEY,si_24_basis_industrial_si,1,1,synonym_merge,0.90,,,auto,P3_auto,0
A-01456,si_24_close_far_industrial_si,GFEX：工业硅：主力合约：收盘价（日）,元/吨,未识别,未识别,无,si_24_close_far_industrial_si,si_24_close_far_industrial_si,latin_abbr,,,INDICATORS_V1_KEY,si_24_close_far_industrial_si,1,1,synonym_merge,0.90,,,auto,P3_auto,0
A-01457,si_24_close_near_industrial_si,GFEX：工业硅：主力合约：收盘价（日）,元/吨,未识别,未识别,无,si_24_close_near_industrial_si,si_24_close_near_industrial_si,latin_abbr,,,INDICATORS_V1_KEY,si_24_close_near_industrial_si,1,1,synonym_merge,0.90,,,auto,P3_auto,0
A-01458,si_24_spot,工业硅现货价421#,元/吨,未识别,未识别,无,si_24_spot,si_24_spot,latin_abbr,,,INDICATORS_V1_KEY,si_24_spot,1,1,synonym_merge,0.90,,,auto,P3_auto,0
A-01459,si_24_spot_2,工业硅现货价553#,元/吨,未识别,未识别,无,si_24_spot_2,si_24_spot_2,latin_abbr,,,INDICATORS_V1_KEY,si_24_spot_2,1,1,synonym_merge,0.90,,,auto,P3_auto,0
A-01460,si_24_spot_3,工业硅现货价553#,元/吨,未识别,未识别,无,si_24_spot_3,si_24_spot_3,latin_abbr,,,INDICATORS_V1_KEY,si_24_spot_3,1,1,synonym_merge,0.90,,,auto,P3_auto,0
A-01461,si_24_spot_4,工业硅现货价553#,元/吨,未识别,未识别,无,si_24_spot_4,si_24_spot_4,latin_abbr,,,INDICATORS_V1_KEY,si_24_spot_4,1,1,synonym_merge,0.90,,,auto,P3_auto,0
A-01462,si_24_spot_5,工业硅现货价553#,元/吨,未识别,未识别,无,si_24_spot_5,si_24_spot_5,latin_abbr,,,INDICATORS_V1_KEY,si_24_spot_5,1,1,synonym_merge,0.90,,,auto,P3_auto,0
A-01463,si_24_spot_6,工业硅现货价421#,元/吨,未识别,未识别,无,si_24_spot_6,si_24_spot_6,latin_abbr,,,INDICATORS_V1_KEY,si_24_spot_6,1,1,synonym_merge,0.90,,,auto,P3_auto,0
A-01464,si_24_spot_7,工业硅现货价421#,元/吨,未识别,未识别,无,si_24_spot_7,si_24_spot_7,latin_abbr,,,INDICATORS_V1_KEY,si_24_spot_7,1,1,synonym_merge,0.90,,,auto,P3_auto,0
A-01465,si_24_warrant_industrial_si,GFEX：工业硅：仓单数量（日）,手,未识别,未识别,无,si_24_warrant_industrial_si,si_24_warrant_industrial_si,latin_abbr,,,INDICATORS_V1_KEY,si_24_warrant_industrial_si,1,1,synonym_merge,0.90,,,auto,P3_auto,0
A-00048,si_25_close_front_polysilicon,GFEX：多晶硅：主力合约：收盘价（日）,元/吨,SI,未识别,多晶硅|硅,GFEX：多晶硅：主力合约：收盘价（日）,GFEX:多晶硅:主力合约:收盘价(日,mixed_script,,,INDICATORS_V1_NAME,si_25_close_front_polysilicon,1,1,synonym_merge,0.90,,,auto,P3_auto,0
A-01466,si_25_close_front_polysilicon,GFEX：多晶硅：主力合约：收盘价（日）,元/吨,未识别,未识别,无,si_25_close_front_polysilicon,si_25_close_front_polysilicon,latin_abbr,,,INDICATORS_V1_KEY,si_25_close_front_polysilicon,1,1,synonym_merge,0.90,,,auto,P3_auto,0
A-01467,si_25_cost_industrial_si,工业硅：421#：成本：新疆（周）,元/吨,未识别,未识别,无,si_25_cost_industrial_si,si_25_cost_industrial_si,latin_abbr,,,INDICATORS_V1_KEY,si_25_cost_industrial_si,1,1,synonym_merge,0.90,,,auto,P3_auto,0
A-01468,si_25_cost_polysilicon,多晶硅：N型：致密料：生产成本（周）,元/千克,未识别,未识别,无,si_25_cost_polysilicon,si_25_cost_polysilicon,latin_abbr,,,INDICATORS_V1_KEY,si_25_cost_polysilicon,1,1,synonym_merge,0.90,,,auto,P3_auto,0
A-02907,si_25_cost_polysilicon,多晶硅：N型：致密料：生产成本（周）,元/千克,SI,生产成本|成本,多晶硅|硅,多晶硅：N型：致密料：生产成本（周）,多晶硅:N型:致密料:生产成本(周,mixed_script,,,INDICATORS_V1_NAME,si_25_cost_polysilicon,1,1,synonym_merge,0.90,,,auto,P3_auto,0
A-01469,si_25_cost_smelt,工业硅冶炼成本,元/吨,未识别,未识别,无,si_25_cost_smelt,si_25_cost_smelt,latin_abbr,,,INDICATORS_V1_KEY,si_25_cost_smelt,1,1,synonym_merge,0.90,,,auto,P3_auto,0
A-01470,si_25_cost_smelt_2,工业硅冶炼成本,元/吨,未识别,未识别,无,si_25_cost_smelt_2,si_25_cost_smelt_2,latin_abbr,,,INDICATORS_V1_KEY,si_25_cost_smelt_2,1,1,synonym_merge,0.90,,,auto,P3_auto,0
A-01471,si_25_profit,工业硅：421#：利润：新疆（周）,元/吨,未识别,未识别,无,si_25_profit,si_25_profit,latin_abbr,,,INDICATORS_V1_KEY,si_25_profit,1,1,synonym_merge,0.90,,,auto,P3_auto,0
A-01472,si_25_profit_2,工业硅：421#：利润：新疆（周）,元/吨,未识别,未识别,无,si_25_profit_2,si_25_profit_2,latin_abbr,,,INDICATORS_V1_KEY,si_25_profit_2,1,1,synonym_merge,0.90,,,auto,P3_auto,0
A-01473,si_25_profit_industrial_si,工业硅：421#：利润：新疆（周）,元/吨,未识别,未识别,无,si_25_profit_industrial_si,si_25_profit_industrial_si,latin_abbr,,,INDICATORS_V1_KEY,si_25_profit_industrial_si,1,1,synonym_merge,0.90,,,auto,P3_auto,0
A-01474,si_25_profit_percentile_industrial,工业硅：421#：利润：新疆（周）,元/吨,未识别,未识别,无,si_25_profit_percentile_industrial,si_25_profit_percentile_industrial,latin_abbr,,,INDICATORS_V1_KEY,si_25_profit_percentile_industrial,1,1,synonym_merge,0.90,,,auto,P3_auto,0
A-01475,si_25_profit_polysilicon,硅锰：利润：内蒙古（日）,元/吨,未识别,未识别,无,si_25_profit_polysilicon,si_25_profit_polysilicon,latin_abbr,,,INDICATORS_V1_KEY,si_25_profit_polysilicon,1,1,synonym_merge,0.90,,,auto,P3_auto,0
A-03698,si_25_profit_polysilicon,硅锰：利润：内蒙古（日）,元/吨,SI,利润,硅,硅锰：利润：内蒙古（日）,硅锰:利润:内蒙古(日,canonical,,,INDICATORS_V1_NAME,si_25_profit_polysilicon,1,1,synonym_merge,0.90,,,auto,P3_auto,0
A-01476,si_25_profit_smelt,工业硅冶炼利润,元/吨,未识别,未识别,无,si_25_profit_smelt,si_25_profit_smelt,latin_abbr,,,INDICATORS_V1_KEY,si_25_profit_smelt,1,1,synonym_merge,0.90,,,auto,P3_auto,0
A-01477,si_25_profit_smelt_2,工业硅冶炼利润,元/吨,未识别,未识别,无,si_25_profit_smelt_2,si_25_profit_smelt_2,latin_abbr,,,INDICATORS_V1_KEY,si_25_profit_smelt_2,1,1,synonym_merge,0.90,,,auto,P3_auto,0
A-00398,si_26_openinterest,SMM: 工业硅: 持仓量: 总计: 日度,手,SI,持仓量|持仓,工业硅|硅,SMM: 工业硅: 持仓量: 总计: 日度,SMM:工业硅:持仓量:总计:日度,mixed_script,,,INDICATORS_V1_NAME,si_26_openinterest,1,1,synonym_merge,0.90,,,auto,P3_auto,0
A-01478,si_26_openinterest,SMM: 工业硅: 持仓量: 总计: 日度,手,未识别,未识别,无,si_26_openinterest,si_26_openinterest,latin_abbr,,,INDICATORS_V1_KEY,si_26_openinterest,1,1,synonym_merge,0.90,,,auto,P3_auto,0
A-01479,si_26_openinterest_longshort_indus,GFEX：工业硅：主力合约：单边交易：持仓量（日）,手,未识别,未识别,无,si_26_openinterest_longshort_indus,si_26_openinterest_longshort_indus,latin_abbr,,,INDICATORS_V1_KEY,si_26_openinterest_longshort_indus,1,1,synonym_merge,0.90,,,auto,P3_auto,0
A-01480,si_26_openinterest_longshort_top20,GFEX：工业硅：主力合约：单边交易：持仓量（日）,手,未识别,未识别,无,si_26_openinterest_longshort_top20,si_26_openinterest_longshort_top20,latin_abbr,,,INDICATORS_V1_KEY,si_26_openinterest_longshort_top20,1,1,synonym_merge,0.90,,,auto,P3_auto,0
A-01481,si_26_openinterest_longshort_top20_2,GFEX：工业硅：主力合约：单边交易：持仓量（日）,手,未识别,未识别,无,si_26_openinterest_longshort_top20_2,si_26_openinterest_longshort_top20_2,latin_abbr,,,INDICATORS_V1_KEY,si_26_openinterest_longshort_top20_2,1,1,synonym_merge,0.90,,,auto,P3_auto,0
A-01482,si_26_openinterest_top20,GFEX：工业硅：主力合约：单边交易：持仓量（日）,手,未识别,未识别,无,si_26_openinterest_top20,si_26_openinterest_top20,latin_abbr,,,INDICATORS_V1_KEY,si_26_openinterest_top20,1,1,synonym_merge,0.90,,,auto,P3_auto,0
A-01483,si_26_openinterest_top20_2,GFEX：工业硅：主力合约：单边交易：持仓量（日）,手,未识别,未识别,无,si_26_openinterest_top20_2,si_26_openinterest_top20_2,latin_abbr,,,INDICATORS_V1_KEY,si_26_openinterest_top20_2,1,1,synonym_merge,0.90,,,auto,P3_auto,0
A-01484,si_26_openinterest_top20_industria,GFEX：工业硅：主力合约：单边交易：持仓量（日）,手,未识别,未识别,无,si_26_openinterest_top20_industria,si_26_openinterest_top20_industria,latin_abbr,,,INDICATORS_V1_KEY,si_26_openinterest_top20_industria,1,1,synonym_merge,0.90,,,auto,P3_auto,0
A-01485,si_26_openinterest_top20_industria_2,GFEX：工业硅：主力合约：单边交易：持仓量（日）,手,未识别,未识别,无,si_26_openinterest_top20_industria_2,si_26_openinterest_top20_industria_2,latin_abbr,,,INDICATORS_V1_KEY,si_26_openinterest_top20_industria_2,1,1,synonym_merge,0.90,,,auto,P3_auto,0
A-01486,si_26_openinterest_top20_long,工业硅多头前20持仓量,手,未识别,未识别,无,si_26_openinterest_top20_long,si_26_openinterest_top20_long,latin_abbr,,,INDICATORS_V1_KEY,si_26_openinterest_top20_long,1,1,synonym_merge,0.90,,,auto,P3_auto,0
A-01487,si_26_openinterest_top20_long_2,工业硅多头前20持仓量,手,未识别,未识别,无,si_26_openinterest_top20_long_2,si_26_openinterest_top20_long_2,latin_abbr,,,INDICATORS_V1_KEY,si_26_openinterest_top20_long_2,1,1,synonym_merge,0.90,,,auto,P3_auto,0
A-01488,si_26_openinterest_top20_long_3,工业硅多头前20持仓量,手,未识别,未识别,无,si_26_openinterest_top20_long_3,si_26_openinterest_top20_long_3,latin_abbr,,,INDICATORS_V1_KEY,si_26_openinterest_top20_long_3,1,1,synonym_merge,0.90,,,auto,P3_auto,0
A-01489,si_26_openinterest_top20_short,工业硅空头前20持仓量,手,未识别,未识别,无,si_26_openinterest_top20_short,si_26_openinterest_top20_short,latin_abbr,,,INDICATORS_V1_KEY,si_26_openinterest_top20_short,1,1,synonym_merge,0.90,,,auto,P3_auto,0
A-01490,si_26_openinterest_top20_short_2,工业硅空头前20持仓量,手,未识别,未识别,无,si_26_openinterest_top20_short_2,si_26_openinterest_top20_short_2,latin_abbr,,,INDICATORS_V1_KEY,si_26_openinterest_top20_short_2,1,1,synonym_merge,0.90,,,auto,P3_auto,0
A-01491,si_26_percentile_openinterest_indu,GFEX：工业硅：单边交易：持仓量（日）,手,未识别,未识别,无,si_26_percentile_openinterest_indu,si_26_percentile_openinterest_indu,latin_abbr,,,INDICATORS_V1_KEY,si_26_percentile_openinterest_indu,1,1,synonym_merge,0.90,,,auto,P3_auto,0
A-01492,si_26_top20_openinterest,工业硅空头前20持仓量,手,未识别,未识别,无,si_26_top20_openinterest,si_26_top20_openinterest,latin_abbr,,,INDICATORS_V1_KEY,si_26_top20_openinterest,1,1,synonym_merge,0.90,,,auto,P3_auto,0
A-01493,si_26_volume_industrial_si,GFEX：工业硅：单边交易：成交量（日）,手,未识别,未识别,无,si_26_volume_industrial_si,si_26_volume_industrial_si,latin_abbr,,,INDICATORS_V1_KEY,si_26_volume_industrial_si,1,1,synonym_merge,0.90,,,auto,P3_auto,0
A-01494,si_311_capacity_util,硅铁生产企业：产能利用率：陕西（月）,百分比,未识别,未识别,无,si_311_capacity_util,si_311_capacity_util,latin_abbr,,,INDICATORS_V1_KEY,si_311_capacity_util,1,1,synonym_merge,0.90,,,auto,P3_auto,0
A-03696,si_311_capacity_util,硅铁生产企业：产能利用率：陕西（月）,百分比,SI,产能利用率|产能,硅,硅铁生产企业：产能利用率：陕西（月）,硅铁生产企业:产能利用率:陕西(月,canonical,,,INDICATORS_V1_NAME,si_311_capacity_util,1,1,synonym_merge,0.90,,,auto,P3_auto,0
A-01495,si_311_output,硅锰：产量：内蒙古（月）,吨,未识别,未识别,无,si_311_output,si_311_output,latin_abbr,,,INDICATORS_V1_KEY,si_311_output,1,1,synonym_merge,0.90,,,auto,P3_auto,0
A-01496,si_311_output_recycle,硅锰：产量：内蒙古（月）,吨,未识别,未识别,无,si_311_output_recycle,si_311_output_recycle,latin_abbr,,,INDICATORS_V1_KEY,si_311_output_recycle,1,1,synonym_merge,0.90,,,auto,P3_auto,0
A-01497,si_311_util,硅锰企业：开工率：内蒙古（周）,百分比,未识别,未识别,无,si_311_util,si_311_util,latin_abbr,,,INDICATORS_V1_KEY,si_311_util,1,1,synonym_merge,0.90,,,auto,P3_auto,0
A-03701,si_311_util,硅锰企业：开工率：内蒙古（周）,百分比,SI,开工率|开工,硅,硅锰企业：开工率：内蒙古（周）,硅锰企业:开工率:内蒙古(周,canonical,,,INDICATORS_V1_NAME,si_311_util,1,1,synonym_merge,0.90,,,auto,P3_auto,0
A-01498,si_312_capacity,硅锰企业：产能：中国（月）,吨,未识别,未识别,无,si_312_capacity,si_312_capacity,latin_abbr,,,INDICATORS_V1_KEY,si_312_capacity,1,1,synonym_merge,0.90,,,auto,P3_auto,0
A-03699,si_312_capacity,硅锰企业：产能：中国（月）,吨,SI,产能,硅,硅锰企业：产能：中国（月）,硅锰企业:产能:中国(月,canonical,,,INDICATORS_V1_NAME,si_312_capacity,1,1,synonym_merge,0.90,,,auto,P3_auto,0
A-01499,si_312_capacity_util,工业硅：产能利用率：东北地区（月）,百分比,未识别,未识别,无,si_312_capacity_util,si_312_capacity_util,latin_abbr,,,INDICATORS_V1_KEY,si_312_capacity_util,1,1,synonym_merge,0.90,,,auto,P3_auto,0
A-02989,si_312_capacity_util,工业硅：产能利用率：东北地区（月）,百分比,SI,产能利用率|产能,工业硅|硅,工业硅：产能利用率：东北地区（月）,工业硅:产能利用率:东北地区(月,canonical,,,INDICATORS_V1_NAME,si_312_capacity_util,1,1,synonym_merge,0.90,,,auto,P3_auto,0
A-01500,si_312_capacity_util_2,多晶硅：产能利用率：中国（月）,百分比,未识别,未识别,无,si_312_capacity_util_2,si_312_capacity_util_2,latin_abbr,,,INDICATORS_V1_KEY,si_312_capacity_util_2,1,1,synonym_merge,0.90,,,auto,P3_auto,0
A-01501,si_312_import,硅铁：进口数量：中国（年）,吨,未识别,未识别,无,si_312_import,si_312_import,latin_abbr,,,INDICATORS_V1_KEY,si_312_import,1,1,synonym_merge,0.90,,,auto,P3_auto,0
A-01502,si_312_import_2,碳化硅：进口数量：美国（年）,吨,未识别,未识别,无,si_312_import_2,si_312_import_2,latin_abbr,,,INDICATORS_V1_KEY,si_312_import_2,1,1,synonym_merge,0.90,,,auto,P3_auto,0
A-03718,si_312_import_2,碳化硅：进口数量：美国（年）,吨,SI,未识别,硅,碳化硅：进口数量：美国（年）,碳化硅:进口数量:美国(年,canonical,,,INDICATORS_V1_NAME,si_312_import_2,1,1,synonym_merge,0.90,,,auto,P3_auto,0
A-01503,si_312_output,美国工业硅产量,千吨,未识别,未识别,无,si_312_output,si_312_output,latin_abbr,,,INDICATORS_V1_KEY,si_312_output,1,1,synonym_merge,0.90,,,auto,P3_auto,0
A-03926,si_312_output,美国工业硅产量,千吨,SI,产量,工业硅|硅,美国工业硅产量,美国工业硅产量,canonical,,,INDICATORS_V1_NAME,si_312_output,1,1,synonym_merge,0.90,,,auto,P3_auto,0
A-01504,si_312_output_2,中国工业硅月产量,万吨,未识别,未识别,无,si_312_output_2,si_312_output_2,latin_abbr,,,INDICATORS_V1_KEY,si_312_output_2,1,1,synonym_merge,0.90,,,auto,P3_auto,0
A-01505,si_312_output_3,中国工业硅月产量,万吨,未识别,未识别,无,si_312_output_3,si_312_output_3,latin_abbr,,,INDICATORS_V1_KEY,si_312_output_3,1,1,synonym_merge,0.90,,,auto,P3_auto,0
A-01506,si_312_output_recycle,工业硅：产量：东北地区（月）,吨,未识别,未识别,无,si_312_output_recycle,si_312_output_recycle,latin_abbr,,,INDICATORS_V1_KEY,si_312_output_recycle,1,1,synonym_merge,0.90,,,auto,P3_auto,0
A-00538,si_312_output_recycle_2,USGS：硅系：产量：美国（年）,千公吨,SI,产量,硅,USGS：硅系：产量：美国（年）,USGS:硅系:产量:美国(年,mixed_script,,,INDICATORS_V1_NAME,si_312_output_recycle_2,1,1,synonym_merge,0.90,,,auto,P3_auto,0
A-01507,si_312_output_recycle_2,USGS：硅系：产量：美国（年）,千公吨,未识别,未识别,无,si_312_output_recycle_2,si_312_output_recycle_2,latin_abbr,,,INDICATORS_V1_KEY,si_312_output_recycle_2,1,1,synonym_merge,0.90,,,auto,P3_auto,0
A-01508,si_312_util,工业硅：开工率：东北地区（月）,百分比,未识别,未识别,无,si_312_util,si_312_util,latin_abbr,,,INDICATORS_V1_KEY,si_312_util,1,1,synonym_merge,0.90,,,auto,P3_auto,0
A-02993,si_312_util,工业硅：开工率：东北地区（月）,百分比,SI,开工率|开工,工业硅|硅,工业硅：开工率：东北地区（月）,工业硅:开工率:东北地区(月,canonical,,,INDICATORS_V1_NAME,si_312_util,1,1,synonym_merge,0.90,,,auto,P3_auto,0
A-01509,si_312_util_2,硅锰企业：开工率：中国（周）,百分比,未识别,未识别,无,si_312_util_2,si_312_util_2,latin_abbr,,,INDICATORS_V1_KEY,si_312_util_2,1,1,synonym_merge,0.90,,,auto,P3_auto,0
A-01510,si_312_util_3,硅锰企业：开工率：中国（周）,百分比,未识别,未识别,无,si_312_util_3,si_312_util_3,latin_abbr,,,INDICATORS_V1_KEY,si_312_util_3,1,1,synonym_merge,0.90,,,auto,P3_auto,0
A-01511,si_312_util_4,中国工业硅开工率,%,未识别,未识别,无,si_312_util_4,si_312_util_4,latin_abbr,,,INDICATORS_V1_KEY,si_312_util_4,1,1,synonym_merge,0.90,,,auto,P3_auto,0
A-02318,si_312_util_4,中国工业硅开工率,%,SI,开工率|开工,工业硅|硅,中国工业硅开工率,中国工业硅开工率,canonical,,,INDICATORS_V1_NAME,si_312_util_4,1,1,synonym_merge,0.90,,,auto,P3_auto,0
A-01512,si_313_inv_social,工业硅社会库存,万吨,未识别,未识别,无,si_313_inv_social,si_313_inv_social,latin_abbr,,,INDICATORS_V1_KEY,si_313_inv_social,1,1,synonym_merge,0.90,,,auto,P3_auto,0
A-01513,si_313_social_inv,工业硅社会库存,万吨,未识别,未识别,无,si_313_social_inv,si_313_social_inv,latin_abbr,,,INDICATORS_V1_KEY,si_313_social_inv,1,1,synonym_merge,0.90,,,auto,P3_auto,0
A-01514,si_313_util_capacity,中国工业硅产能利用率,%,未识别,未识别,无,si_313_util_capacity,si_313_util_capacity,latin_abbr,,,INDICATORS_V1_KEY,si_313_util_capacity,1,1,synonym_merge,0.90,,,auto,P3_auto,0
A-02316,si_313_util_capacity,中国工业硅产能利用率,%,SI,产能利用率|产能,工业硅|硅,中国工业硅产能利用率,中国工业硅产能利用率,cross_report_synonym,,,INDICATORS_V1_NAME|THS_MATCHED,THS-SN-3.2.2|THS-SN-3.2.3|THS-ZN-3.2.1|si_313_util_capacity,1,15,synonym_merge,0.90,,,auto,P3_auto,0
A-01515,si_314_by_country_import,工业硅月进口量分国别,吨,未识别,未识别,无,si_314_by_country_import,si_314_by_country_import,latin_abbr,,,INDICATORS_V1_KEY,si_314_by_country_import,1,1,synonym_merge,0.90,,,auto,P3_auto,0
A-01516,si_314_by_country_import_2,工业硅月进口量分国别,吨,未识别,未识别,无,si_314_by_country_import_2,si_314_by_country_import_2,latin_abbr,,,INDICATORS_V1_KEY,si_314_by_country_import_2,1,1,synonym_merge,0.90,,,auto,P3_auto,0
A-01517,si_314_import,硅铁：进口数量：中国（年）,吨,未识别,未识别,无,si_314_import,si_314_import,latin_abbr,,,INDICATORS_V1_KEY,si_314_import,1,1,synonym_merge,0.90,,,auto,P3_auto,0
A-01518,si_314_import_2,硅铁：进口数量合计：中国（月）,吨,未识别,未识别,无,si_314_import_2,si_314_import_2,latin_abbr,,,INDICATORS_V1_KEY,si_314_import_2,1,1,synonym_merge,0.90,,,auto,P3_auto,0
A-03695,si_314_import_2,硅铁：进口数量合计：中国（月）,吨,SI,未识别,硅,硅铁：进口数量合计：中国（月）,硅铁:进口数量合计:中国(月,canonical,,,INDICATORS_V1_NAME,si_314_import_2,1,1,synonym_merge,0.90,,,auto,P3_auto,0
A-01519,si_314_import_3,工业硅：Si＜99.99%：进口数量：江苏（月）,吨,未识别,未识别,无,si_314_import_3,si_314_import_3,latin_abbr,,,INDICATORS_V1_KEY,si_314_import_3,1,1,synonym_merge,0.90,,,auto,P3_auto,0
A-01520,si_314_import_4,工业硅：Si＜99.99%：进口数量：江苏（月）,吨,未识别,未识别,无,si_314_import_4,si_314_import_4,latin_abbr,,,INDICATORS_V1_KEY,si_314_import_4,1,1,synonym_merge,0.90,,,auto,P3_auto,0
A-01521,si_314_import_ratio,日本水泥协会：矿渣硅酸盐水泥：销量占比：国内（年）,百分比,未识别,未识别,无,si_314_import_ratio,si_314_import_ratio,latin_abbr,,,INDICATORS_V1_KEY,si_314_import_ratio,1,1,synonym_merge,0.90,,,auto,P3_auto,0
A-03231,si_314_import_ratio,日本水泥协会：矿渣硅酸盐水泥：销量占比：国内（年）,百分比,ENTITY|SI,销量|占比,水泥|硅,日本水泥协会：矿渣硅酸盐水泥：销量占比：国内（年）,日本水泥协会:矿渣硅酸盐水泥:销量占比:国内(年,canonical,,,INDICATORS_V1_NAME,si_314_import_ratio,1,1,synonym_merge,0.90,,,auto,P3_auto,0
A-01522,si_315_capacity_util_industrial_si,工业硅：产能利用率：中国（月）,百分比,未识别,未识别,无,si_315_capacity_util_industrial_si,si_315_capacity_util_industrial_si,latin_abbr,,,INDICATORS_V1_KEY,si_315_capacity_util_industrial_si,1,1,synonym_merge,0.90,,,auto,P3_auto,0
A-01523,si_315_import_industrial_si,工业硅：Si＜99.99%：进口数量：江苏（月）,吨,未识别,未识别,无,si_315_import_industrial_si,si_315_import_industrial_si,latin_abbr,,,INDICATORS_V1_KEY,si_315_import_industrial_si,1,1,synonym_merge,0.90,,,auto,P3_auto,0
A-01524,si_315_price_silica,硅石价格,元/吨,未识别,未识别,无,si_315_price_silica,si_315_price_silica,latin_abbr,,,INDICATORS_V1_KEY,si_315_price_silica,1,1,synonym_merge,0.90,,,auto,P3_auto,0
A-01525,si_315_price_silica_2,硅石价格,元/吨,未识别,未识别,无,si_315_price_silica_2,si_315_price_silica_2,latin_abbr,,,INDICATORS_V1_KEY,si_315_price_silica_2,1,1,synonym_merge,0.90,,,auto,P3_auto,0
A-01526,si_315_price_silica_3,硅石价格,元/吨,未识别,未识别,无,si_315_price_silica_3,si_315_price_silica_3,latin_abbr,,,INDICATORS_V1_KEY,si_315_price_silica_3,1,1,synonym_merge,0.90,,,auto,P3_auto,0
A-01527,si_315_price_silica_4,硅石价格,元/吨,未识别,未识别,无,si_315_price_silica_4,si_315_price_silica_4,latin_abbr,,,INDICATORS_V1_KEY,si_315_price_silica_4,1,1,synonym_merge,0.90,,,auto,P3_auto,0
A-01528,si_315_util_industrial_si,工业硅：开工率：中国（周）,百分比,未识别,未识别,无,si_315_util_industrial_si,si_315_util_industrial_si,latin_abbr,,,INDICATORS_V1_KEY,si_315_util_industrial_si,1,1,synonym_merge,0.90,,,auto,P3_auto,0
A-01529,si_321_capacity,硅片：产能：中国（年）,吉瓦,未识别,未识别,无,si_321_capacity,si_321_capacity,latin_abbr,,,INDICATORS_V1_KEY,si_321_capacity,1,1,synonym_merge,0.90,,,auto,P3_auto,0
A-03121,si_321_capacity_2,工业硅精炼月产能,万吨/月,SI,产能,工业硅|硅,工业硅精炼月产能（万吨）,工业硅精炼月产能,unit_variant,万吨,,INDICATORS_V1_NAME|THS_SERIES,THS-SI-3.2.1|si_321_capacity_2,2,2,synonym_merge,0.95,,,auto,P3_auto,0
A-01530,si_321_capacity_2,工业硅精炼月产能,万吨/月,未识别,未识别,无,si_321_capacity_2,si_321_capacity_2,latin_abbr,,,INDICATORS_V1_KEY,si_321_capacity_2,1,1,synonym_merge,0.90,,,auto,P3_auto,0
A-01531,si_321_capacity_industrial_si,工业硅：产能利用率：中国（月）,百分比,未识别,未识别,无,si_321_capacity_industrial_si,si_321_capacity_industrial_si,latin_abbr,,,INDICATORS_V1_KEY,si_321_capacity_industrial_si,1,1,synonym_merge,0.90,,,auto,P3_auto,0
A-01532,si_321_capacity_polysilicon,多晶硅：产能：中国（年）,万吨,未识别,未识别,无,si_321_capacity_polysilicon,si_321_capacity_polysilicon,latin_abbr,,,INDICATORS_V1_KEY,si_321_capacity_polysilicon,1,1,synonym_merge,0.90,,,auto,P3_auto,0
A-01533,si_321_capacity_util_industrial_si,工业硅：产能利用率：中国（月）,百分比,未识别,未识别,无,si_321_capacity_util_industrial_si,si_321_capacity_util_industrial_si,latin_abbr,,,INDICATORS_V1_KEY,si_321_capacity_util_industrial_si,1,1,synonym_merge,0.90,,,auto,P3_auto,0
A-01534,si_321_import,工业硅精炼月进口量,吨,未识别,未识别,无,si_321_import,si_321_import,latin_abbr,,,INDICATORS_V1_KEY,si_321_import,1,1,synonym_merge,0.90,,,auto,P3_auto,0
A-01535,si_321_import_2,工业硅精炼月进口量,吨,未识别,未识别,无,si_321_import_2,si_321_import_2,latin_abbr,,,INDICATORS_V1_KEY,si_321_import_2,1,1,synonym_merge,0.90,,,auto,P3_auto,0
A-03123,si_321_output,工业硅精炼月产量,万吨,SI,产量,工业硅|硅,工业硅精炼月产量（万吨）,工业硅精炼月产量,unit_variant,万吨,,INDICATORS_V1_NAME|THS_SERIES,THS-SI-3.2.1|THS-SI-3.2.2|si_321_output,2,3,synonym_merge,0.95,,,auto,P3_auto,0
A-01536,si_321_output,工业硅精炼月产量,万吨,未识别,未识别,无,si_321_output,si_321_output,latin_abbr,,,INDICATORS_V1_KEY,si_321_output,1,1,synonym_merge,0.90,,,auto,P3_auto,0
A-01537,si_321_output_polysilicon,多晶硅：产量：中国（月）,吨,未识别,未识别,无,si_321_output_polysilicon,si_321_output_polysilicon,latin_abbr,,,INDICATORS_V1_KEY,si_321_output_polysilicon,1,1,synonym_merge,0.90,,,auto,P3_auto,0
A-01538,si_321_util_industrial_si,工业硅：开工率：中国（月）,百分比,未识别,未识别,无,si_321_util_industrial_si,si_321_util_industrial_si,latin_abbr,,,INDICATORS_V1_KEY,si_321_util_industrial_si,1,1,synonym_merge,0.90,,,auto,P3_auto,0
A-01539,si_321_util_polysilicon,硅锰企业：开工率：中国（周）,百分比,未识别,未识别,无,si_321_util_polysilicon,si_321_util_polysilicon,latin_abbr,,,INDICATORS_V1_KEY,si_321_util_polysilicon,1,1,synonym_merge,0.90,,,auto,P3_auto,0
A-01540,si_322_util,工业硅：开工率：中国（月）,百分比,未识别,未识别,无,si_322_util,si_322_util,latin_abbr,,,INDICATORS_V1_KEY,si_322_util,1,1,synonym_merge,0.90,,,auto,P3_auto,0
A-01541,si_322_util_2,工业硅：开工率：中国（月）,百分比,未识别,未识别,无,si_322_util_2,si_322_util_2,latin_abbr,,,INDICATORS_V1_KEY,si_322_util_2,1,1,synonym_merge,0.90,,,auto,P3_auto,0
A-01542,si_322_util_3,工业硅：开工率：中国（月）,百分比,未识别,未识别,无,si_322_util_3,si_322_util_3,latin_abbr,,,INDICATORS_V1_KEY,si_322_util_3,1,1,synonym_merge,0.90,,,auto,P3_auto,0
A-03025,si_323_output_recycle,工业硅再生月产量,万吨,SI,产量,工业硅|硅,工业硅再生月产量（万吨）,工业硅再生月产量,unit_variant,万吨,,INDICATORS_V1_NAME|THS_SERIES,THS-SI-3.2.3|si_323_output_recycle,2,2,synonym_merge,0.95,,,auto,P3_auto,0
A-01543,si_323_output_recycle,工业硅再生月产量,万吨,未识别,未识别,无,si_323_output_recycle,si_323_output_recycle,latin_abbr,,,INDICATORS_V1_KEY,si_323_output_recycle,1,1,synonym_merge,0.90,,,auto,P3_auto,0
A-01544,si_323_output_recycle_polysilicon,多晶硅：产量：中国（月）,吨,未识别,未识别,无,si_323_output_recycle_polysilicon,si_323_output_recycle_polysilicon,latin_abbr,,,INDICATORS_V1_KEY,si_323_output_recycle_polysilicon,1,1,synonym_merge,0.90,,,auto,P3_auto,0
A-01545,si_323_recycle_capacity,硅片：产能：中国（年）,吉瓦,未识别,未识别,无,si_323_recycle_capacity,si_323_recycle_capacity,latin_abbr,,,INDICATORS_V1_KEY,si_323_recycle_capacity,1,1,synonym_merge,0.90,,,auto,P3_auto,0
A-01546,si_323_recycle_capacity_industrial_,硅片：产能：中国（年）,吉瓦,未识别,未识别,无,si_323_recycle_capacity_industrial_,si_323_recycle_capacity_industrial_,latin_abbr,,,INDICATORS_V1_KEY,si_323_recycle_capacity_industrial_,1,1,synonym_merge,0.90,,,auto,P3_auto,0
A-01547,si_323_recycle_capacity_polysilicon,多晶硅：产能：中国（年）,万吨,未识别,未识别,无,si_323_recycle_capacity_polysilicon,si_323_recycle_capacity_polysilicon,latin_abbr,,,INDICATORS_V1_KEY,si_323_recycle_capacity_polysilicon,1,1,synonym_merge,0.90,,,auto,P3_auto,0
A-01548,si_323_recycle_capacity_util,工业硅：产能利用率：中国（月）,百分比,未识别,未识别,无,si_323_recycle_capacity_util,si_323_recycle_capacity_util,latin_abbr,,,INDICATORS_V1_KEY,si_323_recycle_capacity_util,1,1,synonym_merge,0.90,,,auto,P3_auto,0
A-01549,si_323_util_recycle_industrial_si,工业硅：开工率：中国（月）,百分比,未识别,未识别,无,si_323_util_recycle_industrial_si,si_323_util_recycle_industrial_si,latin_abbr,,,INDICATORS_V1_KEY,si_323_util_recycle_industrial_si,1,1,synonym_merge,0.90,,,auto,P3_auto,0
A-01550,si_323_util_recycle_polysilicon,硅锰企业：开工率：中国（周）,百分比,未识别,未识别,无,si_323_util_recycle_polysilicon,si_323_util_recycle_polysilicon,latin_abbr,,,INDICATORS_V1_KEY,si_323_util_recycle_polysilicon,1,1,synonym_merge,0.90,,,auto,P3_auto,0
A-01551,si_324_profit,工业硅：421#：利润：新疆（周）,元/吨,未识别,未识别,无,si_324_profit,si_324_profit,latin_abbr,,,INDICATORS_V1_KEY,si_324_profit,1,1,synonym_merge,0.90,,,auto,P3_auto,0
A-01552,si_324_profit_2,工业硅：421#：利润：新疆（周）,元/吨,未识别,未识别,无,si_324_profit_2,si_324_profit_2,latin_abbr,,,INDICATORS_V1_KEY,si_324_profit_2,1,1,synonym_merge,0.90,,,auto,P3_auto,0
A-01553,si_41_inv_polysilicon,多晶硅：库存：中国（周）,万吨,未识别,未识别,无,si_41_inv_polysilicon,si_41_inv_polysilicon,latin_abbr,,,INDICATORS_V1_KEY,si_41_inv_polysilicon,1,1,synonym_merge,0.90,,,auto,P3_auto,0
A-00068,si_41_warrant,GFEX工业硅仓单增减,手/吨,SI,仓单,工业硅|硅,GFEX工业硅仓单增减,GFEX工业硅仓单增减,mixed_script,,,INDICATORS_V1_NAME,si_41_warrant,1,1,synonym_merge,0.90,,,auto,P3_auto,0
A-01554,si_41_warrant,GFEX工业硅仓单增减,手/吨,未识别,未识别,无,si_41_warrant,si_41_warrant,latin_abbr,,,INDICATORS_V1_KEY,si_41_warrant,1,1,synonym_merge,0.90,,,auto,P3_auto,0
A-00069,si_41_warrant_total,GFEX工业硅仓单总量,手/吨,SI,仓单,工业硅|硅,GFEX工业硅仓单总量,GFEX工业硅仓单总量,mixed_script,,,INDICATORS_V1_NAME,si_41_warrant_total,1,1,synonym_merge,0.90,,,auto,P3_auto,0
A-01555,si_41_warrant_total,GFEX工业硅仓单总量,手/吨,未识别,未识别,无,si_41_warrant_total,si_41_warrant_total,latin_abbr,,,INDICATORS_V1_KEY,si_41_warrant_total,1,1,synonym_merge,0.90,,,auto,P3_auto,0
A-01556,si_42_warrant,GFEX：工业硅：仓单数量（日）,手,未识别,未识别,无,si_42_warrant,si_42_warrant,latin_abbr,,,INDICATORS_V1_KEY,si_42_warrant,1,1,synonym_merge,0.90,,,auto,P3_auto,0
A-01557,si_42_warrant_2,GFEX：工业硅：仓单数量（日）,手,未识别,未识别,无,si_42_warrant_2,si_42_warrant_2,latin_abbr,,,INDICATORS_V1_KEY,si_42_warrant_2,1,1,synonym_merge,0.90,,,auto,P3_auto,0
A-01558,si_42_warrant_industrial_si,GFEX：工业硅：仓单数量（日）,手,未识别,未识别,无,si_42_warrant_industrial_si,si_42_warrant_industrial_si,latin_abbr,,,INDICATORS_V1_KEY,si_42_warrant_industrial_si,1,1,synonym_merge,0.90,,,auto,P3_auto,0
A-01559,si_42_warrant_polysilicon,GFEX：多晶硅：仓单数量（日）,手,未识别,未识别,无,si_42_warrant_polysilicon,si_42_warrant_polysilicon,latin_abbr,,,INDICATORS_V1_KEY,si_42_warrant_polysilicon,1,1,synonym_merge,0.90,,,auto,P3_auto,0
A-01560,si_42_warrant_ratio_industrial_si,GFEX：工业硅：仓单数量（日）,手,未识别,未识别,无,si_42_warrant_ratio_industrial_si,si_42_warrant_ratio_industrial_si,latin_abbr,,,INDICATORS_V1_KEY,si_42_warrant_ratio_industrial_si,1,1,synonym_merge,0.90,,,auto,P3_auto,0
A-03064,si_43_inv,工业硅工厂库存总量,万吨,SI,工厂库存|库存,工业硅|硅,工业硅工厂库存总量（万吨）,工业硅工厂库存总量,unit_variant,万吨,,INDICATORS_V1_NAME|THS_SERIES,THS-SI-4.4|si_43_inv,2,2,synonym_merge,0.95,,,auto,P3_auto,0
A-01561,si_43_inv,工业硅工厂库存总量,万吨,未识别,未识别,无,si_43_inv,si_43_inv,latin_abbr,,,INDICATORS_V1_KEY,si_43_inv,1,1,synonym_merge,0.90,,,auto,P3_auto,0
A-01562,si_44_inv_days_polysilicon,多晶硅：库存：中国（周）,万吨,未识别,未识别,无,si_44_inv_days_polysilicon,si_44_inv_days_polysilicon,latin_abbr,,,INDICATORS_V1_KEY,si_44_inv_days_polysilicon,1,1,synonym_merge,0.90,,,auto,P3_auto,0
A-01563,si_44_inv_polysilicon,多晶硅：库存：中国（周）,万吨,未识别,未识别,无,si_44_inv_polysilicon,si_44_inv_polysilicon,latin_abbr,,,INDICATORS_V1_KEY,si_44_inv_polysilicon,1,1,synonym_merge,0.90,,,auto,P3_auto,0
A-01564,si_45_inv_implicit_polysilicon,多晶硅：库存：中国（周）,万吨,未识别,未识别,无,si_45_inv_implicit_polysilicon,si_45_inv_implicit_polysilicon,latin_abbr,,,INDICATORS_V1_KEY,si_45_inv_implicit_polysilicon,1,1,synonym_merge,0.90,,,auto,P3_auto,0
A-01565,si_45_inv_polysilicon,多晶硅：库存：中国（周）,万吨,未识别,未识别,无,si_45_inv_polysilicon,si_45_inv_polysilicon,latin_abbr,,,INDICATORS_V1_KEY,si_45_inv_polysilicon,1,1,synonym_merge,0.90,,,auto,P3_auto,0
A-01566,si_51_apparent_cons,有机硅表观消费量,万吨,未识别,未识别,无,si_51_apparent_cons,si_51_apparent_cons,latin_abbr,,,INDICATORS_V1_KEY,si_51_apparent_cons,1,1,synonym_merge,0.90,,,auto,P3_auto,0
A-03246,si_51_apparent_cons,有机硅表观消费量,万吨,SI,表观消费|消费量|消费,硅,有机硅表观消费量,有机硅表观消费量,canonical,,,INDICATORS_V1_NAME,si_51_apparent_cons,1,1,synonym_merge,0.90,,,auto,P3_auto,0
A-01567,si_51_cons,USGS：硅铁及金属硅：表观消费量：美国（年）,千吨,未识别,未识别,无,si_51_cons,si_51_cons,latin_abbr,,,INDICATORS_V1_KEY,si_51_cons,1,1,synonym_merge,0.90,,,auto,P3_auto,0
A-03131,si_51_cons_apparent,工业硅表观消费量,万吨,SI,表观消费|消费量|消费,工业硅|硅,工业硅表观消费量,工业硅表观消费量,unit_variant,万吨,,INDICATORS_V1_NAME|THS_MATCHED|THS_SERIES,THS-SI-5.1|THS-SN-5.1|si_51_cons_apparent,2,3,synonym_merge,0.95,,,auto,P3_auto,0
A-01568,si_51_cons_apparent,工业硅表观消费量,万吨,未识别,未识别,无,si_51_cons_apparent,si_51_cons_apparent,latin_abbr,,,INDICATORS_V1_KEY,si_51_cons_apparent,1,1,synonym_merge,0.90,,,auto,P3_auto,0
A-01569,si_51_output_polysilicon,多晶硅：产量：中国（月）,吨,未识别,未识别,无,si_51_output_polysilicon,si_51_output_polysilicon,latin_abbr,,,INDICATORS_V1_KEY,si_51_output_polysilicon,1,1,synonym_merge,0.90,,,auto,P3_auto,0
A-01570,si_51_output_yoy_silicone_monomer,有机硅单体产量同比,%,未识别,未识别,无,si_51_output_yoy_silicone_monomer,si_51_output_yoy_silicone_monomer,latin_abbr,,,INDICATORS_V1_KEY,si_51_output_yoy_silicone_monomer,1,1,synonym_merge,0.90,,,auto,P3_auto,0
A-03245,si_51_output_yoy_silicone_monomer,有机硅单体产量同比,%,SI,产量,硅,有机硅单体产量同比,有机硅单体产量同比,canonical,,,INDICATORS_V1_NAME,si_51_output_yoy_silicone_monomer,1,1,synonym_merge,0.90,,,auto,P3_auto,0
A-01571,si_51_util,工业硅：开工率：中国（周）,百分比,未识别,未识别,无,si_51_util,si_51_util,latin_abbr,,,INDICATORS_V1_KEY,si_51_util,1,1,synonym_merge,0.90,,,auto,P3_auto,0
A-01572,si_51_util_2,有机硅DMC开工率,%,未识别,未识别,无,si_51_util_2,si_51_util_2,latin_abbr,,,INDICATORS_V1_KEY,si_51_util_2,1,1,synonym_merge,0.90,,,auto,P3_auto,0
A-03243,si_51_util_2,有机硅DMC开工率,%,SI,开工率|开工,DMC|硅,有机硅DMC开工率,有机硅DMC开工率,mixed_script,,,INDICATORS_V1_NAME,si_51_util_2,1,1,synonym_merge,0.90,,,auto,P3_auto,0
A-01573,si_51_util_industrial_si,工业硅：开工率：中国（周）,百分比,未识别,未识别,无,si_51_util_industrial_si,si_51_util_industrial_si,latin_abbr,,,INDICATORS_V1_KEY,si_51_util_industrial_si,1,1,synonym_merge,0.90,,,auto,P3_auto,0
A-01574,si_52_cons,工业硅终端消费量,万吨,未识别,未识别,无,si_52_cons,si_52_cons,latin_abbr,,,INDICATORS_V1_KEY,si_52_cons,1,1,synonym_merge,0.90,,,auto,P3_auto,0
A-03129,si_52_cons,工业硅终端消费量,万吨,SI,消费量|消费,工业硅|硅,工业硅终端消费量,工业硅终端消费量,cross_report_synonym,,,INDICATORS_V1_NAME|THS_MATCHED,THS-NI-5.2|THS-SN-5.2|si_52_cons,1,5,synonym_merge,0.90,,,auto,P3_auto,0
A-01575,si_52_output,有机硅单体产量+DMC产量,万吨,未识别,未识别,无,si_52_output,si_52_output,latin_abbr,,,INDICATORS_V1_KEY,si_52_output,1,1,synonym_merge,0.90,,,auto,P3_auto,0
A-03244,si_52_output,有机硅单体产量+DMC产量,万吨,SI,产量,DMC|硅,有机硅单体产量+DMC产量,有机硅单体产量+DMC产量,mixed_script,,,INDICATORS_V1_NAME,si_52_output,1,1,synonym_merge,0.90,,,auto,P3_auto,0
A-01576,si_52_output_polysilicon,多晶硅：产量：中国（月）,吨,未识别,未识别,无,si_52_output_polysilicon,si_52_output_polysilicon,latin_abbr,,,INDICATORS_V1_KEY,si_52_output_polysilicon,1,1,synonym_merge,0.90,,,auto,P3_auto,0
A-01577,si_53_polysilicon_gs,多晶硅：产量：甘肃（月）,,未识别,未识别,无,si_53_polysilicon_gs,si_53_polysilicon_gs,latin_abbr,,,INDICATORS_V1_KEY,si_53_polysilicon_gs,1,1,synonym_merge,0.90,,,auto,P3_auto,0
A-02912,si_53_polysilicon_gs,多晶硅：产量：甘肃（月）,,SI,产量,多晶硅|硅,多晶硅：产量：甘肃（月）,多晶硅:产量:甘肃(月,canonical,,,INDICATORS_V1_NAME,si_53_polysilicon_gs,1,1,synonym_merge,0.90,,,auto,P3_auto,0
A-01578,si_53_polysilicon_q,多晶硅：产量：中国（季）,,未识别,未识别,无,si_53_polysilicon_q,si_53_polysilicon_q,latin_abbr,,,INDICATORS_V1_KEY,si_53_polysilicon_q,1,1,synonym_merge,0.90,,,auto,P3_auto,0
A-02910,si_53_polysilicon_q,多晶硅：产量：中国（季）,,SI,产量,多晶硅|硅,多晶硅：产量：中国（季）,多晶硅:产量:中国(季,canonical,,,INDICATORS_V1_NAME,si_53_polysilicon_q,1,1,synonym_merge,0.90,,,auto,P3_auto,0
A-01579,si_61_by_country_import,工业硅进口量分国别,吨,未识别,未识别,无,si_61_by_country_import,si_61_by_country_import,latin_abbr,,,INDICATORS_V1_KEY,si_61_by_country_import,1,1,synonym_merge,0.90,,,auto,P3_auto,0
A-03138,si_61_by_country_import,工业硅进口量分国别,吨,SI,进口量,工业硅|硅,工业硅进口量分国别,工业硅进口量分国别,cross_report_synonym,,,INDICATORS_V1_NAME|THS_MATCHED,THS-LI-3.1.1|THS-ZN-3.2.3|THS-ZN-6.2|si_61_by_country_import,1,5,synonym_merge,0.90,,,auto,P3_auto,0
A-01580,si_61_import,工业硅：Si＜99.99%：进口数量：江苏（月）,吨,未识别,未识别,无,si_61_import,si_61_import,latin_abbr,,,INDICATORS_V1_KEY,si_61_import,1,1,synonym_merge,0.90,,,auto,P3_auto,0
A-01581,si_61_import_2,工业硅：Si＜99.99%：进口数量合计：中国（月）,吨,未识别,未识别,无,si_61_import_2,si_61_import_2,latin_abbr,,,INDICATORS_V1_KEY,si_61_import_2,1,1,synonym_merge,0.90,,,auto,P3_auto,0
A-03137,si_61_import_3,工业硅进口量,吨,SI,进口量,工业硅|硅,工业硅进口量（万吨）,工业硅进口量,unit_variant,万吨,,INDICATORS_V1_NAME|THS_SERIES,THS-SI-6.1|THS-SI-6.4|si_61_import_3,2,3,synonym_merge,0.95,,,auto,P3_auto,0
A-01582,si_61_import_3,工业硅进口量,吨,未识别,未识别,无,si_61_import_3,si_61_import_3,latin_abbr,,,INDICATORS_V1_KEY,si_61_import_3,1,1,synonym_merge,0.90,,,auto,P3_auto,0
A-01583,si_61_import_industrial_si,工业硅：Si＜99.99%：进口数量：江苏（月）,吨,未识别,未识别,无,si_61_import_industrial_si,si_61_import_industrial_si,latin_abbr,,,INDICATORS_V1_KEY,si_61_import_industrial_si,1,1,synonym_merge,0.90,,,auto,P3_auto,0
A-01584,si_61_import_industrial_si_2,工业硅：Si＜99.99%：进口数量合计：中国（月）,吨,未识别,未识别,无,si_61_import_industrial_si_2,si_61_import_industrial_si_2,latin_abbr,,,INDICATORS_V1_KEY,si_61_import_industrial_si_2,1,1,synonym_merge,0.90,,,auto,P3_auto,0
A-01585,si_61_import_industrial_si_3,工业硅：Si＜99.99%：进口数量：江苏（月）,吨,未识别,未识别,无,si_61_import_industrial_si_3,si_61_import_industrial_si_3,latin_abbr,,,INDICATORS_V1_KEY,si_61_import_industrial_si_3,1,1,synonym_merge,0.90,,,auto,P3_auto,0
A-01586,si_61_import_industrial_si_4,工业硅：Si＜99.99%：进口数量合计：中国（月）,吨,未识别,未识别,无,si_61_import_industrial_si_4,si_61_import_industrial_si_4,latin_abbr,,,INDICATORS_V1_KEY,si_61_import_industrial_si_4,1,1,synonym_merge,0.90,,,auto,P3_auto,0
A-01587,si_61_import_polysilicon,多晶硅：进口数量：陕西（月）,吨,未识别,未识别,无,si_61_import_polysilicon,si_61_import_polysilicon,latin_abbr,,,INDICATORS_V1_KEY,si_61_import_polysilicon,1,1,synonym_merge,0.90,,,auto,P3_auto,0
A-02916,si_61_import_polysilicon,多晶硅：进口数量：陕西（月）,吨,SI,未识别,多晶硅|硅,多晶硅：进口数量：陕西（月）,多晶硅:进口数量:陕西(月,canonical,,,INDICATORS_V1_NAME,si_61_import_polysilicon,1,1,synonym_merge,0.90,,,auto,P3_auto,0
A-01588,si_61_import_polysilicon_2,多晶硅：进口数量合计：中国（月）,吨,未识别,未识别,无,si_61_import_polysilicon_2,si_61_import_polysilicon_2,latin_abbr,,,INDICATORS_V1_KEY,si_61_import_polysilicon_2,1,1,synonym_merge,0.90,,,auto,P3_auto,0
A-02917,si_61_import_polysilicon_2,多晶硅：进口数量合计：中国（月）,吨,SI,未识别,多晶硅|硅,多晶硅：进口数量合计：中国（月）,多晶硅:进口数量合计:中国(月,canonical,,,INDICATORS_V1_NAME,si_61_import_polysilicon_2,1,1,synonym_merge,0.90,,,auto,P3_auto,0
A-01589,si_61_import_shipment_days,工业硅：Si＜99.99%：进口数量合计：中国（月）,吨,未识别,未识别,无,si_61_import_shipment_days,si_61_import_shipment_days,latin_abbr,,,INDICATORS_V1_KEY,si_61_import_shipment_days,1,1,synonym_merge,0.90,,,auto,P3_auto,0
A-01590,si_61_import_tariff_industrial_si,工业硅：Si＜99.99%：进口数量合计：中国（月）,吨,未识别,未识别,无,si_61_import_tariff_industrial_si,si_61_import_tariff_industrial_si,latin_abbr,,,INDICATORS_V1_KEY,si_61_import_tariff_industrial_si,1,1,synonym_merge,0.90,,,auto,P3_auto,0
A-01591,si_62_by_country_export,工业硅出口量分国别,吨,未识别,未识别,无,si_62_by_country_export,si_62_by_country_export,latin_abbr,,,INDICATORS_V1_KEY,si_62_by_country_export,1,1,synonym_merge,0.90,,,auto,P3_auto,0
A-03043,si_62_by_country_export,工业硅出口量分国别,吨,SI,出口量,工业硅|硅,工业硅出口量分国别,工业硅出口量分国别,cross_report_synonym,,,INDICATORS_V1_NAME|THS_MATCHED,THS-SN-6.3|THS-ZN-6.3|si_62_by_country_export,1,3,synonym_merge,0.90,,,auto,P3_auto,0
A-01592,si_62_export,工业硅出口量,吨,未识别,未识别,无,si_62_export,si_62_export,latin_abbr,,,INDICATORS_V1_KEY,si_62_export,1,1,synonym_merge,0.90,,,auto,P3_auto,0
A-01593,si_62_export_2,工业硅出口量,吨,未识别,未识别,无,si_62_export_2,si_62_export_2,latin_abbr,,,INDICATORS_V1_KEY,si_62_export_2,1,1,synonym_merge,0.90,,,auto,P3_auto,0
A-01594,si_62_export_industrial_si,工业硅：Si＜99.99%：出口数量合计：中国（月）,吨,未识别,未识别,无,si_62_export_industrial_si,si_62_export_industrial_si,latin_abbr,,,INDICATORS_V1_KEY,si_62_export_industrial_si,1,1,synonym_merge,0.90,,,auto,P3_auto,0
A-01595,si_62_export_polysilicon,多晶硅：出口数量合计：中国（月）,吨,未识别,未识别,无,si_62_export_polysilicon,si_62_export_polysilicon,latin_abbr,,,INDICATORS_V1_KEY,si_62_export_polysilicon,1,1,synonym_merge,0.90,,,auto,P3_auto,0
A-01596,si_62_export_shipment_days,工业硅：Si＜99.99%：出口数量合计：中国（月）,吨,未识别,未识别,无,si_62_export_shipment_days,si_62_export_shipment_days,latin_abbr,,,INDICATORS_V1_KEY,si_62_export_shipment_days,1,1,synonym_merge,0.90,,,auto,P3_auto,0
A-01597,si_62_export_tariff_industrial_si,工业硅：Si＜99.99%：出口数量合计：中国（月）,吨,未识别,未识别,无,si_62_export_tariff_industrial_si,si_62_export_tariff_industrial_si,latin_abbr,,,INDICATORS_V1_KEY,si_62_export_tariff_industrial_si,1,1,synonym_merge,0.90,,,auto,P3_auto,0
A-01598,si_62_warrant_industrial_si,GFEX：工业硅：仓单数量（日）,手,未识别,未识别,无,si_62_warrant_industrial_si,si_62_warrant_industrial_si,latin_abbr,,,INDICATORS_V1_KEY,si_62_warrant_industrial_si,1,1,synonym_merge,0.90,,,auto,P3_auto,0
A-01599,si_63_export_industrial_si,工业硅：Si＜99.99%：出口数量合计：中国（月）,吨,未识别,未识别,无,si_63_export_industrial_si,si_63_export_industrial_si,latin_abbr,,,INDICATORS_V1_KEY,si_63_export_industrial_si,1,1,synonym_merge,0.90,,,auto,P3_auto,0
A-01600,si_63_export_polysilicon,多晶硅：出口数量合计：中国（月）,吨,未识别,未识别,无,si_63_export_polysilicon,si_63_export_polysilicon,latin_abbr,,,INDICATORS_V1_KEY,si_63_export_polysilicon,1,1,synonym_merge,0.90,,,auto,P3_auto,0
A-01601,si_63_export_shipment_days,工业硅：Si＜99.99%：出口数量合计：中国（月）,吨,未识别,未识别,无,si_63_export_shipment_days,si_63_export_shipment_days,latin_abbr,,,INDICATORS_V1_KEY,si_63_export_shipment_days,1,1,synonym_merge,0.90,,,auto,P3_auto,0
A-01602,si_63_export_tariff_industrial_si,工业硅：Si＜99.99%：出口数量合计：中国（月）,吨,未识别,未识别,无,si_63_export_tariff_industrial_si,si_63_export_tariff_industrial_si,latin_abbr,,,INDICATORS_V1_KEY,si_63_export_tariff_industrial_si,1,1,synonym_merge,0.90,,,auto,P3_auto,0
A-01603,si_63_warrant_industrial_si,GFEX：工业硅：仓单数量（日）,手,未识别,未识别,无,si_63_warrant_industrial_si,si_63_warrant_industrial_si,latin_abbr,,,INDICATORS_V1_KEY,si_63_warrant_industrial_si,1,1,synonym_merge,0.90,,,auto,P3_auto,0
A-01604,si_64_warrant_shipment_industrial_,GFEX：工业硅：仓单数量（日）,手,未识别,未识别,无,si_64_warrant_shipment_industrial_,si_64_warrant_shipment_industrial_,latin_abbr,,,INDICATORS_V1_KEY,si_64_warrant_shipment_industrial_,1,1,synonym_merge,0.90,,,auto,P3_auto,0
A-01605,si_71_cash_cost,工业硅现金成本,元/吨,未识别,未识别,无,si_71_cash_cost,si_71_cash_cost,latin_abbr,,,INDICATORS_V1_KEY,si_71_cash_cost,1,1,synonym_merge,0.90,,,auto,P3_auto,0
A-01606,si_71_close_front,GFEX：工业硅：主力合约：收盘价（日）,元/吨,未识别,未识别,无,si_71_close_front,si_71_close_front,latin_abbr,,,INDICATORS_V1_KEY,si_71_close_front,1,1,synonym_merge,0.90,,,auto,P3_auto,0
A-01607,si_71_cost,工业硅：421#：成本：新疆（周）,元/吨,未识别,未识别,无,si_71_cost,si_71_cost,latin_abbr,,,INDICATORS_V1_KEY,si_71_cost,1,1,synonym_merge,0.90,,,auto,P3_auto,0
A-01608,si_71_cost_2,工业硅：421#：成本：新疆（周）,元/吨,未识别,未识别,无,si_71_cost_2,si_71_cost_2,latin_abbr,,,INDICATORS_V1_KEY,si_71_cost_2,1,1,synonym_merge,0.90,,,auto,P3_auto,0
A-01609,si_71_cost_3,工业硅：421#：成本：新疆（周）,元/吨,未识别,未识别,无,si_71_cost_3,si_71_cost_3,latin_abbr,,,INDICATORS_V1_KEY,si_71_cost_3,1,1,synonym_merge,0.90,,,auto,P3_auto,0
A-01610,si_71_cost_cash,工业硅现金成本,元/吨,未识别,未识别,无,si_71_cost_cash,si_71_cost_cash,latin_abbr,,,INDICATORS_V1_KEY,si_71_cost_cash,1,1,synonym_merge,0.90,,,auto,P3_auto,0
A-01611,si_71_cost_industrial_si,工业硅：421#：现金成本：四川（周）,元/吨,未识别,未识别,无,si_71_cost_industrial_si,si_71_cost_industrial_si,latin_abbr,,,INDICATORS_V1_KEY,si_71_cost_industrial_si,1,1,synonym_merge,0.90,,,auto,P3_auto,0
A-01612,si_71_cost_industrial_si_2,工业硅：421#：成本：新疆（周）,元/吨,未识别,未识别,无,si_71_cost_industrial_si_2,si_71_cost_industrial_si_2,latin_abbr,,,INDICATORS_V1_KEY,si_71_cost_industrial_si_2,1,1,synonym_merge,0.90,,,auto,P3_auto,0
A-01613,si_71_cost_industrial_si_3,工业硅：421#：人工成本：四川（周）,元/吨,未识别,未识别,无,si_71_cost_industrial_si_3,si_71_cost_industrial_si_3,latin_abbr,,,INDICATORS_V1_KEY,si_71_cost_industrial_si_3,1,1,synonym_merge,0.90,,,auto,P3_auto,0
A-02975,si_71_cost_industrial_si_3,工业硅：421#：人工成本：四川（周）,元/吨,SI,成本,工业硅|硅,工业硅：421#：人工成本：四川（周）,工业硅:421#:人工成本:四川(周,numeric_code,,,INDICATORS_V1_NAME,si_71_cost_industrial_si_3,1,1,synonym_merge,0.90,,,auto,P3_auto,0
A-01614,si_71_cost_percentile_industrial_s,工业硅：421#：成本：新疆（周）,元/吨,未识别,未识别,无,si_71_cost_percentile_industrial_s,si_71_cost_percentile_industrial_s,latin_abbr,,,INDICATORS_V1_KEY,si_71_cost_percentile_industrial_s,1,1,synonym_merge,0.90,,,auto,P3_auto,0
A-01615,si_71_power,工业硅电价,元/千瓦时,未识别,未识别,无,si_71_power,si_71_power,latin_abbr,,,INDICATORS_V1_KEY,si_71_power,1,1,synonym_merge,0.90,,,auto,P3_auto,0
A-01616,si_71_power_2,工业硅电价,元/千瓦时,未识别,未识别,无,si_71_power_2,si_71_power_2,latin_abbr,,,INDICATORS_V1_KEY,si_71_power_2,1,1,synonym_merge,0.90,,,auto,P3_auto,0
A-01617,si_71_power_3,工业硅电价,元/千瓦时,未识别,未识别,无,si_71_power_3,si_71_power_3,latin_abbr,,,INDICATORS_V1_KEY,si_71_power_3,1,1,synonym_merge,0.90,,,auto,P3_auto,0
A-01618,si_71_power_4,工业硅电价,元/千瓦时,未识别,未识别,无,si_71_power_4,si_71_power_4,latin_abbr,,,INDICATORS_V1_KEY,si_71_power_4,1,1,synonym_merge,0.90,,,auto,P3_auto,0
A-01619,si_72_cost,电力成本分项,元/吨,未识别,未识别,无,si_72_cost,si_72_cost,latin_abbr,,,INDICATORS_V1_KEY,si_72_cost,1,1,synonym_merge,0.90,,,auto,P3_auto,0
A-01620,si_72_cost_power,电力成本分项,元/吨,未识别,未识别,无,si_72_cost_power,si_72_cost_power,latin_abbr,,,INDICATORS_V1_KEY,si_72_cost_power,1,1,synonym_merge,0.90,,,auto,P3_auto,0
A-01621,si_72_cost_power_2,电力成本分项,元/吨,未识别,未识别,无,si_72_cost_power_2,si_72_cost_power_2,latin_abbr,,,INDICATORS_V1_KEY,si_72_cost_power_2,1,1,synonym_merge,0.90,,,auto,P3_auto,0
A-01622,si_72_profit,工业硅：421#：利润：新疆（周）,元/吨,未识别,未识别,无,si_72_profit,si_72_profit,latin_abbr,,,INDICATORS_V1_KEY,si_72_profit,1,1,synonym_merge,0.90,,,auto,P3_auto,0
A-01623,si_72_profit_2,工业硅：421#：利润：新疆（周）,元/吨,未识别,未识别,无,si_72_profit_2,si_72_profit_2,latin_abbr,,,INDICATORS_V1_KEY,si_72_profit_2,1,1,synonym_merge,0.90,,,auto,P3_auto,0
A-01624,si_72_profit_3,工业硅：421#：利润：新疆（周）,元/吨,未识别,未识别,无,si_72_profit_3,si_72_profit_3,latin_abbr,,,INDICATORS_V1_KEY,si_72_profit_3,1,1,synonym_merge,0.90,,,auto,P3_auto,0
A-01625,si_72_profit_industrial_si,工业硅：421#：现金成本：四川（周）,元/吨,未识别,未识别,无,si_72_profit_industrial_si,si_72_profit_industrial_si,latin_abbr,,,INDICATORS_V1_KEY,si_72_profit_industrial_si,1,1,synonym_merge,0.90,,,auto,P3_auto,0
A-01626,sn_21_basis,SHFE：锡：基差（日）,元/吨,未识别,未识别,无,sn_21_basis,sn_21_basis,latin_abbr,,,INDICATORS_V1_KEY,sn_21_basis,1,1,synonym_merge,0.90,,,auto,P3_auto,0
A-01627,sn_21_close,SHFE：锡：指数合约：收盘价（日）,元/吨,未识别,未识别,无,sn_21_close,sn_21_close,latin_abbr,,,INDICATORS_V1_KEY,sn_21_close,1,1,synonym_merge,0.90,,,auto,P3_auto,0
A-01628,sn_21_close_2,SHFE：锡：指数合约：收盘价（日）,元/吨,未识别,未识别,无,sn_21_close_2,sn_21_close_2,latin_abbr,,,INDICATORS_V1_KEY,sn_21_close_2,1,1,synonym_merge,0.90,,,auto,P3_auto,0
A-00332,sn_21_close_front,SHFE：锡：主力合约：收盘价（日）,元/吨,SN,未识别,锡,SHFE：锡：主力合约：收盘价（日）,SHFE:锡:主力合约:收盘价(日,mixed_script,,,INDICATORS_V1_NAME,sn_21_close_front,1,1,synonym_merge,0.90,,,auto,P3_auto,0
A-01629,sn_21_close_front,SHFE：锡：主力合约：收盘价（日）,元/吨,未识别,未识别,无,sn_21_close_front,sn_21_close_front,latin_abbr,,,INDICATORS_V1_KEY,sn_21_close_front,1,1,synonym_merge,0.90,,,auto,P3_auto,0
A-01630,sn_21_openinterest,LME：锡：其他报告头寸多头持仓量：投资基金（周）,手,未识别,未识别,无,sn_21_openinterest,sn_21_openinterest,latin_abbr,,,INDICATORS_V1_KEY,sn_21_openinterest,1,1,synonym_merge,0.90,,,auto,P3_auto,0
A-01631,sn_21_openinterest_2,SHFE：锡：单边交易：持仓量（日）,手,未识别,未识别,无,sn_21_openinterest_2,sn_21_openinterest_2,latin_abbr,,,INDICATORS_V1_KEY,sn_21_openinterest_2,1,1,synonym_merge,0.90,,,auto,P3_auto,0
A-01632,sn_21_openinterest_3,LME：锡：其他报告头寸多头持仓量：投资基金（周）,手,未识别,未识别,无,sn_21_openinterest_3,sn_21_openinterest_3,latin_abbr,,,INDICATORS_V1_KEY,sn_21_openinterest_3,1,1,synonym_merge,0.90,,,auto,P3_auto,0
A-01633,sn_21_openinterest_4,LME：锡：其他报告头寸多头持仓量：投资基金（周）,手,未识别,未识别,无,sn_21_openinterest_4,sn_21_openinterest_4,latin_abbr,,,INDICATORS_V1_KEY,sn_21_openinterest_4,1,1,synonym_merge,0.90,,,auto,P3_auto,0
A-01634,sn_21_premium,电解铝：现货升贴水：无锡—SHFE（日）,元/吨,未识别,未识别,无,sn_21_premium,sn_21_premium,latin_abbr,,,INDICATORS_V1_KEY,sn_21_premium,1,1,synonym_merge,0.90,,,auto,P3_auto,0
A-03612,sn_21_premium,电解铝：现货升贴水：无锡—SHFE（日）,元/吨,AL|SN,升贴水|贴水,电解铝|铝|锡,电解铝：现货升贴水：无锡—SHFE（日）,电解铝:现货升贴水:无锡-SHFE(日,mixed_script,,,INDICATORS_V1_NAME,sn_21_premium,1,1,synonym_merge,0.90,,,auto,P3_auto,0
A-01635,sn_21_shfe_openinterest_front,SHFE：锡：主力合约：单边交易：持仓量（日）,,未识别,未识别,无,sn_21_shfe_openinterest_front,sn_21_shfe_openinterest_front,latin_abbr,,,INDICATORS_V1_KEY,sn_21_shfe_openinterest_front,1,1,synonym_merge,0.90,,,auto,P3_auto,0
A-01636,sn_21_shfe_volume_front,SHFE：锡：主力合约：单边交易：成交量（日）,,未识别,未识别,无,sn_21_shfe_volume_front,sn_21_shfe_volume_front,latin_abbr,,,INDICATORS_V1_KEY,sn_21_shfe_volume_front,1,1,synonym_merge,0.90,,,auto,P3_auto,0
A-01637,sn_21_volume,SHFE：锡：年成交量（日）,万手,未识别,未识别,无,sn_21_volume,sn_21_volume,latin_abbr,,,INDICATORS_V1_KEY,sn_21_volume,1,1,synonym_merge,0.90,,,auto,P3_auto,0
A-01638,sn_22_import,锡锭：现货：进口盈亏（日）,元/吨,未识别,未识别,无,sn_22_import,sn_22_import,latin_abbr,,,INDICATORS_V1_KEY,sn_22_import,1,1,synonym_merge,0.90,,,auto,P3_auto,0
A-01639,sn_22_premium,锡锭：升贴水：中国：小牌（日）,元/吨,未识别,未识别,无,sn_22_premium,sn_22_premium,latin_abbr,,,INDICATORS_V1_KEY,sn_22_premium,1,1,synonym_merge,0.90,,,auto,P3_auto,0
A-01640,sn_22_premium_2,锡锭：升贴水：中国：小牌（日）,元/吨,未识别,未识别,无,sn_22_premium_2,sn_22_premium_2,latin_abbr,,,INDICATORS_V1_KEY,sn_22_premium_2,1,1,synonym_merge,0.90,,,auto,P3_auto,0
A-01641,sn_22_premium_3,锡锭：升贴水：中国：云锡（日）,元/吨,未识别,未识别,无,sn_22_premium_3,sn_22_premium_3,latin_abbr,,,INDICATORS_V1_KEY,sn_22_premium_3,1,1,synonym_merge,0.90,,,auto,P3_auto,0
A-01642,sn_22_premium_4,锡锭：升贴水：中国：云锡（日）,元/吨,未识别,未识别,无,sn_22_premium_4,sn_22_premium_4,latin_abbr,,,INDICATORS_V1_KEY,sn_22_premium_4,1,1,synonym_merge,0.90,,,auto,P3_auto,0
A-01643,sn_22_price,SMM: 进口盈亏: 锡: 现货: LME价格: 日度,,未识别,未识别,无,sn_22_price,sn_22_price,latin_abbr,,,INDICATORS_V1_KEY,sn_22_price,1,1,synonym_merge,0.90,,,auto,P3_auto,0
A-01644,sn_22_price_steel,废不锈钢：304：汇总价格：无锡（日）,,未识别,未识别,无,sn_22_price_steel,sn_22_price_steel,latin_abbr,,,INDICATORS_V1_KEY,sn_22_price_steel,1,1,synonym_merge,0.90,,,auto,P3_auto,0
A-03182,sn_22_price_steel,废不锈钢：304：汇总价格：无锡（日）,,NI|SN,价格,不锈钢|锡,废不锈钢：304：汇总价格：无锡（日）,废不锈钢:304:汇总价格:无锡(日,numeric_code,,,INDICATORS_V1_NAME,sn_22_price_steel,1,1,synonym_merge,0.90,,,auto,P3_auto,0
A-01645,sn_23_close,SHFE：锡：指数合约：收盘价（日）,元/吨,未识别,未识别,无,sn_23_close,sn_23_close,latin_abbr,,,INDICATORS_V1_KEY,sn_23_close,1,1,synonym_merge,0.90,,,auto,P3_auto,0
A-01646,sn_23_close_2,SHFE：锡：指数合约：收盘价（日）,元/吨,未识别,未识别,无,sn_23_close_2,sn_23_close_2,latin_abbr,,,INDICATORS_V1_KEY,sn_23_close_2,1,1,synonym_merge,0.90,,,auto,P3_auto,0
A-01647,sn_23_import,锡锭：现货：进口盈亏（日）,元/吨,未识别,未识别,无,sn_23_import,sn_23_import,latin_abbr,,,INDICATORS_V1_KEY,sn_23_import,1,1,synonym_merge,0.90,,,auto,P3_auto,0
A-00127,sn_23_lme_close,LME：锡：3个月合约：收盘价（日）,美元/吨,SN,未识别,锡,LME：锡：3个月合约：收盘价（日）,LME:锡:3个月合约:收盘价(日,cross_report_synonym,,,INDICATORS_V1_NAME|THS_MATCHED,THS-SI-2.3|THS-SN-2.3|sn_23_lme_close,1,3,synonym_merge,0.90,,,auto,P3_auto,0
A-01648,sn_23_lme_close,LME：锡：3个月合约：收盘价（日）,美元/吨,未识别,未识别,无,sn_23_lme_close,sn_23_lme_close,latin_abbr,,,INDICATORS_V1_KEY,sn_23_lme_close,1,1,synonym_merge,0.90,,,auto,P3_auto,0
A-01649,sn_23_lme_close_3m,锡：3个月合约：收盘价（日）,美元/吨,未识别,未识别,无,sn_23_lme_close_3m,sn_23_lme_close_3m,latin_abbr,,,INDICATORS_V1_KEY,sn_23_lme_close_3m,1,1,synonym_merge,0.90,,,auto,P3_auto,0
A-04400,sn_23_lme_close_3m,锡：3个月合约：收盘价（日）,美元/吨,SN,未识别,锡,锡：3个月合约：收盘价（日）,锡:3个月合约:收盘价(日,cross_report_synonym,,,INDICATORS_V1_NAME|THS_MATCHED,THS-SN-2.3|sn_23_lme_close_3m,1,2,synonym_merge,0.90,,,auto,P3_auto,0
A-01650,sn_23_lme_inv,LME：锡：原产国库存：埃及（月）,吨,未识别,未识别,无,sn_23_lme_inv,sn_23_lme_inv,latin_abbr,,,INDICATORS_V1_KEY,sn_23_lme_inv,1,1,synonym_merge,0.90,,,auto,P3_auto,0
A-00134,sn_23_lme_settle,LME：锡：现货结算价（日）,,SN,结算价,锡,LME：锡：现货结算价（日）,LME:锡:现货结算价(日,mixed_script,,,INDICATORS_V1_NAME,sn_23_lme_settle,1,1,synonym_merge,0.90,,,auto,P3_auto,0
A-01651,sn_23_lme_settle,LME：锡：现货结算价（日）,,未识别,未识别,无,sn_23_lme_settle,sn_23_lme_settle,latin_abbr,,,INDICATORS_V1_KEY,sn_23_lme_settle,1,1,synonym_merge,0.90,,,auto,P3_auto,0
A-01652,sn_23_shfe_inv,SHFE：锡：期货库存（日）,,未识别,未识别,无,sn_23_shfe_inv,sn_23_shfe_inv,latin_abbr,,,INDICATORS_V1_KEY,sn_23_shfe_inv,1,1,synonym_merge,0.90,,,auto,P3_auto,0
A-01653,sn_25_price,锡精矿：1#：40%Sn：汇总价格：云南（日）,元/吨,未识别,未识别,无,sn_25_price,sn_25_price,latin_abbr,,,INDICATORS_V1_KEY,sn_25_price,1,1,synonym_merge,0.90,,,auto,P3_auto,0
A-01654,sn_25_recycle_price,再生铝棒：6063：Fe0.2%-0.25%：汇总价格：无锡（日）,元/吨,未识别,未识别,无,sn_25_recycle_price,sn_25_recycle_price,latin_abbr,,,INDICATORS_V1_KEY,sn_25_recycle_price,1,1,synonym_merge,0.90,,,auto,P3_auto,0
A-02481,sn_25_recycle_price,再生铝棒：6063：Fe0.2%-0.25%：汇总价格：无锡（日）,元/吨,AL|SN,价格,再生铝|铝棒|铝|锡,再生铝棒：6063：Fe0.2%-0.25%：汇总价格：无锡（日）,再生铝棒:6063:Fe0.2%-0.25%:汇总价格:无锡(日,mixed_script,,,INDICATORS_V1_NAME,sn_25_recycle_price,1,1,synonym_merge,0.90,,,auto,P3_auto,0
A-01655,sn_26_openinterest_top20,SHFE：锡：单边交易：持仓量（日）,手,未识别,未识别,无,sn_26_openinterest_top20,sn_26_openinterest_top20,latin_abbr,,,INDICATORS_V1_KEY,sn_26_openinterest_top20,1,1,synonym_merge,0.90,,,auto,P3_auto,0
A-01656,sn_26_openinterest_top20_2,SHFE：锡：单边交易：持仓量（日）,手,未识别,未识别,无,sn_26_openinterest_top20_2,sn_26_openinterest_top20_2,latin_abbr,,,INDICATORS_V1_KEY,sn_26_openinterest_top20_2,1,1,synonym_merge,0.90,,,auto,P3_auto,0
A-01657,sn_26_openinterest_top20_3,SHFE：锡：单边交易：持仓量（日）,手,未识别,未识别,无,sn_26_openinterest_top20_3,sn_26_openinterest_top20_3,latin_abbr,,,INDICATORS_V1_KEY,sn_26_openinterest_top20_3,1,1,synonym_merge,0.90,,,auto,P3_auto,0
A-01658,sn_26_openinterest_top20_4,SHFE：锡：单边交易：持仓量（日）,手,未识别,未识别,无,sn_26_openinterest_top20_4,sn_26_openinterest_top20_4,latin_abbr,,,INDICATORS_V1_KEY,sn_26_openinterest_top20_4,1,1,synonym_merge,0.90,,,auto,P3_auto,0
A-01659,sn_26_openinterest_top20_5,SHFE：锡：单边交易：持仓量（日）,手,未识别,未识别,无,sn_26_openinterest_top20_5,sn_26_openinterest_top20_5,latin_abbr,,,INDICATORS_V1_KEY,sn_26_openinterest_top20_5,1,1,synonym_merge,0.90,,,auto,P3_auto,0
A-01660,sn_311_output,精炼锡：产量：印尼：天马（季）,吨,未识别,未识别,无,sn_311_output,sn_311_output,latin_abbr,,,INDICATORS_V1_KEY,sn_311_output,1,1,synonym_merge,0.90,,,auto,P3_auto,0
A-01661,sn_311_output_2,锡精矿：产量：中国（月）,吨,未识别,未识别,无,sn_311_output_2,sn_311_output_2,latin_abbr,,,INDICATORS_V1_KEY,sn_311_output_2,1,1,synonym_merge,0.90,,,auto,P3_auto,0
A-01662,sn_311_output_3,锡精矿：产量：中国（月）,吨,未识别,未识别,无,sn_311_output_3,sn_311_output_3,latin_abbr,,,INDICATORS_V1_KEY,sn_311_output_3,1,1,synonym_merge,0.90,,,auto,P3_auto,0
A-01663,sn_311_output_tin_ore,USGS：锡矿：产量：缅甸（年）,吨,未识别,未识别,无,sn_311_output_tin_ore,sn_311_output_tin_ore,latin_abbr,,,INDICATORS_V1_KEY,sn_311_output_tin_ore,1,1,synonym_merge,0.90,,,auto,P3_auto,0
A-01664,sn_311_output_tin_ore_2,锡矿：产量：刚果：阿尔法明（季）,吨,未识别,未识别,无,sn_311_output_tin_ore_2,sn_311_output_tin_ore_2,latin_abbr,,,INDICATORS_V1_KEY,sn_311_output_tin_ore_2,1,1,synonym_merge,0.90,,,auto,P3_auto,0
A-01665,sn_312_output,锡矿：产量：印尼：天马（季）,吨,未识别,未识别,无,sn_312_output,sn_312_output,latin_abbr,,,INDICATORS_V1_KEY,sn_312_output,1,1,synonym_merge,0.90,,,auto,P3_auto,0
A-04422,sn_312_output,锡矿：产量：印尼：天马（季）,吨,SN,产量,锡矿|锡,锡矿：产量：印尼：天马（季）,锡矿:产量:印尼:天马(季,canonical,,,INDICATORS_V1_NAME,sn_312_output,1,1,synonym_merge,0.90,,,auto,P3_auto,0
A-01666,sn_312_output_2,锡精矿：产量：中国（月）,吨,未识别,未识别,无,sn_312_output_2,sn_312_output_2,latin_abbr,,,INDICATORS_V1_KEY,sn_312_output_2,1,1,synonym_merge,0.90,,,auto,P3_auto,0
A-01667,sn_312_output_3,锡矿：产量：澳大利亚（季）,吨,未识别,未识别,无,sn_312_output_3,sn_312_output_3,latin_abbr,,,INDICATORS_V1_KEY,sn_312_output_3,1,1,synonym_merge,0.90,,,auto,P3_auto,0
A-01668,sn_312_output_4,锡精矿：产量：中国（月）,吨,未识别,未识别,无,sn_312_output_4,sn_312_output_4,latin_abbr,,,INDICATORS_V1_KEY,sn_312_output_4,1,1,synonym_merge,0.90,,,auto,P3_auto,0
A-01669,sn_312_output_5,锡精矿：产量：中国（月）,吨,未识别,未识别,无,sn_312_output_5,sn_312_output_5,latin_abbr,,,INDICATORS_V1_KEY,sn_312_output_5,1,1,synonym_merge,0.90,,,auto,P3_auto,0
A-01670,sn_312_output_6,锡精矿：产量：中国（月）,吨,未识别,未识别,无,sn_312_output_6,sn_312_output_6,latin_abbr,,,INDICATORS_V1_KEY,sn_312_output_6,1,1,synonym_merge,0.90,,,auto,P3_auto,0
A-01671,sn_312_output_ratio,锡精矿：产量：中国（月）,吨,未识别,未识别,无,sn_312_output_ratio,sn_312_output_ratio,latin_abbr,,,INDICATORS_V1_KEY,sn_312_output_ratio,1,1,synonym_merge,0.90,,,auto,P3_auto,0
A-01672,sn_312_output_ratio_2,锡精矿：产量：中国（月）,吨,未识别,未识别,无,sn_312_output_ratio_2,sn_312_output_ratio_2,latin_abbr,,,INDICATORS_V1_KEY,sn_312_output_ratio_2,1,1,synonym_merge,0.90,,,auto,P3_auto,0
A-01673,sn_312_output_ratio_3,锡精矿：产量：中国（月）,吨,未识别,未识别,无,sn_312_output_ratio_3,sn_312_output_ratio_3,latin_abbr,,,INDICATORS_V1_KEY,sn_312_output_ratio_3,1,1,synonym_merge,0.90,,,auto,P3_auto,0
A-01674,sn_313_import_tin_ore,锡矿砂及其精矿：进口数量：云南（月）,吨,未识别,未识别,无,sn_313_import_tin_ore,sn_313_import_tin_ore,latin_abbr,,,INDICATORS_V1_KEY,sn_313_import_tin_ore,1,1,synonym_merge,0.90,,,auto,P3_auto,0
A-04428,sn_313_import_tin_ore,锡矿砂及其精矿：进口数量：云南（月）,吨,SN,未识别,锡矿|锡,锡矿砂及其精矿：进口数量：云南（月）,锡矿砂及其精矿:进口数量:云南(月,canonical,,,INDICATORS_V1_NAME,sn_313_import_tin_ore,1,1,synonym_merge,0.90,,,auto,P3_auto,0
A-01675,sn_313_output,中国有色金属工业年鉴：锡精矿：含锡：产量：云南（年）,吨,未识别,未识别,无,sn_313_output,sn_313_output,latin_abbr,,,INDICATORS_V1_KEY,sn_313_output,1,1,synonym_merge,0.90,,,auto,P3_auto,0
A-01676,sn_313_output_tin_ore,锡矿：产量：刚果：阿尔法明（季）,吨,未识别,未识别,无,sn_313_output_tin_ore,sn_313_output_tin_ore,latin_abbr,,,INDICATORS_V1_KEY,sn_313_output_tin_ore,1,1,synonym_merge,0.90,,,auto,P3_auto,0
A-01677,sn_313_tc_tc,铝棒：6063：Φ120：加工费：无锡（日）,元/吨,未识别,未识别,无,sn_313_tc_tc,sn_313_tc_tc,latin_abbr,,,INDICATORS_V1_KEY,sn_313_tc_tc,1,1,synonym_merge,0.90,,,auto,P3_auto,0
A-01678,sn_313_tc_tc_2,铝棒：6063：Φ120：加工费：无锡（日）,元/吨,未识别,未识别,无,sn_313_tc_tc_2,sn_313_tc_tc_2,latin_abbr,,,INDICATORS_V1_KEY,sn_313_tc_tc_2,1,1,synonym_merge,0.90,,,auto,P3_auto,0
A-01679,sn_314_import,精炼锡：进口数量：澳大利亚（季）,吨,未识别,未识别,无,sn_314_import,sn_314_import,latin_abbr,,,INDICATORS_V1_KEY,sn_314_import,1,1,synonym_merge,0.90,,,auto,P3_auto,0
A-01680,sn_314_import_2,精炼锡：进口数量：澳大利亚（季）,吨,未识别,未识别,无,sn_314_import_2,sn_314_import_2,latin_abbr,,,INDICATORS_V1_KEY,sn_314_import_2,1,1,synonym_merge,0.90,,,auto,P3_auto,0
A-01681,sn_314_import_3,精炼锡：进口数量：澳大利亚（季）,吨,未识别,未识别,无,sn_314_import_3,sn_314_import_3,latin_abbr,,,INDICATORS_V1_KEY,sn_314_import_3,1,1,synonym_merge,0.90,,,auto,P3_auto,0
A-01682,sn_314_import_4,精炼锡：进口数量：澳大利亚（季）,吨,未识别,未识别,无,sn_314_import_4,sn_314_import_4,latin_abbr,,,INDICATORS_V1_KEY,sn_314_import_4,1,1,synonym_merge,0.90,,,auto,P3_auto,0
A-01683,sn_314_import_5,精炼锡：进口数量：澳大利亚（季）,吨,未识别,未识别,无,sn_314_import_5,sn_314_import_5,latin_abbr,,,INDICATORS_V1_KEY,sn_314_import_5,1,1,synonym_merge,0.90,,,auto,P3_auto,0
A-01684,sn_314_import_tin_ore,锡矿砂及其精矿：进口数量：缅甸→中国（月）,吨,未识别,未识别,无,sn_314_import_tin_ore,sn_314_import_tin_ore,latin_abbr,,,INDICATORS_V1_KEY,sn_314_import_tin_ore,1,1,synonym_merge,0.90,,,auto,P3_auto,0
A-01685,sn_314_import_tin_ore_2,锡矿砂及其精矿：进口数量：印尼→中国（月）,吨,未识别,未识别,无,sn_314_import_tin_ore_2,sn_314_import_tin_ore_2,latin_abbr,,,INDICATORS_V1_KEY,sn_314_import_tin_ore_2,1,1,synonym_merge,0.90,,,auto,P3_auto,0
A-04430,sn_314_import_tin_ore_2,锡矿砂及其精矿：进口数量：印尼→中国（月）,吨,SN,未识别,锡矿|锡,锡矿砂及其精矿：进口数量：印尼→中国（月）,锡矿砂及其精矿:进口数量:印尼→中国(月,canonical,,,INDICATORS_V1_NAME,sn_314_import_tin_ore_2,1,1,synonym_merge,0.90,,,auto,P3_auto,0
A-01686,sn_314_import_tin_ore_3,锡矿砂及其精矿：进口数量：俄罗斯→中国（月）,吨,未识别,未识别,无,sn_314_import_tin_ore_3,sn_314_import_tin_ore_3,latin_abbr,,,INDICATORS_V1_KEY,sn_314_import_tin_ore_3,1,1,synonym_merge,0.90,,,auto,P3_auto,0
A-04429,sn_314_import_tin_ore_3,锡矿砂及其精矿：进口数量：俄罗斯→中国（月）,吨,SN,未识别,锡矿|锡,锡矿砂及其精矿：进口数量：俄罗斯→中国（月）,锡矿砂及其精矿:进口数量:俄罗斯→中国(月,canonical,,,INDICATORS_V1_NAME,sn_314_import_tin_ore_3,1,1,synonym_merge,0.90,,,auto,P3_auto,0
A-01687,sn_314_import_tin_ore_4,锡矿砂及其精矿：进口数量：澳大利亚→中国（月）,吨,未识别,未识别,无,sn_314_import_tin_ore_4,sn_314_import_tin_ore_4,latin_abbr,,,INDICATORS_V1_KEY,sn_314_import_tin_ore_4,1,1,synonym_merge,0.90,,,auto,P3_auto,0
A-04431,sn_314_import_tin_ore_4,锡矿砂及其精矿：进口数量：澳大利亚→中国（月）,吨,SN,未识别,锡矿|锡,锡矿砂及其精矿：进口数量：澳大利亚→中国（月）,锡矿砂及其精矿:进口数量:澳大利亚→中国(月,canonical,,,INDICATORS_V1_NAME,sn_314_import_tin_ore_4,1,1,synonym_merge,0.90,,,auto,P3_auto,0
A-01688,sn_314_import_tin_ore_5,锡矿砂及其精矿：进口数量：缅甸→中国（月）,吨,未识别,未识别,无,sn_314_import_tin_ore_5,sn_314_import_tin_ore_5,latin_abbr,,,INDICATORS_V1_KEY,sn_314_import_tin_ore_5,1,1,synonym_merge,0.90,,,auto,P3_auto,0
A-01689,sn_31_import_tin_ore,锡矿砂及其精矿：进口数量合计：中国（月）,,未识别,未识别,无,sn_31_import_tin_ore,sn_31_import_tin_ore,latin_abbr,,,INDICATORS_V1_KEY,sn_31_import_tin_ore,1,1,synonym_merge,0.90,,,auto,P3_auto,0
A-04433,sn_31_import_tin_ore,锡矿砂及其精矿：进口数量合计：中国（月）,,SN,未识别,锡矿|锡,锡矿砂及其精矿：进口数量合计：中国（月）,锡矿砂及其精矿:进口数量合计:中国(月,canonical,,,INDICATORS_V1_NAME,sn_31_import_tin_ore,1,1,synonym_merge,0.90,,,auto,P3_auto,0
A-01690,sn_31_usgs_output_tin_ore,USGS：锡矿：含锡：产量：印尼（年）,,未识别,未识别,无,sn_31_usgs_output_tin_ore,sn_31_usgs_output_tin_ore,latin_abbr,,,INDICATORS_V1_KEY,sn_31_usgs_output_tin_ore,1,1,synonym_merge,0.90,,,auto,P3_auto,0
A-01691,sn_31_usgs_output_tin_ore_2,USGS：锡矿：含锡：产量：俄罗斯（年）,,未识别,未识别,无,sn_31_usgs_output_tin_ore_2,sn_31_usgs_output_tin_ore_2,latin_abbr,,,INDICATORS_V1_KEY,sn_31_usgs_output_tin_ore_2,1,1,synonym_merge,0.90,,,auto,P3_auto,0
A-01692,sn_321_import,精炼锡：进口数量：澳大利亚（季）,吨,未识别,未识别,无,sn_321_import,sn_321_import,latin_abbr,,,INDICATORS_V1_KEY,sn_321_import,1,1,synonym_merge,0.90,,,auto,P3_auto,0
A-01693,sn_321_output,精炼锡：产量：印尼：天马（季）,吨,未识别,未识别,无,sn_321_output,sn_321_output,latin_abbr,,,INDICATORS_V1_KEY,sn_321_output,1,1,synonym_merge,0.90,,,auto,P3_auto,0
A-01694,sn_321_util,锡：加工企业：开工率：中国（月）,百分比,未识别,未识别,无,sn_321_util,sn_321_util,latin_abbr,,,INDICATORS_V1_KEY,sn_321_util,1,1,synonym_merge,0.90,,,auto,P3_auto,0
A-01695,sn_321_util_2,锡：加工企业：开工率：中国（月）,百分比,未识别,未识别,无,sn_321_util_2,sn_321_util_2,latin_abbr,,,INDICATORS_V1_KEY,sn_321_util_2,1,1,synonym_merge,0.90,,,auto,P3_auto,0
A-01696,sn_323_import_recycle,精炼锡：进口数量：澳大利亚（季）,吨,未识别,未识别,无,sn_323_import_recycle,sn_323_import_recycle,latin_abbr,,,INDICATORS_V1_KEY,sn_323_import_recycle,1,1,synonym_merge,0.90,,,auto,P3_auto,0
A-01697,sn_323_output_recycle,精炼锡：产量：印尼：天马（季）,吨,未识别,未识别,无,sn_323_output_recycle,sn_323_output_recycle,latin_abbr,,,INDICATORS_V1_KEY,sn_323_output_recycle,1,1,synonym_merge,0.90,,,auto,P3_auto,0
A-01698,sn_323_output_recycle_2,USGS：锡矿：含锡：产量：缅甸（年）,吨,未识别,未识别,无,sn_323_output_recycle_2,sn_323_output_recycle_2,latin_abbr,,,INDICATORS_V1_KEY,sn_323_output_recycle_2,1,1,synonym_merge,0.90,,,auto,P3_auto,0
A-01699,sn_323_output_recycle_3,精炼锡：产量：印尼：天马（季）,吨,未识别,未识别,无,sn_323_output_recycle_3,sn_323_output_recycle_3,latin_abbr,,,INDICATORS_V1_KEY,sn_323_output_recycle_3,1,1,synonym_merge,0.90,,,auto,P3_auto,0
A-01700,sn_323_output_recycle_4,精炼锡：产量：印尼：天马（季）,吨,未识别,未识别,无,sn_323_output_recycle_4,sn_323_output_recycle_4,latin_abbr,,,INDICATORS_V1_KEY,sn_323_output_recycle_4,1,1,synonym_merge,0.90,,,auto,P3_auto,0
A-00288,sn_323_recycle_capacity,SEAISI：镀锡板（带）：产能：印尼（年）,千吨,SN,产能,锡,SEAISI：镀锡板（带）：产能：印尼（年）,SEAISI:镀锡板(带):产能:印尼(年,mixed_script,,,INDICATORS_V1_NAME,sn_323_recycle_capacity,1,1,synonym_merge,0.90,,,auto,P3_auto,0
A-01701,sn_323_recycle_capacity,SEAISI：镀锡板（带）：产能：印尼（年）,千吨,未识别,未识别,无,sn_323_recycle_capacity,sn_323_recycle_capacity,latin_abbr,,,INDICATORS_V1_KEY,sn_323_recycle_capacity,1,1,synonym_merge,0.90,,,auto,P3_auto,0
A-00076,sn_32_volume_ingot,"JFX,ICDX: 锡锭_月累计成交量: 日度",,SN,成交量,锡锭|锡,"JFX,ICDX: 锡锭_月累计成交量: 日度","JFX,ICDX:锡锭_月累计成交量:日度",mixed_script,,,INDICATORS_V1_NAME,sn_32_volume_ingot,1,1,synonym_merge,0.90,,,auto,P3_auto,0
A-01702,sn_32_volume_ingot,"JFX,ICDX: 锡锭_月累计成交量: 日度",,未识别,未识别,无,sn_32_volume_ingot,sn_32_volume_ingot,latin_abbr,,,INDICATORS_V1_KEY,sn_32_volume_ingot,1,1,synonym_merge,0.90,,,auto,P3_auto,0
A-01703,sn_41_lme_inv,LME：锡：原产国库存：埃及（月）,吨,未识别,未识别,无,sn_41_lme_inv,sn_41_lme_inv,latin_abbr,,,INDICATORS_V1_KEY,sn_41_lme_inv,1,1,synonym_merge,0.90,,,auto,P3_auto,0
A-01704,sn_41_warrant,LME：锡：注销仓单（日）,吨,未识别,未识别,无,sn_41_warrant,sn_41_warrant,latin_abbr,,,INDICATORS_V1_KEY,sn_41_warrant,1,1,synonym_merge,0.90,,,auto,P3_auto,0
A-01705,sn_42_ratio,LME：锡：注销占比（日）,百分比,未识别,未识别,无,sn_42_ratio,sn_42_ratio,latin_abbr,,,INDICATORS_V1_KEY,sn_42_ratio,1,1,synonym_merge,0.90,,,auto,P3_auto,0
A-01706,sn_42_warrant,LME：锡：注册仓单（日）,吨,未识别,未识别,无,sn_42_warrant,sn_42_warrant,latin_abbr,,,INDICATORS_V1_KEY,sn_42_warrant,1,1,synonym_merge,0.90,,,auto,P3_auto,0
A-01707,sn_42_warrant_2,LME：锡：注册仓单（日）,吨,未识别,未识别,无,sn_42_warrant_2,sn_42_warrant_2,latin_abbr,,,INDICATORS_V1_KEY,sn_42_warrant_2,1,1,synonym_merge,0.90,,,auto,P3_auto,0
A-01708,sn_43_inv,SMM: 锡锭社会库存: 上海: 周度,,未识别,未识别,无,sn_43_inv,sn_43_inv,latin_abbr,,,INDICATORS_V1_KEY,sn_43_inv,1,1,synonym_merge,0.90,,,auto,P3_auto,0
A-01709,sn_43_inv_2,SMM: 锡锭社会库存: 上海: 周度,,未识别,未识别,无,sn_43_inv_2,sn_43_inv_2,latin_abbr,,,INDICATORS_V1_KEY,sn_43_inv_2,1,1,synonym_merge,0.90,,,auto,P3_auto,0
A-00393,sn_43_inv_3,SMM: 国内锡市平衡（新）: 厂库库存变化: 月度,,SN,未识别,锡,SMM: 国内锡市平衡（新）: 厂库库存变化: 月度,SMM:国内锡市平衡(新,unit_variant,:厂库库存变化:月度,,INDICATORS_V1_NAME,sn_43_inv_3,1,1,synonym_merge,0.90,,,auto,P3_auto,0
A-01710,sn_43_inv_3,SMM: 国内锡市平衡（新）: 厂库库存变化: 月度,,未识别,未识别,无,sn_43_inv_3,sn_43_inv_3,latin_abbr,,,INDICATORS_V1_KEY,sn_43_inv_3,1,1,synonym_merge,0.90,,,auto,P3_auto,0
A-01711,sn_43_inv_plant,镀锡板（带）：钢铁企业：厂内库存（月）,万吨,未识别,未识别,无,sn_43_inv_plant,sn_43_inv_plant,latin_abbr,,,INDICATORS_V1_KEY,sn_43_inv_plant,1,1,synonym_merge,0.90,,,auto,P3_auto,0
A-04468,sn_43_inv_plant,镀锡板（带）：钢铁企业：厂内库存（月）,万吨,ENTITY|SN,厂内库存|库存,钢铁企业|锡,镀锡板（带）：钢铁企业：厂内库存（月）,镀锡板(带):钢铁企业:厂内库存(月,canonical,,,INDICATORS_V1_NAME,sn_43_inv_plant,1,1,synonym_merge,0.90,,,auto,P3_auto,0
A-01712,sn_43_ratio,LME：锡：注销占比（日）,百分比,未识别,未识别,无,sn_43_ratio,sn_43_ratio,latin_abbr,,,INDICATORS_V1_KEY,sn_43_ratio,1,1,synonym_merge,0.90,,,auto,P3_auto,0
A-00289,sn_51_cons,SEAISI：镀锡板（带）：表观消费量：印尼（年）,吨,SN,表观消费|消费量|消费,锡,SEAISI：镀锡板（带）：表观消费量：印尼（年）,SEAISI:镀锡板(带):表观消费量:印尼(年,mixed_script,,,INDICATORS_V1_NAME,sn_51_cons,1,1,synonym_merge,0.90,,,auto,P3_auto,0
A-01713,sn_51_cons,SEAISI：镀锡板（带）：表观消费量：印尼（年）,吨,未识别,未识别,无,sn_51_cons,sn_51_cons,latin_abbr,,,INDICATORS_V1_KEY,sn_51_cons,1,1,synonym_merge,0.90,,,auto,P3_auto,0
A-01714,sn_51_output,精炼锡：产量：印尼：天马（季）,吨,未识别,未识别,无,sn_51_output,sn_51_output,latin_abbr,,,INDICATORS_V1_KEY,sn_51_output,1,1,synonym_merge,0.90,,,auto,P3_auto,0
A-01715,sn_52_output,精炼锡：产量：印尼：天马（季）,吨,未识别,未识别,无,sn_52_output,sn_52_output,latin_abbr,,,INDICATORS_V1_KEY,sn_52_output,1,1,synonym_merge,0.90,,,auto,P3_auto,0
A-01716,sn_52_output_2,精炼锡：产量：印尼：天马（季）,吨,未识别,未识别,无,sn_52_output_2,sn_52_output_2,latin_abbr,,,INDICATORS_V1_KEY,sn_52_output_2,1,1,synonym_merge,0.90,,,auto,P3_auto,0
A-01717,sn_52_output_3,精炼锡：产量：印尼：天马（季）,吨,未识别,未识别,无,sn_52_output_3,sn_52_output_3,latin_abbr,,,INDICATORS_V1_KEY,sn_52_output_3,1,1,synonym_merge,0.90,,,auto,P3_auto,0
A-01718,sn_52_output_4,精炼锡：产量：印尼：天马（季）,吨,未识别,未识别,无,sn_52_output_4,sn_52_output_4,latin_abbr,,,INDICATORS_V1_KEY,sn_52_output_4,1,1,synonym_merge,0.90,,,auto,P3_auto,0
A-01719,sn_52_output_5,精炼锡：产量：印尼：天马（季）,吨,未识别,未识别,无,sn_52_output_5,sn_52_output_5,latin_abbr,,,INDICATORS_V1_KEY,sn_52_output_5,1,1,synonym_merge,0.90,,,auto,P3_auto,0
A-01720,sn_53_output_tin_ore,锡矿：产量：秘鲁：明苏尔（季）,,未识别,未识别,无,sn_53_output_tin_ore,sn_53_output_tin_ore,latin_abbr,,,INDICATORS_V1_KEY,sn_53_output_tin_ore,1,1,synonym_merge,0.90,,,auto,P3_auto,0
A-04424,sn_53_output_tin_ore,锡矿：产量：秘鲁：明苏尔（季）,,SN,产量,锡矿|锡,锡矿：产量：秘鲁：明苏尔（季）,锡矿:产量:秘鲁:明苏尔(季,canonical,,,INDICATORS_V1_NAME,sn_53_output_tin_ore,1,1,synonym_merge,0.90,,,auto,P3_auto,0
A-01721,sn_61_import,锡精矿：进口数量：缅甸→中国（月）,金属吨,未识别,未识别,无,sn_61_import,sn_61_import,latin_abbr,,,INDICATORS_V1_KEY,sn_61_import,1,1,synonym_merge,0.90,,,auto,P3_auto,0
A-01722,sn_61_import_2,锡精矿：进口数量：缅甸→中国（月）,金属吨,未识别,未识别,无,sn_61_import_2,sn_61_import_2,latin_abbr,,,INDICATORS_V1_KEY,sn_61_import_2,1,1,synonym_merge,0.90,,,auto,P3_auto,0
A-01723,sn_61_import_3,锡精矿：进口数量：缅甸→中国（月）,金属吨,未识别,未识别,无,sn_61_import_3,sn_61_import_3,latin_abbr,,,INDICATORS_V1_KEY,sn_61_import_3,1,1,synonym_merge,0.90,,,auto,P3_auto,0
A-01724,sn_61_import_4,锡精矿：进口数量：缅甸→中国（月）,金属吨,未识别,未识别,无,sn_61_import_4,sn_61_import_4,latin_abbr,,,INDICATORS_V1_KEY,sn_61_import_4,1,1,synonym_merge,0.90,,,auto,P3_auto,0
A-01725,sn_61_import_5,电解锡：净进口数量：中国（年）,万吨,未识别,未识别,无,sn_61_import_5,sn_61_import_5,latin_abbr,,,INDICATORS_V1_KEY,sn_61_import_5,1,1,synonym_merge,0.90,,,auto,P3_auto,0
A-03633,sn_61_import_5,电解锡：净进口数量：中国（年）,万吨,SN,未识别,锡,电解锡：净进口数量：中国（年）,电解锡:净进口数量:中国(年,canonical,,,INDICATORS_V1_NAME,sn_61_import_5,1,1,synonym_merge,0.90,,,auto,P3_auto,0
A-01726,sn_61_import_recycle,精炼锡：进口数量：澳大利亚（季）,吨,未识别,未识别,无,sn_61_import_recycle,sn_61_import_recycle,latin_abbr,,,INDICATORS_V1_KEY,sn_61_import_recycle,1,1,synonym_merge,0.90,,,auto,P3_auto,0
A-01727,sn_61_import_recycle_2,精炼锡：进口数量：澳大利亚（季）,吨,未识别,未识别,无,sn_61_import_recycle_2,sn_61_import_recycle_2,latin_abbr,,,INDICATORS_V1_KEY,sn_61_import_recycle_2,1,1,synonym_merge,0.90,,,auto,P3_auto,0
A-01728,sn_61_import_recycle_3,精炼锡：进口数量：澳大利亚（季）,吨,未识别,未识别,无,sn_61_import_recycle_3,sn_61_import_recycle_3,latin_abbr,,,INDICATORS_V1_KEY,sn_61_import_recycle_3,1,1,synonym_merge,0.90,,,auto,P3_auto,0
A-01729,sn_62_export,精炼锡：出口数量：马来西亚（月）,吨,未识别,未识别,无,sn_62_export,sn_62_export,latin_abbr,,,INDICATORS_V1_KEY,sn_62_export,1,1,synonym_merge,0.90,,,auto,P3_auto,0
A-01730,sn_62_export_2,印尼：锡锭：出口数量：全球（月）,吨,未识别,未识别,无,sn_62_export_2,sn_62_export_2,latin_abbr,,,INDICATORS_V1_KEY,sn_62_export_2,1,1,synonym_merge,0.90,,,auto,P3_auto,0
A-01731,sn_62_export_3,印尼：锡锭：出口数量：全球（月）,吨,未识别,未识别,无,sn_62_export_3,sn_62_export_3,latin_abbr,,,INDICATORS_V1_KEY,sn_62_export_3,1,1,synonym_merge,0.90,,,auto,P3_auto,0
A-01732,sn_62_export_4,印尼：锡锭：出口数量：全球（月）,吨,未识别,未识别,无,sn_62_export_4,sn_62_export_4,latin_abbr,,,INDICATORS_V1_KEY,sn_62_export_4,1,1,synonym_merge,0.90,,,auto,P3_auto,0
A-01733,sn_62_export_5,锡：出口金额合计：关别（月）,美元,未识别,未识别,无,sn_62_export_5,sn_62_export_5,latin_abbr,,,INDICATORS_V1_KEY,sn_62_export_5,1,1,synonym_merge,0.90,,,auto,P3_auto,0
A-04402,sn_62_export_5,锡：出口金额合计：关别（月）,美元,SN,未识别,锡,锡：出口金额合计：关别（月）,锡:出口金额合计:关别(月,canonical,,,INDICATORS_V1_NAME,sn_62_export_5,1,1,synonym_merge,0.90,,,auto,P3_auto,0
A-01734,sn_62_import,精炼锡：进口数量：澳大利亚（季）,吨,未识别,未识别,无,sn_62_import,sn_62_import,latin_abbr,,,INDICATORS_V1_KEY,sn_62_import,1,1,synonym_merge,0.90,,,auto,P3_auto,0
A-01735,sn_62_import_2,精炼锡：进口数量：澳大利亚（季）,吨,未识别,未识别,无,sn_62_import_2,sn_62_import_2,latin_abbr,,,INDICATORS_V1_KEY,sn_62_import_2,1,1,synonym_merge,0.90,,,auto,P3_auto,0
A-01736,sn_63_export,精炼锡：出口数量：马来西亚（月）,吨,未识别,未识别,无,sn_63_export,sn_63_export,latin_abbr,,,INDICATORS_V1_KEY,sn_63_export,1,1,synonym_merge,0.90,,,auto,P3_auto,0
A-01737,sn_63_export_2,精炼锡：出口数量：马来西亚（月）,吨,未识别,未识别,无,sn_63_export_2,sn_63_export_2,latin_abbr,,,INDICATORS_V1_KEY,sn_63_export_2,1,1,synonym_merge,0.90,,,auto,P3_auto,0
A-01738,sn_63_export_3,精炼锡：出口数量：马来西亚（月）,吨,未识别,未识别,无,sn_63_export_3,sn_63_export_3,latin_abbr,,,INDICATORS_V1_KEY,sn_63_export_3,1,1,synonym_merge,0.90,,,auto,P3_auto,0
A-01739,sn_63_export_4,精炼锡：出口数量：马来西亚（月）,吨,未识别,未识别,无,sn_63_export_4,sn_63_export_4,latin_abbr,,,INDICATORS_V1_KEY,sn_63_export_4,1,1,synonym_merge,0.90,,,auto,P3_auto,0
A-01740,sn_63_export_5,精炼锡：出口数量：马来西亚（月）,吨,未识别,未识别,无,sn_63_export_5,sn_63_export_5,latin_abbr,,,INDICATORS_V1_KEY,sn_63_export_5,1,1,synonym_merge,0.90,,,auto,P3_auto,0
A-01741,sn_63_export_6,韩国海关: 其他锡制品出口量: 总计: 月度,,未识别,未识别,无,sn_63_export_6,sn_63_export_6,latin_abbr,,,INDICATORS_V1_KEY,sn_63_export_6,1,1,synonym_merge,0.90,,,auto,P3_auto,0
A-04601,sn_63_export_6,韩国海关: 其他锡制品出口量: 总计: 月度,,SN,出口量,锡,韩国海关: 其他锡制品出口量: 总计: 月度,韩国海关:其他锡制品出口量:总计:月度,canonical,,,INDICATORS_V1_NAME,sn_63_export_6,1,1,synonym_merge,0.90,,,auto,P3_auto,0
A-01742,sn_63_export_ratio,精炼锡：出口数量：马来西亚（月）,吨,未识别,未识别,无,sn_63_export_ratio,sn_63_export_ratio,latin_abbr,,,INDICATORS_V1_KEY,sn_63_export_ratio,1,1,synonym_merge,0.90,,,auto,P3_auto,0
A-01743,sn_63_export_ratio_2,精炼锡：出口数量：马来西亚（月）,吨,未识别,未识别,无,sn_63_export_ratio_2,sn_63_export_ratio_2,latin_abbr,,,INDICATORS_V1_KEY,sn_63_export_ratio_2,1,1,synonym_merge,0.90,,,auto,P3_auto,0
A-01744,sn_71_cost,精炼锡：成本（日）,元,未识别,未识别,无,sn_71_cost,sn_71_cost,latin_abbr,,,INDICATORS_V1_KEY,sn_71_cost,1,1,synonym_merge,0.90,,,auto,P3_auto,0
A-01745,sn_71_cost_2,精炼锡：成本（日）,元,未识别,未识别,无,sn_71_cost_2,sn_71_cost_2,latin_abbr,,,INDICATORS_V1_KEY,sn_71_cost_2,1,1,synonym_merge,0.90,,,auto,P3_auto,0
A-01746,sn_71_cost_3,精炼锡：成本（日）,元,未识别,未识别,无,sn_71_cost_3,sn_71_cost_3,latin_abbr,,,INDICATORS_V1_KEY,sn_71_cost_3,1,1,synonym_merge,0.90,,,auto,P3_auto,0
A-01747,sn_71_cost_percentile,精炼锡：成本（日）,元,未识别,未识别,无,sn_71_cost_percentile,sn_71_cost_percentile,latin_abbr,,,INDICATORS_V1_KEY,sn_71_cost_percentile,1,1,synonym_merge,0.90,,,auto,P3_auto,0
A-01748,sn_71_tc,锡精矿：40%Sn：加工费：云南（日）,元/吨,未识别,未识别,无,sn_71_tc,sn_71_tc,latin_abbr,,,INDICATORS_V1_KEY,sn_71_tc,1,1,synonym_merge,0.90,,,auto,P3_auto,0
A-01749,sn_71_tc_2,锡精矿：40%Sn：加工费：云南（日）,元/吨,未识别,未识别,无,sn_71_tc_2,sn_71_tc_2,latin_abbr,,,INDICATORS_V1_KEY,sn_71_tc_2,1,1,synonym_merge,0.90,,,auto,P3_auto,0
A-01750,sn_71_tc_3,锡精矿：40%Sn：加工费：云南（日）,元/吨,未识别,未识别,无,sn_71_tc_3,sn_71_tc_3,latin_abbr,,,INDICATORS_V1_KEY,sn_71_tc_3,1,1,synonym_merge,0.90,,,auto,P3_auto,0
A-01751,sn_71_util,锡：冶炼厂：开工率：中国（月）,,未识别,未识别,无,sn_71_util,sn_71_util,latin_abbr,,,INDICATORS_V1_KEY,sn_71_util,1,1,synonym_merge,0.90,,,auto,P3_auto,0
A-01752,sn_72_idx,冶炼锡：毛利（日）,,未识别,未识别,无,sn_72_idx,sn_72_idx,latin_abbr,,,INDICATORS_V1_KEY,sn_72_idx,1,1,synonym_merge,0.90,,,auto,P3_auto,0
A-02517,sn_72_idx,冶炼锡：毛利（日）,,SN,毛利,锡,冶炼锡：毛利（日）,冶炼锡:毛利(日,cross_report_synonym,,,INDICATORS_V1_NAME|THS_MATCHED,THS-SN-2.5|THS-SN-3.2.4|sn_72_idx,1,3,synonym_merge,0.90,,,auto,P3_auto,0
A-01753,sn_72_tc,锡精矿：40%Sn：加工费：云南（日）,元/吨,未识别,未识别,无,sn_72_tc,sn_72_tc,latin_abbr,,,INDICATORS_V1_KEY,sn_72_tc,1,1,synonym_merge,0.90,,,auto,P3_auto,0
A-01754,sn_72_tc_2,锡精矿：40%Sn：加工费：云南（日）,元/吨,未识别,未识别,无,sn_72_tc_2,sn_72_tc_2,latin_abbr,,,INDICATORS_V1_KEY,sn_72_tc_2,1,1,synonym_merge,0.90,,,auto,P3_auto,0
A-01755,sn_73_price,锡精矿：1#：40%Sn：汇总价格：云南（日）,元/吨,未识别,未识别,无,sn_73_price,sn_73_price,latin_abbr,,,INDICATORS_V1_KEY,sn_73_price,1,1,synonym_merge,0.90,,,auto,P3_auto,0
A-01756,sn_73_price_2,锡精矿：1#：40%Sn：汇总价格：云南（日）,元/吨,未识别,未识别,无,sn_73_price_2,sn_73_price_2,latin_abbr,,,INDICATORS_V1_KEY,sn_73_price_2,1,1,synonym_merge,0.90,,,auto,P3_auto,0
A-01757,wr1,A00升贴水-上海,,未识别,未识别,无,wr1,wr1,latin_abbr,,,INDICATORS_V1_KEY,wr1,1,1,synonym_merge,0.90,,,auto,P3_auto,0
A-01758,wr10,铝材出口利润,,未识别,未识别,无,wr10,wr10,latin_abbr,,,INDICATORS_V1_KEY,wr10,1,1,synonym_merge,0.90,,,auto,P3_auto,0
A-04267,wr10,铝材出口利润,,AL,利润,铝材|铝,铝材出口利润,铝材出口利润,cross_report_synonym,,,INDICATORS_V1_NAME|PDF_TEMPLATE,TPL-AL-011|wr10,1,2,synonym_merge,0.90,,,auto,P3_auto,0
A-01759,wr100,碳酸锂 产量:湖南,吨,未识别,未识别,无,wr100,wr100,latin_abbr,,,INDICATORS_V1_KEY,wr100,1,1,synonym_merge,0.90,,,auto,P3_auto,0
A-03752,wr100,碳酸锂 产量:湖南,吨,LI,产量,碳酸锂|锂,碳酸锂 产量:湖南,碳酸锂产量:湖南,canonical,,,INDICATORS_V1_NAME,wr100,1,1,synonym_merge,0.90,,,auto,P3_auto,0
A-01760,wr101,碳酸锂 产量:青海,吨,未识别,未识别,无,wr101,wr101,latin_abbr,,,INDICATORS_V1_KEY,wr101,1,1,synonym_merge,0.90,,,auto,P3_auto,0
A-03753,wr101,碳酸锂 产量:青海,吨,LI,产量,碳酸锂|锂,碳酸锂 产量:青海,碳酸锂产量:青海,canonical,,,INDICATORS_V1_NAME,wr101,1,1,synonym_merge,0.90,,,auto,P3_auto,0
A-01761,wr102,碳酸锂 开工率:锂云母,,未识别,未识别,无,wr102,wr102,latin_abbr,,,INDICATORS_V1_KEY,wr102,1,1,synonym_merge,0.90,,,auto,P3_auto,0
A-03775,wr102,碳酸锂 开工率:锂云母,,LI,开工率|开工,锂云母|碳酸锂|锂,碳酸锂 开工率:锂云母,碳酸锂开工率:锂云母,canonical,,,INDICATORS_V1_NAME,wr102,1,1,synonym_merge,0.90,,,auto,P3_auto,0
A-01762,wr103,碳酸锂 开工率:锂辉石,,未识别,未识别,无,wr103,wr103,latin_abbr,,,INDICATORS_V1_KEY,wr103,1,1,synonym_merge,0.90,,,auto,P3_auto,0
A-03776,wr103,碳酸锂 开工率:锂辉石,,LI,开工率|开工,锂辉石|碳酸锂|锂,碳酸锂 开工率:锂辉石,碳酸锂开工率:锂辉石,canonical,,,INDICATORS_V1_NAME,wr103,1,1,synonym_merge,0.90,,,auto,P3_auto,0
A-01763,wr104,碳酸锂 盐湖产:周度,,未识别,未识别,无,wr104,wr104,latin_abbr,,,INDICATORS_V1_KEY,wr104,1,1,synonym_merge,0.90,,,auto,P3_auto,0
A-03791,wr104,碳酸锂 盐湖产:周度,,LI,未识别,碳酸锂|锂盐|锂,碳酸锂 盐湖产:周度,碳酸锂盐湖产:周度,cross_report_synonym,,,INDICATORS_V1_NAME|PDF_TEMPLATE,TPL-LC-034|wr104,1,2,synonym_merge,0.90,,,auto,P3_auto,0
A-01764,wr105,碳酸锂 盐湖提锂 产量,吨,未识别,未识别,无,wr105,wr105,latin_abbr,,,INDICATORS_V1_KEY,wr105,1,1,synonym_merge,0.90,,,auto,P3_auto,0
A-03793,wr105,碳酸锂 盐湖提锂 产量,吨,LI,产量,盐湖提锂|碳酸锂|锂盐|锂,碳酸锂 盐湖提锂 产量,碳酸锂盐湖提锂产量,cross_report_synonym,,,INDICATORS_V1_NAME|PDF_TEMPLATE,TPL-LC-035|wr105,1,2,synonym_merge,0.90,,,auto,P3_auto,0
A-01765,wr106,碳酸锂 硫酸法 周度产量,吨,未识别,未识别,无,wr106,wr106,latin_abbr,,,INDICATORS_V1_KEY,wr106,1,1,synonym_merge,0.90,,,auto,P3_auto,0
A-03794,wr106,碳酸锂 硫酸法 周度产量,吨,ENTITY|LI,产量,碳酸锂|硫酸|锂,碳酸锂 硫酸法 周度产量,碳酸锂硫酸法周度产量,cross_report_synonym,,,INDICATORS_V1_NAME|PDF_TEMPLATE,TPL-LC-036|TPL-LC-043|TPL-LC-068|wr106,1,5,synonym_merge,0.90,,,auto,P3_auto,0
A-01766,wr107,碳酸锂 锂云母产:周度,,未识别,未识别,无,wr107,wr107,latin_abbr,,,INDICATORS_V1_KEY,wr107,1,1,synonym_merge,0.90,,,auto,P3_auto,0
A-03807,wr107,碳酸锂 锂云母产:周度,,LI,未识别,锂云母|碳酸锂|锂,碳酸锂 锂云母产:周度,碳酸锂锂云母产:周度,canonical,,,INDICATORS_V1_NAME,wr107,1,1,synonym_merge,0.90,,,auto,P3_auto,0
A-01767,wr108,碳酸锂 锂辉石产:周度,,未识别,未识别,无,wr108,wr108,latin_abbr,,,INDICATORS_V1_KEY,wr108,1,1,synonym_merge,0.90,,,auto,P3_auto,0
A-03809,wr108,碳酸锂 锂辉石产:周度,,LI,未识别,锂辉石|碳酸锂|锂,碳酸锂 锂辉石产:周度,碳酸锂锂辉石产:周度,canonical,,,INDICATORS_V1_NAME,wr108,1,1,synonym_merge,0.90,,,auto,P3_auto,0
A-01768,wr109,工业级氢氧化锂 价格,,未识别,未识别,无,wr109,wr109,latin_abbr,,,INDICATORS_V1_KEY,wr109,1,1,synonym_merge,0.90,,,auto,P3_auto,0
A-03143,wr109,工业级氢氧化锂 价格,,LI,价格,氢氧化锂|锂,工业级氢氧化锂 价格,工业级氢氧化锂价格,cross_report_synonym,,,INDICATORS_V1_NAME|PDF_TEMPLATE,TPL-LC-001|wr109,1,2,synonym_merge,0.90,,,auto,P3_auto,0
A-01769,wr11,铝板带出口利润,,未识别,未识别,无,wr11,wr11,latin_abbr,,,INDICATORS_V1_KEY,wr11,1,1,synonym_merge,0.90,,,auto,P3_auto,0
A-04270,wr11,铝板带出口利润,,AL,利润,铝板|铝,铝板带出口利润,铝板带出口利润,cross_report_synonym,,,INDICATORS_V1_NAME|PDF_TEMPLATE,TPL-AL-012|wr11,1,2,synonym_merge,0.90,,,auto,P3_auto,0
A-01770,wr110,工业级碳酸锂 现货价格,,未识别,未识别,无,wr110,wr110,latin_abbr,,,INDICATORS_V1_KEY,wr110,1,1,synonym_merge,0.90,,,auto,P3_auto,0
A-03151,wr110,工业级碳酸锂 现货价格,,LI,现货价格|价格,碳酸锂|锂,工业级碳酸锂 现货价格,工业级碳酸锂现货价格,cross_report_synonym,,,INDICATORS_V1_NAME|THS_MATCHED,THS-SI-2.2|wr110,1,2,synonym_merge,0.90,,,auto,P3_auto,0
A-01771,wr111,电池级-工业级碳酸锂 价差,,未识别,未识别,无,wr111,wr111,latin_abbr,,,INDICATORS_V1_KEY,wr111,1,1,synonym_merge,0.90,,,auto,P3_auto,0
A-03570,wr111,电池级-工业级碳酸锂 价差,,LI,价差,碳酸锂|锂,电池级-工业级碳酸锂 价差,电池级-工业级碳酸锂价差,cross_report_synonym,,,INDICATORS_V1_NAME|PDF_TEMPLATE,TPL-LC-002|wr111,1,2,synonym_merge,0.90,,,auto,P3_auto,0
A-01772,wr112,电池级氢氧化锂(微粉) 价格,,未识别,未识别,无,wr112,wr112,latin_abbr,,,INDICATORS_V1_KEY,wr112,1,1,synonym_merge,0.90,,,auto,P3_auto,0
A-03571,wr112,电池级氢氧化锂(微粉) 价格,,LI,价格,氢氧化锂|锂,电池级氢氧化锂(微粉) 价格,电池级氢氧化锂(微粉)价格,canonical,,,INDICATORS_V1_NAME,wr112,1,1,synonym_merge,0.90,,,auto,P3_auto,0
A-01773,wr113,电池级氢氧化锂(粗颗粒) 价格,,未识别,未识别,无,wr113,wr113,latin_abbr,,,INDICATORS_V1_KEY,wr113,1,1,synonym_merge,0.90,,,auto,P3_auto,0
A-03572,wr113,电池级氢氧化锂(粗颗粒) 价格,,LI,价格,氢氧化锂|锂,电池级氢氧化锂(粗颗粒) 价格,电池级氢氧化锂(粗颗粒)价格,cross_report_synonym,,,INDICATORS_V1_NAME|PDF_TEMPLATE,TPL-LC-003|wr113,1,2,synonym_merge,0.90,,,auto,P3_auto,0
A-01774,wr114,电池级碳酸锂 现货价格,元/吨,未识别,未识别,无,wr114,wr114,latin_abbr,,,INDICATORS_V1_KEY,wr114,1,1,synonym_merge,0.90,,,auto,P3_auto,0
A-03582,wr114,电池级碳酸锂 现货价格,元/吨,LI,现货价格|价格,碳酸锂|锂,电池级碳酸锂 现货价格,电池级碳酸锂现货价格,cross_report_synonym,,,INDICATORS_V1_NAME|PDF_TEMPLATE|THS_MATCHED,THS-NI-2.2|THS-NI-2.4|THS-NI-2.5|TPL-LC-004|wr114,1,5,synonym_merge,0.90,,,auto,P3_auto,0
A-01775,wr115,碳酸锂 主力合约 收盘价,元/吨,未识别,未识别,无,wr115,wr115,latin_abbr,,,INDICATORS_V1_KEY,wr115,1,1,synonym_merge,0.90,,,auto,P3_auto,0
A-03741,wr115,碳酸锂 主力合约 收盘价,元/吨,LI,未识别,碳酸锂|锂,碳酸锂 主力合约 收盘价,碳酸锂主力合约收盘价,cross_report_synonym,,,INDICATORS_V1_NAME|THS_MATCHED,THS-SN-5.1|THS-ZN-4.3|THS-ZN-6.3|wr115,1,56,synonym_merge,0.90,,,auto,P3_auto,0
A-01776,wr116,碳酸锂 出货情绪因子,,未识别,未识别,无,wr116,wr116,latin_abbr,,,INDICATORS_V1_KEY,wr116,1,1,synonym_merge,0.90,,,auto,P3_auto,0
A-03757,wr116,碳酸锂 出货情绪因子,,LI,情绪因子,碳酸锂|锂,碳酸锂 出货情绪因子,碳酸锂出货情绪因子,cross_report_synonym,,,INDICATORS_V1_NAME|PDF_TEMPLATE,TPL-LC-005|wr116,1,2,synonym_merge,0.90,,,auto,P3_auto,0
A-01777,wr117,碳酸锂 升贴水 主力合约,,未识别,未识别,无,wr117,wr117,latin_abbr,,,INDICATORS_V1_KEY,wr117,1,1,synonym_merge,0.90,,,auto,P3_auto,0
A-03758,wr117,碳酸锂 升贴水 主力合约,,LI,升贴水|贴水,碳酸锂|锂,碳酸锂 升贴水 主力合约,碳酸锂升贴水主力合约,cross_report_synonym,,,INDICATORS_V1_NAME|PDF_TEMPLATE,TPL-LC-006|wr117,1,2,synonym_merge,0.90,,,auto,P3_auto,0
A-01778,wr118,碳酸锂 升贴水 高幅,,未识别,未识别,无,wr118,wr118,latin_abbr,,,INDICATORS_V1_KEY,wr118,1,1,synonym_merge,0.90,,,auto,P3_auto,0
A-03759,wr118,碳酸锂 升贴水 高幅,,LI,升贴水|贴水,碳酸锂|锂,碳酸锂 升贴水 高幅,碳酸锂升贴水高幅,canonical,,,INDICATORS_V1_NAME,wr118,1,1,synonym_merge,0.90,,,auto,P3_auto,0
A-01779,wr119,碳酸锂 成交情绪因子,,未识别,未识别,无,wr119,wr119,latin_abbr,,,INDICATORS_V1_KEY,wr119,1,1,synonym_merge,0.90,,,auto,P3_auto,0
A-03778,wr119,碳酸锂 成交情绪因子,,LI,情绪因子,碳酸锂|锂,碳酸锂 成交情绪因子,碳酸锂成交情绪因子,cross_report_synonym,,,INDICATORS_V1_NAME|PDF_TEMPLATE,TPL-LC-007|wr119,1,2,synonym_merge,0.90,,,auto,P3_auto,0
A-00003,wr12,1A60铝杆加工费-内蒙,,AL,加工费,铝杆|铝,1A60铝杆加工费-内蒙,1A60铝杆加工费-内蒙,mixed_script,,,INDICATORS_V1_NAME,wr12,1,1,synonym_merge,0.90,,,auto,P3_auto,0
A-01780,wr12,1A60铝杆加工费-内蒙,,未识别,未识别,无,wr12,wr12,latin_abbr,,,INDICATORS_V1_KEY,wr12,1,1,synonym_merge,0.90,,,auto,P3_auto,0
A-01781,wr120,碳酸锂 总需求,吨,未识别,未识别,无,wr120,wr120,latin_abbr,,,INDICATORS_V1_KEY,wr120,1,1,synonym_merge,0.90,,,auto,P3_auto,0
A-03777,wr120,碳酸锂 总需求,吨,LI,需求,碳酸锂|锂,碳酸锂 总需求,碳酸锂总需求,canonical,,,INDICATORS_V1_NAME,wr120,1,1,synonym_merge,0.90,,,auto,P3_auto,0
A-01782,wr121,碳酸锂 磷酸铁锂需求,,未识别,未识别,无,wr121,wr121,latin_abbr,,,INDICATORS_V1_KEY,wr121,1,1,synonym_merge,0.90,,,auto,P3_auto,0
A-03797,wr121,碳酸锂 磷酸铁锂需求,,LI,需求,磷酸铁锂|碳酸锂|锂,碳酸锂 磷酸铁锂需求,碳酸锂磷酸铁锂需求,cross_report_synonym,,,INDICATORS_V1_NAME|PDF_TEMPLATE,TPL-LC-055|TPL-LC-059|wr121,1,3,synonym_merge,0.90,,,auto,P3_auto,0
A-01783,wr122,碳酸锂 锂云母产量,吨,未识别,未识别,无,wr122,wr122,latin_abbr,,,INDICATORS_V1_KEY,wr122,1,1,synonym_merge,0.90,,,auto,P3_auto,0
A-03808,wr122,碳酸锂 锂云母产量,吨,LI,产量,锂云母|碳酸锂|锂,碳酸锂 锂云母产量,碳酸锂锂云母产量,cross_report_synonym,,,INDICATORS_V1_NAME|PDF_TEMPLATE|THS_MATCHED,THS-LI-3.2.1|THS-LI-3.2.3|TPL-LC-060|wr122,1,4,synonym_merge,0.90,,,auto,P3_auto,0
A-01784,wr123,碳酸锂 锂辉石总产量,吨,未识别,未识别,无,wr123,wr123,latin_abbr,,,INDICATORS_V1_KEY,wr123,1,1,synonym_merge,0.90,,,auto,P3_auto,0
A-03810,wr123,碳酸锂 锂辉石总产量,吨,LI,产量,锂辉石|碳酸锂|锂,碳酸锂 锂辉石总产量,碳酸锂锂辉石总产量,cross_report_synonym,,,INDICATORS_V1_NAME|PDF_TEMPLATE|THS_MATCHED,THS-LI-3.1.3|TPL-LC-061|wr123,1,3,synonym_merge,0.90,,,auto,P3_auto,0
A-01785,wr124,碳酸锂 仓单量,手,未识别,未识别,无,wr124,wr124,latin_abbr,,,INDICATORS_V1_KEY,wr124,1,1,synonym_merge,0.90,,,auto,P3_auto,0
A-03755,wr124,碳酸锂 仓单量,手,LI,仓单,碳酸锂|锂,碳酸锂 仓单量,碳酸锂仓单量,cross_report_synonym,,,INDICATORS_V1_NAME|THS_MATCHED,THS-LI-4.1|THS-LI-4.2|wr124,1,4,synonym_merge,0.90,,,auto,P3_auto,0
A-01786,wr125,碳酸锂 周度库存:下游,,未识别,未识别,无,wr125,wr125,latin_abbr,,,INDICATORS_V1_KEY,wr125,1,1,synonym_merge,0.90,,,auto,P3_auto,0
A-03761,wr125,碳酸锂 周度库存:下游,,LI,库存,碳酸锂|锂,碳酸锂 周度库存:下游,碳酸锂周度库存:下游,canonical,,,INDICATORS_V1_NAME,wr125,1,1,synonym_merge,0.90,,,auto,P3_auto,0
A-01787,wr126,碳酸锂 周度库存:其他,吨,未识别,未识别,无,wr126,wr126,latin_abbr,,,INDICATORS_V1_KEY,wr126,1,1,synonym_merge,0.90,,,auto,P3_auto,0
A-03762,wr126,碳酸锂 周度库存:其他,吨,LI,库存,碳酸锂|锂,碳酸锂 周度库存:其他,碳酸锂周度库存:其他,canonical,,,INDICATORS_V1_NAME,wr126,1,1,synonym_merge,0.90,,,auto,P3_auto,0
A-01788,wr127,碳酸锂 周度库存:冶炼厂,,未识别,未识别,无,wr127,wr127,latin_abbr,,,INDICATORS_V1_KEY,wr127,1,1,synonym_merge,0.90,,,auto,P3_auto,0
A-03763,wr127,碳酸锂 周度库存:冶炼厂,,LI,库存,碳酸锂|锂,碳酸锂 周度库存:冶炼厂,碳酸锂周度库存:冶炼厂,canonical,,,INDICATORS_V1_NAME,wr127,1,1,synonym_merge,0.90,,,auto,P3_auto,0
A-01789,wr128,碳酸锂 周度库存:总计,,未识别,未识别,无,wr128,wr128,latin_abbr,,,INDICATORS_V1_KEY,wr128,1,1,synonym_merge,0.90,,,auto,P3_auto,0
A-03760,wr128,碳酸锂 周度库存:总计,,LI,库存,碳酸锂|锂,碳酸锂 周度库存:总计,碳酸锂周度库存:,suffix_variant,,总计,INDICATORS_V1_NAME,wr128,1,1,synonym_merge,0.90,,,auto,P3_auto,0
A-01790,wr129,碳酸锂 大样本库存,,未识别,未识别,无,wr129,wr129,latin_abbr,,,INDICATORS_V1_KEY,wr129,1,1,synonym_merge,0.90,,,auto,P3_auto,0
A-03767,wr129,碳酸锂 大样本库存,,LI,库存,碳酸锂|锂,碳酸锂 大样本库存,碳酸锂大样本库存,cross_report_synonym,,,INDICATORS_V1_NAME|PDF_TEMPLATE,TPL-LC-022|TPL-LC-052|wr129,1,3,synonym_merge,0.90,,,auto,P3_auto,0
A-00004,wr13,1A60铝杆加工费-山东,,AL,加工费,铝杆|铝,1A60铝杆加工费-山东,1A60铝杆加工费-山东,mixed_script,,,INDICATORS_V1_NAME,wr13,1,1,synonym_merge,0.90,,,auto,P3_auto,0
A-01791,wr13,1A60铝杆加工费-山东,,未识别,未识别,无,wr13,wr13,latin_abbr,,,INDICATORS_V1_KEY,wr13,1,1,synonym_merge,0.90,,,auto,P3_auto,0
A-03768,wr130,碳酸锂 工厂库存,吨,LI,工厂库存|库存,碳酸锂|锂,碳酸锂 工厂库存,碳酸锂工厂库存,unit_variant,万吨LCE,,INDICATORS_V1_NAME|PDF_TEMPLATE|THS_MATCHED|THS_SERIES,THS-LI-4.4|TPL-LC-053|TPL-LC-074|wr130,2,8,synonym_merge,0.95,,,auto,P3_auto,0
A-01792,wr130,碳酸锂 工厂库存,吨,未识别,未识别,无,wr130,wr130,latin_abbr,,,INDICATORS_V1_KEY,wr130,1,1,synonym_merge,0.90,,,auto,P3_auto,0
A-01793,wr131,碳酸锂 库存天数:上游,,未识别,未识别,无,wr131,wr131,latin_abbr,,,INDICATORS_V1_KEY,wr131,1,1,synonym_merge,0.90,,,auto,P3_auto,0
A-03774,wr131,碳酸锂 库存天数:上游,,LI,库存天数|库存,碳酸锂|锂,碳酸锂 库存天数:上游,碳酸锂库存天数:上游,canonical,,,INDICATORS_V1_NAME,wr131,1,1,synonym_merge,0.90,,,auto,P3_auto,0
A-01794,wr132,碳酸锂 库存天数:总计,,未识别,未识别,无,wr132,wr132,latin_abbr,,,INDICATORS_V1_KEY,wr132,1,1,synonym_merge,0.90,,,auto,P3_auto,0
A-03773,wr132,碳酸锂 库存天数:总计,,LI,库存天数|库存,碳酸锂|锂,碳酸锂 库存天数:总计,碳酸锂库存天数:,suffix_variant,,总计,INDICATORS_V1_NAME,wr132,1,1,synonym_merge,0.90,,,auto,P3_auto,0
A-01795,wr133,三元材料 周度产量,,未识别,未识别,无,wr133,wr133,latin_abbr,,,INDICATORS_V1_KEY,wr133,1,1,synonym_merge,0.90,,,auto,P3_auto,0
A-02217,wr133,三元材料 周度产量,,LI,产量,三元材料,三元材料 周度产量,三元材料周度产量,cross_report_synonym,,,INDICATORS_V1_NAME|PDF_TEMPLATE,TPL-LC-038|TPL-LC-045|TPL-LC-048|wr133,1,6,synonym_merge,0.90,,,auto,P3_auto,0
A-01796,wr134,三元材料 库存,,未识别,未识别,无,wr134,wr134,latin_abbr,,,INDICATORS_V1_KEY,wr134,1,1,synonym_merge,0.90,,,auto,P3_auto,0
A-02218,wr134,三元材料 库存,,LI,库存,三元材料,三元材料 库存,三元材料库存,canonical,,,INDICATORS_V1_NAME,wr134,1,1,synonym_merge,0.90,,,auto,P3_auto,0
A-01797,wr135,三元材料 总产量,,未识别,未识别,无,wr135,wr135,latin_abbr,,,INDICATORS_V1_KEY,wr135,1,1,synonym_merge,0.90,,,auto,P3_auto,0
A-02220,wr135,三元材料 总产量,,LI,产量,三元材料,三元材料 总产量,三元材料总产量,canonical,,,INDICATORS_V1_NAME,wr135,1,1,synonym_merge,0.90,,,auto,P3_auto,0
A-01798,wr136,三元材料 月度产量,,未识别,未识别,无,wr136,wr136,latin_abbr,,,INDICATORS_V1_KEY,wr136,1,1,synonym_merge,0.90,,,auto,P3_auto,0
A-02221,wr136,三元材料 月度产量,,LI,产量,三元材料,三元材料 月度产量,三元材料月度产量,cross_report_synonym,,,INDICATORS_V1_NAME|PDF_TEMPLATE,TPL-LC-063|TPL-LC-081|TPL-LC-097|wr136,1,4,synonym_merge,0.90,,,auto,P3_auto,0
A-01799,wr137,正极材料 周度产量,,未识别,未识别,无,wr137,wr137,latin_abbr,,,INDICATORS_V1_KEY,wr137,1,1,synonym_merge,0.90,,,auto,P3_auto,0
A-03284,wr137,正极材料 周度产量,,LI,产量,正极材料,正极材料 周度产量,正极材料周度产量,cross_report_synonym,,,INDICATORS_V1_NAME|PDF_TEMPLATE,TPL-LC-039|TPL-LC-046|TPL-LC-049|wr137,1,6,synonym_merge,0.90,,,auto,P3_auto,0
A-01800,wr138,钴酸锂 月度产量,百分比,未识别,未识别,无,wr138,wr138,latin_abbr,,,INDICATORS_V1_KEY,wr138,1,1,synonym_merge,0.90,,,auto,P3_auto,0
A-04176,wr138,钴酸锂 月度产量,百分比,LI,产量,钴酸锂|锂,钴酸锂 月度产量,钴酸锂月度产量,cross_report_synonym,,,INDICATORS_V1_NAME|PDF_TEMPLATE,TPL-LC-065|TPL-LC-083|wr138,1,3,synonym_merge,0.90,,,auto,P3_auto,0
A-01801,wr139,其他电池 国内销量,,未识别,未识别,无,wr139,wr139,latin_abbr,,,INDICATORS_V1_KEY,wr139,1,1,synonym_merge,0.90,,,auto,P3_auto,0
A-02461,wr139,其他电池 国内销量,,LC,销量,无,其他电池 国内销量,其他电池国内销量,cross_report_synonym,,,INDICATORS_V1_NAME|PDF_TEMPLATE,TPL-LC-088|wr139,1,2,synonym_merge,0.90,,,auto,P3_auto,0
A-01802,wr14,再生铝合金开工率,,未识别,未识别,无,wr14,wr14,latin_abbr,,,INDICATORS_V1_KEY,wr14,1,1,synonym_merge,0.90,,,auto,P3_auto,0
A-02478,wr14,再生铝合金开工率,,AL,开工率|开工,再生铝|铝合金|铝,再生铝合金开工率,再生铝合金开工率,cross_report_synonym,,,INDICATORS_V1_NAME|PDF_TEMPLATE|THS_MATCHED,THS-SN-3.2.3|THS-ZN-3.2.3|TPL-AL-029|wr14,1,5,synonym_merge,0.90,,,auto,P3_auto,0
A-01803,wr140,动力电池 出口:三元材料,,未识别,未识别,无,wr140,wr140,latin_abbr,,,INDICATORS_V1_KEY,wr140,1,1,synonym_merge,0.90,,,auto,P3_auto,0
A-02553,wr140,动力电池 出口:三元材料,,LI,未识别,动力电池|三元材料,动力电池 出口:三元材料,动力电池出口:三元材料,cross_report_synonym,,,INDICATORS_V1_NAME|PDF_TEMPLATE,TPL-LC-072|TPL-LC-075|TPL-LC-085|wr140,1,5,synonym_merge,0.90,,,auto,P3_auto,0
A-01804,wr141,智利 碳酸锂 出口:中国,吨,未识别,未识别,无,wr141,wr141,latin_abbr,,,INDICATORS_V1_KEY,wr141,1,1,synonym_merge,0.90,,,auto,P3_auto,0
A-03236,wr141,智利 碳酸锂 出口:中国,吨,LI,未识别,碳酸锂|锂,智利 碳酸锂 出口:中国,智利碳酸锂出口:中国,canonical,,,INDICATORS_V1_NAME,wr141,1,1,synonym_merge,0.90,,,auto,P3_auto,0
A-01805,wr142,智利 硫酸锂 出口:全球,吨,未识别,未识别,无,wr142,wr142,latin_abbr,,,INDICATORS_V1_KEY,wr142,1,1,synonym_merge,0.90,,,auto,P3_auto,0
A-03235,wr142,智利 硫酸锂 出口:全球,吨,ENTITY|LI,未识别,硫酸|锂,智利 硫酸锂 出口:全球,智利硫酸锂出口:全球,canonical,,,INDICATORS_V1_NAME,wr142,1,1,synonym_merge,0.90,,,auto,P3_auto,0
A-01806,wr143,智利 碳酸锂 出口:全球,吨,未识别,未识别,无,wr143,wr143,latin_abbr,,,INDICATORS_V1_KEY,wr143,1,1,synonym_merge,0.90,,,auto,P3_auto,0
A-03237,wr143,智利 碳酸锂 出口:全球,吨,LI,未识别,碳酸锂|锂,智利 碳酸锂 出口:全球,智利碳酸锂出口:全球,canonical,,,INDICATORS_V1_NAME,wr143,1,1,synonym_merge,0.90,,,auto,P3_auto,0
A-01807,wr144,碳酸锂 月度进口量,,未识别,未识别,无,wr144,wr144,latin_abbr,,,INDICATORS_V1_KEY,wr144,1,1,synonym_merge,0.90,,,auto,P3_auto,0
A-03779,wr144,碳酸锂 月度进口量,,LI,进口量,碳酸锂|锂,碳酸锂 月度进口量,碳酸锂月度进口量,cross_report_synonym,,,INDICATORS_V1_NAME|PDF_TEMPLATE,TPL-LC-009|TPL-LC-051|wr144,1,3,synonym_merge,0.90,,,auto,P3_auto,0
A-01808,wr145,碳酸锂进口 智利,,未识别,未识别,无,wr145,wr145,latin_abbr,,,INDICATORS_V1_KEY,wr145,1,1,synonym_merge,0.90,,,auto,P3_auto,0
A-03804,wr145,碳酸锂进口 智利,,LI,未识别,碳酸锂|锂,碳酸锂进口 智利,碳酸锂进口智利,canonical,,,INDICATORS_V1_NAME,wr145,1,1,synonym_merge,0.90,,,auto,P3_auto,0
A-01809,wr146,碳酸锂进口 阿根廷,,未识别,未识别,无,wr146,wr146,latin_abbr,,,INDICATORS_V1_KEY,wr146,1,1,synonym_merge,0.90,,,auto,P3_auto,0
A-03806,wr146,碳酸锂进口 阿根廷,,LI,未识别,碳酸锂|锂,碳酸锂进口 阿根廷,碳酸锂进口阿根廷,canonical,,,INDICATORS_V1_NAME,wr146,1,1,synonym_merge,0.90,,,auto,P3_auto,0
A-00527,wr147,SMM 锂矿样本库存:矿山,,LI,库存,锂,SMM 锂矿样本库存:矿山,SMM锂矿样本库存:矿山,cross_report_synonym,,,INDICATORS_V1_NAME|PDF_TEMPLATE,TPL-LC-023|wr147,1,2,synonym_merge,0.90,,,auto,P3_auto,0
A-01810,wr147,SMM 锂矿样本库存:矿山,,未识别,未识别,无,wr147,wr147,latin_abbr,,,INDICATORS_V1_KEY,wr147,1,1,synonym_merge,0.90,,,auto,P3_auto,0
A-00528,wr148,SMM 锂矿样本库存:锂盐厂,,LI,库存,锂盐|锂,SMM 锂矿样本库存:锂盐厂,SMM锂矿样本库存:锂盐厂,cross_report_synonym,,,INDICATORS_V1_NAME|PDF_TEMPLATE,TPL-LC-024|wr148,1,2,synonym_merge,0.90,,,auto,P3_auto,0
A-01811,wr148,SMM 锂矿样本库存:锂盐厂,,未识别,未识别,无,wr148,wr148,latin_abbr,,,INDICATORS_V1_KEY,wr148,1,1,synonym_merge,0.90,,,auto,P3_auto,0
A-00529,wr149,SMM 锂矿港口库存,,LI,库存,锂,SMM 锂矿港口库存,SMM锂矿港口库存,cross_report_synonym,,,INDICATORS_V1_NAME|THS_MATCHED,THS-NI-4.4|wr149,1,2,synonym_merge,0.90,,,auto,P3_auto,0
A-01812,wr149,SMM 锂矿港口库存,,未识别,未识别,无,wr149,wr149,latin_abbr,,,INDICATORS_V1_KEY,wr149,1,1,synonym_merge,0.90,,,auto,P3_auto,0
A-01813,wr15,原生铝合金开工率,,未识别,未识别,无,wr15,wr15,latin_abbr,,,INDICATORS_V1_KEY,wr15,1,1,synonym_merge,0.90,,,auto,P3_auto,0
A-02668,wr15,原生铝合金开工率,,AL,开工率|开工,铝合金|铝,原生铝合金开工率,原生铝合金开工率,cross_report_synonym,,,INDICATORS_V1_NAME|PDF_TEMPLATE|THS_MATCHED,THS-NI-5.1|THS-NI-5.3|TPL-AL-028|wr15,1,4,synonym_merge,0.90,,,auto,P3_auto,0
A-01814,wr150,锂矿 可售库存,万吨,未识别,未识别,无,wr150,wr150,latin_abbr,,,INDICATORS_V1_KEY,wr150,1,1,synonym_merge,0.90,,,auto,P3_auto,0
A-04303,wr150,锂矿 可售库存,万吨,LI,可售库存|库存,锂,锂矿 可售库存,锂矿可售库存,cross_report_synonym,,,INDICATORS_V1_NAME|PDF_TEMPLATE,TPL-LC-025|wr150,1,2,synonym_merge,0.90,,,auto,P3_auto,0
A-01815,wr151,锂矿 外采 厂内库存,吨,未识别,未识别,无,wr151,wr151,latin_abbr,,,INDICATORS_V1_KEY,wr151,1,1,synonym_merge,0.90,,,auto,P3_auto,0
A-04304,wr151,锂矿 外采 厂内库存,吨,LI,厂内库存|库存,锂,锂矿 外采 厂内库存,锂矿外采厂内库存,cross_report_synonym,,,INDICATORS_V1_NAME|PDF_TEMPLATE|THS_MATCHED,THS-LI-4.3|THS-NI-4.3|THS-SN-4.4|TPL-LC-026|wr151,1,9,synonym_merge,0.90,,,auto,P3_auto,0
A-01816,wr152,锂矿 外采 在途库存,吨,未识别,未识别,无,wr152,wr152,latin_abbr,,,INDICATORS_V1_KEY,wr152,1,1,synonym_merge,0.90,,,auto,P3_auto,0
A-01817,wr153,锂矿 库存:贸易商,万吨,未识别,未识别,无,wr153,wr153,latin_abbr,,,INDICATORS_V1_KEY,wr153,1,1,synonym_merge,0.90,,,auto,P3_auto,0
A-04306,wr153,锂矿 库存:贸易商,万吨,LI,库存,锂,锂矿 库存:贸易商,锂矿库存:贸易商,canonical,,,INDICATORS_V1_NAME,wr153,1,1,synonym_merge,0.90,,,auto,P3_auto,0
A-01818,wr154,锂精矿进口 尼日利亚,美元,未识别,未识别,无,wr154,wr154,latin_abbr,,,INDICATORS_V1_KEY,wr154,1,1,synonym_merge,0.90,,,auto,P3_auto,0
A-04316,wr154,锂精矿进口 尼日利亚,美元,LI,未识别,锂精矿|锂,锂精矿进口 尼日利亚,锂精矿进口尼日利亚,cross_report_synonym,,,INDICATORS_V1_NAME|PDF_TEMPLATE,TPL-LC-010|wr154,1,2,synonym_merge,0.90,,,auto,P3_auto,0
A-01819,wr155,锂精矿进口 巴西,,未识别,未识别,无,wr155,wr155,latin_abbr,,,INDICATORS_V1_KEY,wr155,1,1,synonym_merge,0.90,,,auto,P3_auto,0
A-04317,wr155,锂精矿进口 巴西,,LI,未识别,锂精矿|锂,锂精矿进口 巴西,锂精矿进口巴西,canonical,,,INDICATORS_V1_NAME,wr155,1,1,synonym_merge,0.90,,,auto,P3_auto,0
A-01820,wr156,锂精矿进口 津巴布韦,,未识别,未识别,无,wr156,wr156,latin_abbr,,,INDICATORS_V1_KEY,wr156,1,1,synonym_merge,0.90,,,auto,P3_auto,0
A-04318,wr156,锂精矿进口 津巴布韦,,LI,未识别,锂精矿|锂,锂精矿进口 津巴布韦,锂精矿进口津巴布韦,cross_report_synonym,,,INDICATORS_V1_NAME|PDF_TEMPLATE,TPL-LC-011|wr156,1,2,synonym_merge,0.90,,,auto,P3_auto,0
A-01821,wr157,锂精矿进口 澳大利亚,,未识别,未识别,无,wr157,wr157,latin_abbr,,,INDICATORS_V1_KEY,wr157,1,1,synonym_merge,0.90,,,auto,P3_auto,0
A-04319,wr157,锂精矿进口 澳大利亚,,LI,未识别,锂精矿|锂,锂精矿进口 澳大利亚,锂精矿进口澳大利亚,cross_report_synonym,,,INDICATORS_V1_NAME|PDF_TEMPLATE,TPL-LC-012|wr157,1,2,synonym_merge,0.90,,,auto,P3_auto,0
A-01822,wr158,锂辉石加工费 四川,元/吨,未识别,未识别,无,wr158,wr158,latin_abbr,,,INDICATORS_V1_KEY,wr158,1,1,synonym_merge,0.90,,,auto,P3_auto,0
A-04325,wr158,锂辉石加工费 四川,元/吨,LI,加工费,锂辉石|锂,锂辉石加工费 四川,锂辉石加工费四川,cross_report_synonym,,,INDICATORS_V1_NAME|PDF_TEMPLATE,TPL-LC-015|wr158,1,2,synonym_merge,0.90,,,auto,P3_auto,0
A-01823,wr159,锂辉石加工费 山东,元/吨,未识别,未识别,无,wr159,wr159,latin_abbr,,,INDICATORS_V1_KEY,wr159,1,1,synonym_merge,0.90,,,auto,P3_auto,0
A-04326,wr159,锂辉石加工费 山东,元/吨,LI,加工费,锂辉石|锂,锂辉石加工费 山东,锂辉石加工费山东,cross_report_synonym,,,INDICATORS_V1_NAME|PDF_TEMPLATE,TPL-LC-016|wr159,1,2,synonym_merge,0.90,,,auto,P3_auto,0
A-00155,wr16,LME主要仓库注销仓单,吨,AL,注销仓单|仓单,无,LME主要仓库注销仓单,LME主要仓库注销仓单,cross_report_synonym,,,INDICATORS_V1_NAME|PDF_TEMPLATE,TPL-AL-014|wr16,1,2,synonym_merge,0.90,,,auto,P3_auto,0
A-01824,wr16,LME主要仓库注销仓单,吨,未识别,未识别,无,wr16,wr16,latin_abbr,,,INDICATORS_V1_KEY,wr16,1,1,synonym_merge,0.90,,,auto,P3_auto,0
A-01825,wr160,锂辉石加工费 江苏,元/吨,未识别,未识别,无,wr160,wr160,latin_abbr,,,INDICATORS_V1_KEY,wr160,1,1,synonym_merge,0.90,,,auto,P3_auto,0
A-04327,wr160,锂辉石加工费 江苏,元/吨,LI,加工费,锂辉石|锂,锂辉石加工费 江苏,锂辉石加工费江苏,cross_report_synonym,,,INDICATORS_V1_NAME|PDF_TEMPLATE,TPL-LC-017|wr160,1,2,synonym_merge,0.90,,,auto,P3_auto,0
A-01826,wr161,锂辉石加工费 江西,元/吨,未识别,未识别,无,wr161,wr161,latin_abbr,,,INDICATORS_V1_KEY,wr161,1,1,synonym_merge,0.90,,,auto,P3_auto,0
A-04328,wr161,锂辉石加工费 江西,元/吨,LI,加工费,锂辉石|锂,锂辉石加工费 江西,锂辉石加工费江西,cross_report_synonym,,,INDICATORS_V1_NAME|PDF_TEMPLATE,TPL-LC-018|wr161,1,2,synonym_merge,0.90,,,auto,P3_auto,0
A-01827,wr162,锂辉石加工费 河北,元/吨,未识别,未识别,无,wr162,wr162,latin_abbr,,,INDICATORS_V1_KEY,wr162,1,1,synonym_merge,0.90,,,auto,P3_auto,0
A-04329,wr162,锂辉石加工费 河北,元/吨,LI,加工费,锂辉石|锂,锂辉石加工费 河北,锂辉石加工费河北,cross_report_synonym,,,INDICATORS_V1_NAME|PDF_TEMPLATE,TPL-LC-019|wr162,1,2,synonym_merge,0.90,,,auto,P3_auto,0
A-01828,wr163,锂辉石加工费 湖南,元/吨,未识别,未识别,无,wr163,wr163,latin_abbr,,,INDICATORS_V1_KEY,wr163,1,1,synonym_merge,0.90,,,auto,P3_auto,0
A-04330,wr163,锂辉石加工费 湖南,元/吨,LI,加工费,锂辉石|锂,锂辉石加工费 湖南,锂辉石加工费湖南,cross_report_synonym,,,INDICATORS_V1_NAME|PDF_TEMPLATE,TPL-LC-020|wr163,1,2,synonym_merge,0.90,,,auto,P3_auto,0
A-01829,wr164,锂辉石加工费 辽宁,元/吨,未识别,未识别,无,wr164,wr164,latin_abbr,,,INDICATORS_V1_KEY,wr164,1,1,synonym_merge,0.90,,,auto,P3_auto,0
A-04331,wr164,锂辉石加工费 辽宁,元/吨,LI,加工费,锂辉石|锂,锂辉石加工费 辽宁,锂辉石加工费辽宁,cross_report_synonym,,,INDICATORS_V1_NAME|PDF_TEMPLATE,TPL-LC-021|wr164,1,2,synonym_merge,0.90,,,auto,P3_auto,0
A-01830,wr165,锂辉石精矿出港:巴西,,未识别,未识别,无,wr165,wr165,latin_abbr,,,INDICATORS_V1_KEY,wr165,1,1,synonym_merge,0.90,,,auto,P3_auto,0
A-04335,wr165,锂辉石精矿出港:巴西,,LI,未识别,锂辉石|锂,锂辉石精矿出港:巴西,锂辉石精矿出港:巴西,cross_report_synonym,,,INDICATORS_V1_NAME|PDF_TEMPLATE,TPL-LC-013|wr165,1,2,synonym_merge,0.90,,,auto,P3_auto,0
A-01831,wr166,锂辉石精矿出港:澳洲,,未识别,未识别,无,wr166,wr166,latin_abbr,,,INDICATORS_V1_KEY,wr166,1,1,synonym_merge,0.90,,,auto,P3_auto,0
A-04336,wr166,锂辉石精矿出港:澳洲,,LI,未识别,锂辉石|锂,锂辉石精矿出港:澳洲,锂辉石精矿出港:澳洲,cross_report_synonym,,,INDICATORS_V1_NAME|PDF_TEMPLATE,TPL-LC-014|wr166,1,2,synonym_merge,0.90,,,auto,P3_auto,0
A-00159,wr167,LME官方三月价,,SN,未识别,无,LME官方三月价,LME官方三月价,cross_report_synonym,,,INDICATORS_V1_NAME|PDF_TEMPLATE|THS_MATCHED,THS-LI-2.3|THS-NI-2.3|THS-NI-2.4|TPL-SN-007|wr167,1,5,synonym_merge,0.90,,,auto,P3_auto,0
A-01832,wr167,LME官方三月价,,未识别,未识别,无,wr167,wr167,latin_abbr,,,INDICATORS_V1_KEY,wr167,1,1,synonym_merge,0.90,,,auto,P3_auto,0
A-00189,wr168,LME锡升贴水,,SN,升贴水|贴水,锡,LME锡升贴水,LME锡升贴水,cross_report_synonym,,,INDICATORS_V1_NAME|PDF_TEMPLATE|THS_MATCHED,THS-NI-4.2|THS-SI-2.3|THS-ZN-2.3|TPL-SN-006|wr168,1,6,synonym_merge,0.90,,,auto,P3_auto,0
A-01833,wr168,LME锡升贴水,,未识别,未识别,无,wr168,wr168,latin_abbr,,,INDICATORS_V1_KEY,wr168,1,1,synonym_merge,0.90,,,auto,P3_auto,0
A-01834,wr169,国内品牌升贴水,元/吨,未识别,未识别,无,wr169,wr169,latin_abbr,,,INDICATORS_V1_KEY,wr169,1,1,synonym_merge,0.90,,,auto,P3_auto,0
A-02719,wr169,国内品牌升贴水,元/吨,SN,升贴水|贴水,无,国内品牌升贴水,国内品牌升贴水,cross_report_synonym,,,INDICATORS_V1_NAME|PDF_TEMPLATE|THS_MATCHED,THS-NI-2.3|TPL-SN-004|wr169,1,3,synonym_merge,0.90,,,auto,P3_auto,0
A-00157,wr17,LME仓单原产地,吨,未识别,仓单,无,LME仓单原产地,LME仓单原产地,mixed_script,,,INDICATORS_V1_NAME,wr17,1,1,synonym_merge,0.90,,,auto,P3_auto,0
A-01835,wr17,LME仓单原产地,吨,未识别,未识别,无,wr17,wr17,latin_abbr,,,INDICATORS_V1_KEY,wr17,1,1,synonym_merge,0.90,,,auto,P3_auto,0
A-01836,wr170,沪锡价格走势,,未识别,未识别,无,wr170,wr170,latin_abbr,,,INDICATORS_V1_KEY,wr170,1,1,synonym_merge,0.90,,,auto,P3_auto,0
A-03371,wr170,沪锡价格走势,,SN,价格,锡,沪锡价格走势,沪锡价格走势,canonical,,,INDICATORS_V1_NAME,wr170,1,1,synonym_merge,0.90,,,auto,P3_auto,0
A-01837,wr171,沪锡总持仓量,,未识别,未识别,无,wr171,wr171,latin_abbr,,,INDICATORS_V1_KEY,wr171,1,1,synonym_merge,0.90,,,auto,P3_auto,0
A-03381,wr171,沪锡总持仓量,,SN,持仓量|持仓,锡,沪锡总持仓量,沪锡总持仓量,cross_report_synonym,,,INDICATORS_V1_NAME|PDF_TEMPLATE|THS_MATCHED,THS-LI-2.4|THS-LI-2.6|THS-ZN-2.6|TPL-SN-005|wr171,1,7,synonym_merge,0.90,,,auto,P3_auto,0
A-01838,wr172,沪锡近半年月差变化,,未识别,未识别,无,wr172,wr172,latin_abbr,,,INDICATORS_V1_KEY,wr172,1,1,synonym_merge,0.90,,,auto,P3_auto,0
A-03389,wr172,沪锡近半年月差变化,,SN,月差,锡,沪锡近半年月差变化,沪锡近半年月差,suffix_variant,,变化,INDICATORS_V1_NAME|PDF_TEMPLATE,TPL-SN-002|wr172,1,2,synonym_merge,0.90,,,auto,P3_auto,0
A-01839,wr173,锡沪伦比,百分比,未识别,未识别,无,wr173,wr173,latin_abbr,,,INDICATORS_V1_KEY,wr173,1,1,synonym_merge,0.90,,,auto,P3_auto,0
A-04417,wr173,锡沪伦比,百分比,SN,未识别,锡,锡沪伦比,锡沪伦比,cross_report_synonym,,,INDICATORS_V1_NAME|PDF_TEMPLATE|THS_MATCHED,THS-SI-2.2|THS-ZN-2.3|THS-ZN-3.2.4|TPL-SN-008|wr173,1,18,synonym_merge,0.90,,,auto,P3_auto,0
A-01840,wr174,锡锭进口利润,元/吨,未识别,未识别,无,wr174,wr174,latin_abbr,,,INDICATORS_V1_KEY,wr174,1,1,synonym_merge,0.90,,,auto,P3_auto,0
A-04458,wr174,锡锭进口利润,元/吨,SN,利润,锡锭|锡,锡锭进口利润,锡锭进口利润,cross_report_synonym,,,INDICATORS_V1_NAME|PDF_TEMPLATE,TPL-SN-009|wr174,1,2,synonym_merge,0.90,,,auto,P3_auto,0
A-01841,wr175,国内智能手机产量,,未识别,未识别,无,wr175,wr175,latin_abbr,,,INDICATORS_V1_KEY,wr175,1,1,synonym_merge,0.90,,,auto,P3_auto,0
A-02722,wr175,国内智能手机产量,,ENTITY,产量,智能手机,国内智能手机产量,国内智能手机产量,cross_report_synonym,,,INDICATORS_V1_NAME|PDF_TEMPLATE,TPL-SN-032|wr175,1,2,synonym_merge,0.90,,,auto,P3_auto,0
A-00166,wr176,LME库存分布变化,,SN,库存,无,LME库存分布变化,LME库存分布,suffix_variant,,变化,INDICATORS_V1_NAME|PDF_TEMPLATE,TPL-SN-029|wr176,1,2,synonym_merge,0.90,,,auto,P3_auto,0
A-01842,wr176,LME库存分布变化,,未识别,未识别,无,wr176,wr176,latin_abbr,,,INDICATORS_V1_KEY,wr176,1,1,synonym_merge,0.90,,,auto,P3_auto,0
A-01843,wr177,中国锡锭社会库存,,未识别,未识别,无,wr177,wr177,latin_abbr,,,INDICATORS_V1_KEY,wr177,1,1,synonym_merge,0.90,,,auto,P3_auto,0
A-02408,wr177,中国锡锭社会库存,,SN,社会库存|库存,锡锭|锡,中国锡锭社会库存,中国锡锭社会库存,cross_report_synonym,,,INDICATORS_V1_NAME|PDF_TEMPLATE|THS_MATCHED,THS-AL-4.3|TPL-SN-021|wr177,1,3,synonym_merge,0.90,,,auto,P3_auto,0
A-01844,wr178,国内隐形库存拟合,,未识别,未识别,无,wr178,wr178,latin_abbr,,,INDICATORS_V1_KEY,wr178,1,1,synonym_merge,0.90,,,auto,P3_auto,0
A-02889,wr178,国内隐形库存拟合,,ZN,库存,无,国内隐形库存拟合,国内隐形库存,suffix_variant,,拟合,INDICATORS_V1_NAME|THS_MATCHED,THS-ZN-4.3|THS-ZN-4.5|wr178,1,5,synonym_merge,0.90,,,auto,P3_auto,0
A-01845,wr179,锡全球显性库存变化,,未识别,未识别,无,wr179,wr179,latin_abbr,,,INDICATORS_V1_KEY,wr179,1,1,synonym_merge,0.90,,,auto,P3_auto,0
A-04405,wr179,锡全球显性库存变化,,SN,显性库存|库存,锡,锡全球显性库存变化,锡全球显性库存,suffix_variant,,变化,INDICATORS_V1_NAME|PDF_TEMPLATE,TPL-SN-003|wr179,1,2,synonym_merge,0.90,,,auto,P3_auto,0
A-01846,wr18,LME俄铝外库存,,未识别,未识别,无,wr18,wr18,latin_abbr,,,INDICATORS_V1_KEY,wr18,1,1,synonym_merge,0.90,,,auto,P3_auto,0
A-01847,wr180,光伏消费用锡拟合,,未识别,未识别,无,wr180,wr180,latin_abbr,,,INDICATORS_V1_KEY,wr180,1,1,synonym_merge,0.90,,,auto,P3_auto,0
A-02456,wr180,光伏消费用锡拟合,,ENTITY|SN,消费,光伏|锡,光伏消费用锡拟合,光伏消费用锡,suffix_variant,,拟合,INDICATORS_V1_NAME|PDF_TEMPLATE,TPL-SN-033|wr180,1,2,synonym_merge,0.90,,,auto,P3_auto,0
A-01848,wr181,印尼交易所锡锭成交量,,未识别,未识别,无,wr181,wr181,latin_abbr,,,INDICATORS_V1_KEY,wr181,1,1,synonym_merge,0.90,,,auto,P3_auto,0
A-02583,wr181,印尼交易所锡锭成交量,,SN,成交量,锡锭|锡,印尼交易所锡锭成交量,印尼交易所锡锭成交量,cross_report_synonym,,,INDICATORS_V1_NAME|PDF_TEMPLATE,TPL-SN-024|wr181,1,2,synonym_merge,0.90,,,auto,P3_auto,0
A-01849,wr182,印尼精炼锡出口量变化,,未识别,未识别,无,wr182,wr182,latin_abbr,,,INDICATORS_V1_KEY,wr182,1,1,synonym_merge,0.90,,,auto,P3_auto,0
A-02603,wr182,印尼精炼锡出口量变化,,SN,出口量,精炼锡|锡,印尼精炼锡出口量变化,印尼精炼锡出口量,suffix_variant,,变化,INDICATORS_V1_NAME|PDF_TEMPLATE,TPL-SN-025|wr182,1,2,synonym_merge,0.90,,,auto,P3_auto,0
A-01850,wr183,巴西精炼锡出口量,,未识别,未识别,无,wr183,wr183,latin_abbr,,,INDICATORS_V1_KEY,wr183,1,1,synonym_merge,0.90,,,auto,P3_auto,0
A-03168,wr183,巴西精炼锡出口量,,SN,出口量,精炼锡|锡,巴西精炼锡出口量,巴西精炼锡出口量,cross_report_synonym,,,INDICATORS_V1_NAME|PDF_TEMPLATE,TPL-SN-026|wr183,1,2,synonym_merge,0.90,,,auto,P3_auto,0
A-01851,wr184,马来西亚精炼锡出口量,,未识别,未识别,无,wr184,wr184,latin_abbr,,,INDICATORS_V1_KEY,wr184,1,1,synonym_merge,0.90,,,auto,P3_auto,0
A-04615,wr184,马来西亚精炼锡出口量,,SN,出口量,精炼锡|锡,马来西亚精炼锡出口量,马来西亚精炼锡出口量,cross_report_synonym,,,INDICATORS_V1_NAME|PDF_TEMPLATE,TPL-SN-027|wr184,1,2,synonym_merge,0.90,,,auto,P3_auto,0
A-01852,wr185,马来西亚锡矿进口量,,未识别,未识别,无,wr185,wr185,latin_abbr,,,INDICATORS_V1_KEY,wr185,1,1,synonym_merge,0.90,,,auto,P3_auto,0
A-04616,wr185,马来西亚锡矿进口量,,SN,进口量,锡矿|锡,马来西亚锡矿进口量,马来西亚锡矿进口量,cross_report_synonym,,,INDICATORS_V1_NAME|PDF_TEMPLATE|THS_MATCHED,THS-SI-3.1.2|THS-ZN-3.1.2|THS-ZN-3.1.4|TPL-SN-028|wr185,1,5,synonym_merge,0.90,,,auto,P3_auto,0
A-01853,wr186,刚果进口至我国锡矿量,,未识别,未识别,无,wr186,wr186,latin_abbr,,,INDICATORS_V1_KEY,wr186,1,1,synonym_merge,0.90,,,auto,P3_auto,0
A-02533,wr186,刚果进口至我国锡矿量,,SN,未识别,锡矿|锡,刚果进口至我国锡矿量,刚果进口至我国锡矿量,cross_report_synonym,,,INDICATORS_V1_NAME|PDF_TEMPLATE,TPL-SN-013|wr186,1,2,synonym_merge,0.90,,,auto,P3_auto,0
A-02869,wr187,国内锡矿产量,,SN,产量,锡矿|锡,国内锡矿产量,国内锡矿产量,unit_variant,万吨,,INDICATORS_V1_NAME|PDF_TEMPLATE|THS_MATCHED|THS_SERIES,THS-NI-3.1.3|THS-SI-3.1.4|THS-SN-3.1.3|THS-ZN-6.1|TPL-SN-010|wr187,2,19,synonym_merge,0.95,,,auto,P3_auto,0
A-01854,wr187,国内锡矿产量,,未识别,未识别,无,wr187,wr187,latin_abbr,,,INDICATORS_V1_KEY,wr187,1,1,synonym_merge,0.90,,,auto,P3_auto,0
A-02874,wr188,国内锡矿进口量,,SN,进口量,锡矿|锡,国内锡矿进口量,国内锡矿进口量,unit_variant,万吨,,INDICATORS_V1_NAME|PDF_TEMPLATE|THS_MATCHED|THS_SERIES,THS-SN-3.1.3|THS-ZN-3.1.2|THS-ZN-3.2.1|THS-ZN-3.2.2|TPL-SN-011|wr188,2,33,synonym_merge,0.95,,,auto,P3_auto,0
A-01855,wr188,国内锡矿进口量,,未识别,未识别,无,wr188,wr188,latin_abbr,,,INDICATORS_V1_KEY,wr188,1,1,synonym_merge,0.90,,,auto,P3_auto,0
A-01856,wr189,缅甸进口至我国锡矿量,,未识别,未识别,无,wr189,wr189,latin_abbr,,,INDICATORS_V1_KEY,wr189,1,1,synonym_merge,0.90,,,auto,P3_auto,0
A-03909,wr189,缅甸进口至我国锡矿量,,SN,未识别,锡矿|锡,缅甸进口至我国锡矿量,缅甸进口至我国锡矿量,cross_report_synonym,,,INDICATORS_V1_NAME|PDF_TEMPLATE,TPL-SN-012|wr189,1,2,synonym_merge,0.90,,,auto,P3_auto,0
A-00167,wr19,LME持仓情况,,未识别,持仓,无,LME持仓情况,LME持仓情况,mixed_script,,,INDICATORS_V1_NAME,wr19,1,1,synonym_merge,0.90,,,auto,P3_auto,0
A-01857,wr19,LME持仓情况,,未识别,未识别,无,wr19,wr19,latin_abbr,,,INDICATORS_V1_KEY,wr19,1,1,synonym_merge,0.90,,,auto,P3_auto,0
A-01858,wr190,印度锡净进口量,,未识别,未识别,无,wr190,wr190,latin_abbr,,,INDICATORS_V1_KEY,wr190,1,1,synonym_merge,0.90,,,auto,P3_auto,0
A-02656,wr190,印度锡净进口量,,SN,净进口量|进口量,锡,印度锡净进口量,印度锡净进口量,cross_report_synonym,,,INDICATORS_V1_NAME|THS_MATCHED,THS-NI-3.1.4|THS-NI-4.5|THS-ZN-3.1.2|wr190,1,5,synonym_merge,0.90,,,auto,P3_auto,0
A-01859,wr191,日本锡净进口量,,未识别,未识别,无,wr191,wr191,latin_abbr,,,INDICATORS_V1_KEY,wr191,1,1,synonym_merge,0.90,,,auto,P3_auto,0
A-03232,wr191,日本锡净进口量,,SN,净进口量|进口量,锡,日本锡净进口量,日本锡净进口量,cross_report_synonym,,,INDICATORS_V1_NAME|PDF_TEMPLATE,TPL-SN-035|wr191,1,2,synonym_merge,0.90,,,auto,P3_auto,0
A-01860,wr192,美国锡净进口量,,未识别,未识别,无,wr192,wr192,latin_abbr,,,INDICATORS_V1_KEY,wr192,1,1,synonym_merge,0.90,,,auto,P3_auto,0
A-01861,wr193,韩国锡净进口量,,未识别,未识别,无,wr193,wr193,latin_abbr,,,INDICATORS_V1_KEY,wr193,1,1,synonym_merge,0.90,,,auto,P3_auto,0
A-01862,wr194,中国净进口量变化,,未识别,未识别,无,wr194,wr194,latin_abbr,,,INDICATORS_V1_KEY,wr194,1,1,synonym_merge,0.90,,,auto,P3_auto,0
A-02311,wr194,中国净进口量变化,,未识别,净进口量|进口量,无,中国净进口量变化,中国净进口量,suffix_variant,,变化,INDICATORS_V1_NAME,wr194,1,1,synonym_merge,0.90,,,auto,P3_auto,0
A-01863,wr195,中国精炼锡进口量变化,,未识别,未识别,无,wr195,wr195,latin_abbr,,,INDICATORS_V1_KEY,wr195,1,1,synonym_merge,0.90,,,auto,P3_auto,0
A-02400,wr195,中国精炼锡进口量变化,,SN,进口量,精炼锡|锡,中国精炼锡进口量变化,中国精炼锡进口量,suffix_variant,,变化,INDICATORS_V1_NAME|PDF_TEMPLATE,TPL-SN-019|wr195,1,2,synonym_merge,0.90,,,auto,P3_auto,0
A-02710,wr196,国内再生锡产量,,SN,产量,再生锡|锡,国内再生锡产量,国内再生锡产量,unit_variant,万吨,,INDICATORS_V1_NAME|PDF_TEMPLATE|THS_MATCHED|THS_SERIES,THS-NI-3.2.3|THS-SN-3.2.3|THS-ZN-3.2.1|THS-ZN-6.1|TPL-SN-001|TPL-SN-014|wr196,2,12,synonym_merge,0.95,,,auto,P3_auto,0
A-01864,wr196,国内再生锡产量,,未识别,未识别,无,wr196,wr196,latin_abbr,,,INDICATORS_V1_KEY,wr196,1,1,synonym_merge,0.90,,,auto,P3_auto,0
A-01865,wr197,国内锡开工率,,未识别,未识别,无,wr197,wr197,latin_abbr,,,INDICATORS_V1_KEY,wr197,1,1,synonym_merge,0.90,,,auto,P3_auto,0
A-02867,wr197,国内锡开工率,,SN,开工率|开工,锡,国内锡开工率,国内锡开工率,cross_report_synonym,,,INDICATORS_V1_NAME|PDF_TEMPLATE|THS_MATCHED,THS-LI-3.1.3|THS-ZN-3.1.3|THS-ZN-5.2|TPL-SN-015|wr197,1,7,synonym_merge,0.90,,,auto,P3_auto,0
A-01866,wr198,国内锡锭产量,,未识别,未识别,无,wr198,wr198,latin_abbr,,,INDICATORS_V1_KEY,wr198,1,1,synonym_merge,0.90,,,auto,P3_auto,0
A-01867,wr199,锡冶炼厂加工费,,未识别,未识别,无,wr199,wr199,latin_abbr,,,INDICATORS_V1_KEY,wr199,1,1,synonym_merge,0.90,,,auto,P3_auto,0
A-04407,wr199,锡冶炼厂加工费,,SN,加工费,锡,锡冶炼厂加工费,锡冶炼厂加工费,cross_report_synonym,,,INDICATORS_V1_NAME|PDF_TEMPLATE|THS_MATCHED,THS-ZN-7.1|THS-ZN-7.2|TPL-SN-018|wr199,1,4,synonym_merge,0.90,,,auto,P3_auto,0
A-01868,wr2,A00升贴水-佛山,,未识别,未识别,无,wr2,wr2,latin_abbr,,,INDICATORS_V1_KEY,wr2,1,1,synonym_merge,0.90,,,auto,P3_auto,0
A-00178,wr20,LME铝远月月差3-15,美元/吨,AL,月差,铝,LME铝远月月差3-15,LME铝远月月差3-15,mixed_script,,,INDICATORS_V1_NAME,wr20,1,1,synonym_merge,0.90,,,auto,P3_auto,0
A-01869,wr20,LME铝远月月差3-15,美元/吨,未识别,未识别,无,wr20,wr20,latin_abbr,,,INDICATORS_V1_KEY,wr20,1,1,synonym_merge,0.90,,,auto,P3_auto,0
A-01870,wr200,国内初级锡材产量,,未识别,未识别,无,wr200,wr200,latin_abbr,,,INDICATORS_V1_KEY,wr200,1,1,synonym_merge,0.90,,,auto,P3_auto,0
A-02713,wr200,国内初级锡材产量,,SN,产量,锡材|锡,国内初级锡材产量,国内初级锡材产量,cross_report_synonym,,,INDICATORS_V1_NAME|PDF_TEMPLATE,TPL-SN-031|wr200,1,2,synonym_merge,0.90,,,auto,P3_auto,0
A-01871,wr201,中国工业硅周度产量,,未识别,未识别,无,wr201,wr201,latin_abbr,,,INDICATORS_V1_KEY,wr201,1,1,synonym_merge,0.90,,,auto,P3_auto,0
A-02317,wr201,中国工业硅周度产量,,SI,产量,工业硅|硅,中国工业硅周度产量,中国工业硅周度产量,cross_report_synonym,,,INDICATORS_V1_NAME|PDF_TEMPLATE,TPL-SI-020|wr201,1,2,synonym_merge,0.90,,,auto,P3_auto,0
A-01872,wr202,周产量-金属硅-云南,,未识别,未识别,无,wr202,wr202,latin_abbr,,,INDICATORS_V1_KEY,wr202,1,1,synonym_merge,0.90,,,auto,P3_auto,0
A-02682,wr202,周产量-金属硅-云南,,SI,产量,金属硅|硅,周产量-金属硅-云南,周产量-金属硅-云南,canonical,,,INDICATORS_V1_NAME,wr202,1,1,synonym_merge,0.90,,,auto,P3_auto,0
A-01873,wr203,周产量-金属硅-四川,,未识别,未识别,无,wr203,wr203,latin_abbr,,,INDICATORS_V1_KEY,wr203,1,1,synonym_merge,0.90,,,auto,P3_auto,0
A-02683,wr203,周产量-金属硅-四川,,SI,产量,金属硅|硅,周产量-金属硅-四川,周产量-金属硅-四川,canonical,,,INDICATORS_V1_NAME,wr203,1,1,synonym_merge,0.90,,,auto,P3_auto,0
A-01874,wr204,周产量-金属硅-新疆,,未识别,未识别,无,wr204,wr204,latin_abbr,,,INDICATORS_V1_KEY,wr204,1,1,synonym_merge,0.90,,,auto,P3_auto,0
A-02684,wr204,周产量-金属硅-新疆,,SI,产量,金属硅|硅,周产量-金属硅-新疆,周产量-金属硅-新疆,canonical,,,INDICATORS_V1_NAME,wr204,1,1,synonym_merge,0.90,,,auto,P3_auto,0
A-01875,wr205,工业硅价格-421#(昆明),,未识别,未识别,无,wr205,wr205,latin_abbr,,,INDICATORS_V1_KEY,wr205,1,1,synonym_merge,0.90,,,auto,P3_auto,0
A-03015,wr205,工业硅价格-421#(昆明),,SI,价格,工业硅|硅,工业硅价格-421#(昆明),工业硅价格-421#(昆明,cross_report_synonym,,,INDICATORS_V1_NAME|PDF_TEMPLATE,TPL-SI-001|wr205,1,2,synonym_merge,0.90,,,auto,P3_auto,0
A-01876,wr206,工业硅价格-441#(华东),,未识别,未识别,无,wr206,wr206,latin_abbr,,,INDICATORS_V1_KEY,wr206,1,1,synonym_merge,0.90,,,auto,P3_auto,0
A-03016,wr206,工业硅价格-441#(华东),,SI,价格,工业硅|硅,工业硅价格-441#(华东),工业硅价格-441#(华东,cross_report_synonym,,,INDICATORS_V1_NAME|PDF_TEMPLATE,TPL-SI-002|wr206,1,2,synonym_merge,0.90,,,auto,P3_auto,0
A-01877,wr207,工业硅价格-441#(天津港),元/吨,未识别,未识别,无,wr207,wr207,latin_abbr,,,INDICATORS_V1_KEY,wr207,1,1,synonym_merge,0.90,,,auto,P3_auto,0
A-03017,wr207,工业硅价格-441#(天津港),元/吨,SI,价格,工业硅|硅,工业硅价格-441#(天津港),工业硅价格-441#(天津港,cross_report_synonym,,,INDICATORS_V1_NAME|PDF_TEMPLATE,TPL-SI-003|wr207,1,2,synonym_merge,0.90,,,auto,P3_auto,0
A-01878,wr208,工业硅价格-通氧553#(华东),,未识别,未识别,无,wr208,wr208,latin_abbr,,,INDICATORS_V1_KEY,wr208,1,1,synonym_merge,0.90,,,auto,P3_auto,0
A-03018,wr208,工业硅价格-通氧553#(华东),,SI,价格,工业硅|硅,工业硅价格-通氧553#(华东),工业硅价格-通氧553#(华东,cross_report_synonym,,,INDICATORS_V1_NAME|PDF_TEMPLATE,TPL-SI-004|wr208,1,2,synonym_merge,0.90,,,auto,P3_auto,0
A-01879,wr209,新疆工业硅价格(SMM),元/吨,未识别,未识别,无,wr209,wr209,latin_abbr,,,INDICATORS_V1_KEY,wr209,1,1,synonym_merge,0.90,,,auto,P3_auto,0
A-03223,wr209,新疆工业硅价格(SMM),元/吨,SI,价格,工业硅|硅,新疆工业硅价格(SMM),新疆工业硅价格,unit_variant,SMM,,INDICATORS_V1_NAME|PDF_TEMPLATE,TPL-SI-005|wr209,1,2,synonym_merge,0.90,,,auto,P3_auto,0
A-00352,wr21,SHFE铝近3月虚实比,,AL,虚实比,铝,SHFE铝近3月虚实比,SHFE铝近3月虚实比,cross_report_synonym,,,INDICATORS_V1_NAME|PDF_TEMPLATE,TPL-AL-006|wr21,1,2,synonym_merge,0.90,,,auto,P3_auto,0
A-01880,wr21,SHFE铝近3月虚实比,,未识别,未识别,无,wr21,wr21,latin_abbr,,,INDICATORS_V1_KEY,wr21,1,1,synonym_merge,0.90,,,auto,P3_auto,0
A-01881,wr210,工业硅云南样本周度产量,吨,未识别,未识别,无,wr210,wr210,latin_abbr,,,INDICATORS_V1_KEY,wr210,1,1,synonym_merge,0.90,,,auto,P3_auto,0
A-03009,wr210,工业硅云南样本周度产量,吨,SI,产量,工业硅|硅,工业硅云南样本周度产量,工业硅云南样本周度产量,cross_report_synonym,,,INDICATORS_V1_NAME|PDF_TEMPLATE,TPL-SI-021|TPL-SI-024|TPL-SI-038|wr210,1,6,synonym_merge,0.90,,,auto,P3_auto,0
A-01882,wr211,多晶硅下月预计产量,,未识别,未识别,无,wr211,wr211,latin_abbr,,,INDICATORS_V1_KEY,wr211,1,1,synonym_merge,0.90,,,auto,P3_auto,0
A-02918,wr211,多晶硅下月预计产量,,SI,产量,多晶硅|硅,多晶硅下月预计产量,多晶硅下月预计产量,cross_report_synonym,,,INDICATORS_V1_NAME|PDF_TEMPLATE,TPL-SI-031|wr211,1,2,synonym_merge,0.90,,,auto,P3_auto,0
A-01883,wr212,多晶硅云南产量,万吨,未识别,未识别,无,wr212,wr212,latin_abbr,,,INDICATORS_V1_KEY,wr212,1,1,synonym_merge,0.90,,,auto,P3_auto,0
A-02926,wr212,多晶硅云南产量,万吨,SI,产量,多晶硅|硅,多晶硅云南产量,多晶硅云南产量,cross_report_synonym,,,INDICATORS_V1_NAME|THS_MATCHED,THS-NI-3.1.3|wr212,1,2,synonym_merge,0.90,,,auto,P3_auto,0
A-01884,wr213,多晶硅产能,,未识别,未识别,无,wr213,wr213,latin_abbr,,,INDICATORS_V1_KEY,wr213,1,1,synonym_merge,0.90,,,auto,P3_auto,0
A-02928,wr213,多晶硅产能,,SI,产能,多晶硅|硅,多晶硅产能,多晶硅产能,cross_report_synonym,,,INDICATORS_V1_NAME|PDF_TEMPLATE,TPL-SI-032|wr213,1,2,synonym_merge,0.90,,,auto,P3_auto,0
A-01885,wr214,多晶硅产量,,未识别,未识别,无,wr214,wr214,latin_abbr,,,INDICATORS_V1_KEY,wr214,1,1,synonym_merge,0.90,,,auto,P3_auto,0
A-02929,wr214,多晶硅产量,,SI,产量,多晶硅|硅,多晶硅产量,多晶硅产量,cross_report_synonym,,,INDICATORS_V1_NAME|PDF_TEMPLATE,TPL-SI-033|TPL-SI-036|wr214,1,3,synonym_merge,0.90,,,auto,P3_auto,0
A-01886,wr215,多晶硅价格-N型硅料,,未识别,未识别,无,wr215,wr215,latin_abbr,,,INDICATORS_V1_KEY,wr215,1,1,synonym_merge,0.90,,,auto,P3_auto,0
A-02931,wr215,多晶硅价格-N型硅料,,SI,价格,多晶硅|硅,多晶硅价格-N型硅料,多晶硅价格-N型硅料,mixed_script,,,INDICATORS_V1_NAME,wr215,1,1,synonym_merge,0.90,,,auto,P3_auto,0
A-01887,wr216,多晶硅区域库存,,未识别,未识别,无,wr216,wr216,latin_abbr,,,INDICATORS_V1_KEY,wr216,1,1,synonym_merge,0.90,,,auto,P3_auto,0
A-02944,wr216,多晶硅区域库存,,SI,库存,多晶硅|硅,多晶硅区域库存,多晶硅区域库存,canonical,,,INDICATORS_V1_NAME,wr216,1,1,synonym_merge,0.90,,,auto,P3_auto,0
A-01888,wr217,多晶硅开工率,,未识别,未识别,无,wr217,wr217,latin_abbr,,,INDICATORS_V1_KEY,wr217,1,1,synonym_merge,0.90,,,auto,P3_auto,0
A-02949,wr217,多晶硅开工率,,SI,开工率|开工,多晶硅|硅,多晶硅开工率,多晶硅开工率,canonical,,,INDICATORS_V1_NAME,wr217,1,1,synonym_merge,0.90,,,auto,P3_auto,0
A-01889,wr218,多晶硅青海产量,万吨,未识别,未识别,无,wr218,wr218,latin_abbr,,,INDICATORS_V1_KEY,wr218,1,1,synonym_merge,0.90,,,auto,P3_auto,0
A-02964,wr218,多晶硅青海产量,万吨,SI,产量,多晶硅|硅,多晶硅青海产量,多晶硅青海产量,canonical,,,INDICATORS_V1_NAME,wr218,1,1,synonym_merge,0.90,,,auto,P3_auto,0
A-01890,wr219,硅片价格-N型182mm,美元/片,未识别,未识别,无,wr219,wr219,latin_abbr,,,INDICATORS_V1_KEY,wr219,1,1,synonym_merge,0.90,,,auto,P3_auto,0
A-03686,wr219,硅片价格-N型182mm,美元/片,SI,价格,硅片|硅,硅片价格-N型182mm,硅片价格-N型182mm,cross_report_synonym,,,INDICATORS_V1_NAME|PDF_TEMPLATE,TPL-SI-029|wr219,1,2,synonym_merge,0.90,,,auto,P3_auto,0
A-00353,wr22,SHFE铝连一-连二,,AL,未识别,铝,SHFE铝连一-连二,SHFE铝连一-连二,mixed_script,,,INDICATORS_V1_NAME,wr22,1,1,synonym_merge,0.90,,,auto,P3_auto,0
A-01891,wr22,SHFE铝连一-连二,,未识别,未识别,无,wr22,wr22,latin_abbr,,,INDICATORS_V1_KEY,wr22,1,1,synonym_merge,0.90,,,auto,P3_auto,0
A-01892,wr220,硅片价格-N型210mm,元/片,未识别,未识别,无,wr220,wr220,latin_abbr,,,INDICATORS_V1_KEY,wr220,1,1,synonym_merge,0.90,,,auto,P3_auto,0
A-03687,wr220,硅片价格-N型210mm,元/片,SI,价格,硅片|硅,硅片价格-N型210mm,硅片价格-N型210mm,cross_report_synonym,,,INDICATORS_V1_NAME|PDF_TEMPLATE,TPL-SI-030|wr220,1,2,synonym_merge,0.90,,,auto,P3_auto,0
A-01893,wr221,硅片企业多晶硅库存,万吨,未识别,未识别,无,wr221,wr221,latin_abbr,,,INDICATORS_V1_KEY,wr221,1,1,synonym_merge,0.90,,,auto,P3_auto,0
A-03688,wr221,硅片企业多晶硅库存,万吨,SI,库存,多晶硅|硅片|硅,硅片企业多晶硅库存,硅片企业多晶硅库存,cross_report_synonym,,,INDICATORS_V1_NAME|PDF_TEMPLATE,TPL-SI-046|wr221,1,2,synonym_merge,0.90,,,auto,P3_auto,0
A-01894,wr222,多晶硅供需平衡,,未识别,未识别,无,wr222,wr222,latin_abbr,,,INDICATORS_V1_KEY,wr222,1,1,synonym_merge,0.90,,,auto,P3_auto,0
A-02933,wr222,多晶硅供需平衡,,SI,供需平衡,多晶硅|硅,多晶硅供需平衡,多晶硅供需平衡,cross_report_synonym,,,INDICATORS_V1_NAME|PDF_TEMPLATE,TPL-SI-048|wr222,1,2,synonym_merge,0.90,,,auto,P3_auto,0
A-01895,wr223,SMM-云南样本周度库存,,未识别,未识别,无,wr223,wr223,latin_abbr,,,INDICATORS_V1_KEY,wr223,1,1,synonym_merge,0.90,,,auto,P3_auto,0
A-01896,wr224,SMM-四川样本周度库存,,未识别,未识别,无,wr224,wr224,latin_abbr,,,INDICATORS_V1_KEY,wr224,1,1,synonym_merge,0.90,,,auto,P3_auto,0
A-01897,wr225,SMM-新疆样本周度库存,,未识别,未识别,无,wr225,wr225,latin_abbr,,,INDICATORS_V1_KEY,wr225,1,1,synonym_merge,0.90,,,auto,P3_auto,0
A-01898,wr226,工业硅显性总库存,,未识别,未识别,无,wr226,wr226,latin_abbr,,,INDICATORS_V1_KEY,wr226,1,1,synonym_merge,0.90,,,auto,P3_auto,0
A-03069,wr226,工业硅显性总库存,,SI,库存,工业硅|硅,工业硅显性总库存,工业硅显性总库存,cross_report_synonym,,,INDICATORS_V1_NAME|PDF_TEMPLATE,TPL-SI-016|wr226,1,2,synonym_merge,0.90,,,auto,P3_auto,0
A-01899,wr227,工业硅社会库存(SMM),,未识别,未识别,无,wr227,wr227,latin_abbr,,,INDICATORS_V1_KEY,wr227,1,1,synonym_merge,0.90,,,auto,P3_auto,0
A-01900,wr228,金属硅社会库存-天津港,,未识别,未识别,无,wr228,wr228,latin_abbr,,,INDICATORS_V1_KEY,wr228,1,1,synonym_merge,0.90,,,auto,P3_auto,0
A-04167,wr228,金属硅社会库存-天津港,,SI,社会库存|库存,金属硅|硅,金属硅社会库存-天津港,金属硅社会库存-天津港,canonical,,,INDICATORS_V1_NAME,wr228,1,1,synonym_merge,0.90,,,auto,P3_auto,0
A-01901,wr229,金属硅社会库存-昆明,,未识别,未识别,无,wr229,wr229,latin_abbr,,,INDICATORS_V1_KEY,wr229,1,1,synonym_merge,0.90,,,auto,P3_auto,0
A-04168,wr229,金属硅社会库存-昆明,,SI,社会库存|库存,金属硅|硅,金属硅社会库存-昆明,金属硅社会库存-昆明,canonical,,,INDICATORS_V1_NAME,wr229,1,1,synonym_merge,0.90,,,auto,P3_auto,0
A-01902,wr23,欧洲含税溢价M3,,未识别,未识别,无,wr23,wr23,latin_abbr,,,INDICATORS_V1_KEY,wr23,1,1,synonym_merge,0.90,,,auto,P3_auto,0
A-03283,wr23,欧洲含税溢价M3,,未识别,溢价,无,欧洲含税溢价M3,欧洲含税溢价M3,mixed_script,,,INDICATORS_V1_NAME,wr23,1,1,synonym_merge,0.90,,,auto,P3_auto,0
A-01903,wr230,金属硅社会库存-黄埔港,,未识别,未识别,无,wr230,wr230,latin_abbr,,,INDICATORS_V1_KEY,wr230,1,1,synonym_merge,0.90,,,auto,P3_auto,0
A-04169,wr230,金属硅社会库存-黄埔港,,SI,社会库存|库存,金属硅|硅,金属硅社会库存-黄埔港,金属硅社会库存-黄埔港,canonical,,,INDICATORS_V1_NAME,wr230,1,1,synonym_merge,0.90,,,auto,P3_auto,0
A-01904,wr231,云南木炭工艺生产成本,元/吨,未识别,未识别,无,wr231,wr231,latin_abbr,,,INDICATORS_V1_KEY,wr231,1,1,synonym_merge,0.90,,,auto,P3_auto,0
A-02415,wr231,云南木炭工艺生产成本,元/吨,SI,生产成本|成本,无,云南木炭工艺生产成本,云南木炭工艺生产成本,cross_report_synonym,,,INDICATORS_V1_NAME|PDF_TEMPLATE,TPL-SI-008|wr231,1,2,synonym_merge,0.90,,,auto,P3_auto,0
A-01905,wr232,工业硅成本,元/吨,未识别,未识别,无,wr232,wr232,latin_abbr,,,INDICATORS_V1_KEY,wr232,1,1,synonym_merge,0.90,,,auto,P3_auto,0
A-03067,wr232,工业硅成本,元/吨,SI,成本,工业硅|硅,工业硅成本,工业硅成本,canonical,,,INDICATORS_V1_NAME,wr232,1,1,synonym_merge,0.90,,,auto,P3_auto,0
A-01906,wr233,新疆中小厂化学级工业硅成本,元/吨,未识别,未识别,无,wr233,wr233,latin_abbr,,,INDICATORS_V1_KEY,wr233,1,1,synonym_merge,0.90,,,auto,P3_auto,0
A-03222,wr233,新疆中小厂化学级工业硅成本,元/吨,SI,成本,工业硅|硅,新疆中小厂化学级工业硅成本,新疆中小厂化学级工业硅成本,canonical,,,INDICATORS_V1_NAME,wr233,1,1,synonym_merge,0.90,,,auto,P3_auto,0
A-01907,wr234,硅片周度产量,,未识别,未识别,无,wr234,wr234,latin_abbr,,,INDICATORS_V1_KEY,wr234,1,1,synonym_merge,0.90,,,auto,P3_auto,0
A-03689,wr234,硅片周度产量,,SI,产量,硅片|硅,硅片周度产量,硅片周度产量,cross_report_synonym,,,INDICATORS_V1_NAME|PDF_TEMPLATE,TPL-SI-044|wr234,1,2,synonym_merge,0.90,,,auto,P3_auto,0
A-01908,wr235,硅片开工率,,未识别,未识别,无,wr235,wr235,latin_abbr,,,INDICATORS_V1_KEY,wr235,1,1,synonym_merge,0.90,,,auto,P3_auto,0
A-01909,wr236,硅片预测月度产量,,未识别,未识别,无,wr236,wr236,latin_abbr,,,INDICATORS_V1_KEY,wr236,1,1,synonym_merge,0.90,,,auto,P3_auto,0
A-03692,wr236,硅片预测月度产量,,SI,产量,硅片|硅,硅片预测月度产量,硅片预测月度产量,cross_report_synonym,,,INDICATORS_V1_NAME|PDF_TEMPLATE,TPL-SI-042|wr236,1,2,synonym_merge,0.90,,,auto,P3_auto,0
A-01910,wr237,不锈钢产量：300系（印尼）,,未识别,未识别,无,wr237,wr237,latin_abbr,,,INDICATORS_V1_KEY,wr237,1,1,synonym_merge,0.90,,,auto,P3_auto,0
A-02266,wr237,不锈钢产量：300系（印尼）,,NI,产量,不锈钢,不锈钢产量：300系（印尼）,不锈钢产量:300系(印尼,cross_report_synonym,,,INDICATORS_V1_NAME|PDF_TEMPLATE,TPL-NI-041|wr237,1,2,synonym_merge,0.90,,,auto,P3_auto,0
A-01911,wr238,不锈钢粗钢产量：300系（中国）,,未识别,未识别,无,wr238,wr238,latin_abbr,,,INDICATORS_V1_KEY,wr238,1,1,synonym_merge,0.90,,,auto,P3_auto,0
A-02280,wr238,不锈钢粗钢产量：300系（中国）,,NI,产量,不锈钢,不锈钢粗钢产量：300系（中国）,不锈钢粗钢产量:300系(中国,cross_report_synonym,,,INDICATORS_V1_NAME|PDF_TEMPLATE,TPL-NI-040|wr238,1,2,synonym_merge,0.90,,,auto,P3_auto,0
A-01912,wr239,中国动力电池产量：三元,千公吨,未识别,未识别,无,wr239,wr239,latin_abbr,,,INDICATORS_V1_KEY,wr239,1,1,synonym_merge,0.90,,,auto,P3_auto,0
A-02312,wr239,中国动力电池产量：三元,千公吨,LI,产量,动力电池,中国动力电池产量：三元,中国动力电池产量:三元,canonical,,,INDICATORS_V1_NAME,wr239,1,1,synonym_merge,0.90,,,auto,P3_auto,0
A-01913,wr24,原铝进口-俄罗斯,,未识别,未识别,无,wr24,wr24,latin_abbr,,,INDICATORS_V1_KEY,wr24,1,1,synonym_merge,0.90,,,auto,P3_auto,0
A-02671,wr24,原铝进口-俄罗斯,,AL,未识别,原铝|铝,原铝进口-俄罗斯,原铝进口-俄罗斯,cross_report_synonym,,,INDICATORS_V1_NAME|PDF_TEMPLATE,TPL-AL-021|wr24,1,2,synonym_merge,0.90,,,auto,P3_auto,0
A-01914,wr240,中国动力电池产量：磷酸铁锂,,未识别,未识别,无,wr240,wr240,latin_abbr,,,INDICATORS_V1_KEY,wr240,1,1,synonym_merge,0.90,,,auto,P3_auto,0
A-02313,wr240,中国动力电池产量：磷酸铁锂,,LI,产量,动力电池|磷酸铁锂|锂,中国动力电池产量：磷酸铁锂,中国动力电池产量:磷酸铁锂,canonical,,,INDICATORS_V1_NAME,wr240,1,1,synonym_merge,0.90,,,auto,P3_auto,0
A-01915,wr241,中国硫酸镍产量,吨,未识别,未识别,无,wr241,wr241,latin_abbr,,,INDICATORS_V1_KEY,wr241,1,1,synonym_merge,0.90,,,auto,P3_auto,0
A-02396,wr241,中国硫酸镍产量,吨,ENTITY|NI,产量,硫酸镍|硫酸|镍,中国硫酸镍产量,中国硫酸镍产量,cross_report_synonym,,,INDICATORS_V1_NAME|PDF_TEMPLATE|THS_MATCHED,THS-NI-3.2|TPL-NI-016|wr241,1,4,synonym_merge,0.90,,,auto,P3_auto,0
A-01916,wr242,中国精炼镍产量,吨,未识别,未识别,无,wr242,wr242,latin_abbr,,,INDICATORS_V1_KEY,wr242,1,1,synonym_merge,0.90,,,auto,P3_auto,0
A-02401,wr242,中国精炼镍产量,吨,NI,产量,精炼镍|镍,中国精炼镍产量,中国精炼镍产量,cross_report_synonym,,,INDICATORS_V1_NAME|PDF_TEMPLATE|THS_MATCHED,THS-ZN-3.2.1|THS-ZN-3.2.2|THS-ZN-7.2|TPL-NI-006|wr242,1,5,synonym_merge,0.90,,,auto,P3_auto,0
A-01917,wr243,中国镍铁产量,万吨,未识别,未识别,无,wr243,wr243,latin_abbr,,,INDICATORS_V1_KEY,wr243,1,1,synonym_merge,0.90,,,auto,P3_auto,0
A-02410,wr243,中国镍铁产量,万吨,NI,产量,镍铁|镍,中国镍铁产量,中国镍铁产量,cross_report_synonym,,,INDICATORS_V1_NAME|PDF_TEMPLATE,TPL-NI-038|wr243,1,2,synonym_merge,0.90,,,auto,P3_auto,0
A-01918,wr244,中国高碳铬铁产量,实物万吨,未识别,未识别,无,wr244,wr244,latin_abbr,,,INDICATORS_V1_KEY,wr244,1,1,synonym_merge,0.90,,,auto,P3_auto,0
A-02411,wr244,中国高碳铬铁产量,实物万吨,ENTITY,产量,铬铁,中国高碳铬铁产量,中国高碳铬铁产量,cross_report_synonym,,,INDICATORS_V1_NAME|PDF_TEMPLATE,TPL-NI-036|wr244,1,2,synonym_merge,0.90,,,auto,P3_auto,0
A-01919,wr245,印尼冰镍产量（分品味）,万吨,未识别,未识别,无,wr245,wr245,latin_abbr,,,INDICATORS_V1_KEY,wr245,1,1,synonym_merge,0.90,,,auto,P3_auto,0
A-02587,wr245,印尼冰镍产量（分品味）,万吨,NI,产量,冰镍|镍,印尼冰镍产量（分品味）,印尼冰镍产量(分品味,cross_report_synonym,,,INDICATORS_V1_NAME|PDF_TEMPLATE,TPL-NI-023|wr245,1,2,synonym_merge,0.90,,,auto,P3_auto,0
A-01920,wr246,印尼冰镍产量（高冰镍+低冰镍）,,未识别,未识别,无,wr246,wr246,latin_abbr,,,INDICATORS_V1_KEY,wr246,1,1,synonym_merge,0.90,,,auto,P3_auto,0
A-02588,wr246,印尼冰镍产量（高冰镍+低冰镍）,,NI,产量,低冰镍|高冰镍|冰镍|镍,印尼冰镍产量（高冰镍+低冰镍）,印尼冰镍产量(高冰镍+低冰镍,cross_report_synonym,,,INDICATORS_V1_NAME|PDF_TEMPLATE,TPL-NI-022|wr246,1,2,synonym_merge,0.90,,,auto,P3_auto,0
A-01921,wr247,印尼精炼镍产量,,未识别,未识别,无,wr247,wr247,latin_abbr,,,INDICATORS_V1_KEY,wr247,1,1,synonym_merge,0.90,,,auto,P3_auto,0
A-01922,wr248,印尼镍铁产量,金属吨,未识别,未识别,无,wr248,wr248,latin_abbr,,,INDICATORS_V1_KEY,wr248,1,1,synonym_merge,0.90,,,auto,P3_auto,0
A-02639,wr248,印尼镍铁产量,金属吨,NI,产量,镍铁|镍,印尼镍铁产量,印尼镍铁产量,canonical,,,INDICATORS_V1_NAME,wr248,1,1,synonym_merge,0.90,,,auto,P3_auto,0
A-01923,wr249,LME C-3M升贴水,,未识别,未识别,无,wr249,wr249,latin_abbr,,,INDICATORS_V1_KEY,wr249,1,1,synonym_merge,0.90,,,auto,P3_auto,0
A-01924,wr25,原铝进口-印度,,未识别,未识别,无,wr25,wr25,latin_abbr,,,INDICATORS_V1_KEY,wr25,1,1,synonym_merge,0.90,,,auto,P3_auto,0
A-02673,wr25,原铝进口-印度,,AL,未识别,原铝|铝,原铝进口-印度,原铝进口-印度,cross_report_synonym,,,INDICATORS_V1_NAME|PDF_TEMPLATE,TPL-AL-022|wr25,1,2,synonym_merge,0.90,,,auto,P3_auto,0
A-01925,wr250,上期所不锈钢月间结构,,未识别,未识别,无,wr250,wr250,latin_abbr,,,INDICATORS_V1_KEY,wr250,1,1,synonym_merge,0.90,,,auto,P3_auto,0
A-02231,wr250,上期所不锈钢月间结构,,NI,月间结构,不锈钢,上期所不锈钢月间结构,上期所不锈钢月间结构,cross_report_synonym,,,INDICATORS_V1_NAME|PDF_TEMPLATE,TPL-NI-002|wr250,1,2,synonym_merge,0.90,,,auto,P3_auto,0
A-01926,wr251,不锈钢冷热轧价差,,未识别,未识别,无,wr251,wr251,latin_abbr,,,INDICATORS_V1_KEY,wr251,1,1,synonym_merge,0.90,,,auto,P3_auto,0
A-02268,wr251,不锈钢冷热轧价差,,NI,价差,不锈钢,不锈钢冷热轧价差,不锈钢冷热轧价差,cross_report_synonym,,,INDICATORS_V1_NAME|PDF_TEMPLATE,TPL-NI-029|wr251,1,2,synonym_merge,0.90,,,auto,P3_auto,0
A-01927,wr252,不锈钢基差,元/吨,未识别,未识别,无,wr252,wr252,latin_abbr,,,INDICATORS_V1_KEY,wr252,1,1,synonym_merge,0.90,,,auto,P3_auto,0
A-02271,wr252,不锈钢基差,元/吨,NI,基差,不锈钢,不锈钢基差,不锈钢基差,cross_report_synonym,,,INDICATORS_V1_NAME|PDF_TEMPLATE,TPL-NI-028|wr252,1,2,synonym_merge,0.90,,,auto,P3_auto,0
A-02628,wr253,印尼镍矿价格（HPM 1.6%）,,NI,价格,镍矿|镍,"印尼镍矿价格（HPM,1.6%）",印尼镍矿价格,unit_variant,"HPM,1.6%|HPM1.6%",,INDICATORS_V1_NAME|PDF_TEMPLATE,TPL-NI-031|wr253,2,2,synonym_merge,0.95,,,auto,P3_auto,0
A-01928,wr253,印尼镍矿价格（HPM 1.6%）,,未识别,未识别,无,wr253,wr253,latin_abbr,,,INDICATORS_V1_KEY,wr253,1,1,synonym_merge,0.90,,,auto,P3_auto,0
A-01929,wr254,硫酸镍价格,万元/吨,未识别,未识别,无,wr254,wr254,latin_abbr,,,INDICATORS_V1_KEY,wr254,1,1,synonym_merge,0.90,,,auto,P3_auto,0
A-03714,wr254,硫酸镍价格,万元/吨,ENTITY|NI,价格,硫酸镍|硫酸|镍,硫酸镍价格,硫酸镍价格,cross_report_synonym,,,INDICATORS_V1_NAME|PDF_TEMPLATE,TPL-NI-005|wr254,1,2,synonym_merge,0.90,,,auto,P3_auto,0
A-01930,wr255,铬矿价格（块矿，36-38%Cr，南非产）,,未识别,未识别,无,wr255,wr255,latin_abbr,,,INDICATORS_V1_KEY,wr255,1,1,synonym_merge,0.90,,,auto,P3_auto,0
A-04286,wr255,铬矿价格（块矿，36-38%Cr，南非产）,,ENTITY,价格,铬矿,铬矿价格（块矿，36-38%Cr，南非产）,"铬矿价格(块矿,36-38%Cr,南非产",cross_report_synonym,,,INDICATORS_V1_NAME|PDF_TEMPLATE,TPL-NI-034|wr255,1,2,synonym_merge,0.90,,,auto,P3_auto,0
A-04571,wr256,镍铁价格（江苏，7%≤Ni≤13%）,元/镍,NI,价格,镍铁|镍,镍铁价格（江苏，7%≤Ni≤13%）,镍铁价格,unit_variant,"江苏,7%≤Ni|江苏,7%≤Ni≤13%",,INDICATORS_V1_NAME|PDF_TEMPLATE,TPL-NI-032|wr256,2,2,synonym_merge,0.95,,,auto,P3_auto,0
A-01931,wr256,镍铁价格（江苏，7%≤Ni≤13%）,元/镍,未识别,未识别,无,wr256,wr256,latin_abbr,,,INDICATORS_V1_KEY,wr256,1,1,synonym_merge,0.90,,,auto,P3_auto,0
A-01932,wr257,镍铁折镍价,元/镍,未识别,未识别,无,wr257,wr257,latin_abbr,,,INDICATORS_V1_KEY,wr257,1,1,synonym_merge,0.90,,,auto,P3_auto,0
A-04579,wr257,镍铁折镍价,元/镍,NI,未识别,镍铁|镍,镍铁折镍价,镍铁折镍价,canonical,,,INDICATORS_V1_NAME,wr257,1,1,synonym_merge,0.90,,,auto,P3_auto,0
A-01933,wr258,高碳铬铁价格（内蒙古）,,未识别,未识别,无,wr258,wr258,latin_abbr,,,INDICATORS_V1_KEY,wr258,1,1,synonym_merge,0.90,,,auto,P3_auto,0
A-04641,wr258,高碳铬铁价格（内蒙古）,,ENTITY,价格,铬铁,高碳铬铁价格（内蒙古）,高碳铬铁价格(内蒙古,cross_report_synonym,,,INDICATORS_V1_NAME|PDF_TEMPLATE,TPL-NI-035|wr258,1,2,synonym_merge,0.90,,,auto,P3_auto,0
A-01934,wr259,镍铁理论利润（RKEF 山东）,,未识别,未识别,无,wr259,wr259,latin_abbr,,,INDICATORS_V1_KEY,wr259,1,1,synonym_merge,0.90,,,auto,P3_auto,0
A-04581,wr259,镍铁理论利润（RKEF 山东）,,NI,利润,镍铁|镍,镍铁理论利润（RKEF 山东）,镍铁理论利润,unit_variant,RKEF山东,,INDICATORS_V1_NAME,wr259,1,1,synonym_merge,0.90,,,auto,P3_auto,0
A-01935,wr26,原铝进口-印度尼西亚,,未识别,未识别,无,wr26,wr26,latin_abbr,,,INDICATORS_V1_KEY,wr26,1,1,synonym_merge,0.90,,,auto,P3_auto,0
A-02674,wr26,原铝进口-印度尼西亚,,AL,未识别,原铝|铝,原铝进口-印度尼西亚,原铝进口-印度尼西亚,cross_report_synonym,,,INDICATORS_V1_NAME|PDF_TEMPLATE,TPL-AL-023|wr26,1,2,synonym_merge,0.90,,,auto,P3_auto,0
A-01936,wr260,LME镍库存,,未识别,未识别,无,wr260,wr260,latin_abbr,,,INDICATORS_V1_KEY,wr260,1,1,synonym_merge,0.90,,,auto,P3_auto,0
A-01937,wr261,LME镍库存分布：仓库,,未识别,未识别,无,wr261,wr261,latin_abbr,,,INDICATORS_V1_KEY,wr261,1,1,synonym_merge,0.90,,,auto,P3_auto,0
A-01938,wr262,LME镍库存分布：洲,,未识别,未识别,无,wr262,wr262,latin_abbr,,,INDICATORS_V1_KEY,wr262,1,1,synonym_merge,0.90,,,auto,P3_auto,0
A-01939,wr263,不锈钢仓单,,未识别,未识别,无,wr263,wr263,latin_abbr,,,INDICATORS_V1_KEY,wr263,1,1,synonym_merge,0.90,,,auto,P3_auto,0
A-02267,wr263,不锈钢仓单,,NI,仓单,不锈钢,不锈钢仓单,不锈钢仓单,cross_report_synonym,,,INDICATORS_V1_NAME|PDF_TEMPLATE,TPL-NI-047|wr263,1,2,synonym_merge,0.90,,,auto,P3_auto,0
A-01940,wr264,不锈钢库存：300系（冷轧）,吨,未识别,未识别,无,wr264,wr264,latin_abbr,,,INDICATORS_V1_KEY,wr264,1,1,synonym_merge,0.90,,,auto,P3_auto,0
A-02272,wr264,不锈钢库存：300系（冷轧）,吨,NI,库存,不锈钢,不锈钢库存：300系（冷轧）,不锈钢库存:300系(冷轧,cross_report_synonym,,,INDICATORS_V1_NAME|PDF_TEMPLATE,TPL-NI-045|wr264,1,2,synonym_merge,0.90,,,auto,P3_auto,0
A-01941,wr265,不锈钢库存：300系（总）,,未识别,未识别,无,wr265,wr265,latin_abbr,,,INDICATORS_V1_KEY,wr265,1,1,synonym_merge,0.90,,,auto,P3_auto,0
A-02273,wr265,不锈钢库存：300系（总）,,NI,库存,不锈钢,不锈钢库存：300系（总）,不锈钢库存:300系(总,cross_report_synonym,,,INDICATORS_V1_NAME|PDF_TEMPLATE,TPL-NI-044|wr265,1,2,synonym_merge,0.90,,,auto,P3_auto,0
A-01942,wr266,不锈钢库存：300系（热轧）,吨,未识别,未识别,无,wr266,wr266,latin_abbr,,,INDICATORS_V1_KEY,wr266,1,1,synonym_merge,0.90,,,auto,P3_auto,0
A-02274,wr266,不锈钢库存：300系（热轧）,吨,NI,库存,不锈钢,不锈钢库存：300系（热轧）,不锈钢库存:300系(热轧,cross_report_synonym,,,INDICATORS_V1_NAME|PDF_TEMPLATE,TPL-NI-046|wr266,1,2,synonym_merge,0.90,,,auto,P3_auto,0
A-01943,wr267,镍铁库存,,未识别,未识别,无,wr267,wr267,latin_abbr,,,INDICATORS_V1_KEY,wr267,1,1,synonym_merge,0.90,,,auto,P3_auto,0
A-04577,wr267,镍铁库存,,NI,库存,镍铁|镍,镍铁库存,镍铁库存,canonical,,,INDICATORS_V1_NAME,wr267,1,1,synonym_merge,0.90,,,auto,P3_auto,0
A-01944,wr268,中国硫酸镍企业开工率,,未识别,未识别,无,wr268,wr268,latin_abbr,,,INDICATORS_V1_KEY,wr268,1,1,synonym_merge,0.90,,,auto,P3_auto,0
A-02397,wr268,中国硫酸镍企业开工率,,ENTITY|NI,开工率|开工,硫酸镍|硫酸|镍,中国硫酸镍企业开工率,中国硫酸镍企业开工率,cross_report_synonym,,,INDICATORS_V1_NAME|PDF_TEMPLATE,TPL-NI-017|wr268,1,2,synonym_merge,0.90,,,auto,P3_auto,0
A-02269,wr269,不锈钢出口量,,NI,出口量,不锈钢,不锈钢出口量,不锈钢出口量,unit_variant,万吨,,INDICATORS_V1_NAME|PDF_TEMPLATE|THS_SERIES,THS-NI-6.3|TPL-NI-043|wr269,2,3,synonym_merge,0.95,,,auto,P3_auto,0
A-01945,wr269,不锈钢出口量,,未识别,未识别,无,wr269,wr269,latin_abbr,,,INDICATORS_V1_KEY,wr269,1,1,synonym_merge,0.90,,,auto,P3_auto,0
A-01946,wr27,铝合金进口量,吨,未识别,未识别,无,wr27,wr27,latin_abbr,,,INDICATORS_V1_KEY,wr27,1,1,synonym_merge,0.90,,,auto,P3_auto,0
A-04219,wr27,铝合金进口量,吨,AL,进口量,铝合金|铝,铝合金进口量,铝合金进口量,cross_report_synonym,,,INDICATORS_V1_NAME|PDF_TEMPLATE|THS_MATCHED,THS-NI-6.3|THS-SI-6.1|THS-SI-6.4|TPL-AL-018|wr27,1,6,synonym_merge,0.90,,,auto,P3_auto,0
A-01947,wr270,不锈钢进口量,,未识别,未识别,无,wr270,wr270,latin_abbr,,,INDICATORS_V1_KEY,wr270,1,1,synonym_merge,0.90,,,auto,P3_auto,0
A-02287,wr270,不锈钢进口量,,NI,进口量,不锈钢,不锈钢进口量,不锈钢进口量,cross_report_synonym,,,INDICATORS_V1_NAME|PDF_TEMPLATE,TPL-NI-042|wr270,1,2,synonym_merge,0.90,,,auto,P3_auto,0
A-01948,wr271,中国冰镍进口量,美元,未识别,未识别,无,wr271,wr271,latin_abbr,,,INDICATORS_V1_KEY,wr271,1,1,synonym_merge,0.90,,,auto,P3_auto,0
A-01949,wr272,中国冰镍进口量：自印尼,美元,未识别,未识别,无,wr272,wr272,latin_abbr,,,INDICATORS_V1_KEY,wr272,1,1,synonym_merge,0.90,,,auto,P3_auto,0
A-02310,wr272,中国冰镍进口量：自印尼,美元,NI,进口量,冰镍|镍,中国冰镍进口量：自印尼,中国冰镍进口量:自印尼,cross_report_synonym,,,INDICATORS_V1_NAME|PDF_TEMPLATE,TPL-NI-021|wr272,1,2,synonym_merge,0.90,,,auto,P3_auto,0
A-01950,wr273,中国硫酸镍出口量,,未识别,未识别,无,wr273,wr273,latin_abbr,,,INDICATORS_V1_KEY,wr273,1,1,synonym_merge,0.90,,,auto,P3_auto,0
A-02398,wr273,中国硫酸镍出口量,,ENTITY|NI,出口量,硫酸镍|硫酸|镍,中国硫酸镍出口量,中国硫酸镍出口量,cross_report_synonym,,,INDICATORS_V1_NAME|PDF_TEMPLATE|THS_MATCHED,THS-AL-6.3|TPL-NI-019|wr273,1,3,synonym_merge,0.90,,,auto,P3_auto,0
A-01951,wr274,中国硫酸镍进口量,,未识别,未识别,无,wr274,wr274,latin_abbr,,,INDICATORS_V1_KEY,wr274,1,1,synonym_merge,0.90,,,auto,P3_auto,0
A-02399,wr274,中国硫酸镍进口量,,ENTITY|NI,进口量,硫酸镍|硫酸|镍,中国硫酸镍进口量,中国硫酸镍进口量,cross_report_synonym,,,INDICATORS_V1_NAME|PDF_TEMPLATE,TPL-NI-018|wr274,1,2,synonym_merge,0.90,,,auto,P3_auto,0
A-01952,wr275,镍铁进口量,吨,未识别,未识别,无,wr275,wr275,latin_abbr,,,INDICATORS_V1_KEY,wr275,1,1,synonym_merge,0.90,,,auto,P3_auto,0
A-04583,wr275,镍铁进口量,吨,NI,进口量,镍铁|镍,镍铁进口量,镍铁进口量,cross_report_synonym,,,INDICATORS_V1_NAME|PDF_TEMPLATE|THS_MATCHED,THS-LI-3.1.1|THS-LI-3.1.4|THS-SN-3.1.4|TPL-NI-039|wr275,1,5,synonym_merge,0.90,,,auto,P3_auto,0
A-01953,wr276,高碳铬铁进口量,,未识别,未识别,无,wr276,wr276,latin_abbr,,,INDICATORS_V1_KEY,wr276,1,1,synonym_merge,0.90,,,auto,P3_auto,0
A-04642,wr276,高碳铬铁进口量,,ENTITY,进口量,铬铁,高碳铬铁进口量,高碳铬铁进口量,cross_report_synonym,,,INDICATORS_V1_NAME|PDF_TEMPLATE,TPL-NI-037|wr276,1,2,synonym_merge,0.90,,,auto,P3_auto,0
A-01954,wr28,氧化铝建成产能,万吨,未识别,未识别,无,wr28,wr28,latin_abbr,,,INDICATORS_V1_KEY,wr28,1,1,synonym_merge,0.90,,,auto,P3_auto,0
A-03334,wr28,氧化铝建成产能,万吨,AL|AO,建成产能|产能,氧化铝|铝,氧化铝建成产能,氧化铝建成产能,cross_report_synonym,,,INDICATORS_V1_NAME|PDF_TEMPLATE|THS_MATCHED,THS-AL-3.2|TPL-AO-032|wr28,1,3,synonym_merge,0.90,,,auto,P3_auto,0
A-01955,wr29,氧化铝运行产能,,未识别,未识别,无,wr29,wr29,latin_abbr,,,INDICATORS_V1_KEY,wr29,1,1,synonym_merge,0.90,,,auto,P3_auto,0
A-03339,wr29,氧化铝运行产能,,AL|AO,运行产能|产能,氧化铝|铝,氧化铝运行产能,氧化铝运行产能,canonical,,,INDICATORS_V1_NAME,wr29,1,1,synonym_merge,0.90,,,auto,P3_auto,0
A-01956,wr3,铝棒价格-广东,,未识别,未识别,无,wr3,wr3,latin_abbr,,,INDICATORS_V1_KEY,wr3,1,1,synonym_merge,0.90,,,auto,P3_auto,0
A-04278,wr3,铝棒价格-广东,,AL,价格,铝棒|铝,铝棒价格-广东,铝棒价格-广东,canonical,,,INDICATORS_V1_NAME,wr3,1,1,synonym_merge,0.90,,,auto,P3_auto,0
A-00470,wr30,SMM中国氧化铝月度产量-山东,,AL|AO,产量,氧化铝|铝,SMM中国氧化铝月度产量-山东,SMM中国氧化铝月度产量-山东,cross_report_synonym,,,INDICATORS_V1_NAME|PDF_TEMPLATE,TPL-AO-034|wr30,1,2,synonym_merge,0.90,,,auto,P3_auto,0
A-01957,wr30,SMM中国氧化铝月度产量-山东,,未识别,未识别,无,wr30,wr30,latin_abbr,,,INDICATORS_V1_KEY,wr30,1,1,synonym_merge,0.90,,,auto,P3_auto,0
A-00471,wr31,SMM中国氧化铝月度产量-总量,,AL|AO,产量,氧化铝|铝,SMM中国氧化铝月度产量-总量,SMM中国氧化铝月度产量-总量,cross_report_synonym,,,INDICATORS_V1_NAME|PDF_TEMPLATE,TPL-AO-035|wr31,1,2,synonym_merge,0.90,,,auto,P3_auto,0
A-01958,wr31,SMM中国氧化铝月度产量-总量,,未识别,未识别,无,wr31,wr31,latin_abbr,,,INDICATORS_V1_KEY,wr31,1,1,synonym_merge,0.90,,,auto,P3_auto,0
A-00472,wr32,SMM中国氧化铝月度产量-河南,万吨,AL|AO,产量,氧化铝|铝,SMM中国氧化铝月度产量-河南,SMM中国氧化铝月度产量-河南,cross_report_synonym,,,INDICATORS_V1_NAME|PDF_TEMPLATE,TPL-AO-036|wr32,1,2,synonym_merge,0.90,,,auto,P3_auto,0
A-01959,wr32,SMM中国氧化铝月度产量-河南,万吨,未识别,未识别,无,wr32,wr32,latin_abbr,,,INDICATORS_V1_KEY,wr32,1,1,synonym_merge,0.90,,,auto,P3_auto,0
A-01960,wr33,阿拉丁氧化铝产量-总计,,未识别,未识别,无,wr33,wr33,latin_abbr,,,INDICATORS_V1_KEY,wr33,1,1,synonym_merge,0.90,,,auto,P3_auto,0
A-04588,wr33,阿拉丁氧化铝产量-总计,,AL|AO,产量,氧化铝|铝,阿拉丁氧化铝产量-总计,阿拉丁氧化铝产量-,suffix_variant,,总计,INDICATORS_V1_NAME,wr33,1,1,synonym_merge,0.90,,,auto,P3_auto,0
A-01961,wr34,三网均价-内蒙古,元/吨,未识别,未识别,无,wr34,wr34,latin_abbr,,,INDICATORS_V1_KEY,wr34,1,1,synonym_merge,0.90,,,auto,P3_auto,0
A-02224,wr34,三网均价-内蒙古,元/吨,AO,均价,无,三网均价-内蒙古,三网均价-内蒙古,cross_report_synonym,,,INDICATORS_V1_NAME|PDF_TEMPLATE,TPL-AO-001|wr34,1,2,synonym_merge,0.90,,,auto,P3_auto,0
A-01962,wr35,三网均价-山东,元/吨,未识别,未识别,无,wr35,wr35,latin_abbr,,,INDICATORS_V1_KEY,wr35,1,1,synonym_merge,0.90,,,auto,P3_auto,0
A-02225,wr35,三网均价-山东,元/吨,未识别,均价,无,三网均价-山东,三网均价-山东,canonical,,,INDICATORS_V1_NAME,wr35,1,1,synonym_merge,0.90,,,auto,P3_auto,0
A-01963,wr36,三网均价-广西,,未识别,未识别,无,wr36,wr36,latin_abbr,,,INDICATORS_V1_KEY,wr36,1,1,synonym_merge,0.90,,,auto,P3_auto,0
A-02226,wr36,三网均价-广西,,未识别,均价,无,三网均价-广西,三网均价-广西,canonical,,,INDICATORS_V1_NAME,wr36,1,1,synonym_merge,0.90,,,auto,P3_auto,0
A-01964,wr37,三网均价-河南,,未识别,未识别,无,wr37,wr37,latin_abbr,,,INDICATORS_V1_KEY,wr37,1,1,synonym_merge,0.90,,,auto,P3_auto,0
A-02227,wr37,三网均价-河南,,未识别,均价,无,三网均价-河南,三网均价-河南,canonical,,,INDICATORS_V1_NAME,wr37,1,1,synonym_merge,0.90,,,auto,P3_auto,0
A-01965,wr38,三网均价-贵州,元/吨,未识别,未识别,无,wr38,wr38,latin_abbr,,,INDICATORS_V1_KEY,wr38,1,1,synonym_merge,0.90,,,auto,P3_auto,0
A-02228,wr38,三网均价-贵州,元/吨,未识别,均价,无,三网均价-贵州,三网均价-贵州,canonical,,,INDICATORS_V1_NAME,wr38,1,1,synonym_merge,0.90,,,auto,P3_auto,0
A-01966,wr39,东澳氧化铝FOB,,未识别,未识别,无,wr39,wr39,latin_abbr,,,INDICATORS_V1_KEY,wr39,1,1,synonym_merge,0.90,,,auto,P3_auto,0
A-02288,wr39,东澳氧化铝FOB,,AL|AO,未识别,氧化铝|铝,东澳氧化铝FOB,东澳氧化铝FOB,cross_report_synonym,,,INDICATORS_V1_NAME|PDF_TEMPLATE,TPL-AO-002|wr39,1,2,synonym_merge,0.90,,,auto,P3_auto,0
A-01967,wr4,铝棒价格-河南,,未识别,未识别,无,wr4,wr4,latin_abbr,,,INDICATORS_V1_KEY,wr4,1,1,synonym_merge,0.90,,,auto,P3_auto,0
A-04279,wr4,铝棒价格-河南,,AL,价格,铝棒|铝,铝棒价格-河南,铝棒价格-河南,canonical,,,INDICATORS_V1_NAME,wr4,1,1,synonym_merge,0.90,,,auto,P3_auto,0
A-01968,wr40,中国平均价-氧化铝一级,元/吨,未识别,未识别,无,wr40,wr40,latin_abbr,,,INDICATORS_V1_KEY,wr40,1,1,synonym_merge,0.90,,,auto,P3_auto,0
A-02320,wr40,中国平均价-氧化铝一级,元/吨,AL|AO,均价,氧化铝|铝,中国平均价-氧化铝一级,中国平均价-氧化铝一级,canonical,,,INDICATORS_V1_NAME,wr40,1,1,synonym_merge,0.90,,,auto,P3_auto,0
A-01969,wr41,印尼氧化铝FOB,,未识别,未识别,无,wr41,wr41,latin_abbr,,,INDICATORS_V1_KEY,wr41,1,1,synonym_merge,0.90,,,auto,P3_auto,0
A-02595,wr41,印尼氧化铝FOB,,AL|AO,未识别,氧化铝|铝,印尼氧化铝FOB,印尼氧化铝FOB,cross_report_synonym,,,INDICATORS_V1_NAME|PDF_TEMPLATE,TPL-AO-003|wr41,1,2,synonym_merge,0.90,,,auto,P3_auto,0
A-01970,wr42,氧化铝(河南)平均价,,未识别,未识别,无,wr42,wr42,latin_abbr,,,INDICATORS_V1_KEY,wr42,1,1,synonym_merge,0.90,,,auto,P3_auto,0
A-03305,wr42,氧化铝(河南)平均价,,AL|AO,均价,氧化铝|铝,氧化铝(河南)平均价,氧化铝(河南)平均价,canonical,,,INDICATORS_V1_NAME,wr42,1,1,synonym_merge,0.90,,,auto,P3_auto,0
A-01971,wr43,氧化铝现货vs长协价格,,未识别,未识别,无,wr43,wr43,latin_abbr,,,INDICATORS_V1_KEY,wr43,1,1,synonym_merge,0.90,,,auto,P3_auto,0
A-03336,wr43,氧化铝现货vs长协价格,,AL|AO,价格,氧化铝|铝,氧化铝现货vs长协价格,氧化铝现货vs长协价格,cross_report_synonym,,,INDICATORS_V1_NAME|PDF_TEMPLATE|THS_MATCHED,THS-AL-3.2|THS-AL-3.3|TPL-AO-004|wr43,1,5,synonym_merge,0.90,,,auto,P3_auto,0
A-01972,wr44,澳洲氧化铝FOB,,未识别,未识别,无,wr44,wr44,latin_abbr,,,INDICATORS_V1_KEY,wr44,1,1,synonym_merge,0.90,,,auto,P3_auto,0
A-03530,wr44,澳洲氧化铝FOB,,AL|AO,未识别,氧化铝|铝,澳洲氧化铝FOB,澳洲氧化铝FOB,cross_report_synonym,,,INDICATORS_V1_NAME|PDF_TEMPLATE,TPL-AO-005|wr44,1,2,synonym_merge,0.90,,,auto,P3_auto,0
A-01973,wr45,氧化铝利润,,未识别,未识别,无,wr45,wr45,latin_abbr,,,INDICATORS_V1_KEY,wr45,1,1,synonym_merge,0.90,,,auto,P3_auto,0
A-03326,wr45,氧化铝利润,,AL|AO,利润,氧化铝|铝,氧化铝利润,氧化铝利润,cross_report_synonym,,,INDICATORS_V1_NAME|PDF_TEMPLATE,TPL-AO-018|wr45,1,2,synonym_merge,0.90,,,auto,P3_auto,0
A-01974,wr46,氧化铝进口盈亏-中国,,未识别,未识别,无,wr46,wr46,latin_abbr,,,INDICATORS_V1_KEY,wr46,1,1,synonym_merge,0.90,,,auto,P3_auto,0
A-03342,wr46,氧化铝进口盈亏-中国,,AL|AO,盈亏,氧化铝|铝,氧化铝进口盈亏-中国,氧化铝进口盈亏-中国,canonical,,,INDICATORS_V1_NAME,wr46,1,1,synonym_merge,0.90,,,auto,P3_auto,0
A-01975,wr47,河南国产矿现金流利润,元/吨,未识别,未识别,无,wr47,wr47,latin_abbr,,,INDICATORS_V1_KEY,wr47,1,1,synonym_merge,0.90,,,auto,P3_auto,0
A-03429,wr47,河南国产矿现金流利润,元/吨,未识别,利润,无,河南国产矿现金流利润,河南国产矿现金流利润,canonical,,,INDICATORS_V1_NAME,wr47,1,1,synonym_merge,0.90,,,auto,P3_auto,0
A-01976,wr48,期货库存-氧化铝,,未识别,未识别,无,wr48,wr48,latin_abbr,,,INDICATORS_V1_KEY,wr48,1,1,synonym_merge,0.90,,,auto,P3_auto,0
A-03252,wr48,期货库存-氧化铝,,AL|AO,期货库存|库存,氧化铝|铝,期货库存-氧化铝,期货库存-氧化铝,canonical,,,INDICATORS_V1_NAME,wr48,1,1,synonym_merge,0.90,,,auto,P3_auto,0
A-01977,wr49,期货库存-氧化铝-山东,,未识别,未识别,无,wr49,wr49,latin_abbr,,,INDICATORS_V1_KEY,wr49,1,1,synonym_merge,0.90,,,auto,P3_auto,0
A-03253,wr49,期货库存-氧化铝-山东,,AL|AO,期货库存|库存,氧化铝|铝,期货库存-氧化铝-山东,期货库存-氧化铝-山东,canonical,,,INDICATORS_V1_NAME,wr49,1,1,synonym_merge,0.90,,,auto,P3_auto,0
A-01978,wr5,出口-未锻轧铝合金,吨,未识别,未识别,无,wr5,wr5,latin_abbr,,,INDICATORS_V1_KEY,wr5,1,1,synonym_merge,0.90,,,auto,P3_auto,0
A-02523,wr5,出口-未锻轧铝合金,吨,AL,未识别,铝合金|铝,出口-未锻轧铝合金,出口-未锻轧铝合金,cross_report_synonym,,,INDICATORS_V1_NAME|PDF_TEMPLATE,TPL-AL-034|wr5,1,2,synonym_merge,0.90,,,auto,P3_auto,0
A-01979,wr50,期货库存-氧化铝-广西,吨,未识别,未识别,无,wr50,wr50,latin_abbr,,,INDICATORS_V1_KEY,wr50,1,1,synonym_merge,0.90,,,auto,P3_auto,0
A-03254,wr50,期货库存-氧化铝-广西,吨,AL|AO,期货库存|库存,氧化铝|铝,期货库存-氧化铝-广西,期货库存-氧化铝-广西,canonical,,,INDICATORS_V1_NAME,wr50,1,1,synonym_merge,0.90,,,auto,P3_auto,0
A-01980,wr51,期货库存-氧化铝-新疆,,未识别,未识别,无,wr51,wr51,latin_abbr,,,INDICATORS_V1_KEY,wr51,1,1,synonym_merge,0.90,,,auto,P3_auto,0
A-03255,wr51,期货库存-氧化铝-新疆,,AL|AO,期货库存|库存,氧化铝|铝,期货库存-氧化铝-新疆,期货库存-氧化铝-新疆,canonical,,,INDICATORS_V1_NAME,wr51,1,1,synonym_merge,0.90,,,auto,P3_auto,0
A-01981,wr52,氧化铝厂内库存(除新疆)-钢联,万吨,未识别,未识别,无,wr52,wr52,latin_abbr,,,INDICATORS_V1_KEY,wr52,1,1,synonym_merge,0.90,,,auto,P3_auto,0
A-03327,wr52,氧化铝厂内库存(除新疆)-钢联,万吨,AL|AO,厂内库存|库存,氧化铝|铝,氧化铝厂内库存(除新疆)-钢联,氧化铝厂内库存(除新疆)-钢联,cross_report_synonym,,,INDICATORS_V1_NAME|PDF_TEMPLATE,TPL-AO-024|wr52,1,2,synonym_merge,0.90,,,auto,P3_auto,0
A-01982,wr53,氧化铝库存-钢联,,未识别,未识别,无,wr53,wr53,latin_abbr,,,INDICATORS_V1_KEY,wr53,1,1,synonym_merge,0.90,,,auto,P3_auto,0
A-03329,wr53,氧化铝库存-钢联,,AL|AO,库存,氧化铝|铝,氧化铝库存-钢联,氧化铝库存-钢联,cross_report_synonym,,,INDICATORS_V1_NAME|PDF_TEMPLATE,TPL-AO-025|wr53,1,2,synonym_merge,0.90,,,auto,P3_auto,0
A-01983,wr54,氧化铝站台/在途库存-钢联,,未识别,未识别,无,wr54,wr54,latin_abbr,,,INDICATORS_V1_KEY,wr54,1,1,synonym_merge,0.90,,,auto,P3_auto,0
A-03338,wr54,氧化铝站台/在途库存-钢联,,AL|AO,在途库存|库存,氧化铝|铝,氧化铝站台/在途库存-钢联,氧化铝站台/在途库存-钢联,canonical,,,INDICATORS_V1_NAME,wr54,1,1,synonym_merge,0.90,,,auto,P3_auto,0
A-01984,wr55,氧化铝库存-阿拉丁-电解铝厂,,未识别,未识别,无,wr55,wr55,latin_abbr,,,INDICATORS_V1_KEY,wr55,1,1,synonym_merge,0.90,,,auto,P3_auto,0
A-03333,wr55,氧化铝库存-阿拉丁-电解铝厂,,AL|AO,库存,氧化铝|电解铝|铝,氧化铝库存-阿拉丁-电解铝厂,氧化铝库存-阿拉丁-电解铝厂,cross_report_synonym,,,INDICATORS_V1_NAME|PDF_TEMPLATE,TPL-AO-023|TPL-AO-028|wr55,1,3,synonym_merge,0.90,,,auto,P3_auto,0
A-01985,wr56,氧化铝库存-阿拉丁-氧化铝厂,万吨,未识别,未识别,无,wr56,wr56,latin_abbr,,,INDICATORS_V1_KEY,wr56,1,1,synonym_merge,0.90,,,auto,P3_auto,0
A-03332,wr56,氧化铝库存-阿拉丁-氧化铝厂,万吨,AL|AO,库存,氧化铝|铝,氧化铝库存-阿拉丁-氧化铝厂,氧化铝库存-阿拉丁-氧化铝厂,cross_report_synonym,,,INDICATORS_V1_NAME|PDF_TEMPLATE,TPL-AO-022|wr56,1,2,synonym_merge,0.90,,,auto,P3_auto,0
A-01986,wr57,氧化铝开工率,,未识别,未识别,无,wr57,wr57,latin_abbr,,,INDICATORS_V1_KEY,wr57,1,1,synonym_merge,0.90,,,auto,P3_auto,0
A-01987,wr58,氧化铝(河南)完全成本,,未识别,未识别,无,wr58,wr58,latin_abbr,,,INDICATORS_V1_KEY,wr58,1,1,synonym_merge,0.90,,,auto,P3_auto,0
A-03304,wr58,氧化铝(河南)完全成本,,AL|AO,完全成本|成本,氧化铝|铝,氧化铝(河南)完全成本,氧化铝(河南)完全成本,cross_report_synonym,,,INDICATORS_V1_NAME|PDF_TEMPLATE,TPL-AO-019|wr58,1,2,synonym_merge,0.90,,,auto,P3_auto,0
A-01988,wr59,氧化铝(河南)现金成本,,未识别,未识别,无,wr59,wr59,latin_abbr,,,INDICATORS_V1_KEY,wr59,1,1,synonym_merge,0.90,,,auto,P3_auto,0
A-03303,wr59,氧化铝(河南)现金成本,,AL|AO,未识别,氧化铝|铝,氧化铝(河南)现金成本,氧化铝(河南,unit_variant,现金成本,,INDICATORS_V1_NAME,wr59,1,1,synonym_merge,0.90,,,auto,P3_auto,0
A-01989,wr6,铝材出口-北美,,未识别,未识别,无,wr6,wr6,latin_abbr,,,INDICATORS_V1_KEY,wr6,1,1,synonym_merge,0.90,,,auto,P3_auto,0
A-04265,wr6,铝材出口-北美,,AL,未识别,铝材|铝,铝材出口-北美,铝材出口-北美,cross_report_synonym,,,INDICATORS_V1_NAME|PDF_TEMPLATE,TPL-AL-036|wr6,1,2,synonym_merge,0.90,,,auto,P3_auto,0
A-01990,wr60,铝土矿产量-河南-SMM,,未识别,未识别,无,wr60,wr60,latin_abbr,,,INDICATORS_V1_KEY,wr60,1,1,synonym_merge,0.90,,,auto,P3_auto,0
A-04239,wr60,铝土矿产量-河南-SMM,,AL|AO,产量,铝土矿|铝土|铝,铝土矿产量-河南-SMM,铝土矿产量-河南-SMM,cross_report_synonym,,,INDICATORS_V1_NAME|PDF_TEMPLATE,TPL-AO-007|TPL-AO-050|wr60,1,3,synonym_merge,0.90,,,auto,P3_auto,0
A-01991,wr61,国产铝土矿-华南-低品(广西),,未识别,未识别,无,wr61,wr61,latin_abbr,,,INDICATORS_V1_KEY,wr61,1,1,synonym_merge,0.90,,,auto,P3_auto,0
A-02701,wr61,国产铝土矿-华南-低品(广西),,AL|AO,未识别,铝土矿|铝土|铝,国产铝土矿-华南-低品(广西),国产铝土矿-华南-低品(广西,cross_report_synonym,,,INDICATORS_V1_NAME|PDF_TEMPLATE,TPL-AO-014|wr61,1,2,synonym_merge,0.90,,,auto,P3_auto,0
A-01992,wr62,国产铝土矿-华南-低品(贵州),,未识别,未识别,无,wr62,wr62,latin_abbr,,,INDICATORS_V1_KEY,wr62,1,1,synonym_merge,0.90,,,auto,P3_auto,0
A-02702,wr62,国产铝土矿-华南-低品(贵州),,AL|AO,未识别,铝土矿|铝土|铝,国产铝土矿-华南-低品(贵州),国产铝土矿-华南-低品(贵州,cross_report_synonym,,,INDICATORS_V1_NAME|PDF_TEMPLATE,TPL-AO-015|wr62,1,2,synonym_merge,0.90,,,auto,P3_auto,0
A-01993,wr63,铝土矿产量-广西-百川,,未识别,未识别,无,wr63,wr63,latin_abbr,,,INDICATORS_V1_KEY,wr63,1,1,synonym_merge,0.90,,,auto,P3_auto,0
A-04238,wr63,铝土矿产量-广西-百川,,AL|AO,产量,铝土矿|铝土|铝,铝土矿产量-广西-百川,铝土矿产量-广西-百川,canonical,,,INDICATORS_V1_NAME,wr63,1,1,synonym_merge,0.90,,,auto,P3_auto,0
A-01994,wr64,铝土矿产量-贵州-百川,,未识别,未识别,无,wr64,wr64,latin_abbr,,,INDICATORS_V1_KEY,wr64,1,1,synonym_merge,0.90,,,auto,P3_auto,0
A-04242,wr64,铝土矿产量-贵州-百川,,AL|AO,产量,铝土矿|铝土|铝,铝土矿产量-贵州-百川,铝土矿产量-贵州-百川,canonical,,,INDICATORS_V1_NAME,wr64,1,1,synonym_merge,0.90,,,auto,P3_auto,0
A-01995,wr65,进口铝土矿-几内亚CIF,,未识别,未识别,无,wr65,wr65,latin_abbr,,,INDICATORS_V1_KEY,wr65,1,1,synonym_merge,0.90,,,auto,P3_auto,0
A-04145,wr65,进口铝土矿-几内亚CIF,,AL|AO,未识别,铝土矿|铝土|铝,进口铝土矿-几内亚CIF,进口铝土矿-几内亚CIF,mixed_script,,,INDICATORS_V1_NAME,wr65,1,1,synonym_merge,0.90,,,auto,P3_auto,0
A-01996,wr66,进口铝土矿-澳洲CIF,,未识别,未识别,无,wr66,wr66,latin_abbr,,,INDICATORS_V1_KEY,wr66,1,1,synonym_merge,0.90,,,auto,P3_auto,0
A-04146,wr66,进口铝土矿-澳洲CIF,,AL|AO,未识别,铝土矿|铝土|铝,进口铝土矿-澳洲CIF,进口铝土矿-澳洲CIF,mixed_script,,,INDICATORS_V1_NAME,wr66,1,1,synonym_merge,0.90,,,auto,P3_auto,0
A-01997,wr67,铝土矿海外-几内亚CIF,,未识别,未识别,无,wr67,wr67,latin_abbr,,,INDICATORS_V1_KEY,wr67,1,1,synonym_merge,0.90,,,auto,P3_auto,0
A-04253,wr67,铝土矿海外-几内亚CIF,,AL|AO,未识别,铝土矿|铝土|铝,铝土矿海外-几内亚CIF,铝土矿海外-几内亚CIF,mixed_script,,,INDICATORS_V1_NAME,wr67,1,1,synonym_merge,0.90,,,auto,P3_auto,0
A-01998,wr68,铝土矿海外-澳洲CIF,,未识别,未识别,无,wr68,wr68,latin_abbr,,,INDICATORS_V1_KEY,wr68,1,1,synonym_merge,0.90,,,auto,P3_auto,0
A-04254,wr68,铝土矿海外-澳洲CIF,,AL|AO,未识别,铝土矿|铝土|铝,铝土矿海外-澳洲CIF,铝土矿海外-澳洲CIF,mixed_script,,,INDICATORS_V1_NAME,wr68,1,1,synonym_merge,0.90,,,auto,P3_auto,0
A-01999,wr69,铝土矿海外-马来西亚CIF,,未识别,未识别,无,wr69,wr69,latin_abbr,,,INDICATORS_V1_KEY,wr69,1,1,synonym_merge,0.90,,,auto,P3_auto,0
A-04255,wr69,铝土矿海外-马来西亚CIF,,AL|AO,未识别,铝土矿|铝土|铝,铝土矿海外-马来西亚CIF,铝土矿海外-马来西亚CIF,mixed_script,,,INDICATORS_V1_NAME,wr69,1,1,synonym_merge,0.90,,,auto,P3_auto,0
A-02000,wr7,铝材出口-总量,,未识别,未识别,无,wr7,wr7,latin_abbr,,,INDICATORS_V1_KEY,wr7,1,1,synonym_merge,0.90,,,auto,P3_auto,0
A-04266,wr7,铝材出口-总量,,AL,未识别,铝材|铝,铝材出口-总量,铝材出口-总量,cross_report_synonym,,,INDICATORS_V1_NAME|THS_MATCHED,THS-NI-6.3|wr7,1,2,synonym_merge,0.90,,,auto,P3_auto,0
A-02001,wr70,发运量-几内亚官方,,未识别,未识别,无,wr70,wr70,latin_abbr,,,INDICATORS_V1_KEY,wr70,1,1,synonym_merge,0.90,,,auto,P3_auto,0
A-02677,wr70,发运量-几内亚官方,,未识别,未识别,无,发运量-几内亚官方,发运量-几内亚官方,canonical,,,INDICATORS_V1_NAME,wr70,1,1,synonym_merge,0.90,,,auto,P3_auto,0
A-02002,wr71,到港量-海关-几内亚,,未识别,未识别,无,wr71,wr71,latin_abbr,,,INDICATORS_V1_KEY,wr71,1,1,synonym_merge,0.90,,,auto,P3_auto,0
A-02535,wr71,到港量-海关-几内亚,,AO,到港量,无,到港量-海关-几内亚,到港量-海关-几内亚,cross_report_synonym,,,INDICATORS_V1_NAME|PDF_TEMPLATE,TPL-AO-057|TPL-AO-062|wr71,1,3,synonym_merge,0.90,,,auto,P3_auto,0
A-02003,wr72,发运量-路透-几内亚MA3,,未识别,未识别,无,wr72,wr72,latin_abbr,,,INDICATORS_V1_KEY,wr72,1,1,synonym_merge,0.90,,,auto,P3_auto,0
A-02678,wr72,发运量-路透-几内亚MA3,,未识别,未识别,无,发运量-路透-几内亚MA3,发运量-路透-几内亚MA3,mixed_script,,,INDICATORS_V1_NAME,wr72,1,1,synonym_merge,0.90,,,auto,P3_auto,0
A-02004,wr73,海漂库存-全球主要国家-钢联,万吨,未识别,未识别,无,wr73,wr73,latin_abbr,,,INDICATORS_V1_KEY,wr73,1,1,synonym_merge,0.90,,,auto,P3_auto,0
A-03501,wr73,海漂库存-全球主要国家-钢联,万吨,未识别,库存,无,海漂库存-全球主要国家-钢联,海漂库存-全球主要国家-钢联,canonical,,,INDICATORS_V1_NAME,wr73,1,1,synonym_merge,0.90,,,auto,P3_auto,0
A-02005,wr74,港口库存-中国-钢联,万吨,未识别,未识别,无,wr74,wr74,latin_abbr,,,INDICATORS_V1_KEY,wr74,1,1,synonym_merge,0.90,,,auto,P3_auto,0
A-03504,wr74,港口库存-中国-钢联,万吨,未识别,库存,无,港口库存-中国-钢联,港口库存-中国-钢联,canonical,,,INDICATORS_V1_NAME,wr74,1,1,synonym_merge,0.90,,,auto,P3_auto,0
A-02006,wr75,铝土矿产量-云南-百川,,未识别,未识别,无,wr75,wr75,latin_abbr,,,INDICATORS_V1_KEY,wr75,1,1,synonym_merge,0.90,,,auto,P3_auto,0
A-04232,wr75,铝土矿产量-云南-百川,,AL|AO,产量,铝土矿|铝土|铝,铝土矿产量-云南-百川,铝土矿产量-云南-百川,canonical,,,INDICATORS_V1_NAME,wr75,1,1,synonym_merge,0.90,,,auto,P3_auto,0
A-02007,wr76,铝土矿产量-合计-百川,,未识别,未识别,无,wr76,wr76,latin_abbr,,,INDICATORS_V1_KEY,wr76,1,1,synonym_merge,0.90,,,auto,P3_auto,0
A-04234,wr76,铝土矿产量-合计-百川,,AL|AO,产量,铝土矿|铝土|铝,铝土矿产量-合计-百川,铝土矿产量-合计-百川,cross_report_synonym,,,INDICATORS_V1_NAME|PDF_TEMPLATE,TPL-AO-054|wr76,1,2,synonym_merge,0.90,,,auto,P3_auto,0
A-02008,wr77,铝土矿产量-山西-SMM,,未识别,未识别,无,wr77,wr77,latin_abbr,,,INDICATORS_V1_KEY,wr77,1,1,synonym_merge,0.90,,,auto,P3_auto,0
A-04235,wr77,铝土矿产量-山西-SMM,,AL|AO,产量,铝土矿|铝土|铝,铝土矿产量-山西-SMM,铝土矿产量-山西-SMM,cross_report_synonym,,,INDICATORS_V1_NAME|PDF_TEMPLATE,TPL-AO-006|TPL-AO-048|wr77,1,3,synonym_merge,0.90,,,auto,P3_auto,0
A-02009,wr78,铝土矿产量-重庆-SMM,,未识别,未识别,无,wr78,wr78,latin_abbr,,,INDICATORS_V1_KEY,wr78,1,1,synonym_merge,0.90,,,auto,P3_auto,0
A-04243,wr78,铝土矿产量-重庆-SMM,,AL|AO,产量,铝土矿|铝土|铝,铝土矿产量-重庆-SMM,铝土矿产量-重庆-SMM,cross_report_synonym,,,INDICATORS_V1_NAME|PDF_TEMPLATE,TPL-AO-052|wr78,1,2,synonym_merge,0.90,,,auto,P3_auto,0
A-02010,wr79,铝土矿到港量-曹妃甸港,,未识别,未识别,无,wr79,wr79,latin_abbr,,,INDICATORS_V1_KEY,wr79,1,1,synonym_merge,0.90,,,auto,P3_auto,0
A-04244,wr79,铝土矿到港量-曹妃甸港,,AL|AO,到港量,铝土矿|铝土|铝,铝土矿到港量-曹妃甸港,铝土矿到港量-曹妃甸港,cross_report_synonym,,,INDICATORS_V1_NAME|PDF_TEMPLATE,TPL-AO-043|wr79,1,2,synonym_merge,0.90,,,auto,P3_auto,0
A-02011,wr8,电解铝出库量-中国,万吨,未识别,未识别,无,wr8,wr8,latin_abbr,,,INDICATORS_V1_KEY,wr8,1,1,synonym_merge,0.90,,,auto,P3_auto,0
A-03625,wr8,电解铝出库量-中国,万吨,AL,出库量|出库,电解铝|铝,电解铝出库量-中国,电解铝出库量-中国,canonical,,,INDICATORS_V1_NAME,wr8,1,1,synonym_merge,0.90,,,auto,P3_auto,0
A-02012,wr80,铝土矿到港量-港口汇总-百川,,未识别,未识别,无,wr80,wr80,latin_abbr,,,INDICATORS_V1_KEY,wr80,1,1,synonym_merge,0.90,,,auto,P3_auto,0
A-04245,wr80,铝土矿到港量-港口汇总-百川,,AL|AO,到港量,铝土矿|铝土|铝,铝土矿到港量-港口汇总-百川,铝土矿到港量-港口汇总-百川,cross_report_synonym,,,INDICATORS_V1_NAME|PDF_TEMPLATE,TPL-AO-044|wr80,1,2,synonym_merge,0.90,,,auto,P3_auto,0
A-02013,wr81,铝土矿到港量-烟台港,,未识别,未识别,无,wr81,wr81,latin_abbr,,,INDICATORS_V1_KEY,wr81,1,1,synonym_merge,0.90,,,auto,P3_auto,0
A-04246,wr81,铝土矿到港量-烟台港,,AL|AO,到港量,铝土矿|铝土|铝,铝土矿到港量-烟台港,铝土矿到港量-烟台港,cross_report_synonym,,,INDICATORS_V1_NAME|PDF_TEMPLATE,TPL-AO-045|wr81,1,2,synonym_merge,0.90,,,auto,P3_auto,0
A-02014,wr82,铝土矿到港量-青岛港,,未识别,未识别,无,wr82,wr82,latin_abbr,,,INDICATORS_V1_KEY,wr82,1,1,synonym_merge,0.90,,,auto,P3_auto,0
A-04247,wr82,铝土矿到港量-青岛港,,AL|AO,到港量,铝土矿|铝土|铝,铝土矿到港量-青岛港,铝土矿到港量-青岛港,cross_report_synonym,,,INDICATORS_V1_NAME|PDF_TEMPLATE,TPL-AO-046|wr82,1,2,synonym_merge,0.90,,,auto,P3_auto,0
A-02015,wr83,铝土矿库存天数-全国,,未识别,未识别,无,wr83,wr83,latin_abbr,,,INDICATORS_V1_KEY,wr83,1,1,synonym_merge,0.90,,,auto,P3_auto,0
A-04252,wr83,铝土矿库存天数-全国,,AL|AO,库存天数|库存,铝土矿|铝土|铝,铝土矿库存天数-全国,铝土矿库存天数-全国,canonical,,,INDICATORS_V1_NAME,wr83,1,1,synonym_merge,0.90,,,auto,P3_auto,0
A-02016,wr84,铝土矿库存-河南-SMM,,未识别,未识别,无,wr84,wr84,latin_abbr,,,INDICATORS_V1_KEY,wr84,1,1,synonym_merge,0.90,,,auto,P3_auto,0
A-04249,wr84,铝土矿库存-河南-SMM,,AL|AO,库存,铝土矿|铝土|铝,铝土矿库存-河南-SMM,铝土矿库存-河南-SMM,cross_report_synonym,,,INDICATORS_V1_NAME|PDF_TEMPLATE,TPL-AO-009|wr84,1,2,synonym_merge,0.90,,,auto,P3_auto,0
A-02017,wr85,铝土矿库存天数-不含河北,,未识别,未识别,无,wr85,wr85,latin_abbr,,,INDICATORS_V1_KEY,wr85,1,1,synonym_merge,0.90,,,auto,P3_auto,0
A-04251,wr85,铝土矿库存天数-不含河北,,AL|AO,库存天数|库存,铝土矿|铝土|铝,铝土矿库存天数-不含河北,铝土矿库存天数-不含河北,canonical,,,INDICATORS_V1_NAME,wr85,1,1,synonym_merge,0.90,,,auto,P3_auto,0
A-02018,wr86,铝土矿进口-几内亚,,未识别,未识别,无,wr86,wr86,latin_abbr,,,INDICATORS_V1_KEY,wr86,1,1,synonym_merge,0.90,,,auto,P3_auto,0
A-04256,wr86,铝土矿进口-几内亚,,AL|AO,未识别,铝土矿|铝土|铝,铝土矿进口-几内亚,铝土矿进口-几内亚,canonical,,,INDICATORS_V1_NAME,wr86,1,1,synonym_merge,0.90,,,auto,P3_auto,0
A-02019,wr87,铝土矿进口-总量,,未识别,未识别,无,wr87,wr87,latin_abbr,,,INDICATORS_V1_KEY,wr87,1,1,synonym_merge,0.90,,,auto,P3_auto,0
A-04258,wr87,铝土矿进口-总量,,AL|AO,未识别,铝土矿|铝土|铝,铝土矿进口-总量,铝土矿进口-总量,cross_report_synonym,,,INDICATORS_V1_NAME|PDF_TEMPLATE|THS_MATCHED,THS-AL-6.1|THS-LI-3.1.4|TPL-AO-059|wr87,1,4,synonym_merge,0.90,,,auto,P3_auto,0
A-02020,wr88,铝土矿进口-澳大利亚,百万澳元,未识别,未识别,无,wr88,wr88,latin_abbr,,,INDICATORS_V1_KEY,wr88,1,1,synonym_merge,0.90,,,auto,P3_auto,0
A-04259,wr88,铝土矿进口-澳大利亚,百万澳元,AL|AO,未识别,铝土矿|铝土|铝,铝土矿进口-澳大利亚,铝土矿进口-澳大利亚,cross_report_synonym,,,INDICATORS_V1_NAME|PDF_TEMPLATE,TPL-AO-060|wr88,1,2,synonym_merge,0.90,,,auto,P3_auto,0
A-02021,wr89,氧化铝净出口,,未识别,未识别,无,wr89,wr89,latin_abbr,,,INDICATORS_V1_KEY,wr89,1,1,synonym_merge,0.90,,,auto,P3_auto,0
A-03324,wr89,氧化铝净出口,,AL|AO,未识别,氧化铝|铝,氧化铝净出口,氧化铝净出口,cross_report_synonym,,,INDICATORS_V1_NAME|PDF_TEMPLATE,TPL-AO-038|wr89,1,2,synonym_merge,0.90,,,auto,P3_auto,0
A-02022,wr9,铝棒出库量-中国,万吨,未识别,未识别,无,wr9,wr9,latin_abbr,,,INDICATORS_V1_KEY,wr9,1,1,synonym_merge,0.90,,,auto,P3_auto,0
A-04280,wr9,铝棒出库量-中国,万吨,AL,出库量|出库,铝棒|铝,铝棒出库量-中国,铝棒出库量-中国,canonical,,,INDICATORS_V1_NAME,wr9,1,1,synonym_merge,0.90,,,auto,P3_auto,0
A-02023,wr90,氧化铝出口,,未识别,未识别,无,wr90,wr90,latin_abbr,,,INDICATORS_V1_KEY,wr90,1,1,synonym_merge,0.90,,,auto,P3_auto,0
A-03325,wr90,氧化铝出口,,AL|AO,未识别,氧化铝|铝,氧化铝出口,氧化铝出口,cross_report_synonym,,,INDICATORS_V1_NAME|PDF_TEMPLATE,TPL-AO-037|wr90,1,2,synonym_merge,0.90,,,auto,P3_auto,0
A-02024,wr91,氧化铝进口,,未识别,未识别,无,wr91,wr91,latin_abbr,,,INDICATORS_V1_KEY,wr91,1,1,synonym_merge,0.90,,,auto,P3_auto,0
A-03341,wr91,氧化铝进口,,AL|AO,未识别,氧化铝|铝,氧化铝进口,氧化铝进口,cross_report_synonym,,,INDICATORS_V1_NAME|PDF_TEMPLATE,TPL-AO-039|wr91,1,2,synonym_merge,0.90,,,auto,P3_auto,0
A-00491,wr92,SMM 碳酸锂 周度产量,,LI,产量,碳酸锂|锂,SMM 碳酸锂 周度产量,SMM碳酸锂周度产量,cross_report_synonym,,,INDICATORS_V1_NAME|PDF_TEMPLATE,TPL-LC-028|TPL-LC-042|TPL-LC-067|wr92,1,6,synonym_merge,0.90,,,auto,P3_auto,0
A-02025,wr92,SMM 碳酸锂 周度产量,,未识别,未识别,无,wr92,wr92,latin_abbr,,,INDICATORS_V1_KEY,wr92,1,1,synonym_merge,0.90,,,auto,P3_auto,0
A-00492,wr93,SMM 碳酸锂 月度开工率,,LI,开工率|开工,碳酸锂|锂,SMM 碳酸锂 月度开工率,SMM碳酸锂月度开工率,cross_report_synonym,,,INDICATORS_V1_NAME|PDF_TEMPLATE,TPL-LC-041|wr93,1,2,synonym_merge,0.90,,,auto,P3_auto,0
A-02026,wr93,SMM 碳酸锂 月度开工率,,未识别,未识别,无,wr93,wr93,latin_abbr,,,INDICATORS_V1_KEY,wr93,1,1,synonym_merge,0.90,,,auto,P3_auto,0
A-02027,wr94,碳酸锂 产量:四川,吨,未识别,未识别,无,wr94,wr94,latin_abbr,,,INDICATORS_V1_KEY,wr94,1,1,synonym_merge,0.90,,,auto,P3_auto,0
A-03746,wr94,碳酸锂 产量:四川,吨,LI,产量,碳酸锂|锂,碳酸锂 产量:四川,碳酸锂产量:四川,canonical,,,INDICATORS_V1_NAME,wr94,1,1,synonym_merge,0.90,,,auto,P3_auto,0
A-02028,wr95,碳酸锂 产量:山东,吨,未识别,未识别,无,wr95,wr95,latin_abbr,,,INDICATORS_V1_KEY,wr95,1,1,synonym_merge,0.90,,,auto,P3_auto,0
A-03747,wr95,碳酸锂 产量:山东,吨,LI,产量,碳酸锂|锂,碳酸锂 产量:山东,碳酸锂产量:山东,canonical,,,INDICATORS_V1_NAME,wr95,1,1,synonym_merge,0.90,,,auto,P3_auto,0
A-02029,wr96,碳酸锂 产量:广西,吨,未识别,未识别,无,wr96,wr96,latin_abbr,,,INDICATORS_V1_KEY,wr96,1,1,synonym_merge,0.90,,,auto,P3_auto,0
A-03748,wr96,碳酸锂 产量:广西,吨,LI,产量,碳酸锂|锂,碳酸锂 产量:广西,碳酸锂产量:广西,canonical,,,INDICATORS_V1_NAME,wr96,1,1,synonym_merge,0.90,,,auto,P3_auto,0
A-02030,wr97,碳酸锂 产量:江苏,吨,未识别,未识别,无,wr97,wr97,latin_abbr,,,INDICATORS_V1_KEY,wr97,1,1,synonym_merge,0.90,,,auto,P3_auto,0
A-03749,wr97,碳酸锂 产量:江苏,吨,LI,产量,碳酸锂|锂,碳酸锂 产量:江苏,碳酸锂产量:江苏,canonical,,,INDICATORS_V1_NAME,wr97,1,1,synonym_merge,0.90,,,auto,P3_auto,0
A-02031,wr98,碳酸锂 产量:江西,吨,未识别,未识别,无,wr98,wr98,latin_abbr,,,INDICATORS_V1_KEY,wr98,1,1,synonym_merge,0.90,,,auto,P3_auto,0
A-03750,wr98,碳酸锂 产量:江西,吨,LI,产量,碳酸锂|锂,碳酸锂 产量:江西,碳酸锂产量:江西,canonical,,,INDICATORS_V1_NAME,wr98,1,1,synonym_merge,0.90,,,auto,P3_auto,0
A-02032,wr99,碳酸锂 产量:河北,吨,未识别,未识别,无,wr99,wr99,latin_abbr,,,INDICATORS_V1_KEY,wr99,1,1,synonym_merge,0.90,,,auto,P3_auto,0
A-03751,wr99,碳酸锂 产量:河北,吨,LI,产量,碳酸锂|锂,碳酸锂 产量:河北,碳酸锂产量:河北,canonical,,,INDICATORS_V1_NAME,wr99,1,1,synonym_merge,0.90,,,auto,P3_auto,0
A-02033,zn_21_aux,SHFE: 锌: 一月合约: 成交量: 日度,手,未识别,未识别,无,zn_21_aux,zn_21_aux,latin_abbr,,,INDICATORS_V1_KEY,zn_21_aux,1,1,synonym_merge,0.90,,,auto,P3_auto,0
A-02034,zn_21_basis,SHFE：锌：基差（日）,元/吨,未识别,未识别,无,zn_21_basis,zn_21_basis,latin_abbr,,,INDICATORS_V1_KEY,zn_21_basis,1,1,synonym_merge,0.90,,,auto,P3_auto,0
A-02035,zn_21_close,SHFE：锌：指数合约：收盘价（日）,元/吨,未识别,未识别,无,zn_21_close,zn_21_close,latin_abbr,,,INDICATORS_V1_KEY,zn_21_close,1,1,synonym_merge,0.90,,,auto,P3_auto,0
A-02036,zn_21_close_2,SHFE：锌：指数合约：收盘价（日）,元/吨,未识别,未识别,无,zn_21_close_2,zn_21_close_2,latin_abbr,,,INDICATORS_V1_KEY,zn_21_close_2,1,1,synonym_merge,0.90,,,auto,P3_auto,0
A-02037,zn_21_close_far,SHFE：锌：主力合约：收盘价（日）,元/吨,未识别,未识别,无,zn_21_close_far,zn_21_close_far,latin_abbr,,,INDICATORS_V1_KEY,zn_21_close_far,1,1,synonym_merge,0.90,,,auto,P3_auto,0
A-02038,zn_21_close_front,SHFE：锌：主力合约：收盘价（日）,元/吨,未识别,未识别,无,zn_21_close_front,zn_21_close_front,latin_abbr,,,INDICATORS_V1_KEY,zn_21_close_front,1,1,synonym_merge,0.90,,,auto,P3_auto,0
A-00320,zn_21_close_main,SHFE: 锌: 主力合约: 收盘价: 日度,元/吨,ZN,未识别,锌,SHFE: 锌: 主力合约: 收盘价: 日度,SHFE:锌:主力合约:收盘价:日度,mixed_script,,,INDICATORS_V1_NAME,zn_21_close_main,1,1,synonym_merge,0.90,,,auto,P3_auto,0
A-02039,zn_21_close_main,SHFE: 锌: 主力合约: 收盘价: 日度,元/吨,未识别,未识别,无,zn_21_close_main,zn_21_close_main,latin_abbr,,,INDICATORS_V1_KEY,zn_21_close_main,1,1,synonym_merge,0.90,,,auto,P3_auto,0
A-02040,zn_21_close_near,SHFE：锌：主力合约：收盘价（日）,元/吨,未识别,未识别,无,zn_21_close_near,zn_21_close_near,latin_abbr,,,INDICATORS_V1_KEY,zn_21_close_near,1,1,synonym_merge,0.90,,,auto,P3_auto,0
A-02041,zn_21_import,锌锭：进口盈亏：含税（日）,元/吨,未识别,未识别,无,zn_21_import,zn_21_import,latin_abbr,,,INDICATORS_V1_KEY,zn_21_import,1,1,synonym_merge,0.90,,,auto,P3_auto,0
A-00114,zn_21_lme_03,LME: 锌0-3升贴水: 日度,美元/吨,ZN,升贴水|贴水,锌,LME: 锌0-3升贴水: 日度,LME:锌0-3升贴水:日度,mixed_script,,,INDICATORS_V1_NAME,zn_21_lme_03,1,1,synonym_merge,0.90,,,auto,P3_auto,0
A-02042,zn_21_lme_03,LME: 锌0-3升贴水: 日度,美元/吨,未识别,未识别,无,zn_21_lme_03,zn_21_lme_03,latin_abbr,,,INDICATORS_V1_KEY,zn_21_lme_03,1,1,synonym_merge,0.90,,,auto,P3_auto,0
A-00126,zn_21_lme_inv,LME: 锌库存总计: 日度,吨,ZN,库存总计|库存,锌,LME: 锌库存总计: 日度,LME:锌库存总计:日度,mixed_script,,,INDICATORS_V1_NAME,zn_21_lme_inv,1,1,synonym_merge,0.90,,,auto,P3_auto,0
A-02043,zn_21_lme_inv,LME: 锌库存总计: 日度,吨,未识别,未识别,无,zn_21_lme_inv,zn_21_lme_inv,latin_abbr,,,INDICATORS_V1_KEY,zn_21_lme_inv,1,1,synonym_merge,0.90,,,auto,P3_auto,0
A-02044,zn_21_openinterest,LME：锌：其他报告头寸多头持仓量：投资基金（周）,手,未识别,未识别,无,zn_21_openinterest,zn_21_openinterest,latin_abbr,,,INDICATORS_V1_KEY,zn_21_openinterest,1,1,synonym_merge,0.90,,,auto,P3_auto,0
A-02045,zn_21_openinterest_2,SHFE: 锌: 六月合约: 持仓量: 日度,手,未识别,未识别,无,zn_21_openinterest_2,zn_21_openinterest_2,latin_abbr,,,INDICATORS_V1_KEY,zn_21_openinterest_2,1,1,synonym_merge,0.90,,,auto,P3_auto,0
A-02046,zn_21_premium,锌锭：0#：Zn≥99.995%：升贴水：广东（日）,元/吨,未识别,未识别,无,zn_21_premium,zn_21_premium,latin_abbr,,,INDICATORS_V1_KEY,zn_21_premium,1,1,synonym_merge,0.90,,,auto,P3_auto,0
A-00118,zn_21_volume,LME：锌：成交量（日）,手,ZN,成交量,锌,LME：锌：成交量（日）,LME:锌:成交量(日,mixed_script,,,INDICATORS_V1_NAME,zn_21_volume,1,1,synonym_merge,0.90,,,auto,P3_auto,0
A-02047,zn_21_volume,LME：锌：成交量（日）,手,未识别,未识别,无,zn_21_volume,zn_21_volume,latin_abbr,,,INDICATORS_V1_KEY,zn_21_volume,1,1,synonym_merge,0.90,,,auto,P3_auto,0
A-02048,zn_21_warrant,SHFE: 锌: 仓单日报: 期货: 日度,吨,未识别,未识别,无,zn_21_warrant,zn_21_warrant,latin_abbr,,,INDICATORS_V1_KEY,zn_21_warrant,1,1,synonym_merge,0.90,,,auto,P3_auto,0
A-00375,zn_22_aux,SMM: 上海锌锭现货升贴水_M合约: 日度,元/吨,ZN,升贴水|贴水,锌锭|锌,SMM: 上海锌锭现货升贴水_M合约: 日度,SMM:上海锌锭现货升贴水_M合约:日度,mixed_script,,,INDICATORS_V1_NAME,zn_22_aux,1,1,synonym_merge,0.90,,,auto,P3_auto,0
A-02049,zn_22_aux,SMM: 上海锌锭现货升贴水_M合约: 日度,元/吨,未识别,未识别,无,zn_22_aux,zn_22_aux,latin_abbr,,,INDICATORS_V1_KEY,zn_22_aux,1,1,synonym_merge,0.90,,,auto,P3_auto,0
A-00374,zn_22_basis,SMM: 上海锌锭现货10: 15期货价格: 日度,元/吨,ZN,价格,锌锭|锌,SMM: 上海锌锭现货10: 15期货价格: 日度,SMM:上海锌锭现货10:15期货价格:日度,mixed_script,,,INDICATORS_V1_NAME,zn_22_basis,1,1,synonym_merge,0.90,,,auto,P3_auto,0
A-02050,zn_22_basis,SMM: 上海锌锭现货10: 15期货价格: 日度,元/吨,未识别,未识别,无,zn_22_basis,zn_22_basis,latin_abbr,,,INDICATORS_V1_KEY,zn_22_basis,1,1,synonym_merge,0.90,,,auto,P3_auto,0
A-02051,zn_22_lme_inv,LME：锌：特高级：原产国库存：巴林（月）,吨,未识别,未识别,无,zn_22_lme_inv,zn_22_lme_inv,latin_abbr,,,INDICATORS_V1_KEY,zn_22_lme_inv,1,1,synonym_merge,0.90,,,auto,P3_auto,0
A-00438,zn_22_plant_inv,SMM: 精炼锌冶炼厂成品库存: 月度,万吨,ZN,库存,锌,SMM: 精炼锌冶炼厂成品库存: 月度,SMM:精炼锌冶炼厂成品库存:月度,cross_report_synonym,,,INDICATORS_V1_NAME|THS_MATCHED,THS-NI-4.4|zn_22_plant_inv,1,2,synonym_merge,0.90,,,auto,P3_auto,0
A-02052,zn_22_plant_inv,SMM: 精炼锌冶炼厂成品库存: 月度,万吨,未识别,未识别,无,zn_22_plant_inv,zn_22_plant_inv,latin_abbr,,,INDICATORS_V1_KEY,zn_22_plant_inv,1,1,synonym_merge,0.90,,,auto,P3_auto,0
A-02053,zn_22_premium,锌锭：0#：Zn≥99.995%：升贴水：上海（日）,元/吨,未识别,未识别,无,zn_22_premium,zn_22_premium,latin_abbr,,,INDICATORS_V1_KEY,zn_22_premium,1,1,synonym_merge,0.90,,,auto,P3_auto,0
A-04390,zn_22_premium,锌锭：0#：Zn≥99.995%：升贴水：上海（日）,元/吨,ZN,升贴水|贴水,锌锭|锌,锌锭：0#：Zn≥99.995%：升贴水：上海（日）,锌锭:0#:Zn≥99.995%:升贴水:上海(日,mixed_script,,,INDICATORS_V1_NAME,zn_22_premium,1,1,synonym_merge,0.90,,,auto,P3_auto,0
A-02054,zn_22_premium_2,锌锭：0#：Zn≥99.995%：升贴水：广东（日）,元/吨,未识别,未识别,无,zn_22_premium_2,zn_22_premium_2,latin_abbr,,,INDICATORS_V1_KEY,zn_22_premium_2,1,1,synonym_merge,0.90,,,auto,P3_auto,0
A-02055,zn_22_premium_3,锌锭：0#：Zn≥99.995%：升贴水：天津（日）,元/吨,未识别,未识别,无,zn_22_premium_3,zn_22_premium_3,latin_abbr,,,INDICATORS_V1_KEY,zn_22_premium_3,1,1,synonym_merge,0.90,,,auto,P3_auto,0
A-02056,zn_22_premium_4,锌锭：0#：Zn≥99.995%：升贴水：广东（日）,元/吨,未识别,未识别,无,zn_22_premium_4,zn_22_premium_4,latin_abbr,,,INDICATORS_V1_KEY,zn_22_premium_4,1,1,synonym_merge,0.90,,,auto,P3_auto,0
A-02057,zn_22_premium_5,锌锭：升贴水：广东（日）,元/吨,未识别,未识别,无,zn_22_premium_5,zn_22_premium_5,latin_abbr,,,INDICATORS_V1_KEY,zn_22_premium_5,1,1,synonym_merge,0.90,,,auto,P3_auto,0
A-02058,zn_22_premium_6,锌锭：升贴水：广东（日）,元/吨,未识别,未识别,无,zn_22_premium_6,zn_22_premium_6,latin_abbr,,,INDICATORS_V1_KEY,zn_22_premium_6,1,1,synonym_merge,0.90,,,auto,P3_auto,0
A-00461,zn_22_spot,SMM: 锌产业链平衡及价格预测: 0#锌现货均价: 季度,元/吨,ZN,均价|价格,锌,SMM: 锌产业链平衡及价格预测: 0#锌现货均价: 季度,SMM:锌产业链平衡及价格预测:0#锌现货均价:季度,mixed_script,,,INDICATORS_V1_NAME,zn_22_spot,1,1,synonym_merge,0.90,,,auto,P3_auto,0
A-02059,zn_22_spot,SMM: 锌产业链平衡及价格预测: 0#锌现货均价: 季度,元/吨,未识别,未识别,无,zn_22_spot,zn_22_spot,latin_abbr,,,INDICATORS_V1_KEY,zn_22_spot,1,1,synonym_merge,0.90,,,auto,P3_auto,0
A-02060,zn_23_close,SHFE：锌：指数合约：收盘价（日）,元/吨,未识别,未识别,无,zn_23_close,zn_23_close,latin_abbr,,,INDICATORS_V1_KEY,zn_23_close,1,1,synonym_merge,0.90,,,auto,P3_auto,0
A-02061,zn_23_close_2,SHFE：锌：指数合约：收盘价（日）,元/吨,未识别,未识别,无,zn_23_close_2,zn_23_close_2,latin_abbr,,,INDICATORS_V1_KEY,zn_23_close_2,1,1,synonym_merge,0.90,,,auto,P3_auto,0
A-02062,zn_23_close_front,SHFE：锌：主力合约：收盘价（日）,元/吨,未识别,未识别,无,zn_23_close_front,zn_23_close_front,latin_abbr,,,INDICATORS_V1_KEY,zn_23_close_front,1,1,synonym_merge,0.90,,,auto,P3_auto,0
A-02063,zn_23_comex,COMEX：锌：期货库存（日）,吨,未识别,未识别,无,zn_23_comex,zn_23_comex,latin_abbr,,,INDICATORS_V1_KEY,zn_23_comex,1,1,synonym_merge,0.90,,,auto,P3_auto,0
A-00115,zn_23_lme_3m,LME: 锌 3M收盘价: 日度,美元/吨,ZN,未识别,锌,LME: 锌 3M收盘价: 日度,LME:锌3M收盘价:日度,mixed_script,,,INDICATORS_V1_NAME,zn_23_lme_3m,1,1,synonym_merge,0.90,,,auto,P3_auto,0
A-02064,zn_23_lme_3m,LME: 锌 3M收盘价: 日度,美元/吨,未识别,未识别,无,zn_23_lme_3m,zn_23_lme_3m,latin_abbr,,,INDICATORS_V1_KEY,zn_23_lme_3m,1,1,synonym_merge,0.90,,,auto,P3_auto,0
A-00123,zn_23_lme_cash,LME: 锌: 现货价: 日度,美元/吨,ZN,未识别,锌,LME: 锌: 现货价: 日度,LME:锌:现货价:日度,mixed_script,,,INDICATORS_V1_NAME,zn_23_lme_cash,1,1,synonym_merge,0.90,,,auto,P3_auto,0
A-02065,zn_23_lme_cash,LME: 锌: 现货价: 日度,美元/吨,未识别,未识别,无,zn_23_lme_cash,zn_23_lme_cash,latin_abbr,,,INDICATORS_V1_KEY,zn_23_lme_cash,1,1,synonym_merge,0.90,,,auto,P3_auto,0
A-00116,zn_23_lme_close,LME：锌：3个月合约：收盘价（日）,美元/吨,ZN,未识别,锌,LME：锌：3个月合约：收盘价（日）,LME:锌:3个月合约:收盘价(日,mixed_script,,,INDICATORS_V1_NAME,zn_23_lme_close,1,1,synonym_merge,0.90,,,auto,P3_auto,0
A-02066,zn_23_lme_close,LME：锌：3个月合约：收盘价（日）,美元/吨,未识别,未识别,无,zn_23_lme_close,zn_23_lme_close,latin_abbr,,,INDICATORS_V1_KEY,zn_23_lme_close,1,1,synonym_merge,0.90,,,auto,P3_auto,0
A-00439,zn_23_lunlun,SMM: 精炼锌进口盈亏: 沪市锌锭升贴水: 日度,元/吨,ZN,升贴水|贴水|盈亏,锌锭|锌,SMM: 精炼锌进口盈亏: 沪市锌锭升贴水: 日度,SMM:精炼锌进口盈亏:沪市锌锭升贴水:日度,mixed_script,,,INDICATORS_V1_NAME,zn_23_lunlun,1,1,synonym_merge,0.90,,,auto,P3_auto,0
A-02067,zn_23_lunlun,SMM: 精炼锌进口盈亏: 沪市锌锭升贴水: 日度,元/吨,未识别,未识别,无,zn_23_lunlun,zn_23_lunlun,latin_abbr,,,INDICATORS_V1_KEY,zn_23_lunlun,1,1,synonym_merge,0.90,,,auto,P3_auto,0
A-00440,zn_23_lunlun_2,SMM: 精炼锌进口盈亏: 锌沪伦比值: 日度,-,ZN,盈亏,锌,SMM: 精炼锌进口盈亏: 锌沪伦比值: 日度,SMM:精炼锌进口盈亏:锌沪伦比值:日度,mixed_script,,,INDICATORS_V1_NAME,zn_23_lunlun_2,1,1,synonym_merge,0.90,,,auto,P3_auto,0
A-02068,zn_23_lunlun_2,SMM: 精炼锌进口盈亏: 锌沪伦比值: 日度,-,未识别,未识别,无,zn_23_lunlun_2,zn_23_lunlun_2,latin_abbr,,,INDICATORS_V1_KEY,zn_23_lunlun_2,1,1,synonym_merge,0.90,,,auto,P3_auto,0
A-02069,zn_24_cash_fut,SMM: 沪锌期现价差: 当月合约: 开盘价: 日度,元/吨,未识别,未识别,无,zn_24_cash_fut,zn_24_cash_fut,latin_abbr,,,INDICATORS_V1_KEY,zn_24_cash_fut,1,1,synonym_merge,0.90,,,auto,P3_auto,0
A-02070,zn_24_close_near,SHFE：锌：主力合约：收盘价（日）,元/吨,未识别,未识别,无,zn_24_close_near,zn_24_close_near,latin_abbr,,,INDICATORS_V1_KEY,zn_24_close_near,1,1,synonym_merge,0.90,,,auto,P3_auto,0
A-00329,zn_24_term_struct,SHFE: 锌锭_当月收盘价: 日度,元/吨,ZN,未识别,锌锭|锌,SHFE: 锌锭_当月收盘价: 日度,SHFE:锌锭_当月收盘价:日度,mixed_script,,,INDICATORS_V1_NAME,zn_24_term_struct,1,1,synonym_merge,0.90,,,auto,P3_auto,0
A-02071,zn_24_term_struct,SHFE: 锌锭_当月收盘价: 日度,元/吨,未识别,未识别,无,zn_24_term_struct,zn_24_term_struct,latin_abbr,,,INDICATORS_V1_KEY,zn_24_term_struct,1,1,synonym_merge,0.90,,,auto,P3_auto,0
A-02072,zn_25_aux,锌精矿：国产：50%Zn：加工费均价：广西（日）,元/金属吨,未识别,未识别,无,zn_25_aux,zn_25_aux,latin_abbr,,,INDICATORS_V1_KEY,zn_25_aux,1,1,synonym_merge,0.90,,,auto,P3_auto,0
A-04372,zn_25_aux,锌精矿：国产：50%Zn：加工费均价：广西（日）,元/金属吨,ZN,加工费|均价,锌精矿|锌,锌精矿：国产：50%Zn：加工费均价：广西（日）,锌精矿:国产:50%Zn:加工费均价:广西(日,mixed_script,,,INDICATORS_V1_NAME,zn_25_aux,1,1,synonym_merge,0.90,,,auto,P3_auto,0
A-00437,zn_25_cash_profit,SMM: 精炼锌企业生产利润（不含硫酸和小金属收益）: 日度,元/吨,ENTITY|ZN,利润,硫酸|锌,SMM: 精炼锌企业生产利润（不含硫酸和小金属收益）: 日度,SMM:精炼锌企业生产利润(不含硫酸和小金属收益,unit_variant,:日度,,INDICATORS_V1_NAME,zn_25_cash_profit,1,1,synonym_merge,0.90,,,auto,P3_auto,0
A-02073,zn_25_cash_profit,SMM: 精炼锌企业生产利润（不含硫酸和小金属收益）: 日度,元/吨,未识别,未识别,无,zn_25_cash_profit,zn_25_cash_profit,latin_abbr,,,INDICATORS_V1_KEY,zn_25_cash_profit,1,1,synonym_merge,0.90,,,auto,P3_auto,0
A-02074,zn_25_cost_conc,云南驰宏锌锗：分产品：锌精矿：成本比例（半年）,百分比,未识别,未识别,无,zn_25_cost_conc,zn_25_cost_conc,latin_abbr,,,INDICATORS_V1_KEY,zn_25_cost_conc,1,1,synonym_merge,0.90,,,auto,P3_auto,0
A-02421,zn_25_cost_conc,云南驰宏锌锗：分产品：锌精矿：成本比例（半年）,百分比,ZN,成本,锌精矿|锌,云南驰宏锌锗：分产品：锌精矿：成本比例（半年）,云南驰宏锌锗:分产品:锌精矿:成本比例(半年,canonical,,,INDICATORS_V1_NAME,zn_25_cost_conc,1,1,synonym_merge,0.90,,,auto,P3_auto,0
A-00447,zn_25_port_inv,SMM: 进口锌矿库存: 主要港口汇总: 周度,,ZN,库存,锌矿|锌,SMM: 进口锌矿库存: 主要港口汇总: 周度,SMM:进口锌矿库存:主要港口汇总:周度,mixed_script,,,INDICATORS_V1_NAME,zn_25_port_inv,1,1,synonym_merge,0.90,,,auto,P3_auto,0
A-02075,zn_25_port_inv,SMM: 进口锌矿库存: 主要港口汇总: 周度,,未识别,未识别,无,zn_25_port_inv,zn_25_port_inv,latin_abbr,,,INDICATORS_V1_KEY,zn_25_port_inv,1,1,synonym_merge,0.90,,,auto,P3_auto,0
A-02076,zn_25_profit,云南罗平锌电：营业利润（季）,元,未识别,未识别,无,zn_25_profit,zn_25_profit,latin_abbr,,,INDICATORS_V1_KEY,zn_25_profit,1,1,synonym_merge,0.90,,,auto,P3_auto,0
A-02077,zn_25_profit_2,云南罗平锌电：营业利润（季）,元,未识别,未识别,无,zn_25_profit_2,zn_25_profit_2,latin_abbr,,,INDICATORS_V1_KEY,zn_25_profit_2,1,1,synonym_merge,0.90,,,auto,P3_auto,0
A-02078,zn_25_profit_3,云南罗平锌电：营业利润（季）,元,未识别,未识别,无,zn_25_profit_3,zn_25_profit_3,latin_abbr,,,INDICATORS_V1_KEY,zn_25_profit_3,1,1,synonym_merge,0.90,,,auto,P3_auto,0
A-02079,zn_25_profit_percentile,云南驰宏锌锗：分行业：有色金属冶炼和压延加工业：利润率（半年）,百分比,未识别,未识别,无,zn_25_profit_percentile,zn_25_profit_percentile,latin_abbr,,,INDICATORS_V1_KEY,zn_25_profit_percentile,1,1,synonym_merge,0.90,,,auto,P3_auto,0
A-02422,zn_25_profit_percentile,云南驰宏锌锗：分行业：有色金属冶炼和压延加工业：利润率（半年）,百分比,ZN,利润,锌,云南驰宏锌锗：分行业：有色金属冶炼和压延加工业：利润率（半年）,云南驰宏锌锗:分行业:有色金属冶炼和压延加工业:利润率(半年,canonical,,,INDICATORS_V1_NAME,zn_25_profit_percentile,1,1,synonym_merge,0.90,,,auto,P3_auto,0
A-02080,zn_25_tc_conc,锌精矿：50%Zn：加工费：白银（日）,元/金属吨,未识别,未识别,无,zn_25_tc_conc,zn_25_tc_conc,latin_abbr,,,INDICATORS_V1_KEY,zn_25_tc_conc,1,1,synonym_merge,0.90,,,auto,P3_auto,0
A-04366,zn_25_tc_conc,锌精矿：50%Zn：加工费：白银（日）,元/金属吨,ZN,加工费,锌精矿|锌,锌精矿：50%Zn：加工费：白银（日）,锌精矿:50%Zn:加工费:白银(日,mixed_script,,,INDICATORS_V1_NAME,zn_25_tc_conc,1,1,synonym_merge,0.90,,,auto,P3_auto,0
A-02081,zn_25_tc_conc_2,锌精矿：48%Zn：远期现货TC价：中国（日）,美元/干吨,未识别,未识别,无,zn_25_tc_conc_2,zn_25_tc_conc_2,latin_abbr,,,INDICATORS_V1_KEY,zn_25_tc_conc_2,1,1,synonym_merge,0.90,,,auto,P3_auto,0
A-00119,zn_26_lme_oi,LME: 锌: 持仓量: 日度,吨,ZN,持仓量|持仓,锌,LME: 锌: 持仓量: 日度,LME:锌:持仓量:日度,mixed_script,,,INDICATORS_V1_NAME,zn_26_lme_oi,1,1,synonym_merge,0.90,,,auto,P3_auto,0
A-02082,zn_26_lme_oi,LME: 锌: 持仓量: 日度,吨,未识别,未识别,无,zn_26_lme_oi,zn_26_lme_oi,latin_abbr,,,INDICATORS_V1_KEY,zn_26_lme_oi,1,1,synonym_merge,0.90,,,auto,P3_auto,0
A-02083,zn_26_openinterest,SHFE：锌：单边交易：持仓量（日）,手,未识别,未识别,无,zn_26_openinterest,zn_26_openinterest,latin_abbr,,,INDICATORS_V1_KEY,zn_26_openinterest,1,1,synonym_merge,0.90,,,auto,P3_auto,0
A-02084,zn_26_openinterest_2,SHFE：锌：单边交易：持仓量（日）,手,未识别,未识别,无,zn_26_openinterest_2,zn_26_openinterest_2,latin_abbr,,,INDICATORS_V1_KEY,zn_26_openinterest_2,1,1,synonym_merge,0.90,,,auto,P3_auto,0
A-02085,zn_26_openinterest_3,SHFE：锌：单边交易：持仓量（日）,手,未识别,未识别,无,zn_26_openinterest_3,zn_26_openinterest_3,latin_abbr,,,INDICATORS_V1_KEY,zn_26_openinterest_3,1,1,synonym_merge,0.90,,,auto,P3_auto,0
A-02086,zn_26_openinterest_top20,SHFE：锌：单边交易：持仓量（日）,手,未识别,未识别,无,zn_26_openinterest_top20,zn_26_openinterest_top20,latin_abbr,,,INDICATORS_V1_KEY,zn_26_openinterest_top20,1,1,synonym_merge,0.90,,,auto,P3_auto,0
A-02087,zn_311_aux,锌：矿山产量：澳大利亚（季）,千吨,未识别,未识别,无,zn_311_aux,zn_311_aux,latin_abbr,,,INDICATORS_V1_KEY,zn_311_aux,1,1,synonym_merge,0.90,,,auto,P3_auto,0
A-02088,zn_311_import,锌矿砂及其精矿：进口数量：陕西（月）,吨,未识别,未识别,无,zn_311_import,zn_311_import,latin_abbr,,,INDICATORS_V1_KEY,zn_311_import,1,1,synonym_merge,0.90,,,auto,P3_auto,0
A-02089,zn_311_import_2,锌矿砂及其精矿：进口数量：陕西（月）,吨,未识别,未识别,无,zn_311_import_2,zn_311_import_2,latin_abbr,,,INDICATORS_V1_KEY,zn_311_import_2,1,1,synonym_merge,0.90,,,auto,P3_auto,0
A-02090,zn_311_output,ILZSG：锌矿：产量：全球（月）,千吨,未识别,未识别,无,zn_311_output,zn_311_output,latin_abbr,,,INDICATORS_V1_KEY,zn_311_output,1,1,synonym_merge,0.90,,,auto,P3_auto,0
A-02091,zn_311_output_2,计价锌：产量：South32（季）,千吨,未识别,未识别,无,zn_311_output_2,zn_311_output_2,latin_abbr,,,INDICATORS_V1_KEY,zn_311_output_2,1,1,synonym_merge,0.90,,,auto,P3_auto,0
A-03974,zn_311_output_2,计价锌：产量：South32（季）,千吨,ZN,产量,锌,计价锌：产量：South32（季）,计价锌:产量:South32(季,mixed_script,,,INDICATORS_V1_NAME,zn_311_output_2,1,1,synonym_merge,0.90,,,auto,P3_auto,0
A-02092,zn_311_output_3,锌精矿：产量：中国（月）,万吨,未识别,未识别,无,zn_311_output_3,zn_311_output_3,latin_abbr,,,INDICATORS_V1_KEY,zn_311_output_3,1,1,synonym_merge,0.90,,,auto,P3_auto,0
A-02093,zn_311_output_4,锌精矿：产量：中国（月）,万吨,未识别,未识别,无,zn_311_output_4,zn_311_output_4,latin_abbr,,,INDICATORS_V1_KEY,zn_311_output_4,1,1,synonym_merge,0.90,,,auto,P3_auto,0
A-02094,zn_311_output_recycle,USGS：锌矿石及精炼锌：产量：美国（年）,千吨,未识别,未识别,无,zn_311_output_recycle,zn_311_output_recycle,latin_abbr,,,INDICATORS_V1_KEY,zn_311_output_recycle,1,1,synonym_merge,0.90,,,auto,P3_auto,0
A-02095,zn_311_rc_imp,锌精矿：进口：50%Zn：粗炼费最低价：中国（日）,美元/干吨,未识别,未识别,无,zn_311_rc_imp,zn_311_rc_imp,latin_abbr,,,INDICATORS_V1_KEY,zn_311_rc_imp,1,1,synonym_merge,0.90,,,auto,P3_auto,0
A-04383,zn_311_rc_imp,锌精矿：进口：50%Zn：粗炼费最低价：中国（日）,美元/干吨,ZN,未识别,锌精矿|锌,锌精矿：进口：50%Zn：粗炼费最低价：中国（日）,锌精矿:进口:50%Zn:粗炼费最低价:中国(日,mixed_script,,,INDICATORS_V1_NAME,zn_311_rc_imp,1,1,synonym_merge,0.90,,,auto,P3_auto,0
A-02096,zn_311_tc_imp,锌精矿：进口：50%Zn：加工费均价（日）,美元/干吨,未识别,未识别,无,zn_311_tc_imp,zn_311_tc_imp,latin_abbr,,,INDICATORS_V1_KEY,zn_311_tc_imp,1,1,synonym_merge,0.90,,,auto,P3_auto,0
A-04382,zn_311_tc_imp,锌精矿：进口：50%Zn：加工费均价（日）,美元/干吨,ZN,加工费|均价,锌精矿|锌,锌精矿：进口：50%Zn：加工费均价（日）,锌精矿:进口:50%Zn:加工费均价(日,mixed_script,,,INDICATORS_V1_NAME,zn_311_tc_imp,1,1,synonym_merge,0.90,,,auto,P3_auto,0
A-02097,zn_312_aux,锌精矿：国产：50%Zn：加工费均价：河南（日）,元/金属吨,未识别,未识别,无,zn_312_aux,zn_312_aux,latin_abbr,,,INDICATORS_V1_KEY,zn_312_aux,1,1,synonym_merge,0.90,,,auto,P3_auto,0
A-04373,zn_312_aux,锌精矿：国产：50%Zn：加工费均价：河南（日）,元/金属吨,ZN,加工费|均价,锌精矿|锌,锌精矿：国产：50%Zn：加工费均价：河南（日）,锌精矿:国产:50%Zn:加工费均价:河南(日,mixed_script,,,INDICATORS_V1_NAME,zn_312_aux,1,1,synonym_merge,0.90,,,auto,P3_auto,0
A-02098,zn_312_aux_2,锌精矿：国产：50%Zn：加工费均价：湖南（日）,元/金属吨,未识别,未识别,无,zn_312_aux_2,zn_312_aux_2,latin_abbr,,,INDICATORS_V1_KEY,zn_312_aux_2,1,1,synonym_merge,0.90,,,auto,P3_auto,0
A-04374,zn_312_aux_2,锌精矿：国产：50%Zn：加工费均价：湖南（日）,元/金属吨,ZN,加工费|均价,锌精矿|锌,锌精矿：国产：50%Zn：加工费均价：湖南（日）,锌精矿:国产:50%Zn:加工费均价:湖南(日,mixed_script,,,INDICATORS_V1_NAME,zn_312_aux_2,1,1,synonym_merge,0.90,,,auto,P3_auto,0
A-02099,zn_312_aux_3,锌精矿：国产：50%Zn：加工费均价：陕西（日）,元/金属吨,未识别,未识别,无,zn_312_aux_3,zn_312_aux_3,latin_abbr,,,INDICATORS_V1_KEY,zn_312_aux_3,1,1,synonym_merge,0.90,,,auto,P3_auto,0
A-04375,zn_312_aux_3,锌精矿：国产：50%Zn：加工费均价：陕西（日）,元/金属吨,ZN,加工费|均价,锌精矿|锌,锌精矿：国产：50%Zn：加工费均价：陕西（日）,锌精矿:国产:50%Zn:加工费均价:陕西(日,mixed_script,,,INDICATORS_V1_NAME,zn_312_aux_3,1,1,synonym_merge,0.90,,,auto,P3_auto,0
A-02100,zn_312_aux_4,锌精矿：国产：50%Zn：加工费均价：四川（日）,元/金属吨,未识别,未识别,无,zn_312_aux_4,zn_312_aux_4,latin_abbr,,,INDICATORS_V1_KEY,zn_312_aux_4,1,1,synonym_merge,0.90,,,auto,P3_auto,0
A-04371,zn_312_aux_4,锌精矿：国产：50%Zn：加工费均价：四川（日）,元/金属吨,ZN,加工费|均价,锌精矿|锌,锌精矿：国产：50%Zn：加工费均价：四川（日）,锌精矿:国产:50%Zn:加工费均价:四川(日,mixed_script,,,INDICATORS_V1_NAME,zn_312_aux_4,1,1,synonym_merge,0.90,,,auto,P3_auto,0
A-02101,zn_312_import,锌矿砂及其精矿：进口数量：秘鲁→中国（月）,吨,未识别,未识别,无,zn_312_import,zn_312_import,latin_abbr,,,INDICATORS_V1_KEY,zn_312_import,1,1,synonym_merge,0.90,,,auto,P3_auto,0
A-04357,zn_312_import,锌矿砂及其精矿：进口数量：秘鲁→中国（月）,吨,ZN,未识别,锌矿|锌,锌矿砂及其精矿：进口数量：秘鲁→中国（月）,锌矿砂及其精矿:进口数量:秘鲁→中国(月,canonical,,,INDICATORS_V1_NAME,zn_312_import,1,1,synonym_merge,0.90,,,auto,P3_auto,0
A-02102,zn_312_import_2,锌矿砂及其精矿：进口数量：澳大利亚→中国（月）,吨,未识别,未识别,无,zn_312_import_2,zn_312_import_2,latin_abbr,,,INDICATORS_V1_KEY,zn_312_import_2,1,1,synonym_merge,0.90,,,auto,P3_auto,0
A-04356,zn_312_import_2,锌矿砂及其精矿：进口数量：澳大利亚→中国（月）,吨,ZN,未识别,锌矿|锌,锌矿砂及其精矿：进口数量：澳大利亚→中国（月）,锌矿砂及其精矿:进口数量:澳大利亚→中国(月,canonical,,,INDICATORS_V1_NAME,zn_312_import_2,1,1,synonym_merge,0.90,,,auto,P3_auto,0
A-02103,zn_312_import_3,锌矿石及其精矿：进口数量：印度（年）,吨,未识别,未识别,无,zn_312_import_3,zn_312_import_3,latin_abbr,,,INDICATORS_V1_KEY,zn_312_import_3,1,1,synonym_merge,0.90,,,auto,P3_auto,0
A-04354,zn_312_import_3,锌矿石及其精矿：进口数量：印度（年）,吨,ZN,未识别,锌矿|锌,锌矿石及其精矿：进口数量：印度（年）,锌矿石及其精矿:进口数量:印度(年,canonical,,,INDICATORS_V1_NAME,zn_312_import_3,1,1,synonym_merge,0.90,,,auto,P3_auto,0
A-02104,zn_312_import_4,锌矿砂及其精矿：进口数量：南非→中国（月）,吨,未识别,未识别,无,zn_312_import_4,zn_312_import_4,latin_abbr,,,INDICATORS_V1_KEY,zn_312_import_4,1,1,synonym_merge,0.90,,,auto,P3_auto,0
A-04355,zn_312_import_4,锌矿砂及其精矿：进口数量：南非→中国（月）,吨,ZN,未识别,锌矿|锌,锌矿砂及其精矿：进口数量：南非→中国（月）,锌矿砂及其精矿:进口数量:南非→中国(月,canonical,,,INDICATORS_V1_NAME,zn_312_import_4,1,1,synonym_merge,0.90,,,auto,P3_auto,0
A-02105,zn_312_output,USGS：锌矿：产量：秘鲁（年）,千吨,未识别,未识别,无,zn_312_output,zn_312_output,latin_abbr,,,INDICATORS_V1_KEY,zn_312_output,1,1,synonym_merge,0.90,,,auto,P3_auto,0
A-02106,zn_312_output_2,锌精矿：产量：澳大利亚（季）,千吨,未识别,未识别,无,zn_312_output_2,zn_312_output_2,latin_abbr,,,INDICATORS_V1_KEY,zn_312_output_2,1,1,synonym_merge,0.90,,,auto,P3_auto,0
A-02107,zn_312_output_3,USGS：锌矿：产量：印度（年）,千吨,未识别,未识别,无,zn_312_output_3,zn_312_output_3,latin_abbr,,,INDICATORS_V1_KEY,zn_312_output_3,1,1,synonym_merge,0.90,,,auto,P3_auto,0
A-02108,zn_312_output_4,中国有色金属工业年鉴：锌锭：产量：秘鲁（年）,万吨,未识别,未识别,无,zn_312_output_4,zn_312_output_4,latin_abbr,,,INDICATORS_V1_KEY,zn_312_output_4,1,1,synonym_merge,0.90,,,auto,P3_auto,0
A-02109,zn_312_output_5,精炼锌：产量：澳大利亚（季）,千吨,未识别,未识别,无,zn_312_output_5,zn_312_output_5,latin_abbr,,,INDICATORS_V1_KEY,zn_312_output_5,1,1,synonym_merge,0.90,,,auto,P3_auto,0
A-02110,zn_312_output_6,中国有色金属工业年鉴：锌锭：产量：印度（年）,万吨,未识别,未识别,无,zn_312_output_6,zn_312_output_6,latin_abbr,,,INDICATORS_V1_KEY,zn_312_output_6,1,1,synonym_merge,0.90,,,auto,P3_auto,0
A-02111,zn_312_output_7,样本企业：原生锌：产量：中国（月）,万吨,未识别,未识别,无,zn_312_output_7,zn_312_output_7,latin_abbr,,,INDICATORS_V1_KEY,zn_312_output_7,1,1,synonym_merge,0.90,,,auto,P3_auto,0
A-02112,zn_312_output_8,中国有色金属工业年鉴：锌锭：产量：秘鲁（年）,万吨,未识别,未识别,无,zn_312_output_8,zn_312_output_8,latin_abbr,,,INDICATORS_V1_KEY,zn_312_output_8,1,1,synonym_merge,0.90,,,auto,P3_auto,0
A-02113,zn_312_output_9,中国有色金属工业年鉴：锌锭：产量：秘鲁（年）,万吨,未识别,未识别,无,zn_312_output_9,zn_312_output_9,latin_abbr,,,INDICATORS_V1_KEY,zn_312_output_9,1,1,synonym_merge,0.90,,,auto,P3_auto,0
A-02114,zn_312_output_recycle,USGS：锌矿：含锌：产量：秘鲁（年）,千吨,未识别,未识别,无,zn_312_output_recycle,zn_312_output_recycle,latin_abbr,,,INDICATORS_V1_KEY,zn_312_output_recycle,1,1,synonym_merge,0.90,,,auto,P3_auto,0
A-02115,zn_312_output_recycle_2,USGS：锌矿：含锌：产量：澳大利亚（年）,千吨,未识别,未识别,无,zn_312_output_recycle_2,zn_312_output_recycle_2,latin_abbr,,,INDICATORS_V1_KEY,zn_312_output_recycle_2,1,1,synonym_merge,0.90,,,auto,P3_auto,0
A-02116,zn_312_output_recycle_3,USGS：锌矿：含锌：产量：印度（年）,千吨,未识别,未识别,无,zn_312_output_recycle_3,zn_312_output_recycle_3,latin_abbr,,,INDICATORS_V1_KEY,zn_312_output_recycle_3,1,1,synonym_merge,0.90,,,auto,P3_auto,0
A-02117,zn_312_output_recycle_4,USGS：锌矿石及精炼锌：产量：美国（年）,千吨,未识别,未识别,无,zn_312_output_recycle_4,zn_312_output_recycle_4,latin_abbr,,,INDICATORS_V1_KEY,zn_312_output_recycle_4,1,1,synonym_merge,0.90,,,auto,P3_auto,0
A-02118,zn_312_port_inv,锌精矿：港口库存：中国（周）,万吨,未识别,未识别,无,zn_312_port_inv,zn_312_port_inv,latin_abbr,,,INDICATORS_V1_KEY,zn_312_port_inv,1,1,synonym_merge,0.90,,,auto,P3_auto,0
A-02119,zn_312_port_inv_2,锌精矿：港口库存：锦州港（周）,万吨,未识别,未识别,无,zn_312_port_inv_2,zn_312_port_inv_2,latin_abbr,,,INDICATORS_V1_KEY,zn_312_port_inv_2,1,1,synonym_merge,0.90,,,auto,P3_auto,0
A-02120,zn_312_port_inv_3,锌精矿：港口库存：黄埔港（周）,万吨,未识别,未识别,无,zn_312_port_inv_3,zn_312_port_inv_3,latin_abbr,,,INDICATORS_V1_KEY,zn_312_port_inv_3,1,1,synonym_merge,0.90,,,auto,P3_auto,0
A-04381,zn_312_port_inv_3,锌精矿：港口库存：黄埔港（周）,万吨,ZN,库存,锌精矿|锌,锌精矿：港口库存：黄埔港（周）,锌精矿:港口库存:黄埔港(周,canonical,,,INDICATORS_V1_NAME,zn_312_port_inv_3,1,1,synonym_merge,0.90,,,auto,P3_auto,0
A-02121,zn_312_port_inv_4,锌精矿：港口库存：天津港（周）,万吨,未识别,未识别,无,zn_312_port_inv_4,zn_312_port_inv_4,latin_abbr,,,INDICATORS_V1_KEY,zn_312_port_inv_4,1,1,synonym_merge,0.90,,,auto,P3_auto,0
A-04378,zn_312_port_inv_4,锌精矿：港口库存：天津港（周）,万吨,ZN,库存,锌精矿|锌,锌精矿：港口库存：天津港（周）,锌精矿:港口库存:天津港(周,canonical,,,INDICATORS_V1_NAME,zn_312_port_inv_4,1,1,synonym_merge,0.90,,,auto,P3_auto,0
A-02122,zn_312_port_inv_5,锌精矿：港口库存：钦州港（周）,万吨,未识别,未识别,无,zn_312_port_inv_5,zn_312_port_inv_5,latin_abbr,,,INDICATORS_V1_KEY,zn_312_port_inv_5,1,1,synonym_merge,0.90,,,auto,P3_auto,0
A-04379,zn_312_port_inv_5,锌精矿：港口库存：钦州港（周）,万吨,ZN,库存,锌精矿|锌,锌精矿：港口库存：钦州港（周）,锌精矿:港口库存:钦州港(周,canonical,,,INDICATORS_V1_NAME,zn_312_port_inv_5,1,1,synonym_merge,0.90,,,auto,P3_auto,0
A-02123,zn_312_raw_days,锌精矿：原料：库存天数：中国（周）,日,未识别,未识别,无,zn_312_raw_days,zn_312_raw_days,latin_abbr,,,INDICATORS_V1_KEY,zn_312_raw_days,1,1,synonym_merge,0.90,,,auto,P3_auto,0
A-04370,zn_312_raw_days,锌精矿：原料：库存天数：中国（周）,日,ZN,库存天数|库存,锌精矿|锌,锌精矿：原料：库存天数：中国（周）,锌精矿:原料:库存天数:中国(周,canonical,,,INDICATORS_V1_NAME,zn_312_raw_days,1,1,synonym_merge,0.90,,,auto,P3_auto,0
A-02124,zn_313_h2so4,硫酸：98%：出厂价：山东：无棣鑫岳（日）,元/吨,未识别,未识别,无,zn_313_h2so4,zn_313_h2so4,latin_abbr,,,INDICATORS_V1_KEY,zn_313_h2so4,1,1,synonym_merge,0.90,,,auto,P3_auto,0
A-03703,zn_313_h2so4,硫酸：98%：出厂价：山东：无棣鑫岳（日）,元/吨,ENTITY,未识别,硫酸,硫酸：98%：出厂价：山东：无棣鑫岳（日）,硫酸:98%:出厂价:山东:无棣鑫岳(日,canonical,,,INDICATORS_V1_NAME,zn_313_h2so4,1,1,synonym_merge,0.90,,,auto,P3_auto,0
A-02125,zn_313_h2so4_2,硫酸：98%：出厂价：山东：齐成石化（日）,元/吨,未识别,未识别,无,zn_313_h2so4_2,zn_313_h2so4_2,latin_abbr,,,INDICATORS_V1_KEY,zn_313_h2so4_2,1,1,synonym_merge,0.90,,,auto,P3_auto,0
A-03704,zn_313_h2so4_2,硫酸：98%：出厂价：山东：齐成石化（日）,元/吨,ENTITY,未识别,硫酸,硫酸：98%：出厂价：山东：齐成石化（日）,硫酸:98%:出厂价:山东:齐成石化(日,canonical,,,INDICATORS_V1_NAME,zn_313_h2so4_2,1,1,synonym_merge,0.90,,,auto,P3_auto,0
A-02126,zn_313_output,锌精矿：产量：中国（月）,万吨,未识别,未识别,无,zn_313_output,zn_313_output,latin_abbr,,,INDICATORS_V1_KEY,zn_313_output,1,1,synonym_merge,0.90,,,auto,P3_auto,0
A-02127,zn_313_output_2,锌精矿：产量：中国（月）,万吨,未识别,未识别,无,zn_313_output_2,zn_313_output_2,latin_abbr,,,INDICATORS_V1_KEY,zn_313_output_2,1,1,synonym_merge,0.90,,,auto,P3_auto,0
A-02128,zn_313_output_recycle,USGS：锌矿石及精炼锌：产量：美国（年）,千吨,未识别,未识别,无,zn_313_output_recycle,zn_313_output_recycle,latin_abbr,,,INDICATORS_V1_KEY,zn_313_output_recycle,1,1,synonym_merge,0.90,,,auto,P3_auto,0
A-02129,zn_314_import,锌锭：进口盈亏：含税（日）,元/吨,未识别,未识别,无,zn_314_import,zn_314_import,latin_abbr,,,INDICATORS_V1_KEY,zn_314_import,1,1,synonym_merge,0.90,,,auto,P3_auto,0
A-02130,zn_314_import_2,锌矿砂及其精矿：进口数量：陕西（月）,吨,未识别,未识别,无,zn_314_import_2,zn_314_import_2,latin_abbr,,,INDICATORS_V1_KEY,zn_314_import_2,1,1,synonym_merge,0.90,,,auto,P3_auto,0
A-02131,zn_314_import_3,USGS：精炼锌：消费进口量：美国（年）,千吨,未识别,未识别,无,zn_314_import_3,zn_314_import_3,latin_abbr,,,INDICATORS_V1_KEY,zn_314_import_3,1,1,synonym_merge,0.90,,,auto,P3_auto,0
A-02132,zn_314_import_4,USGS：精炼锌：消费进口量：美国（年）,千吨,未识别,未识别,无,zn_314_import_4,zn_314_import_4,latin_abbr,,,INDICATORS_V1_KEY,zn_314_import_4,1,1,synonym_merge,0.90,,,auto,P3_auto,0
A-02133,zn_314_import_5,精炼锌：进口数量：秘鲁→中国（月）,吨,未识别,未识别,无,zn_314_import_5,zn_314_import_5,latin_abbr,,,INDICATORS_V1_KEY,zn_314_import_5,1,1,synonym_merge,0.90,,,auto,P3_auto,0
A-02134,zn_314_import_6,精炼锌：进口数量：秘鲁→中国（月）,吨,未识别,未识别,无,zn_314_import_6,zn_314_import_6,latin_abbr,,,INDICATORS_V1_KEY,zn_314_import_6,1,1,synonym_merge,0.90,,,auto,P3_auto,0
A-02135,zn_314_net_exp,锌粉及片状粉末：进口数量合计：中国（月）,千克,未识别,未识别,无,zn_314_net_exp,zn_314_net_exp,latin_abbr,,,INDICATORS_V1_KEY,zn_314_net_exp,1,1,synonym_merge,0.90,,,auto,P3_auto,0
A-04363,zn_314_net_exp,锌粉及片状粉末：进口数量合计：中国（月）,千克,ZN,未识别,锌,锌粉及片状粉末：进口数量合计：中国（月）,锌粉及片状粉末:进口数量合计:中国(月,canonical,,,INDICATORS_V1_NAME,zn_314_net_exp,1,1,synonym_merge,0.90,,,auto,P3_auto,0
A-02136,zn_314_output,样本企业：精炼锌：产量：中国（月）,万吨,未识别,未识别,无,zn_314_output,zn_314_output,latin_abbr,,,INDICATORS_V1_KEY,zn_314_output,1,1,synonym_merge,0.90,,,auto,P3_auto,0
A-03276,zn_314_output,样本企业：精炼锌：产量：中国（月）,万吨,ZN,产量,锌,样本企业：精炼锌：产量：中国（月）,样本企业:精炼锌:产量:中国(月,canonical,,,INDICATORS_V1_NAME,zn_314_output,1,1,synonym_merge,0.90,,,auto,P3_auto,0
A-02137,zn_314_output_2,精炼锌：产量：中国（周）,万吨,未识别,未识别,无,zn_314_output_2,zn_314_output_2,latin_abbr,,,INDICATORS_V1_KEY,zn_314_output_2,1,1,synonym_merge,0.90,,,auto,P3_auto,0
A-02138,zn_315_tc,锌精矿：48%Zn：远期现货TC价：中国（日）,美元/干吨,未识别,未识别,无,zn_315_tc,zn_315_tc,latin_abbr,,,INDICATORS_V1_KEY,zn_315_tc,1,1,synonym_merge,0.90,,,auto,P3_auto,0
A-02139,zn_315_tc_2,锌精矿：48%Zn：远期现货TC价：中国（日）,美元/干吨,未识别,未识别,无,zn_315_tc_2,zn_315_tc_2,latin_abbr,,,INDICATORS_V1_KEY,zn_315_tc_2,1,1,synonym_merge,0.90,,,auto,P3_auto,0
A-02140,zn_315_tc_percentile,锌精矿：48%Zn：远期现货TC价：中国（日）,美元/干吨,未识别,未识别,无,zn_315_tc_percentile,zn_315_tc_percentile,latin_abbr,,,INDICATORS_V1_KEY,zn_315_tc_percentile,1,1,synonym_merge,0.90,,,auto,P3_auto,0
A-02141,zn_315_zinc_oxide_low,次氧化锌：50%Zn，CI10%，Pb8%：汇总价格：河南（日）,元/吨,未识别,未识别,无,zn_315_zinc_oxide_low,zn_315_zinc_oxide_low,latin_abbr,,,INDICATORS_V1_KEY,zn_315_zinc_oxide_low,1,1,synonym_merge,0.90,,,auto,P3_auto,0
A-03280,zn_315_zinc_oxide_low,次氧化锌：50%Zn，CI10%，Pb8%：汇总价格：河南（日）,元/吨,ZN,价格,锌,次氧化锌：50%Zn，CI10%，Pb8%：汇总价格：河南（日）,"次氧化锌:50%Zn,CI10%,Pb8%:汇总价格:河南(日",mixed_script,,,INDICATORS_V1_NAME,zn_315_zinc_oxide_low,1,1,synonym_merge,0.90,,,auto,P3_auto,0
A-02142,zn_315_zinc_oxide_low_2,次氧化锌：50%Zn，CI10%，Pb8%：汇总价格：江苏（日）,元/吨,未识别,未识别,无,zn_315_zinc_oxide_low_2,zn_315_zinc_oxide_low_2,latin_abbr,,,INDICATORS_V1_KEY,zn_315_zinc_oxide_low_2,1,1,synonym_merge,0.90,,,auto,P3_auto,0
A-03278,zn_315_zinc_oxide_low_2,次氧化锌：50%Zn，CI10%，Pb8%：汇总价格：江苏（日）,元/吨,ZN,价格,锌,次氧化锌：50%Zn，CI10%，Pb8%：汇总价格：江苏（日）,"次氧化锌:50%Zn,CI10%,Pb8%:汇总价格:江苏(日",mixed_script,,,INDICATORS_V1_NAME,zn_315_zinc_oxide_low_2,1,1,synonym_merge,0.90,,,auto,P3_auto,0
A-02143,zn_315_zinc_oxide_low_3,次氧化锌：50%Zn，CI10%，Pb8%：汇总价格：湖南（日）,元/吨,未识别,未识别,无,zn_315_zinc_oxide_low_3,zn_315_zinc_oxide_low_3,latin_abbr,,,INDICATORS_V1_KEY,zn_315_zinc_oxide_low_3,1,1,synonym_merge,0.90,,,auto,P3_auto,0
A-03281,zn_315_zinc_oxide_low_3,次氧化锌：50%Zn，CI10%，Pb8%：汇总价格：湖南（日）,元/吨,ZN,价格,锌,次氧化锌：50%Zn，CI10%，Pb8%：汇总价格：湖南（日）,"次氧化锌:50%Zn,CI10%,Pb8%:汇总价格:湖南(日",mixed_script,,,INDICATORS_V1_NAME,zn_315_zinc_oxide_low_3,1,1,synonym_merge,0.90,,,auto,P3_auto,0
A-02144,zn_315_zinc_oxide_low_4,次氧化锌：50%Zn，CI10%，Pb8%：汇总价格：河北（日）,元/吨,未识别,未识别,无,zn_315_zinc_oxide_low_4,zn_315_zinc_oxide_low_4,latin_abbr,,,INDICATORS_V1_KEY,zn_315_zinc_oxide_low_4,1,1,synonym_merge,0.90,,,auto,P3_auto,0
A-03279,zn_315_zinc_oxide_low_4,次氧化锌：50%Zn，CI10%，Pb8%：汇总价格：河北（日）,元/吨,ZN,价格,锌,次氧化锌：50%Zn，CI10%，Pb8%：汇总价格：河北（日）,"次氧化锌:50%Zn,CI10%,Pb8%:汇总价格:河北(日",mixed_script,,,INDICATORS_V1_NAME,zn_315_zinc_oxide_low_4,1,1,synonym_merge,0.90,,,auto,P3_auto,0
A-02145,zn_321_capacity_util,样本企业：原生锌：产能利用率：中国（月）,百分比,未识别,未识别,无,zn_321_capacity_util,zn_321_capacity_util,latin_abbr,,,INDICATORS_V1_KEY,zn_321_capacity_util,1,1,synonym_merge,0.90,,,auto,P3_auto,0
A-02146,zn_321_import,锌粉及片状粉末：进口数量：辽宁（月）,千克,未识别,未识别,无,zn_321_import,zn_321_import,latin_abbr,,,INDICATORS_V1_KEY,zn_321_import,1,1,synonym_merge,0.90,,,auto,P3_auto,0
A-02147,zn_321_import_2,锌粉及片状粉末：进口数量：辽宁（月）,千克,未识别,未识别,无,zn_321_import_2,zn_321_import_2,latin_abbr,,,INDICATORS_V1_KEY,zn_321_import_2,1,1,synonym_merge,0.90,,,auto,P3_auto,0
A-02148,zn_321_output,样本企业：原生锌：产量：中国（月）,万吨,未识别,未识别,无,zn_321_output,zn_321_output,latin_abbr,,,INDICATORS_V1_KEY,zn_321_output,1,1,synonym_merge,0.90,,,auto,P3_auto,0
A-02149,zn_321_output_recycle,样本企业：原生锌：产量：中国（月）,万吨,未识别,未识别,无,zn_321_output_recycle,zn_321_output_recycle,latin_abbr,,,INDICATORS_V1_KEY,zn_321_output_recycle,1,1,synonym_merge,0.90,,,auto,P3_auto,0
A-02150,zn_323_import_recycle,精炼锌：进口数量：哈萨克斯坦→中国（月）,吨,未识别,未识别,无,zn_323_import_recycle,zn_323_import_recycle,latin_abbr,,,INDICATORS_V1_KEY,zn_323_import_recycle,1,1,synonym_merge,0.90,,,auto,P3_auto,0
A-02151,zn_323_import_recycle_2,精炼锌：进口数量：哈萨克斯坦→中国（月）,吨,未识别,未识别,无,zn_323_import_recycle_2,zn_323_import_recycle_2,latin_abbr,,,INDICATORS_V1_KEY,zn_323_import_recycle_2,1,1,synonym_merge,0.90,,,auto,P3_auto,0
A-02152,zn_323_import_recycle_3,锌锭：进口盈亏：含税（日）,元/吨,未识别,未识别,无,zn_323_import_recycle_3,zn_323_import_recycle_3,latin_abbr,,,INDICATORS_V1_KEY,zn_323_import_recycle_3,1,1,synonym_merge,0.90,,,auto,P3_auto,0
A-02153,zn_323_output,锌合金：产量：中国（月）,万吨,未识别,未识别,无,zn_323_output,zn_323_output,latin_abbr,,,INDICATORS_V1_KEY,zn_323_output,1,1,synonym_merge,0.90,,,auto,P3_auto,0
A-02154,zn_323_output_recycle,再生锌：产量：中国（月）,万吨,未识别,未识别,无,zn_323_output_recycle,zn_323_output_recycle,latin_abbr,,,INDICATORS_V1_KEY,zn_323_output_recycle,1,1,synonym_merge,0.90,,,auto,P3_auto,0
A-02155,zn_323_recycle_capacity_util,样本企业：精炼锌：产能利用率：中国（月）,百分比,未识别,未识别,无,zn_323_recycle_capacity_util,zn_323_recycle_capacity_util,latin_abbr,,,INDICATORS_V1_KEY,zn_323_recycle_capacity_util,1,1,synonym_merge,0.90,,,auto,P3_auto,0
A-02156,zn_41_aux,SHFE: 锌: 库存周报: 本周库存期货: 周度,吨,未识别,未识别,无,zn_41_aux,zn_41_aux,latin_abbr,,,INDICATORS_V1_KEY,zn_41_aux,1,1,synonym_merge,0.90,,,auto,P3_auto,0
A-02157,zn_41_inv,镀锌板卷：库存：中国（周）,万吨,未识别,未识别,无,zn_41_inv,zn_41_inv,latin_abbr,,,INDICATORS_V1_KEY,zn_41_inv,1,1,synonym_merge,0.90,,,auto,P3_auto,0
A-02158,zn_41_inv_2,镀锌板卷：库存：中国（周）,万吨,未识别,未识别,无,zn_41_inv_2,zn_41_inv_2,latin_abbr,,,INDICATORS_V1_KEY,zn_41_inv_2,1,1,synonym_merge,0.90,,,auto,P3_auto,0
A-02159,zn_41_lme_warrant,LME：锌：注销仓单（日）,吨,未识别,未识别,无,zn_41_lme_warrant,zn_41_lme_warrant,latin_abbr,,,INDICATORS_V1_KEY,zn_41_lme_warrant,1,1,synonym_merge,0.90,,,auto,P3_auto,0
A-02160,zn_42_inv_implicit,镀锌板卷：库存：中国（周）,万吨,未识别,未识别,无,zn_42_inv_implicit,zn_42_inv_implicit,latin_abbr,,,INDICATORS_V1_KEY,zn_42_inv_implicit,1,1,synonym_merge,0.90,,,auto,P3_auto,0
A-02161,zn_42_warrant,SHFE: 锌: 仓单日报分地区_上海: 期货: 日度,吨,未识别,未识别,无,zn_42_warrant,zn_42_warrant,latin_abbr,,,INDICATORS_V1_KEY,zn_42_warrant,1,1,synonym_merge,0.90,,,auto,P3_auto,0
A-02162,zn_42_warrant_cancel,SHFE: 锌: 仓单日报: 期货增减: 日度,吨,未识别,未识别,无,zn_42_warrant_cancel,zn_42_warrant_cancel,latin_abbr,,,INDICATORS_V1_KEY,zn_42_warrant_cancel,1,1,synonym_merge,0.90,,,auto,P3_auto,0
A-02163,zn_43_inv,镀锌板卷：库存：中国（周）,万吨,未识别,未识别,无,zn_43_inv,zn_43_inv,latin_abbr,,,INDICATORS_V1_KEY,zn_43_inv,1,1,synonym_merge,0.90,,,auto,P3_auto,0
A-02164,zn_43_inv_2,镀锌板卷：库存：中国（周）,万吨,未识别,未识别,无,zn_43_inv_2,zn_43_inv_2,latin_abbr,,,INDICATORS_V1_KEY,zn_43_inv_2,1,1,synonym_merge,0.90,,,auto,P3_auto,0
A-02165,zn_43_premium,锌锭：0#：Zn≥99.995%：升贴水：广东（日）,元/吨,未识别,未识别,无,zn_43_premium,zn_43_premium,latin_abbr,,,INDICATORS_V1_KEY,zn_43_premium,1,1,synonym_merge,0.90,,,auto,P3_auto,0
A-02166,zn_44_inv,镀锌板卷：库存：中国（周）,万吨,未识别,未识别,无,zn_44_inv,zn_44_inv,latin_abbr,,,INDICATORS_V1_KEY,zn_44_inv,1,1,synonym_merge,0.90,,,auto,P3_auto,0
A-02167,zn_44_inv_plant,锌锭：库存：上海保税区（周）,万吨,未识别,未识别,无,zn_44_inv_plant,zn_44_inv_plant,latin_abbr,,,INDICATORS_V1_KEY,zn_44_inv_plant,1,1,synonym_merge,0.90,,,auto,P3_auto,0
A-04394,zn_44_inv_plant,锌锭：库存：上海保税区（周）,万吨,ZN,库存,锌锭|锌,锌锭：库存：上海保税区（周）,锌锭:库存:上海保税区(周,canonical,,,INDICATORS_V1_NAME,zn_44_inv_plant,1,1,synonym_merge,0.90,,,auto,P3_auto,0
A-00389,zn_44_plant_inv,SMM: 厂库库存: SMM精炼锌冶炼厂样本企业周度成品库存: 周度,吨,ZN,库存,锌,SMM: 厂库库存: SMM精炼锌冶炼厂样本企业周度成品库存: 周度,SMM:厂库库存:SMM精炼锌冶炼厂样本企业周度成品库存:周度,mixed_script,,,INDICATORS_V1_NAME,zn_44_plant_inv,1,1,synonym_merge,0.90,,,auto,P3_auto,0
A-02168,zn_44_plant_inv,SMM: 厂库库存: SMM精炼锌冶炼厂样本企业周度成品库存: 周度,吨,未识别,未识别,无,zn_44_plant_inv,zn_44_plant_inv,latin_abbr,,,INDICATORS_V1_KEY,zn_44_plant_inv,1,1,synonym_merge,0.90,,,auto,P3_auto,0
A-00394,zn_45_in_transit,SMM: 在途库存: SMM精炼锌冶炼厂样本企业周度成品库存: 周度,吨,ZN,在途库存|库存,锌,SMM: 在途库存: SMM精炼锌冶炼厂样本企业周度成品库存: 周度,SMM:在途库存:SMM精炼锌冶炼厂样本企业周度成品库存:周度,mixed_script,,,INDICATORS_V1_NAME,zn_45_in_transit,1,1,synonym_merge,0.90,,,auto,P3_auto,0
A-02169,zn_45_in_transit,SMM: 在途库存: SMM精炼锌冶炼厂样本企业周度成品库存: 周度,吨,未识别,未识别,无,zn_45_in_transit,zn_45_in_transit,latin_abbr,,,INDICATORS_V1_KEY,zn_45_in_transit,1,1,synonym_merge,0.90,,,auto,P3_auto,0
A-02170,zn_51_cons,USGS：精炼锌：表观消费量：美国（年）,千吨,未识别,未识别,无,zn_51_cons,zn_51_cons,latin_abbr,,,INDICATORS_V1_KEY,zn_51_cons,1,1,synonym_merge,0.90,,,auto,P3_auto,0
A-02171,zn_51_cons_2,USGS：精炼锌：表观消费量：美国（年）,千吨,未识别,未识别,无,zn_51_cons_2,zn_51_cons_2,latin_abbr,,,INDICATORS_V1_KEY,zn_51_cons_2,1,1,synonym_merge,0.90,,,auto,P3_auto,0
A-02172,zn_51_cons_3,USGS：精炼锌：表观消费量：美国（年）,千吨,未识别,未识别,无,zn_51_cons_3,zn_51_cons_3,latin_abbr,,,INDICATORS_V1_KEY,zn_51_cons_3,1,1,synonym_merge,0.90,,,auto,P3_auto,0
A-00465,zn_51_gi_prod_inv,SMM: 镀锌成品库存: 周度,吨,ZN,库存,锌,SMM: 镀锌成品库存: 周度,SMM:镀锌成品库存:周度,mixed_script,,,INDICATORS_V1_NAME,zn_51_gi_prod_inv,1,1,synonym_merge,0.90,,,auto,P3_auto,0
A-02173,zn_51_gi_prod_inv,SMM: 镀锌成品库存: 周度,吨,未识别,未识别,无,zn_51_gi_prod_inv,zn_51_gi_prod_inv,latin_abbr,,,INDICATORS_V1_KEY,zn_51_gi_prod_inv,1,1,synonym_merge,0.90,,,auto,P3_auto,0
A-00464,zn_51_gi_raw_inv,SMM: 镀锌原料库存: 周度,吨,ZN,库存,锌,SMM: 镀锌原料库存: 周度,SMM:镀锌原料库存:周度,mixed_script,,,INDICATORS_V1_NAME,zn_51_gi_raw_inv,1,1,synonym_merge,0.90,,,auto,P3_auto,0
A-02174,zn_51_gi_raw_inv,SMM: 镀锌原料库存: 周度,吨,未识别,未识别,无,zn_51_gi_raw_inv,zn_51_gi_raw_inv,latin_abbr,,,INDICATORS_V1_KEY,zn_51_gi_raw_inv,1,1,synonym_merge,0.90,,,auto,P3_auto,0
A-02175,zn_51_output,样本企业：原生锌：产量：中国（月）,万吨,未识别,未识别,无,zn_51_output,zn_51_output,latin_abbr,,,INDICATORS_V1_KEY,zn_51_output,1,1,synonym_merge,0.90,,,auto,P3_auto,0
A-02176,zn_52_cons,中国有色金属工业年鉴：锌锭：消费量：台湾省（年）,万吨,未识别,未识别,无,zn_52_cons,zn_52_cons,latin_abbr,,,INDICATORS_V1_KEY,zn_52_cons,1,1,synonym_merge,0.90,,,auto,P3_auto,0
A-02328,zn_52_cons,中国有色金属工业年鉴：锌锭：消费量：台湾省（年）,万吨,ZN,消费量|消费,锌锭|锌,中国有色金属工业年鉴：锌锭：消费量：台湾省（年）,中国有色金属工业年鉴:锌锭:消费量:台湾省(年,canonical,,,INDICATORS_V1_NAME,zn_52_cons,1,1,synonym_merge,0.90,,,auto,P3_auto,0
A-02177,zn_52_gi_cap_util,镀锌板卷：钢铁企业：产能利用率：中国（周）,百分比,未识别,未识别,无,zn_52_gi_cap_util,zn_52_gi_cap_util,latin_abbr,,,INDICATORS_V1_KEY,zn_52_gi_cap_util,1,1,synonym_merge,0.90,,,auto,P3_auto,0
A-04465,zn_52_gi_cap_util,镀锌板卷：钢铁企业：产能利用率：中国（周）,百分比,ENTITY|ZN,产能利用率|产能,镀锌板卷|钢铁企业|锌,镀锌板卷：钢铁企业：产能利用率：中国（周）,镀锌板卷:钢铁企业:产能利用率:中国(周,canonical,,,INDICATORS_V1_NAME,zn_52_gi_cap_util,1,1,synonym_merge,0.90,,,auto,P3_auto,0
A-02178,zn_52_gi_turnover,镀锌板卷：成交量：中国（日）,吨,未识别,未识别,无,zn_52_gi_turnover,zn_52_gi_turnover,latin_abbr,,,INDICATORS_V1_KEY,zn_52_gi_turnover,1,1,synonym_merge,0.90,,,auto,P3_auto,0
A-04464,zn_52_gi_turnover,镀锌板卷：成交量：中国（日）,吨,ENTITY|ZN,成交量,镀锌板卷|锌,镀锌板卷：成交量：中国（日）,镀锌板卷:成交量:中国(日,canonical,,,INDICATORS_V1_NAME,zn_52_gi_turnover,1,1,synonym_merge,0.90,,,auto,P3_auto,0
A-02179,zn_52_output,样本企业：原生锌：产量：中国（月）,万吨,未识别,未识别,无,zn_52_output,zn_52_output,latin_abbr,,,INDICATORS_V1_KEY,zn_52_output,1,1,synonym_merge,0.90,,,auto,P3_auto,0
A-02180,zn_52_output_battery,样本企业：原生锌：产量：中国（月）,万吨,未识别,未识别,无,zn_52_output_battery,zn_52_output_battery,latin_abbr,,,INDICATORS_V1_KEY,zn_52_output_battery,1,1,synonym_merge,0.90,,,auto,P3_auto,0
A-02181,zn_52_util,镀锌板卷：钢铁企业：开工率：中国（周）,百分比,未识别,未识别,无,zn_52_util,zn_52_util,latin_abbr,,,INDICATORS_V1_KEY,zn_52_util,1,1,synonym_merge,0.90,,,auto,P3_auto,0
A-04467,zn_52_util,镀锌板卷：钢铁企业：开工率：中国（周）,百分比,ENTITY|ZN,开工率|开工,镀锌板卷|钢铁企业|锌,镀锌板卷：钢铁企业：开工率：中国（周）,镀锌板卷:钢铁企业:开工率:中国(周,canonical,,,INDICATORS_V1_NAME,zn_52_util,1,1,synonym_merge,0.90,,,auto,P3_auto,0
A-02182,zn_52_util_2,氧化锌企业：开工率：中国（月）,百分比,未识别,未识别,无,zn_52_util_2,zn_52_util_2,latin_abbr,,,INDICATORS_V1_KEY,zn_52_util_2,1,1,synonym_merge,0.90,,,auto,P3_auto,0
A-02183,zn_53_alloy_export,中国海关: 锌合金出口量: 月度,吨,未识别,未识别,无,zn_53_alloy_export,zn_53_alloy_export,latin_abbr,,,INDICATORS_V1_KEY,zn_53_alloy_export,1,1,synonym_merge,0.90,,,auto,P3_auto,0
A-02184,zn_53_export,中国海关: 精炼锌出口量: 月度,吨,未识别,未识别,无,zn_53_export,zn_53_export,latin_abbr,,,INDICATORS_V1_KEY,zn_53_export,1,1,synonym_merge,0.90,,,auto,P3_auto,0
A-00125,zn_53_lme_cancel,LME: 锌仓库注销仓单: 合计: 日度,吨,ZN,注销仓单|仓单,锌,LME: 锌仓库注销仓单: 合计: 日度,LME:锌仓库注销仓单:合计:日度,mixed_script,,,INDICATORS_V1_NAME,zn_53_lme_cancel,1,1,synonym_merge,0.90,,,auto,P3_auto,0
A-02185,zn_53_lme_cancel,LME: 锌仓库注销仓单: 合计: 日度,吨,未识别,未识别,无,zn_53_lme_cancel,zn_53_lme_cancel,latin_abbr,,,INDICATORS_V1_KEY,zn_53_lme_cancel,1,1,synonym_merge,0.90,,,auto,P3_auto,0
A-00275,zn_53_pmi,NBS: 制造业采购经理指数: 月度,%,未识别,未识别,无,NBS: 制造业采购经理指数: 月度,NBS:制造业采购经理指数:月度,mixed_script,,,INDICATORS_V1_NAME,zn_53_pmi,1,1,synonym_merge,0.90,,,auto,P3_auto,0
A-02186,zn_53_pmi,NBS: 制造业采购经理指数: 月度,%,未识别,未识别,无,zn_53_pmi,zn_53_pmi,latin_abbr,,,INDICATORS_V1_KEY,zn_53_pmi,1,1,synonym_merge,0.90,,,auto,P3_auto,0
A-02187,zn_53_prod_export,中国海关: 其他镀或涂锌瓦楞形普通钢铁板材出口量: 月度,吨,未识别,未识别,无,zn_53_prod_export,zn_53_prod_export,latin_abbr,,,INDICATORS_V1_KEY,zn_53_prod_export,1,1,synonym_merge,0.90,,,auto,P3_auto,0
A-02344,zn_53_prod_export,中国海关: 其他镀或涂锌瓦楞形普通钢铁板材出口量: 月度,吨,ZN,出口量,锌,中国海关: 其他镀或涂锌瓦楞形普通钢铁板材出口量: 月度,中国海关:其他镀或涂锌瓦楞形普通钢铁板材出口量:月度,canonical,,,INDICATORS_V1_NAME,zn_53_prod_export,1,1,synonym_merge,0.90,,,auto,P3_auto,0
A-02188,zn_61_conc_imp_pnl,SMM: 锌精矿日度进口盈亏: 锌精矿进口盈亏: 日度,元/吨,未识别,未识别,无,zn_61_conc_imp_pnl,zn_61_conc_imp_pnl,latin_abbr,,,INDICATORS_V1_KEY,zn_61_conc_imp_pnl,1,1,synonym_merge,0.90,,,auto,P3_auto,0
A-02189,zn_61_conc_import,中国海关: 锌精矿进口量: 月度,吨,未识别,未识别,无,zn_61_conc_import,zn_61_conc_import,latin_abbr,,,INDICATORS_V1_KEY,zn_61_conc_import,1,1,synonym_merge,0.90,,,auto,P3_auto,0
A-02190,zn_61_conc_import_by_ctry,中国海关: 巴西进口矿数量: 月度,万吨,未识别,未识别,无,zn_61_conc_import_by_ctry,zn_61_conc_import_by_ctry,latin_abbr,,,INDICATORS_V1_KEY,zn_61_conc_import_by_ctry,1,1,synonym_merge,0.90,,,auto,P3_auto,0
A-02345,zn_61_conc_import_by_ctry,中国海关: 巴西进口矿数量: 月度,万吨,未识别,未识别,无,中国海关: 巴西进口矿数量: 月度,中国海关:巴西进口矿数量:月度,canonical,,,INDICATORS_V1_NAME,zn_61_conc_import_by_ctry,1,1,synonym_merge,0.90,,,auto,P3_auto,0
A-02191,zn_61_inv_conc,锌精矿：原料：库存：中国（周）,万吨,未识别,未识别,无,zn_61_inv_conc,zn_61_inv_conc,latin_abbr,,,INDICATORS_V1_KEY,zn_61_inv_conc,1,1,synonym_merge,0.90,,,auto,P3_auto,0
A-04369,zn_61_inv_conc,锌精矿：原料：库存：中国（周）,万吨,ZN,库存,锌精矿|锌,锌精矿：原料：库存：中国（周）,锌精矿:原料:库存:中国(周,canonical,,,INDICATORS_V1_NAME,zn_61_inv_conc,1,1,synonym_merge,0.90,,,auto,P3_auto,0
A-02192,zn_62_export,重点钢铁企业：产品营销：镀锌板（带）：出口量占产量累计值（月）,百分比,未识别,未识别,无,zn_62_export,zn_62_export,latin_abbr,,,INDICATORS_V1_KEY,zn_62_export,1,1,synonym_merge,0.90,,,auto,P3_auto,0
A-02193,zn_62_export_2,重点钢铁企业：产品营销：镀锌板（带）：出口量占产量累计值（月）,百分比,未识别,未识别,无,zn_62_export_2,zn_62_export_2,latin_abbr,,,INDICATORS_V1_KEY,zn_62_export_2,1,1,synonym_merge,0.90,,,auto,P3_auto,0
A-02194,zn_62_import,锌粉及片状粉末：进口数量：辽宁（月）,千克,未识别,未识别,无,zn_62_import,zn_62_import,latin_abbr,,,INDICATORS_V1_KEY,zn_62_import,1,1,synonym_merge,0.90,,,auto,P3_auto,0
A-02195,zn_62_import_2,锌粉及片状粉末：进口数量：辽宁（月）,千克,未识别,未识别,无,zn_62_import_2,zn_62_import_2,latin_abbr,,,INDICATORS_V1_KEY,zn_62_import_2,1,1,synonym_merge,0.90,,,auto,P3_auto,0
A-02196,zn_62_import_3,锌粉及片状粉末：进口数量：辽宁（月）,千克,未识别,未识别,无,zn_62_import_3,zn_62_import_3,latin_abbr,,,INDICATORS_V1_KEY,zn_62_import_3,1,1,synonym_merge,0.90,,,auto,P3_auto,0
A-02197,zn_62_import_4,中国海关: 精炼锌进口量: 月度,吨,未识别,未识别,无,zn_62_import_4,zn_62_import_4,latin_abbr,,,INDICATORS_V1_KEY,zn_62_import_4,1,1,synonym_merge,0.90,,,auto,P3_auto,0
A-02198,zn_63_coated_export,中国海关: 镀锌板出口量: 月度,吨,未识别,未识别,无,zn_63_coated_export,zn_63_coated_export,latin_abbr,,,INDICATORS_V1_KEY,zn_63_coated_export,1,1,synonym_merge,0.90,,,auto,P3_auto,0
A-02199,zn_63_output,锌合金：产量：中国（月）,万吨,未识别,未识别,无,zn_63_output,zn_63_output,latin_abbr,,,INDICATORS_V1_KEY,zn_63_output,1,1,synonym_merge,0.90,,,auto,P3_auto,0
A-02200,zn_63_prod_trade,中国海关: 电镀锌的铁或非合金钢平板轧材出口量: 月度,吨,未识别,未识别,无,zn_63_prod_trade,zn_63_prod_trade,latin_abbr,,,INDICATORS_V1_KEY,zn_63_prod_trade,1,1,synonym_merge,0.90,,,auto,P3_auto,0
A-02352,zn_63_prod_trade,中国海关: 电镀锌的铁或非合金钢平板轧材出口量: 月度,吨,ZN,出口量,锌,中国海关: 电镀锌的铁或非合金钢平板轧材出口量: 月度,中国海关:电镀锌的铁或非合金钢平板轧材出口量:月度,canonical,,,INDICATORS_V1_NAME,zn_63_prod_trade,1,1,synonym_merge,0.90,,,auto,P3_auto,0
A-02201,zn_63_zno_exp_by_ctry,中国海关: 氧化锌出口量: 越南: 月度,千克,未识别,未识别,无,zn_63_zno_exp_by_ctry,zn_63_zno_exp_by_ctry,latin_abbr,,,INDICATORS_V1_KEY,zn_63_zno_exp_by_ctry,1,1,synonym_merge,0.90,,,auto,P3_auto,0
A-02350,zn_63_zno_exp_by_ctry,中国海关: 氧化锌出口量: 越南: 月度,千克,ZN,出口量,锌,中国海关: 氧化锌出口量: 越南: 月度,中国海关:氧化锌出口量:越南:月度,canonical,,,INDICATORS_V1_NAME,zn_63_zno_exp_by_ctry,1,1,synonym_merge,0.90,,,auto,P3_auto,0
A-02202,zn_63_zno_trade,中国海关: 氧化锌出口量: 月度,吨,未识别,未识别,无,zn_63_zno_trade,zn_63_zno_trade,latin_abbr,,,INDICATORS_V1_KEY,zn_63_zno_trade,1,1,synonym_merge,0.90,,,auto,P3_auto,0
A-00541,zn_64_inv,USGS：精炼锌：库存：美国（年）,千吨,ZN,库存,锌,USGS：精炼锌：库存：美国（年）,USGS:精炼锌:库存:美国(年,mixed_script,,,INDICATORS_V1_NAME,zn_64_inv,1,1,synonym_merge,0.90,,,auto,P3_auto,0
A-02203,zn_64_inv,USGS：精炼锌：库存：美国（年）,千吨,未识别,未识别,无,zn_64_inv,zn_64_inv,latin_abbr,,,INDICATORS_V1_KEY,zn_64_inv,1,1,synonym_merge,0.90,,,auto,P3_auto,0
A-02204,zn_64_lme_reg,LME: 锌仓库注册仓单: 合计: 日度,吨,未识别,未识别,无,zn_64_lme_reg,zn_64_lme_reg,latin_abbr,,,INDICATORS_V1_KEY,zn_64_lme_reg,1,1,synonym_merge,0.90,,,auto,P3_auto,0
A-02205,zn_71_cost,锌锭：进口：理论成本（日）,元/吨,未识别,未识别,无,zn_71_cost,zn_71_cost,latin_abbr,,,INDICATORS_V1_KEY,zn_71_cost,1,1,synonym_merge,0.90,,,auto,P3_auto,0
A-02206,zn_71_cost_2,锌锭：进口：理论成本（日）,元/吨,未识别,未识别,无,zn_71_cost_2,zn_71_cost_2,latin_abbr,,,INDICATORS_V1_KEY,zn_71_cost_2,1,1,synonym_merge,0.90,,,auto,P3_auto,0
A-00419,zn_71_profit_by_prov,SMM: 甘肃精炼锌企业利润模型(国产矿): 硫酸利润: 日度,元/吨,ZN,利润,锌,SMM: 甘肃精炼锌企业利润模型(国产矿): 硫酸利润: 日度,SMM:甘肃精炼锌企业利润模型(国产矿,unit_variant,:硫酸利润:日度,,INDICATORS_V1_NAME,zn_71_profit_by_prov,1,1,synonym_merge,0.90,,,auto,P3_auto,0
A-02207,zn_71_profit_by_prov,SMM: 甘肃精炼锌企业利润模型(国产矿): 硫酸利润: 日度,元/吨,未识别,未识别,无,zn_71_profit_by_prov,zn_71_profit_by_prov,latin_abbr,,,INDICATORS_V1_KEY,zn_71_profit_by_prov,1,1,synonym_merge,0.90,,,auto,P3_auto,0
A-02208,zn_72_output,样本企业：原生锌：产量：中国（月）,万吨,未识别,未识别,无,zn_72_output,zn_72_output,latin_abbr,,,INDICATORS_V1_KEY,zn_72_output,1,1,synonym_merge,0.90,,,auto,P3_auto,0
A-02209,zn_72_output_2,样本企业：原生锌：产量：中国（月）,万吨,未识别,未识别,无,zn_72_output_2,zn_72_output_2,latin_abbr,,,INDICATORS_V1_KEY,zn_72_output_2,1,1,synonym_merge,0.90,,,auto,P3_auto,0
A-02210,zn_72_output_3,样本企业：原生锌：产量：中国（月）,万吨,未识别,未识别,无,zn_72_output_3,zn_72_output_3,latin_abbr,,,INDICATORS_V1_KEY,zn_72_output_3,1,1,synonym_merge,0.90,,,auto,P3_auto,0
A-02211,zn_73_elec,榆林：大工业用电：两部制：35千伏：电度用电价格（月）,元/千瓦小时,未识别,未识别,无,zn_73_elec,zn_73_elec,latin_abbr,,,INDICATORS_V1_KEY,zn_73_elec,1,1,synonym_merge,0.90,,,auto,P3_auto,0
A-03277,zn_73_elec,榆林：大工业用电：两部制：35千伏：电度用电价格（月）,元/千瓦小时,未识别,价格,无,榆林：大工业用电：两部制：35千伏：电度用电价格（月）,榆林:大工业用电:两部制:35千伏:电度用电价格(月,canonical,,,INDICATORS_V1_NAME,zn_73_elec,1,1,synonym_merge,0.90,,,auto,P3_auto,0
A-00433,zn_73_sulfur,SMM: 硫磺(EXW山东) - 最低价: 日度,元/吨,未识别,未识别,无,SMM: 硫磺(EXW山东) - 最低价: 日度,SMM:硫磺(EXW山东,unit_variant,-最低价:日度,,INDICATORS_V1_NAME,zn_73_sulfur,1,1,synonym_merge,0.90,,,auto,P3_auto,0
A-02212,zn_73_sulfur,SMM: 硫磺(EXW山东) - 最低价: 日度,元/吨,未识别,未识别,无,zn_73_sulfur,zn_73_sulfur,latin_abbr,,,INDICATORS_V1_KEY,zn_73_sulfur,1,1,synonym_merge,0.90,,,auto,P3_auto,0
A-02213,zn_73_zinc_powder,锌粉：325目：汇总价格：湖南（日）,元/吨,未识别,未识别,无,zn_73_zinc_powder,zn_73_zinc_powder,latin_abbr,,,INDICATORS_V1_KEY,zn_73_zinc_powder,1,1,synonym_merge,0.90,,,auto,P3_auto,0
A-04361,zn_73_zinc_powder,锌粉：325目：汇总价格：湖南（日）,元/吨,ZN,价格,锌,锌粉：325目：汇总价格：湖南（日）,锌粉:325目:汇总价格:湖南(日,numeric_code,,,INDICATORS_V1_NAME,zn_73_zinc_powder,1,1,synonym_merge,0.90,,,auto,P3_auto,0
A-02413,主连,期货主连结算价,元/吨,未识别,未识别,无,主连,主连,canonical,,,INDICATORS_V1_KEY,主连,1,1,synonym_merge,0.90,,,auto,P3_auto,0
A-03250,主连,期货主连结算价,元/吨,未识别,结算价,无,期货主连结算价,期货主连结算价,canonical,,,INDICATORS_V1_NAME,主连,1,1,synonym_merge,0.90,,,auto,P3_auto,0
A-03822,社库,社会库存,万吨,未识别,未识别,无,社库,社库,canonical,,,INDICATORS_V1_KEY,社库,1,1,synonym_merge,0.90,,,auto,P3_auto,0
A-03835,精炼产量,精炼产量,万吨,未识别,产量,无,精炼产量,精炼产量,cross_report_synonym,,,INDICATORS_V1_KEY|INDICATORS_V1_NAME,精炼产量,1,2,synonym_merge,0.90,,,auto,P3_auto,0
A-03973,表观消费,表观消费,万吨,未识别,表观消费|消费,无,表观消费,表观消费,cross_report_synonym,,,INDICATORS_V1_KEY|INDICATORS_V1_NAME,表观消费,1,2,synonym_merge,0.90,,,auto,P3_auto,0
